<?xml version='1.0' encoding='UTF-8'?>
<gpx version="1.1" creator="https://www.komoot.de" xmlns="http://www.topografix.com/GPX/1/1" xmlns:xsi="http://www.w3.org/2001/XMLSchema-instance" xsi:schemaLocation="http://www.topografix.com/GPX/1/1 http://www.topografix.com/GPX/1/1/gpx.xsd">
  <metadata>
    <name>DVV Schafflund - Durch das Urstromtal der Wallsbek</name>
    <author>
      <link href="https://www.komoot.de">
        <text>komoot</text>
        <type>text/html</type>
      </link>
    </author>
  </metadata>
  <trk>
    <name>DVV Schafflund - Durch das Urstromtal der Wallsbek</name>
    <trkseg>
      <trkpt lat="54.761004" lon="9.176531">
        <ele>8.659129</ele>
        <time>2021-05-16T09:07:07.000Z</time>
      </trkpt>
      <trkpt lat="54.761000" lon="9.176555">
        <ele>8.659129</ele>
        <time>2021-05-16T09:07:08.000Z</time>
      </trkpt>
      <trkpt lat="54.760956" lon="9.176662">
        <ele>8.659129</ele>
        <time>2021-05-16T09:07:10.000Z</time>
      </trkpt>
      <trkpt lat="54.760900" lon="9.176830">
        <ele>8.659129</ele>
        <time>2021-05-16T09:07:13.000Z</time>
      </trkpt>
      <trkpt lat="54.760883" lon="9.176883">
        <ele>8.659129</ele>
        <time>2021-05-16T09:07:14.000Z</time>
      </trkpt>
      <trkpt lat="54.760822" lon="9.177060">
        <ele>8.659129</ele>
        <time>2021-05-16T09:07:19.000Z</time>
      </trkpt>
      <trkpt lat="54.760785" lon="9.177225">
        <ele>8.659129</ele>
        <time>2021-05-16T09:07:25.000Z</time>
      </trkpt>
      <trkpt lat="54.760759" lon="9.177423">
        <ele>8.659129</ele>
        <time>2021-05-16T09:07:33.000Z</time>
      </trkpt>
      <trkpt lat="54.760811" lon="9.177516">
        <ele>8.659129</ele>
        <time>2021-05-16T09:07:37.000Z</time>
      </trkpt>
      <trkpt lat="54.760849" lon="9.177538">
        <ele>8.659129</ele>
        <time>2021-05-16T09:07:39.000Z</time>
      </trkpt>
      <trkpt lat="54.760909" lon="9.177563">
        <ele>8.659129</ele>
        <time>2021-05-16T09:07:43.000Z</time>
      </trkpt>
      <trkpt lat="54.760964" lon="9.177569">
        <ele>8.659129</ele>
        <time>2021-05-16T09:07:46.000Z</time>
      </trkpt>
      <trkpt lat="54.760979" lon="9.177565">
        <ele>8.659129</ele>
        <time>2021-05-16T09:07:47.000Z</time>
      </trkpt>
      <trkpt lat="54.760990" lon="9.177558">
        <ele>8.659129</ele>
        <time>2021-05-16T09:07:48.000Z</time>
      </trkpt>
      <trkpt lat="54.761025" lon="9.177534">
        <ele>8.659129</ele>
        <time>2021-05-16T09:07:51.000Z</time>
      </trkpt>
      <trkpt lat="54.761057" lon="9.177511">
        <ele>8.664017</ele>
        <time>2021-05-16T09:07:54.000Z</time>
      </trkpt>
      <trkpt lat="54.761121" lon="9.177458">
        <ele>8.714357</ele>
        <time>2021-05-16T09:07:59.000Z</time>
      </trkpt>
      <trkpt lat="54.761135" lon="9.177443">
        <ele>8.726039</ele>
        <time>2021-05-16T09:08:00.000Z</time>
      </trkpt>
      <trkpt lat="54.761176" lon="9.177412">
        <ele>8.757785</ele>
        <time>2021-05-16T09:08:02.000Z</time>
      </trkpt>
      <trkpt lat="54.761215" lon="9.177408">
        <ele>8.785513</ele>
        <time>2021-05-16T09:08:05.000Z</time>
      </trkpt>
      <trkpt lat="54.761266" lon="9.177385">
        <ele>8.822914</ele>
        <time>2021-05-16T09:08:09.000Z</time>
      </trkpt>
      <trkpt lat="54.761316" lon="9.177350">
        <ele>8.861184</ele>
        <time>2021-05-16T09:08:13.000Z</time>
      </trkpt>
      <trkpt lat="54.761329" lon="9.177344">
        <ele>8.870732</ele>
        <time>2021-05-16T09:08:14.000Z</time>
      </trkpt>
      <trkpt lat="54.761395" lon="9.177308">
        <ele>8.919838</ele>
        <time>2021-05-16T09:08:19.000Z</time>
      </trkpt>
      <trkpt lat="54.761428" lon="9.177297">
        <ele>8.943688</ele>
        <time>2021-05-16T09:08:22.000Z</time>
      </trkpt>
      <trkpt lat="54.761435" lon="9.177306">
        <ele>8.949874</ele>
        <time>2021-05-16T09:08:23.000Z</time>
      </trkpt>
      <trkpt lat="54.761449" lon="9.177301">
        <ele>8.960019</ele>
        <time>2021-05-16T09:08:25.000Z</time>
      </trkpt>
      <trkpt lat="54.761459" lon="9.177292">
        <ele>8.968016</ele>
        <time>2021-05-16T09:08:26.000Z</time>
      </trkpt>
      <trkpt lat="54.761492" lon="9.177278">
        <ele>8.992128</ele>
        <time>2021-05-16T09:08:29.000Z</time>
      </trkpt>
      <trkpt lat="54.761502" lon="9.177283">
        <ele>8.999514</ele>
        <time>2021-05-16T09:08:30.000Z</time>
      </trkpt>
      <trkpt lat="54.761522" lon="9.177299">
        <ele>9.015148</ele>
        <time>2021-05-16T09:08:32.000Z</time>
      </trkpt>
      <trkpt lat="54.761538" lon="9.177296">
        <ele>9.026570</ele>
        <time>2021-05-16T09:08:34.000Z</time>
      </trkpt>
      <trkpt lat="54.761555" lon="9.177293">
        <ele>9.038697</ele>
        <time>2021-05-16T09:08:36.000Z</time>
      </trkpt>
      <trkpt lat="54.761557" lon="9.177288">
        <ele>9.041189</ele>
        <time>2021-05-16T09:08:39.000Z</time>
      </trkpt>
      <trkpt lat="54.761553" lon="9.177292">
        <ele>9.044466</ele>
        <time>2021-05-16T09:08:41.000Z</time>
      </trkpt>
      <trkpt lat="54.761552" lon="9.177307">
        <ele>9.050649</ele>
        <time>2021-05-16T09:08:47.000Z</time>
      </trkpt>
      <trkpt lat="54.761543" lon="9.177324">
        <ele>9.060097</ele>
        <time>2021-05-16T09:08:50.000Z</time>
      </trkpt>
      <trkpt lat="54.761529" lon="9.177373">
        <ele>9.082488</ele>
        <time>2021-05-16T09:08:56.000Z</time>
      </trkpt>
      <trkpt lat="54.761511" lon="9.177408">
        <ele>9.101687</ele>
        <time>2021-05-16T09:09:05.000Z</time>
      </trkpt>
      <trkpt lat="54.761516" lon="9.177401">
        <ele>9.106248</ele>
        <time>2021-05-16T09:09:08.000Z</time>
      </trkpt>
      <trkpt lat="54.761527" lon="9.177385">
        <ele>9.116440</ele>
        <time>2021-05-16T09:09:15.000Z</time>
      </trkpt>
      <trkpt lat="54.761510" lon="9.177390">
        <ele>9.128678</ele>
        <time>2021-05-16T09:09:22.000Z</time>
      </trkpt>
      <trkpt lat="54.761508" lon="9.177389">
        <ele>9.130155</ele>
        <time>2021-05-16T09:09:23.000Z</time>
      </trkpt>
      <trkpt lat="54.761512" lon="9.177387">
        <ele>9.133110</ele>
        <time>2021-05-16T09:09:26.000Z</time>
      </trkpt>
      <trkpt lat="54.761513" lon="9.177387">
        <ele>9.133820</ele>
        <time>2021-05-16T09:09:27.000Z</time>
      </trkpt>
      <trkpt lat="54.761517" lon="9.177389">
        <ele>9.136774</ele>
        <time>2021-05-16T09:09:29.000Z</time>
      </trkpt>
      <trkpt lat="54.761534" lon="9.177384">
        <ele>9.149012</ele>
        <time>2021-05-16T09:09:35.000Z</time>
      </trkpt>
      <trkpt lat="54.761553" lon="9.177374">
        <ele>9.163105</ele>
        <time>2021-05-16T09:09:40.000Z</time>
      </trkpt>
      <trkpt lat="54.761557" lon="9.177378">
        <ele>9.166382</ele>
        <time>2021-05-16T09:09:43.000Z</time>
      </trkpt>
      <trkpt lat="54.761514" lon="9.177411">
        <ele>9.199758</ele>
        <time>2021-05-16T09:09:52.000Z</time>
      </trkpt>
      <trkpt lat="54.761501" lon="9.177444">
        <ele>9.216120</ele>
        <time>2021-05-16T09:10:01.000Z</time>
      </trkpt>
      <trkpt lat="54.761518" lon="9.177405">
        <ele>9.236136</ele>
        <time>2021-05-16T09:10:09.000Z</time>
      </trkpt>
      <trkpt lat="54.761511" lon="9.177397">
        <ele>9.242087</ele>
        <time>2021-05-16T09:10:16.000Z</time>
      </trkpt>
      <trkpt lat="54.761508" lon="9.177396">
        <ele>9.244255</ele>
        <time>2021-05-16T09:10:18.000Z</time>
      </trkpt>
      <trkpt lat="54.761553" lon="9.177353">
        <ele>9.280724</ele>
        <time>2021-05-16T09:10:25.000Z</time>
      </trkpt>
      <trkpt lat="54.761568" lon="9.177337">
        <ele>9.293225</ele>
        <time>2021-05-16T09:10:26.000Z</time>
      </trkpt>
      <trkpt lat="54.761597" lon="9.177309">
        <ele>9.316785</ele>
        <time>2021-05-16T09:10:28.000Z</time>
      </trkpt>
      <trkpt lat="54.761620" lon="9.177282">
        <ele>9.336500</ele>
        <time>2021-05-16T09:10:30.000Z</time>
      </trkpt>
      <trkpt lat="54.761646" lon="9.177273">
        <ele>9.355317</ele>
        <time>2021-05-16T09:10:32.000Z</time>
      </trkpt>
      <trkpt lat="54.761681" lon="9.177245">
        <ele>9.382676</ele>
        <time>2021-05-16T09:10:35.000Z</time>
      </trkpt>
      <trkpt lat="54.761723" lon="9.177216">
        <ele>9.414762</ele>
        <time>2021-05-16T09:10:38.000Z</time>
      </trkpt>
      <trkpt lat="54.761735" lon="9.177206">
        <ele>9.424212</ele>
        <time>2021-05-16T09:10:39.000Z</time>
      </trkpt>
      <trkpt lat="54.761839" lon="9.177155">
        <ele>9.500920</ele>
        <time>2021-05-16T09:10:47.000Z</time>
      </trkpt>
      <trkpt lat="54.761942" lon="9.177085">
        <ele>9.579440</ele>
        <time>2021-05-16T09:10:55.000Z</time>
      </trkpt>
      <trkpt lat="54.762016" lon="9.177024">
        <ele>9.637596</ele>
        <time>2021-05-16T09:11:03.000Z</time>
      </trkpt>
      <trkpt lat="54.762104" lon="9.176988">
        <ele>9.701768</ele>
        <time>2021-05-16T09:11:10.000Z</time>
      </trkpt>
      <trkpt lat="54.762145" lon="9.177025">
        <ele>9.734574</ele>
        <time>2021-05-16T09:11:13.000Z</time>
      </trkpt>
      <trkpt lat="54.762166" lon="9.177038">
        <ele>9.750400</ele>
        <time>2021-05-16T09:11:15.000Z</time>
      </trkpt>
      <trkpt lat="54.762173" lon="9.177061">
        <ele>9.761048</ele>
        <time>2021-05-16T09:11:16.000Z</time>
      </trkpt>
      <trkpt lat="54.762179" lon="9.177118">
        <ele>9.784774</ele>
        <time>2021-05-16T09:11:19.000Z</time>
      </trkpt>
      <trkpt lat="54.762186" lon="9.177167">
        <ele>9.805445</ele>
        <time>2021-05-16T09:11:22.000Z</time>
      </trkpt>
      <trkpt lat="54.762190" lon="9.177181">
        <ele>9.811842</ele>
        <time>2021-05-16T09:11:23.000Z</time>
      </trkpt>
      <trkpt lat="54.762195" lon="9.177199">
        <ele>9.820023</ele>
        <time>2021-05-16T09:11:24.000Z</time>
      </trkpt>
      <trkpt lat="54.762201" lon="9.177216">
        <ele>9.828183</ele>
        <time>2021-05-16T09:11:25.000Z</time>
      </trkpt>
      <trkpt lat="54.762209" lon="9.177258">
        <ele>9.846294</ele>
        <time>2021-05-16T09:11:27.000Z</time>
      </trkpt>
      <trkpt lat="54.762215" lon="9.177276">
        <ele>9.854807</ele>
        <time>2021-05-16T09:11:28.000Z</time>
      </trkpt>
      <trkpt lat="54.762250" lon="9.177383">
        <ele>9.905173</ele>
        <time>2021-05-16T09:11:34.000Z</time>
      </trkpt>
      <trkpt lat="54.762256" lon="9.177398">
        <ele>9.912647</ele>
        <time>2021-05-16T09:11:35.000Z</time>
      </trkpt>
      <trkpt lat="54.762261" lon="9.177454">
        <ele>9.935887</ele>
        <time>2021-05-16T09:11:38.000Z</time>
      </trkpt>
      <trkpt lat="54.762266" lon="9.177474">
        <ele>9.946434</ele>
        <time>2021-05-16T09:11:39.000Z</time>
      </trkpt>
      <trkpt lat="54.762280" lon="9.177496">
        <ele>9.962282</ele>
        <time>2021-05-16T09:11:40.000Z</time>
      </trkpt>
      <trkpt lat="54.762313" lon="9.177629">
        <ele>10.032334</ele>
        <time>2021-05-16T09:11:46.000Z</time>
      </trkpt>
      <trkpt lat="54.762350" lon="9.177708">
        <ele>10.081568</ele>
        <time>2021-05-16T09:11:51.000Z</time>
      </trkpt>
      <trkpt lat="54.762365" lon="9.177726">
        <ele>10.096869</ele>
        <time>2021-05-16T09:11:52.000Z</time>
      </trkpt>
      <trkpt lat="54.762374" lon="9.177734">
        <ele>10.105351</ele>
        <time>2021-05-16T09:11:53.000Z</time>
      </trkpt>
      <trkpt lat="54.762379" lon="9.177753">
        <ele>10.115456</ele>
        <time>2021-05-16T09:11:55.000Z</time>
      </trkpt>
      <trkpt lat="54.762389" lon="9.177791">
        <ele>10.135665</ele>
        <time>2021-05-16T09:11:58.000Z</time>
      </trkpt>
      <trkpt lat="54.762396" lon="9.177824">
        <ele>10.152677</ele>
        <time>2021-05-16T09:12:00.000Z</time>
      </trkpt>
      <trkpt lat="54.762408" lon="9.177929">
        <ele>10.204470</ele>
        <time>2021-05-16T09:12:04.000Z</time>
      </trkpt>
      <trkpt lat="54.762385" lon="9.178133">
        <ele>10.305045</ele>
        <time>2021-05-16T09:12:12.000Z</time>
      </trkpt>
      <trkpt lat="54.762389" lon="9.178209">
        <ele>10.341971</ele>
        <time>2021-05-16T09:12:15.000Z</time>
      </trkpt>
      <trkpt lat="54.762403" lon="9.178260">
        <ele>10.369299</ele>
        <time>2021-05-16T09:12:18.000Z</time>
      </trkpt>
      <trkpt lat="54.762422" lon="9.178272">
        <ele>10.386258</ele>
        <time>2021-05-16T09:12:19.000Z</time>
      </trkpt>
      <trkpt lat="54.762446" lon="9.178337">
        <ele>10.423598</ele>
        <time>2021-05-16T09:12:23.000Z</time>
      </trkpt>
      <trkpt lat="54.762467" lon="9.178369">
        <ele>10.447047</ele>
        <time>2021-05-16T09:12:25.000Z</time>
      </trkpt>
      <trkpt lat="54.762466" lon="9.178389">
        <ele>10.456761</ele>
        <time>2021-05-16T09:12:26.000Z</time>
      </trkpt>
      <trkpt lat="54.762465" lon="9.178421">
        <ele>10.472267</ele>
        <time>2021-05-16T09:12:28.000Z</time>
      </trkpt>
      <trkpt lat="54.762465" lon="9.178455">
        <ele>10.488719</ele>
        <time>2021-05-16T09:12:30.000Z</time>
      </trkpt>
      <trkpt lat="54.762454" lon="9.178481">
        <ele>10.504319</ele>
        <time>2021-05-16T09:12:32.000Z</time>
      </trkpt>
      <trkpt lat="54.762454" lon="9.178498">
        <ele>10.512544</ele>
        <time>2021-05-16T09:12:33.000Z</time>
      </trkpt>
      <trkpt lat="54.762447" lon="9.178545">
        <ele>10.536031</ele>
        <time>2021-05-16T09:12:35.000Z</time>
      </trkpt>
      <trkpt lat="54.762438" lon="9.178573">
        <ele>10.551540</ele>
        <time>2021-05-16T09:12:36.000Z</time>
      </trkpt>
      <trkpt lat="54.762421" lon="9.178654">
        <ele>10.593245</ele>
        <time>2021-05-16T09:12:39.000Z</time>
      </trkpt>
      <trkpt lat="54.762427" lon="9.178704">
        <ele>10.617956</ele>
        <time>2021-05-16T09:12:41.000Z</time>
      </trkpt>
      <trkpt lat="54.762450" lon="9.178736">
        <ele>10.642691</ele>
        <time>2021-05-16T09:12:42.000Z</time>
      </trkpt>
      <trkpt lat="54.762466" lon="9.178763">
        <ele>10.661418</ele>
        <time>2021-05-16T09:12:43.000Z</time>
      </trkpt>
      <trkpt lat="54.762462" lon="9.178849">
        <ele>10.703165</ele>
        <time>2021-05-16T09:12:47.000Z</time>
      </trkpt>
      <trkpt lat="54.762454" lon="9.178887">
        <ele>10.722738</ele>
        <time>2021-05-16T09:12:49.000Z</time>
      </trkpt>
      <trkpt lat="54.762449" lon="9.178960">
        <ele>10.758308</ele>
        <time>2021-05-16T09:12:53.000Z</time>
      </trkpt>
      <trkpt lat="54.762451" lon="9.178979">
        <ele>10.767653</ele>
        <time>2021-05-16T09:12:54.000Z</time>
      </trkpt>
      <trkpt lat="54.762461" lon="9.179105">
        <ele>10.829194</ele>
        <time>2021-05-16T09:13:00.000Z</time>
      </trkpt>
      <trkpt lat="54.762467" lon="9.179169">
        <ele>10.860567</ele>
        <time>2021-05-16T09:13:03.000Z</time>
      </trkpt>
      <trkpt lat="54.762489" lon="9.179251">
        <ele>10.904324</ele>
        <time>2021-05-16T09:13:07.000Z</time>
      </trkpt>
      <trkpt lat="54.762498" lon="9.179339">
        <ele>10.947567</ele>
        <time>2021-05-16T09:13:11.000Z</time>
      </trkpt>
      <trkpt lat="54.762494" lon="9.179377">
        <ele>10.966258</ele>
        <time>2021-05-16T09:13:13.000Z</time>
      </trkpt>
      <trkpt lat="54.762497" lon="9.179409">
        <ele>10.981944</ele>
        <time>2021-05-16T09:13:15.000Z</time>
      </trkpt>
      <trkpt lat="54.762490" lon="9.179449">
        <ele>11.002169</ele>
        <time>2021-05-16T09:13:17.000Z</time>
      </trkpt>
      <trkpt lat="54.762497" lon="9.179507">
        <ele>11.030841</ele>
        <time>2021-05-16T09:13:20.000Z</time>
      </trkpt>
      <trkpt lat="54.762511" lon="9.179588">
        <ele>11.071754</ele>
        <time>2021-05-16T09:13:24.000Z</time>
      </trkpt>
      <trkpt lat="54.762512" lon="9.179654">
        <ele>11.103700</ele>
        <time>2021-05-16T09:13:27.000Z</time>
      </trkpt>
      <trkpt lat="54.762505" lon="9.179754">
        <ele>11.152441</ele>
        <time>2021-05-16T09:13:32.000Z</time>
      </trkpt>
      <trkpt lat="54.762493" lon="9.179832">
        <ele>11.191501</ele>
        <time>2021-05-16T09:13:36.000Z</time>
      </trkpt>
      <trkpt lat="54.762524" lon="9.180027">
        <ele>11.289370</ele>
        <time>2021-05-16T09:13:44.000Z</time>
      </trkpt>
      <trkpt lat="54.762568" lon="9.180268">
        <ele>11.411680</ele>
        <time>2021-05-16T09:13:54.000Z</time>
      </trkpt>
      <trkpt lat="54.762595" lon="9.180416">
        <ele>11.445113</ele>
        <time>2021-05-16T09:14:00.000Z</time>
      </trkpt>
      <trkpt lat="54.762653" lon="9.180542">
        <ele>11.447053</ele>
        <time>2021-05-16T09:14:08.000Z</time>
      </trkpt>
      <trkpt lat="54.762662" lon="9.180581">
        <ele>11.447558</ele>
        <time>2021-05-16T09:14:10.000Z</time>
      </trkpt>
      <trkpt lat="54.762612" lon="9.180719">
        <ele>11.449519</ele>
        <time>2021-05-16T09:14:14.000Z</time>
      </trkpt>
      <trkpt lat="54.762618" lon="9.180861">
        <ele>11.451232</ele>
        <time>2021-05-16T09:14:21.000Z</time>
      </trkpt>
      <trkpt lat="54.762618" lon="9.180882">
        <ele>11.451484</ele>
        <time>2021-05-16T09:14:22.000Z</time>
      </trkpt>
      <trkpt lat="54.762619" lon="9.180936">
        <ele>11.452134</ele>
        <time>2021-05-16T09:14:25.000Z</time>
      </trkpt>
      <trkpt lat="54.762617" lon="9.180956">
        <ele>11.452378</ele>
        <time>2021-05-16T09:14:26.000Z</time>
      </trkpt>
      <trkpt lat="54.762620" lon="9.180979">
        <ele>11.452662</ele>
        <time>2021-05-16T09:14:27.000Z</time>
      </trkpt>
      <trkpt lat="54.762632" lon="9.181024">
        <ele>11.453259</ele>
        <time>2021-05-16T09:14:29.000Z</time>
      </trkpt>
      <trkpt lat="54.762648" lon="9.181069">
        <ele>11.453895</ele>
        <time>2021-05-16T09:14:31.000Z</time>
      </trkpt>
      <trkpt lat="54.762678" lon="9.181130">
        <ele>11.454859</ele>
        <time>2021-05-16T09:14:34.000Z</time>
      </trkpt>
      <trkpt lat="54.762677" lon="9.181300">
        <ele>11.456904</ele>
        <time>2021-05-16T09:14:40.000Z</time>
      </trkpt>
      <trkpt lat="54.762669" lon="9.181361">
        <ele>11.457657</ele>
        <time>2021-05-16T09:14:42.000Z</time>
      </trkpt>
      <trkpt lat="54.762672" lon="9.181405">
        <ele>11.458190</ele>
        <time>2021-05-16T09:14:44.000Z</time>
      </trkpt>
      <trkpt lat="54.762685" lon="9.181464">
        <ele>11.458950</ele>
        <time>2021-05-16T09:14:47.000Z</time>
      </trkpt>
      <trkpt lat="54.762679" lon="9.181490">
        <ele>11.459287</ele>
        <time>2021-05-16T09:14:48.000Z</time>
      </trkpt>
      <trkpt lat="54.762687" lon="9.181580">
        <ele>11.460382</ele>
        <time>2021-05-16T09:14:52.000Z</time>
      </trkpt>
      <trkpt lat="54.762694" lon="9.181612">
        <ele>11.460794</ele>
        <time>2021-05-16T09:14:54.000Z</time>
      </trkpt>
      <trkpt lat="54.762698" lon="9.181661">
        <ele>11.461390</ele>
        <time>2021-05-16T09:14:57.000Z</time>
      </trkpt>
      <trkpt lat="54.762698" lon="9.181700">
        <ele>11.461859</ele>
        <time>2021-05-16T09:14:59.000Z</time>
      </trkpt>
      <trkpt lat="54.762754" lon="9.181855">
        <ele>11.464059</ele>
        <time>2021-05-16T09:15:06.000Z</time>
      </trkpt>
      <trkpt lat="54.762760" lon="9.181874">
        <ele>11.464320</ele>
        <time>2021-05-16T09:15:07.000Z</time>
      </trkpt>
      <trkpt lat="54.762738" lon="9.181992">
        <ele>11.465812</ele>
        <time>2021-05-16T09:15:12.000Z</time>
      </trkpt>
      <trkpt lat="54.762738" lon="9.182006">
        <ele>11.465980</ele>
        <time>2021-05-16T09:15:13.000Z</time>
      </trkpt>
      <trkpt lat="54.762752" lon="9.182060">
        <ele>11.466692</ele>
        <time>2021-05-16T09:15:16.000Z</time>
      </trkpt>
      <trkpt lat="54.762750" lon="9.182150">
        <ele>11.467776</ele>
        <time>2021-05-16T09:15:19.000Z</time>
      </trkpt>
      <trkpt lat="54.762720" lon="9.182273">
        <ele>11.469383</ele>
        <time>2021-05-16T09:15:23.000Z</time>
      </trkpt>
      <trkpt lat="54.762721" lon="9.182321">
        <ele>11.469961</ele>
        <time>2021-05-16T09:15:25.000Z</time>
      </trkpt>
      <trkpt lat="54.762723" lon="9.182364">
        <ele>11.470480</ele>
        <time>2021-05-16T09:15:27.000Z</time>
      </trkpt>
      <trkpt lat="54.762724" lon="9.182408">
        <ele>11.471009</ele>
        <time>2021-05-16T09:15:29.000Z</time>
      </trkpt>
      <trkpt lat="54.762726" lon="9.182429">
        <ele>11.471265</ele>
        <time>2021-05-16T09:15:30.000Z</time>
      </trkpt>
      <trkpt lat="54.762684" lon="9.182591">
        <ele>11.473402</ele>
        <time>2021-05-16T09:15:38.000Z</time>
      </trkpt>
      <trkpt lat="54.762678" lon="9.182655">
        <ele>11.474182</ele>
        <time>2021-05-16T09:15:42.000Z</time>
      </trkpt>
      <trkpt lat="54.762682" lon="9.182709">
        <ele>11.474837</ele>
        <time>2021-05-16T09:15:45.000Z</time>
      </trkpt>
      <trkpt lat="54.762685" lon="9.182724">
        <ele>11.475028</ele>
        <time>2021-05-16T09:15:46.000Z</time>
      </trkpt>
      <trkpt lat="54.762687" lon="9.182797">
        <ele>11.475908</ele>
        <time>2021-05-16T09:15:50.000Z</time>
      </trkpt>
      <trkpt lat="54.762703" lon="9.182936">
        <ele>11.477613</ele>
        <time>2021-05-16T09:15:56.000Z</time>
      </trkpt>
      <trkpt lat="54.762698" lon="9.183058">
        <ele>11.479085</ele>
        <time>2021-05-16T09:16:01.000Z</time>
      </trkpt>
      <trkpt lat="54.762710" lon="9.183148">
        <ele>11.480196</ele>
        <time>2021-05-16T09:16:06.000Z</time>
      </trkpt>
      <trkpt lat="54.762706" lon="9.183176">
        <ele>11.480543</ele>
        <time>2021-05-16T09:16:07.000Z</time>
      </trkpt>
      <trkpt lat="54.762664" lon="9.183320">
        <ele>11.498252</ele>
        <time>2021-05-16T09:16:13.000Z</time>
      </trkpt>
      <trkpt lat="54.762668" lon="9.183354">
        <ele>11.505774</ele>
        <time>2021-05-16T09:16:15.000Z</time>
      </trkpt>
      <trkpt lat="54.762687" lon="9.183444">
        <ele>11.526546</ele>
        <time>2021-05-16T09:16:19.000Z</time>
      </trkpt>
      <trkpt lat="54.762679" lon="9.183468">
        <ele>11.532554</ele>
        <time>2021-05-16T09:16:20.000Z</time>
      </trkpt>
      <trkpt lat="54.762681" lon="9.183490">
        <ele>11.537381</ele>
        <time>2021-05-16T09:16:21.000Z</time>
      </trkpt>
      <trkpt lat="54.762636" lon="9.183626">
        <ele>11.571363</ele>
        <time>2021-05-16T09:16:26.000Z</time>
      </trkpt>
      <trkpt lat="54.762638" lon="9.183651">
        <ele>11.576833</ele>
        <time>2021-05-16T09:16:27.000Z</time>
      </trkpt>
      <trkpt lat="54.762655" lon="9.183714">
        <ele>11.591908</ele>
        <time>2021-05-16T09:16:30.000Z</time>
      </trkpt>
      <trkpt lat="54.762678" lon="9.183718">
        <ele>11.600592</ele>
        <time>2021-05-16T09:16:32.000Z</time>
      </trkpt>
      <trkpt lat="54.762698" lon="9.183703">
        <ele>11.608779</ele>
        <time>2021-05-16T09:16:33.000Z</time>
      </trkpt>
      <trkpt lat="54.762721" lon="9.183692">
        <ele>11.617742</ele>
        <time>2021-05-16T09:16:35.000Z</time>
      </trkpt>
      <trkpt lat="54.762734" lon="9.183701">
        <ele>11.623001</ele>
        <time>2021-05-16T09:16:37.000Z</time>
      </trkpt>
      <trkpt lat="54.762741" lon="9.183712">
        <ele>11.626551</ele>
        <time>2021-05-16T09:16:38.000Z</time>
      </trkpt>
      <trkpt lat="54.762757" lon="9.183721">
        <ele>11.632870</ele>
        <time>2021-05-16T09:16:40.000Z</time>
      </trkpt>
      <trkpt lat="54.762801" lon="9.183733">
        <ele>11.649603</ele>
        <time>2021-05-16T09:16:44.000Z</time>
      </trkpt>
      <trkpt lat="54.762812" lon="9.183739">
        <ele>11.653935</ele>
        <time>2021-05-16T09:16:45.000Z</time>
      </trkpt>
      <trkpt lat="54.762821" lon="9.183736">
        <ele>11.657378</ele>
        <time>2021-05-16T09:16:46.000Z</time>
      </trkpt>
      <trkpt lat="54.762822" lon="9.183741">
        <ele>11.658525</ele>
        <time>2021-05-16T09:16:47.000Z</time>
      </trkpt>
      <trkpt lat="54.762845" lon="9.183733">
        <ele>11.667338</ele>
        <time>2021-05-16T09:16:49.000Z</time>
      </trkpt>
      <trkpt lat="54.762885" lon="9.183733">
        <ele>11.682365</ele>
        <time>2021-05-16T09:16:52.000Z</time>
      </trkpt>
      <trkpt lat="54.762899" lon="9.183718">
        <ele>11.688548</ele>
        <time>2021-05-16T09:16:54.000Z</time>
      </trkpt>
      <trkpt lat="54.762918" lon="9.183695">
        <ele>11.697255</ele>
        <time>2021-05-16T09:16:56.000Z</time>
      </trkpt>
      <trkpt lat="54.762932" lon="9.183683">
        <ele>11.703122</ele>
        <time>2021-05-16T09:16:57.000Z</time>
      </trkpt>
      <trkpt lat="54.762998" lon="9.183616">
        <ele>11.731856</ele>
        <time>2021-05-16T09:17:03.000Z</time>
      </trkpt>
      <trkpt lat="54.763064" lon="9.183528">
        <ele>11.763138</ele>
        <time>2021-05-16T09:17:09.000Z</time>
      </trkpt>
      <trkpt lat="54.763073" lon="9.183522">
        <ele>11.766761</ele>
        <time>2021-05-16T09:17:10.000Z</time>
      </trkpt>
      <trkpt lat="54.763157" lon="9.183514">
        <ele>11.798365</ele>
        <time>2021-05-16T09:17:15.000Z</time>
      </trkpt>
      <trkpt lat="54.763168" lon="9.183513">
        <ele>11.802503</ele>
        <time>2021-05-16T09:17:16.000Z</time>
      </trkpt>
      <trkpt lat="54.763173" lon="9.183529">
        <ele>11.806447</ele>
        <time>2021-05-16T09:17:17.000Z</time>
      </trkpt>
      <trkpt lat="54.763178" lon="9.183575">
        <ele>11.816593</ele>
        <time>2021-05-16T09:17:22.000Z</time>
      </trkpt>
      <trkpt lat="54.763243" lon="9.183597">
        <ele>11.841473</ele>
        <time>2021-05-16T09:17:27.000Z</time>
      </trkpt>
      <trkpt lat="54.763280" lon="9.183713">
        <ele>11.870202</ele>
        <time>2021-05-16T09:17:34.000Z</time>
      </trkpt>
      <trkpt lat="54.763277" lon="9.183732">
        <ele>11.874472</ele>
        <time>2021-05-16T09:17:35.000Z</time>
      </trkpt>
      <trkpt lat="54.763277" lon="9.183754">
        <ele>11.879240</ele>
        <time>2021-05-16T09:17:36.000Z</time>
      </trkpt>
      <trkpt lat="54.763272" lon="9.183856">
        <ele>11.901428</ele>
        <time>2021-05-16T09:17:40.000Z</time>
      </trkpt>
      <trkpt lat="54.763272" lon="9.183908">
        <ele>11.912699</ele>
        <time>2021-05-16T09:17:42.000Z</time>
      </trkpt>
      <trkpt lat="54.763285" lon="9.183967">
        <ele>11.926388</ele>
        <time>2021-05-16T09:17:45.000Z</time>
      </trkpt>
      <trkpt lat="54.763281" lon="9.184036">
        <ele>11.941419</ele>
        <time>2021-05-16T09:17:48.000Z</time>
      </trkpt>
      <trkpt lat="54.763279" lon="9.184127">
        <ele>11.961157</ele>
        <time>2021-05-16T09:17:52.000Z</time>
      </trkpt>
      <trkpt lat="54.763285" lon="9.184219">
        <ele>11.981225</ele>
        <time>2021-05-16T09:17:56.000Z</time>
      </trkpt>
      <trkpt lat="54.763286" lon="9.184268">
        <ele>11.991852</ele>
        <time>2021-05-16T09:17:58.000Z</time>
      </trkpt>
      <trkpt lat="54.763290" lon="9.184302">
        <ele>11.999373</ele>
        <time>2021-05-16T09:18:00.000Z</time>
      </trkpt>
      <trkpt lat="54.763290" lon="9.184319">
        <ele>12.003057</ele>
        <time>2021-05-16T09:18:01.000Z</time>
      </trkpt>
      <trkpt lat="54.763293" lon="9.184335">
        <ele>12.006704</ele>
        <time>2021-05-16T09:18:02.000Z</time>
      </trkpt>
      <trkpt lat="54.763295" lon="9.184406">
        <ele>12.022111</ele>
        <time>2021-05-16T09:18:05.000Z</time>
      </trkpt>
      <trkpt lat="54.763283" lon="9.184500">
        <ele>12.042978</ele>
        <time>2021-05-16T09:18:10.000Z</time>
      </trkpt>
      <trkpt lat="54.763281" lon="9.184666">
        <ele>12.078966</ele>
        <time>2021-05-16T09:18:17.000Z</time>
      </trkpt>
      <trkpt lat="54.763337" lon="9.184823">
        <ele>12.118973</ele>
        <time>2021-05-16T09:18:23.000Z</time>
      </trkpt>
      <trkpt lat="54.763338" lon="9.184841">
        <ele>12.122893</ele>
        <time>2021-05-16T09:18:24.000Z</time>
      </trkpt>
      <trkpt lat="54.763344" lon="9.184925">
        <ele>12.141239</ele>
        <time>2021-05-16T09:18:28.000Z</time>
      </trkpt>
      <trkpt lat="54.763347" lon="9.184980">
        <ele>12.153213</ele>
        <time>2021-05-16T09:18:31.000Z</time>
      </trkpt>
      <trkpt lat="54.763347" lon="9.185047">
        <ele>12.151591</ele>
        <time>2021-05-16T09:18:34.000Z</time>
      </trkpt>
      <trkpt lat="54.763357" lon="9.185132">
        <ele>12.141417</ele>
        <time>2021-05-16T09:18:38.000Z</time>
      </trkpt>
      <trkpt lat="54.763384" lon="9.185283">
        <ele>12.122876</ele>
        <time>2021-05-16T09:18:44.000Z</time>
      </trkpt>
      <trkpt lat="54.763390" lon="9.185362">
        <ele>12.113531</ele>
        <time>2021-05-16T09:18:48.000Z</time>
      </trkpt>
      <trkpt lat="54.763390" lon="9.185394">
        <ele>12.109777</ele>
        <time>2021-05-16T09:18:50.000Z</time>
      </trkpt>
      <trkpt lat="54.763401" lon="9.185469">
        <ele>12.100701</ele>
        <time>2021-05-16T09:18:53.000Z</time>
      </trkpt>
      <trkpt lat="54.763408" lon="9.185528">
        <ele>12.093637</ele>
        <time>2021-05-16T09:18:56.000Z</time>
      </trkpt>
      <trkpt lat="54.763410" lon="9.185573">
        <ele>12.088343</ele>
        <time>2021-05-16T09:18:58.000Z</time>
      </trkpt>
      <trkpt lat="54.763431" lon="9.185634">
        <ele>12.080012</ele>
        <time>2021-05-16T09:19:01.000Z</time>
      </trkpt>
      <trkpt lat="54.763441" lon="9.185676">
        <ele>12.074683</ele>
        <time>2021-05-16T09:19:03.000Z</time>
      </trkpt>
      <trkpt lat="54.763442" lon="9.185697">
        <ele>12.072212</ele>
        <time>2021-05-16T09:19:04.000Z</time>
      </trkpt>
      <trkpt lat="54.763460" lon="9.185806">
        <ele>12.058914</ele>
        <time>2021-05-16T09:19:09.000Z</time>
      </trkpt>
      <trkpt lat="54.763468" lon="9.185873">
        <ele>12.050890</ele>
        <time>2021-05-16T09:19:12.000Z</time>
      </trkpt>
      <trkpt lat="54.763467" lon="9.185943">
        <ele>12.042677</ele>
        <time>2021-05-16T09:19:15.000Z</time>
      </trkpt>
      <trkpt lat="54.763469" lon="9.185960">
        <ele>12.040642</ele>
        <time>2021-05-16T09:19:16.000Z</time>
      </trkpt>
      <trkpt lat="54.763478" lon="9.186155">
        <ele>12.017699</ele>
        <time>2021-05-16T09:19:25.000Z</time>
      </trkpt>
      <trkpt lat="54.763486" lon="9.186295">
        <ele>12.001199</ele>
        <time>2021-05-16T09:19:32.000Z</time>
      </trkpt>
      <trkpt lat="54.763486" lon="9.186316">
        <ele>11.998736</ele>
        <time>2021-05-16T09:19:33.000Z</time>
      </trkpt>
      <trkpt lat="54.763532" lon="9.186470">
        <ele>11.978397</ele>
        <time>2021-05-16T09:19:41.000Z</time>
      </trkpt>
      <trkpt lat="54.763532" lon="9.186494">
        <ele>11.975582</ele>
        <time>2021-05-16T09:19:42.000Z</time>
      </trkpt>
      <trkpt lat="54.763562" lon="9.186639">
        <ele>11.957515</ele>
        <time>2021-05-16T09:19:49.000Z</time>
      </trkpt>
      <trkpt lat="54.763575" lon="9.186715">
        <ele>11.948218</ele>
        <time>2021-05-16T09:19:52.000Z</time>
      </trkpt>
      <trkpt lat="54.763609" lon="9.186900">
        <ele>11.925446</ele>
        <time>2021-05-16T09:20:01.000Z</time>
      </trkpt>
      <trkpt lat="54.763606" lon="9.187052">
        <ele>11.907609</ele>
        <time>2021-05-16T09:20:08.000Z</time>
      </trkpt>
      <trkpt lat="54.763645" lon="9.187211">
        <ele>11.887345</ele>
        <time>2021-05-16T09:20:15.000Z</time>
      </trkpt>
      <trkpt lat="54.763688" lon="9.187301">
        <ele>11.873640</ele>
        <time>2021-05-16T09:20:19.000Z</time>
      </trkpt>
      <trkpt lat="54.763699" lon="9.187324">
        <ele>11.870136</ele>
        <time>2021-05-16T09:20:20.000Z</time>
      </trkpt>
      <trkpt lat="54.763706" lon="9.187345">
        <ele>11.867292</ele>
        <time>2021-05-16T09:20:21.000Z</time>
      </trkpt>
      <trkpt lat="54.763725" lon="9.187481">
        <ele>11.850880</ele>
        <time>2021-05-16T09:20:28.000Z</time>
      </trkpt>
      <trkpt lat="54.763768" lon="9.187662">
        <ele>11.827922</ele>
        <time>2021-05-16T09:20:37.000Z</time>
      </trkpt>
      <trkpt lat="54.763776" lon="9.187784">
        <ele>11.813522</ele>
        <time>2021-05-16T09:20:43.000Z</time>
      </trkpt>
      <trkpt lat="54.763780" lon="9.187802">
        <ele>11.811259</ele>
        <time>2021-05-16T09:20:44.000Z</time>
      </trkpt>
      <trkpt lat="54.763810" lon="9.187879">
        <ele>11.800362</ele>
        <time>2021-05-16T09:20:48.000Z</time>
      </trkpt>
      <trkpt lat="54.763821" lon="9.187895">
        <ele>11.797443</ele>
        <time>2021-05-16T09:20:49.000Z</time>
      </trkpt>
      <trkpt lat="54.763830" lon="9.187909">
        <ele>11.794985</ele>
        <time>2021-05-16T09:20:50.000Z</time>
      </trkpt>
      <trkpt lat="54.763835" lon="9.187927">
        <ele>11.792642</ele>
        <time>2021-05-16T09:20:51.000Z</time>
      </trkpt>
      <trkpt lat="54.763842" lon="9.187946">
        <ele>11.791318</ele>
        <time>2021-05-16T09:20:52.000Z</time>
      </trkpt>
      <trkpt lat="54.763857" lon="9.187965">
        <ele>11.790602</ele>
        <time>2021-05-16T09:20:53.000Z</time>
      </trkpt>
      <trkpt lat="54.763865" lon="9.188005">
        <ele>11.789662</ele>
        <time>2021-05-16T09:20:55.000Z</time>
      </trkpt>
      <trkpt lat="54.763878" lon="9.188041">
        <ele>11.788719</ele>
        <time>2021-05-16T09:20:57.000Z</time>
      </trkpt>
      <trkpt lat="54.763890" lon="9.188122">
        <ele>11.786861</ele>
        <time>2021-05-16T09:21:01.000Z</time>
      </trkpt>
      <trkpt lat="54.763882" lon="9.188172">
        <ele>11.785709</ele>
        <time>2021-05-16T09:21:04.000Z</time>
      </trkpt>
      <trkpt lat="54.763901" lon="9.188258">
        <ele>11.783664</ele>
        <time>2021-05-16T09:21:09.000Z</time>
      </trkpt>
      <trkpt lat="54.763909" lon="9.188291">
        <ele>11.782869</ele>
        <time>2021-05-16T09:21:11.000Z</time>
      </trkpt>
      <trkpt lat="54.763920" lon="9.188374">
        <ele>11.780977</ele>
        <time>2021-05-16T09:21:16.000Z</time>
      </trkpt>
      <trkpt lat="54.763916" lon="9.188413">
        <ele>11.780097</ele>
        <time>2021-05-16T09:21:18.000Z</time>
      </trkpt>
      <trkpt lat="54.763914" lon="9.188434">
        <ele>11.779624</ele>
        <time>2021-05-16T09:21:19.000Z</time>
      </trkpt>
      <trkpt lat="54.763963" lon="9.188562">
        <ele>11.776213</ele>
        <time>2021-05-16T09:21:25.000Z</time>
      </trkpt>
      <trkpt lat="54.763965" lon="9.188580">
        <ele>11.775805</ele>
        <time>2021-05-16T09:21:26.000Z</time>
      </trkpt>
      <trkpt lat="54.763981" lon="9.188632">
        <ele>11.774497</ele>
        <time>2021-05-16T09:21:29.000Z</time>
      </trkpt>
      <trkpt lat="54.764000" lon="9.188704">
        <ele>11.772738</ele>
        <time>2021-05-16T09:21:33.000Z</time>
      </trkpt>
      <trkpt lat="54.764023" lon="9.188801">
        <ele>11.770409</ele>
        <time>2021-05-16T09:21:39.000Z</time>
      </trkpt>
      <trkpt lat="54.764028" lon="9.188819">
        <ele>11.769965</ele>
        <time>2021-05-16T09:21:40.000Z</time>
      </trkpt>
      <trkpt lat="54.764039" lon="9.188877">
        <ele>11.768609</ele>
        <time>2021-05-16T09:21:44.000Z</time>
      </trkpt>
      <trkpt lat="54.764048" lon="9.188942">
        <ele>11.767124</ele>
        <time>2021-05-16T09:21:48.000Z</time>
      </trkpt>
      <trkpt lat="54.764086" lon="9.189052">
        <ele>11.764277</ele>
        <time>2021-05-16T09:21:55.000Z</time>
      </trkpt>
      <trkpt lat="54.764127" lon="9.189168">
        <ele>11.761255</ele>
        <time>2021-05-16T09:22:01.000Z</time>
      </trkpt>
      <trkpt lat="54.764133" lon="9.189185">
        <ele>11.760813</ele>
        <time>2021-05-16T09:22:02.000Z</time>
      </trkpt>
      <trkpt lat="54.764161" lon="9.189291">
        <ele>11.758223</ele>
        <time>2021-05-16T09:22:08.000Z</time>
      </trkpt>
      <trkpt lat="54.764165" lon="9.189397">
        <ele>11.755864</ele>
        <time>2021-05-16T09:22:14.000Z</time>
      </trkpt>
      <trkpt lat="54.764179" lon="9.189466">
        <ele>11.754239</ele>
        <time>2021-05-16T09:22:18.000Z</time>
      </trkpt>
      <trkpt lat="54.764200" lon="9.189541">
        <ele>11.752388</ele>
        <time>2021-05-16T09:22:22.000Z</time>
      </trkpt>
      <trkpt lat="54.764248" lon="9.189664">
        <ele>11.749090</ele>
        <time>2021-05-16T09:22:29.000Z</time>
      </trkpt>
      <trkpt lat="54.764282" lon="9.189783">
        <ele>11.746140</ele>
        <time>2021-05-16T09:22:36.000Z</time>
      </trkpt>
      <trkpt lat="54.764289" lon="9.189880">
        <ele>11.743969</ele>
        <time>2021-05-16T09:22:43.000Z</time>
      </trkpt>
      <trkpt lat="54.764313" lon="9.189980">
        <ele>11.741563</ele>
        <time>2021-05-16T09:22:50.000Z</time>
      </trkpt>
      <trkpt lat="54.764348" lon="9.190073">
        <ele>11.739097</ele>
        <time>2021-05-16T09:22:56.000Z</time>
      </trkpt>
      <trkpt lat="54.764413" lon="9.190264">
        <ele>11.734172</ele>
        <time>2021-05-16T09:23:05.000Z</time>
      </trkpt>
      <trkpt lat="54.764443" lon="9.190332">
        <ele>11.732271</ele>
        <time>2021-05-16T09:23:09.000Z</time>
      </trkpt>
      <trkpt lat="54.764452" lon="9.190350">
        <ele>11.731742</ele>
        <time>2021-05-16T09:23:10.000Z</time>
      </trkpt>
      <trkpt lat="54.764475" lon="9.190386">
        <ele>11.730549</ele>
        <time>2021-05-16T09:23:12.000Z</time>
      </trkpt>
      <trkpt lat="54.764491" lon="9.190421">
        <ele>11.729557</ele>
        <time>2021-05-16T09:23:14.000Z</time>
      </trkpt>
      <trkpt lat="54.764521" lon="9.190489">
        <ele>11.727656</ele>
        <time>2021-05-16T09:23:18.000Z</time>
      </trkpt>
      <trkpt lat="54.764554" lon="9.190584">
        <ele>11.725193</ele>
        <time>2021-05-16T09:23:23.000Z</time>
      </trkpt>
      <trkpt lat="54.764569" lon="9.190617">
        <ele>11.724259</ele>
        <time>2021-05-16T09:23:25.000Z</time>
      </trkpt>
      <trkpt lat="54.764591" lon="9.190744">
        <ele>11.721913</ele>
        <time>2021-05-16T09:23:31.000Z</time>
      </trkpt>
      <trkpt lat="54.764599" lon="9.190769">
        <ele>11.721634</ele>
        <time>2021-05-16T09:23:33.000Z</time>
      </trkpt>
      <trkpt lat="54.764644" lon="9.190882">
        <ele>11.720291</ele>
        <time>2021-05-16T09:23:40.000Z</time>
      </trkpt>
      <trkpt lat="54.764683" lon="9.190984">
        <ele>11.719095</ele>
        <time>2021-05-16T09:23:46.000Z</time>
      </trkpt>
      <trkpt lat="54.764688" lon="9.191001">
        <ele>11.718909</ele>
        <time>2021-05-16T09:23:47.000Z</time>
      </trkpt>
      <trkpt lat="54.764693" lon="9.191040">
        <ele>11.718518</ele>
        <time>2021-05-16T09:23:49.000Z</time>
      </trkpt>
      <trkpt lat="54.764692" lon="9.191060">
        <ele>11.718322</ele>
        <time>2021-05-16T09:23:50.000Z</time>
      </trkpt>
      <trkpt lat="54.764720" lon="9.191152">
        <ele>11.717305</ele>
        <time>2021-05-16T09:23:55.000Z</time>
      </trkpt>
      <trkpt lat="54.764754" lon="9.191273">
        <ele>11.715990</ele>
        <time>2021-05-16T09:24:02.000Z</time>
      </trkpt>
      <trkpt lat="54.764775" lon="9.191324">
        <ele>11.715377</ele>
        <time>2021-05-16T09:24:05.000Z</time>
      </trkpt>
      <trkpt lat="54.764791" lon="9.191358">
        <ele>11.714949</ele>
        <time>2021-05-16T09:24:07.000Z</time>
      </trkpt>
      <trkpt lat="54.764803" lon="9.191385">
        <ele>11.714615</ele>
        <time>2021-05-16T09:24:09.000Z</time>
      </trkpt>
      <trkpt lat="54.764828" lon="9.191507">
        <ele>11.713350</ele>
        <time>2021-05-16T09:24:16.000Z</time>
      </trkpt>
      <trkpt lat="54.764857" lon="9.191586">
        <ele>11.712435</ele>
        <time>2021-05-16T09:24:21.000Z</time>
      </trkpt>
      <trkpt lat="54.764876" lon="9.191645">
        <ele>11.711774</ele>
        <time>2021-05-16T09:24:24.000Z</time>
      </trkpt>
      <trkpt lat="54.764910" lon="9.191755">
        <ele>11.710554</ele>
        <time>2021-05-16T09:24:30.000Z</time>
      </trkpt>
      <trkpt lat="54.764928" lon="9.191836">
        <ele>11.709706</ele>
        <time>2021-05-16T09:24:34.000Z</time>
      </trkpt>
      <trkpt lat="54.764942" lon="9.191893">
        <ele>11.709101</ele>
        <time>2021-05-16T09:24:37.000Z</time>
      </trkpt>
      <trkpt lat="54.764992" lon="9.192030">
        <ele>11.707516</ele>
        <time>2021-05-16T09:24:45.000Z</time>
      </trkpt>
      <trkpt lat="54.765027" lon="9.192179">
        <ele>11.705943</ele>
        <time>2021-05-16T09:24:53.000Z</time>
      </trkpt>
      <trkpt lat="54.765048" lon="9.192231">
        <ele>11.705323</ele>
        <time>2021-05-16T09:24:56.000Z</time>
      </trkpt>
      <trkpt lat="54.765082" lon="9.192279">
        <ele>11.704580</ele>
        <time>2021-05-16T09:24:59.000Z</time>
      </trkpt>
      <trkpt lat="54.765081" lon="9.192293">
        <ele>11.704442</ele>
        <time>2021-05-16T09:25:00.000Z</time>
      </trkpt>
      <trkpt lat="54.765106" lon="9.192365">
        <ele>11.703621</ele>
        <time>2021-05-16T09:25:04.000Z</time>
      </trkpt>
      <trkpt lat="54.765111" lon="9.192384">
        <ele>11.703417</ele>
        <time>2021-05-16T09:25:05.000Z</time>
      </trkpt>
      <trkpt lat="54.765132" lon="9.192430">
        <ele>11.702843</ele>
        <time>2021-05-16T09:25:08.000Z</time>
      </trkpt>
      <trkpt lat="54.765152" lon="9.192491">
        <ele>11.702158</ele>
        <time>2021-05-16T09:25:11.000Z</time>
      </trkpt>
      <trkpt lat="54.765159" lon="9.192510">
        <ele>11.701937</ele>
        <time>2021-05-16T09:25:12.000Z</time>
      </trkpt>
      <trkpt lat="54.765163" lon="9.192540">
        <ele>11.701636</ele>
        <time>2021-05-16T09:25:14.000Z</time>
      </trkpt>
      <trkpt lat="54.765166" lon="9.192557">
        <ele>11.701462</ele>
        <time>2021-05-16T09:25:15.000Z</time>
      </trkpt>
      <trkpt lat="54.765169" lon="9.192571">
        <ele>11.701316</ele>
        <time>2021-05-16T09:25:16.000Z</time>
      </trkpt>
      <trkpt lat="54.765173" lon="9.192590">
        <ele>11.701119</ele>
        <time>2021-05-16T09:25:17.000Z</time>
      </trkpt>
      <trkpt lat="54.765182" lon="9.192629">
        <ele>11.700708</ele>
        <time>2021-05-16T09:25:19.000Z</time>
      </trkpt>
      <trkpt lat="54.765191" lon="9.192642">
        <ele>11.700510</ele>
        <time>2021-05-16T09:25:20.000Z</time>
      </trkpt>
      <trkpt lat="54.765209" lon="9.192731">
        <ele>11.699588</ele>
        <time>2021-05-16T09:25:25.000Z</time>
      </trkpt>
      <trkpt lat="54.765214" lon="9.192745">
        <ele>11.699427</ele>
        <time>2021-05-16T09:25:26.000Z</time>
      </trkpt>
      <trkpt lat="54.765224" lon="9.192799">
        <ele>11.698873</ele>
        <time>2021-05-16T09:25:29.000Z</time>
      </trkpt>
      <trkpt lat="54.765256" lon="9.192882">
        <ele>11.697897</ele>
        <time>2021-05-16T09:25:34.000Z</time>
      </trkpt>
      <trkpt lat="54.765271" lon="9.192908">
        <ele>11.697537</ele>
        <time>2021-05-16T09:25:35.000Z</time>
      </trkpt>
      <trkpt lat="54.765313" lon="9.193035">
        <ele>11.696107</ele>
        <time>2021-05-16T09:25:40.000Z</time>
      </trkpt>
      <trkpt lat="54.765356" lon="9.193169">
        <ele>11.694608</ele>
        <time>2021-05-16T09:25:47.000Z</time>
      </trkpt>
      <trkpt lat="54.765368" lon="9.193200">
        <ele>11.694243</ele>
        <time>2021-05-16T09:25:49.000Z</time>
      </trkpt>
      <trkpt lat="54.765393" lon="9.193275">
        <ele>11.693396</ele>
        <time>2021-05-16T09:25:53.000Z</time>
      </trkpt>
      <trkpt lat="54.765414" lon="9.193392">
        <ele>11.692199</ele>
        <time>2021-05-16T09:25:59.000Z</time>
      </trkpt>
      <trkpt lat="54.765427" lon="9.193449">
        <ele>11.686342</ele>
        <time>2021-05-16T09:26:02.000Z</time>
      </trkpt>
      <trkpt lat="54.765433" lon="9.193485">
        <ele>11.679784</ele>
        <time>2021-05-16T09:26:04.000Z</time>
      </trkpt>
      <trkpt lat="54.765446" lon="9.193521">
        <ele>11.672350</ele>
        <time>2021-05-16T09:26:06.000Z</time>
      </trkpt>
      <trkpt lat="54.765454" lon="9.193556">
        <ele>11.665761</ele>
        <time>2021-05-16T09:26:08.000Z</time>
      </trkpt>
      <trkpt lat="54.765437" lon="9.193619">
        <ele>11.653588</ele>
        <time>2021-05-16T09:26:12.000Z</time>
      </trkpt>
      <trkpt lat="54.765440" lon="9.193646">
        <ele>11.648776</ele>
        <time>2021-05-16T09:26:13.000Z</time>
      </trkpt>
      <trkpt lat="54.765472" lon="9.193772">
        <ele>11.624680</ele>
        <time>2021-05-16T09:26:19.000Z</time>
      </trkpt>
      <trkpt lat="54.765523" lon="9.193911">
        <ele>11.595849</ele>
        <time>2021-05-16T09:26:26.000Z</time>
      </trkpt>
      <trkpt lat="54.765545" lon="9.194023">
        <ele>11.575141</ele>
        <time>2021-05-16T09:26:32.000Z</time>
      </trkpt>
      <trkpt lat="54.765561" lon="9.194073">
        <ele>11.565134</ele>
        <time>2021-05-16T09:26:35.000Z</time>
      </trkpt>
      <trkpt lat="54.765573" lon="9.194088">
        <ele>11.560645</ele>
        <time>2021-05-16T09:26:36.000Z</time>
      </trkpt>
      <trkpt lat="54.765599" lon="9.194114">
        <ele>11.551539</ele>
        <time>2021-05-16T09:26:38.000Z</time>
      </trkpt>
      <trkpt lat="54.765629" lon="9.194164">
        <ele>11.538913</ele>
        <time>2021-05-16T09:26:41.000Z</time>
      </trkpt>
      <trkpt lat="54.765669" lon="9.194278">
        <ele>11.515560</ele>
        <time>2021-05-16T09:26:48.000Z</time>
      </trkpt>
      <trkpt lat="54.765675" lon="9.194351">
        <ele>11.502654</ele>
        <time>2021-05-16T09:26:52.000Z</time>
      </trkpt>
      <trkpt lat="54.765678" lon="9.194391">
        <ele>11.495594</ele>
        <time>2021-05-16T09:26:54.000Z</time>
      </trkpt>
      <trkpt lat="54.765732" lon="9.194533">
        <ele>11.465827</ele>
        <time>2021-05-16T09:27:01.000Z</time>
      </trkpt>
      <trkpt lat="54.765737" lon="9.194551">
        <ele>11.462330</ele>
        <time>2021-05-16T09:27:03.000Z</time>
      </trkpt>
      <trkpt lat="54.765737" lon="9.194548">
        <ele>11.461805</ele>
        <time>2021-05-16T09:27:05.000Z</time>
      </trkpt>
      <trkpt lat="54.765738" lon="9.194544">
        <ele>11.461042</ele>
        <time>2021-05-16T09:27:06.000Z</time>
      </trkpt>
      <trkpt lat="54.765735" lon="9.194540">
        <ele>11.459894</ele>
        <time>2021-05-16T09:27:07.000Z</time>
      </trkpt>
      <trkpt lat="54.765731" lon="9.194536">
        <ele>11.458493</ele>
        <time>2021-05-16T09:27:10.000Z</time>
      </trkpt>
      <trkpt lat="54.765726" lon="9.194530">
        <ele>11.456648</ele>
        <time>2021-05-16T09:27:14.000Z</time>
      </trkpt>
      <trkpt lat="54.765736" lon="9.194583">
        <ele>11.446888</ele>
        <time>2021-05-16T09:27:22.000Z</time>
      </trkpt>
      <trkpt lat="54.765778" lon="9.194744">
        <ele>11.415963</ele>
        <time>2021-05-16T09:27:30.000Z</time>
      </trkpt>
      <trkpt lat="54.765795" lon="9.194790">
        <ele>11.406401</ele>
        <time>2021-05-16T09:27:32.000Z</time>
      </trkpt>
      <trkpt lat="54.765805" lon="9.194827">
        <ele>11.399250</ele>
        <time>2021-05-16T09:27:34.000Z</time>
      </trkpt>
      <trkpt lat="54.765814" lon="9.194848">
        <ele>11.394671</ele>
        <time>2021-05-16T09:27:35.000Z</time>
      </trkpt>
      <trkpt lat="54.765821" lon="9.194867">
        <ele>11.390726</ele>
        <time>2021-05-16T09:27:36.000Z</time>
      </trkpt>
      <trkpt lat="54.765832" lon="9.194911">
        <ele>11.382333</ele>
        <time>2021-05-16T09:27:38.000Z</time>
      </trkpt>
      <trkpt lat="54.765842" lon="9.194954">
        <ele>11.374218</ele>
        <time>2021-05-16T09:27:40.000Z</time>
      </trkpt>
      <trkpt lat="54.765859" lon="9.195016">
        <ele>11.362204</ele>
        <time>2021-05-16T09:27:43.000Z</time>
      </trkpt>
      <trkpt lat="54.765883" lon="9.195068">
        <ele>11.350548</ele>
        <time>2021-05-16T09:27:46.000Z</time>
      </trkpt>
      <trkpt lat="54.765902" lon="9.195109">
        <ele>11.341344</ele>
        <time>2021-05-16T09:27:48.000Z</time>
      </trkpt>
      <trkpt lat="54.765922" lon="9.195177">
        <ele>11.327985</ele>
        <time>2021-05-16T09:27:51.000Z</time>
      </trkpt>
      <trkpt lat="54.765929" lon="9.195197">
        <ele>11.323891</ele>
        <time>2021-05-16T09:27:52.000Z</time>
      </trkpt>
      <trkpt lat="54.765945" lon="9.195256">
        <ele>11.312480</ele>
        <time>2021-05-16T09:27:55.000Z</time>
      </trkpt>
      <trkpt lat="54.765951" lon="9.195290">
        <ele>11.306257</ele>
        <time>2021-05-16T09:27:57.000Z</time>
      </trkpt>
      <trkpt lat="54.765953" lon="9.195313">
        <ele>11.302186</ele>
        <time>2021-05-16T09:27:58.000Z</time>
      </trkpt>
      <trkpt lat="54.765978" lon="9.195409">
        <ele>11.283752</ele>
        <time>2021-05-16T09:28:04.000Z</time>
      </trkpt>
      <trkpt lat="54.766026" lon="9.195502">
        <ele>11.261912</ele>
        <time>2021-05-16T09:28:09.000Z</time>
      </trkpt>
      <trkpt lat="54.766038" lon="9.195549">
        <ele>11.252916</ele>
        <time>2021-05-16T09:28:12.000Z</time>
      </trkpt>
      <trkpt lat="54.766051" lon="9.195618">
        <ele>11.240212</ele>
        <time>2021-05-16T09:28:15.000Z</time>
      </trkpt>
      <trkpt lat="54.766069" lon="9.195685">
        <ele>11.227276</ele>
        <time>2021-05-16T09:28:18.000Z</time>
      </trkpt>
      <trkpt lat="54.766074" lon="9.195730">
        <ele>11.219255</ele>
        <time>2021-05-16T09:28:20.000Z</time>
      </trkpt>
      <trkpt lat="54.766080" lon="9.195748">
        <ele>11.215617</ele>
        <time>2021-05-16T09:28:21.000Z</time>
      </trkpt>
      <trkpt lat="54.766081" lon="9.195780">
        <ele>11.210008</ele>
        <time>2021-05-16T09:28:23.000Z</time>
      </trkpt>
      <trkpt lat="54.766078" lon="9.195796">
        <ele>11.207063</ele>
        <time>2021-05-16T09:28:24.000Z</time>
      </trkpt>
      <trkpt lat="54.766081" lon="9.195830">
        <ele>11.201043</ele>
        <time>2021-05-16T09:28:26.000Z</time>
      </trkpt>
      <trkpt lat="54.766090" lon="9.195842">
        <ele>11.197599</ele>
        <time>2021-05-16T09:28:27.000Z</time>
      </trkpt>
      <trkpt lat="54.766096" lon="9.195854">
        <ele>11.194819</ele>
        <time>2021-05-16T09:28:28.000Z</time>
      </trkpt>
      <trkpt lat="54.766103" lon="9.195870">
        <ele>11.191305</ele>
        <time>2021-05-16T09:28:29.000Z</time>
      </trkpt>
      <trkpt lat="54.766113" lon="9.195898">
        <ele>11.185541</ele>
        <time>2021-05-16T09:28:31.000Z</time>
      </trkpt>
      <trkpt lat="54.766162" lon="9.196029">
        <ele>11.158216</ele>
        <time>2021-05-16T09:28:38.000Z</time>
      </trkpt>
      <trkpt lat="54.766191" lon="9.196122">
        <ele>11.158374</ele>
        <time>2021-05-16T09:28:43.000Z</time>
      </trkpt>
      <trkpt lat="54.766193" lon="9.196141">
        <ele>11.164650</ele>
        <time>2021-05-16T09:28:44.000Z</time>
      </trkpt>
      <trkpt lat="54.766222" lon="9.196238">
        <ele>11.200152</ele>
        <time>2021-05-16T09:28:50.000Z</time>
      </trkpt>
      <trkpt lat="54.766259" lon="9.196371">
        <ele>11.248134</ele>
        <time>2021-05-16T09:28:57.000Z</time>
      </trkpt>
      <trkpt lat="54.766273" lon="9.196424">
        <ele>11.267077</ele>
        <time>2021-05-16T09:29:00.000Z</time>
      </trkpt>
      <trkpt lat="54.766285" lon="9.196457">
        <ele>11.279753</ele>
        <time>2021-05-16T09:29:02.000Z</time>
      </trkpt>
      <trkpt lat="54.766298" lon="9.196492">
        <ele>11.293280</ele>
        <time>2021-05-16T09:29:04.000Z</time>
      </trkpt>
      <trkpt lat="54.766334" lon="9.196608">
        <ele>11.336083</ele>
        <time>2021-05-16T09:29:11.000Z</time>
      </trkpt>
      <trkpt lat="54.766350" lon="9.196686">
        <ele>11.362984</ele>
        <time>2021-05-16T09:29:15.000Z</time>
      </trkpt>
      <trkpt lat="54.766353" lon="9.196704">
        <ele>11.369073</ele>
        <time>2021-05-16T09:29:16.000Z</time>
      </trkpt>
      <trkpt lat="54.766363" lon="9.196737">
        <ele>11.381186</ele>
        <time>2021-05-16T09:29:18.000Z</time>
      </trkpt>
      <trkpt lat="54.766385" lon="9.196801">
        <ele>11.405395</ele>
        <time>2021-05-16T09:29:22.000Z</time>
      </trkpt>
      <trkpt lat="54.766405" lon="9.196871">
        <ele>11.430779</ele>
        <time>2021-05-16T09:29:26.000Z</time>
      </trkpt>
      <trkpt lat="54.766431" lon="9.196930">
        <ele>11.454905</ele>
        <time>2021-05-16T09:29:30.000Z</time>
      </trkpt>
      <trkpt lat="54.766435" lon="9.196934">
        <ele>11.457506</ele>
        <time>2021-05-16T09:29:31.000Z</time>
      </trkpt>
      <trkpt lat="54.766436" lon="9.196931">
        <ele>11.458632</ele>
        <time>2021-05-16T09:29:33.000Z</time>
      </trkpt>
      <trkpt lat="54.766437" lon="9.196928">
        <ele>11.459758</ele>
        <time>2021-05-16T09:29:38.000Z</time>
      </trkpt>
      <trkpt lat="54.766436" lon="9.196942">
        <ele>11.464342</ele>
        <time>2021-05-16T09:29:39.000Z</time>
      </trkpt>
      <trkpt lat="54.766433" lon="9.196982">
        <ele>11.477450</ele>
        <time>2021-05-16T09:29:41.000Z</time>
      </trkpt>
      <trkpt lat="54.766433" lon="9.197021">
        <ele>11.490123</ele>
        <time>2021-05-16T09:29:43.000Z</time>
      </trkpt>
      <trkpt lat="54.766439" lon="9.197041">
        <ele>11.497448</ele>
        <time>2021-05-16T09:29:44.000Z</time>
      </trkpt>
      <trkpt lat="54.766447" lon="9.197076">
        <ele>11.509682</ele>
        <time>2021-05-16T09:29:46.000Z</time>
      </trkpt>
      <trkpt lat="54.766479" lon="9.197203">
        <ele>11.554716</ele>
        <time>2021-05-16T09:29:52.000Z</time>
      </trkpt>
      <trkpt lat="54.766489" lon="9.197225">
        <ele>11.563818</ele>
        <time>2021-05-16T09:29:53.000Z</time>
      </trkpt>
      <trkpt lat="54.766514" lon="9.197290">
        <ele>11.589203</ele>
        <time>2021-05-16T09:29:56.000Z</time>
      </trkpt>
      <trkpt lat="54.766553" lon="9.197366">
        <ele>11.622257</ele>
        <time>2021-05-16T09:30:00.000Z</time>
      </trkpt>
      <trkpt lat="54.766569" lon="9.197400">
        <ele>11.636515</ele>
        <time>2021-05-16T09:30:02.000Z</time>
      </trkpt>
      <trkpt lat="54.766577" lon="9.197465">
        <ele>11.658112</ele>
        <time>2021-05-16T09:30:05.000Z</time>
      </trkpt>
      <trkpt lat="54.766586" lon="9.197486">
        <ele>11.666613</ele>
        <time>2021-05-16T09:30:06.000Z</time>
      </trkpt>
      <trkpt lat="54.766597" lon="9.197501">
        <ele>11.674497</ele>
        <time>2021-05-16T09:30:07.000Z</time>
      </trkpt>
      <trkpt lat="54.766604" lon="9.197518">
        <ele>11.681284</ele>
        <time>2021-05-16T09:30:08.000Z</time>
      </trkpt>
      <trkpt lat="54.766628" lon="9.197630">
        <ele>11.720108</ele>
        <time>2021-05-16T09:30:13.000Z</time>
      </trkpt>
      <trkpt lat="54.766675" lon="9.197736">
        <ele>11.763552</ele>
        <time>2021-05-16T09:30:20.000Z</time>
      </trkpt>
      <trkpt lat="54.766704" lon="9.197851">
        <ele>11.804336</ele>
        <time>2021-05-16T09:30:26.000Z</time>
      </trkpt>
      <trkpt lat="54.766725" lon="9.197980">
        <ele>11.847892</ele>
        <time>2021-05-16T09:30:32.000Z</time>
      </trkpt>
      <trkpt lat="54.766728" lon="9.198001">
        <ele>11.854922</ele>
        <time>2021-05-16T09:30:33.000Z</time>
      </trkpt>
      <trkpt lat="54.766734" lon="9.198018">
        <ele>11.861398</ele>
        <time>2021-05-16T09:30:34.000Z</time>
      </trkpt>
      <trkpt lat="54.766790" lon="9.198158">
        <ele>11.916758</ele>
        <time>2021-05-16T09:30:42.000Z</time>
      </trkpt>
      <trkpt lat="54.766857" lon="9.198316">
        <ele>11.980478</ele>
        <time>2021-05-16T09:30:51.000Z</time>
      </trkpt>
      <trkpt lat="54.766895" lon="9.198452">
        <ele>12.029583</ele>
        <time>2021-05-16T09:30:58.000Z</time>
      </trkpt>
      <trkpt lat="54.766910" lon="9.198514">
        <ele>12.051430</ele>
        <time>2021-05-16T09:31:01.000Z</time>
      </trkpt>
      <trkpt lat="54.766934" lon="9.198565">
        <ele>12.072817</ele>
        <time>2021-05-16T09:31:04.000Z</time>
      </trkpt>
      <trkpt lat="54.766965" lon="9.198658">
        <ele>12.107719</ele>
        <time>2021-05-16T09:31:09.000Z</time>
      </trkpt>
      <trkpt lat="54.766965" lon="9.198674">
        <ele>12.112919</ele>
        <time>2021-05-16T09:31:10.000Z</time>
      </trkpt>
      <trkpt lat="54.766966" lon="9.198686">
        <ele>12.116859</ele>
        <time>2021-05-16T09:31:11.000Z</time>
      </trkpt>
      <trkpt lat="54.766978" lon="9.198774">
        <ele>12.146243</ele>
        <time>2021-05-16T09:31:16.000Z</time>
      </trkpt>
      <trkpt lat="54.766980" lon="9.198803">
        <ele>12.155733</ele>
        <time>2021-05-16T09:31:18.000Z</time>
      </trkpt>
      <trkpt lat="54.766987" lon="9.198845">
        <ele>12.160109</ele>
        <time>2021-05-16T09:31:20.000Z</time>
      </trkpt>
      <trkpt lat="54.767003" lon="9.198879">
        <ele>12.161105</ele>
        <time>2021-05-16T09:31:22.000Z</time>
      </trkpt>
      <trkpt lat="54.767000" lon="9.198901">
        <ele>12.161618</ele>
        <time>2021-05-16T09:31:23.000Z</time>
      </trkpt>
      <trkpt lat="54.767003" lon="9.198939">
        <ele>12.162488</ele>
        <time>2021-05-16T09:31:25.000Z</time>
      </trkpt>
      <trkpt lat="54.767008" lon="9.198958">
        <ele>12.162962</ele>
        <time>2021-05-16T09:31:26.000Z</time>
      </trkpt>
      <trkpt lat="54.767009" lon="9.198971">
        <ele>12.163259</ele>
        <time>2021-05-16T09:31:27.000Z</time>
      </trkpt>
      <trkpt lat="54.767018" lon="9.198996">
        <ele>12.163928</ele>
        <time>2021-05-16T09:31:29.000Z</time>
      </trkpt>
      <trkpt lat="54.767027" lon="9.199026">
        <ele>12.164695</ele>
        <time>2021-05-16T09:31:32.000Z</time>
      </trkpt>
      <trkpt lat="54.767028" lon="9.199044">
        <ele>12.165105</ele>
        <time>2021-05-16T09:31:33.000Z</time>
      </trkpt>
      <trkpt lat="54.767046" lon="9.199081">
        <ele>12.166204</ele>
        <time>2021-05-16T09:31:35.000Z</time>
      </trkpt>
      <trkpt lat="54.767082" lon="9.199149">
        <ele>12.168298</ele>
        <time>2021-05-16T09:31:39.000Z</time>
      </trkpt>
      <trkpt lat="54.767093" lon="9.199161">
        <ele>12.168809</ele>
        <time>2021-05-16T09:31:40.000Z</time>
      </trkpt>
      <trkpt lat="54.767103" lon="9.199195">
        <ele>12.169675</ele>
        <time>2021-05-16T09:31:42.000Z</time>
      </trkpt>
      <trkpt lat="54.767112" lon="9.199209">
        <ele>12.170150</ele>
        <time>2021-05-16T09:31:43.000Z</time>
      </trkpt>
      <trkpt lat="54.767120" lon="9.199239">
        <ele>12.170900</ele>
        <time>2021-05-16T09:31:44.000Z</time>
      </trkpt>
      <trkpt lat="54.767128" lon="9.199259">
        <ele>12.171453</ele>
        <time>2021-05-16T09:31:46.000Z</time>
      </trkpt>
      <trkpt lat="54.767157" lon="9.199303">
        <ele>12.172968</ele>
        <time>2021-05-16T09:31:49.000Z</time>
      </trkpt>
      <trkpt lat="54.767178" lon="9.199337">
        <ele>12.174098</ele>
        <time>2021-05-16T09:31:51.000Z</time>
      </trkpt>
      <trkpt lat="54.767199" lon="9.199427">
        <ele>12.176301</ele>
        <time>2021-05-16T09:31:56.000Z</time>
      </trkpt>
      <trkpt lat="54.767201" lon="9.199441">
        <ele>12.176629</ele>
        <time>2021-05-16T09:31:57.000Z</time>
      </trkpt>
      <trkpt lat="54.767211" lon="9.199472">
        <ele>12.177434</ele>
        <time>2021-05-16T09:31:59.000Z</time>
      </trkpt>
      <trkpt lat="54.767217" lon="9.199530">
        <ele>12.178771</ele>
        <time>2021-05-16T09:32:02.000Z</time>
      </trkpt>
      <trkpt lat="54.767229" lon="9.199573">
        <ele>12.179855</ele>
        <time>2021-05-16T09:32:04.000Z</time>
      </trkpt>
      <trkpt lat="54.767234" lon="9.199651">
        <ele>12.181636</ele>
        <time>2021-05-16T09:32:08.000Z</time>
      </trkpt>
      <trkpt lat="54.767245" lon="9.199694">
        <ele>12.182703</ele>
        <time>2021-05-16T09:32:11.000Z</time>
      </trkpt>
      <trkpt lat="54.767247" lon="9.199725">
        <ele>12.183411</ele>
        <time>2021-05-16T09:32:13.000Z</time>
      </trkpt>
      <trkpt lat="54.767254" lon="9.199737">
        <ele>12.183798</ele>
        <time>2021-05-16T09:32:14.000Z</time>
      </trkpt>
      <trkpt lat="54.767257" lon="9.199773">
        <ele>12.184623</ele>
        <time>2021-05-16T09:32:16.000Z</time>
      </trkpt>
      <trkpt lat="54.767260" lon="9.199831">
        <ele>12.185945</ele>
        <time>2021-05-16T09:32:19.000Z</time>
      </trkpt>
      <trkpt lat="54.767275" lon="9.199865">
        <ele>12.186916</ele>
        <time>2021-05-16T09:32:21.000Z</time>
      </trkpt>
      <trkpt lat="54.767304" lon="9.199933">
        <ele>12.188835</ele>
        <time>2021-05-16T09:32:26.000Z</time>
      </trkpt>
      <trkpt lat="54.767329" lon="9.199991">
        <ele>12.190477</ele>
        <time>2021-05-16T09:32:29.000Z</time>
      </trkpt>
      <trkpt lat="54.767350" lon="9.200044">
        <ele>12.191936</ele>
        <time>2021-05-16T09:32:32.000Z</time>
      </trkpt>
      <trkpt lat="54.767351" lon="9.200061">
        <ele>12.192324</ele>
        <time>2021-05-16T09:32:33.000Z</time>
      </trkpt>
      <trkpt lat="54.767370" lon="9.200097">
        <ele>12.193431</ele>
        <time>2021-05-16T09:32:35.000Z</time>
      </trkpt>
      <trkpt lat="54.767389" lon="9.200125">
        <ele>12.194412</ele>
        <time>2021-05-16T09:32:37.000Z</time>
      </trkpt>
      <trkpt lat="54.767393" lon="9.200142">
        <ele>12.194829</ele>
        <time>2021-05-16T09:32:38.000Z</time>
      </trkpt>
      <trkpt lat="54.767404" lon="9.200175">
        <ele>12.195693</ele>
        <time>2021-05-16T09:32:40.000Z</time>
      </trkpt>
      <trkpt lat="54.767409" lon="9.200191">
        <ele>12.196106</ele>
        <time>2021-05-16T09:32:41.000Z</time>
      </trkpt>
      <trkpt lat="54.767423" lon="9.200301">
        <ele>12.198662</ele>
        <time>2021-05-16T09:32:47.000Z</time>
      </trkpt>
      <trkpt lat="54.767444" lon="9.200347">
        <ele>12.199993</ele>
        <time>2021-05-16T09:32:50.000Z</time>
      </trkpt>
      <trkpt lat="54.767460" lon="9.200391">
        <ele>12.201173</ele>
        <time>2021-05-16T09:32:53.000Z</time>
      </trkpt>
      <trkpt lat="54.767484" lon="9.200474">
        <ele>12.203280</ele>
        <time>2021-05-16T09:32:57.000Z</time>
      </trkpt>
      <trkpt lat="54.767492" lon="9.200518">
        <ele>12.204326</ele>
        <time>2021-05-16T09:32:59.000Z</time>
      </trkpt>
      <trkpt lat="54.767500" lon="9.200542">
        <ele>12.204955</ele>
        <time>2021-05-16T09:33:00.000Z</time>
      </trkpt>
      <trkpt lat="54.767511" lon="9.200574">
        <ele>12.205801</ele>
        <time>2021-05-16T09:33:02.000Z</time>
      </trkpt>
      <trkpt lat="54.767520" lon="9.200625">
        <ele>12.207011</ele>
        <time>2021-05-16T09:33:05.000Z</time>
      </trkpt>
      <trkpt lat="54.767526" lon="9.200641">
        <ele>12.207444</ele>
        <time>2021-05-16T09:33:06.000Z</time>
      </trkpt>
      <trkpt lat="54.767555" lon="9.200734">
        <ele>12.209842</ele>
        <time>2021-05-16T09:33:12.000Z</time>
      </trkpt>
      <trkpt lat="54.767575" lon="9.200793">
        <ele>12.211395</ele>
        <time>2021-05-16T09:33:15.000Z</time>
      </trkpt>
      <trkpt lat="54.767578" lon="9.200817">
        <ele>12.211952</ele>
        <time>2021-05-16T09:33:16.000Z</time>
      </trkpt>
      <trkpt lat="54.767586" lon="9.200856">
        <ele>12.212891</ele>
        <time>2021-05-16T09:33:18.000Z</time>
      </trkpt>
      <trkpt lat="54.767602" lon="9.200921">
        <ele>12.214495</ele>
        <time>2021-05-16T09:33:22.000Z</time>
      </trkpt>
      <trkpt lat="54.767606" lon="9.200935">
        <ele>12.214849</ele>
        <time>2021-05-16T09:33:23.000Z</time>
      </trkpt>
      <trkpt lat="54.767613" lon="9.200945">
        <ele>12.215206</ele>
        <time>2021-05-16T09:33:24.000Z</time>
      </trkpt>
      <trkpt lat="54.767626" lon="9.200989">
        <ele>12.216328</ele>
        <time>2021-05-16T09:33:27.000Z</time>
      </trkpt>
      <trkpt lat="54.767646" lon="9.201039">
        <ele>12.217708</ele>
        <time>2021-05-16T09:33:30.000Z</time>
      </trkpt>
      <trkpt lat="54.767697" lon="9.201156">
        <ele>12.221036</ele>
        <time>2021-05-16T09:33:37.000Z</time>
      </trkpt>
      <trkpt lat="54.767698" lon="9.201193">
        <ele>12.221876</ele>
        <time>2021-05-16T09:33:39.000Z</time>
      </trkpt>
      <trkpt lat="54.767723" lon="9.201292">
        <ele>12.224328</ele>
        <time>2021-05-16T09:33:44.000Z</time>
      </trkpt>
      <trkpt lat="54.767742" lon="9.201400">
        <ele>12.226890</ele>
        <time>2021-05-16T09:33:51.000Z</time>
      </trkpt>
      <trkpt lat="54.767753" lon="9.201457">
        <ele>12.228254</ele>
        <time>2021-05-16T09:33:54.000Z</time>
      </trkpt>
      <trkpt lat="54.767771" lon="9.201532">
        <ele>12.230097</ele>
        <time>2021-05-16T09:33:58.000Z</time>
      </trkpt>
      <trkpt lat="54.767815" lon="9.201672">
        <ele>12.277520</ele>
        <time>2021-05-16T09:34:05.000Z</time>
      </trkpt>
      <trkpt lat="54.767846" lon="9.201770">
        <ele>12.310903</ele>
        <time>2021-05-16T09:34:10.000Z</time>
      </trkpt>
      <trkpt lat="54.767855" lon="9.201790">
        <ele>12.318479</ele>
        <time>2021-05-16T09:34:11.000Z</time>
      </trkpt>
      <trkpt lat="54.767884" lon="9.201877">
        <ele>12.348490</ele>
        <time>2021-05-16T09:34:16.000Z</time>
      </trkpt>
      <trkpt lat="54.767918" lon="9.201952">
        <ele>12.376980</ele>
        <time>2021-05-16T09:34:20.000Z</time>
      </trkpt>
      <trkpt lat="54.767931" lon="9.201990">
        <ele>12.390175</ele>
        <time>2021-05-16T09:34:22.000Z</time>
      </trkpt>
      <trkpt lat="54.767951" lon="9.202042">
        <ele>12.408842</ele>
        <time>2021-05-16T09:34:25.000Z</time>
      </trkpt>
      <trkpt lat="54.767987" lon="9.202095">
        <ele>12.433296</ele>
        <time>2021-05-16T09:34:29.000Z</time>
      </trkpt>
      <trkpt lat="54.768020" lon="9.202199">
        <ele>12.468747</ele>
        <time>2021-05-16T09:34:35.000Z</time>
      </trkpt>
      <trkpt lat="54.768038" lon="9.202363">
        <ele>12.518609</ele>
        <time>2021-05-16T09:34:43.000Z</time>
      </trkpt>
      <trkpt lat="54.768065" lon="9.202450">
        <ele>12.548116</ele>
        <time>2021-05-16T09:34:48.000Z</time>
      </trkpt>
      <trkpt lat="54.768075" lon="9.202494">
        <ele>12.562241</ele>
        <time>2021-05-16T09:34:50.000Z</time>
      </trkpt>
      <trkpt lat="54.768103" lon="9.202619">
        <ele>12.602292</ele>
        <time>2021-05-16T09:34:57.000Z</time>
      </trkpt>
      <trkpt lat="54.768101" lon="9.202646">
        <ele>12.610422</ele>
        <time>2021-05-16T09:34:59.000Z</time>
      </trkpt>
      <trkpt lat="54.768128" lon="9.202731">
        <ele>12.639404</ele>
        <time>2021-05-16T09:35:04.000Z</time>
      </trkpt>
      <trkpt lat="54.768166" lon="9.202826">
        <ele>12.673932</ele>
        <time>2021-05-16T09:35:10.000Z</time>
      </trkpt>
      <trkpt lat="54.768169" lon="9.202844">
        <ele>12.679528</ele>
        <time>2021-05-16T09:35:11.000Z</time>
      </trkpt>
      <trkpt lat="54.768182" lon="9.202878">
        <ele>12.691711</ele>
        <time>2021-05-16T09:35:13.000Z</time>
      </trkpt>
      <trkpt lat="54.768196" lon="9.202918">
        <ele>12.705685</ele>
        <time>2021-05-16T09:35:16.000Z</time>
      </trkpt>
      <trkpt lat="54.768197" lon="9.202937">
        <ele>12.711384</ele>
        <time>2021-05-16T09:35:17.000Z</time>
      </trkpt>
      <trkpt lat="54.768213" lon="9.202975">
        <ele>12.725435</ele>
        <time>2021-05-16T09:35:19.000Z</time>
      </trkpt>
      <trkpt lat="54.768220" lon="9.202995">
        <ele>12.732422</ele>
        <time>2021-05-16T09:35:20.000Z</time>
      </trkpt>
      <trkpt lat="54.768230" lon="9.203030">
        <ele>12.744087</ele>
        <time>2021-05-16T09:35:22.000Z</time>
      </trkpt>
      <trkpt lat="54.768273" lon="9.203128">
        <ele>12.780862</ele>
        <time>2021-05-16T09:35:28.000Z</time>
      </trkpt>
      <trkpt lat="54.768279" lon="9.203148">
        <ele>12.787595</ele>
        <time>2021-05-16T09:35:29.000Z</time>
      </trkpt>
      <trkpt lat="54.768334" lon="9.203268">
        <ele>12.833372</ele>
        <time>2021-05-16T09:35:36.000Z</time>
      </trkpt>
      <trkpt lat="54.768348" lon="9.203280">
        <ele>12.841458</ele>
        <time>2021-05-16T09:35:37.000Z</time>
      </trkpt>
      <trkpt lat="54.768437" lon="9.203357">
        <ele>12.892957</ele>
        <time>2021-05-16T09:35:43.000Z</time>
      </trkpt>
      <trkpt lat="54.768498" lon="9.203433">
        <ele>12.931851</ele>
        <time>2021-05-16T09:35:49.000Z</time>
      </trkpt>
      <trkpt lat="54.768516" lon="9.203481">
        <ele>12.948950</ele>
        <time>2021-05-16T09:35:52.000Z</time>
      </trkpt>
      <trkpt lat="54.768530" lon="9.203541">
        <ele>12.968281</ele>
        <time>2021-05-16T09:35:55.000Z</time>
      </trkpt>
      <trkpt lat="54.768537" lon="9.203559">
        <ele>12.974765</ele>
        <time>2021-05-16T09:35:56.000Z</time>
      </trkpt>
      <trkpt lat="54.768546" lon="9.203573">
        <ele>12.981025</ele>
        <time>2021-05-16T09:35:57.000Z</time>
      </trkpt>
      <trkpt lat="54.768571" lon="9.203649">
        <ele>13.007156</ele>
        <time>2021-05-16T09:36:02.000Z</time>
      </trkpt>
      <trkpt lat="54.768580" lon="9.203662">
        <ele>13.013221</ele>
        <time>2021-05-16T09:36:03.000Z</time>
      </trkpt>
      <trkpt lat="54.768584" lon="9.203679">
        <ele>13.018705</ele>
        <time>2021-05-16T09:36:04.000Z</time>
      </trkpt>
      <trkpt lat="54.768595" lon="9.203790">
        <ele>13.052343</ele>
        <time>2021-05-16T09:36:09.000Z</time>
      </trkpt>
      <trkpt lat="54.768603" lon="9.203806">
        <ele>13.058667</ele>
        <time>2021-05-16T09:36:10.000Z</time>
      </trkpt>
      <trkpt lat="54.768615" lon="9.203873">
        <ele>13.079621</ele>
        <time>2021-05-16T09:36:13.000Z</time>
      </trkpt>
      <trkpt lat="54.768625" lon="9.203930">
        <ele>13.097415</ele>
        <time>2021-05-16T09:36:16.000Z</time>
      </trkpt>
      <trkpt lat="54.768651" lon="9.204044">
        <ele>13.134028</ele>
        <time>2021-05-16T09:36:22.000Z</time>
      </trkpt>
      <trkpt lat="54.768682" lon="9.204146">
        <ele>13.163749</ele>
        <time>2021-05-16T09:36:28.000Z</time>
      </trkpt>
      <trkpt lat="54.768693" lon="9.204210">
        <ele>13.170485</ele>
        <time>2021-05-16T09:36:32.000Z</time>
      </trkpt>
      <trkpt lat="54.768698" lon="9.204226">
        <ele>13.172320</ele>
        <time>2021-05-16T09:36:33.000Z</time>
      </trkpt>
      <trkpt lat="54.768699" lon="9.204245">
        <ele>13.174245</ele>
        <time>2021-05-16T09:36:34.000Z</time>
      </trkpt>
      <trkpt lat="54.768711" lon="9.204278">
        <ele>13.178179</ele>
        <time>2021-05-16T09:36:36.000Z</time>
      </trkpt>
      <trkpt lat="54.768723" lon="9.204303">
        <ele>13.181460</ele>
        <time>2021-05-16T09:36:38.000Z</time>
      </trkpt>
      <trkpt lat="54.768725" lon="9.204319">
        <ele>13.183111</ele>
        <time>2021-05-16T09:36:39.000Z</time>
      </trkpt>
      <trkpt lat="54.768745" lon="9.204422">
        <ele>13.194072</ele>
        <time>2021-05-16T09:36:44.000Z</time>
      </trkpt>
      <trkpt lat="54.768754" lon="9.204434">
        <ele>13.196058</ele>
        <time>2021-05-16T09:36:45.000Z</time>
      </trkpt>
      <trkpt lat="54.768785" lon="9.204528">
        <ele>13.206979</ele>
        <time>2021-05-16T09:36:50.000Z</time>
      </trkpt>
      <trkpt lat="54.768793" lon="9.204589">
        <ele>13.213288</ele>
        <time>2021-05-16T09:36:53.000Z</time>
      </trkpt>
      <trkpt lat="54.768800" lon="9.204611">
        <ele>13.215822</ele>
        <time>2021-05-16T09:36:54.000Z</time>
      </trkpt>
      <trkpt lat="54.768805" lon="9.204629">
        <ele>13.217837</ele>
        <time>2021-05-16T09:36:55.000Z</time>
      </trkpt>
      <trkpt lat="54.768835" lon="9.204742">
        <ele>13.230384</ele>
        <time>2021-05-16T09:37:01.000Z</time>
      </trkpt>
      <trkpt lat="54.768841" lon="9.204777">
        <ele>13.234067</ele>
        <time>2021-05-16T09:37:03.000Z</time>
      </trkpt>
      <trkpt lat="54.768852" lon="9.204815">
        <ele>13.238355</ele>
        <time>2021-05-16T09:37:05.000Z</time>
      </trkpt>
      <trkpt lat="54.768858" lon="9.204834">
        <ele>13.240540</ele>
        <time>2021-05-16T09:37:06.000Z</time>
      </trkpt>
      <trkpt lat="54.768894" lon="9.204970">
        <ele>13.255632</ele>
        <time>2021-05-16T09:37:14.000Z</time>
      </trkpt>
      <trkpt lat="54.768926" lon="9.205054">
        <ele>13.265785</ele>
        <time>2021-05-16T09:37:20.000Z</time>
      </trkpt>
      <trkpt lat="54.768924" lon="9.205052">
        <ele>13.266189</ele>
        <time>2021-05-16T09:37:22.000Z</time>
      </trkpt>
      <trkpt lat="54.768948" lon="9.205112">
        <ele>13.273553</ele>
        <time>2021-05-16T09:37:26.000Z</time>
      </trkpt>
      <trkpt lat="54.768958" lon="9.205126">
        <ele>13.275800</ele>
        <time>2021-05-16T09:37:27.000Z</time>
      </trkpt>
      <trkpt lat="54.768989" lon="9.205205">
        <ele>13.285437</ele>
        <time>2021-05-16T09:37:31.000Z</time>
      </trkpt>
      <trkpt lat="54.768994" lon="9.205224">
        <ele>13.287544</ele>
        <time>2021-05-16T09:37:32.000Z</time>
      </trkpt>
      <trkpt lat="54.768996" lon="9.205242">
        <ele>13.289392</ele>
        <time>2021-05-16T09:37:33.000Z</time>
      </trkpt>
      <trkpt lat="54.769017" lon="9.205311">
        <ele>13.297261</ele>
        <time>2021-05-16T09:37:37.000Z</time>
      </trkpt>
      <trkpt lat="54.769055" lon="9.205417">
        <ele>13.309849</ele>
        <time>2021-05-16T09:37:44.000Z</time>
      </trkpt>
      <trkpt lat="54.769060" lon="9.205434">
        <ele>13.311773</ele>
        <time>2021-05-16T09:37:45.000Z</time>
      </trkpt>
      <trkpt lat="54.769074" lon="9.205509">
        <ele>13.319724</ele>
        <time>2021-05-16T09:37:49.000Z</time>
      </trkpt>
      <trkpt lat="54.769080" lon="9.205529">
        <ele>13.321998</ele>
        <time>2021-05-16T09:37:50.000Z</time>
      </trkpt>
      <trkpt lat="54.769093" lon="9.205581">
        <ele>13.327714</ele>
        <time>2021-05-16T09:37:53.000Z</time>
      </trkpt>
      <trkpt lat="54.769109" lon="9.205662">
        <ele>13.336349</ele>
        <time>2021-05-16T09:37:57.000Z</time>
      </trkpt>
      <trkpt lat="54.769114" lon="9.205726">
        <ele>13.342864</ele>
        <time>2021-05-16T09:38:00.000Z</time>
      </trkpt>
      <trkpt lat="54.769119" lon="9.205770">
        <ele>13.347387</ele>
        <time>2021-05-16T09:38:02.000Z</time>
      </trkpt>
      <trkpt lat="54.769127" lon="9.205809">
        <ele>13.351562</ele>
        <time>2021-05-16T09:38:04.000Z</time>
      </trkpt>
      <trkpt lat="54.769139" lon="9.205958">
        <ele>13.366736</ele>
        <time>2021-05-16T09:38:11.000Z</time>
      </trkpt>
      <trkpt lat="54.769164" lon="9.206116">
        <ele>13.383260</ele>
        <time>2021-05-16T09:38:19.000Z</time>
      </trkpt>
      <trkpt lat="54.769177" lon="9.206157">
        <ele>13.387979</ele>
        <time>2021-05-16T09:38:21.000Z</time>
      </trkpt>
      <trkpt lat="54.769210" lon="9.206232">
        <ele>13.397493</ele>
        <time>2021-05-16T09:38:25.000Z</time>
      </trkpt>
      <trkpt lat="54.769281" lon="9.206341">
        <ele>13.414075</ele>
        <time>2021-05-16T09:38:32.000Z</time>
      </trkpt>
      <trkpt lat="54.769323" lon="9.206441">
        <ele>13.426551</ele>
        <time>2021-05-16T09:38:38.000Z</time>
      </trkpt>
      <trkpt lat="54.769385" lon="9.206562">
        <ele>13.442875</ele>
        <time>2021-05-16T09:38:45.000Z</time>
      </trkpt>
      <trkpt lat="54.769407" lon="9.206640">
        <ele>13.451632</ele>
        <time>2021-05-16T09:38:50.000Z</time>
      </trkpt>
      <trkpt lat="54.769411" lon="9.206659">
        <ele>13.453672</ele>
        <time>2021-05-16T09:38:51.000Z</time>
      </trkpt>
      <trkpt lat="54.769416" lon="9.206703">
        <ele>13.458195</ele>
        <time>2021-05-16T09:38:53.000Z</time>
      </trkpt>
      <trkpt lat="54.769444" lon="9.206756">
        <ele>13.465444</ele>
        <time>2021-05-16T09:38:56.000Z</time>
      </trkpt>
      <trkpt lat="54.769448" lon="9.206775">
        <ele>13.467484</ele>
        <time>2021-05-16T09:38:57.000Z</time>
      </trkpt>
      <trkpt lat="54.769474" lon="9.206854">
        <ele>13.476462</ele>
        <time>2021-05-16T09:39:02.000Z</time>
      </trkpt>
      <trkpt lat="54.769481" lon="9.206869">
        <ele>13.477952</ele>
        <time>2021-05-16T09:39:03.000Z</time>
      </trkpt>
      <trkpt lat="54.769491" lon="9.206884">
        <ele>13.479722</ele>
        <time>2021-05-16T09:39:04.000Z</time>
      </trkpt>
      <trkpt lat="54.769498" lon="9.206896">
        <ele>13.481040</ele>
        <time>2021-05-16T09:39:05.000Z</time>
      </trkpt>
      <trkpt lat="54.769513" lon="9.206958">
        <ele>13.486232</ele>
        <time>2021-05-16T09:39:09.000Z</time>
      </trkpt>
      <trkpt lat="54.769534" lon="9.207069">
        <ele>13.495253</ele>
        <time>2021-05-16T09:39:14.000Z</time>
      </trkpt>
      <trkpt lat="54.769538" lon="9.207119">
        <ele>13.499151</ele>
        <time>2021-05-16T09:39:16.000Z</time>
      </trkpt>
      <trkpt lat="54.769547" lon="9.207158">
        <ele>13.502394</ele>
        <time>2021-05-16T09:39:18.000Z</time>
      </trkpt>
      <trkpt lat="54.769559" lon="9.207215">
        <ele>13.507080</ele>
        <time>2021-05-16T09:39:21.000Z</time>
      </trkpt>
      <trkpt lat="54.769561" lon="9.207234">
        <ele>13.508571</ele>
        <time>2021-05-16T09:39:22.000Z</time>
      </trkpt>
      <trkpt lat="54.769588" lon="9.207316">
        <ele>13.515862</ele>
        <time>2021-05-16T09:39:27.000Z</time>
      </trkpt>
      <trkpt lat="54.769594" lon="9.207330">
        <ele>13.517209</ele>
        <time>2021-05-16T09:39:28.000Z</time>
      </trkpt>
      <trkpt lat="54.769620" lon="9.207387">
        <ele>13.522821</ele>
        <time>2021-05-16T09:39:32.000Z</time>
      </trkpt>
      <trkpt lat="54.769629" lon="9.207418">
        <ele>13.525501</ele>
        <time>2021-05-16T09:39:34.000Z</time>
      </trkpt>
      <trkpt lat="54.769672" lon="9.207512">
        <ele>13.534765</ele>
        <time>2021-05-16T09:39:40.000Z</time>
      </trkpt>
      <trkpt lat="54.769680" lon="9.207561">
        <ele>13.538697</ele>
        <time>2021-05-16T09:39:42.000Z</time>
      </trkpt>
      <trkpt lat="54.769687" lon="9.207583">
        <ele>13.540637</ele>
        <time>2021-05-16T09:39:43.000Z</time>
      </trkpt>
      <trkpt lat="54.769686" lon="9.207603">
        <ele>13.542188</ele>
        <time>2021-05-16T09:39:44.000Z</time>
      </trkpt>
      <trkpt lat="54.769704" lon="9.207703">
        <ele>13.550277</ele>
        <time>2021-05-16T09:39:49.000Z</time>
      </trkpt>
      <trkpt lat="54.769707" lon="9.207719">
        <ele>13.551576</ele>
        <time>2021-05-16T09:39:50.000Z</time>
      </trkpt>
      <trkpt lat="54.769710" lon="9.207748">
        <ele>13.553851</ele>
        <time>2021-05-16T09:39:52.000Z</time>
      </trkpt>
      <trkpt lat="54.769717" lon="9.207794">
        <ele>13.557525</ele>
        <time>2021-05-16T09:39:55.000Z</time>
      </trkpt>
      <trkpt lat="54.769717" lon="9.207807">
        <ele>13.558529</ele>
        <time>2021-05-16T09:39:56.000Z</time>
      </trkpt>
      <trkpt lat="54.769716" lon="9.207819">
        <ele>13.559465</ele>
        <time>2021-05-16T09:39:57.000Z</time>
      </trkpt>
      <trkpt lat="54.769718" lon="9.207918">
        <ele>13.567115</ele>
        <time>2021-05-16T09:40:02.000Z</time>
      </trkpt>
      <trkpt lat="54.769723" lon="9.207941">
        <ele>13.569013</ele>
        <time>2021-05-16T09:40:03.000Z</time>
      </trkpt>
      <trkpt lat="54.769726" lon="9.207959">
        <ele>13.570459</ele>
        <time>2021-05-16T09:40:04.000Z</time>
      </trkpt>
      <trkpt lat="54.769770" lon="9.208091">
        <ele>13.582232</ele>
        <time>2021-05-16T09:40:10.000Z</time>
      </trkpt>
      <trkpt lat="54.769775" lon="9.208109">
        <ele>13.583775</ele>
        <time>2021-05-16T09:40:11.000Z</time>
      </trkpt>
      <trkpt lat="54.769810" lon="9.208148">
        <ele>13.589344</ele>
        <time>2021-05-16T09:40:14.000Z</time>
      </trkpt>
      <trkpt lat="54.769816" lon="9.208161">
        <ele>13.590630</ele>
        <time>2021-05-16T09:40:15.000Z</time>
      </trkpt>
      <trkpt lat="54.769822" lon="9.208184">
        <ele>13.592579</ele>
        <time>2021-05-16T09:40:16.000Z</time>
      </trkpt>
      <trkpt lat="54.769833" lon="9.208200">
        <ele>13.594502</ele>
        <time>2021-05-16T09:40:17.000Z</time>
      </trkpt>
      <trkpt lat="54.769903" lon="9.208306">
        <ele>13.606944</ele>
        <time>2021-05-16T09:40:24.000Z</time>
      </trkpt>
      <trkpt lat="54.769937" lon="9.208433">
        <ele>13.617755</ele>
        <time>2021-05-16T09:40:31.000Z</time>
      </trkpt>
      <trkpt lat="54.769940" lon="9.208454">
        <ele>13.619426</ele>
        <time>2021-05-16T09:40:32.000Z</time>
      </trkpt>
      <trkpt lat="54.769975" lon="9.208530">
        <ele>13.626936</ele>
        <time>2021-05-16T09:40:37.000Z</time>
      </trkpt>
      <trkpt lat="54.770009" lon="9.208623">
        <ele>13.635438</ele>
        <time>2021-05-16T09:40:43.000Z</time>
      </trkpt>
      <trkpt lat="54.770025" lon="9.208686">
        <ele>13.640753</ele>
        <time>2021-05-16T09:40:46.000Z</time>
      </trkpt>
      <trkpt lat="54.770033" lon="9.208736">
        <ele>13.644760</ele>
        <time>2021-05-16T09:40:49.000Z</time>
      </trkpt>
      <trkpt lat="54.770045" lon="9.208804">
        <ele>13.650251</ele>
        <time>2021-05-16T09:40:52.000Z</time>
      </trkpt>
      <trkpt lat="54.770061" lon="9.208845">
        <ele>13.654074</ele>
        <time>2021-05-16T09:40:54.000Z</time>
      </trkpt>
      <trkpt lat="54.770068" lon="9.208862">
        <ele>13.655687</ele>
        <time>2021-05-16T09:40:55.000Z</time>
      </trkpt>
      <trkpt lat="54.770113" lon="9.208948">
        <ele>13.664653</ele>
        <time>2021-05-16T09:41:01.000Z</time>
      </trkpt>
      <trkpt lat="54.770137" lon="9.208987">
        <ele>13.669056</ele>
        <time>2021-05-16T09:41:04.000Z</time>
      </trkpt>
      <trkpt lat="54.770155" lon="9.209019">
        <ele>13.672508</ele>
        <time>2021-05-16T09:41:07.000Z</time>
      </trkpt>
      <trkpt lat="54.770160" lon="9.209032">
        <ele>13.673714</ele>
        <time>2021-05-16T09:41:08.000Z</time>
      </trkpt>
      <trkpt lat="54.770171" lon="9.209093">
        <ele>13.678650</ele>
        <time>2021-05-16T09:41:11.000Z</time>
      </trkpt>
      <trkpt lat="54.770195" lon="9.209206">
        <ele>13.687948</ele>
        <time>2021-05-16T09:41:16.000Z</time>
      </trkpt>
      <trkpt lat="54.770214" lon="9.209252">
        <ele>13.692317</ele>
        <time>2021-05-16T09:41:19.000Z</time>
      </trkpt>
      <trkpt lat="54.770216" lon="9.209300">
        <ele>13.696033</ele>
        <time>2021-05-16T09:41:21.000Z</time>
      </trkpt>
      <trkpt lat="54.770213" lon="9.209325">
        <ele>13.698005</ele>
        <time>2021-05-16T09:41:22.000Z</time>
      </trkpt>
      <trkpt lat="54.770199" lon="9.209459">
        <ele>13.708521</ele>
        <time>2021-05-16T09:41:29.000Z</time>
      </trkpt>
      <trkpt lat="54.770200" lon="9.209515">
        <ele>13.712847</ele>
        <time>2021-05-16T09:41:33.000Z</time>
      </trkpt>
      <trkpt lat="54.770203" lon="9.209557">
        <ele>13.716115</ele>
        <time>2021-05-16T09:41:35.000Z</time>
      </trkpt>
      <trkpt lat="54.770201" lon="9.209594">
        <ele>13.721968</ele>
        <time>2021-05-16T09:41:37.000Z</time>
      </trkpt>
      <trkpt lat="54.770185" lon="9.209627">
        <ele>13.729457</ele>
        <time>2021-05-16T09:41:39.000Z</time>
      </trkpt>
      <trkpt lat="54.770171" lon="9.209647">
        <ele>13.734920</ele>
        <time>2021-05-16T09:41:41.000Z</time>
      </trkpt>
      <trkpt lat="54.770155" lon="9.209675">
        <ele>13.741767</ele>
        <time>2021-05-16T09:41:43.000Z</time>
      </trkpt>
      <trkpt lat="54.770131" lon="9.209712">
        <ele>13.751440</ele>
        <time>2021-05-16T09:41:46.000Z</time>
      </trkpt>
      <trkpt lat="54.770128" lon="9.209724">
        <ele>13.753712</ele>
        <time>2021-05-16T09:41:48.000Z</time>
      </trkpt>
      <trkpt lat="54.770117" lon="9.209720">
        <ele>13.757096</ele>
        <time>2021-05-16T09:41:55.000Z</time>
      </trkpt>
      <trkpt lat="54.770116" lon="9.209715">
        <ele>13.758016</ele>
        <time>2021-05-16T09:41:57.000Z</time>
      </trkpt>
      <trkpt lat="54.770120" lon="9.209716">
        <ele>13.759233</ele>
        <time>2021-05-16T09:41:58.000Z</time>
      </trkpt>
      <trkpt lat="54.770151" lon="9.209684">
        <ele>13.770098</ele>
        <time>2021-05-16T09:42:02.000Z</time>
      </trkpt>
      <trkpt lat="54.770216" lon="9.209622">
        <ele>13.792441</ele>
        <time>2021-05-16T09:42:08.000Z</time>
      </trkpt>
      <trkpt lat="54.770275" lon="9.209584">
        <ele>13.811396</ele>
        <time>2021-05-16T09:42:13.000Z</time>
      </trkpt>
      <trkpt lat="54.770282" lon="9.209573">
        <ele>13.814241</ele>
        <time>2021-05-16T09:42:14.000Z</time>
      </trkpt>
      <trkpt lat="54.770307" lon="9.209522">
        <ele>13.825868</ele>
        <time>2021-05-16T09:42:18.000Z</time>
      </trkpt>
      <trkpt lat="54.770319" lon="9.209478">
        <ele>13.834323</ele>
        <time>2021-05-16T09:42:20.000Z</time>
      </trkpt>
      <trkpt lat="54.770338" lon="9.209444">
        <ele>13.842547</ele>
        <time>2021-05-16T09:42:23.000Z</time>
      </trkpt>
      <trkpt lat="54.770356" lon="9.209427">
        <ele>13.848720</ele>
        <time>2021-05-16T09:42:25.000Z</time>
      </trkpt>
      <trkpt lat="54.770365" lon="9.209416">
        <ele>13.852036</ele>
        <time>2021-05-16T09:42:26.000Z</time>
      </trkpt>
      <trkpt lat="54.770388" lon="9.209387">
        <ele>13.860601</ele>
        <time>2021-05-16T09:42:29.000Z</time>
      </trkpt>
      <trkpt lat="54.770459" lon="9.209307">
        <ele>13.886103</ele>
        <time>2021-05-16T09:42:35.000Z</time>
      </trkpt>
      <trkpt lat="54.770468" lon="9.209297">
        <ele>13.889322</ele>
        <time>2021-05-16T09:42:36.000Z</time>
      </trkpt>
      <trkpt lat="54.770545" lon="9.209265">
        <ele>13.913168</ele>
        <time>2021-05-16T09:42:41.000Z</time>
      </trkpt>
      <trkpt lat="54.770564" lon="9.209262">
        <ele>13.918914</ele>
        <time>2021-05-16T09:42:43.000Z</time>
      </trkpt>
      <trkpt lat="54.770552" lon="9.209266">
        <ele>13.922594</ele>
        <time>2021-05-16T09:42:47.000Z</time>
      </trkpt>
      <trkpt lat="54.770587" lon="9.209244">
        <ele>13.933806</ele>
        <time>2021-05-16T09:42:53.000Z</time>
      </trkpt>
      <trkpt lat="54.770616" lon="9.209165">
        <ele>13.950073</ele>
        <time>2021-05-16T09:43:00.000Z</time>
      </trkpt>
      <trkpt lat="54.770640" lon="9.209111">
        <ele>13.961916</ele>
        <time>2021-05-16T09:43:04.000Z</time>
      </trkpt>
      <trkpt lat="54.770656" lon="9.209088">
        <ele>13.968175</ele>
        <time>2021-05-16T09:43:05.000Z</time>
      </trkpt>
      <trkpt lat="54.770663" lon="9.209073">
        <ele>13.971527</ele>
        <time>2021-05-16T09:43:06.000Z</time>
      </trkpt>
      <trkpt lat="54.770696" lon="9.208995">
        <ele>13.988331</ele>
        <time>2021-05-16T09:43:12.000Z</time>
      </trkpt>
      <trkpt lat="54.770700" lon="9.208970">
        <ele>13.992838</ele>
        <time>2021-05-16T09:43:14.000Z</time>
      </trkpt>
      <trkpt lat="54.770713" lon="9.208949">
        <ele>13.998189</ele>
        <time>2021-05-16T09:43:16.000Z</time>
      </trkpt>
      <trkpt lat="54.770717" lon="9.208938">
        <ele>14.000448</ele>
        <time>2021-05-16T09:43:17.000Z</time>
      </trkpt>
      <trkpt lat="54.770756" lon="9.208920">
        <ele>14.012602</ele>
        <time>2021-05-16T09:43:20.000Z</time>
      </trkpt>
      <trkpt lat="54.770777" lon="9.208913">
        <ele>14.019043</ele>
        <time>2021-05-16T09:43:22.000Z</time>
      </trkpt>
      <trkpt lat="54.770789" lon="9.208908">
        <ele>14.022759</ele>
        <time>2021-05-16T09:43:23.000Z</time>
      </trkpt>
      <trkpt lat="54.770859" lon="9.208872">
        <ele>14.044748</ele>
        <time>2021-05-16T09:43:30.000Z</time>
      </trkpt>
      <trkpt lat="54.770891" lon="9.208827">
        <ele>14.057157</ele>
        <time>2021-05-16T09:43:34.000Z</time>
      </trkpt>
      <trkpt lat="54.770902" lon="9.208818">
        <ele>14.060820</ele>
        <time>2021-05-16T09:43:36.000Z</time>
      </trkpt>
      <trkpt lat="54.770913" lon="9.208798">
        <ele>14.065621</ele>
        <time>2021-05-16T09:43:38.000Z</time>
      </trkpt>
      <trkpt lat="54.770933" lon="9.208788">
        <ele>14.071890</ele>
        <time>2021-05-16T09:43:40.000Z</time>
      </trkpt>
      <trkpt lat="54.770942" lon="9.208782">
        <ele>14.074794</ele>
        <time>2021-05-16T09:43:41.000Z</time>
      </trkpt>
      <trkpt lat="54.770957" lon="9.208773">
        <ele>14.079574</ele>
        <time>2021-05-16T09:43:42.000Z</time>
      </trkpt>
      <trkpt lat="54.770988" lon="9.208754">
        <ele>14.089476</ele>
        <time>2021-05-16T09:43:44.000Z</time>
      </trkpt>
      <trkpt lat="54.771007" lon="9.208744">
        <ele>14.095456</ele>
        <time>2021-05-16T09:43:46.000Z</time>
      </trkpt>
      <trkpt lat="54.771013" lon="9.208735">
        <ele>14.097845</ele>
        <time>2021-05-16T09:43:47.000Z</time>
      </trkpt>
      <trkpt lat="54.771020" lon="9.208724">
        <ele>14.100690</ele>
        <time>2021-05-16T09:43:48.000Z</time>
      </trkpt>
      <trkpt lat="54.771090" lon="9.208665">
        <ele>14.124131</ele>
        <time>2021-05-16T09:43:53.000Z</time>
      </trkpt>
      <trkpt lat="54.771138" lon="9.208624">
        <ele>14.140246</ele>
        <time>2021-05-16T09:43:56.000Z</time>
      </trkpt>
      <trkpt lat="54.771176" lon="9.208565">
        <ele>14.155609</ele>
        <time>2021-05-16T09:44:01.000Z</time>
      </trkpt>
      <trkpt lat="54.771227" lon="9.208539">
        <ele>14.171618</ele>
        <time>2021-05-16T09:44:05.000Z</time>
      </trkpt>
      <trkpt lat="54.771247" lon="9.208524">
        <ele>14.178180</ele>
        <time>2021-05-16T09:44:07.000Z</time>
      </trkpt>
      <trkpt lat="54.771258" lon="9.208512">
        <ele>14.182095</ele>
        <time>2021-05-16T09:44:08.000Z</time>
      </trkpt>
      <trkpt lat="54.771299" lon="9.208473">
        <ele>14.196179</ele>
        <time>2021-05-16T09:44:13.000Z</time>
      </trkpt>
      <trkpt lat="54.771315" lon="9.208465">
        <ele>14.201193</ele>
        <time>2021-05-16T09:44:15.000Z</time>
      </trkpt>
      <trkpt lat="54.771324" lon="9.208460">
        <ele>14.204040</ele>
        <time>2021-05-16T09:44:16.000Z</time>
      </trkpt>
      <trkpt lat="54.771371" lon="9.208420">
        <ele>14.219808</ele>
        <time>2021-05-16T09:44:20.000Z</time>
      </trkpt>
      <trkpt lat="54.771405" lon="9.208403">
        <ele>14.230464</ele>
        <time>2021-05-16T09:44:22.000Z</time>
      </trkpt>
      <trkpt lat="54.771444" lon="9.208382">
        <ele>14.242763</ele>
        <time>2021-05-16T09:44:24.000Z</time>
      </trkpt>
      <trkpt lat="54.771469" lon="9.208377">
        <ele>14.250342</ele>
        <time>2021-05-16T09:44:26.000Z</time>
      </trkpt>
      <trkpt lat="54.771489" lon="9.208371">
        <ele>14.256454</ele>
        <time>2021-05-16T09:44:27.000Z</time>
      </trkpt>
      <trkpt lat="54.771516" lon="9.208363">
        <ele>14.251488</ele>
        <time>2021-05-16T09:44:29.000Z</time>
      </trkpt>
      <trkpt lat="54.771520" lon="9.208359">
        <ele>14.250022</ele>
        <time>2021-05-16T09:44:30.000Z</time>
      </trkpt>
      <trkpt lat="54.771549" lon="9.208338">
        <ele>14.240047</ele>
        <time>2021-05-16T09:44:33.000Z</time>
      </trkpt>
      <trkpt lat="54.771561" lon="9.208333">
        <ele>14.236130</ele>
        <time>2021-05-16T09:44:34.000Z</time>
      </trkpt>
      <trkpt lat="54.771598" lon="9.208310">
        <ele>14.223655</ele>
        <time>2021-05-16T09:44:36.000Z</time>
      </trkpt>
      <trkpt lat="54.771633" lon="9.208284">
        <ele>14.211570</ele>
        <time>2021-05-16T09:44:38.000Z</time>
      </trkpt>
      <trkpt lat="54.771669" lon="9.208257">
        <ele>14.199121</ele>
        <time>2021-05-16T09:44:40.000Z</time>
      </trkpt>
      <trkpt lat="54.771679" lon="9.208249">
        <ele>14.195625</ele>
        <time>2021-05-16T09:44:41.000Z</time>
      </trkpt>
      <trkpt lat="54.771689" lon="9.208243">
        <ele>14.192267</ele>
        <time>2021-05-16T09:44:43.000Z</time>
      </trkpt>
      <trkpt lat="54.771705" lon="9.208229">
        <ele>14.186578</ele>
        <time>2021-05-16T09:44:45.000Z</time>
      </trkpt>
      <trkpt lat="54.771716" lon="9.208212">
        <ele>14.181901</ele>
        <time>2021-05-16T09:44:47.000Z</time>
      </trkpt>
      <trkpt lat="54.771730" lon="9.208194">
        <ele>14.176369</ele>
        <time>2021-05-16T09:44:49.000Z</time>
      </trkpt>
      <trkpt lat="54.771764" lon="9.208160">
        <ele>14.163912</ele>
        <time>2021-05-16T09:44:54.000Z</time>
      </trkpt>
      <trkpt lat="54.771793" lon="9.208131">
        <ele>14.153286</ele>
        <time>2021-05-16T09:44:58.000Z</time>
      </trkpt>
      <trkpt lat="54.771849" lon="9.208087">
        <ele>14.133773</ele>
        <time>2021-05-16T09:45:03.000Z</time>
      </trkpt>
      <trkpt lat="54.771863" lon="9.208077">
        <ele>14.128967</ele>
        <time>2021-05-16T09:45:04.000Z</time>
      </trkpt>
      <trkpt lat="54.771888" lon="9.208053">
        <ele>14.119897</ele>
        <time>2021-05-16T09:45:06.000Z</time>
      </trkpt>
      <trkpt lat="54.771913" lon="9.208033">
        <ele>14.111158</ele>
        <time>2021-05-16T09:45:09.000Z</time>
      </trkpt>
      <trkpt lat="54.771935" lon="9.208018">
        <ele>14.103655</ele>
        <time>2021-05-16T09:45:11.000Z</time>
      </trkpt>
      <trkpt lat="54.771969" lon="9.207975">
        <ele>14.090298</ele>
        <time>2021-05-16T09:45:15.000Z</time>
      </trkpt>
      <trkpt lat="54.771979" lon="9.207968">
        <ele>14.086875</ele>
        <time>2021-05-16T09:45:16.000Z</time>
      </trkpt>
      <trkpt lat="54.772029" lon="9.207925">
        <ele>14.069161</ele>
        <time>2021-05-16T09:45:20.000Z</time>
      </trkpt>
      <trkpt lat="54.772055" lon="9.207907">
        <ele>14.060275</ele>
        <time>2021-05-16T09:45:22.000Z</time>
      </trkpt>
      <trkpt lat="54.772092" lon="9.207847">
        <ele>14.044195</ele>
        <time>2021-05-16T09:45:27.000Z</time>
      </trkpt>
      <trkpt lat="54.772110" lon="9.207818">
        <ele>14.036396</ele>
        <time>2021-05-16T09:45:29.000Z</time>
      </trkpt>
      <trkpt lat="54.772131" lon="9.207801">
        <ele>14.029041</ele>
        <time>2021-05-16T09:45:31.000Z</time>
      </trkpt>
      <trkpt lat="54.772138" lon="9.207796">
        <ele>14.026638</ele>
        <time>2021-05-16T09:45:32.000Z</time>
      </trkpt>
      <trkpt lat="54.772166" lon="9.207770">
        <ele>14.016556</ele>
        <time>2021-05-16T09:45:35.000Z</time>
      </trkpt>
      <trkpt lat="54.772181" lon="9.207753">
        <ele>14.010869</ele>
        <time>2021-05-16T09:45:38.000Z</time>
      </trkpt>
      <trkpt lat="54.772207" lon="9.207745">
        <ele>14.002488</ele>
        <time>2021-05-16T09:45:40.000Z</time>
      </trkpt>
      <trkpt lat="54.772221" lon="9.207737">
        <ele>13.997809</ele>
        <time>2021-05-16T09:45:41.000Z</time>
      </trkpt>
      <trkpt lat="54.772260" lon="9.207707">
        <ele>13.984268</ele>
        <time>2021-05-16T09:45:44.000Z</time>
      </trkpt>
      <trkpt lat="54.772308" lon="9.207681">
        <ele>13.968307</ele>
        <time>2021-05-16T09:45:48.000Z</time>
      </trkpt>
      <trkpt lat="54.772316" lon="9.207676">
        <ele>13.965608</ele>
        <time>2021-05-16T09:45:49.000Z</time>
      </trkpt>
      <trkpt lat="54.772335" lon="9.207660">
        <ele>13.958904</ele>
        <time>2021-05-16T09:45:51.000Z</time>
      </trkpt>
      <trkpt lat="54.772365" lon="9.207632">
        <ele>13.948090</ele>
        <time>2021-05-16T09:45:54.000Z</time>
      </trkpt>
      <trkpt lat="54.772381" lon="9.207628">
        <ele>13.942960</ele>
        <time>2021-05-16T09:45:55.000Z</time>
      </trkpt>
      <trkpt lat="54.772393" lon="9.207625">
        <ele>13.939112</ele>
        <time>2021-05-16T09:45:56.000Z</time>
      </trkpt>
      <trkpt lat="54.772480" lon="9.207550">
        <ele>13.908274</ele>
        <time>2021-05-16T09:46:02.000Z</time>
      </trkpt>
      <trkpt lat="54.772540" lon="9.207453">
        <ele>13.882236</ele>
        <time>2021-05-16T09:46:08.000Z</time>
      </trkpt>
      <trkpt lat="54.772543" lon="9.207439">
        <ele>13.879502</ele>
        <time>2021-05-16T09:46:09.000Z</time>
      </trkpt>
      <trkpt lat="54.772517" lon="9.207362">
        <ele>13.863167</ele>
        <time>2021-05-16T09:46:13.000Z</time>
      </trkpt>
      <trkpt lat="54.772508" lon="9.207341">
        <ele>13.858378</ele>
        <time>2021-05-16T09:46:15.000Z</time>
      </trkpt>
      <trkpt lat="54.772502" lon="9.207299">
        <ele>13.850456</ele>
        <time>2021-05-16T09:46:18.000Z</time>
      </trkpt>
      <trkpt lat="54.772492" lon="9.207263">
        <ele>13.843141</ele>
        <time>2021-05-16T09:46:21.000Z</time>
      </trkpt>
      <trkpt lat="54.772486" lon="9.207241">
        <ele>13.838686</ele>
        <time>2021-05-16T09:46:23.000Z</time>
      </trkpt>
      <trkpt lat="54.772479" lon="9.207209">
        <ele>13.832421</ele>
        <time>2021-05-16T09:46:25.000Z</time>
      </trkpt>
      <trkpt lat="54.772458" lon="9.207171">
        <ele>13.822787</ele>
        <time>2021-05-16T09:46:27.000Z</time>
      </trkpt>
      <trkpt lat="54.772451" lon="9.207122">
        <ele>13.813545</ele>
        <time>2021-05-16T09:46:30.000Z</time>
      </trkpt>
      <trkpt lat="54.772447" lon="9.207097">
        <ele>13.808795</ele>
        <time>2021-05-16T09:46:31.000Z</time>
      </trkpt>
      <trkpt lat="54.772421" lon="9.207010">
        <ele>13.790857</ele>
        <time>2021-05-16T09:46:35.000Z</time>
      </trkpt>
      <trkpt lat="54.772414" lon="9.206989">
        <ele>13.786417</ele>
        <time>2021-05-16T09:46:36.000Z</time>
      </trkpt>
      <trkpt lat="54.772408" lon="9.206972">
        <ele>13.782768</ele>
        <time>2021-05-16T09:46:37.000Z</time>
      </trkpt>
      <trkpt lat="54.772391" lon="9.206917">
        <ele>13.771345</ele>
        <time>2021-05-16T09:46:40.000Z</time>
      </trkpt>
      <trkpt lat="54.772386" lon="9.206888">
        <ele>13.765803</ele>
        <time>2021-05-16T09:46:41.000Z</time>
      </trkpt>
      <trkpt lat="54.772381" lon="9.206859">
        <ele>13.760262</ele>
        <time>2021-05-16T09:46:42.000Z</time>
      </trkpt>
      <trkpt lat="54.772364" lon="9.206773">
        <ele>13.743619</ele>
        <time>2021-05-16T09:46:46.000Z</time>
      </trkpt>
      <trkpt lat="54.772356" lon="9.206726">
        <ele>13.734648</ele>
        <time>2021-05-16T09:46:48.000Z</time>
      </trkpt>
      <trkpt lat="54.772347" lon="9.206649">
        <ele>13.720264</ele>
        <time>2021-05-16T09:46:52.000Z</time>
      </trkpt>
      <trkpt lat="54.772357" lon="9.206623">
        <ele>13.714543</ele>
        <time>2021-05-16T09:46:54.000Z</time>
      </trkpt>
      <trkpt lat="54.772357" lon="9.206605">
        <ele>13.711248</ele>
        <time>2021-05-16T09:46:55.000Z</time>
      </trkpt>
      <trkpt lat="54.772329" lon="9.206487">
        <ele>13.687889</ele>
        <time>2021-05-16T09:47:01.000Z</time>
      </trkpt>
      <trkpt lat="54.772268" lon="9.206322">
        <ele>13.590417</ele>
        <time>2021-05-16T09:47:09.000Z</time>
      </trkpt>
      <trkpt lat="54.772229" lon="9.206114">
        <ele>13.480713</ele>
        <time>2021-05-16T09:47:17.000Z</time>
      </trkpt>
      <trkpt lat="54.772205" lon="9.206008">
        <ele>13.423595</ele>
        <time>2021-05-16T09:47:23.000Z</time>
      </trkpt>
      <trkpt lat="54.772203" lon="9.205992">
        <ele>13.415383</ele>
        <time>2021-05-16T09:47:24.000Z</time>
      </trkpt>
      <trkpt lat="54.772180" lon="9.205897">
        <ele>13.363705</ele>
        <time>2021-05-16T09:47:30.000Z</time>
      </trkpt>
      <trkpt lat="54.772173" lon="9.205862">
        <ele>13.345124</ele>
        <time>2021-05-16T09:47:32.000Z</time>
      </trkpt>
      <trkpt lat="54.772168" lon="9.205821">
        <ele>13.324105</ele>
        <time>2021-05-16T09:47:34.000Z</time>
      </trkpt>
      <trkpt lat="54.772172" lon="9.205768">
        <ele>13.297294</ele>
        <time>2021-05-16T09:47:37.000Z</time>
      </trkpt>
      <trkpt lat="54.772159" lon="9.205731">
        <ele>13.275563</ele>
        <time>2021-05-16T09:47:39.000Z</time>
      </trkpt>
      <trkpt lat="54.772141" lon="9.205697">
        <ele>13.252415</ele>
        <time>2021-05-16T09:47:41.000Z</time>
      </trkpt>
      <trkpt lat="54.772126" lon="9.205651">
        <ele>13.225910</ele>
        <time>2021-05-16T09:47:43.000Z</time>
      </trkpt>
      <trkpt lat="54.772110" lon="9.205623">
        <ele>13.206141</ele>
        <time>2021-05-16T09:47:45.000Z</time>
      </trkpt>
      <trkpt lat="54.772108" lon="9.205609">
        <ele>13.198907</ele>
        <time>2021-05-16T09:47:46.000Z</time>
      </trkpt>
      <trkpt lat="54.772104" lon="9.205579">
        <ele>13.183462</ele>
        <time>2021-05-16T09:47:48.000Z</time>
      </trkpt>
      <trkpt lat="54.772090" lon="9.205540">
        <ele>13.160421</ele>
        <time>2021-05-16T09:47:50.000Z</time>
      </trkpt>
      <trkpt lat="54.772071" lon="9.205392">
        <ele>13.084370</ele>
        <time>2021-05-16T09:47:57.000Z</time>
      </trkpt>
      <trkpt lat="54.772071" lon="9.205365">
        <ele>13.070827</ele>
        <time>2021-05-16T09:47:58.000Z</time>
      </trkpt>
      <trkpt lat="54.772061" lon="9.205319">
        <ele>13.046169</ele>
        <time>2021-05-16T09:48:00.000Z</time>
      </trkpt>
      <trkpt lat="54.772059" lon="9.205269">
        <ele>13.021029</ele>
        <time>2021-05-16T09:48:02.000Z</time>
      </trkpt>
      <trkpt lat="54.772045" lon="9.205227">
        <ele>12.996698</ele>
        <time>2021-05-16T09:48:04.000Z</time>
      </trkpt>
      <trkpt lat="54.771972" lon="9.205064">
        <ele>12.893189</ele>
        <time>2021-05-16T09:48:14.000Z</time>
      </trkpt>
      <trkpt lat="54.771954" lon="9.205034">
        <ele>12.871477</ele>
        <time>2021-05-16T09:48:16.000Z</time>
      </trkpt>
      <trkpt lat="54.771929" lon="9.205005">
        <ele>12.845320</ele>
        <time>2021-05-16T09:48:19.000Z</time>
      </trkpt>
      <trkpt lat="54.771925" lon="9.204992">
        <ele>12.837930</ele>
        <time>2021-05-16T09:48:20.000Z</time>
      </trkpt>
      <trkpt lat="54.771921" lon="9.204978">
        <ele>12.830093</ele>
        <time>2021-05-16T09:48:21.000Z</time>
      </trkpt>
      <trkpt lat="54.771923" lon="9.204915">
        <ele>12.798445</ele>
        <time>2021-05-16T09:48:25.000Z</time>
      </trkpt>
      <trkpt lat="54.771922" lon="9.204896">
        <ele>12.788875</ele>
        <time>2021-05-16T09:48:26.000Z</time>
      </trkpt>
      <trkpt lat="54.771915" lon="9.204880">
        <ele>12.778802</ele>
        <time>2021-05-16T09:48:27.000Z</time>
      </trkpt>
      <trkpt lat="54.771905" lon="9.204823">
        <ele>12.748918</ele>
        <time>2021-05-16T09:48:30.000Z</time>
      </trkpt>
      <trkpt lat="54.771911" lon="9.204767">
        <ele>12.720349</ele>
        <time>2021-05-16T09:48:33.000Z</time>
      </trkpt>
      <trkpt lat="54.771891" lon="9.204663">
        <ele>12.665360</ele>
        <time>2021-05-16T09:48:38.000Z</time>
      </trkpt>
      <trkpt lat="54.771883" lon="9.204628">
        <ele>12.646477</ele>
        <time>2021-05-16T09:48:40.000Z</time>
      </trkpt>
      <trkpt lat="54.771873" lon="9.204597">
        <ele>12.628661</ele>
        <time>2021-05-16T09:48:42.000Z</time>
      </trkpt>
      <trkpt lat="54.771862" lon="9.204546">
        <ele>12.601350</ele>
        <time>2021-05-16T09:48:45.000Z</time>
      </trkpt>
      <trkpt lat="54.771859" lon="9.204522">
        <ele>12.589032</ele>
        <time>2021-05-16T09:48:46.000Z</time>
      </trkpt>
      <trkpt lat="54.771852" lon="9.204500">
        <ele>12.576430</ele>
        <time>2021-05-16T09:48:47.000Z</time>
      </trkpt>
      <trkpt lat="54.771820" lon="9.204423">
        <ele>12.528827</ele>
        <time>2021-05-16T09:48:51.000Z</time>
      </trkpt>
      <trkpt lat="54.771809" lon="9.204384">
        <ele>12.507052</ele>
        <time>2021-05-16T09:48:54.000Z</time>
      </trkpt>
      <trkpt lat="54.771806" lon="9.204346">
        <ele>12.487813</ele>
        <time>2021-05-16T09:48:56.000Z</time>
      </trkpt>
      <trkpt lat="54.771801" lon="9.204298">
        <ele>12.463347</ele>
        <time>2021-05-16T09:48:58.000Z</time>
      </trkpt>
      <trkpt lat="54.771798" lon="9.204276">
        <ele>12.452008</ele>
        <time>2021-05-16T09:48:59.000Z</time>
      </trkpt>
      <trkpt lat="54.771772" lon="9.204192">
        <ele>12.404191</ele>
        <time>2021-05-16T09:49:03.000Z</time>
      </trkpt>
      <trkpt lat="54.771742" lon="9.204103">
        <ele>12.352486</ele>
        <time>2021-05-16T09:49:08.000Z</time>
      </trkpt>
      <trkpt lat="54.771736" lon="9.204074">
        <ele>12.337033</ele>
        <time>2021-05-16T09:49:10.000Z</time>
      </trkpt>
      <trkpt lat="54.771726" lon="9.204040">
        <ele>12.317889</ele>
        <time>2021-05-16T09:49:12.000Z</time>
      </trkpt>
      <trkpt lat="54.771715" lon="9.203983">
        <ele>12.287741</ele>
        <time>2021-05-16T09:49:16.000Z</time>
      </trkpt>
      <trkpt lat="54.771710" lon="9.203944">
        <ele>12.267701</ele>
        <time>2021-05-16T09:49:18.000Z</time>
      </trkpt>
      <trkpt lat="54.771707" lon="9.203930">
        <ele>12.260210</ele>
        <time>2021-05-16T09:49:19.000Z</time>
      </trkpt>
      <trkpt lat="54.771686" lon="9.203870">
        <ele>12.225008</ele>
        <time>2021-05-16T09:49:23.000Z</time>
      </trkpt>
      <trkpt lat="54.771681" lon="9.203849">
        <ele>12.213612</ele>
        <time>2021-05-16T09:49:24.000Z</time>
      </trkpt>
      <trkpt lat="54.771677" lon="9.203818">
        <ele>12.197678</ele>
        <time>2021-05-16T09:49:26.000Z</time>
      </trkpt>
      <trkpt lat="54.771674" lon="9.203791">
        <ele>12.183886</ele>
        <time>2021-05-16T09:49:27.000Z</time>
      </trkpt>
      <trkpt lat="54.771666" lon="9.203729">
        <ele>12.152019</ele>
        <time>2021-05-16T09:49:29.000Z</time>
      </trkpt>
      <trkpt lat="54.771645" lon="9.203665">
        <ele>12.117830</ele>
        <time>2021-05-16T09:49:33.000Z</time>
      </trkpt>
      <trkpt lat="54.771640" lon="9.203652">
        <ele>12.112586</ele>
        <time>2021-05-16T09:49:34.000Z</time>
      </trkpt>
      <trkpt lat="54.771616" lon="9.203619">
        <ele>12.094765</ele>
        <time>2021-05-16T09:49:37.000Z</time>
      </trkpt>
      <trkpt lat="54.771596" lon="9.203583">
        <ele>12.077992</ele>
        <time>2021-05-16T09:49:39.000Z</time>
      </trkpt>
      <trkpt lat="54.771573" lon="9.203526">
        <ele>12.054647</ele>
        <time>2021-05-16T09:49:42.000Z</time>
      </trkpt>
      <trkpt lat="54.771537" lon="9.203454">
        <ele>12.022671</ele>
        <time>2021-05-16T09:49:46.000Z</time>
      </trkpt>
      <trkpt lat="54.771528" lon="9.203420">
        <ele>12.010117</ele>
        <time>2021-05-16T09:49:48.000Z</time>
      </trkpt>
      <trkpt lat="54.771523" lon="9.203378">
        <ele>11.995725</ele>
        <time>2021-05-16T09:49:51.000Z</time>
      </trkpt>
      <trkpt lat="54.771522" lon="9.203364">
        <ele>11.990991</ele>
        <time>2021-05-16T09:49:52.000Z</time>
      </trkpt>
      <trkpt lat="54.771520" lon="9.203348">
        <ele>11.985497</ele>
        <time>2021-05-16T09:49:53.000Z</time>
      </trkpt>
      <trkpt lat="54.771514" lon="9.203320">
        <ele>11.975473</ele>
        <time>2021-05-16T09:49:54.000Z</time>
      </trkpt>
      <trkpt lat="54.771497" lon="9.203277">
        <ele>11.957978</ele>
        <time>2021-05-16T09:49:56.000Z</time>
      </trkpt>
      <trkpt lat="54.771495" lon="9.203254">
        <ele>11.950173</ele>
        <time>2021-05-16T09:49:57.000Z</time>
      </trkpt>
      <trkpt lat="54.771510" lon="9.203185">
        <ele>11.925427</ele>
        <time>2021-05-16T09:50:00.000Z</time>
      </trkpt>
      <trkpt lat="54.771463" lon="9.203000">
        <ele>11.857588</ele>
        <time>2021-05-16T09:50:09.000Z</time>
      </trkpt>
      <trkpt lat="54.771459" lon="9.202961">
        <ele>11.844294</ele>
        <time>2021-05-16T09:50:11.000Z</time>
      </trkpt>
      <trkpt lat="54.771457" lon="9.202932">
        <ele>11.834493</ele>
        <time>2021-05-16T09:50:13.000Z</time>
      </trkpt>
      <trkpt lat="54.771453" lon="9.202920">
        <ele>11.829842</ele>
        <time>2021-05-16T09:50:14.000Z</time>
      </trkpt>
      <trkpt lat="54.771440" lon="9.202907">
        <ele>11.821110</ele>
        <time>2021-05-16T09:50:15.000Z</time>
      </trkpt>
      <trkpt lat="54.771410" lon="9.202837">
        <ele>11.791845</ele>
        <time>2021-05-16T09:50:19.000Z</time>
      </trkpt>
      <trkpt lat="54.771360" lon="9.202753">
        <ele>11.751338</ele>
        <time>2021-05-16T09:50:24.000Z</time>
      </trkpt>
      <trkpt lat="54.771353" lon="9.202735">
        <ele>11.744053</ele>
        <time>2021-05-16T09:50:25.000Z</time>
      </trkpt>
      <trkpt lat="54.771334" lon="9.202654">
        <ele>11.714708</ele>
        <time>2021-05-16T09:50:30.000Z</time>
      </trkpt>
      <trkpt lat="54.771328" lon="9.202636">
        <ele>11.707731</ele>
        <time>2021-05-16T09:50:31.000Z</time>
      </trkpt>
      <trkpt lat="54.771325" lon="9.202596">
        <ele>11.694195</ele>
        <time>2021-05-16T09:50:33.000Z</time>
      </trkpt>
      <trkpt lat="54.771314" lon="9.202565">
        <ele>11.681980</ele>
        <time>2021-05-16T09:50:35.000Z</time>
      </trkpt>
      <trkpt lat="54.771297" lon="9.202516">
        <ele>11.662791</ele>
        <time>2021-05-16T09:50:38.000Z</time>
      </trkpt>
      <trkpt lat="54.771281" lon="9.202462">
        <ele>11.642418</ele>
        <time>2021-05-16T09:50:41.000Z</time>
      </trkpt>
      <trkpt lat="54.771266" lon="9.202430">
        <ele>11.628581</ele>
        <time>2021-05-16T09:50:43.000Z</time>
      </trkpt>
      <trkpt lat="54.771261" lon="9.202402">
        <ele>11.618744</ele>
        <time>2021-05-16T09:50:45.000Z</time>
      </trkpt>
      <trkpt lat="54.771261" lon="9.202356">
        <ele>11.603307</ele>
        <time>2021-05-16T09:50:48.000Z</time>
      </trkpt>
      <trkpt lat="54.771260" lon="9.202341">
        <ele>11.598239</ele>
        <time>2021-05-16T09:50:49.000Z</time>
      </trkpt>
      <trkpt lat="54.771253" lon="9.202237">
        <ele>11.563101</ele>
        <time>2021-05-16T09:50:55.000Z</time>
      </trkpt>
      <trkpt lat="54.771241" lon="9.202108">
        <ele>11.519250</ele>
        <time>2021-05-16T09:51:01.000Z</time>
      </trkpt>
      <trkpt lat="54.771233" lon="9.202075">
        <ele>11.507237</ele>
        <time>2021-05-16T09:51:03.000Z</time>
      </trkpt>
      <trkpt lat="54.771221" lon="9.202052">
        <ele>11.496829</ele>
        <time>2021-05-16T09:51:05.000Z</time>
      </trkpt>
      <trkpt lat="54.771195" lon="9.202012">
        <ele>11.476606</ele>
        <time>2021-05-16T09:51:08.000Z</time>
      </trkpt>
      <trkpt lat="54.771157" lon="9.201912">
        <ele>11.436419</ele>
        <time>2021-05-16T09:51:13.000Z</time>
      </trkpt>
      <trkpt lat="54.771145" lon="9.201880">
        <ele>11.423610</ele>
        <time>2021-05-16T09:51:15.000Z</time>
      </trkpt>
      <trkpt lat="54.771118" lon="9.201856">
        <ele>11.405957</ele>
        <time>2021-05-16T09:51:17.000Z</time>
      </trkpt>
      <trkpt lat="54.771107" lon="9.201776">
        <ele>11.378358</ele>
        <time>2021-05-16T09:51:22.000Z</time>
      </trkpt>
      <trkpt lat="54.771099" lon="9.201748">
        <ele>11.367871</ele>
        <time>2021-05-16T09:51:24.000Z</time>
      </trkpt>
      <trkpt lat="54.771073" lon="9.201683">
        <ele>11.341326</ele>
        <time>2021-05-16T09:51:28.000Z</time>
      </trkpt>
      <trkpt lat="54.771045" lon="9.201643">
        <ele>11.320218</ele>
        <time>2021-05-16T09:51:30.000Z</time>
      </trkpt>
      <trkpt lat="54.771020" lon="9.201597">
        <ele>11.299008</ele>
        <time>2021-05-16T09:51:32.000Z</time>
      </trkpt>
      <trkpt lat="54.771015" lon="9.201562">
        <ele>11.286908</ele>
        <time>2021-05-16T09:51:34.000Z</time>
      </trkpt>
      <trkpt lat="54.771012" lon="9.201527">
        <ele>11.275033</ele>
        <time>2021-05-16T09:51:36.000Z</time>
      </trkpt>
      <trkpt lat="54.770985" lon="9.201438">
        <ele>11.241286</ele>
        <time>2021-05-16T09:51:39.000Z</time>
      </trkpt>
      <trkpt lat="54.770976" lon="9.201416">
        <ele>11.232235</ele>
        <time>2021-05-16T09:51:40.000Z</time>
      </trkpt>
      <trkpt lat="54.770919" lon="9.201384">
        <ele>11.197378</ele>
        <time>2021-05-16T09:51:42.000Z</time>
      </trkpt>
      <trkpt lat="54.770894" lon="9.201377">
        <ele>11.182645</ele>
        <time>2021-05-16T09:51:46.000Z</time>
      </trkpt>
      <trkpt lat="54.770892" lon="9.201287">
        <ele>11.152419</ele>
        <time>2021-05-16T09:51:52.000Z</time>
      </trkpt>
      <trkpt lat="54.770884" lon="9.201222">
        <ele>11.130114</ele>
        <time>2021-05-16T09:51:57.000Z</time>
      </trkpt>
      <trkpt lat="54.770877" lon="9.201194">
        <ele>11.119873</ele>
        <time>2021-05-16T09:51:59.000Z</time>
      </trkpt>
      <trkpt lat="54.770869" lon="9.201179">
        <ele>11.113017</ele>
        <time>2021-05-16T09:52:00.000Z</time>
      </trkpt>
      <trkpt lat="54.770846" lon="9.201110">
        <ele>11.086273</ele>
        <time>2021-05-16T09:52:04.000Z</time>
      </trkpt>
      <trkpt lat="54.770838" lon="9.201086">
        <ele>11.076970</ele>
        <time>2021-05-16T09:52:05.000Z</time>
      </trkpt>
      <trkpt lat="54.770823" lon="9.201049">
        <ele>11.090355</ele>
        <time>2021-05-16T09:52:07.000Z</time>
      </trkpt>
      <trkpt lat="54.770810" lon="9.201004">
        <ele>11.105260</ele>
        <time>2021-05-16T09:52:10.000Z</time>
      </trkpt>
      <trkpt lat="54.770806" lon="9.200962">
        <ele>11.117867</ele>
        <time>2021-05-16T09:52:13.000Z</time>
      </trkpt>
      <trkpt lat="54.770810" lon="9.200919">
        <ele>11.130767</ele>
        <time>2021-05-16T09:52:15.000Z</time>
      </trkpt>
      <trkpt lat="54.770801" lon="9.200866">
        <ele>11.147130</ele>
        <time>2021-05-16T09:52:17.000Z</time>
      </trkpt>
      <trkpt lat="54.770776" lon="9.200736">
        <ele>11.187714</ele>
        <time>2021-05-16T09:52:22.000Z</time>
      </trkpt>
      <trkpt lat="54.770744" lon="9.200605">
        <ele>11.229847</ele>
        <time>2021-05-16T09:52:28.000Z</time>
      </trkpt>
      <trkpt lat="54.770741" lon="9.200574">
        <ele>11.239157</ele>
        <time>2021-05-16T09:52:30.000Z</time>
      </trkpt>
      <trkpt lat="54.770709" lon="9.200512">
        <ele>11.263796</ele>
        <time>2021-05-16T09:52:34.000Z</time>
      </trkpt>
      <trkpt lat="54.770641" lon="9.200418">
        <ele>11.308449</ele>
        <time>2021-05-16T09:52:38.000Z</time>
      </trkpt>
      <trkpt lat="54.770639" lon="9.200409">
        <ele>11.311306</ele>
        <time>2021-05-16T09:52:39.000Z</time>
      </trkpt>
      <trkpt lat="54.770637" lon="9.200367">
        <ele>11.323787</ele>
        <time>2021-05-16T09:52:42.000Z</time>
      </trkpt>
      <trkpt lat="54.770624" lon="9.200311">
        <ele>11.341665</ele>
        <time>2021-05-16T09:52:45.000Z</time>
      </trkpt>
      <trkpt lat="54.770618" lon="9.200297">
        <ele>11.346831</ele>
        <time>2021-05-16T09:52:46.000Z</time>
      </trkpt>
      <trkpt lat="54.770603" lon="9.200183">
        <ele>11.381461</ele>
        <time>2021-05-16T09:52:51.000Z</time>
      </trkpt>
      <trkpt lat="54.770557" lon="9.200011">
        <ele>11.437610</ele>
        <time>2021-05-16T09:52:59.000Z</time>
      </trkpt>
      <trkpt lat="54.770520" lon="9.199909">
        <ele>11.473295</ele>
        <time>2021-05-16T09:53:03.000Z</time>
      </trkpt>
      <trkpt lat="54.770491" lon="9.199832">
        <ele>11.500530</ele>
        <time>2021-05-16T09:53:06.000Z</time>
      </trkpt>
      <trkpt lat="54.770444" lon="9.199702">
        <ele>11.545969</ele>
        <time>2021-05-16T09:53:13.000Z</time>
      </trkpt>
      <trkpt lat="54.770395" lon="9.199592">
        <ele>11.587131</ele>
        <time>2021-05-16T09:53:20.000Z</time>
      </trkpt>
      <trkpt lat="54.770388" lon="9.199581">
        <ele>11.591981</ele>
        <time>2021-05-16T09:53:21.000Z</time>
      </trkpt>
      <trkpt lat="54.770379" lon="9.199549">
        <ele>11.602525</ele>
        <time>2021-05-16T09:53:23.000Z</time>
      </trkpt>
      <trkpt lat="54.770355" lon="9.199500">
        <ele>11.621563</ele>
        <time>2021-05-16T09:53:26.000Z</time>
      </trkpt>
      <trkpt lat="54.770330" lon="9.199434">
        <ele>11.644948</ele>
        <time>2021-05-16T09:53:30.000Z</time>
      </trkpt>
      <trkpt lat="54.770281" lon="9.199389">
        <ele>11.673417</ele>
        <time>2021-05-16T09:53:34.000Z</time>
      </trkpt>
      <trkpt lat="54.770261" lon="9.199373">
        <ele>11.684726</ele>
        <time>2021-05-16T09:53:35.000Z</time>
      </trkpt>
      <trkpt lat="54.770245" lon="9.199324">
        <ele>11.701402</ele>
        <time>2021-05-16T09:53:38.000Z</time>
      </trkpt>
      <trkpt lat="54.770238" lon="9.199258">
        <ele>11.721277</ele>
        <time>2021-05-16T09:53:41.000Z</time>
      </trkpt>
      <trkpt lat="54.770236" lon="9.199240">
        <ele>11.726706</ele>
        <time>2021-05-16T09:53:42.000Z</time>
      </trkpt>
      <trkpt lat="54.770231" lon="9.199188">
        <ele>11.742319</ele>
        <time>2021-05-16T09:53:45.000Z</time>
      </trkpt>
      <trkpt lat="54.770207" lon="9.199115">
        <ele>11.767205</ele>
        <time>2021-05-16T09:53:48.000Z</time>
      </trkpt>
      <trkpt lat="54.770201" lon="9.199051">
        <ele>11.786408</ele>
        <time>2021-05-16T09:53:51.000Z</time>
      </trkpt>
      <trkpt lat="54.770196" lon="9.199019">
        <ele>11.796227</ele>
        <time>2021-05-16T09:53:53.000Z</time>
      </trkpt>
      <trkpt lat="54.770188" lon="9.198976">
        <ele>11.809608</ele>
        <time>2021-05-16T09:53:55.000Z</time>
      </trkpt>
      <trkpt lat="54.770184" lon="9.198910">
        <ele>11.829263</ele>
        <time>2021-05-16T09:53:59.000Z</time>
      </trkpt>
      <trkpt lat="54.770193" lon="9.198856">
        <ele>11.845911</ele>
        <time>2021-05-16T09:54:02.000Z</time>
      </trkpt>
      <trkpt lat="54.770189" lon="9.198826">
        <ele>11.855030</ele>
        <time>2021-05-16T09:54:04.000Z</time>
      </trkpt>
      <trkpt lat="54.770187" lon="9.198767">
        <ele>11.872534</ele>
        <time>2021-05-16T09:54:07.000Z</time>
      </trkpt>
      <trkpt lat="54.770139" lon="9.198646">
        <ele>11.916026</ele>
        <time>2021-05-16T09:54:14.000Z</time>
      </trkpt>
      <trkpt lat="54.770134" lon="9.198607">
        <ele>11.927859</ele>
        <time>2021-05-16T09:54:16.000Z</time>
      </trkpt>
      <trkpt lat="54.770135" lon="9.198575">
        <ele>11.937350</ele>
        <time>2021-05-16T09:54:19.000Z</time>
      </trkpt>
      <trkpt lat="54.770119" lon="9.198536">
        <ele>11.951524</ele>
        <time>2021-05-16T09:54:22.000Z</time>
      </trkpt>
      <trkpt lat="54.770114" lon="9.198520">
        <ele>11.956913</ele>
        <time>2021-05-16T09:54:23.000Z</time>
      </trkpt>
      <trkpt lat="54.770108" lon="9.198493">
        <ele>11.965483</ele>
        <time>2021-05-16T09:54:26.000Z</time>
      </trkpt>
      <trkpt lat="54.770096" lon="9.198465">
        <ele>11.975814</ele>
        <time>2021-05-16T09:54:28.000Z</time>
      </trkpt>
      <trkpt lat="54.770082" lon="9.198430">
        <ele>11.988428</ele>
        <time>2021-05-16T09:54:30.000Z</time>
      </trkpt>
      <trkpt lat="54.770061" lon="9.198379">
        <ele>12.007173</ele>
        <time>2021-05-16T09:54:32.000Z</time>
      </trkpt>
      <trkpt lat="54.770054" lon="9.198363">
        <ele>12.013290</ele>
        <time>2021-05-16T09:54:33.000Z</time>
      </trkpt>
      <trkpt lat="54.770023" lon="9.198307">
        <ele>12.036931</ele>
        <time>2021-05-16T09:54:35.000Z</time>
      </trkpt>
      <trkpt lat="54.770016" lon="9.198294">
        <ele>12.042348</ele>
        <time>2021-05-16T09:54:36.000Z</time>
      </trkpt>
      <trkpt lat="54.770000" lon="9.198225">
        <ele>12.065001</ele>
        <time>2021-05-16T09:54:39.000Z</time>
      </trkpt>
      <trkpt lat="54.769995" lon="9.198202">
        <ele>12.072487</ele>
        <time>2021-05-16T09:54:40.000Z</time>
      </trkpt>
      <trkpt lat="54.769968" lon="9.198063">
        <ele>12.117164</ele>
        <time>2021-05-16T09:54:47.000Z</time>
      </trkpt>
      <trkpt lat="54.769944" lon="9.198000">
        <ele>12.140161</ele>
        <time>2021-05-16T09:54:51.000Z</time>
      </trkpt>
      <trkpt lat="54.769928" lon="9.197947">
        <ele>12.158382</ele>
        <time>2021-05-16T09:54:54.000Z</time>
      </trkpt>
      <trkpt lat="54.769909" lon="9.197824">
        <ele>12.197169</ele>
        <time>2021-05-16T09:55:01.000Z</time>
      </trkpt>
      <trkpt lat="54.769901" lon="9.197800">
        <ele>12.205612</ele>
        <time>2021-05-16T09:55:02.000Z</time>
      </trkpt>
      <trkpt lat="54.769897" lon="9.197784">
        <ele>12.210924</ele>
        <time>2021-05-16T09:55:03.000Z</time>
      </trkpt>
      <trkpt lat="54.769892" lon="9.197758">
        <ele>12.219272</ele>
        <time>2021-05-16T09:55:05.000Z</time>
      </trkpt>
      <trkpt lat="54.769894" lon="9.197730">
        <ele>12.227866</ele>
        <time>2021-05-16T09:55:07.000Z</time>
      </trkpt>
      <trkpt lat="54.769895" lon="9.197714">
        <ele>12.232768</ele>
        <time>2021-05-16T09:55:08.000Z</time>
      </trkpt>
      <trkpt lat="54.769887" lon="9.197684">
        <ele>12.242835</ele>
        <time>2021-05-16T09:55:10.000Z</time>
      </trkpt>
      <trkpt lat="54.769878" lon="9.197670">
        <ele>12.249221</ele>
        <time>2021-05-16T09:55:11.000Z</time>
      </trkpt>
      <trkpt lat="54.769874" lon="9.197646">
        <ele>12.256830</ele>
        <time>2021-05-16T09:55:12.000Z</time>
      </trkpt>
      <trkpt lat="54.769862" lon="9.197593">
        <ele>12.274173</ele>
        <time>2021-05-16T09:55:14.000Z</time>
      </trkpt>
      <trkpt lat="54.769862" lon="9.197563">
        <ele>12.283312</ele>
        <time>2021-05-16T09:55:15.000Z</time>
      </trkpt>
      <trkpt lat="54.769865" lon="9.197488">
        <ele>12.306212</ele>
        <time>2021-05-16T09:55:18.000Z</time>
      </trkpt>
      <trkpt lat="54.769856" lon="9.197451">
        <ele>12.318443</ele>
        <time>2021-05-16T09:55:20.000Z</time>
      </trkpt>
      <trkpt lat="54.769848" lon="9.197431">
        <ele>12.325857</ele>
        <time>2021-05-16T09:55:21.000Z</time>
      </trkpt>
      <trkpt lat="54.769807" lon="9.197340">
        <ele>12.361029</ele>
        <time>2021-05-16T09:55:25.000Z</time>
      </trkpt>
      <trkpt lat="54.769797" lon="9.197302">
        <ele>12.373751</ele>
        <time>2021-05-16T09:55:27.000Z</time>
      </trkpt>
      <trkpt lat="54.769791" lon="9.197270">
        <ele>12.384001</ele>
        <time>2021-05-16T09:55:29.000Z</time>
      </trkpt>
      <trkpt lat="54.769781" lon="9.197246">
        <ele>12.393019</ele>
        <time>2021-05-16T09:55:31.000Z</time>
      </trkpt>
      <trkpt lat="54.769754" lon="9.197215">
        <ele>12.410119</ele>
        <time>2021-05-16T09:55:33.000Z</time>
      </trkpt>
      <trkpt lat="54.769745" lon="9.197191">
        <ele>12.418839</ele>
        <time>2021-05-16T09:55:34.000Z</time>
      </trkpt>
      <trkpt lat="54.769733" lon="9.197154">
        <ele>12.431769</ele>
        <time>2021-05-16T09:55:36.000Z</time>
      </trkpt>
      <trkpt lat="54.769726" lon="9.197140">
        <ele>12.437412</ele>
        <time>2021-05-16T09:55:37.000Z</time>
      </trkpt>
      <trkpt lat="54.769720" lon="9.197128">
        <ele>12.442249</ele>
        <time>2021-05-16T09:55:38.000Z</time>
      </trkpt>
      <trkpt lat="54.769694" lon="9.197049">
        <ele>12.469954</ele>
        <time>2021-05-16T09:55:42.000Z</time>
      </trkpt>
      <trkpt lat="54.769672" lon="9.196994">
        <ele>12.490341</ele>
        <time>2021-05-16T09:55:45.000Z</time>
      </trkpt>
      <trkpt lat="54.769669" lon="9.196974">
        <ele>12.496636</ele>
        <time>2021-05-16T09:55:46.000Z</time>
      </trkpt>
      <trkpt lat="54.769666" lon="9.196957">
        <ele>12.502051</ele>
        <time>2021-05-16T09:55:47.000Z</time>
      </trkpt>
      <trkpt lat="54.769659" lon="9.196920">
        <ele>12.513912</ele>
        <time>2021-05-16T09:55:49.000Z</time>
      </trkpt>
      <trkpt lat="54.769636" lon="9.196879">
        <ele>12.531333</ele>
        <time>2021-05-16T09:55:53.000Z</time>
      </trkpt>
      <trkpt lat="54.769623" lon="9.196854">
        <ele>12.541585</ele>
        <time>2021-05-16T09:55:55.000Z</time>
      </trkpt>
      <trkpt lat="54.769618" lon="9.196836">
        <ele>12.547671</ele>
        <time>2021-05-16T09:55:56.000Z</time>
      </trkpt>
      <trkpt lat="54.769617" lon="9.196813">
        <ele>12.554697</ele>
        <time>2021-05-16T09:55:57.000Z</time>
      </trkpt>
      <trkpt lat="54.769616" lon="9.196771">
        <ele>12.567501</ele>
        <time>2021-05-16T09:55:59.000Z</time>
      </trkpt>
      <trkpt lat="54.769612" lon="9.196743">
        <ele>12.576288</ele>
        <time>2021-05-16T09:56:01.000Z</time>
      </trkpt>
      <trkpt lat="54.769589" lon="9.196629">
        <ele>12.613076</ele>
        <time>2021-05-16T09:56:06.000Z</time>
      </trkpt>
      <trkpt lat="54.769585" lon="9.196617">
        <ele>12.617297</ele>
        <time>2021-05-16T09:56:07.000Z</time>
      </trkpt>
      <trkpt lat="54.769583" lon="9.196598">
        <ele>12.623181</ele>
        <time>2021-05-16T09:56:08.000Z</time>
      </trkpt>
      <trkpt lat="54.769575" lon="9.196545">
        <ele>12.639868</ele>
        <time>2021-05-16T09:56:11.000Z</time>
      </trkpt>
      <trkpt lat="54.769567" lon="9.196514">
        <ele>12.650213</ele>
        <time>2021-05-16T09:56:13.000Z</time>
      </trkpt>
      <trkpt lat="54.769554" lon="9.196499">
        <ele>12.658459</ele>
        <time>2021-05-16T09:56:14.000Z</time>
      </trkpt>
      <trkpt lat="54.769545" lon="9.196479">
        <ele>12.666186</ele>
        <time>2021-05-16T09:56:15.000Z</time>
      </trkpt>
      <trkpt lat="54.769515" lon="9.196422">
        <ele>12.689689</ele>
        <time>2021-05-16T09:56:19.000Z</time>
      </trkpt>
      <trkpt lat="54.769490" lon="9.196384">
        <ele>12.707246</ele>
        <time>2021-05-16T09:56:21.000Z</time>
      </trkpt>
      <trkpt lat="54.769447" lon="9.196245">
        <ele>12.755291</ele>
        <time>2021-05-16T09:56:27.000Z</time>
      </trkpt>
      <trkpt lat="54.769414" lon="9.196135">
        <ele>12.793058</ele>
        <time>2021-05-16T09:56:32.000Z</time>
      </trkpt>
      <trkpt lat="54.769392" lon="9.196089">
        <ele>12.811259</ele>
        <time>2021-05-16T09:56:34.000Z</time>
      </trkpt>
      <trkpt lat="54.769379" lon="9.196059">
        <ele>12.822689</ele>
        <time>2021-05-16T09:56:36.000Z</time>
      </trkpt>
      <trkpt lat="54.769355" lon="9.195994">
        <ele>12.846197</ele>
        <time>2021-05-16T09:56:40.000Z</time>
      </trkpt>
      <trkpt lat="54.769350" lon="9.195961">
        <ele>12.856590</ele>
        <time>2021-05-16T09:56:42.000Z</time>
      </trkpt>
      <trkpt lat="54.769335" lon="9.195891">
        <ele>12.879336</ele>
        <time>2021-05-16T09:56:46.000Z</time>
      </trkpt>
      <trkpt lat="54.769327" lon="9.195861">
        <ele>12.889404</ele>
        <time>2021-05-16T09:56:48.000Z</time>
      </trkpt>
      <trkpt lat="54.769307" lon="9.195794">
        <ele>12.912383</ele>
        <time>2021-05-16T09:56:51.000Z</time>
      </trkpt>
      <trkpt lat="54.769304" lon="9.195740">
        <ele>12.928908</ele>
        <time>2021-05-16T09:56:54.000Z</time>
      </trkpt>
      <trkpt lat="54.769298" lon="9.195725">
        <ele>12.934468</ele>
        <time>2021-05-16T09:56:55.000Z</time>
      </trkpt>
      <trkpt lat="54.769295" lon="9.195687">
        <ele>12.946152</ele>
        <time>2021-05-16T09:56:58.000Z</time>
      </trkpt>
      <trkpt lat="54.769300" lon="9.195660">
        <ele>12.952253</ele>
        <time>2021-05-16T09:57:00.000Z</time>
      </trkpt>
      <trkpt lat="54.769295" lon="9.195646">
        <ele>12.954509</ele>
        <time>2021-05-16T09:57:01.000Z</time>
      </trkpt>
      <trkpt lat="54.769292" lon="9.195635">
        <ele>12.956177</ele>
        <time>2021-05-16T09:57:02.000Z</time>
      </trkpt>
      <trkpt lat="54.769280" lon="9.195568">
        <ele>12.965789</ele>
        <time>2021-05-16T09:57:06.000Z</time>
      </trkpt>
      <trkpt lat="54.769263" lon="9.195530">
        <ele>12.972378</ele>
        <time>2021-05-16T09:57:08.000Z</time>
      </trkpt>
      <trkpt lat="54.769259" lon="9.195515">
        <ele>12.974642</ele>
        <time>2021-05-16T09:57:09.000Z</time>
      </trkpt>
      <trkpt lat="54.769252" lon="9.195485">
        <ele>12.979077</ele>
        <time>2021-05-16T09:57:11.000Z</time>
      </trkpt>
      <trkpt lat="54.769240" lon="9.195439">
        <ele>12.985994</ele>
        <time>2021-05-16T09:57:13.000Z</time>
      </trkpt>
      <trkpt lat="54.769232" lon="9.195388">
        <ele>12.993236</ele>
        <time>2021-05-16T09:57:16.000Z</time>
      </trkpt>
      <trkpt lat="54.769215" lon="9.195341">
        <ele>13.000837</ele>
        <time>2021-05-16T09:57:19.000Z</time>
      </trkpt>
      <trkpt lat="54.769213" lon="9.195280">
        <ele>13.009209</ele>
        <time>2021-05-16T09:57:22.000Z</time>
      </trkpt>
      <trkpt lat="54.769211" lon="9.195235">
        <ele>13.015393</ele>
        <time>2021-05-16T09:57:24.000Z</time>
      </trkpt>
      <trkpt lat="54.769207" lon="9.195212">
        <ele>13.018684</ele>
        <time>2021-05-16T09:57:25.000Z</time>
      </trkpt>
      <trkpt lat="54.769168" lon="9.195159">
        <ele>13.030455</ele>
        <time>2021-05-16T09:57:28.000Z</time>
      </trkpt>
      <trkpt lat="54.769164" lon="9.195152">
        <ele>13.031805</ele>
        <time>2021-05-16T09:57:29.000Z</time>
      </trkpt>
      <trkpt lat="54.769162" lon="9.195149">
        <ele>13.032433</ele>
        <time>2021-05-16T09:57:30.000Z</time>
      </trkpt>
      <trkpt lat="54.769147" lon="9.195125">
        <ele>13.037282</ele>
        <time>2021-05-16T09:57:33.000Z</time>
      </trkpt>
      <trkpt lat="54.769144" lon="9.195111">
        <ele>13.039328</ele>
        <time>2021-05-16T09:57:34.000Z</time>
      </trkpt>
      <trkpt lat="54.769118" lon="9.195042">
        <ele>13.050621</ele>
        <time>2021-05-16T09:57:38.000Z</time>
      </trkpt>
      <trkpt lat="54.769106" lon="9.195012">
        <ele>13.055623</ele>
        <time>2021-05-16T09:57:40.000Z</time>
      </trkpt>
      <trkpt lat="54.769100" lon="9.194992">
        <ele>13.058712</ele>
        <time>2021-05-16T09:57:41.000Z</time>
      </trkpt>
      <trkpt lat="54.769064" lon="9.194939">
        <ele>13.069930</ele>
        <time>2021-05-16T09:57:44.000Z</time>
      </trkpt>
      <trkpt lat="54.769055" lon="9.194872">
        <ele>13.079356</ele>
        <time>2021-05-16T09:57:47.000Z</time>
      </trkpt>
      <trkpt lat="54.769004" lon="9.194717">
        <ele>13.103806</ele>
        <time>2021-05-16T09:57:54.000Z</time>
      </trkpt>
      <trkpt lat="54.769000" lon="9.194701">
        <ele>13.106195</ele>
        <time>2021-05-16T09:57:55.000Z</time>
      </trkpt>
      <trkpt lat="54.768978" lon="9.194620">
        <ele>13.118463</ele>
        <time>2021-05-16T09:58:00.000Z</time>
      </trkpt>
      <trkpt lat="54.768966" lon="9.194586">
        <ele>13.123924</ele>
        <time>2021-05-16T09:58:02.000Z</time>
      </trkpt>
      <trkpt lat="54.768915" lon="9.194469">
        <ele>13.144018</ele>
        <time>2021-05-16T09:58:08.000Z</time>
      </trkpt>
      <trkpt lat="54.768906" lon="9.194432">
        <ele>13.149520</ele>
        <time>2021-05-16T09:58:10.000Z</time>
      </trkpt>
      <trkpt lat="54.768888" lon="9.194352">
        <ele>13.161286</ele>
        <time>2021-05-16T09:58:15.000Z</time>
      </trkpt>
      <trkpt lat="54.768883" lon="9.194314">
        <ele>13.166626</ele>
        <time>2021-05-16T09:58:17.000Z</time>
      </trkpt>
      <trkpt lat="54.768878" lon="9.194283">
        <ele>13.171037</ele>
        <time>2021-05-16T09:58:19.000Z</time>
      </trkpt>
      <trkpt lat="54.768870" lon="9.194259">
        <ele>13.174835</ele>
        <time>2021-05-16T09:58:21.000Z</time>
      </trkpt>
      <trkpt lat="54.768868" lon="9.194235">
        <ele>13.178157</ele>
        <time>2021-05-16T09:58:23.000Z</time>
      </trkpt>
      <trkpt lat="54.768867" lon="9.194220">
        <ele>13.180226</ele>
        <time>2021-05-16T09:58:24.000Z</time>
      </trkpt>
      <trkpt lat="54.768851" lon="9.194196">
        <ele>13.185252</ele>
        <time>2021-05-16T09:58:26.000Z</time>
      </trkpt>
      <trkpt lat="54.768850" lon="9.194153">
        <ele>13.191149</ele>
        <time>2021-05-16T09:58:29.000Z</time>
      </trkpt>
      <trkpt lat="54.768843" lon="9.194122">
        <ele>13.195710</ele>
        <time>2021-05-16T09:58:31.000Z</time>
      </trkpt>
      <trkpt lat="54.768841" lon="9.194095">
        <ele>13.199440</ele>
        <time>2021-05-16T09:58:32.000Z</time>
      </trkpt>
      <trkpt lat="54.768841" lon="9.194067">
        <ele>13.203277</ele>
        <time>2021-05-16T09:58:33.000Z</time>
      </trkpt>
      <trkpt lat="54.768825" lon="9.194023">
        <ele>13.210403</ele>
        <time>2021-05-16T09:58:35.000Z</time>
      </trkpt>
      <trkpt lat="54.768814" lon="9.194003">
        <ele>13.214190</ele>
        <time>2021-05-16T09:58:36.000Z</time>
      </trkpt>
      <trkpt lat="54.768772" lon="9.193885">
        <ele>13.233188</ele>
        <time>2021-05-16T09:58:42.000Z</time>
      </trkpt>
      <trkpt lat="54.768771" lon="9.193864">
        <ele>13.236075</ele>
        <time>2021-05-16T09:58:43.000Z</time>
      </trkpt>
      <trkpt lat="54.768760" lon="9.193763">
        <ele>13.250159</ele>
        <time>2021-05-16T09:58:48.000Z</time>
      </trkpt>
      <trkpt lat="54.768751" lon="9.193729">
        <ele>13.255285</ele>
        <time>2021-05-16T09:58:50.000Z</time>
      </trkpt>
      <trkpt lat="54.768686" lon="9.193629">
        <ele>13.275927</ele>
        <time>2021-05-16T09:58:55.000Z</time>
      </trkpt>
      <trkpt lat="54.768674" lon="9.193612">
        <ele>13.279608</ele>
        <time>2021-05-16T09:58:56.000Z</time>
      </trkpt>
      <trkpt lat="54.768623" lon="9.193496">
        <ele>13.299593</ele>
        <time>2021-05-16T09:59:02.000Z</time>
      </trkpt>
      <trkpt lat="54.768593" lon="9.193419">
        <ele>13.312324</ele>
        <time>2021-05-16T09:59:05.000Z</time>
      </trkpt>
      <trkpt lat="54.768549" lon="9.193350">
        <ele>13.326417</ele>
        <time>2021-05-16T09:59:08.000Z</time>
      </trkpt>
      <trkpt lat="54.768543" lon="9.193279">
        <ele>13.336250</ele>
        <time>2021-05-16T09:59:11.000Z</time>
      </trkpt>
      <trkpt lat="54.768529" lon="9.193229">
        <ele>13.343865</ele>
        <time>2021-05-16T09:59:14.000Z</time>
      </trkpt>
      <trkpt lat="54.768516" lon="9.193176">
        <ele>13.351757</ele>
        <time>2021-05-16T09:59:17.000Z</time>
      </trkpt>
      <trkpt lat="54.768507" lon="9.193099">
        <ele>13.362522</ele>
        <time>2021-05-16T09:59:20.000Z</time>
      </trkpt>
      <trkpt lat="54.768495" lon="9.192996">
        <ele>13.376920</ele>
        <time>2021-05-16T09:59:26.000Z</time>
      </trkpt>
      <trkpt lat="54.768468" lon="9.192951">
        <ele>13.356052</ele>
        <time>2021-05-16T09:59:29.000Z</time>
      </trkpt>
      <trkpt lat="54.768458" lon="9.192933">
        <ele>13.347370</ele>
        <time>2021-05-16T09:59:30.000Z</time>
      </trkpt>
      <trkpt lat="54.768440" lon="9.192897">
        <ele>13.330817</ele>
        <time>2021-05-16T09:59:32.000Z</time>
      </trkpt>
      <trkpt lat="54.768425" lon="9.192827">
        <ele>13.304873</ele>
        <time>2021-05-16T09:59:36.000Z</time>
      </trkpt>
      <trkpt lat="54.768420" lon="9.192807">
        <ele>13.297299</ele>
        <time>2021-05-16T09:59:38.000Z</time>
      </trkpt>
      <trkpt lat="54.768423" lon="9.192802">
        <ele>13.294793</ele>
        <time>2021-05-16T09:59:39.000Z</time>
      </trkpt>
      <trkpt lat="54.768429" lon="9.192733">
        <ele>13.270548</ele>
        <time>2021-05-16T09:59:43.000Z</time>
      </trkpt>
      <trkpt lat="54.768428" lon="9.192709">
        <ele>13.262188</ele>
        <time>2021-05-16T09:59:44.000Z</time>
      </trkpt>
      <trkpt lat="54.768415" lon="9.192636">
        <ele>13.235644</ele>
        <time>2021-05-16T09:59:47.000Z</time>
      </trkpt>
      <trkpt lat="54.768411" lon="9.192609">
        <ele>13.225958</ele>
        <time>2021-05-16T09:59:48.000Z</time>
      </trkpt>
      <trkpt lat="54.768405" lon="9.192590">
        <ele>13.218433</ele>
        <time>2021-05-16T09:59:49.000Z</time>
      </trkpt>
      <trkpt lat="54.768400" lon="9.192570">
        <ele>13.210859</ele>
        <time>2021-05-16T09:59:50.000Z</time>
      </trkpt>
      <trkpt lat="54.768396" lon="9.192548">
        <ele>13.202845</ele>
        <time>2021-05-16T09:59:51.000Z</time>
      </trkpt>
      <trkpt lat="54.768372" lon="9.192491">
        <ele>13.178327</ele>
        <time>2021-05-16T09:59:54.000Z</time>
      </trkpt>
      <trkpt lat="54.768361" lon="9.192466">
        <ele>13.167402</ele>
        <time>2021-05-16T09:59:56.000Z</time>
      </trkpt>
      <trkpt lat="54.768351" lon="9.192444">
        <ele>13.157671</ele>
        <time>2021-05-16T09:59:58.000Z</time>
      </trkpt>
      <trkpt lat="54.768331" lon="9.192417">
        <ele>13.142403</ele>
        <time>2021-05-16T10:00:00.000Z</time>
      </trkpt>
      <trkpt lat="54.768309" lon="9.192378">
        <ele>13.123451</ele>
        <time>2021-05-16T10:00:02.000Z</time>
      </trkpt>
      <trkpt lat="54.768280" lon="9.192328">
        <ele>13.098817</ele>
        <time>2021-05-16T10:00:04.000Z</time>
      </trkpt>
      <trkpt lat="54.768271" lon="9.192305">
        <ele>13.089161</ele>
        <time>2021-05-16T10:00:06.000Z</time>
      </trkpt>
      <trkpt lat="54.768276" lon="9.192263">
        <ele>13.074261</ele>
        <time>2021-05-16T10:00:09.000Z</time>
      </trkpt>
      <trkpt lat="54.768272" lon="9.192233">
        <ele>13.063562</ele>
        <time>2021-05-16T10:00:11.000Z</time>
      </trkpt>
      <trkpt lat="54.768259" lon="9.192222">
        <ele>13.054850</ele>
        <time>2021-05-16T10:00:12.000Z</time>
      </trkpt>
      <trkpt lat="54.768226" lon="9.192190">
        <ele>13.032076</ele>
        <time>2021-05-16T10:00:14.000Z</time>
      </trkpt>
      <trkpt lat="54.768219" lon="9.192152">
        <ele>13.018217</ele>
        <time>2021-05-16T10:00:17.000Z</time>
      </trkpt>
      <trkpt lat="54.768220" lon="9.192143">
        <ele>13.015032</ele>
        <time>2021-05-16T10:00:18.000Z</time>
      </trkpt>
      <trkpt lat="54.768206" lon="9.192117">
        <ele>13.002675</ele>
        <time>2021-05-16T10:00:20.000Z</time>
      </trkpt>
      <trkpt lat="54.768200" lon="9.192104">
        <ele>12.996890</ele>
        <time>2021-05-16T10:00:21.000Z</time>
      </trkpt>
      <trkpt lat="54.768197" lon="9.192091">
        <ele>12.992026</ele>
        <time>2021-05-16T10:00:22.000Z</time>
      </trkpt>
      <trkpt lat="54.768198" lon="9.192084">
        <ele>12.989520</ele>
        <time>2021-05-16T10:00:23.000Z</time>
      </trkpt>
      <trkpt lat="54.768206" lon="9.192012">
        <ele>12.964044</ele>
        <time>2021-05-16T10:00:26.000Z</time>
      </trkpt>
      <trkpt lat="54.768213" lon="9.191979">
        <ele>12.951828</ele>
        <time>2021-05-16T10:00:28.000Z</time>
      </trkpt>
      <trkpt lat="54.768203" lon="9.191952">
        <ele>12.940680</ele>
        <time>2021-05-16T10:00:29.000Z</time>
      </trkpt>
      <trkpt lat="54.768177" lon="9.191861">
        <ele>12.905397</ele>
        <time>2021-05-16T10:00:33.000Z</time>
      </trkpt>
      <trkpt lat="54.768167" lon="9.191816">
        <ele>12.888642</ele>
        <time>2021-05-16T10:00:35.000Z</time>
      </trkpt>
      <trkpt lat="54.768127" lon="9.191744">
        <ele>12.853912</ele>
        <time>2021-05-16T10:00:39.000Z</time>
      </trkpt>
      <trkpt lat="54.768106" lon="9.191682">
        <ele>12.828932</ele>
        <time>2021-05-16T10:00:41.000Z</time>
      </trkpt>
      <trkpt lat="54.768101" lon="9.191638">
        <ele>12.813350</ele>
        <time>2021-05-16T10:00:44.000Z</time>
      </trkpt>
      <trkpt lat="54.768082" lon="9.191613">
        <ele>12.798984</ele>
        <time>2021-05-16T10:00:47.000Z</time>
      </trkpt>
      <trkpt lat="54.768078" lon="9.191588">
        <ele>12.789970</ele>
        <time>2021-05-16T10:00:49.000Z</time>
      </trkpt>
      <trkpt lat="54.768067" lon="9.191514">
        <ele>12.763419</ele>
        <time>2021-05-16T10:00:54.000Z</time>
      </trkpt>
      <trkpt lat="54.768066" lon="9.191438">
        <ele>12.737006</ele>
        <time>2021-05-16T10:01:01.000Z</time>
      </trkpt>
      <trkpt lat="54.768066" lon="9.191417">
        <ele>12.729710</ele>
        <time>2021-05-16T10:01:02.000Z</time>
      </trkpt>
      <trkpt lat="54.768076" lon="9.191253">
        <ele>12.672411</ele>
        <time>2021-05-16T10:01:09.000Z</time>
      </trkpt>
      <trkpt lat="54.768079" lon="9.191135">
        <ele>12.631373</ele>
        <time>2021-05-16T10:01:14.000Z</time>
      </trkpt>
      <trkpt lat="54.768074" lon="9.191089">
        <ele>12.615109</ele>
        <time>2021-05-16T10:01:16.000Z</time>
      </trkpt>
      <trkpt lat="54.768066" lon="9.190995">
        <ele>12.582096</ele>
        <time>2021-05-16T10:01:20.000Z</time>
      </trkpt>
      <trkpt lat="54.768060" lon="9.190982">
        <ele>12.576311</ele>
        <time>2021-05-16T10:01:21.000Z</time>
      </trkpt>
      <trkpt lat="54.768055" lon="9.190908">
        <ele>12.550424</ele>
        <time>2021-05-16T10:01:24.000Z</time>
      </trkpt>
      <trkpt lat="54.768026" lon="9.190854">
        <ele>12.524791</ele>
        <time>2021-05-16T10:01:26.000Z</time>
      </trkpt>
      <trkpt lat="54.768019" lon="9.190833">
        <ele>12.516364</ele>
        <time>2021-05-16T10:01:27.000Z</time>
      </trkpt>
      <trkpt lat="54.768006" lon="9.190812">
        <ele>12.505662</ele>
        <time>2021-05-16T10:01:28.000Z</time>
      </trkpt>
      <trkpt lat="54.767975" lon="9.190745">
        <ele>12.475820</ele>
        <time>2021-05-16T10:01:33.000Z</time>
      </trkpt>
      <trkpt lat="54.767966" lon="9.190730">
        <ele>12.468301</ele>
        <time>2021-05-16T10:01:34.000Z</time>
      </trkpt>
      <trkpt lat="54.767941" lon="9.190682">
        <ele>12.445832</ele>
        <time>2021-05-16T10:01:37.000Z</time>
      </trkpt>
      <trkpt lat="54.767888" lon="9.190551">
        <ele>12.390239</ele>
        <time>2021-05-16T10:01:41.000Z</time>
      </trkpt>
      <trkpt lat="54.767815" lon="9.190455">
        <ele>12.335052</ele>
        <time>2021-05-16T10:01:46.000Z</time>
      </trkpt>
      <trkpt lat="54.767798" lon="9.190423">
        <ele>12.319937</ele>
        <time>2021-05-16T10:01:48.000Z</time>
      </trkpt>
      <trkpt lat="54.767788" lon="9.190417">
        <ele>12.313564</ele>
        <time>2021-05-16T10:01:49.000Z</time>
      </trkpt>
      <trkpt lat="54.767769" lon="9.190386">
        <ele>12.297849</ele>
        <time>2021-05-16T10:01:51.000Z</time>
      </trkpt>
      <trkpt lat="54.767758" lon="9.190349">
        <ele>12.302601</ele>
        <time>2021-05-16T10:01:53.000Z</time>
      </trkpt>
      <trkpt lat="54.767739" lon="9.190282">
        <ele>12.323113</ele>
        <time>2021-05-16T10:01:57.000Z</time>
      </trkpt>
      <trkpt lat="54.767719" lon="9.190211">
        <ele>12.344822</ele>
        <time>2021-05-16T10:01:59.000Z</time>
      </trkpt>
      <trkpt lat="54.767706" lon="9.190138">
        <ele>12.365814</ele>
        <time>2021-05-16T10:02:01.000Z</time>
      </trkpt>
      <trkpt lat="54.767691" lon="9.190110">
        <ele>12.376312</ele>
        <time>2021-05-16T10:02:02.000Z</time>
      </trkpt>
      <trkpt lat="54.767672" lon="9.190062">
        <ele>12.392307</ele>
        <time>2021-05-16T10:02:04.000Z</time>
      </trkpt>
      <trkpt lat="54.767617" lon="9.189846">
        <ele>12.457178</ele>
        <time>2021-05-16T10:02:11.000Z</time>
      </trkpt>
      <trkpt lat="54.767605" lon="9.189825">
        <ele>12.465300</ele>
        <time>2021-05-16T10:02:12.000Z</time>
      </trkpt>
      <trkpt lat="54.767595" lon="9.189809">
        <ele>12.471781</ele>
        <time>2021-05-16T10:02:13.000Z</time>
      </trkpt>
      <trkpt lat="54.767573" lon="9.189767">
        <ele>12.487368</ele>
        <time>2021-05-16T10:02:16.000Z</time>
      </trkpt>
      <trkpt lat="54.767553" lon="9.189661">
        <ele>12.518011</ele>
        <time>2021-05-16T10:02:21.000Z</time>
      </trkpt>
      <trkpt lat="54.767548" lon="9.189636">
        <ele>12.525281</ele>
        <time>2021-05-16T10:02:22.000Z</time>
      </trkpt>
      <trkpt lat="54.767538" lon="9.189582">
        <ele>12.540864</ele>
        <time>2021-05-16T10:02:24.000Z</time>
      </trkpt>
      <trkpt lat="54.767505" lon="9.189419">
        <ele>12.588327</ele>
        <time>2021-05-16T10:02:30.000Z</time>
      </trkpt>
      <trkpt lat="54.767462" lon="9.189271">
        <ele>12.633857</ele>
        <time>2021-05-16T10:02:37.000Z</time>
      </trkpt>
      <trkpt lat="54.767440" lon="9.189141">
        <ele>12.671081</ele>
        <time>2021-05-16T10:02:43.000Z</time>
      </trkpt>
      <trkpt lat="54.767432" lon="9.189124">
        <ele>12.677109</ele>
        <time>2021-05-16T10:02:44.000Z</time>
      </trkpt>
      <trkpt lat="54.767394" lon="9.189076">
        <ele>12.699503</ele>
        <time>2021-05-16T10:02:47.000Z</time>
      </trkpt>
      <trkpt lat="54.767374" lon="9.189032">
        <ele>12.714894</ele>
        <time>2021-05-16T10:02:49.000Z</time>
      </trkpt>
      <trkpt lat="54.767366" lon="9.188983">
        <ele>12.728886</ele>
        <time>2021-05-16T10:02:51.000Z</time>
      </trkpt>
      <trkpt lat="54.767334" lon="9.188869">
        <ele>12.763720</ele>
        <time>2021-05-16T10:02:58.000Z</time>
      </trkpt>
      <trkpt lat="54.767310" lon="9.188786">
        <ele>12.789229</ele>
        <time>2021-05-16T10:03:02.000Z</time>
      </trkpt>
      <trkpt lat="54.767291" lon="9.188747">
        <ele>12.803255</ele>
        <time>2021-05-16T10:03:05.000Z</time>
      </trkpt>
      <trkpt lat="54.767268" lon="9.188702">
        <ele>12.819773</ele>
        <time>2021-05-16T10:03:08.000Z</time>
      </trkpt>
      <trkpt lat="54.767258" lon="9.188663">
        <ele>12.831500</ele>
        <time>2021-05-16T10:03:10.000Z</time>
      </trkpt>
      <trkpt lat="54.767253" lon="9.188651">
        <ele>12.835567</ele>
        <time>2021-05-16T10:03:11.000Z</time>
      </trkpt>
      <trkpt lat="54.767245" lon="9.188632">
        <ele>12.842030</ele>
        <time>2021-05-16T10:03:12.000Z</time>
      </trkpt>
      <trkpt lat="54.767224" lon="9.188586">
        <ele>12.858148</ele>
        <time>2021-05-16T10:03:15.000Z</time>
      </trkpt>
      <trkpt lat="54.767217" lon="9.188540">
        <ele>12.871219</ele>
        <time>2021-05-16T10:03:17.000Z</time>
      </trkpt>
      <trkpt lat="54.767194" lon="9.188460">
        <ele>12.895778</ele>
        <time>2021-05-16T10:03:21.000Z</time>
      </trkpt>
      <trkpt lat="54.767162" lon="9.188420">
        <ele>12.914568</ele>
        <time>2021-05-16T10:03:24.000Z</time>
      </trkpt>
      <trkpt lat="54.767137" lon="9.188330">
        <ele>12.942014</ele>
        <time>2021-05-16T10:03:27.000Z</time>
      </trkpt>
      <trkpt lat="54.767109" lon="9.188245">
        <ele>12.968908</ele>
        <time>2021-05-16T10:03:30.000Z</time>
      </trkpt>
      <trkpt lat="54.767076" lon="9.188161">
        <ele>12.996831</ele>
        <time>2021-05-16T10:03:35.000Z</time>
      </trkpt>
      <trkpt lat="54.767074" lon="9.188152">
        <ele>12.999481</ele>
        <time>2021-05-16T10:03:36.000Z</time>
      </trkpt>
      <trkpt lat="54.767055" lon="9.188101">
        <ele>13.016162</ele>
        <time>2021-05-16T10:03:42.000Z</time>
      </trkpt>
      <trkpt lat="54.767066" lon="9.188074">
        <ele>13.025244</ele>
        <time>2021-05-16T10:03:48.000Z</time>
      </trkpt>
      <trkpt lat="54.767068" lon="9.188071">
        <ele>13.026504</ele>
        <time>2021-05-16T10:03:50.000Z</time>
      </trkpt>
      <trkpt lat="54.767077" lon="9.188070">
        <ele>13.030799</ele>
        <time>2021-05-16T10:03:51.000Z</time>
      </trkpt>
      <trkpt lat="54.767100" lon="9.188055">
        <ele>13.042503</ele>
        <time>2021-05-16T10:03:56.000Z</time>
      </trkpt>
      <trkpt lat="54.767095" lon="9.188051">
        <ele>13.045125</ele>
        <time>2021-05-16T10:03:57.000Z</time>
      </trkpt>
      <trkpt lat="54.767071" lon="9.188012">
        <ele>13.060793</ele>
        <time>2021-05-16T10:04:01.000Z</time>
      </trkpt>
      <trkpt lat="54.767066" lon="9.188006">
        <ele>13.063690</ele>
        <time>2021-05-16T10:04:02.000Z</time>
      </trkpt>
      <trkpt lat="54.767052" lon="9.187950">
        <ele>13.080459</ele>
        <time>2021-05-16T10:04:08.000Z</time>
      </trkpt>
      <trkpt lat="54.767048" lon="9.187944">
        <ele>13.082978</ele>
        <time>2021-05-16T10:04:09.000Z</time>
      </trkpt>
      <trkpt lat="54.767042" lon="9.187935">
        <ele>13.086757</ele>
        <time>2021-05-16T10:04:10.000Z</time>
      </trkpt>
      <trkpt lat="54.767018" lon="9.187878">
        <ele>13.106146</ele>
        <time>2021-05-16T10:04:14.000Z</time>
      </trkpt>
      <trkpt lat="54.767010" lon="9.187850">
        <ele>13.114732</ele>
        <time>2021-05-16T10:04:16.000Z</time>
      </trkpt>
      <trkpt lat="54.767006" lon="9.187830">
        <ele>13.120548</ele>
        <time>2021-05-16T10:04:17.000Z</time>
      </trkpt>
      <trkpt lat="54.766996" lon="9.187785">
        <ele>13.133798</ele>
        <time>2021-05-16T10:04:19.000Z</time>
      </trkpt>
      <trkpt lat="54.766984" lon="9.187763">
        <ele>13.142117</ele>
        <time>2021-05-16T10:04:20.000Z</time>
      </trkpt>
      <trkpt lat="54.766968" lon="9.187739">
        <ele>13.152087</ele>
        <time>2021-05-16T10:04:21.000Z</time>
      </trkpt>
      <trkpt lat="54.766956" lon="9.187717">
        <ele>13.159784</ele>
        <time>2021-05-16T10:04:22.000Z</time>
      </trkpt>
      <trkpt lat="54.766942" lon="9.187693">
        <ele>13.168461</ele>
        <time>2021-05-16T10:04:24.000Z</time>
      </trkpt>
      <trkpt lat="54.766931" lon="9.187650">
        <ele>13.180420</ele>
        <time>2021-05-16T10:04:27.000Z</time>
      </trkpt>
      <trkpt lat="54.766928" lon="9.187640">
        <ele>13.183286</ele>
        <time>2021-05-16T10:04:28.000Z</time>
      </trkpt>
      <trkpt lat="54.766906" lon="9.187579">
        <ele>13.201575</ele>
        <time>2021-05-16T10:04:32.000Z</time>
      </trkpt>
      <trkpt lat="54.766885" lon="9.187550">
        <ele>13.213407</ele>
        <time>2021-05-16T10:04:34.000Z</time>
      </trkpt>
      <trkpt lat="54.766863" lon="9.187504">
        <ele>13.228598</ele>
        <time>2021-05-16T10:04:36.000Z</time>
      </trkpt>
      <trkpt lat="54.766843" lon="9.187476">
        <ele>13.239928</ele>
        <time>2021-05-16T10:04:38.000Z</time>
      </trkpt>
      <trkpt lat="54.766823" lon="9.187458">
        <ele>13.249859</ele>
        <time>2021-05-16T10:04:40.000Z</time>
      </trkpt>
      <trkpt lat="54.766794" lon="9.187444">
        <ele>13.263125</ele>
        <time>2021-05-16T10:04:43.000Z</time>
      </trkpt>
      <trkpt lat="54.766776" lon="9.187431">
        <ele>13.271718</ele>
        <time>2021-05-16T10:04:45.000Z</time>
      </trkpt>
      <trkpt lat="54.766764" lon="9.187424">
        <ele>13.277298</ele>
        <time>2021-05-16T10:04:46.000Z</time>
      </trkpt>
      <trkpt lat="54.766725" lon="9.187413">
        <ele>13.294711</ele>
        <time>2021-05-16T10:04:49.000Z</time>
      </trkpt>
      <trkpt lat="54.766644" lon="9.187456">
        <ele>13.332043</ele>
        <time>2021-05-16T10:04:54.000Z</time>
      </trkpt>
      <trkpt lat="54.766548" lon="9.187499">
        <ele>13.375739</ele>
        <time>2021-05-16T10:05:01.000Z</time>
      </trkpt>
      <trkpt lat="54.766540" lon="9.187504">
        <ele>13.379487</ele>
        <time>2021-05-16T10:05:02.000Z</time>
      </trkpt>
      <trkpt lat="54.766513" lon="9.187519">
        <ele>13.391982</ele>
        <time>2021-05-16T10:05:05.000Z</time>
      </trkpt>
      <trkpt lat="54.766474" lon="9.187536">
        <ele>13.409704</ele>
        <time>2021-05-16T10:05:08.000Z</time>
      </trkpt>
      <trkpt lat="54.766462" lon="9.187542">
        <ele>13.415207</ele>
        <time>2021-05-16T10:05:09.000Z</time>
      </trkpt>
      <trkpt lat="54.766394" lon="9.187576">
        <ele>13.446396</ele>
        <time>2021-05-16T10:05:14.000Z</time>
      </trkpt>
      <trkpt lat="54.766310" lon="9.187624">
        <ele>13.485374</ele>
        <time>2021-05-16T10:05:20.000Z</time>
      </trkpt>
      <trkpt lat="54.766182" lon="9.187691">
        <ele>13.544298</ele>
        <time>2021-05-16T10:05:28.000Z</time>
      </trkpt>
      <trkpt lat="54.766110" lon="9.187732">
        <ele>13.577696</ele>
        <time>2021-05-16T10:05:34.000Z</time>
      </trkpt>
      <trkpt lat="54.766098" lon="9.187741">
        <ele>13.583458</ele>
        <time>2021-05-16T10:05:35.000Z</time>
      </trkpt>
      <trkpt lat="54.766035" lon="9.187760">
        <ele>13.611638</ele>
        <time>2021-05-16T10:05:40.000Z</time>
      </trkpt>
      <trkpt lat="54.766014" lon="9.187765">
        <ele>13.620979</ele>
        <time>2021-05-16T10:05:42.000Z</time>
      </trkpt>
      <trkpt lat="54.765925" lon="9.187799">
        <ele>13.661142</ele>
        <time>2021-05-16T10:05:49.000Z</time>
      </trkpt>
      <trkpt lat="54.765883" lon="9.187820">
        <ele>13.680406</ele>
        <time>2021-05-16T10:05:52.000Z</time>
      </trkpt>
      <trkpt lat="54.765800" lon="9.187869">
        <ele>13.719046</ele>
        <time>2021-05-16T10:05:58.000Z</time>
      </trkpt>
      <trkpt lat="54.765739" lon="9.187894">
        <ele>13.746669</ele>
        <time>2021-05-16T10:06:03.000Z</time>
      </trkpt>
      <trkpt lat="54.765703" lon="9.187919">
        <ele>13.763760</ele>
        <time>2021-05-16T10:06:06.000Z</time>
      </trkpt>
      <trkpt lat="54.765656" lon="9.187952">
        <ele>13.786107</ele>
        <time>2021-05-16T10:06:09.000Z</time>
      </trkpt>
      <trkpt lat="54.765621" lon="9.187973">
        <ele>13.802429</ele>
        <time>2021-05-16T10:06:12.000Z</time>
      </trkpt>
      <trkpt lat="54.765590" lon="9.187986">
        <ele>13.816485</ele>
        <time>2021-05-16T10:06:14.000Z</time>
      </trkpt>
      <trkpt lat="54.765500" lon="9.188045">
        <ele>13.858889</ele>
        <time>2021-05-16T10:06:20.000Z</time>
      </trkpt>
      <trkpt lat="54.765460" lon="9.188069">
        <ele>13.877542</ele>
        <time>2021-05-16T10:06:23.000Z</time>
      </trkpt>
      <trkpt lat="54.765386" lon="9.188102">
        <ele>13.911215</ele>
        <time>2021-05-16T10:06:29.000Z</time>
      </trkpt>
      <trkpt lat="54.765289" lon="9.188167">
        <ele>13.921586</ele>
        <time>2021-05-16T10:06:37.000Z</time>
      </trkpt>
      <trkpt lat="54.765235" lon="9.188222">
        <ele>13.877459</ele>
        <time>2021-05-16T10:06:42.000Z</time>
      </trkpt>
      <trkpt lat="54.765209" lon="9.188242">
        <ele>13.857418</ele>
        <time>2021-05-16T10:06:44.000Z</time>
      </trkpt>
      <trkpt lat="54.765189" lon="9.188252">
        <ele>13.842753</ele>
        <time>2021-05-16T10:06:46.000Z</time>
      </trkpt>
      <trkpt lat="54.765167" lon="9.188268">
        <ele>13.825944</ele>
        <time>2021-05-16T10:06:48.000Z</time>
      </trkpt>
      <trkpt lat="54.765131" lon="9.188282">
        <ele>13.799950</ele>
        <time>2021-05-16T10:06:52.000Z</time>
      </trkpt>
      <trkpt lat="54.765111" lon="9.188283">
        <ele>13.785853</ele>
        <time>2021-05-16T10:06:54.000Z</time>
      </trkpt>
      <trkpt lat="54.765070" lon="9.188299">
        <ele>13.756244</ele>
        <time>2021-05-16T10:06:57.000Z</time>
      </trkpt>
      <trkpt lat="54.765063" lon="9.188306">
        <ele>13.750550</ele>
        <time>2021-05-16T10:06:58.000Z</time>
      </trkpt>
      <trkpt lat="54.765050" lon="9.188316">
        <ele>13.740530</ele>
        <time>2021-05-16T10:06:59.000Z</time>
      </trkpt>
      <trkpt lat="54.765025" lon="9.188327">
        <ele>13.722358</ele>
        <time>2021-05-16T10:07:01.000Z</time>
      </trkpt>
      <trkpt lat="54.764993" lon="9.188342">
        <ele>13.699003</ele>
        <time>2021-05-16T10:07:03.000Z</time>
      </trkpt>
      <trkpt lat="54.764922" lon="9.188378">
        <ele>13.646884</ele>
        <time>2021-05-16T10:07:07.000Z</time>
      </trkpt>
      <trkpt lat="54.764854" lon="9.188395">
        <ele>13.598480</ele>
        <time>2021-05-16T10:07:12.000Z</time>
      </trkpt>
      <trkpt lat="54.764844" lon="9.188404">
        <ele>13.590541</ele>
        <time>2021-05-16T10:07:13.000Z</time>
      </trkpt>
      <trkpt lat="54.764775" lon="9.188445">
        <ele>13.539151</ele>
        <time>2021-05-16T10:07:19.000Z</time>
      </trkpt>
      <trkpt lat="54.764719" lon="9.188479">
        <ele>13.497346</ele>
        <time>2021-05-16T10:07:24.000Z</time>
      </trkpt>
      <trkpt lat="54.764711" lon="9.188487">
        <ele>13.490839</ele>
        <time>2021-05-16T10:07:25.000Z</time>
      </trkpt>
      <trkpt lat="54.764688" lon="9.188504">
        <ele>13.473223</ele>
        <time>2021-05-16T10:07:27.000Z</time>
      </trkpt>
      <trkpt lat="54.764604" lon="9.188540">
        <ele>13.412259</ele>
        <time>2021-05-16T10:07:32.000Z</time>
      </trkpt>
      <trkpt lat="54.764589" lon="9.188546">
        <ele>13.401413</ele>
        <time>2021-05-16T10:07:33.000Z</time>
      </trkpt>
      <trkpt lat="54.764546" lon="9.188571">
        <ele>13.369459</ele>
        <time>2021-05-16T10:07:36.000Z</time>
      </trkpt>
      <trkpt lat="54.764514" lon="9.188583">
        <ele>13.346392</ele>
        <time>2021-05-16T10:07:38.000Z</time>
      </trkpt>
      <trkpt lat="54.764464" lon="9.188613">
        <ele>13.309114</ele>
        <time>2021-05-16T10:07:43.000Z</time>
      </trkpt>
      <trkpt lat="54.764437" lon="9.188636">
        <ele>13.287919</ele>
        <time>2021-05-16T10:07:45.000Z</time>
      </trkpt>
      <trkpt lat="54.764401" lon="9.188645">
        <ele>13.262293</ele>
        <time>2021-05-16T10:07:49.000Z</time>
      </trkpt>
      <trkpt lat="54.764386" lon="9.188650">
        <ele>13.251531</ele>
        <time>2021-05-16T10:07:51.000Z</time>
      </trkpt>
      <trkpt lat="54.764290" lon="9.188676">
        <ele>13.183075</ele>
        <time>2021-05-16T10:08:00.000Z</time>
      </trkpt>
      <trkpt lat="54.764142" lon="9.188752">
        <ele>13.074323</ele>
        <time>2021-05-16T10:08:10.000Z</time>
      </trkpt>
      <trkpt lat="54.764099" lon="9.188787">
        <ele>13.040853</ele>
        <time>2021-05-16T10:08:13.000Z</time>
      </trkpt>
      <trkpt lat="54.764042" lon="9.188826">
        <ele>12.997679</ele>
        <time>2021-05-16T10:08:18.000Z</time>
      </trkpt>
      <trkpt lat="54.764026" lon="9.188865">
        <ele>12.978227</ele>
        <time>2021-05-16T10:08:20.000Z</time>
      </trkpt>
      <trkpt lat="54.764015" lon="9.188893">
        <ele>12.964458</ele>
        <time>2021-05-16T10:08:23.000Z</time>
      </trkpt>
      <trkpt lat="54.763989" lon="9.188887">
        <ele>12.945978</ele>
        <time>2021-05-16T10:08:29.000Z</time>
      </trkpt>
      <trkpt lat="54.763991" lon="9.188885">
        <ele>12.944351</ele>
        <time>2021-05-16T10:08:32.000Z</time>
      </trkpt>
      <trkpt lat="54.763993" lon="9.188884">
        <ele>12.942885</ele>
        <time>2021-05-16T10:08:37.000Z</time>
      </trkpt>
      <trkpt lat="54.763955" lon="9.188905">
        <ele>12.914784</ele>
        <time>2021-05-16T10:08:42.000Z</time>
      </trkpt>
      <trkpt lat="54.763874" lon="9.188933">
        <ele>12.856593</ele>
        <time>2021-05-16T10:08:49.000Z</time>
      </trkpt>
      <trkpt lat="54.763846" lon="9.188934">
        <ele>12.836861</ele>
        <time>2021-05-16T10:08:52.000Z</time>
      </trkpt>
      <trkpt lat="54.763818" lon="9.188937">
        <ele>12.817097</ele>
        <time>2021-05-16T10:08:55.000Z</time>
      </trkpt>
      <trkpt lat="54.763807" lon="9.188938">
        <ele>12.809336</ele>
        <time>2021-05-16T10:08:56.000Z</time>
      </trkpt>
      <trkpt lat="54.763765" lon="9.188953">
        <ele>12.779124</ele>
        <time>2021-05-16T10:09:01.000Z</time>
      </trkpt>
      <trkpt lat="54.763666" lon="9.188974">
        <ele>12.708854</ele>
        <time>2021-05-16T10:09:07.000Z</time>
      </trkpt>
      <trkpt lat="54.763653" lon="9.188973">
        <ele>12.699686</ele>
        <time>2021-05-16T10:09:08.000Z</time>
      </trkpt>
      <trkpt lat="54.763592" lon="9.189002">
        <ele>12.678507</ele>
        <time>2021-05-16T10:09:13.000Z</time>
      </trkpt>
      <trkpt lat="54.763581" lon="9.189010">
        <ele>12.679433</ele>
        <time>2021-05-16T10:09:14.000Z</time>
      </trkpt>
      <trkpt lat="54.763566" lon="9.189014">
        <ele>12.680611</ele>
        <time>2021-05-16T10:09:15.000Z</time>
      </trkpt>
      <trkpt lat="54.763530" lon="9.189036">
        <ele>12.683574</ele>
        <time>2021-05-16T10:09:18.000Z</time>
      </trkpt>
      <trkpt lat="54.763503" lon="9.189061">
        <ele>12.685950</ele>
        <time>2021-05-16T10:09:21.000Z</time>
      </trkpt>
      <trkpt lat="54.763493" lon="9.189084">
        <ele>12.687240</ele>
        <time>2021-05-16T10:09:23.000Z</time>
      </trkpt>
      <trkpt lat="54.763486" lon="9.189095">
        <ele>12.687973</ele>
        <time>2021-05-16T10:09:24.000Z</time>
      </trkpt>
      <trkpt lat="54.763439" lon="9.189128">
        <ele>12.691909</ele>
        <time>2021-05-16T10:09:29.000Z</time>
      </trkpt>
      <trkpt lat="54.763359" lon="9.189186">
        <ele>12.698640</ele>
        <time>2021-05-16T10:09:35.000Z</time>
      </trkpt>
      <trkpt lat="54.763332" lon="9.189209">
        <ele>12.700975</ele>
        <time>2021-05-16T10:09:37.000Z</time>
      </trkpt>
      <trkpt lat="54.763319" lon="9.189215">
        <ele>12.702020</ele>
        <time>2021-05-16T10:09:38.000Z</time>
      </trkpt>
      <trkpt lat="54.763286" lon="9.189222">
        <ele>12.704600</ele>
        <time>2021-05-16T10:09:40.000Z</time>
      </trkpt>
      <trkpt lat="54.763250" lon="9.189232">
        <ele>12.707430</ele>
        <time>2021-05-16T10:09:42.000Z</time>
      </trkpt>
      <trkpt lat="54.763194" lon="9.189253">
        <ele>12.711878</ele>
        <time>2021-05-16T10:09:46.000Z</time>
      </trkpt>
      <trkpt lat="54.763166" lon="9.189273">
        <ele>12.714228</ele>
        <time>2021-05-16T10:09:48.000Z</time>
      </trkpt>
      <trkpt lat="54.763101" lon="9.189297">
        <ele>12.719387</ele>
        <time>2021-05-16T10:09:52.000Z</time>
      </trkpt>
      <trkpt lat="54.763075" lon="9.189315">
        <ele>12.721560</ele>
        <time>2021-05-16T10:09:54.000Z</time>
      </trkpt>
      <trkpt lat="54.763059" lon="9.189324">
        <ele>12.722866</ele>
        <time>2021-05-16T10:09:55.000Z</time>
      </trkpt>
      <trkpt lat="54.763044" lon="9.189326">
        <ele>12.724034</ele>
        <time>2021-05-16T10:09:56.000Z</time>
      </trkpt>
      <trkpt lat="54.762964" lon="9.189371">
        <ele>12.730562</ele>
        <time>2021-05-16T10:10:01.000Z</time>
      </trkpt>
      <trkpt lat="54.762920" lon="9.189399">
        <ele>12.734201</ele>
        <time>2021-05-16T10:10:04.000Z</time>
      </trkpt>
      <trkpt lat="54.762899" lon="9.189417">
        <ele>12.736019</ele>
        <time>2021-05-16T10:10:06.000Z</time>
      </trkpt>
      <trkpt lat="54.762829" lon="9.189426">
        <ele>12.741468</ele>
        <time>2021-05-16T10:10:11.000Z</time>
      </trkpt>
      <trkpt lat="54.762734" lon="9.189454">
        <ele>12.748947</ele>
        <time>2021-05-16T10:10:18.000Z</time>
      </trkpt>
      <trkpt lat="54.762701" lon="9.189469">
        <ele>12.751596</ele>
        <time>2021-05-16T10:10:20.000Z</time>
      </trkpt>
      <trkpt lat="54.762652" lon="9.189490">
        <ele>12.755514</ele>
        <time>2021-05-16T10:10:24.000Z</time>
      </trkpt>
      <trkpt lat="54.762539" lon="9.189543">
        <ele>12.764600</ele>
        <time>2021-05-16T10:10:31.000Z</time>
      </trkpt>
      <trkpt lat="54.762482" lon="9.189572">
        <ele>12.769211</ele>
        <time>2021-05-16T10:10:36.000Z</time>
      </trkpt>
      <trkpt lat="54.762408" lon="9.189643">
        <ele>12.775777</ele>
        <time>2021-05-16T10:10:42.000Z</time>
      </trkpt>
      <trkpt lat="54.762405" lon="9.189643">
        <ele>12.776010</ele>
        <time>2021-05-16T10:10:43.000Z</time>
      </trkpt>
      <trkpt lat="54.762388" lon="9.189653">
        <ele>12.777403</ele>
        <time>2021-05-16T10:10:46.000Z</time>
      </trkpt>
      <trkpt lat="54.762375" lon="9.189655">
        <ele>12.778416</ele>
        <time>2021-05-16T10:10:47.000Z</time>
      </trkpt>
      <trkpt lat="54.762348" lon="9.189654">
        <ele>12.780513</ele>
        <time>2021-05-16T10:10:49.000Z</time>
      </trkpt>
      <trkpt lat="54.762341" lon="9.189662">
        <ele>12.781163</ele>
        <time>2021-05-16T10:10:50.000Z</time>
      </trkpt>
      <trkpt lat="54.762330" lon="9.189667">
        <ele>12.782046</ele>
        <time>2021-05-16T10:10:52.000Z</time>
      </trkpt>
      <trkpt lat="54.762321" lon="9.189673">
        <ele>12.782795</ele>
        <time>2021-05-16T10:10:53.000Z</time>
      </trkpt>
      <trkpt lat="54.762267" lon="9.189715">
        <ele>12.787389</ele>
        <time>2021-05-16T10:10:57.000Z</time>
      </trkpt>
      <trkpt lat="54.762246" lon="9.189726">
        <ele>12.789092</ele>
        <time>2021-05-16T10:10:58.000Z</time>
      </trkpt>
      <trkpt lat="54.762135" lon="9.189802">
        <ele>12.798356</ele>
        <time>2021-05-16T10:11:05.000Z</time>
      </trkpt>
      <trkpt lat="54.762120" lon="9.189810">
        <ele>12.799574</ele>
        <time>2021-05-16T10:11:06.000Z</time>
      </trkpt>
      <trkpt lat="54.762095" lon="9.189827">
        <ele>12.801658</ele>
        <time>2021-05-16T10:11:08.000Z</time>
      </trkpt>
      <trkpt lat="54.762060" lon="9.189841">
        <ele>12.804447</ele>
        <time>2021-05-16T10:11:10.000Z</time>
      </trkpt>
      <trkpt lat="54.762044" lon="9.189843">
        <ele>12.805692</ele>
        <time>2021-05-16T10:11:11.000Z</time>
      </trkpt>
      <trkpt lat="54.761933" lon="9.189884">
        <ele>12.814501</ele>
        <time>2021-05-16T10:11:19.000Z</time>
      </trkpt>
      <trkpt lat="54.761917" lon="9.189897">
        <ele>12.816492</ele>
        <time>2021-05-16T10:11:21.000Z</time>
      </trkpt>
      <trkpt lat="54.761897" lon="9.189914">
        <ele>12.832825</ele>
        <time>2021-05-16T10:11:24.000Z</time>
      </trkpt>
      <trkpt lat="54.761889" lon="9.189917">
        <ele>12.838827</ele>
        <time>2021-05-16T10:11:25.000Z</time>
      </trkpt>
      <trkpt lat="54.761865" lon="9.189924">
        <ele>12.856672</ele>
        <time>2021-05-16T10:11:27.000Z</time>
      </trkpt>
      <trkpt lat="54.761817" lon="9.189965">
        <ele>12.895909</ele>
        <time>2021-05-16T10:11:32.000Z</time>
      </trkpt>
      <trkpt lat="54.761811" lon="9.189971">
        <ele>12.900988</ele>
        <time>2021-05-16T10:11:33.000Z</time>
      </trkpt>
      <trkpt lat="54.761797" lon="9.189984">
        <ele>12.912633</ele>
        <time>2021-05-16T10:11:35.000Z</time>
      </trkpt>
      <trkpt lat="54.761775" lon="9.190001">
        <ele>12.930295</ele>
        <time>2021-05-16T10:11:37.000Z</time>
      </trkpt>
      <trkpt lat="54.761733" lon="9.190029">
        <ele>12.963290</ele>
        <time>2021-05-16T10:11:40.000Z</time>
      </trkpt>
      <trkpt lat="54.761704" lon="9.190050">
        <ele>12.986335</ele>
        <time>2021-05-16T10:11:43.000Z</time>
      </trkpt>
      <trkpt lat="54.761669" lon="9.190059">
        <ele>13.012278</ele>
        <time>2021-05-16T10:11:45.000Z</time>
      </trkpt>
      <trkpt lat="54.761632" lon="9.190077">
        <ele>13.040456</ele>
        <time>2021-05-16T10:11:47.000Z</time>
      </trkpt>
      <trkpt lat="54.761532" lon="9.190124">
        <ele>13.116427</ele>
        <time>2021-05-16T10:11:56.000Z</time>
      </trkpt>
      <trkpt lat="54.761513" lon="9.190174">
        <ele>13.141755</ele>
        <time>2021-05-16T10:11:59.000Z</time>
      </trkpt>
      <trkpt lat="54.761489" lon="9.190253">
        <ele>13.179526</ele>
        <time>2021-05-16T10:12:02.000Z</time>
      </trkpt>
      <trkpt lat="54.761497" lon="9.190301">
        <ele>13.200663</ele>
        <time>2021-05-16T10:12:05.000Z</time>
      </trkpt>
      <trkpt lat="54.761497" lon="9.190315">
        <ele>13.206586</ele>
        <time>2021-05-16T10:12:06.000Z</time>
      </trkpt>
      <trkpt lat="54.761502" lon="9.190330">
        <ele>13.213915</ele>
        <time>2021-05-16T10:12:07.000Z</time>
      </trkpt>
      <trkpt lat="54.761512" lon="9.190394">
        <ele>13.241966</ele>
        <time>2021-05-16T10:12:10.000Z</time>
      </trkpt>
      <trkpt lat="54.761559" lon="9.190521">
        <ele>13.305796</ele>
        <time>2021-05-16T10:12:17.000Z</time>
      </trkpt>
      <trkpt lat="54.761591" lon="9.190581">
        <ele>13.340363</ele>
        <time>2021-05-16T10:12:21.000Z</time>
      </trkpt>
      <trkpt lat="54.761600" lon="9.190603">
        <ele>13.351772</ele>
        <time>2021-05-16T10:12:22.000Z</time>
      </trkpt>
      <trkpt lat="54.761640" lon="9.190714">
        <ele>13.407137</ele>
        <time>2021-05-16T10:12:28.000Z</time>
      </trkpt>
      <trkpt lat="54.761627" lon="9.190764">
        <ele>13.430339</ele>
        <time>2021-05-16T10:12:31.000Z</time>
      </trkpt>
      <trkpt lat="54.761610" lon="9.190827">
        <ele>13.459762</ele>
        <time>2021-05-16T10:12:34.000Z</time>
      </trkpt>
      <trkpt lat="54.761599" lon="9.190909">
        <ele>13.495378</ele>
        <time>2021-05-16T10:12:37.000Z</time>
      </trkpt>
      <trkpt lat="54.761603" lon="9.190958">
        <ele>13.516314</ele>
        <time>2021-05-16T10:12:39.000Z</time>
      </trkpt>
      <trkpt lat="54.761609" lon="9.190979">
        <ele>13.526228</ele>
        <time>2021-05-16T10:12:40.000Z</time>
      </trkpt>
      <trkpt lat="54.761614" lon="9.190995">
        <ele>13.533926</ele>
        <time>2021-05-16T10:12:41.000Z</time>
      </trkpt>
      <trkpt lat="54.761665" lon="9.191106">
        <ele>13.593955</ele>
        <time>2021-05-16T10:12:47.000Z</time>
      </trkpt>
      <trkpt lat="54.761673" lon="9.191123">
        <ele>13.603236</ele>
        <time>2021-05-16T10:12:48.000Z</time>
      </trkpt>
      <trkpt lat="54.761736" lon="9.191248">
        <ele>13.673452</ele>
        <time>2021-05-16T10:12:54.000Z</time>
      </trkpt>
      <trkpt lat="54.761783" lon="9.191375">
        <ele>13.737282</ele>
        <time>2021-05-16T10:13:00.000Z</time>
      </trkpt>
      <trkpt lat="54.761801" lon="9.191434">
        <ele>13.765516</ele>
        <time>2021-05-16T10:13:02.000Z</time>
      </trkpt>
      <trkpt lat="54.761846" lon="9.191588">
        <ele>13.838545</ele>
        <time>2021-05-16T10:13:09.000Z</time>
      </trkpt>
      <trkpt lat="54.761881" lon="9.191693">
        <ele>13.889846</ele>
        <time>2021-05-16T10:13:15.000Z</time>
      </trkpt>
      <trkpt lat="54.761892" lon="9.191727">
        <ele>13.906337</ele>
        <time>2021-05-16T10:13:17.000Z</time>
      </trkpt>
      <trkpt lat="54.761900" lon="9.191747">
        <ele>13.916632</ele>
        <time>2021-05-16T10:13:18.000Z</time>
      </trkpt>
      <trkpt lat="54.761909" lon="9.191781">
        <ele>13.932458</ele>
        <time>2021-05-16T10:13:20.000Z</time>
      </trkpt>
      <trkpt lat="54.761942" lon="9.191884">
        <ele>13.982299</ele>
        <time>2021-05-16T10:13:26.000Z</time>
      </trkpt>
      <trkpt lat="54.762000" lon="9.192041">
        <ele>14.061167</ele>
        <time>2021-05-16T10:13:34.000Z</time>
      </trkpt>
      <trkpt lat="54.762027" lon="9.192101">
        <ele>14.093357</ele>
        <time>2021-05-16T10:13:37.000Z</time>
      </trkpt>
      <trkpt lat="54.762039" lon="9.192137">
        <ele>14.110946</ele>
        <time>2021-05-16T10:13:39.000Z</time>
      </trkpt>
      <trkpt lat="54.762052" lon="9.192178">
        <ele>14.130738</ele>
        <time>2021-05-16T10:13:41.000Z</time>
      </trkpt>
      <trkpt lat="54.762074" lon="9.192234">
        <ele>14.132805</ele>
        <time>2021-05-16T10:13:43.000Z</time>
      </trkpt>
      <trkpt lat="54.762113" lon="9.192346">
        <ele>14.128779</ele>
        <time>2021-05-16T10:13:48.000Z</time>
      </trkpt>
      <trkpt lat="54.762120" lon="9.192434">
        <ele>14.126044</ele>
        <time>2021-05-16T10:13:52.000Z</time>
      </trkpt>
      <trkpt lat="54.762099" lon="9.192505">
        <ele>14.123588</ele>
        <time>2021-05-16T10:13:55.000Z</time>
      </trkpt>
      <trkpt lat="54.762049" lon="9.192605">
        <ele>14.119515</ele>
        <time>2021-05-16T10:14:00.000Z</time>
      </trkpt>
      <trkpt lat="54.762029" lon="9.192639">
        <ele>14.118021</ele>
        <time>2021-05-16T10:14:02.000Z</time>
      </trkpt>
      <trkpt lat="54.761967" lon="9.192737">
        <ele>14.113544</ele>
        <time>2021-05-16T10:14:08.000Z</time>
      </trkpt>
      <trkpt lat="54.761937" lon="9.192767">
        <ele>14.111696</ele>
        <time>2021-05-16T10:14:11.000Z</time>
      </trkpt>
      <trkpt lat="54.761922" lon="9.192791">
        <ele>14.110607</ele>
        <time>2021-05-16T10:14:13.000Z</time>
      </trkpt>
      <trkpt lat="54.761911" lon="9.192806">
        <ele>14.109860</ele>
        <time>2021-05-16T10:14:14.000Z</time>
      </trkpt>
      <trkpt lat="54.761856" lon="9.192871">
        <ele>14.106309</ele>
        <time>2021-05-16T10:14:19.000Z</time>
      </trkpt>
      <trkpt lat="54.761813" lon="9.192917">
        <ele>14.103613</ele>
        <time>2021-05-16T10:14:23.000Z</time>
      </trkpt>
      <trkpt lat="54.761762" lon="9.192961">
        <ele>14.100574</ele>
        <time>2021-05-16T10:14:28.000Z</time>
      </trkpt>
      <trkpt lat="54.761753" lon="9.192975">
        <ele>14.099929</ele>
        <time>2021-05-16T10:14:29.000Z</time>
      </trkpt>
      <trkpt lat="54.761703" lon="9.193031">
        <ele>14.096753</ele>
        <time>2021-05-16T10:14:34.000Z</time>
      </trkpt>
      <trkpt lat="54.761629" lon="9.193103">
        <ele>14.092225</ele>
        <time>2021-05-16T10:14:41.000Z</time>
      </trkpt>
      <trkpt lat="54.761588" lon="9.193167">
        <ele>14.089282</ele>
        <time>2021-05-16T10:14:45.000Z</time>
      </trkpt>
      <trkpt lat="54.761556" lon="9.193188">
        <ele>14.087456</ele>
        <time>2021-05-16T10:14:48.000Z</time>
      </trkpt>
      <trkpt lat="54.761494" lon="9.193254">
        <ele>14.083574</ele>
        <time>2021-05-16T10:14:54.000Z</time>
      </trkpt>
      <trkpt lat="54.761418" lon="9.193302">
        <ele>14.079259</ele>
        <time>2021-05-16T10:15:01.000Z</time>
      </trkpt>
      <trkpt lat="54.761383" lon="9.193342">
        <ele>14.077022</ele>
        <time>2021-05-16T10:15:05.000Z</time>
      </trkpt>
      <trkpt lat="54.761350" lon="9.193383">
        <ele>14.074856</ele>
        <time>2021-05-16T10:15:08.000Z</time>
      </trkpt>
      <trkpt lat="54.761334" lon="9.193593">
        <ele>14.068336</ele>
        <time>2021-05-16T10:15:14.000Z</time>
      </trkpt>
      <trkpt lat="54.761339" lon="9.193623">
        <ele>14.067375</ele>
        <time>2021-05-16T10:15:15.000Z</time>
      </trkpt>
      <trkpt lat="54.761396" lon="9.193790">
        <ele>14.061402</ele>
        <time>2021-05-16T10:15:22.000Z</time>
      </trkpt>
      <trkpt lat="54.761477" lon="9.193874">
        <ele>14.056366</ele>
        <time>2021-05-16T10:15:28.000Z</time>
      </trkpt>
      <trkpt lat="54.761551" lon="9.193989">
        <ele>14.051064</ele>
        <time>2021-05-16T10:15:35.000Z</time>
      </trkpt>
      <trkpt lat="54.761556" lon="9.194027">
        <ele>14.049864</ele>
        <time>2021-05-16T10:15:37.000Z</time>
      </trkpt>
      <trkpt lat="54.761583" lon="9.194100">
        <ele>14.047195</ele>
        <time>2021-05-16T10:15:41.000Z</time>
      </trkpt>
      <trkpt lat="54.761595" lon="9.194118">
        <ele>14.046348</ele>
        <time>2021-05-16T10:15:42.000Z</time>
      </trkpt>
      <trkpt lat="54.761600" lon="9.194156">
        <ele>14.045149</ele>
        <time>2021-05-16T10:15:44.000Z</time>
      </trkpt>
      <trkpt lat="54.761607" lon="9.194252">
        <ele>14.042170</ele>
        <time>2021-05-16T10:15:49.000Z</time>
      </trkpt>
      <trkpt lat="54.761613" lon="9.194270">
        <ele>14.041530</ele>
        <time>2021-05-16T10:15:50.000Z</time>
      </trkpt>
      <trkpt lat="54.761637" lon="9.194299">
        <ele>14.039969</ele>
        <time>2021-05-16T10:15:52.000Z</time>
      </trkpt>
      <trkpt lat="54.761686" lon="9.194390">
        <ele>14.013093</ele>
        <time>2021-05-16T10:15:59.000Z</time>
      </trkpt>
      <trkpt lat="54.761738" lon="9.194518">
        <ele>13.964112</ele>
        <time>2021-05-16T10:16:07.000Z</time>
      </trkpt>
      <trkpt lat="54.761783" lon="9.194610">
        <ele>13.926374</ele>
        <time>2021-05-16T10:16:13.000Z</time>
      </trkpt>
      <trkpt lat="54.761792" lon="9.194624">
        <ele>13.919816</ele>
        <time>2021-05-16T10:16:14.000Z</time>
      </trkpt>
      <trkpt lat="54.761791" lon="9.194661">
        <ele>13.908226</ele>
        <time>2021-05-16T10:16:16.000Z</time>
      </trkpt>
      <trkpt lat="54.761774" lon="9.194771">
        <ele>13.872595</ele>
        <time>2021-05-16T10:16:21.000Z</time>
      </trkpt>
      <trkpt lat="54.761759" lon="9.194805">
        <ele>13.859204</ele>
        <time>2021-05-16T10:16:24.000Z</time>
      </trkpt>
      <trkpt lat="54.761715" lon="9.194862">
        <ele>13.829414</ele>
        <time>2021-05-16T10:16:28.000Z</time>
      </trkpt>
      <trkpt lat="54.761695" lon="9.194889">
        <ele>13.815667</ele>
        <time>2021-05-16T10:16:30.000Z</time>
      </trkpt>
      <trkpt lat="54.761677" lon="9.194908">
        <ele>13.804238</ele>
        <time>2021-05-16T10:16:32.000Z</time>
      </trkpt>
      <trkpt lat="54.761656" lon="9.194922">
        <ele>13.792036</ele>
        <time>2021-05-16T10:16:34.000Z</time>
      </trkpt>
      <trkpt lat="54.761647" lon="9.194936">
        <ele>13.785478</ele>
        <time>2021-05-16T10:16:35.000Z</time>
      </trkpt>
      <trkpt lat="54.761638" lon="9.194944">
        <ele>13.779993</ele>
        <time>2021-05-16T10:16:36.000Z</time>
      </trkpt>
      <trkpt lat="54.761615" lon="9.194971">
        <ele>13.764929</ele>
        <time>2021-05-16T10:16:39.000Z</time>
      </trkpt>
      <trkpt lat="54.761579" lon="9.195013">
        <ele>13.741395</ele>
        <time>2021-05-16T10:16:41.000Z</time>
      </trkpt>
      <trkpt lat="54.761579" lon="9.195013">
        <ele>13.741395</ele>
        <time>2021-05-16T10:16:42.000Z</time>
      </trkpt>
      <trkpt lat="54.761551" lon="9.195076">
        <ele>13.716513</ele>
        <time>2021-05-16T10:16:44.000Z</time>
      </trkpt>
      <trkpt lat="54.761527" lon="9.195171">
        <ele>13.684064</ele>
        <time>2021-05-16T10:16:48.000Z</time>
      </trkpt>
      <trkpt lat="54.761517" lon="9.195198">
        <ele>13.674025</ele>
        <time>2021-05-16T10:16:49.000Z</time>
      </trkpt>
      <trkpt lat="54.761493" lon="9.195266">
        <ele>13.649084</ele>
        <time>2021-05-16T10:16:53.000Z</time>
      </trkpt>
      <trkpt lat="54.761485" lon="9.195282">
        <ele>13.642459</ele>
        <time>2021-05-16T10:16:54.000Z</time>
      </trkpt>
      <trkpt lat="54.761479" lon="9.195297">
        <ele>13.636748</ele>
        <time>2021-05-16T10:16:55.000Z</time>
      </trkpt>
      <trkpt lat="54.761472" lon="9.195313">
        <ele>13.630466</ele>
        <time>2021-05-16T10:16:56.000Z</time>
      </trkpt>
      <trkpt lat="54.761466" lon="9.195338">
        <ele>13.621994</ele>
        <time>2021-05-16T10:16:57.000Z</time>
      </trkpt>
      <trkpt lat="54.761420" lon="9.195372">
        <ele>13.594875</ele>
        <time>2021-05-16T10:17:02.000Z</time>
      </trkpt>
      <trkpt lat="54.761383" lon="9.195423">
        <ele>13.569238</ele>
        <time>2021-05-16T10:17:08.000Z</time>
      </trkpt>
      <trkpt lat="54.761362" lon="9.195417">
        <ele>13.557696</ele>
        <time>2021-05-16T10:17:12.000Z</time>
      </trkpt>
      <trkpt lat="54.761348" lon="9.195425">
        <ele>13.549702</ele>
        <time>2021-05-16T10:17:15.000Z</time>
      </trkpt>
      <trkpt lat="54.761347" lon="9.195424">
        <ele>13.549076</ele>
        <time>2021-05-16T10:17:16.000Z</time>
      </trkpt>
      <trkpt lat="54.761302" lon="9.195432">
        <ele>13.524545</ele>
        <time>2021-05-16T10:17:25.000Z</time>
      </trkpt>
      <trkpt lat="54.761255" lon="9.195513">
        <ele>13.488602</ele>
        <time>2021-05-16T10:17:33.000Z</time>
      </trkpt>
      <trkpt lat="54.761251" lon="9.195514">
        <ele>13.486410</ele>
        <time>2021-05-16T10:17:35.000Z</time>
      </trkpt>
      <trkpt lat="54.761238" lon="9.195550">
        <ele>13.473122</ele>
        <time>2021-05-16T10:17:40.000Z</time>
      </trkpt>
      <trkpt lat="54.761232" lon="9.195564">
        <ele>13.467665</ele>
        <time>2021-05-16T10:17:42.000Z</time>
      </trkpt>
      <trkpt lat="54.761232" lon="9.195561">
        <ele>13.466726</ele>
        <time>2021-05-16T10:17:43.000Z</time>
      </trkpt>
      <trkpt lat="54.761245" lon="9.195523">
        <ele>13.452904</ele>
        <time>2021-05-16T10:17:46.000Z</time>
      </trkpt>
      <trkpt lat="54.761263" lon="9.195445">
        <ele>13.426618</ele>
        <time>2021-05-16T10:17:51.000Z</time>
      </trkpt>
      <trkpt lat="54.761259" lon="9.195392">
        <ele>13.409894</ele>
        <time>2021-05-16T10:17:53.000Z</time>
      </trkpt>
      <trkpt lat="54.761259" lon="9.195339">
        <ele>13.393310</ele>
        <time>2021-05-16T10:17:56.000Z</time>
      </trkpt>
      <trkpt lat="54.761250" lon="9.195314">
        <ele>13.384090</ele>
        <time>2021-05-16T10:17:57.000Z</time>
      </trkpt>
      <trkpt lat="54.761217" lon="9.195245">
        <ele>13.356048</ele>
        <time>2021-05-16T10:18:01.000Z</time>
      </trkpt>
      <trkpt lat="54.761198" lon="9.195216">
        <ele>13.342319</ele>
        <time>2021-05-16T10:18:03.000Z</time>
      </trkpt>
      <trkpt lat="54.761132" lon="9.195111">
        <ele>13.293735</ele>
        <time>2021-05-16T10:18:08.000Z</time>
      </trkpt>
      <trkpt lat="54.761120" lon="9.195073">
        <ele>13.280181</ele>
        <time>2021-05-16T10:18:10.000Z</time>
      </trkpt>
      <trkpt lat="54.761099" lon="9.194990">
        <ele>13.251824</ele>
        <time>2021-05-16T10:18:15.000Z</time>
      </trkpt>
      <trkpt lat="54.761088" lon="9.194973">
        <ele>13.243831</ele>
        <time>2021-05-16T10:18:16.000Z</time>
      </trkpt>
      <trkpt lat="54.761036" lon="9.194920">
        <ele>13.211118</ele>
        <time>2021-05-16T10:18:19.000Z</time>
      </trkpt>
      <trkpt lat="54.760990" lon="9.194844">
        <ele>13.176654</ele>
        <time>2021-05-16T10:18:23.000Z</time>
      </trkpt>
      <trkpt lat="54.760940" lon="9.194751">
        <ele>13.136880</ele>
        <time>2021-05-16T10:18:29.000Z</time>
      </trkpt>
      <trkpt lat="54.760874" lon="9.194662">
        <ele>13.091532</ele>
        <time>2021-05-16T10:18:35.000Z</time>
      </trkpt>
      <trkpt lat="54.760815" lon="9.194544">
        <ele>13.072587</ele>
        <time>2021-05-16T10:18:42.000Z</time>
      </trkpt>
      <trkpt lat="54.760774" lon="9.194474">
        <ele>13.086709</ele>
        <time>2021-05-16T10:18:48.000Z</time>
      </trkpt>
      <trkpt lat="54.760764" lon="9.194453">
        <ele>13.090564</ele>
        <time>2021-05-16T10:18:49.000Z</time>
      </trkpt>
      <trkpt lat="54.760691" lon="9.194328">
        <ele>13.115745</ele>
        <time>2021-05-16T10:18:55.000Z</time>
      </trkpt>
      <trkpt lat="54.760661" lon="9.194278">
        <ele>13.125958</ele>
        <time>2021-05-16T10:18:58.000Z</time>
      </trkpt>
      <trkpt lat="54.760637" lon="9.194220">
        <ele>13.136063</ele>
        <time>2021-05-16T10:19:01.000Z</time>
      </trkpt>
      <trkpt lat="54.760622" lon="9.194191">
        <ele>13.141577</ele>
        <time>2021-05-16T10:19:03.000Z</time>
      </trkpt>
      <trkpt lat="54.760607" lon="9.194153">
        <ele>13.148096</ele>
        <time>2021-05-16T10:19:05.000Z</time>
      </trkpt>
      <trkpt lat="54.760567" lon="9.194076">
        <ele>13.162765</ele>
        <time>2021-05-16T10:19:10.000Z</time>
      </trkpt>
      <trkpt lat="54.760549" lon="9.194034">
        <ele>13.170172</ele>
        <time>2021-05-16T10:19:12.000Z</time>
      </trkpt>
      <trkpt lat="54.760536" lon="9.193928">
        <ele>13.185516</ele>
        <time>2021-05-16T10:19:16.000Z</time>
      </trkpt>
      <trkpt lat="54.760502" lon="9.193839">
        <ele>13.200628</ele>
        <time>2021-05-16T10:19:21.000Z</time>
      </trkpt>
      <trkpt lat="54.760487" lon="9.193821">
        <ele>13.205105</ele>
        <time>2021-05-16T10:19:22.000Z</time>
      </trkpt>
      <trkpt lat="54.760421" lon="9.193671">
        <ele>13.231813</ele>
        <time>2021-05-16T10:19:29.000Z</time>
      </trkpt>
      <trkpt lat="54.760418" lon="9.193662">
        <ele>13.233284</ele>
        <time>2021-05-16T10:19:30.000Z</time>
      </trkpt>
      <trkpt lat="54.760414" lon="9.193639">
        <ele>13.236685</ele>
        <time>2021-05-16T10:19:32.000Z</time>
      </trkpt>
      <trkpt lat="54.760411" lon="9.193624">
        <ele>13.238933</ele>
        <time>2021-05-16T10:19:33.000Z</time>
      </trkpt>
      <trkpt lat="54.760401" lon="9.193585">
        <ele>13.244976</ele>
        <time>2021-05-16T10:19:35.000Z</time>
      </trkpt>
      <trkpt lat="54.760389" lon="9.193564">
        <ele>13.249160</ele>
        <time>2021-05-16T10:19:37.000Z</time>
      </trkpt>
      <trkpt lat="54.760358" lon="9.193506">
        <ele>13.260354</ele>
        <time>2021-05-16T10:19:41.000Z</time>
      </trkpt>
      <trkpt lat="54.760333" lon="9.193457">
        <ele>13.269614</ele>
        <time>2021-05-16T10:19:44.000Z</time>
      </trkpt>
      <trkpt lat="54.760299" lon="9.193409">
        <ele>13.280375</ele>
        <time>2021-05-16T10:19:47.000Z</time>
      </trkpt>
      <trkpt lat="54.760277" lon="9.193387">
        <ele>13.286608</ele>
        <time>2021-05-16T10:19:49.000Z</time>
      </trkpt>
      <trkpt lat="54.760245" lon="9.193333">
        <ele>13.297567</ele>
        <time>2021-05-16T10:19:53.000Z</time>
      </trkpt>
      <trkpt lat="54.760207" lon="9.193286">
        <ele>13.309022</ele>
        <time>2021-05-16T10:19:56.000Z</time>
      </trkpt>
      <trkpt lat="54.760153" lon="9.193233">
        <ele>13.324250</ele>
        <time>2021-05-16T10:20:00.000Z</time>
      </trkpt>
      <trkpt lat="54.760134" lon="9.193176">
        <ele>13.333570</ele>
        <time>2021-05-16T10:20:04.000Z</time>
      </trkpt>
      <trkpt lat="54.760130" lon="9.193162">
        <ele>13.335782</ele>
        <time>2021-05-16T10:20:05.000Z</time>
      </trkpt>
      <trkpt lat="54.760103" lon="9.193116">
        <ele>13.345073</ele>
        <time>2021-05-16T10:20:09.000Z</time>
      </trkpt>
      <trkpt lat="54.760082" lon="9.193076">
        <ele>13.352729</ele>
        <time>2021-05-16T10:20:12.000Z</time>
      </trkpt>
      <trkpt lat="54.760070" lon="9.193038">
        <ele>13.358863</ele>
        <time>2021-05-16T10:20:15.000Z</time>
      </trkpt>
      <trkpt lat="54.760063" lon="9.193000">
        <ele>13.364511</ele>
        <time>2021-05-16T10:20:18.000Z</time>
      </trkpt>
      <trkpt lat="54.760059" lon="9.192986">
        <ele>13.366722</ele>
        <time>2021-05-16T10:20:19.000Z</time>
      </trkpt>
      <trkpt lat="54.760046" lon="9.192961">
        <ele>13.371487</ele>
        <time>2021-05-16T10:20:21.000Z</time>
      </trkpt>
      <trkpt lat="54.760026" lon="9.192910">
        <ele>13.380218</ele>
        <time>2021-05-16T10:20:24.000Z</time>
      </trkpt>
      <trkpt lat="54.760018" lon="9.192893">
        <ele>13.383324</ele>
        <time>2021-05-16T10:20:25.000Z</time>
      </trkpt>
      <trkpt lat="54.759992" lon="9.192833">
        <ele>13.393948</ele>
        <time>2021-05-16T10:20:28.000Z</time>
      </trkpt>
      <trkpt lat="54.759982" lon="9.192799">
        <ele>13.399351</ele>
        <time>2021-05-16T10:20:30.000Z</time>
      </trkpt>
      <trkpt lat="54.759979" lon="9.192771">
        <ele>13.403383</ele>
        <time>2021-05-16T10:20:31.000Z</time>
      </trkpt>
      <trkpt lat="54.759934" lon="9.192638">
        <ele>13.425213</ele>
        <time>2021-05-16T10:20:36.000Z</time>
      </trkpt>
      <trkpt lat="54.759930" lon="9.192605">
        <ele>13.429987</ele>
        <time>2021-05-16T10:20:38.000Z</time>
      </trkpt>
      <trkpt lat="54.759900" lon="9.192527">
        <ele>13.443259</ele>
        <time>2021-05-16T10:20:42.000Z</time>
      </trkpt>
      <trkpt lat="54.759885" lon="9.192483">
        <ele>13.450495</ele>
        <time>2021-05-16T10:20:44.000Z</time>
      </trkpt>
      <trkpt lat="54.759859" lon="9.192358">
        <ele>13.469308</ele>
        <time>2021-05-16T10:20:50.000Z</time>
      </trkpt>
      <trkpt lat="54.759854" lon="9.192307">
        <ele>13.476632</ele>
        <time>2021-05-16T10:20:53.000Z</time>
      </trkpt>
      <trkpt lat="54.759857" lon="9.192250">
        <ele>13.484736</ele>
        <time>2021-05-16T10:20:57.000Z</time>
      </trkpt>
      <trkpt lat="54.759849" lon="9.192176">
        <ele>13.495396</ele>
        <time>2021-05-16T10:21:01.000Z</time>
      </trkpt>
      <trkpt lat="54.759841" lon="9.192130">
        <ele>13.502198</ele>
        <time>2021-05-16T10:21:03.000Z</time>
      </trkpt>
      <trkpt lat="54.759818" lon="9.192007">
        <ele>13.516173</ele>
        <time>2021-05-16T10:21:09.000Z</time>
      </trkpt>
      <trkpt lat="54.759817" lon="9.191961">
        <ele>13.520913</ele>
        <time>2021-05-16T10:21:11.000Z</time>
      </trkpt>
      <trkpt lat="54.759809" lon="9.191799">
        <ele>13.537657</ele>
        <time>2021-05-16T10:21:18.000Z</time>
      </trkpt>
      <trkpt lat="54.759802" lon="9.191790">
        <ele>13.539212</ele>
        <time>2021-05-16T10:21:19.000Z</time>
      </trkpt>
      <trkpt lat="54.759791" lon="9.191735">
        <ele>13.545207</ele>
        <time>2021-05-16T10:21:22.000Z</time>
      </trkpt>
      <trkpt lat="54.759784" lon="9.191701">
        <ele>13.548924</ele>
        <time>2021-05-16T10:21:24.000Z</time>
      </trkpt>
      <trkpt lat="54.759770" lon="9.191641">
        <ele>13.555589</ele>
        <time>2021-05-16T10:21:27.000Z</time>
      </trkpt>
      <trkpt lat="54.759763" lon="9.191570">
        <ele>13.563007</ele>
        <time>2021-05-16T10:21:29.000Z</time>
      </trkpt>
      <trkpt lat="54.759763" lon="9.191543">
        <ele>13.565787</ele>
        <time>2021-05-16T10:21:30.000Z</time>
      </trkpt>
      <trkpt lat="54.759759" lon="9.191519">
        <ele>13.568360</ele>
        <time>2021-05-16T10:21:31.000Z</time>
      </trkpt>
      <trkpt lat="54.759743" lon="9.191399">
        <ele>13.581043</ele>
        <time>2021-05-16T10:21:36.000Z</time>
      </trkpt>
      <trkpt lat="54.759736" lon="9.191338">
        <ele>13.587447</ele>
        <time>2021-05-16T10:21:39.000Z</time>
      </trkpt>
      <trkpt lat="54.759729" lon="9.191303">
        <ele>13.591262</ele>
        <time>2021-05-16T10:21:41.000Z</time>
      </trkpt>
      <trkpt lat="54.759727" lon="9.191286">
        <ele>13.593049</ele>
        <time>2021-05-16T10:21:42.000Z</time>
      </trkpt>
      <trkpt lat="54.759727" lon="9.191267">
        <ele>13.595005</ele>
        <time>2021-05-16T10:21:43.000Z</time>
      </trkpt>
      <trkpt lat="54.759709" lon="9.191225">
        <ele>13.600393</ele>
        <time>2021-05-16T10:21:45.000Z</time>
      </trkpt>
      <trkpt lat="54.759708" lon="9.191208">
        <ele>13.602153</ele>
        <time>2021-05-16T10:21:46.000Z</time>
      </trkpt>
      <trkpt lat="54.759708" lon="9.191177">
        <ele>13.605345</ele>
        <time>2021-05-16T10:21:48.000Z</time>
      </trkpt>
      <trkpt lat="54.759710" lon="9.191151">
        <ele>13.608046</ele>
        <time>2021-05-16T10:21:49.000Z</time>
      </trkpt>
      <trkpt lat="54.759703" lon="9.191128">
        <ele>13.610724</ele>
        <time>2021-05-16T10:21:51.000Z</time>
      </trkpt>
      <trkpt lat="54.759705" lon="9.191076">
        <ele>13.616091</ele>
        <time>2021-05-16T10:21:54.000Z</time>
      </trkpt>
      <trkpt lat="54.759695" lon="9.191042">
        <ele>13.620020</ele>
        <time>2021-05-16T10:21:55.000Z</time>
      </trkpt>
      <trkpt lat="54.759695" lon="9.191013">
        <ele>13.623007</ele>
        <time>2021-05-16T10:21:56.000Z</time>
      </trkpt>
      <trkpt lat="54.759685" lon="9.190972">
        <ele>13.627591</ele>
        <time>2021-05-16T10:21:59.000Z</time>
      </trkpt>
      <trkpt lat="54.759688" lon="9.190968">
        <ele>13.628266</ele>
        <time>2021-05-16T10:22:01.000Z</time>
      </trkpt>
      <trkpt lat="54.759689" lon="9.190966">
        <ele>13.628539</ele>
        <time>2021-05-16T10:22:03.000Z</time>
      </trkpt>
      <trkpt lat="54.759696" lon="9.190962">
        <ele>13.629854</ele>
        <time>2021-05-16T10:22:05.000Z</time>
      </trkpt>
      <trkpt lat="54.759726" lon="9.190954">
        <ele>13.635271</ele>
        <time>2021-05-16T10:22:08.000Z</time>
      </trkpt>
      <trkpt lat="54.759721" lon="9.190895">
        <ele>13.641412</ele>
        <time>2021-05-16T10:22:12.000Z</time>
      </trkpt>
      <trkpt lat="54.759713" lon="9.190877">
        <ele>13.643752</ele>
        <time>2021-05-16T10:22:15.000Z</time>
      </trkpt>
      <trkpt lat="54.759695" lon="9.190787">
        <ele>13.653561</ele>
        <time>2021-05-16T10:22:18.000Z</time>
      </trkpt>
      <trkpt lat="54.759701" lon="9.190740">
        <ele>13.658518</ele>
        <time>2021-05-16T10:22:19.000Z</time>
      </trkpt>
      <trkpt lat="54.759681" lon="9.190513">
        <ele>13.682165</ele>
        <time>2021-05-16T10:22:25.000Z</time>
      </trkpt>
      <trkpt lat="54.759676" lon="9.190478">
        <ele>13.685878</ele>
        <time>2021-05-16T10:22:26.000Z</time>
      </trkpt>
      <trkpt lat="54.759669" lon="9.190444">
        <ele>13.689596</ele>
        <time>2021-05-16T10:22:27.000Z</time>
      </trkpt>
      <trkpt lat="54.759664" lon="9.190416">
        <ele>13.692614</ele>
        <time>2021-05-16T10:22:28.000Z</time>
      </trkpt>
      <trkpt lat="54.759641" lon="9.190259">
        <ele>13.709295</ele>
        <time>2021-05-16T10:22:34.000Z</time>
      </trkpt>
      <trkpt lat="54.759623" lon="9.190138">
        <ele>13.722163</ele>
        <time>2021-05-16T10:22:40.000Z</time>
      </trkpt>
      <trkpt lat="54.759620" lon="9.190116">
        <ele>13.724491</ele>
        <time>2021-05-16T10:22:41.000Z</time>
      </trkpt>
      <trkpt lat="54.759627" lon="9.190071">
        <ele>13.729290</ele>
        <time>2021-05-16T10:22:43.000Z</time>
      </trkpt>
      <trkpt lat="54.759631" lon="9.189912">
        <ele>13.745679</ele>
        <time>2021-05-16T10:22:47.000Z</time>
      </trkpt>
      <trkpt lat="54.759634" lon="9.189884">
        <ele>13.748612</ele>
        <time>2021-05-16T10:22:48.000Z</time>
      </trkpt>
      <trkpt lat="54.759634" lon="9.189772">
        <ele>13.760146</ele>
        <time>2021-05-16T10:22:54.000Z</time>
      </trkpt>
      <trkpt lat="54.759629" lon="9.189725">
        <ele>13.765067</ele>
        <time>2021-05-16T10:22:57.000Z</time>
      </trkpt>
      <trkpt lat="54.759635" lon="9.189697">
        <ele>13.768143</ele>
        <time>2021-05-16T10:22:59.000Z</time>
      </trkpt>
      <trkpt lat="54.759642" lon="9.189603">
        <ele>13.777903</ele>
        <time>2021-05-16T10:23:03.000Z</time>
      </trkpt>
      <trkpt lat="54.759647" lon="9.189553">
        <ele>13.783129</ele>
        <time>2021-05-16T10:23:05.000Z</time>
      </trkpt>
      <trkpt lat="54.759643" lon="9.189513">
        <ele>13.787310</ele>
        <time>2021-05-16T10:23:07.000Z</time>
      </trkpt>
      <trkpt lat="54.759669" lon="9.189407">
        <ele>13.799171</ele>
        <time>2021-05-16T10:23:13.000Z</time>
      </trkpt>
      <trkpt lat="54.759674" lon="9.189356">
        <ele>13.804498</ele>
        <time>2021-05-16T10:23:15.000Z</time>
      </trkpt>
      <trkpt lat="54.759689" lon="9.189282">
        <ele>13.812575</ele>
        <time>2021-05-16T10:23:18.000Z</time>
      </trkpt>
      <trkpt lat="54.759700" lon="9.189261">
        <ele>13.815496</ele>
        <time>2021-05-16T10:23:19.000Z</time>
      </trkpt>
      <trkpt lat="54.759712" lon="9.189239">
        <ele>13.818613</ele>
        <time>2021-05-16T10:23:20.000Z</time>
      </trkpt>
      <trkpt lat="54.759725" lon="9.189172">
        <ele>13.826408</ele>
        <time>2021-05-16T10:23:22.000Z</time>
      </trkpt>
      <trkpt lat="54.759729" lon="9.189117">
        <ele>13.843065</ele>
        <time>2021-05-16T10:23:25.000Z</time>
      </trkpt>
      <trkpt lat="54.759742" lon="9.189065">
        <ele>13.860094</ele>
        <time>2021-05-16T10:23:28.000Z</time>
      </trkpt>
      <trkpt lat="54.759760" lon="9.189001">
        <ele>13.881488</ele>
        <time>2021-05-16T10:23:32.000Z</time>
      </trkpt>
      <trkpt lat="54.759774" lon="9.188979">
        <ele>13.891329</ele>
        <time>2021-05-16T10:23:33.000Z</time>
      </trkpt>
      <trkpt lat="54.759786" lon="9.188944">
        <ele>13.903562</ele>
        <time>2021-05-16T10:23:35.000Z</time>
      </trkpt>
      <trkpt lat="54.759788" lon="9.188931">
        <ele>13.907605</ele>
        <time>2021-05-16T10:23:36.000Z</time>
      </trkpt>
      <trkpt lat="54.759789" lon="9.188896">
        <ele>13.918135</ele>
        <time>2021-05-16T10:23:38.000Z</time>
      </trkpt>
      <trkpt lat="54.759790" lon="9.188801">
        <ele>13.946686</ele>
        <time>2021-05-16T10:23:43.000Z</time>
      </trkpt>
      <trkpt lat="54.759809" lon="9.188739">
        <ele>13.967780</ele>
        <time>2021-05-16T10:23:46.000Z</time>
      </trkpt>
      <trkpt lat="54.759844" lon="9.188606">
        <ele>14.011704</ele>
        <time>2021-05-16T10:23:52.000Z</time>
      </trkpt>
      <trkpt lat="54.759840" lon="9.188601">
        <ele>14.014273</ele>
        <time>2021-05-16T10:23:53.000Z</time>
      </trkpt>
      <trkpt lat="54.759842" lon="9.188545">
        <ele>14.031132</ele>
        <time>2021-05-16T10:23:59.000Z</time>
      </trkpt>
      <trkpt lat="54.759845" lon="9.188529">
        <ele>14.036187</ele>
        <time>2021-05-16T10:24:00.000Z</time>
      </trkpt>
      <trkpt lat="54.759840" lon="9.188445">
        <ele>14.061561</ele>
        <time>2021-05-16T10:24:07.000Z</time>
      </trkpt>
      <trkpt lat="54.759817" lon="9.188391">
        <ele>14.081729</ele>
        <time>2021-05-16T10:24:11.000Z</time>
      </trkpt>
      <trkpt lat="54.759815" lon="9.188365">
        <ele>14.089611</ele>
        <time>2021-05-16T10:24:13.000Z</time>
      </trkpt>
      <trkpt lat="54.759802" lon="9.188342">
        <ele>14.099285</ele>
        <time>2021-05-16T10:24:15.000Z</time>
      </trkpt>
      <trkpt lat="54.759793" lon="9.188321">
        <ele>14.107146</ele>
        <time>2021-05-16T10:24:17.000Z</time>
      </trkpt>
      <trkpt lat="54.759778" lon="9.188320">
        <ele>14.114963</ele>
        <time>2021-05-16T10:24:19.000Z</time>
      </trkpt>
      <trkpt lat="54.759729" lon="9.188290">
        <ele>14.142026</ele>
        <time>2021-05-16T10:24:24.000Z</time>
      </trkpt>
      <trkpt lat="54.759712" lon="9.188274">
        <ele>14.152100</ele>
        <time>2021-05-16T10:24:26.000Z</time>
      </trkpt>
      <trkpt lat="54.759688" lon="9.188266">
        <ele>14.164827</ele>
        <time>2021-05-16T10:24:28.000Z</time>
      </trkpt>
      <trkpt lat="54.759686" lon="9.188253">
        <ele>14.168870</ele>
        <time>2021-05-16T10:24:30.000Z</time>
      </trkpt>
      <trkpt lat="54.759684" lon="9.188245">
        <ele>14.171490</ele>
        <time>2021-05-16T10:24:32.000Z</time>
      </trkpt>
      <trkpt lat="54.759670" lon="9.188215">
        <ele>14.183084</ele>
        <time>2021-05-16T10:24:35.000Z</time>
      </trkpt>
      <trkpt lat="54.759668" lon="9.188204">
        <ele>14.186549</ele>
        <time>2021-05-16T10:24:36.000Z</time>
      </trkpt>
      <trkpt lat="54.759656" lon="9.188198">
        <ele>14.193053</ele>
        <time>2021-05-16T10:24:38.000Z</time>
      </trkpt>
      <trkpt lat="54.759647" lon="9.188188">
        <ele>14.198621</ele>
        <time>2021-05-16T10:24:39.000Z</time>
      </trkpt>
      <trkpt lat="54.759634" lon="9.188175">
        <ele>14.206437</ele>
        <time>2021-05-16T10:24:41.000Z</time>
      </trkpt>
      <trkpt lat="54.759623" lon="9.188170">
        <ele>14.212359</ele>
        <time>2021-05-16T10:24:42.000Z</time>
      </trkpt>
      <trkpt lat="54.759552" lon="9.188158">
        <ele>14.249508</ele>
        <time>2021-05-16T10:24:49.000Z</time>
      </trkpt>
      <trkpt lat="54.759538" lon="9.188152">
        <ele>14.257019</ele>
        <time>2021-05-16T10:24:51.000Z</time>
      </trkpt>
      <trkpt lat="54.759491" lon="9.188124">
        <ele>14.282900</ele>
        <time>2021-05-16T10:24:56.000Z</time>
      </trkpt>
      <trkpt lat="54.759482" lon="9.188126">
        <ele>14.287625</ele>
        <time>2021-05-16T10:24:57.000Z</time>
      </trkpt>
      <trkpt lat="54.759434" lon="9.188153">
        <ele>14.313906</ele>
        <time>2021-05-16T10:25:02.000Z</time>
      </trkpt>
      <trkpt lat="54.759381" lon="9.188174">
        <ele>14.342218</ele>
        <time>2021-05-16T10:25:08.000Z</time>
      </trkpt>
      <trkpt lat="54.759363" lon="9.188183">
        <ele>14.351974</ele>
        <time>2021-05-16T10:25:09.000Z</time>
      </trkpt>
      <trkpt lat="54.759316" lon="9.188235">
        <ele>14.381012</ele>
        <time>2021-05-16T10:25:13.000Z</time>
      </trkpt>
      <trkpt lat="54.759303" lon="9.188251">
        <ele>14.389316</ele>
        <time>2021-05-16T10:25:14.000Z</time>
      </trkpt>
      <trkpt lat="54.759293" lon="9.188269">
        <ele>14.396824</ele>
        <time>2021-05-16T10:25:15.000Z</time>
      </trkpt>
      <trkpt lat="54.759286" lon="9.188313">
        <ele>14.410539</ele>
        <time>2021-05-16T10:25:17.000Z</time>
      </trkpt>
      <trkpt lat="54.759244" lon="9.188400">
        <ele>14.444624</ele>
        <time>2021-05-16T10:25:23.000Z</time>
      </trkpt>
      <trkpt lat="54.759222" lon="9.188448">
        <ele>14.463044</ele>
        <time>2021-05-16T10:25:26.000Z</time>
      </trkpt>
      <trkpt lat="54.759181" lon="9.188485">
        <ele>14.487116</ele>
        <time>2021-05-16T10:25:30.000Z</time>
      </trkpt>
      <trkpt lat="54.759117" lon="9.188520">
        <ele>14.522065</ele>
        <time>2021-05-16T10:25:33.000Z</time>
      </trkpt>
      <trkpt lat="54.759080" lon="9.188548">
        <ele>14.543090</ele>
        <time>2021-05-16T10:25:36.000Z</time>
      </trkpt>
      <trkpt lat="54.759063" lon="9.188556">
        <ele>14.552264</ele>
        <time>2021-05-16T10:25:38.000Z</time>
      </trkpt>
      <trkpt lat="54.759037" lon="9.188603">
        <ele>14.571828</ele>
        <time>2021-05-16T10:25:42.000Z</time>
      </trkpt>
      <trkpt lat="54.759027" lon="9.188617">
        <ele>14.578523</ele>
        <time>2021-05-16T10:25:43.000Z</time>
      </trkpt>
      <trkpt lat="54.759015" lon="9.188627">
        <ele>14.585457</ele>
        <time>2021-05-16T10:25:44.000Z</time>
      </trkpt>
      <trkpt lat="54.759005" lon="9.188633">
        <ele>14.590968</ele>
        <time>2021-05-16T10:25:45.000Z</time>
      </trkpt>
      <trkpt lat="54.758995" lon="9.188633">
        <ele>14.596176</ele>
        <time>2021-05-16T10:25:46.000Z</time>
      </trkpt>
      <trkpt lat="54.758979" lon="9.188737">
        <ele>14.628518</ele>
        <time>2021-05-16T10:25:49.000Z</time>
      </trkpt>
      <trkpt lat="54.758959" lon="9.188789">
        <ele>14.647296</ele>
        <time>2021-05-16T10:25:52.000Z</time>
      </trkpt>
      <trkpt lat="54.758907" lon="9.188891">
        <ele>14.688195</ele>
        <time>2021-05-16T10:25:58.000Z</time>
      </trkpt>
      <trkpt lat="54.758855" lon="9.188939">
        <ele>14.718877</ele>
        <time>2021-05-16T10:26:03.000Z</time>
      </trkpt>
      <trkpt lat="54.758841" lon="9.188936">
        <ele>14.726223</ele>
        <time>2021-05-16T10:26:04.000Z</time>
      </trkpt>
      <trkpt lat="54.758831" lon="9.188941">
        <ele>14.731643</ele>
        <time>2021-05-16T10:26:05.000Z</time>
      </trkpt>
      <trkpt lat="54.758819" lon="9.188944">
        <ele>14.737957</ele>
        <time>2021-05-16T10:26:07.000Z</time>
      </trkpt>
      <trkpt lat="54.758804" lon="9.188933">
        <ele>14.746439</ele>
        <time>2021-05-16T10:26:08.000Z</time>
      </trkpt>
      <trkpt lat="54.758718" lon="9.188897">
        <ele>14.706468</ele>
        <time>2021-05-16T10:26:15.000Z</time>
      </trkpt>
      <trkpt lat="54.758654" lon="9.188858">
        <ele>14.641217</ele>
        <time>2021-05-16T10:26:21.000Z</time>
      </trkpt>
      <trkpt lat="54.758644" lon="9.188852">
        <ele>14.631039</ele>
        <time>2021-05-16T10:26:22.000Z</time>
      </trkpt>
      <trkpt lat="54.758633" lon="9.188843">
        <ele>14.619339</ele>
        <time>2021-05-16T10:26:23.000Z</time>
      </trkpt>
      <trkpt lat="54.758546" lon="9.188782">
        <ele>14.529072</ele>
        <time>2021-05-16T10:26:28.000Z</time>
      </trkpt>
      <trkpt lat="54.758494" lon="9.188740">
        <ele>14.473892</ele>
        <time>2021-05-16T10:26:32.000Z</time>
      </trkpt>
      <trkpt lat="54.758470" lon="9.188720">
        <ele>14.448278</ele>
        <time>2021-05-16T10:26:35.000Z</time>
      </trkpt>
      <trkpt lat="54.758371" lon="9.188718">
        <ele>14.353052</ele>
        <time>2021-05-16T10:26:43.000Z</time>
      </trkpt>
      <trkpt lat="54.758359" lon="9.188715">
        <ele>14.341391</ele>
        <time>2021-05-16T10:26:44.000Z</time>
      </trkpt>
      <trkpt lat="54.758349" lon="9.188712">
        <ele>14.331629</ele>
        <time>2021-05-16T10:26:45.000Z</time>
      </trkpt>
      <trkpt lat="54.758336" lon="9.188723">
        <ele>14.317715</ele>
        <time>2021-05-16T10:26:46.000Z</time>
      </trkpt>
      <trkpt lat="54.758294" lon="9.188708">
        <ele>14.276470</ele>
        <time>2021-05-16T10:26:50.000Z</time>
      </trkpt>
      <trkpt lat="54.758251" lon="9.188704">
        <ele>14.235052</ele>
        <time>2021-05-16T10:26:54.000Z</time>
      </trkpt>
      <trkpt lat="54.758247" lon="9.188698">
        <ele>14.229964</ele>
        <time>2021-05-16T10:26:55.000Z</time>
      </trkpt>
      <trkpt lat="54.758235" lon="9.188694">
        <ele>14.218210</ele>
        <time>2021-05-16T10:26:57.000Z</time>
      </trkpt>
      <trkpt lat="54.758174" lon="9.188678">
        <ele>14.158871</ele>
        <time>2021-05-16T10:27:04.000Z</time>
      </trkpt>
      <trkpt lat="54.758167" lon="9.188649">
        <ele>14.141425</ele>
        <time>2021-05-16T10:27:06.000Z</time>
      </trkpt>
      <trkpt lat="54.758162" lon="9.188608">
        <ele>14.118168</ele>
        <time>2021-05-16T10:27:10.000Z</time>
      </trkpt>
      <trkpt lat="54.758147" lon="9.188551">
        <ele>14.083398</ele>
        <time>2021-05-16T10:27:14.000Z</time>
      </trkpt>
      <trkpt lat="54.758138" lon="9.188517">
        <ele>14.062638</ele>
        <time>2021-05-16T10:27:16.000Z</time>
      </trkpt>
      <trkpt lat="54.758121" lon="9.188478">
        <ele>14.035511</ele>
        <time>2021-05-16T10:27:19.000Z</time>
      </trkpt>
      <trkpt lat="54.758118" lon="9.188469">
        <ele>14.029742</ele>
        <time>2021-05-16T10:27:20.000Z</time>
      </trkpt>
      <trkpt lat="54.758119" lon="9.188456">
        <ele>14.022464</ele>
        <time>2021-05-16T10:27:22.000Z</time>
      </trkpt>
      <trkpt lat="54.758118" lon="9.188453">
        <ele>14.020541</ele>
        <time>2021-05-16T10:27:23.000Z</time>
      </trkpt>
      <trkpt lat="54.758117" lon="9.188440">
        <ele>14.013262</ele>
        <time>2021-05-16T10:27:24.000Z</time>
      </trkpt>
      <trkpt lat="54.758130" lon="9.188437">
        <ele>14.000648</ele>
        <time>2021-05-16T10:27:30.000Z</time>
      </trkpt>
      <trkpt lat="54.758145" lon="9.188426">
        <ele>13.984982</ele>
        <time>2021-05-16T10:27:37.000Z</time>
      </trkpt>
      <trkpt lat="54.758148" lon="9.188429">
        <ele>13.981651</ele>
        <time>2021-05-16T10:27:38.000Z</time>
      </trkpt>
      <trkpt lat="54.758160" lon="9.188413">
        <ele>13.967088</ele>
        <time>2021-05-16T10:27:41.000Z</time>
      </trkpt>
      <trkpt lat="54.758157" lon="9.188382">
        <ele>13.949643</ele>
        <time>2021-05-16T10:27:44.000Z</time>
      </trkpt>
      <trkpt lat="54.758157" lon="9.188345">
        <ele>13.929108</ele>
        <time>2021-05-16T10:27:47.000Z</time>
      </trkpt>
      <trkpt lat="54.758159" lon="9.188301">
        <ele>13.904613</ele>
        <time>2021-05-16T10:27:50.000Z</time>
      </trkpt>
      <trkpt lat="54.758165" lon="9.188276">
        <ele>13.889586</ele>
        <time>2021-05-16T10:27:52.000Z</time>
      </trkpt>
      <trkpt lat="54.758167" lon="9.188260">
        <ele>13.880500</ele>
        <time>2021-05-16T10:27:53.000Z</time>
      </trkpt>
      <trkpt lat="54.758168" lon="9.188198">
        <ele>13.846077</ele>
        <time>2021-05-16T10:27:56.000Z</time>
      </trkpt>
      <trkpt lat="54.758164" lon="9.188179">
        <ele>13.834852</ele>
        <time>2021-05-16T10:27:57.000Z</time>
      </trkpt>
      <trkpt lat="54.758164" lon="9.188166">
        <ele>13.827637</ele>
        <time>2021-05-16T10:27:58.000Z</time>
      </trkpt>
      <trkpt lat="54.758170" lon="9.188137">
        <ele>13.810539</ele>
        <time>2021-05-16T10:28:00.000Z</time>
      </trkpt>
      <trkpt lat="54.758151" lon="9.188105">
        <ele>13.785056</ele>
        <time>2021-05-16T10:28:03.000Z</time>
      </trkpt>
      <trkpt lat="54.758140" lon="9.188097">
        <ele>13.773582</ele>
        <time>2021-05-16T10:28:04.000Z</time>
      </trkpt>
      <trkpt lat="54.758138" lon="9.188084">
        <ele>13.766115</ele>
        <time>2021-05-16T10:28:05.000Z</time>
      </trkpt>
      <trkpt lat="54.758137" lon="9.188074">
        <ele>13.760482</ele>
        <time>2021-05-16T10:28:07.000Z</time>
      </trkpt>
      <trkpt lat="54.758139" lon="9.188032">
        <ele>13.737093</ele>
        <time>2021-05-16T10:28:11.000Z</time>
      </trkpt>
      <trkpt lat="54.758141" lon="9.187949">
        <ele>13.690988</ele>
        <time>2021-05-16T10:28:16.000Z</time>
      </trkpt>
      <trkpt lat="54.758138" lon="9.187944">
        <ele>13.686985</ele>
        <time>2021-05-16T10:28:17.000Z</time>
      </trkpt>
      <trkpt lat="54.758130" lon="9.187872">
        <ele>13.646291</ele>
        <time>2021-05-16T10:28:21.000Z</time>
      </trkpt>
      <trkpt lat="54.758127" lon="9.187806">
        <ele>13.609548</ele>
        <time>2021-05-16T10:28:24.000Z</time>
      </trkpt>
      <trkpt lat="54.758122" lon="9.187646">
        <ele>13.520618</ele>
        <time>2021-05-16T10:28:30.000Z</time>
      </trkpt>
      <trkpt lat="54.758119" lon="9.187624">
        <ele>13.508072</ele>
        <time>2021-05-16T10:28:31.000Z</time>
      </trkpt>
      <trkpt lat="54.758117" lon="9.187477">
        <ele>13.426465</ele>
        <time>2021-05-16T10:28:38.000Z</time>
      </trkpt>
      <trkpt lat="54.758123" lon="9.187371">
        <ele>13.367353</ele>
        <time>2021-05-16T10:28:43.000Z</time>
      </trkpt>
      <trkpt lat="54.758125" lon="9.187314">
        <ele>13.335659</ele>
        <time>2021-05-16T10:28:46.000Z</time>
      </trkpt>
      <trkpt lat="54.758113" lon="9.187173">
        <ele>13.256558</ele>
        <time>2021-05-16T10:28:53.000Z</time>
      </trkpt>
      <trkpt lat="54.758112" lon="9.187153">
        <ele>13.245417</ele>
        <time>2021-05-16T10:28:54.000Z</time>
      </trkpt>
      <trkpt lat="54.758108" lon="9.187068">
        <ele>13.198085</ele>
        <time>2021-05-16T10:28:58.000Z</time>
      </trkpt>
      <trkpt lat="54.758103" lon="9.187037">
        <ele>13.180221</ele>
        <time>2021-05-16T10:29:00.000Z</time>
      </trkpt>
      <trkpt lat="54.758098" lon="9.186996">
        <ele>13.156963</ele>
        <time>2021-05-16T10:29:02.000Z</time>
      </trkpt>
      <trkpt lat="54.758094" lon="9.186975">
        <ele>13.144690</ele>
        <time>2021-05-16T10:29:03.000Z</time>
      </trkpt>
      <trkpt lat="54.758094" lon="9.186955">
        <ele>13.133590</ele>
        <time>2021-05-16T10:29:04.000Z</time>
      </trkpt>
      <trkpt lat="54.758086" lon="9.186892">
        <ele>13.097788</ele>
        <time>2021-05-16T10:29:07.000Z</time>
      </trkpt>
      <trkpt lat="54.758077" lon="9.186796">
        <ele>13.043810</ele>
        <time>2021-05-16T10:29:12.000Z</time>
      </trkpt>
      <trkpt lat="54.758067" lon="9.186649">
        <ele>13.019601</ele>
        <time>2021-05-16T10:29:19.000Z</time>
      </trkpt>
      <trkpt lat="54.758046" lon="9.186507">
        <ele>13.004954</ele>
        <time>2021-05-16T10:29:25.000Z</time>
      </trkpt>
      <trkpt lat="54.758030" lon="9.186338">
        <ele>12.987842</ele>
        <time>2021-05-16T10:29:33.000Z</time>
      </trkpt>
      <trkpt lat="54.758020" lon="9.186202">
        <ele>12.974143</ele>
        <time>2021-05-16T10:29:39.000Z</time>
      </trkpt>
      <trkpt lat="54.757986" lon="9.186080">
        <ele>12.960606</ele>
        <time>2021-05-16T10:29:46.000Z</time>
      </trkpt>
      <trkpt lat="54.757952" lon="9.185987">
        <ele>12.949606</ele>
        <time>2021-05-16T10:29:51.000Z</time>
      </trkpt>
      <trkpt lat="54.757949" lon="9.185962">
        <ele>12.947054</ele>
        <time>2021-05-16T10:29:52.000Z</time>
      </trkpt>
      <trkpt lat="54.757903" lon="9.185800">
        <ele>12.929014</ele>
        <time>2021-05-16T10:29:57.000Z</time>
      </trkpt>
      <trkpt lat="54.757893" lon="9.185744">
        <ele>12.923157</ele>
        <time>2021-05-16T10:29:59.000Z</time>
      </trkpt>
      <trkpt lat="54.757884" lon="9.185640">
        <ele>12.912649</ele>
        <time>2021-05-16T10:30:03.000Z</time>
      </trkpt>
      <trkpt lat="54.757897" lon="9.185620">
        <ele>12.909639</ele>
        <time>2021-05-16T10:30:05.000Z</time>
      </trkpt>
      <trkpt lat="54.757901" lon="9.185613">
        <ele>12.908655</ele>
        <time>2021-05-16T10:30:06.000Z</time>
      </trkpt>
      <trkpt lat="54.757926" lon="9.185615">
        <ele>12.904321</ele>
        <time>2021-05-16T10:30:10.000Z</time>
      </trkpt>
      <trkpt lat="54.757924" lon="9.185622">
        <ele>12.903541</ele>
        <time>2021-05-16T10:30:11.000Z</time>
      </trkpt>
      <trkpt lat="54.757925" lon="9.185625">
        <ele>12.903195</ele>
        <time>2021-05-16T10:30:12.000Z</time>
      </trkpt>
      <trkpt lat="54.757944" lon="9.185664">
        <ele>12.898095</ele>
        <time>2021-05-16T10:30:17.000Z</time>
      </trkpt>
      <trkpt lat="54.757939" lon="9.185652">
        <ele>12.896616</ele>
        <time>2021-05-16T10:30:21.000Z</time>
      </trkpt>
      <trkpt lat="54.757915" lon="9.185495">
        <ele>12.880388</ele>
        <time>2021-05-16T10:30:29.000Z</time>
      </trkpt>
      <trkpt lat="54.757902" lon="9.185428">
        <ele>12.873325</ele>
        <time>2021-05-16T10:30:32.000Z</time>
      </trkpt>
      <trkpt lat="54.757895" lon="9.185329">
        <ele>12.863359</ele>
        <time>2021-05-16T10:30:37.000Z</time>
      </trkpt>
      <trkpt lat="54.757878" lon="9.185217">
        <ele>12.851788</ele>
        <time>2021-05-16T10:30:43.000Z</time>
      </trkpt>
      <trkpt lat="54.757881" lon="9.185215">
        <ele>12.851231</ele>
        <time>2021-05-16T10:30:44.000Z</time>
      </trkpt>
      <trkpt lat="54.757885" lon="9.185213">
        <ele>12.850510</ele>
        <time>2021-05-16T10:30:45.000Z</time>
      </trkpt>
      <trkpt lat="54.757875" lon="9.185165">
        <ele>12.845411</ele>
        <time>2021-05-16T10:30:51.000Z</time>
      </trkpt>
      <trkpt lat="54.757847" lon="9.184946">
        <ele>12.822998</ele>
        <time>2021-05-16T10:31:00.000Z</time>
      </trkpt>
      <trkpt lat="54.757812" lon="9.184701">
        <ele>12.797779</ele>
        <time>2021-05-16T10:31:09.000Z</time>
      </trkpt>
      <trkpt lat="54.757773" lon="9.184481">
        <ele>12.774783</ele>
        <time>2021-05-16T10:31:17.000Z</time>
      </trkpt>
      <trkpt lat="54.757750" lon="9.184296">
        <ele>12.755874</ele>
        <time>2021-05-16T10:31:24.000Z</time>
      </trkpt>
      <trkpt lat="54.757745" lon="9.184228">
        <ele>12.749025</ele>
        <time>2021-05-16T10:31:27.000Z</time>
      </trkpt>
      <trkpt lat="54.757727" lon="9.184106">
        <ele>12.736443</ele>
        <time>2021-05-16T10:31:32.000Z</time>
      </trkpt>
      <trkpt lat="54.757716" lon="9.183958">
        <ele>12.721533</ele>
        <time>2021-05-16T10:31:40.000Z</time>
      </trkpt>
      <trkpt lat="54.757722" lon="9.183919">
        <ele>12.732122</ele>
        <time>2021-05-16T10:31:43.000Z</time>
      </trkpt>
      <trkpt lat="54.757726" lon="9.183916">
        <ele>12.734640</ele>
        <time>2021-05-16T10:31:44.000Z</time>
      </trkpt>
      <trkpt lat="54.757728" lon="9.183905">
        <ele>12.738483</ele>
        <time>2021-05-16T10:31:46.000Z</time>
      </trkpt>
      <trkpt lat="54.757707" lon="9.183882">
        <ele>12.752829</ele>
        <time>2021-05-16T10:31:49.000Z</time>
      </trkpt>
      <trkpt lat="54.757678" lon="9.183824">
        <ele>12.778404</ele>
        <time>2021-05-16T10:31:53.000Z</time>
      </trkpt>
      <trkpt lat="54.757674" lon="9.183792">
        <ele>12.789315</ele>
        <time>2021-05-16T10:31:55.000Z</time>
      </trkpt>
      <trkpt lat="54.757626" lon="9.183712">
        <ele>12.827774</ele>
        <time>2021-05-16T10:32:00.000Z</time>
      </trkpt>
      <trkpt lat="54.757609" lon="9.183628">
        <ele>12.857438</ele>
        <time>2021-05-16T10:32:03.000Z</time>
      </trkpt>
      <trkpt lat="54.757591" lon="9.183540">
        <ele>12.888551</ele>
        <time>2021-05-16T10:32:08.000Z</time>
      </trkpt>
      <trkpt lat="54.757586" lon="9.183422">
        <ele>12.927979</ele>
        <time>2021-05-16T10:32:14.000Z</time>
      </trkpt>
      <trkpt lat="54.757581" lon="9.183400">
        <ele>12.935859</ele>
        <time>2021-05-16T10:32:15.000Z</time>
      </trkpt>
      <trkpt lat="54.757584" lon="9.183252">
        <ele>12.985209</ele>
        <time>2021-05-16T10:32:21.000Z</time>
      </trkpt>
      <trkpt lat="54.757585" lon="9.183233">
        <ele>12.991567</ele>
        <time>2021-05-16T10:32:22.000Z</time>
      </trkpt>
      <trkpt lat="54.757586" lon="9.183199">
        <ele>13.002912</ele>
        <time>2021-05-16T10:32:24.000Z</time>
      </trkpt>
      <trkpt lat="54.757578" lon="9.183120">
        <ele>13.029640</ele>
        <time>2021-05-16T10:32:28.000Z</time>
      </trkpt>
      <trkpt lat="54.757577" lon="9.183059">
        <ele>13.049976</ele>
        <time>2021-05-16T10:32:31.000Z</time>
      </trkpt>
      <trkpt lat="54.757573" lon="9.183018">
        <ele>13.063833</ele>
        <time>2021-05-16T10:32:33.000Z</time>
      </trkpt>
      <trkpt lat="54.757552" lon="9.182927">
        <ele>13.096493</ele>
        <time>2021-05-16T10:32:37.000Z</time>
      </trkpt>
      <trkpt lat="54.757530" lon="9.182870">
        <ele>13.119345</ele>
        <time>2021-05-16T10:32:40.000Z</time>
      </trkpt>
      <trkpt lat="54.757523" lon="9.182781">
        <ele>13.149278</ele>
        <time>2021-05-16T10:32:44.000Z</time>
      </trkpt>
      <trkpt lat="54.757518" lon="9.182704">
        <ele>13.175099</ele>
        <time>2021-05-16T10:32:47.000Z</time>
      </trkpt>
      <trkpt lat="54.757513" lon="9.182660">
        <ele>13.190044</ele>
        <time>2021-05-16T10:32:49.000Z</time>
      </trkpt>
      <trkpt lat="54.757512" lon="9.182576">
        <ele>13.218042</ele>
        <time>2021-05-16T10:32:53.000Z</time>
      </trkpt>
      <trkpt lat="54.757509" lon="9.182553">
        <ele>13.225900</ele>
        <time>2021-05-16T10:32:54.000Z</time>
      </trkpt>
      <trkpt lat="54.757505" lon="9.182431">
        <ele>13.266621</ele>
        <time>2021-05-16T10:32:59.000Z</time>
      </trkpt>
      <trkpt lat="54.757504" lon="9.182417">
        <ele>13.271322</ele>
        <time>2021-05-16T10:33:00.000Z</time>
      </trkpt>
      <trkpt lat="54.757496" lon="9.182372">
        <ele>13.287013</ele>
        <time>2021-05-16T10:33:02.000Z</time>
      </trkpt>
      <trkpt lat="54.757489" lon="9.182300">
        <ele>13.311345</ele>
        <time>2021-05-16T10:33:05.000Z</time>
      </trkpt>
      <trkpt lat="54.757453" lon="9.182099">
        <ele>13.381479</ele>
        <time>2021-05-16T10:33:14.000Z</time>
      </trkpt>
      <trkpt lat="54.757429" lon="9.181993">
        <ele>13.419424</ele>
        <time>2021-05-16T10:33:19.000Z</time>
      </trkpt>
      <trkpt lat="54.757420" lon="9.181955">
        <ele>13.433113</ele>
        <time>2021-05-16T10:33:21.000Z</time>
      </trkpt>
      <trkpt lat="54.757381" lon="9.181734">
        <ele>13.510126</ele>
        <time>2021-05-16T10:33:29.000Z</time>
      </trkpt>
      <trkpt lat="54.757327" lon="9.181543">
        <ele>13.581005</ele>
        <time>2021-05-16T10:33:37.000Z</time>
      </trkpt>
      <trkpt lat="54.757315" lon="9.181397">
        <ele>13.630149</ele>
        <time>2021-05-16T10:33:44.000Z</time>
      </trkpt>
      <trkpt lat="54.757295" lon="9.181250">
        <ele>13.680479</ele>
        <time>2021-05-16T10:33:51.000Z</time>
      </trkpt>
      <trkpt lat="54.757266" lon="9.181107">
        <ele>13.730990</ele>
        <time>2021-05-16T10:33:58.000Z</time>
      </trkpt>
      <trkpt lat="54.757253" lon="9.181008">
        <ele>13.760663</ele>
        <time>2021-05-16T10:34:03.000Z</time>
      </trkpt>
      <trkpt lat="54.757241" lon="9.180953">
        <ele>13.764661</ele>
        <time>2021-05-16T10:34:06.000Z</time>
      </trkpt>
      <trkpt lat="54.757210" lon="9.180803">
        <ele>13.775494</ele>
        <time>2021-05-16T10:34:14.000Z</time>
      </trkpt>
      <trkpt lat="54.757182" lon="9.180721">
        <ele>13.781973</ele>
        <time>2021-05-16T10:34:19.000Z</time>
      </trkpt>
      <trkpt lat="54.757178" lon="9.180693">
        <ele>13.783934</ele>
        <time>2021-05-16T10:34:20.000Z</time>
      </trkpt>
      <trkpt lat="54.757174" lon="9.180670">
        <ele>13.785568</ele>
        <time>2021-05-16T10:34:21.000Z</time>
      </trkpt>
      <trkpt lat="54.757145" lon="9.180572">
        <ele>13.793056</ele>
        <time>2021-05-16T10:34:25.000Z</time>
      </trkpt>
      <trkpt lat="54.757130" lon="9.180515">
        <ele>13.797316</ele>
        <time>2021-05-16T10:34:27.000Z</time>
      </trkpt>
      <trkpt lat="54.757100" lon="9.180359">
        <ele>13.808497</ele>
        <time>2021-05-16T10:34:34.000Z</time>
      </trkpt>
      <trkpt lat="54.757081" lon="9.180191">
        <ele>13.820137</ele>
        <time>2021-05-16T10:34:42.000Z</time>
      </trkpt>
      <trkpt lat="54.757016" lon="9.180058">
        <ele>13.831988</ele>
        <time>2021-05-16T10:34:49.000Z</time>
      </trkpt>
      <trkpt lat="54.757008" lon="9.180033">
        <ele>13.833932</ele>
        <time>2021-05-16T10:34:51.000Z</time>
      </trkpt>
      <trkpt lat="54.756984" lon="9.180015">
        <ele>13.837013</ele>
        <time>2021-05-16T10:34:54.000Z</time>
      </trkpt>
      <trkpt lat="54.756947" lon="9.179896">
        <ele>13.846204</ele>
        <time>2021-05-16T10:35:00.000Z</time>
      </trkpt>
      <trkpt lat="54.756932" lon="9.179729">
        <ele>13.857696</ele>
        <time>2021-05-16T10:35:08.000Z</time>
      </trkpt>
      <trkpt lat="54.756909" lon="9.179580">
        <ele>13.868184</ele>
        <time>2021-05-16T10:35:14.000Z</time>
      </trkpt>
      <trkpt lat="54.756865" lon="9.179470">
        <ele>13.877285</ele>
        <time>2021-05-16T10:35:20.000Z</time>
      </trkpt>
      <trkpt lat="54.756826" lon="9.179361">
        <ele>13.886005</ele>
        <time>2021-05-16T10:35:26.000Z</time>
      </trkpt>
      <trkpt lat="54.756783" lon="9.179166">
        <ele>13.900199</ele>
        <time>2021-05-16T10:35:34.000Z</time>
      </trkpt>
      <trkpt lat="54.756772" lon="9.179086">
        <ele>13.905791</ele>
        <time>2021-05-16T10:35:38.000Z</time>
      </trkpt>
      <trkpt lat="54.756768" lon="9.179077">
        <ele>13.906564</ele>
        <time>2021-05-16T10:35:39.000Z</time>
      </trkpt>
      <trkpt lat="54.756751" lon="9.179035">
        <ele>13.910052</ele>
        <time>2021-05-16T10:35:41.000Z</time>
      </trkpt>
      <trkpt lat="54.756744" lon="9.178895">
        <ele>13.919607</ele>
        <time>2021-05-16T10:35:47.000Z</time>
      </trkpt>
      <trkpt lat="54.756822" lon="9.178806">
        <ele>13.930611</ele>
        <time>2021-05-16T10:35:53.000Z</time>
      </trkpt>
      <trkpt lat="54.756877" lon="9.178715">
        <ele>13.939572</ele>
        <time>2021-05-16T10:35:59.000Z</time>
      </trkpt>
      <trkpt lat="54.756926" lon="9.178725">
        <ele>13.945385</ele>
        <time>2021-05-16T10:36:03.000Z</time>
      </trkpt>
      <trkpt lat="54.756937" lon="9.178722">
        <ele>13.946697</ele>
        <time>2021-05-16T10:36:04.000Z</time>
      </trkpt>
      <trkpt lat="54.756949" lon="9.178724">
        <ele>13.948118</ele>
        <time>2021-05-16T10:36:05.000Z</time>
      </trkpt>
      <trkpt lat="54.756967" lon="9.178719">
        <ele>13.950266</ele>
        <time>2021-05-16T10:36:07.000Z</time>
      </trkpt>
      <trkpt lat="54.756974" lon="9.178716">
        <ele>13.951116</ele>
        <time>2021-05-16T10:36:08.000Z</time>
      </trkpt>
      <trkpt lat="54.757020" lon="9.178712">
        <ele>13.956543</ele>
        <time>2021-05-16T10:36:12.000Z</time>
      </trkpt>
      <trkpt lat="54.757027" lon="9.178710">
        <ele>13.957379</ele>
        <time>2021-05-16T10:36:13.000Z</time>
      </trkpt>
      <trkpt lat="54.757065" lon="9.178705">
        <ele>13.961869</ele>
        <time>2021-05-16T10:36:16.000Z</time>
      </trkpt>
      <trkpt lat="54.757093" lon="9.178712">
        <ele>13.965203</ele>
        <time>2021-05-16T10:36:17.000Z</time>
      </trkpt>
      <trkpt lat="54.757127" lon="9.178693">
        <ele>13.969412</ele>
        <time>2021-05-16T10:36:20.000Z</time>
      </trkpt>
      <trkpt lat="54.757161" lon="9.178695">
        <ele>13.958140</ele>
        <time>2021-05-16T10:36:22.000Z</time>
      </trkpt>
      <trkpt lat="54.757200" lon="9.178700">
        <ele>13.925409</ele>
        <time>2021-05-16T10:36:24.000Z</time>
      </trkpt>
      <trkpt lat="54.757231" lon="9.178722">
        <ele>13.897371</ele>
        <time>2021-05-16T10:36:26.000Z</time>
      </trkpt>
      <trkpt lat="54.757302" lon="9.178832">
        <ele>13.817660</ele>
        <time>2021-05-16T10:36:30.000Z</time>
      </trkpt>
      <trkpt lat="54.757362" lon="9.178905">
        <ele>13.756302</ele>
        <time>2021-05-16T10:36:34.000Z</time>
      </trkpt>
      <trkpt lat="54.757395" lon="9.178959">
        <ele>13.718314</ele>
        <time>2021-05-16T10:36:37.000Z</time>
      </trkpt>
      <trkpt lat="54.757410" lon="9.179003">
        <ele>13.693632</ele>
        <time>2021-05-16T10:36:39.000Z</time>
      </trkpt>
      <trkpt lat="54.757417" lon="9.179025">
        <ele>13.681498</ele>
        <time>2021-05-16T10:36:40.000Z</time>
      </trkpt>
      <trkpt lat="54.757468" lon="9.179115">
        <ele>13.620577</ele>
        <time>2021-05-16T10:36:45.000Z</time>
      </trkpt>
      <trkpt lat="54.757479" lon="9.179143">
        <ele>13.604217</ele>
        <time>2021-05-16T10:36:47.000Z</time>
      </trkpt>
      <trkpt lat="54.757505" lon="9.179226">
        <ele>13.558605</ele>
        <time>2021-05-16T10:36:54.000Z</time>
      </trkpt>
      <trkpt lat="54.757523" lon="9.179237">
        <ele>13.542630</ele>
        <time>2021-05-16T10:36:59.000Z</time>
      </trkpt>
      <trkpt lat="54.757547" lon="9.179256">
        <ele>13.520546</ele>
        <time>2021-05-16T10:37:01.000Z</time>
      </trkpt>
      <trkpt lat="54.757588" lon="9.179266">
        <ele>13.485892</ele>
        <time>2021-05-16T10:37:06.000Z</time>
      </trkpt>
      <trkpt lat="54.757598" lon="9.179268">
        <ele>13.477467</ele>
        <time>2021-05-16T10:37:07.000Z</time>
      </trkpt>
      <trkpt lat="54.757645" lon="9.179285">
        <ele>13.437281</ele>
        <time>2021-05-16T10:37:12.000Z</time>
      </trkpt>
      <trkpt lat="54.757658" lon="9.179288">
        <ele>13.426305</ele>
        <time>2021-05-16T10:37:13.000Z</time>
      </trkpt>
      <trkpt lat="54.757710" lon="9.179307">
        <ele>13.381825</ele>
        <time>2021-05-16T10:37:19.000Z</time>
      </trkpt>
      <trkpt lat="54.757755" lon="9.179285">
        <ele>13.342691</ele>
        <time>2021-05-16T10:37:21.000Z</time>
      </trkpt>
      <trkpt lat="54.757800" lon="9.179179">
        <ele>13.279135</ele>
        <time>2021-05-16T10:37:27.000Z</time>
      </trkpt>
      <trkpt lat="54.757815" lon="9.179149">
        <ele>13.259964</ele>
        <time>2021-05-16T10:37:30.000Z</time>
      </trkpt>
      <trkpt lat="54.757818" lon="9.179149">
        <ele>13.257453</ele>
        <time>2021-05-16T10:37:32.000Z</time>
      </trkpt>
      <trkpt lat="54.757824" lon="9.179206">
        <ele>13.229470</ele>
        <time>2021-05-16T10:37:34.000Z</time>
      </trkpt>
      <trkpt lat="54.757833" lon="9.179232">
        <ele>13.214827</ele>
        <time>2021-05-16T10:37:35.000Z</time>
      </trkpt>
      <trkpt lat="54.757843" lon="9.179260">
        <ele>13.198923</ele>
        <time>2021-05-16T10:37:36.000Z</time>
      </trkpt>
      <trkpt lat="54.757854" lon="9.179276">
        <ele>13.186903</ele>
        <time>2021-05-16T10:37:37.000Z</time>
      </trkpt>
      <trkpt lat="54.757871" lon="9.179281">
        <ele>13.172471</ele>
        <time>2021-05-16T10:37:40.000Z</time>
      </trkpt>
      <trkpt lat="54.757880" lon="9.179280">
        <ele>13.164923</ele>
        <time>2021-05-16T10:37:41.000Z</time>
      </trkpt>
      <trkpt lat="54.757916" lon="9.179295">
        <ele>13.133933</ele>
        <time>2021-05-16T10:37:44.000Z</time>
      </trkpt>
      <trkpt lat="54.757922" lon="9.179303">
        <ele>13.127597</ele>
        <time>2021-05-16T10:37:45.000Z</time>
      </trkpt>
      <trkpt lat="54.757930" lon="9.179308">
        <ele>13.120479</ele>
        <time>2021-05-16T10:37:46.000Z</time>
      </trkpt>
      <trkpt lat="54.757994" lon="9.179307">
        <ele>13.066911</ele>
        <time>2021-05-16T10:37:51.000Z</time>
      </trkpt>
      <trkpt lat="54.758029" lon="9.179298">
        <ele>13.037296</ele>
        <time>2021-05-16T10:37:53.000Z</time>
      </trkpt>
      <trkpt lat="54.758041" lon="9.179292">
        <ele>13.026843</ele>
        <time>2021-05-16T10:37:54.000Z</time>
      </trkpt>
      <trkpt lat="54.758061" lon="9.179282">
        <ele>13.009420</ele>
        <time>2021-05-16T10:37:56.000Z</time>
      </trkpt>
      <trkpt lat="54.758105" lon="9.179257">
        <ele>12.970665</ele>
        <time>2021-05-16T10:38:01.000Z</time>
      </trkpt>
      <trkpt lat="54.758123" lon="9.179211">
        <ele>12.943822</ele>
        <time>2021-05-16T10:38:05.000Z</time>
      </trkpt>
      <trkpt lat="54.758124" lon="9.179201">
        <ele>12.938921</ele>
        <time>2021-05-16T10:38:06.000Z</time>
      </trkpt>
      <trkpt lat="54.758127" lon="9.179199">
        <ele>12.936230</ele>
        <time>2021-05-16T10:38:07.000Z</time>
      </trkpt>
      <trkpt lat="54.758156" lon="9.179199">
        <ele>12.911958</ele>
        <time>2021-05-16T10:38:09.000Z</time>
      </trkpt>
      <trkpt lat="54.758187" lon="9.179196">
        <ele>12.885971</ele>
        <time>2021-05-16T10:38:12.000Z</time>
      </trkpt>
      <trkpt lat="54.758201" lon="9.179196">
        <ele>12.874254</ele>
        <time>2021-05-16T10:38:13.000Z</time>
      </trkpt>
      <trkpt lat="54.758233" lon="9.179188">
        <ele>12.847193</ele>
        <time>2021-05-16T10:38:15.000Z</time>
      </trkpt>
      <trkpt lat="54.758249" lon="9.179190">
        <ele>12.833767</ele>
        <time>2021-05-16T10:38:16.000Z</time>
      </trkpt>
      <trkpt lat="54.758317" lon="9.179176">
        <ele>12.776453</ele>
        <time>2021-05-16T10:38:20.000Z</time>
      </trkpt>
      <trkpt lat="54.758330" lon="9.179178">
        <ele>12.765529</ele>
        <time>2021-05-16T10:38:21.000Z</time>
      </trkpt>
      <trkpt lat="54.758344" lon="9.179186">
        <ele>12.753191</ele>
        <time>2021-05-16T10:38:22.000Z</time>
      </trkpt>
      <trkpt lat="54.758389" lon="9.179200">
        <ele>12.714925</ele>
        <time>2021-05-16T10:38:26.000Z</time>
      </trkpt>
      <trkpt lat="54.758398" lon="9.179211">
        <ele>12.705707</ele>
        <time>2021-05-16T10:38:27.000Z</time>
      </trkpt>
      <trkpt lat="54.758478" lon="9.179265">
        <ele>12.633850</ele>
        <time>2021-05-16T10:38:33.000Z</time>
      </trkpt>
      <trkpt lat="54.758553" lon="9.179356">
        <ele>12.557221</ele>
        <time>2021-05-16T10:38:39.000Z</time>
      </trkpt>
      <trkpt lat="54.758598" lon="9.179413">
        <ele>12.510570</ele>
        <time>2021-05-16T10:38:43.000Z</time>
      </trkpt>
      <trkpt lat="54.758615" lon="9.179446">
        <ele>12.489205</ele>
        <time>2021-05-16T10:38:45.000Z</time>
      </trkpt>
      <trkpt lat="54.758655" lon="9.179553">
        <ele>12.469116</ele>
        <time>2021-05-16T10:38:50.000Z</time>
      </trkpt>
      <trkpt lat="54.758670" lon="9.179581">
        <ele>12.470553</ele>
        <time>2021-05-16T10:38:52.000Z</time>
      </trkpt>
      <trkpt lat="54.758720" lon="9.179725">
        <ele>12.476874</ele>
        <time>2021-05-16T10:38:59.000Z</time>
      </trkpt>
      <trkpt lat="54.758728" lon="9.179747">
        <ele>12.477852</ele>
        <time>2021-05-16T10:39:00.000Z</time>
      </trkpt>
      <trkpt lat="54.758757" lon="9.179809">
        <ele>12.480854</ele>
        <time>2021-05-16T10:39:04.000Z</time>
      </trkpt>
      <trkpt lat="54.758776" lon="9.179823">
        <ele>12.482200</ele>
        <time>2021-05-16T10:39:06.000Z</time>
      </trkpt>
      <trkpt lat="54.758829" lon="9.179851">
        <ele>12.485812</ele>
        <time>2021-05-16T10:39:10.000Z</time>
      </trkpt>
      <trkpt lat="54.758853" lon="9.179851">
        <ele>12.487376</ele>
        <time>2021-05-16T10:39:12.000Z</time>
      </trkpt>
      <trkpt lat="54.758884" lon="9.179875">
        <ele>12.489589</ele>
        <time>2021-05-16T10:39:15.000Z</time>
      </trkpt>
      <trkpt lat="54.758894" lon="9.179884">
        <ele>12.490324</ele>
        <time>2021-05-16T10:39:16.000Z</time>
      </trkpt>
      <trkpt lat="54.758939" lon="9.179882">
        <ele>12.493258</ele>
        <time>2021-05-16T10:39:20.000Z</time>
      </trkpt>
      <trkpt lat="54.758957" lon="9.179876">
        <ele>12.494453</ele>
        <time>2021-05-16T10:39:23.000Z</time>
      </trkpt>
      <trkpt lat="54.758988" lon="9.179859">
        <ele>12.496573</ele>
        <time>2021-05-16T10:39:27.000Z</time>
      </trkpt>
      <trkpt lat="54.759016" lon="9.179836">
        <ele>12.498593</ele>
        <time>2021-05-16T10:39:31.000Z</time>
      </trkpt>
      <trkpt lat="54.759031" lon="9.179828">
        <ele>12.499616</ele>
        <time>2021-05-16T10:39:33.000Z</time>
      </trkpt>
      <trkpt lat="54.759058" lon="9.179814">
        <ele>12.501453</ele>
        <time>2021-05-16T10:39:36.000Z</time>
      </trkpt>
      <trkpt lat="54.759070" lon="9.179814">
        <ele>12.502235</ele>
        <time>2021-05-16T10:39:37.000Z</time>
      </trkpt>
      <trkpt lat="54.759079" lon="9.179816">
        <ele>12.502826</ele>
        <time>2021-05-16T10:39:38.000Z</time>
      </trkpt>
      <trkpt lat="54.759135" lon="9.179808">
        <ele>12.506489</ele>
        <time>2021-05-16T10:39:43.000Z</time>
      </trkpt>
      <trkpt lat="54.759155" lon="9.179816">
        <ele>12.507827</ele>
        <time>2021-05-16T10:39:45.000Z</time>
      </trkpt>
      <trkpt lat="54.759197" lon="9.179798">
        <ele>12.510647</ele>
        <time>2021-05-16T10:39:48.000Z</time>
      </trkpt>
      <trkpt lat="54.759217" lon="9.179797">
        <ele>12.511952</ele>
        <time>2021-05-16T10:39:49.000Z</time>
      </trkpt>
      <trkpt lat="54.759255" lon="9.179798">
        <ele>12.514429</ele>
        <time>2021-05-16T10:39:51.000Z</time>
      </trkpt>
      <trkpt lat="54.759306" lon="9.179764">
        <ele>12.517991</ele>
        <time>2021-05-16T10:39:54.000Z</time>
      </trkpt>
      <trkpt lat="54.759339" lon="9.179747">
        <ele>12.520235</ele>
        <time>2021-05-16T10:39:56.000Z</time>
      </trkpt>
      <trkpt lat="54.759386" lon="9.179714">
        <ele>12.523541</ele>
        <time>2021-05-16T10:39:59.000Z</time>
      </trkpt>
      <trkpt lat="54.759441" lon="9.179648">
        <ele>12.527902</ele>
        <time>2021-05-16T10:40:04.000Z</time>
      </trkpt>
      <trkpt lat="54.759449" lon="9.179641">
        <ele>12.528486</ele>
        <time>2021-05-16T10:40:05.000Z</time>
      </trkpt>
      <trkpt lat="54.759466" lon="9.179624">
        <ele>12.529765</ele>
        <time>2021-05-16T10:40:07.000Z</time>
      </trkpt>
      <trkpt lat="54.759476" lon="9.179616">
        <ele>12.530483</ele>
        <time>2021-05-16T10:40:08.000Z</time>
      </trkpt>
      <trkpt lat="54.759526" lon="9.179568">
        <ele>12.534209</ele>
        <time>2021-05-16T10:40:11.000Z</time>
      </trkpt>
      <trkpt lat="54.759537" lon="9.179531">
        <ele>12.535775</ele>
        <time>2021-05-16T10:40:13.000Z</time>
      </trkpt>
      <trkpt lat="54.759543" lon="9.179515">
        <ele>12.536492</ele>
        <time>2021-05-16T10:40:14.000Z</time>
      </trkpt>
      <trkpt lat="54.759566" lon="9.179461">
        <ele>12.539017</ele>
        <time>2021-05-16T10:40:18.000Z</time>
      </trkpt>
      <trkpt lat="54.759571" lon="9.179451">
        <ele>12.539514</ele>
        <time>2021-05-16T10:40:19.000Z</time>
      </trkpt>
      <trkpt lat="54.759576" lon="9.179435">
        <ele>12.540199</ele>
        <time>2021-05-16T10:40:20.000Z</time>
      </trkpt>
      <trkpt lat="54.759620" lon="9.179348">
        <ele>12.544550</ele>
        <time>2021-05-16T10:40:26.000Z</time>
      </trkpt>
      <trkpt lat="54.759631" lon="9.179344">
        <ele>12.545283</ele>
        <time>2021-05-16T10:40:27.000Z</time>
      </trkpt>
      <trkpt lat="54.759638" lon="9.179338">
        <ele>12.545792</ele>
        <time>2021-05-16T10:40:28.000Z</time>
      </trkpt>
      <trkpt lat="54.759647" lon="9.179335">
        <ele>12.546389</ele>
        <time>2021-05-16T10:40:30.000Z</time>
      </trkpt>
      <trkpt lat="54.759660" lon="9.179324">
        <ele>12.547332</ele>
        <time>2021-05-16T10:40:32.000Z</time>
      </trkpt>
      <trkpt lat="54.759664" lon="9.179330">
        <ele>12.547677</ele>
        <time>2021-05-16T10:40:34.000Z</time>
      </trkpt>
      <trkpt lat="54.759670" lon="9.179327">
        <ele>12.548084</ele>
        <time>2021-05-16T10:40:42.000Z</time>
      </trkpt>
      <trkpt lat="54.759670" lon="9.179327">
        <ele>12.548084</ele>
        <time>2021-05-16T10:40:45.000Z</time>
      </trkpt>
      <trkpt lat="54.759679" lon="9.179331">
        <ele>12.548690</ele>
        <time>2021-05-16T10:40:49.000Z</time>
      </trkpt>
      <trkpt lat="54.759696" lon="9.179354">
        <ele>12.550096</ele>
        <time>2021-05-16T10:40:53.000Z</time>
      </trkpt>
      <trkpt lat="54.759708" lon="9.179350">
        <ele>12.550892</ele>
        <time>2021-05-16T10:40:55.000Z</time>
      </trkpt>
      <trkpt lat="54.759721" lon="9.179352">
        <ele>12.551743</ele>
        <time>2021-05-16T10:40:58.000Z</time>
      </trkpt>
      <trkpt lat="54.759738" lon="9.179378">
        <ele>12.553221</ele>
        <time>2021-05-16T10:41:07.000Z</time>
      </trkpt>
      <trkpt lat="54.759759" lon="9.179354">
        <ele>12.554861</ele>
        <time>2021-05-16T10:41:12.000Z</time>
      </trkpt>
      <trkpt lat="54.759747" lon="9.179334">
        <ele>12.555946</ele>
        <time>2021-05-16T10:41:13.000Z</time>
      </trkpt>
      <trkpt lat="54.759750" lon="9.179311">
        <ele>12.556833</ele>
        <time>2021-05-16T10:41:14.000Z</time>
      </trkpt>
      <trkpt lat="54.759759" lon="9.179188">
        <ele>12.561496</ele>
        <time>2021-05-16T10:41:20.000Z</time>
      </trkpt>
      <trkpt lat="54.759761" lon="9.179172">
        <ele>12.562112</ele>
        <time>2021-05-16T10:41:21.000Z</time>
      </trkpt>
      <trkpt lat="54.759787" lon="9.179114">
        <ele>12.564875</ele>
        <time>2021-05-16T10:41:25.000Z</time>
      </trkpt>
      <trkpt lat="54.759790" lon="9.179099">
        <ele>12.565472</ele>
        <time>2021-05-16T10:41:26.000Z</time>
      </trkpt>
      <trkpt lat="54.759825" lon="9.179075">
        <ele>12.567925</ele>
        <time>2021-05-16T10:41:29.000Z</time>
      </trkpt>
      <trkpt lat="54.759860" lon="9.179040">
        <ele>12.570559</ele>
        <time>2021-05-16T10:41:32.000Z</time>
      </trkpt>
      <trkpt lat="54.759902" lon="9.178958">
        <ele>12.574683</ele>
        <time>2021-05-16T10:41:38.000Z</time>
      </trkpt>
      <trkpt lat="54.759928" lon="9.178924">
        <ele>12.576807</ele>
        <time>2021-05-16T10:41:40.000Z</time>
      </trkpt>
      <trkpt lat="54.759939" lon="9.178904">
        <ele>12.577846</ele>
        <time>2021-05-16T10:41:41.000Z</time>
      </trkpt>
      <trkpt lat="54.759961" lon="9.178839">
        <ele>12.580680</ele>
        <time>2021-05-16T10:41:44.000Z</time>
      </trkpt>
      <trkpt lat="54.759971" lon="9.178820">
        <ele>12.581648</ele>
        <time>2021-05-16T10:41:45.000Z</time>
      </trkpt>
      <trkpt lat="54.759996" lon="9.178787">
        <ele>12.583364</ele>
        <time>2021-05-16T10:41:47.000Z</time>
      </trkpt>
      <trkpt lat="54.760005" lon="9.178764">
        <ele>12.583364</ele>
        <time>2021-05-16T10:41:48.000Z</time>
      </trkpt>
      <trkpt lat="54.760014" lon="9.178738">
        <ele>12.583364</ele>
        <time>2021-05-16T10:41:49.000Z</time>
      </trkpt>
      <trkpt lat="54.760035" lon="9.178709">
        <ele>12.583364</ele>
        <time>2021-05-16T10:41:51.000Z</time>
      </trkpt>
      <trkpt lat="54.760044" lon="9.178696">
        <ele>12.583364</ele>
        <time>2021-05-16T10:41:52.000Z</time>
      </trkpt>
      <trkpt lat="54.760070" lon="9.178654">
        <ele>12.583364</ele>
        <time>2021-05-16T10:41:55.000Z</time>
      </trkpt>
      <trkpt lat="54.760145" lon="9.178532">
        <ele>12.583364</ele>
        <time>2021-05-16T10:42:03.000Z</time>
      </trkpt>
      <trkpt lat="54.760219" lon="9.178455">
        <ele>12.583364</ele>
        <time>2021-05-16T10:42:10.000Z</time>
      </trkpt>
      <trkpt lat="54.760261" lon="9.178391">
        <ele>12.583364</ele>
        <time>2021-05-16T10:42:15.000Z</time>
      </trkpt>
      <trkpt lat="54.760290" lon="9.178305">
        <ele>12.583364</ele>
        <time>2021-05-16T10:42:19.000Z</time>
      </trkpt>
      <trkpt lat="54.760307" lon="9.178202">
        <ele>12.583364</ele>
        <time>2021-05-16T10:42:23.000Z</time>
      </trkpt>
      <trkpt lat="54.760343" lon="9.178186">
        <ele>12.583364</ele>
        <time>2021-05-16T10:42:25.000Z</time>
      </trkpt>
      <trkpt lat="54.760385" lon="9.178142">
        <ele>12.583364</ele>
        <time>2021-05-16T10:42:28.000Z</time>
      </trkpt>
      <trkpt lat="54.760456" lon="9.178086">
        <ele>12.583364</ele>
        <time>2021-05-16T10:42:34.000Z</time>
      </trkpt>
      <trkpt lat="54.760472" lon="9.178076">
        <ele>12.583364</ele>
        <time>2021-05-16T10:42:35.000Z</time>
      </trkpt>
      <trkpt lat="54.760498" lon="9.178048">
        <ele>12.583364</ele>
        <time>2021-05-16T10:42:37.000Z</time>
      </trkpt>
      <trkpt lat="54.760507" lon="9.178041">
        <ele>12.583364</ele>
        <time>2021-05-16T10:42:38.000Z</time>
      </trkpt>
      <trkpt lat="54.760532" lon="9.178000">
        <ele>12.583364</ele>
        <time>2021-05-16T10:42:41.000Z</time>
      </trkpt>
      <trkpt lat="54.760570" lon="9.177886">
        <ele>12.583364</ele>
        <time>2021-05-16T10:42:46.000Z</time>
      </trkpt>
      <trkpt lat="54.760576" lon="9.177869">
        <ele>12.583364</ele>
        <time>2021-05-16T10:42:47.000Z</time>
      </trkpt>
      <trkpt lat="54.760601" lon="9.177763">
        <ele>12.583364</ele>
        <time>2021-05-16T10:42:52.000Z</time>
      </trkpt>
      <trkpt lat="54.760618" lon="9.177689">
        <ele>12.583364</ele>
        <time>2021-05-16T10:42:56.000Z</time>
      </trkpt>
      <trkpt lat="54.760642" lon="9.177517">
        <ele>12.583364</ele>
        <time>2021-05-16T10:43:03.000Z</time>
      </trkpt>
      <trkpt lat="54.760668" lon="9.177336">
        <ele>12.583364</ele>
        <time>2021-05-16T10:43:10.000Z</time>
      </trkpt>
      <trkpt lat="54.760683" lon="9.177274">
        <ele>12.583364</ele>
        <time>2021-05-16T10:43:13.000Z</time>
      </trkpt>
      <trkpt lat="54.760700" lon="9.177226">
        <ele>12.583364</ele>
        <time>2021-05-16T10:43:16.000Z</time>
      </trkpt>
      <trkpt lat="54.760722" lon="9.177111">
        <ele>12.583364</ele>
        <time>2021-05-16T10:43:22.000Z</time>
      </trkpt>
      <trkpt lat="54.760723" lon="9.177051">
        <ele>12.583364</ele>
        <time>2021-05-16T10:43:25.000Z</time>
      </trkpt>
    </trkseg>
  </trk>
</gpx>