<?xml version='1.0' encoding='UTF-8'?>
<gpx version="1.1" creator="https://www.komoot.de" xmlns="http://www.topografix.com/GPX/1/1" xmlns:xsi="http://www.w3.org/2001/XMLSchema-instance" xsi:schemaLocation="http://www.topografix.com/GPX/1/1 http://www.topografix.com/GPX/1/1/gpx.xsd">
  <metadata>
    <name>DVV Husby - Rund um Husby - das Dorf im Grünen</name>
    <author>
      <link href="https://www.komoot.de">
        <text>komoot</text>
        <type>text/html</type>
      </link>
    </author>
  </metadata>
  <trk>
    <name>DVV Husby - Rund um Husby - das Dorf im Grünen</name>
    <trkseg>
      <trkpt lat="54.764827" lon="9.578430">
        <ele>26.595469</ele>
        <time>2021-03-26T14:24:40.000Z</time>
      </trkpt>
      <trkpt lat="54.764803" lon="9.578360">
        <ele>26.595469</ele>
        <time>2021-03-26T14:24:46.000Z</time>
      </trkpt>
      <trkpt lat="54.764808" lon="9.578355">
        <ele>26.595469</ele>
        <time>2021-03-26T14:24:47.000Z</time>
      </trkpt>
      <trkpt lat="54.764819" lon="9.578350">
        <ele>26.595469</ele>
        <time>2021-03-26T14:24:48.000Z</time>
      </trkpt>
      <trkpt lat="54.764845" lon="9.578336">
        <ele>26.595469</ele>
        <time>2021-03-26T14:24:51.000Z</time>
      </trkpt>
      <trkpt lat="54.764855" lon="9.578318">
        <ele>26.595469</ele>
        <time>2021-03-26T14:24:52.000Z</time>
      </trkpt>
      <trkpt lat="54.764883" lon="9.578194">
        <ele>26.595469</ele>
        <time>2021-03-26T14:24:57.000Z</time>
      </trkpt>
      <trkpt lat="54.764927" lon="9.577941">
        <ele>26.595469</ele>
        <time>2021-03-26T14:25:07.000Z</time>
      </trkpt>
      <trkpt lat="54.764986" lon="9.577802">
        <ele>26.595469</ele>
        <time>2021-03-26T14:25:15.000Z</time>
      </trkpt>
      <trkpt lat="54.764993" lon="9.577787">
        <ele>26.595469</ele>
        <time>2021-03-26T14:25:16.000Z</time>
      </trkpt>
      <trkpt lat="54.765002" lon="9.577612">
        <ele>26.595469</ele>
        <time>2021-03-26T14:25:23.000Z</time>
      </trkpt>
      <trkpt lat="54.765058" lon="9.577474">
        <ele>26.595469</ele>
        <time>2021-03-26T14:25:30.000Z</time>
      </trkpt>
      <trkpt lat="54.765065" lon="9.577451">
        <ele>26.595469</ele>
        <time>2021-03-26T14:25:31.000Z</time>
      </trkpt>
      <trkpt lat="54.765101" lon="9.577336">
        <ele>26.595469</ele>
        <time>2021-03-26T14:25:37.000Z</time>
      </trkpt>
      <trkpt lat="54.765122" lon="9.577277">
        <ele>26.595469</ele>
        <time>2021-03-26T14:25:41.000Z</time>
      </trkpt>
      <trkpt lat="54.765136" lon="9.577271">
        <ele>26.595469</ele>
        <time>2021-03-26T14:25:42.000Z</time>
      </trkpt>
      <trkpt lat="54.765181" lon="9.577240">
        <ele>26.595469</ele>
        <time>2021-03-26T14:25:45.000Z</time>
      </trkpt>
      <trkpt lat="54.765209" lon="9.577198">
        <ele>26.595469</ele>
        <time>2021-03-26T14:25:47.000Z</time>
      </trkpt>
      <trkpt lat="54.765233" lon="9.577150">
        <ele>26.620806</ele>
        <time>2021-03-26T14:25:49.000Z</time>
      </trkpt>
      <trkpt lat="54.765289" lon="9.576966">
        <ele>26.871847</ele>
        <time>2021-03-26T14:25:56.000Z</time>
      </trkpt>
      <trkpt lat="54.765307" lon="9.576891">
        <ele>26.969871</ele>
        <time>2021-03-26T14:25:59.000Z</time>
      </trkpt>
      <trkpt lat="54.765311" lon="9.576865">
        <ele>27.002342</ele>
        <time>2021-03-26T14:26:00.000Z</time>
      </trkpt>
      <trkpt lat="54.765314" lon="9.576817">
        <ele>27.060604</ele>
        <time>2021-03-26T14:26:02.000Z</time>
      </trkpt>
      <trkpt lat="54.765316" lon="9.576794">
        <ele>27.088673</ele>
        <time>2021-03-26T14:26:03.000Z</time>
      </trkpt>
      <trkpt lat="54.765334" lon="9.576638">
        <ele>27.280651</ele>
        <time>2021-03-26T14:26:09.000Z</time>
      </trkpt>
      <trkpt lat="54.765341" lon="9.576581">
        <ele>27.350976</ele>
        <time>2021-03-26T14:26:11.000Z</time>
      </trkpt>
      <trkpt lat="54.765377" lon="9.576410">
        <ele>27.570636</ele>
        <time>2021-03-26T14:26:18.000Z</time>
      </trkpt>
      <trkpt lat="54.765382" lon="9.576381">
        <ele>27.607161</ele>
        <time>2021-03-26T14:26:19.000Z</time>
      </trkpt>
      <trkpt lat="54.765444" lon="9.576311">
        <ele>27.761928</ele>
        <time>2021-03-26T14:26:24.000Z</time>
      </trkpt>
      <trkpt lat="54.765466" lon="9.576303">
        <ele>27.808946</ele>
        <time>2021-03-26T14:26:26.000Z</time>
      </trkpt>
      <trkpt lat="54.765498" lon="9.576304">
        <ele>27.875890</ele>
        <time>2021-03-26T14:26:28.000Z</time>
      </trkpt>
      <trkpt lat="54.765551" lon="9.576268">
        <ele>27.994956</ele>
        <time>2021-03-26T14:26:32.000Z</time>
      </trkpt>
      <trkpt lat="54.765565" lon="9.576264">
        <ele>28.024635</ele>
        <time>2021-03-26T14:26:33.000Z</time>
      </trkpt>
      <trkpt lat="54.765597" lon="9.576248">
        <ele>28.094297</ele>
        <time>2021-03-26T14:26:36.000Z</time>
      </trkpt>
      <trkpt lat="54.765611" lon="9.576248">
        <ele>28.123580</ele>
        <time>2021-03-26T14:26:37.000Z</time>
      </trkpt>
      <trkpt lat="54.765666" lon="9.576267">
        <ele>28.240883</ele>
        <time>2021-03-26T14:26:41.000Z</time>
      </trkpt>
      <trkpt lat="54.765752" lon="9.576293">
        <ele>28.423482</ele>
        <time>2021-03-26T14:26:47.000Z</time>
      </trkpt>
      <trkpt lat="54.765891" lon="9.576322">
        <ele>28.716320</ele>
        <time>2021-03-26T14:26:56.000Z</time>
      </trkpt>
      <trkpt lat="54.765909" lon="9.576327">
        <ele>28.754450</ele>
        <time>2021-03-26T14:26:57.000Z</time>
      </trkpt>
      <trkpt lat="54.766014" lon="9.576371">
        <ele>28.980401</ele>
        <time>2021-03-26T14:27:05.000Z</time>
      </trkpt>
      <trkpt lat="54.766116" lon="9.576337">
        <ele>29.197659</ele>
        <time>2021-03-26T14:27:12.000Z</time>
      </trkpt>
      <trkpt lat="54.766128" lon="9.576345">
        <ele>29.224552</ele>
        <time>2021-03-26T14:27:13.000Z</time>
      </trkpt>
      <trkpt lat="54.766169" lon="9.576359">
        <ele>29.311958</ele>
        <time>2021-03-26T14:27:16.000Z</time>
      </trkpt>
      <trkpt lat="54.766221" lon="9.576360">
        <ele>29.420731</ele>
        <time>2021-03-26T14:27:20.000Z</time>
      </trkpt>
      <trkpt lat="54.766306" lon="9.576372">
        <ele>29.599110</ele>
        <time>2021-03-26T14:27:26.000Z</time>
      </trkpt>
      <trkpt lat="54.766351" lon="9.576347">
        <ele>29.697951</ele>
        <time>2021-03-26T14:27:29.000Z</time>
      </trkpt>
      <trkpt lat="54.766467" lon="9.576368">
        <ele>29.941903</ele>
        <time>2021-03-26T14:27:37.000Z</time>
      </trkpt>
      <trkpt lat="54.766503" lon="9.576376">
        <ele>30.017819</ele>
        <time>2021-03-26T14:27:39.000Z</time>
      </trkpt>
      <trkpt lat="54.766535" lon="9.576388">
        <ele>30.086300</ele>
        <time>2021-03-26T14:27:41.000Z</time>
      </trkpt>
      <trkpt lat="54.766553" lon="9.576389">
        <ele>30.123969</ele>
        <time>2021-03-26T14:27:42.000Z</time>
      </trkpt>
      <trkpt lat="54.766598" lon="9.576406">
        <ele>30.220303</ele>
        <time>2021-03-26T14:27:45.000Z</time>
      </trkpt>
      <trkpt lat="54.766670" lon="9.576437">
        <ele>30.356904</ele>
        <time>2021-03-26T14:27:50.000Z</time>
      </trkpt>
      <trkpt lat="54.766698" lon="9.576443">
        <ele>30.354561</ele>
        <time>2021-03-26T14:27:52.000Z</time>
      </trkpt>
      <trkpt lat="54.766808" lon="9.576445">
        <ele>30.345425</ele>
        <time>2021-03-26T14:28:00.000Z</time>
      </trkpt>
      <trkpt lat="54.766822" lon="9.576449">
        <ele>30.344246</ele>
        <time>2021-03-26T14:28:01.000Z</time>
      </trkpt>
      <trkpt lat="54.766900" lon="9.576471">
        <ele>30.337684</ele>
        <time>2021-03-26T14:28:06.000Z</time>
      </trkpt>
      <trkpt lat="54.766929" lon="9.576471">
        <ele>30.335275</ele>
        <time>2021-03-26T14:28:08.000Z</time>
      </trkpt>
      <trkpt lat="54.766999" lon="9.576481">
        <ele>30.329442</ele>
        <time>2021-03-26T14:28:13.000Z</time>
      </trkpt>
      <trkpt lat="54.767013" lon="9.576482">
        <ele>30.328279</ele>
        <time>2021-03-26T14:28:14.000Z</time>
      </trkpt>
      <trkpt lat="54.767053" lon="9.576491">
        <ele>30.324929</ele>
        <time>2021-03-26T14:28:17.000Z</time>
      </trkpt>
      <trkpt lat="54.767194" lon="9.576515">
        <ele>30.313163</ele>
        <time>2021-03-26T14:28:25.000Z</time>
      </trkpt>
      <trkpt lat="54.767247" lon="9.576523">
        <ele>30.308745</ele>
        <time>2021-03-26T14:28:28.000Z</time>
      </trkpt>
      <trkpt lat="54.767327" lon="9.576536">
        <ele>30.302072</ele>
        <time>2021-03-26T14:28:33.000Z</time>
      </trkpt>
      <trkpt lat="54.767381" lon="9.576526">
        <ele>30.297562</ele>
        <time>2021-03-26T14:28:37.000Z</time>
      </trkpt>
      <trkpt lat="54.767499" lon="9.576542">
        <ele>30.287732</ele>
        <time>2021-03-26T14:28:46.000Z</time>
      </trkpt>
      <trkpt lat="54.767590" lon="9.576515">
        <ele>30.280065</ele>
        <time>2021-03-26T14:28:51.000Z</time>
      </trkpt>
      <trkpt lat="54.767601" lon="9.576514">
        <ele>30.279150</ele>
        <time>2021-03-26T14:28:52.000Z</time>
      </trkpt>
      <trkpt lat="54.767624" lon="9.576517">
        <ele>30.277235</ele>
        <time>2021-03-26T14:28:54.000Z</time>
      </trkpt>
      <trkpt lat="54.767736" lon="9.576548">
        <ele>30.267816</ele>
        <time>2021-03-26T14:29:02.000Z</time>
      </trkpt>
      <trkpt lat="54.767749" lon="9.576547">
        <ele>30.266735</ele>
        <time>2021-03-26T14:29:03.000Z</time>
      </trkpt>
      <trkpt lat="54.767828" lon="9.576555">
        <ele>30.260163</ele>
        <time>2021-03-26T14:29:08.000Z</time>
      </trkpt>
      <trkpt lat="54.767910" lon="9.576571">
        <ele>30.253310</ele>
        <time>2021-03-26T14:29:13.000Z</time>
      </trkpt>
      <trkpt lat="54.767985" lon="9.576552">
        <ele>30.247016</ele>
        <time>2021-03-26T14:29:17.000Z</time>
      </trkpt>
      <trkpt lat="54.768024" lon="9.576555">
        <ele>30.243774</ele>
        <time>2021-03-26T14:29:19.000Z</time>
      </trkpt>
      <trkpt lat="54.768068" lon="9.576562">
        <ele>30.240104</ele>
        <time>2021-03-26T14:29:22.000Z</time>
      </trkpt>
      <trkpt lat="54.768082" lon="9.576563">
        <ele>30.238941</ele>
        <time>2021-03-26T14:29:23.000Z</time>
      </trkpt>
      <trkpt lat="54.768099" lon="9.576561">
        <ele>30.237526</ele>
        <time>2021-03-26T14:29:24.000Z</time>
      </trkpt>
      <trkpt lat="54.768219" lon="9.576543">
        <ele>30.227523</ele>
        <time>2021-03-26T14:29:30.000Z</time>
      </trkpt>
      <trkpt lat="54.768259" lon="9.576539">
        <ele>30.224195</ele>
        <time>2021-03-26T14:29:33.000Z</time>
      </trkpt>
      <trkpt lat="54.768299" lon="9.576524">
        <ele>30.220797</ele>
        <time>2021-03-26T14:29:37.000Z</time>
      </trkpt>
      <trkpt lat="54.768308" lon="9.576523">
        <ele>30.220048</ele>
        <time>2021-03-26T14:29:38.000Z</time>
      </trkpt>
      <trkpt lat="54.768329" lon="9.576518">
        <ele>30.218287</ele>
        <time>2021-03-26T14:29:40.000Z</time>
      </trkpt>
      <trkpt lat="54.768354" lon="9.576529">
        <ele>30.216145</ele>
        <time>2021-03-26T14:29:42.000Z</time>
      </trkpt>
      <trkpt lat="54.768363" lon="9.576523">
        <ele>30.215344</ele>
        <time>2021-03-26T14:29:43.000Z</time>
      </trkpt>
      <trkpt lat="54.768365" lon="9.576508">
        <ele>30.214607</ele>
        <time>2021-03-26T14:29:45.000Z</time>
      </trkpt>
      <trkpt lat="54.768377" lon="9.576509">
        <ele>30.213609</ele>
        <time>2021-03-26T14:29:47.000Z</time>
      </trkpt>
      <trkpt lat="54.768440" lon="9.576443">
        <ele>30.206597</ele>
        <time>2021-03-26T14:29:52.000Z</time>
      </trkpt>
      <trkpt lat="54.768479" lon="9.576406">
        <ele>30.198448</ele>
        <time>2021-03-26T14:29:56.000Z</time>
      </trkpt>
      <trkpt lat="54.768500" lon="9.576361">
        <ele>30.192328</ele>
        <time>2021-03-26T14:29:58.000Z</time>
      </trkpt>
      <trkpt lat="54.768510" lon="9.576346">
        <ele>30.189904</ele>
        <time>2021-03-26T14:29:59.000Z</time>
      </trkpt>
      <trkpt lat="54.768524" lon="9.576315">
        <ele>30.185742</ele>
        <time>2021-03-26T14:30:01.000Z</time>
      </trkpt>
      <trkpt lat="54.768547" lon="9.576254">
        <ele>30.178036</ele>
        <time>2021-03-26T14:30:04.000Z</time>
      </trkpt>
      <trkpt lat="54.768556" lon="9.576239">
        <ele>30.175748</ele>
        <time>2021-03-26T14:30:05.000Z</time>
      </trkpt>
      <trkpt lat="54.768591" lon="9.576074">
        <ele>30.157160</ele>
        <time>2021-03-26T14:30:11.000Z</time>
      </trkpt>
      <trkpt lat="54.768604" lon="9.575936">
        <ele>30.142375</ele>
        <time>2021-03-26T14:30:16.000Z</time>
      </trkpt>
      <trkpt lat="54.768605" lon="9.575907">
        <ele>30.139303</ele>
        <time>2021-03-26T14:30:17.000Z</time>
      </trkpt>
      <trkpt lat="54.768609" lon="9.575761">
        <ele>30.123849</ele>
        <time>2021-03-26T14:30:22.000Z</time>
      </trkpt>
      <trkpt lat="54.768611" lon="9.575733">
        <ele>30.120866</ele>
        <time>2021-03-26T14:30:23.000Z</time>
      </trkpt>
      <trkpt lat="54.768614" lon="9.575702">
        <ele>30.117542</ele>
        <time>2021-03-26T14:30:24.000Z</time>
      </trkpt>
      <trkpt lat="54.768617" lon="9.575641">
        <ele>30.111069</ele>
        <time>2021-03-26T14:30:26.000Z</time>
      </trkpt>
      <trkpt lat="54.768618" lon="9.575609">
        <ele>30.107680</ele>
        <time>2021-03-26T14:30:27.000Z</time>
      </trkpt>
      <trkpt lat="54.768617" lon="9.575544">
        <ele>30.100805</ele>
        <time>2021-03-26T14:30:29.000Z</time>
      </trkpt>
      <trkpt lat="54.768615" lon="9.575446">
        <ele>30.090437</ele>
        <time>2021-03-26T14:30:32.000Z</time>
      </trkpt>
      <trkpt lat="54.768610" lon="9.575158">
        <ele>30.059972</ele>
        <time>2021-03-26T14:30:42.000Z</time>
      </trkpt>
      <trkpt lat="54.768611" lon="9.575080">
        <ele>30.051722</ele>
        <time>2021-03-26T14:30:45.000Z</time>
      </trkpt>
      <trkpt lat="54.768622" lon="9.574920">
        <ele>30.034685</ele>
        <time>2021-03-26T14:30:51.000Z</time>
      </trkpt>
      <trkpt lat="54.768625" lon="9.574892">
        <ele>30.031674</ele>
        <time>2021-03-26T14:30:52.000Z</time>
      </trkpt>
      <trkpt lat="54.768630" lon="9.574700">
        <ele>30.011352</ele>
        <time>2021-03-26T14:30:59.000Z</time>
      </trkpt>
      <trkpt lat="54.768628" lon="9.574616">
        <ele>30.002463</ele>
        <time>2021-03-26T14:31:02.000Z</time>
      </trkpt>
      <trkpt lat="54.768623" lon="9.574567">
        <ele>29.997202</ele>
        <time>2021-03-26T14:31:04.000Z</time>
      </trkpt>
      <trkpt lat="54.768622" lon="9.574487">
        <ele>29.988741</ele>
        <time>2021-03-26T14:31:07.000Z</time>
      </trkpt>
      <trkpt lat="54.768620" lon="9.574372">
        <ele>29.976576</ele>
        <time>2021-03-26T14:31:11.000Z</time>
      </trkpt>
      <trkpt lat="54.768618" lon="9.574294">
        <ele>29.968321</ele>
        <time>2021-03-26T14:31:14.000Z</time>
      </trkpt>
      <trkpt lat="54.768620" lon="9.574225">
        <ele>29.961016</ele>
        <time>2021-03-26T14:31:17.000Z</time>
      </trkpt>
      <trkpt lat="54.768601" lon="9.574078">
        <ele>29.945087</ele>
        <time>2021-03-26T14:31:21.000Z</time>
      </trkpt>
      <trkpt lat="54.768590" lon="9.573823">
        <ele>29.918050</ele>
        <time>2021-03-26T14:31:29.000Z</time>
      </trkpt>
      <trkpt lat="54.768570" lon="9.573626">
        <ele>29.896900</ele>
        <time>2021-03-26T14:31:36.000Z</time>
      </trkpt>
      <trkpt lat="54.768568" lon="9.573540">
        <ele>29.887800</ele>
        <time>2021-03-26T14:31:39.000Z</time>
      </trkpt>
      <trkpt lat="54.768540" lon="9.573383">
        <ele>29.853098</ele>
        <time>2021-03-26T14:31:45.000Z</time>
      </trkpt>
      <trkpt lat="54.768523" lon="9.573197">
        <ele>29.790856</ele>
        <time>2021-03-26T14:31:52.000Z</time>
      </trkpt>
      <trkpt lat="54.768521" lon="9.573055">
        <ele>29.743909</ele>
        <time>2021-03-26T14:31:57.000Z</time>
      </trkpt>
      <trkpt lat="54.768523" lon="9.572983">
        <ele>29.720084</ele>
        <time>2021-03-26T14:32:00.000Z</time>
      </trkpt>
      <trkpt lat="54.768521" lon="9.572862">
        <ele>29.680075</ele>
        <time>2021-03-26T14:32:06.000Z</time>
      </trkpt>
      <trkpt lat="54.768509" lon="9.572734">
        <ele>29.637215</ele>
        <time>2021-03-26T14:32:11.000Z</time>
      </trkpt>
      <trkpt lat="54.768502" lon="9.572664">
        <ele>29.613734</ele>
        <time>2021-03-26T14:32:13.000Z</time>
      </trkpt>
      <trkpt lat="54.768492" lon="9.572601">
        <ele>29.592137</ele>
        <time>2021-03-26T14:32:15.000Z</time>
      </trkpt>
      <trkpt lat="54.768476" lon="9.572494">
        <ele>29.555604</ele>
        <time>2021-03-26T14:32:19.000Z</time>
      </trkpt>
      <trkpt lat="54.768468" lon="9.572444">
        <ele>29.538454</ele>
        <time>2021-03-26T14:32:21.000Z</time>
      </trkpt>
      <trkpt lat="54.768462" lon="9.572415">
        <ele>29.528271</ele>
        <time>2021-03-26T14:32:22.000Z</time>
      </trkpt>
      <trkpt lat="54.768457" lon="9.572385">
        <ele>29.517950</ele>
        <time>2021-03-26T14:32:23.000Z</time>
      </trkpt>
      <trkpt lat="54.768438" lon="9.572300">
        <ele>29.487821</ele>
        <time>2021-03-26T14:32:26.000Z</time>
      </trkpt>
      <trkpt lat="54.768421" lon="9.572201">
        <ele>29.453682</ele>
        <time>2021-03-26T14:32:30.000Z</time>
      </trkpt>
      <trkpt lat="54.768413" lon="9.572173">
        <ele>29.443354</ele>
        <time>2021-03-26T14:32:31.000Z</time>
      </trkpt>
      <trkpt lat="54.768405" lon="9.572099">
        <ele>29.418471</ele>
        <time>2021-03-26T14:32:34.000Z</time>
      </trkpt>
      <trkpt lat="54.768391" lon="9.572043">
        <ele>29.398298</ele>
        <time>2021-03-26T14:32:37.000Z</time>
      </trkpt>
      <trkpt lat="54.768363" lon="9.571890">
        <ele>29.345246</ele>
        <time>2021-03-26T14:32:44.000Z</time>
      </trkpt>
      <trkpt lat="54.768343" lon="9.571787">
        <ele>29.309326</ele>
        <time>2021-03-26T14:32:48.000Z</time>
      </trkpt>
      <trkpt lat="54.768325" lon="9.571704">
        <ele>29.280019</ele>
        <time>2021-03-26T14:32:51.000Z</time>
      </trkpt>
      <trkpt lat="54.768283" lon="9.571483">
        <ele>29.203114</ele>
        <time>2021-03-26T14:32:58.000Z</time>
      </trkpt>
      <trkpt lat="54.768290" lon="9.571261">
        <ele>29.129630</ele>
        <time>2021-03-26T14:33:05.000Z</time>
      </trkpt>
      <trkpt lat="54.768329" lon="9.571045">
        <ele>29.054823</ele>
        <time>2021-03-26T14:33:13.000Z</time>
      </trkpt>
      <trkpt lat="54.768356" lon="9.570921">
        <ele>29.011017</ele>
        <time>2021-03-26T14:33:17.000Z</time>
      </trkpt>
      <trkpt lat="54.768380" lon="9.570808">
        <ele>28.971218</ele>
        <time>2021-03-26T14:33:21.000Z</time>
      </trkpt>
      <trkpt lat="54.768432" lon="9.570601">
        <ele>28.896596</ele>
        <time>2021-03-26T14:33:29.000Z</time>
      </trkpt>
      <trkpt lat="54.768487" lon="9.570393">
        <ele>28.827353</ele>
        <time>2021-03-26T14:33:37.000Z</time>
      </trkpt>
      <trkpt lat="54.768493" lon="9.570369">
        <ele>28.820744</ele>
        <time>2021-03-26T14:33:38.000Z</time>
      </trkpt>
      <trkpt lat="54.768499" lon="9.570344">
        <ele>28.813902</ele>
        <time>2021-03-26T14:33:39.000Z</time>
      </trkpt>
      <trkpt lat="54.768510" lon="9.570291">
        <ele>28.799669</ele>
        <time>2021-03-26T14:33:41.000Z</time>
      </trkpt>
      <trkpt lat="54.768552" lon="9.570113">
        <ele>28.751073</ele>
        <time>2021-03-26T14:33:48.000Z</time>
      </trkpt>
      <trkpt lat="54.768600" lon="9.569952">
        <ele>28.705278</ele>
        <time>2021-03-26T14:33:55.000Z</time>
      </trkpt>
      <trkpt lat="54.768606" lon="9.569927">
        <ele>28.698436</ele>
        <time>2021-03-26T14:33:56.000Z</time>
      </trkpt>
      <trkpt lat="54.768612" lon="9.569903">
        <ele>28.691827</ele>
        <time>2021-03-26T14:33:57.000Z</time>
      </trkpt>
      <trkpt lat="54.768660" lon="9.569667">
        <ele>28.628594</ele>
        <time>2021-03-26T14:34:06.000Z</time>
      </trkpt>
      <trkpt lat="54.768725" lon="9.569448">
        <ele>28.566361</ele>
        <time>2021-03-26T14:34:16.000Z</time>
      </trkpt>
      <trkpt lat="54.768800" lon="9.569209">
        <ele>28.497611</ele>
        <time>2021-03-26T14:34:26.000Z</time>
      </trkpt>
      <trkpt lat="54.768836" lon="9.569051">
        <ele>28.454685</ele>
        <time>2021-03-26T14:34:32.000Z</time>
      </trkpt>
      <trkpt lat="54.768852" lon="9.568985">
        <ele>28.436595</ele>
        <time>2021-03-26T14:34:35.000Z</time>
      </trkpt>
      <trkpt lat="54.768860" lon="9.568965">
        <ele>28.430445</ele>
        <time>2021-03-26T14:34:36.000Z</time>
      </trkpt>
      <trkpt lat="54.768884" lon="9.568903">
        <ele>28.411578</ele>
        <time>2021-03-26T14:34:39.000Z</time>
      </trkpt>
      <trkpt lat="54.768899" lon="9.568817">
        <ele>28.388876</ele>
        <time>2021-03-26T14:34:42.000Z</time>
      </trkpt>
      <trkpt lat="54.768938" lon="9.568654">
        <ele>28.344286</ele>
        <time>2021-03-26T14:34:49.000Z</time>
      </trkpt>
      <trkpt lat="54.768949" lon="9.568613">
        <ele>28.332860</ele>
        <time>2021-03-26T14:34:51.000Z</time>
      </trkpt>
      <trkpt lat="54.768992" lon="9.568444">
        <ele>28.286186</ele>
        <time>2021-03-26T14:34:58.000Z</time>
      </trkpt>
      <trkpt lat="54.769022" lon="9.568341">
        <ele>28.257031</ele>
        <time>2021-03-26T14:35:02.000Z</time>
      </trkpt>
      <trkpt lat="54.769053" lon="9.568248">
        <ele>28.229890</ele>
        <time>2021-03-26T14:35:06.000Z</time>
      </trkpt>
      <trkpt lat="54.769110" lon="9.568010">
        <ele>28.164774</ele>
        <time>2021-03-26T14:35:15.000Z</time>
      </trkpt>
      <trkpt lat="54.769151" lon="9.567896">
        <ele>28.130828</ele>
        <time>2021-03-26T14:35:20.000Z</time>
      </trkpt>
      <trkpt lat="54.769168" lon="9.567823">
        <ele>28.110935</ele>
        <time>2021-03-26T14:35:23.000Z</time>
      </trkpt>
      <trkpt lat="54.769182" lon="9.567752">
        <ele>28.091976</ele>
        <time>2021-03-26T14:35:26.000Z</time>
      </trkpt>
      <trkpt lat="54.769199" lon="9.567680">
        <ele>28.072317</ele>
        <time>2021-03-26T14:35:29.000Z</time>
      </trkpt>
      <trkpt lat="54.769238" lon="9.567508">
        <ele>27.963941</ele>
        <time>2021-03-26T14:35:36.000Z</time>
      </trkpt>
      <trkpt lat="54.769263" lon="9.567297">
        <ele>27.812490</ele>
        <time>2021-03-26T14:35:43.000Z</time>
      </trkpt>
      <trkpt lat="54.769268" lon="9.567244">
        <ele>27.774730</ele>
        <time>2021-03-26T14:35:45.000Z</time>
      </trkpt>
      <trkpt lat="54.769325" lon="9.567066">
        <ele>27.631589</ele>
        <time>2021-03-26T14:35:53.000Z</time>
      </trkpt>
      <trkpt lat="54.769384" lon="9.566848">
        <ele>27.462282</ele>
        <time>2021-03-26T14:36:02.000Z</time>
      </trkpt>
      <trkpt lat="54.769389" lon="9.566824">
        <ele>27.444341</ele>
        <time>2021-03-26T14:36:03.000Z</time>
      </trkpt>
      <trkpt lat="54.769439" lon="9.566594">
        <ele>27.271527</ele>
        <time>2021-03-26T14:36:12.000Z</time>
      </trkpt>
      <trkpt lat="54.769486" lon="9.566450">
        <ele>27.155198</ele>
        <time>2021-03-26T14:36:19.000Z</time>
      </trkpt>
      <trkpt lat="54.769551" lon="9.566257">
        <ele>26.998067</ele>
        <time>2021-03-26T14:36:27.000Z</time>
      </trkpt>
      <trkpt lat="54.769586" lon="9.566142">
        <ele>26.906648</ele>
        <time>2021-03-26T14:36:32.000Z</time>
      </trkpt>
      <trkpt lat="54.769633" lon="9.566053">
        <ele>26.821811</ele>
        <time>2021-03-26T14:36:37.000Z</time>
      </trkpt>
      <trkpt lat="54.769685" lon="9.566070">
        <ele>26.757316</ele>
        <time>2021-03-26T14:36:41.000Z</time>
      </trkpt>
      <trkpt lat="54.769719" lon="9.566080">
        <ele>26.715283</ele>
        <time>2021-03-26T14:36:44.000Z</time>
      </trkpt>
      <trkpt lat="54.769763" lon="9.566094">
        <ele>26.660759</ele>
        <time>2021-03-26T14:36:48.000Z</time>
      </trkpt>
      <trkpt lat="54.769791" lon="9.566102">
        <ele>26.626172</ele>
        <time>2021-03-26T14:36:51.000Z</time>
      </trkpt>
      <trkpt lat="54.769824" lon="9.566097">
        <ele>26.585798</ele>
        <time>2021-03-26T14:36:54.000Z</time>
      </trkpt>
      <trkpt lat="54.769836" lon="9.566105">
        <ele>26.570127</ele>
        <time>2021-03-26T14:36:55.000Z</time>
      </trkpt>
      <trkpt lat="54.769846" lon="9.566110">
        <ele>26.557442</ele>
        <time>2021-03-26T14:36:56.000Z</time>
      </trkpt>
      <trkpt lat="54.769867" lon="9.566110">
        <ele>26.531847</ele>
        <time>2021-03-26T14:36:58.000Z</time>
      </trkpt>
      <trkpt lat="54.769960" lon="9.566124">
        <ele>26.418070</ele>
        <time>2021-03-26T14:37:04.000Z</time>
      </trkpt>
      <trkpt lat="54.770052" lon="9.566126">
        <ele>26.305930</ele>
        <time>2021-03-26T14:37:11.000Z</time>
      </trkpt>
      <trkpt lat="54.770134" lon="9.566128">
        <ele>26.205977</ele>
        <time>2021-03-26T14:37:16.000Z</time>
      </trkpt>
      <trkpt lat="54.770173" lon="9.566133">
        <ele>26.158313</ele>
        <time>2021-03-26T14:37:18.000Z</time>
      </trkpt>
      <trkpt lat="54.770262" lon="9.566134">
        <ele>26.049836</ele>
        <time>2021-03-26T14:37:24.000Z</time>
      </trkpt>
      <trkpt lat="54.770413" lon="9.566166">
        <ele>25.863554</ele>
        <time>2021-03-26T14:37:32.000Z</time>
      </trkpt>
      <trkpt lat="54.770486" lon="9.566159">
        <ele>25.752760</ele>
        <time>2021-03-26T14:37:38.000Z</time>
      </trkpt>
      <trkpt lat="54.770500" lon="9.566157">
        <ele>25.731472</ele>
        <time>2021-03-26T14:37:39.000Z</time>
      </trkpt>
      <trkpt lat="54.770517" lon="9.566154">
        <ele>25.705577</ele>
        <time>2021-03-26T14:37:40.000Z</time>
      </trkpt>
      <trkpt lat="54.770571" lon="9.566159">
        <ele>25.623628</ele>
        <time>2021-03-26T14:37:43.000Z</time>
      </trkpt>
      <trkpt lat="54.770651" lon="9.566178">
        <ele>25.501263</ele>
        <time>2021-03-26T14:37:48.000Z</time>
      </trkpt>
      <trkpt lat="54.770702" lon="9.566190">
        <ele>25.423268</ele>
        <time>2021-03-26T14:37:52.000Z</time>
      </trkpt>
      <trkpt lat="54.770781" lon="9.566205">
        <ele>25.302835</ele>
        <time>2021-03-26T14:37:56.000Z</time>
      </trkpt>
      <trkpt lat="54.770819" lon="9.566207">
        <ele>25.245223</ele>
        <time>2021-03-26T14:37:58.000Z</time>
      </trkpt>
      <trkpt lat="54.770903" lon="9.566219">
        <ele>25.117497</ele>
        <time>2021-03-26T14:38:04.000Z</time>
      </trkpt>
      <trkpt lat="54.770984" lon="9.566231">
        <ele>24.994301</ele>
        <time>2021-03-26T14:38:10.000Z</time>
      </trkpt>
      <trkpt lat="54.771054" lon="9.566249">
        <ele>24.887061</ele>
        <time>2021-03-26T14:38:15.000Z</time>
      </trkpt>
      <trkpt lat="54.771082" lon="9.566246">
        <ele>24.844549</ele>
        <time>2021-03-26T14:38:17.000Z</time>
      </trkpt>
      <trkpt lat="54.771159" lon="9.566242">
        <ele>24.727810</ele>
        <time>2021-03-26T14:38:22.000Z</time>
      </trkpt>
      <trkpt lat="54.771181" lon="9.566244">
        <ele>24.694425</ele>
        <time>2021-03-26T14:38:23.000Z</time>
      </trkpt>
      <trkpt lat="54.771284" lon="9.566258">
        <ele>24.537859</ele>
        <time>2021-03-26T14:38:30.000Z</time>
      </trkpt>
      <trkpt lat="54.771376" lon="9.566292">
        <ele>24.395308</ele>
        <time>2021-03-26T14:38:37.000Z</time>
      </trkpt>
      <trkpt lat="54.771437" lon="9.566353">
        <ele>24.288591</ele>
        <time>2021-03-26T14:38:43.000Z</time>
      </trkpt>
      <trkpt lat="54.771447" lon="9.566362">
        <ele>24.271516</ele>
        <time>2021-03-26T14:38:44.000Z</time>
      </trkpt>
      <trkpt lat="54.771562" lon="9.566469">
        <ele>24.073730</ele>
        <time>2021-03-26T14:38:51.000Z</time>
      </trkpt>
      <trkpt lat="54.771639" lon="9.566564">
        <ele>23.930510</ele>
        <time>2021-03-26T14:38:58.000Z</time>
      </trkpt>
      <trkpt lat="54.771682" lon="9.566611">
        <ele>23.853476</ele>
        <time>2021-03-26T14:39:02.000Z</time>
      </trkpt>
      <trkpt lat="54.771716" lon="9.566639">
        <ele>23.796434</ele>
        <time>2021-03-26T14:39:05.000Z</time>
      </trkpt>
      <trkpt lat="54.771808" lon="9.566657">
        <ele>23.656131</ele>
        <time>2021-03-26T14:39:11.000Z</time>
      </trkpt>
      <trkpt lat="54.771932" lon="9.566666">
        <ele>23.468056</ele>
        <time>2021-03-26T14:39:19.000Z</time>
      </trkpt>
      <trkpt lat="54.772063" lon="9.566665">
        <ele>23.269535</ele>
        <time>2021-03-26T14:39:26.000Z</time>
      </trkpt>
      <trkpt lat="54.772166" lon="9.566660">
        <ele>23.153893</ele>
        <time>2021-03-26T14:39:33.000Z</time>
      </trkpt>
      <trkpt lat="54.772178" lon="9.566659">
        <ele>23.161183</ele>
        <time>2021-03-26T14:39:34.000Z</time>
      </trkpt>
      <trkpt lat="54.772301" lon="9.566637">
        <ele>23.236212</ele>
        <time>2021-03-26T14:39:41.000Z</time>
      </trkpt>
      <trkpt lat="54.772405" lon="9.566635">
        <ele>23.299320</ele>
        <time>2021-03-26T14:39:48.000Z</time>
      </trkpt>
      <trkpt lat="54.772458" lon="9.566612">
        <ele>23.332471</ele>
        <time>2021-03-26T14:39:52.000Z</time>
      </trkpt>
      <trkpt lat="54.772523" lon="9.566602">
        <ele>23.372067</ele>
        <time>2021-03-26T14:39:57.000Z</time>
      </trkpt>
      <trkpt lat="54.772538" lon="9.566603">
        <ele>23.381175</ele>
        <time>2021-03-26T14:39:58.000Z</time>
      </trkpt>
      <trkpt lat="54.772614" lon="9.566605">
        <ele>23.427295</ele>
        <time>2021-03-26T14:40:03.000Z</time>
      </trkpt>
      <trkpt lat="54.772694" lon="9.566573">
        <ele>23.477112</ele>
        <time>2021-03-26T14:40:09.000Z</time>
      </trkpt>
      <trkpt lat="54.772715" lon="9.566557">
        <ele>23.491031</ele>
        <time>2021-03-26T14:40:11.000Z</time>
      </trkpt>
      <trkpt lat="54.772721" lon="9.566553">
        <ele>23.494931</ele>
        <time>2021-03-26T14:40:12.000Z</time>
      </trkpt>
      <trkpt lat="54.772783" lon="9.566532">
        <ele>23.533262</ele>
        <time>2021-03-26T14:40:16.000Z</time>
      </trkpt>
      <trkpt lat="54.772899" lon="9.566514">
        <ele>23.603929</ele>
        <time>2021-03-26T14:40:23.000Z</time>
      </trkpt>
      <trkpt lat="54.773019" lon="9.566484">
        <ele>23.677495</ele>
        <time>2021-03-26T14:40:31.000Z</time>
      </trkpt>
      <trkpt lat="54.773137" lon="9.566437">
        <ele>23.750960</ele>
        <time>2021-03-26T14:40:40.000Z</time>
      </trkpt>
      <trkpt lat="54.773145" lon="9.566420">
        <ele>23.758639</ele>
        <time>2021-03-26T14:40:41.000Z</time>
      </trkpt>
      <trkpt lat="54.773153" lon="9.566305">
        <ele>23.799180</ele>
        <time>2021-03-26T14:40:46.000Z</time>
      </trkpt>
      <trkpt lat="54.773132" lon="9.566115">
        <ele>23.866889</ele>
        <time>2021-03-26T14:40:53.000Z</time>
      </trkpt>
      <trkpt lat="54.773113" lon="9.566001">
        <ele>23.908421</ele>
        <time>2021-03-26T14:40:57.000Z</time>
      </trkpt>
      <trkpt lat="54.773099" lon="9.565913">
        <ele>23.940370</ele>
        <time>2021-03-26T14:41:00.000Z</time>
      </trkpt>
      <trkpt lat="54.773094" lon="9.565833">
        <ele>23.968534</ele>
        <time>2021-03-26T14:41:03.000Z</time>
      </trkpt>
      <trkpt lat="54.773083" lon="9.565713">
        <ele>24.011061</ele>
        <time>2021-03-26T14:41:08.000Z</time>
      </trkpt>
      <trkpt lat="54.773060" lon="9.565527">
        <ele>24.077639</ele>
        <time>2021-03-26T14:41:16.000Z</time>
      </trkpt>
      <trkpt lat="54.773042" lon="9.565306">
        <ele>24.155756</ele>
        <time>2021-03-26T14:41:24.000Z</time>
      </trkpt>
      <trkpt lat="54.773110" lon="9.565200">
        <ele>24.211243</ele>
        <time>2021-03-26T14:41:30.000Z</time>
      </trkpt>
      <trkpt lat="54.773216" lon="9.565129">
        <ele>24.207694</ele>
        <time>2021-03-26T14:41:38.000Z</time>
      </trkpt>
      <trkpt lat="54.773297" lon="9.565106">
        <ele>24.179872</ele>
        <time>2021-03-26T14:41:44.000Z</time>
      </trkpt>
      <trkpt lat="54.773405" lon="9.565041">
        <ele>24.141120</ele>
        <time>2021-03-26T14:41:52.000Z</time>
      </trkpt>
      <trkpt lat="54.773532" lon="9.564983">
        <ele>24.096602</ele>
        <time>2021-03-26T14:42:02.000Z</time>
      </trkpt>
      <trkpt lat="54.773559" lon="9.564981">
        <ele>24.087442</ele>
        <time>2021-03-26T14:42:04.000Z</time>
      </trkpt>
      <trkpt lat="54.773650" lon="9.564947">
        <ele>24.055888</ele>
        <time>2021-03-26T14:42:10.000Z</time>
      </trkpt>
      <trkpt lat="54.773761" lon="9.564933">
        <ele>24.018163</ele>
        <time>2021-03-26T14:42:17.000Z</time>
      </trkpt>
      <trkpt lat="54.773892" lon="9.564886">
        <ele>23.972817</ele>
        <time>2021-03-26T14:42:26.000Z</time>
      </trkpt>
      <trkpt lat="54.774046" lon="9.564826">
        <ele>23.919314</ele>
        <time>2021-03-26T14:42:36.000Z</time>
      </trkpt>
      <trkpt lat="54.774196" lon="9.564775">
        <ele>23.867500</ele>
        <time>2021-03-26T14:42:46.000Z</time>
      </trkpt>
      <trkpt lat="54.774296" lon="9.564764">
        <ele>23.833535</ele>
        <time>2021-03-26T14:42:53.000Z</time>
      </trkpt>
      <trkpt lat="54.774322" lon="9.564765">
        <ele>23.824720</ele>
        <time>2021-03-26T14:42:55.000Z</time>
      </trkpt>
      <trkpt lat="54.774434" lon="9.564753">
        <ele>23.786683</ele>
        <time>2021-03-26T14:43:04.000Z</time>
      </trkpt>
      <trkpt lat="54.774500" lon="9.564729">
        <ele>23.763824</ele>
        <time>2021-03-26T14:43:09.000Z</time>
      </trkpt>
      <trkpt lat="54.774560" lon="9.564724">
        <ele>23.743463</ele>
        <time>2021-03-26T14:43:13.000Z</time>
      </trkpt>
      <trkpt lat="54.774663" lon="9.564743">
        <ele>23.708352</ele>
        <time>2021-03-26T14:43:20.000Z</time>
      </trkpt>
      <trkpt lat="54.774761" lon="9.564819">
        <ele>23.671961</ele>
        <time>2021-03-26T14:43:28.000Z</time>
      </trkpt>
      <trkpt lat="54.774844" lon="9.564941">
        <ele>23.635076</ele>
        <time>2021-03-26T14:43:36.000Z</time>
      </trkpt>
      <trkpt lat="54.774908" lon="9.565126">
        <ele>23.557268</ele>
        <time>2021-03-26T14:43:43.000Z</time>
      </trkpt>
      <trkpt lat="54.774919" lon="9.565384">
        <ele>23.448733</ele>
        <time>2021-03-26T14:43:53.000Z</time>
      </trkpt>
      <trkpt lat="54.774917" lon="9.565549">
        <ele>23.379495</ele>
        <time>2021-03-26T14:43:59.000Z</time>
      </trkpt>
      <trkpt lat="54.774911" lon="9.565599">
        <ele>23.358069</ele>
        <time>2021-03-26T14:44:01.000Z</time>
      </trkpt>
      <trkpt lat="54.774883" lon="9.565805">
        <ele>23.269277</ele>
        <time>2021-03-26T14:44:10.000Z</time>
      </trkpt>
      <trkpt lat="54.774879" lon="9.565856">
        <ele>23.247684</ele>
        <time>2021-03-26T14:44:12.000Z</time>
      </trkpt>
      <trkpt lat="54.774880" lon="9.565880">
        <ele>23.237589</ele>
        <time>2021-03-26T14:44:13.000Z</time>
      </trkpt>
      <trkpt lat="54.774876" lon="9.566011">
        <ele>23.182553</ele>
        <time>2021-03-26T14:44:18.000Z</time>
      </trkpt>
      <trkpt lat="54.774868" lon="9.566058">
        <ele>23.161994</ele>
        <time>2021-03-26T14:44:20.000Z</time>
      </trkpt>
      <trkpt lat="54.774864" lon="9.566236">
        <ele>23.087261</ele>
        <time>2021-03-26T14:44:27.000Z</time>
      </trkpt>
      <trkpt lat="54.774836" lon="9.566429">
        <ele>23.003768</ele>
        <time>2021-03-26T14:44:35.000Z</time>
      </trkpt>
      <trkpt lat="54.774788" lon="9.566601">
        <ele>22.923606</ele>
        <time>2021-03-26T14:44:43.000Z</time>
      </trkpt>
      <trkpt lat="54.774715" lon="9.566744">
        <ele>22.843490</ele>
        <time>2021-03-26T14:44:50.000Z</time>
      </trkpt>
      <trkpt lat="54.774695" lon="9.566793">
        <ele>22.818306</ele>
        <time>2021-03-26T14:44:52.000Z</time>
      </trkpt>
      <trkpt lat="54.774631" lon="9.566938">
        <ele>22.741706</ele>
        <time>2021-03-26T14:44:58.000Z</time>
      </trkpt>
      <trkpt lat="54.774595" lon="9.567033">
        <ele>22.694017</ele>
        <time>2021-03-26T14:45:02.000Z</time>
      </trkpt>
      <trkpt lat="54.774564" lon="9.567111">
        <ele>22.654277</ele>
        <time>2021-03-26T14:45:06.000Z</time>
      </trkpt>
      <trkpt lat="54.774569" lon="9.567231">
        <ele>22.603802</ele>
        <time>2021-03-26T14:45:12.000Z</time>
      </trkpt>
      <trkpt lat="54.774575" lon="9.567245">
        <ele>22.596484</ele>
        <time>2021-03-26T14:45:15.000Z</time>
      </trkpt>
      <trkpt lat="54.774594" lon="9.567226">
        <ele>22.580530</ele>
        <time>2021-03-26T14:45:17.000Z</time>
      </trkpt>
      <trkpt lat="54.774633" lon="9.567122">
        <ele>22.528488</ele>
        <time>2021-03-26T14:45:22.000Z</time>
      </trkpt>
      <trkpt lat="54.774677" lon="9.566916">
        <ele>22.436328</ele>
        <time>2021-03-26T14:45:30.000Z</time>
      </trkpt>
      <trkpt lat="54.774738" lon="9.566708">
        <ele>22.338432</ele>
        <time>2021-03-26T14:45:39.000Z</time>
      </trkpt>
      <trkpt lat="54.774756" lon="9.566641">
        <ele>22.316360</ele>
        <time>2021-03-26T14:45:42.000Z</time>
      </trkpt>
      <trkpt lat="54.774804" lon="9.566549">
        <ele>22.320277</ele>
        <time>2021-03-26T14:45:47.000Z</time>
      </trkpt>
      <trkpt lat="54.774865" lon="9.566420">
        <ele>22.325543</ele>
        <time>2021-03-26T14:45:54.000Z</time>
      </trkpt>
      <trkpt lat="54.774935" lon="9.566290">
        <ele>22.331159</ele>
        <time>2021-03-26T14:46:01.000Z</time>
      </trkpt>
      <trkpt lat="54.775043" lon="9.566176">
        <ele>22.338080</ele>
        <time>2021-03-26T14:46:10.000Z</time>
      </trkpt>
      <trkpt lat="54.775074" lon="9.566112">
        <ele>22.340719</ele>
        <time>2021-03-26T14:46:13.000Z</time>
      </trkpt>
      <trkpt lat="54.775154" lon="9.566026">
        <ele>22.345872</ele>
        <time>2021-03-26T14:46:19.000Z</time>
      </trkpt>
      <trkpt lat="54.775267" lon="9.565905">
        <ele>22.353142</ele>
        <time>2021-03-26T14:46:28.000Z</time>
      </trkpt>
      <trkpt lat="54.775291" lon="9.565871">
        <ele>22.354839</ele>
        <time>2021-03-26T14:46:30.000Z</time>
      </trkpt>
      <trkpt lat="54.775372" lon="9.565759">
        <ele>22.360510</ele>
        <time>2021-03-26T14:46:37.000Z</time>
      </trkpt>
      <trkpt lat="54.775463" lon="9.565630">
        <ele>22.366945</ele>
        <time>2021-03-26T14:46:45.000Z</time>
      </trkpt>
      <trkpt lat="54.775552" lon="9.565533">
        <ele>22.372699</ele>
        <time>2021-03-26T14:46:52.000Z</time>
      </trkpt>
      <trkpt lat="54.775646" lon="9.565421">
        <ele>22.378943</ele>
        <time>2021-03-26T14:47:00.000Z</time>
      </trkpt>
      <trkpt lat="54.775659" lon="9.565407">
        <ele>22.379781</ele>
        <time>2021-03-26T14:47:01.000Z</time>
      </trkpt>
      <trkpt lat="54.775670" lon="9.565395">
        <ele>22.380492</ele>
        <time>2021-03-26T14:47:02.000Z</time>
      </trkpt>
      <trkpt lat="54.775770" lon="9.565261">
        <ele>22.387411</ele>
        <time>2021-03-26T14:47:11.000Z</time>
      </trkpt>
      <trkpt lat="54.775877" lon="9.565197">
        <ele>22.393607</ele>
        <time>2021-03-26T14:47:19.000Z</time>
      </trkpt>
      <trkpt lat="54.775903" lon="9.565228">
        <ele>22.395334</ele>
        <time>2021-03-26T14:47:21.000Z</time>
      </trkpt>
      <trkpt lat="54.775936" lon="9.565330">
        <ele>22.399026</ele>
        <time>2021-03-26T14:47:24.000Z</time>
      </trkpt>
      <trkpt lat="54.775999" lon="9.565584">
        <ele>22.407756</ele>
        <time>2021-03-26T14:47:33.000Z</time>
      </trkpt>
      <trkpt lat="54.775991" lon="9.565685">
        <ele>22.410975</ele>
        <time>2021-03-26T14:47:37.000Z</time>
      </trkpt>
      <trkpt lat="54.775995" lon="9.565765">
        <ele>22.413510</ele>
        <time>2021-03-26T14:47:40.000Z</time>
      </trkpt>
      <trkpt lat="54.776003" lon="9.565975">
        <ele>22.450040</ele>
        <time>2021-03-26T14:47:47.000Z</time>
      </trkpt>
      <trkpt lat="54.776003" lon="9.566216">
        <ele>22.495792</ele>
        <time>2021-03-26T14:47:56.000Z</time>
      </trkpt>
      <trkpt lat="54.776002" lon="9.566410">
        <ele>22.532623</ele>
        <time>2021-03-26T14:48:04.000Z</time>
      </trkpt>
      <trkpt lat="54.776000" lon="9.566436">
        <ele>22.537603</ele>
        <time>2021-03-26T14:48:05.000Z</time>
      </trkpt>
      <trkpt lat="54.775984" lon="9.566587">
        <ele>22.566749</ele>
        <time>2021-03-26T14:48:11.000Z</time>
      </trkpt>
      <trkpt lat="54.775952" lon="9.566799">
        <ele>22.608352</ele>
        <time>2021-03-26T14:48:19.000Z</time>
      </trkpt>
      <trkpt lat="54.775954" lon="9.567046">
        <ele>22.655248</ele>
        <time>2021-03-26T14:48:28.000Z</time>
      </trkpt>
      <trkpt lat="54.775957" lon="9.567267">
        <ele>22.697215</ele>
        <time>2021-03-26T14:48:37.000Z</time>
      </trkpt>
      <trkpt lat="54.775973" lon="9.567444">
        <ele>22.731228</ele>
        <time>2021-03-26T14:48:44.000Z</time>
      </trkpt>
      <trkpt lat="54.775980" lon="9.567660">
        <ele>22.772299</ele>
        <time>2021-03-26T14:48:52.000Z</time>
      </trkpt>
      <trkpt lat="54.775966" lon="9.567887">
        <ele>22.815639</ele>
        <time>2021-03-26T14:49:01.000Z</time>
      </trkpt>
      <trkpt lat="54.775965" lon="9.568109">
        <ele>22.857786</ele>
        <time>2021-03-26T14:49:09.000Z</time>
      </trkpt>
      <trkpt lat="54.775967" lon="9.568196">
        <ele>22.874315</ele>
        <time>2021-03-26T14:49:12.000Z</time>
      </trkpt>
      <trkpt lat="54.775968" lon="9.568264">
        <ele>22.887229</ele>
        <time>2021-03-26T14:49:15.000Z</time>
      </trkpt>
      <trkpt lat="54.775957" lon="9.568494">
        <ele>22.931043</ele>
        <time>2021-03-26T14:49:25.000Z</time>
      </trkpt>
      <trkpt lat="54.775965" lon="9.568534">
        <ele>22.939080</ele>
        <time>2021-03-26T14:49:27.000Z</time>
      </trkpt>
      <trkpt lat="54.775975" lon="9.568601">
        <ele>22.952219</ele>
        <time>2021-03-26T14:49:30.000Z</time>
      </trkpt>
      <trkpt lat="54.775949" lon="9.568794">
        <ele>22.989845</ele>
        <time>2021-03-26T14:49:38.000Z</time>
      </trkpt>
      <trkpt lat="54.775939" lon="9.568967">
        <ele>23.016117</ele>
        <time>2021-03-26T14:49:45.000Z</time>
      </trkpt>
      <trkpt lat="54.775944" lon="9.569063">
        <ele>23.027008</ele>
        <time>2021-03-26T14:49:49.000Z</time>
      </trkpt>
      <trkpt lat="54.775966" lon="9.569145">
        <ele>23.037227</ele>
        <time>2021-03-26T14:49:52.000Z</time>
      </trkpt>
      <trkpt lat="54.776028" lon="9.569400">
        <ele>23.068496</ele>
        <time>2021-03-26T14:49:59.000Z</time>
      </trkpt>
      <trkpt lat="54.776069" lon="9.569665">
        <ele>23.099498</ele>
        <time>2021-03-26T14:50:08.000Z</time>
      </trkpt>
      <trkpt lat="54.776074" lon="9.569789">
        <ele>23.113544</ele>
        <time>2021-03-26T14:50:13.000Z</time>
      </trkpt>
      <trkpt lat="54.776081" lon="9.569832">
        <ele>23.118592</ele>
        <time>2021-03-26T14:50:15.000Z</time>
      </trkpt>
      <trkpt lat="54.776112" lon="9.569987">
        <ele>23.137129</ele>
        <time>2021-03-26T14:50:22.000Z</time>
      </trkpt>
      <trkpt lat="54.776136" lon="9.570136">
        <ele>23.154609</ele>
        <time>2021-03-26T14:50:29.000Z</time>
      </trkpt>
      <trkpt lat="54.776152" lon="9.570296">
        <ele>23.172958</ele>
        <time>2021-03-26T14:50:37.000Z</time>
      </trkpt>
      <trkpt lat="54.776164" lon="9.570426">
        <ele>23.187834</ele>
        <time>2021-03-26T14:50:44.000Z</time>
      </trkpt>
      <trkpt lat="54.776174" lon="9.570543">
        <ele>23.201199</ele>
        <time>2021-03-26T14:50:48.000Z</time>
      </trkpt>
      <trkpt lat="54.776174" lon="9.570563">
        <ele>23.203459</ele>
        <time>2021-03-26T14:50:49.000Z</time>
      </trkpt>
      <trkpt lat="54.776170" lon="9.570667">
        <ele>23.215236</ele>
        <time>2021-03-26T14:50:53.000Z</time>
      </trkpt>
      <trkpt lat="54.776173" lon="9.570709">
        <ele>23.220018</ele>
        <time>2021-03-26T14:50:55.000Z</time>
      </trkpt>
      <trkpt lat="54.776178" lon="9.570804">
        <ele>23.230797</ele>
        <time>2021-03-26T14:50:59.000Z</time>
      </trkpt>
      <trkpt lat="54.776180" lon="9.570835">
        <ele>23.234322</ele>
        <time>2021-03-26T14:51:00.000Z</time>
      </trkpt>
      <trkpt lat="54.776158" lon="9.571020">
        <ele>23.255665</ele>
        <time>2021-03-26T14:51:05.000Z</time>
      </trkpt>
      <trkpt lat="54.776158" lon="9.571269">
        <ele>23.283800</ele>
        <time>2021-03-26T14:51:12.000Z</time>
      </trkpt>
      <trkpt lat="54.776141" lon="9.571461">
        <ele>23.305749</ele>
        <time>2021-03-26T14:51:19.000Z</time>
      </trkpt>
      <trkpt lat="54.776138" lon="9.571685">
        <ele>23.331067</ele>
        <time>2021-03-26T14:51:28.000Z</time>
      </trkpt>
      <trkpt lat="54.776146" lon="9.571896">
        <ele>23.354960</ele>
        <time>2021-03-26T14:51:35.000Z</time>
      </trkpt>
      <trkpt lat="54.776118" lon="9.572031">
        <ele>23.428328</ele>
        <time>2021-03-26T14:51:40.000Z</time>
      </trkpt>
      <trkpt lat="54.776117" lon="9.572060">
        <ele>23.446512</ele>
        <time>2021-03-26T14:51:41.000Z</time>
      </trkpt>
      <trkpt lat="54.776082" lon="9.572190">
        <ele>23.536311</ele>
        <time>2021-03-26T14:51:46.000Z</time>
      </trkpt>
      <trkpt lat="54.776079" lon="9.572213">
        <ele>23.551071</ele>
        <time>2021-03-26T14:51:47.000Z</time>
      </trkpt>
      <trkpt lat="54.776088" lon="9.572390">
        <ele>23.662289</ele>
        <time>2021-03-26T14:51:54.000Z</time>
      </trkpt>
      <trkpt lat="54.776094" lon="9.572448">
        <ele>23.699172</ele>
        <time>2021-03-26T14:51:56.000Z</time>
      </trkpt>
      <trkpt lat="54.776077" lon="9.572529">
        <ele>23.753124</ele>
        <time>2021-03-26T14:52:01.000Z</time>
      </trkpt>
      <trkpt lat="54.776079" lon="9.572589">
        <ele>23.790742</ele>
        <time>2021-03-26T14:52:07.000Z</time>
      </trkpt>
      <trkpt lat="54.776111" lon="9.572833">
        <ele>23.947367</ele>
        <time>2021-03-26T14:52:16.000Z</time>
      </trkpt>
      <trkpt lat="54.776137" lon="9.573055">
        <ele>24.089158</ele>
        <time>2021-03-26T14:52:24.000Z</time>
      </trkpt>
      <trkpt lat="54.776164" lon="9.573195">
        <ele>24.181556</ele>
        <time>2021-03-26T14:52:29.000Z</time>
      </trkpt>
      <trkpt lat="54.776173" lon="9.573225">
        <ele>24.202722</ele>
        <time>2021-03-26T14:52:30.000Z</time>
      </trkpt>
      <trkpt lat="54.776190" lon="9.573280">
        <ele>24.241779</ele>
        <time>2021-03-26T14:52:32.000Z</time>
      </trkpt>
      <trkpt lat="54.776201" lon="9.573308">
        <ele>24.262985</ele>
        <time>2021-03-26T14:52:33.000Z</time>
      </trkpt>
      <trkpt lat="54.776210" lon="9.573462">
        <ele>24.359870</ele>
        <time>2021-03-26T14:52:39.000Z</time>
      </trkpt>
      <trkpt lat="54.776224" lon="9.573657">
        <ele>24.482867</ele>
        <time>2021-03-26T14:52:47.000Z</time>
      </trkpt>
      <trkpt lat="54.776208" lon="9.573758">
        <ele>24.548427</ele>
        <time>2021-03-26T14:52:51.000Z</time>
      </trkpt>
      <trkpt lat="54.776193" lon="9.573865">
        <ele>24.617350</ele>
        <time>2021-03-26T14:52:55.000Z</time>
      </trkpt>
      <trkpt lat="54.776153" lon="9.573962">
        <ele>24.691987</ele>
        <time>2021-03-26T14:52:59.000Z</time>
      </trkpt>
      <trkpt lat="54.776124" lon="9.574075">
        <ele>24.769402</ele>
        <time>2021-03-26T14:53:04.000Z</time>
      </trkpt>
      <trkpt lat="54.776095" lon="9.574278">
        <ele>24.900304</ele>
        <time>2021-03-26T14:53:12.000Z</time>
      </trkpt>
      <trkpt lat="54.776107" lon="9.574528">
        <ele>25.057326</ele>
        <time>2021-03-26T14:53:21.000Z</time>
      </trkpt>
      <trkpt lat="54.776097" lon="9.574553">
        <ele>25.076369</ele>
        <time>2021-03-26T14:53:22.000Z</time>
      </trkpt>
      <trkpt lat="54.776091" lon="9.574577">
        <ele>25.092742</ele>
        <time>2021-03-26T14:53:23.000Z</time>
      </trkpt>
      <trkpt lat="54.776130" lon="9.574738">
        <ele>25.202043</ele>
        <time>2021-03-26T14:53:29.000Z</time>
      </trkpt>
      <trkpt lat="54.776169" lon="9.574926">
        <ele>25.306951</ele>
        <time>2021-03-26T14:53:36.000Z</time>
      </trkpt>
      <trkpt lat="54.776166" lon="9.574951">
        <ele>25.303532</ele>
        <time>2021-03-26T14:53:37.000Z</time>
      </trkpt>
      <trkpt lat="54.776175" lon="9.575082">
        <ele>25.285871</ele>
        <time>2021-03-26T14:53:42.000Z</time>
      </trkpt>
      <trkpt lat="54.776178" lon="9.575156">
        <ele>25.275939</ele>
        <time>2021-03-26T14:53:45.000Z</time>
      </trkpt>
      <trkpt lat="54.776182" lon="9.575385">
        <ele>25.245268</ele>
        <time>2021-03-26T14:53:54.000Z</time>
      </trkpt>
      <trkpt lat="54.776246" lon="9.575570">
        <ele>25.216388</ele>
        <time>2021-03-26T14:54:03.000Z</time>
      </trkpt>
      <trkpt lat="54.776250" lon="9.575573">
        <ele>25.215376</ele>
        <time>2021-03-26T14:54:04.000Z</time>
      </trkpt>
      <trkpt lat="54.776313" lon="9.575601">
        <ele>25.200281</ele>
        <time>2021-03-26T14:54:09.000Z</time>
      </trkpt>
      <trkpt lat="54.776355" lon="9.575596">
        <ele>25.190509</ele>
        <time>2021-03-26T14:54:12.000Z</time>
      </trkpt>
      <trkpt lat="54.776382" lon="9.575589">
        <ele>25.184172</ele>
        <time>2021-03-26T14:54:14.000Z</time>
      </trkpt>
      <trkpt lat="54.776480" lon="9.575594">
        <ele>25.161416</ele>
        <time>2021-03-26T14:54:20.000Z</time>
      </trkpt>
      <trkpt lat="54.776626" lon="9.575588">
        <ele>25.127518</ele>
        <time>2021-03-26T14:54:29.000Z</time>
      </trkpt>
      <trkpt lat="54.776737" lon="9.575575">
        <ele>25.101695</ele>
        <time>2021-03-26T14:54:36.000Z</time>
      </trkpt>
      <trkpt lat="54.776785" lon="9.575569">
        <ele>25.090525</ele>
        <time>2021-03-26T14:54:39.000Z</time>
      </trkpt>
      <trkpt lat="54.776859" lon="9.575592">
        <ele>25.073075</ele>
        <time>2021-03-26T14:54:43.000Z</time>
      </trkpt>
      <trkpt lat="54.776961" lon="9.575579">
        <ele>25.049336</ele>
        <time>2021-03-26T14:54:50.000Z</time>
      </trkpt>
      <trkpt lat="54.777060" lon="9.575575">
        <ele>25.026351</ele>
        <time>2021-03-26T14:54:58.000Z</time>
      </trkpt>
      <trkpt lat="54.777175" lon="9.575553">
        <ele>24.999496</ele>
        <time>2021-03-26T14:55:05.000Z</time>
      </trkpt>
      <trkpt lat="54.777249" lon="9.575543">
        <ele>24.982268</ele>
        <time>2021-03-26T14:55:09.000Z</time>
      </trkpt>
      <trkpt lat="54.777339" lon="9.575537">
        <ele>24.961362</ele>
        <time>2021-03-26T14:55:15.000Z</time>
      </trkpt>
      <trkpt lat="54.777485" lon="9.575539">
        <ele>24.927473</ele>
        <time>2021-03-26T14:55:24.000Z</time>
      </trkpt>
      <trkpt lat="54.777538" lon="9.575549">
        <ele>24.915099</ele>
        <time>2021-03-26T14:55:27.000Z</time>
      </trkpt>
      <trkpt lat="54.777652" lon="9.575551">
        <ele>24.951847</ele>
        <time>2021-03-26T14:55:34.000Z</time>
      </trkpt>
      <trkpt lat="54.777792" lon="9.575567">
        <ele>25.389258</ele>
        <time>2021-03-26T14:55:42.000Z</time>
      </trkpt>
      <trkpt lat="54.777922" lon="9.575571">
        <ele>25.794610</ele>
        <time>2021-03-26T14:55:50.000Z</time>
      </trkpt>
      <trkpt lat="54.777975" lon="9.575582">
        <ele>25.961023</ele>
        <time>2021-03-26T14:55:54.000Z</time>
      </trkpt>
      <trkpt lat="54.778057" lon="9.575576">
        <ele>26.216894</ele>
        <time>2021-03-26T14:56:00.000Z</time>
      </trkpt>
      <trkpt lat="54.778167" lon="9.575579">
        <ele>26.559872</ele>
        <time>2021-03-26T14:56:08.000Z</time>
      </trkpt>
      <trkpt lat="54.778290" lon="9.575573">
        <ele>26.943489</ele>
        <time>2021-03-26T14:56:16.000Z</time>
      </trkpt>
      <trkpt lat="54.778320" lon="9.575563">
        <ele>27.038730</ele>
        <time>2021-03-26T14:56:18.000Z</time>
      </trkpt>
      <trkpt lat="54.778395" lon="9.575571">
        <ele>27.272992</ele>
        <time>2021-03-26T14:56:24.000Z</time>
      </trkpt>
      <trkpt lat="54.778409" lon="9.575571">
        <ele>27.316638</ele>
        <time>2021-03-26T14:56:25.000Z</time>
      </trkpt>
      <trkpt lat="54.778541" lon="9.575587">
        <ele>27.729166</ele>
        <time>2021-03-26T14:56:35.000Z</time>
      </trkpt>
      <trkpt lat="54.778576" lon="9.575592">
        <ele>27.838652</ele>
        <time>2021-03-26T14:56:38.000Z</time>
      </trkpt>
      <trkpt lat="54.778652" lon="9.575606">
        <ele>28.076923</ele>
        <time>2021-03-26T14:56:43.000Z</time>
      </trkpt>
      <trkpt lat="54.778677" lon="9.575610">
        <ele>28.155195</ele>
        <time>2021-03-26T14:56:45.000Z</time>
      </trkpt>
      <trkpt lat="54.778691" lon="9.575612">
        <ele>28.198989</ele>
        <time>2021-03-26T14:56:46.000Z</time>
      </trkpt>
      <trkpt lat="54.778777" lon="9.575593">
        <ele>28.469270</ele>
        <time>2021-03-26T14:56:51.000Z</time>
      </trkpt>
      <trkpt lat="54.778813" lon="9.575595">
        <ele>28.581562</ele>
        <time>2021-03-26T14:56:53.000Z</time>
      </trkpt>
      <trkpt lat="54.778879" lon="9.575595">
        <ele>28.787323</ele>
        <time>2021-03-26T14:56:57.000Z</time>
      </trkpt>
      <trkpt lat="54.778973" lon="9.575590">
        <ele>29.080516</ele>
        <time>2021-03-26T14:57:03.000Z</time>
      </trkpt>
      <trkpt lat="54.779022" lon="9.575591">
        <ele>29.233289</ele>
        <time>2021-03-26T14:57:07.000Z</time>
      </trkpt>
      <trkpt lat="54.779145" lon="9.575560">
        <ele>29.620784</ele>
        <time>2021-03-26T14:57:16.000Z</time>
      </trkpt>
      <trkpt lat="54.779268" lon="9.575563">
        <ele>30.004287</ele>
        <time>2021-03-26T14:57:24.000Z</time>
      </trkpt>
      <trkpt lat="54.779399" lon="9.575574">
        <ele>30.413171</ele>
        <time>2021-03-26T14:57:31.000Z</time>
      </trkpt>
      <trkpt lat="54.779524" lon="9.575561">
        <ele>30.601260</ele>
        <time>2021-03-26T14:57:40.000Z</time>
      </trkpt>
      <trkpt lat="54.779654" lon="9.575542">
        <ele>30.736508</ele>
        <time>2021-03-26T14:57:48.000Z</time>
      </trkpt>
      <trkpt lat="54.779788" lon="9.575527">
        <ele>30.875713</ele>
        <time>2021-03-26T14:57:56.000Z</time>
      </trkpt>
      <trkpt lat="54.779876" lon="9.575538">
        <ele>30.967178</ele>
        <time>2021-03-26T14:58:02.000Z</time>
      </trkpt>
      <trkpt lat="54.779890" lon="9.575557">
        <ele>30.985609</ele>
        <time>2021-03-26T14:58:03.000Z</time>
      </trkpt>
      <trkpt lat="54.779974" lon="9.575710">
        <ele>31.111905</ele>
        <time>2021-03-26T14:58:10.000Z</time>
      </trkpt>
      <trkpt lat="54.779997" lon="9.575725">
        <ele>31.137380</ele>
        <time>2021-03-26T14:58:11.000Z</time>
      </trkpt>
      <trkpt lat="54.780044" lon="9.575827">
        <ele>31.215438</ele>
        <time>2021-03-26T14:58:16.000Z</time>
      </trkpt>
      <trkpt lat="54.780049" lon="9.575962">
        <ele>31.296317</ele>
        <time>2021-03-26T14:58:22.000Z</time>
      </trkpt>
      <trkpt lat="54.780056" lon="9.576016">
        <ele>31.329408</ele>
        <time>2021-03-26T14:58:24.000Z</time>
      </trkpt>
      <trkpt lat="54.780106" lon="9.576131">
        <ele>31.415513</ele>
        <time>2021-03-26T14:58:29.000Z</time>
      </trkpt>
      <trkpt lat="54.780119" lon="9.576179">
        <ele>31.447218</ele>
        <time>2021-03-26T14:58:31.000Z</time>
      </trkpt>
      <trkpt lat="54.780138" lon="9.576306">
        <ele>31.525661</ele>
        <time>2021-03-26T14:58:36.000Z</time>
      </trkpt>
      <trkpt lat="54.780213" lon="9.576415">
        <ele>31.627112</ele>
        <time>2021-03-26T14:58:42.000Z</time>
      </trkpt>
      <trkpt lat="54.780221" lon="9.576437">
        <ele>31.642661</ele>
        <time>2021-03-26T14:58:43.000Z</time>
      </trkpt>
      <trkpt lat="54.780252" lon="9.576654">
        <ele>31.776320</ele>
        <time>2021-03-26T14:58:51.000Z</time>
      </trkpt>
      <trkpt lat="54.780262" lon="9.576811">
        <ele>31.870757</ele>
        <time>2021-03-26T14:58:56.000Z</time>
      </trkpt>
      <trkpt lat="54.780270" lon="9.576841">
        <ele>31.890518</ele>
        <time>2021-03-26T14:58:57.000Z</time>
      </trkpt>
      <trkpt lat="54.780294" lon="9.576974">
        <ele>31.973836</ele>
        <time>2021-03-26T14:59:02.000Z</time>
      </trkpt>
      <trkpt lat="54.780292" lon="9.577058">
        <ele>32.024100</ele>
        <time>2021-03-26T14:59:05.000Z</time>
      </trkpt>
      <trkpt lat="54.780342" lon="9.577276">
        <ele>32.164365</ele>
        <time>2021-03-26T14:59:13.000Z</time>
      </trkpt>
      <trkpt lat="54.780367" lon="9.577351">
        <ele>32.216156</ele>
        <time>2021-03-26T14:59:16.000Z</time>
      </trkpt>
      <trkpt lat="54.780385" lon="9.577390">
        <ele>32.246021</ele>
        <time>2021-03-26T14:59:18.000Z</time>
      </trkpt>
      <trkpt lat="54.780398" lon="9.577438">
        <ele>32.277726</ele>
        <time>2021-03-26T14:59:21.000Z</time>
      </trkpt>
      <trkpt lat="54.780401" lon="9.577508">
        <ele>32.319692</ele>
        <time>2021-03-26T14:59:25.000Z</time>
      </trkpt>
      <trkpt lat="54.780397" lon="9.577604">
        <ele>32.364716</ele>
        <time>2021-03-26T14:59:28.000Z</time>
      </trkpt>
      <trkpt lat="54.780382" lon="9.577746">
        <ele>32.361979</ele>
        <time>2021-03-26T14:59:33.000Z</time>
      </trkpt>
      <trkpt lat="54.780383" lon="9.577802">
        <ele>32.360917</ele>
        <time>2021-03-26T14:59:35.000Z</time>
      </trkpt>
      <trkpt lat="54.780395" lon="9.577879">
        <ele>32.359405</ele>
        <time>2021-03-26T14:59:38.000Z</time>
      </trkpt>
      <trkpt lat="54.780455" lon="9.577952">
        <ele>32.356996</ele>
        <time>2021-03-26T14:59:42.000Z</time>
      </trkpt>
      <trkpt lat="54.780466" lon="9.577960">
        <ele>32.356604</ele>
        <time>2021-03-26T14:59:44.000Z</time>
      </trkpt>
      <trkpt lat="54.780479" lon="9.577948">
        <ele>32.356120</ele>
        <time>2021-03-26T14:59:47.000Z</time>
      </trkpt>
      <trkpt lat="54.780480" lon="9.577946">
        <ele>32.356070</ele>
        <time>2021-03-26T14:59:48.000Z</time>
      </trkpt>
      <trkpt lat="54.780524" lon="9.577992">
        <ele>32.354381</ele>
        <time>2021-03-26T14:59:54.000Z</time>
      </trkpt>
      <trkpt lat="54.780551" lon="9.578014">
        <ele>32.353400</ele>
        <time>2021-03-26T14:59:56.000Z</time>
      </trkpt>
      <trkpt lat="54.780596" lon="9.578006">
        <ele>32.351913</ele>
        <time>2021-03-26T14:59:59.000Z</time>
      </trkpt>
      <trkpt lat="54.780689" lon="9.577994">
        <ele>32.348848</ele>
        <time>2021-03-26T15:00:05.000Z</time>
      </trkpt>
      <trkpt lat="54.780772" lon="9.577981">
        <ele>32.346109</ele>
        <time>2021-03-26T15:00:12.000Z</time>
      </trkpt>
      <trkpt lat="54.780817" lon="9.578139">
        <ele>32.342769</ele>
        <time>2021-03-26T15:00:18.000Z</time>
      </trkpt>
      <trkpt lat="54.780926" lon="9.578396">
        <ele>32.336721</ele>
        <time>2021-03-26T15:00:26.000Z</time>
      </trkpt>
      <trkpt lat="54.780937" lon="9.578450">
        <ele>32.335636</ele>
        <time>2021-03-26T15:00:28.000Z</time>
      </trkpt>
      <trkpt lat="54.780952" lon="9.578542">
        <ele>32.333823</ele>
        <time>2021-03-26T15:00:32.000Z</time>
      </trkpt>
      <trkpt lat="54.780963" lon="9.578599">
        <ele>32.332684</ele>
        <time>2021-03-26T15:00:34.000Z</time>
      </trkpt>
      <trkpt lat="54.780988" lon="9.578753">
        <ele>32.329651</ele>
        <time>2021-03-26T15:00:40.000Z</time>
      </trkpt>
      <trkpt lat="54.780990" lon="9.578809">
        <ele>32.328588</ele>
        <time>2021-03-26T15:00:42.000Z</time>
      </trkpt>
      <trkpt lat="54.780997" lon="9.578900">
        <ele>32.326848</ele>
        <time>2021-03-26T15:00:45.000Z</time>
      </trkpt>
      <trkpt lat="54.781003" lon="9.578978">
        <ele>32.325356</ele>
        <time>2021-03-26T15:00:48.000Z</time>
      </trkpt>
      <trkpt lat="54.781000" lon="9.579003">
        <ele>32.324872</ele>
        <time>2021-03-26T15:00:49.000Z</time>
      </trkpt>
      <trkpt lat="54.780972" lon="9.579163">
        <ele>32.321702</ele>
        <time>2021-03-26T15:00:55.000Z</time>
      </trkpt>
      <trkpt lat="54.780964" lon="9.579190">
        <ele>32.321127</ele>
        <time>2021-03-26T15:00:56.000Z</time>
      </trkpt>
      <trkpt lat="54.780941" lon="9.579226">
        <ele>32.320109</ele>
        <time>2021-03-26T15:00:58.000Z</time>
      </trkpt>
      <trkpt lat="54.780910" lon="9.579286">
        <ele>32.318581</ele>
        <time>2021-03-26T15:01:01.000Z</time>
      </trkpt>
      <trkpt lat="54.780899" lon="9.579300">
        <ele>32.318133</ele>
        <time>2021-03-26T15:01:02.000Z</time>
      </trkpt>
      <trkpt lat="54.780889" lon="9.579328">
        <ele>32.317509</ele>
        <time>2021-03-26T15:01:03.000Z</time>
      </trkpt>
      <trkpt lat="54.780863" lon="9.579401">
        <ele>32.315882</ele>
        <time>2021-03-26T15:01:06.000Z</time>
      </trkpt>
      <trkpt lat="54.780853" lon="9.579425">
        <ele>32.315321</ele>
        <time>2021-03-26T15:01:07.000Z</time>
      </trkpt>
      <trkpt lat="54.780822" lon="9.579477">
        <ele>32.313903</ele>
        <time>2021-03-26T15:01:10.000Z</time>
      </trkpt>
      <trkpt lat="54.780777" lon="9.579514">
        <ele>32.312266</ele>
        <time>2021-03-26T15:01:14.000Z</time>
      </trkpt>
      <trkpt lat="54.780765" lon="9.579540">
        <ele>32.311635</ele>
        <time>2021-03-26T15:01:15.000Z</time>
      </trkpt>
      <trkpt lat="54.780694" lon="9.579667">
        <ele>32.308282</ele>
        <time>2021-03-26T15:01:22.000Z</time>
      </trkpt>
      <trkpt lat="54.780606" lon="9.579773">
        <ele>32.289450</ele>
        <time>2021-03-26T15:01:28.000Z</time>
      </trkpt>
      <trkpt lat="54.780594" lon="9.579787">
        <ele>32.283010</ele>
        <time>2021-03-26T15:01:29.000Z</time>
      </trkpt>
      <trkpt lat="54.780527" lon="9.579867">
        <ele>32.246786</ele>
        <time>2021-03-26T15:01:35.000Z</time>
      </trkpt>
      <trkpt lat="54.780491" lon="9.579939">
        <ele>32.222315</ele>
        <time>2021-03-26T15:01:40.000Z</time>
      </trkpt>
      <trkpt lat="54.780489" lon="9.579948">
        <ele>32.219838</ele>
        <time>2021-03-26T15:01:42.000Z</time>
      </trkpt>
      <trkpt lat="54.780489" lon="9.579956">
        <ele>32.217784</ele>
        <time>2021-03-26T15:01:43.000Z</time>
      </trkpt>
      <trkpt lat="54.780475" lon="9.580001">
        <ele>32.204653</ele>
        <time>2021-03-26T15:01:45.000Z</time>
      </trkpt>
      <trkpt lat="54.780466" lon="9.580024">
        <ele>32.197515</ele>
        <time>2021-03-26T15:01:46.000Z</time>
      </trkpt>
      <trkpt lat="54.780443" lon="9.580090">
        <ele>32.177712</ele>
        <time>2021-03-26T15:01:48.000Z</time>
      </trkpt>
      <trkpt lat="54.780387" lon="9.580243">
        <ele>32.131176</ele>
        <time>2021-03-26T15:01:54.000Z</time>
      </trkpt>
      <trkpt lat="54.780337" lon="9.580414">
        <ele>32.081941</ele>
        <time>2021-03-26T15:02:00.000Z</time>
      </trkpt>
      <trkpt lat="54.780310" lon="9.580541">
        <ele>32.047182</ele>
        <time>2021-03-26T15:02:06.000Z</time>
      </trkpt>
      <trkpt lat="54.780255" lon="9.580703">
        <ele>31.998906</ele>
        <time>2021-03-26T15:02:12.000Z</time>
      </trkpt>
      <trkpt lat="54.780229" lon="9.580797">
        <ele>31.972133</ele>
        <time>2021-03-26T15:02:17.000Z</time>
      </trkpt>
      <trkpt lat="54.780224" lon="9.580806">
        <ele>31.968924</ele>
        <time>2021-03-26T15:02:18.000Z</time>
      </trkpt>
      <trkpt lat="54.780176" lon="9.580904">
        <ele>31.935906</ele>
        <time>2021-03-26T15:02:23.000Z</time>
      </trkpt>
      <trkpt lat="54.780169" lon="9.580917">
        <ele>31.931338</ele>
        <time>2021-03-26T15:02:24.000Z</time>
      </trkpt>
      <trkpt lat="54.780119" lon="9.581032">
        <ele>31.894354</ele>
        <time>2021-03-26T15:02:31.000Z</time>
      </trkpt>
      <trkpt lat="54.780044" lon="9.581161">
        <ele>31.847313</ele>
        <time>2021-03-26T15:02:38.000Z</time>
      </trkpt>
      <trkpt lat="54.780017" lon="9.581223">
        <ele>31.827362</ele>
        <time>2021-03-26T15:02:41.000Z</time>
      </trkpt>
      <trkpt lat="54.779967" lon="9.581332">
        <ele>31.791595</ele>
        <time>2021-03-26T15:02:45.000Z</time>
      </trkpt>
      <trkpt lat="54.779944" lon="9.581376">
        <ele>31.776345</ele>
        <time>2021-03-26T15:02:47.000Z</time>
      </trkpt>
      <trkpt lat="54.779877" lon="9.581529">
        <ele>31.727010</ele>
        <time>2021-03-26T15:02:52.000Z</time>
      </trkpt>
      <trkpt lat="54.779804" lon="9.581690">
        <ele>31.674416</ele>
        <time>2021-03-26T15:02:59.000Z</time>
      </trkpt>
      <trkpt lat="54.779746" lon="9.581812">
        <ele>31.633813</ele>
        <time>2021-03-26T15:03:06.000Z</time>
      </trkpt>
      <trkpt lat="54.779689" lon="9.581922">
        <ele>31.595836</ele>
        <time>2021-03-26T15:03:12.000Z</time>
      </trkpt>
      <trkpt lat="54.779653" lon="9.581999">
        <ele>31.570381</ele>
        <time>2021-03-26T15:03:16.000Z</time>
      </trkpt>
      <trkpt lat="54.779635" lon="9.582030">
        <ele>31.559084</ele>
        <time>2021-03-26T15:03:19.000Z</time>
      </trkpt>
      <trkpt lat="54.779626" lon="9.582056">
        <ele>31.551296</ele>
        <time>2021-03-26T15:03:21.000Z</time>
      </trkpt>
      <trkpt lat="54.779617" lon="9.582069">
        <ele>31.546080</ele>
        <time>2021-03-26T15:03:22.000Z</time>
      </trkpt>
      <trkpt lat="54.779596" lon="9.582138">
        <ele>31.526044</ele>
        <time>2021-03-26T15:03:26.000Z</time>
      </trkpt>
      <trkpt lat="54.779559" lon="9.582216">
        <ele>31.497744</ele>
        <time>2021-03-26T15:03:30.000Z</time>
      </trkpt>
      <trkpt lat="54.779542" lon="9.582234">
        <ele>31.484643</ele>
        <time>2021-03-26T15:03:31.000Z</time>
      </trkpt>
      <trkpt lat="54.779528" lon="9.582256">
        <ele>31.472216</ele>
        <time>2021-03-26T15:03:32.000Z</time>
      </trkpt>
      <trkpt lat="54.779460" lon="9.582412">
        <ele>31.398041</ele>
        <time>2021-03-26T15:03:38.000Z</time>
      </trkpt>
      <trkpt lat="54.779416" lon="9.582523">
        <ele>31.346949</ele>
        <time>2021-03-26T15:03:42.000Z</time>
      </trkpt>
      <trkpt lat="54.779393" lon="9.582597">
        <ele>31.315062</ele>
        <time>2021-03-26T15:03:44.000Z</time>
      </trkpt>
      <trkpt lat="54.779348" lon="9.582781">
        <ele>31.239250</ele>
        <time>2021-03-26T15:03:49.000Z</time>
      </trkpt>
      <trkpt lat="54.779343" lon="9.582814">
        <ele>31.226307</ele>
        <time>2021-03-26T15:03:50.000Z</time>
      </trkpt>
      <trkpt lat="54.779282" lon="9.582958">
        <ele>31.158533</ele>
        <time>2021-03-26T15:03:57.000Z</time>
      </trkpt>
      <trkpt lat="54.779214" lon="9.583124">
        <ele>31.081297</ele>
        <time>2021-03-26T15:04:04.000Z</time>
      </trkpt>
      <trkpt lat="54.779204" lon="9.583144">
        <ele>31.071257</ele>
        <time>2021-03-26T15:04:05.000Z</time>
      </trkpt>
      <trkpt lat="54.779168" lon="9.583206">
        <ele>31.037884</ele>
        <time>2021-03-26T15:04:10.000Z</time>
      </trkpt>
      <trkpt lat="54.779163" lon="9.583217">
        <ele>31.032571</ele>
        <time>2021-03-26T15:04:12.000Z</time>
      </trkpt>
      <trkpt lat="54.779159" lon="9.583327">
        <ele>30.990762</ele>
        <time>2021-03-26T15:04:16.000Z</time>
      </trkpt>
      <trkpt lat="54.779147" lon="9.583413">
        <ele>30.957199</ele>
        <time>2021-03-26T15:04:21.000Z</time>
      </trkpt>
      <trkpt lat="54.779124" lon="9.583470">
        <ele>30.930810</ele>
        <time>2021-03-26T15:04:24.000Z</time>
      </trkpt>
      <trkpt lat="54.779078" lon="9.583588">
        <ele>30.876783</ele>
        <time>2021-03-26T15:04:27.000Z</time>
      </trkpt>
      <trkpt lat="54.779012" lon="9.583699">
        <ele>30.816308</ele>
        <time>2021-03-26T15:04:32.000Z</time>
      </trkpt>
      <trkpt lat="54.778997" lon="9.583722">
        <ele>30.803138</ele>
        <time>2021-03-26T15:04:33.000Z</time>
      </trkpt>
      <trkpt lat="54.778917" lon="9.583795">
        <ele>30.743678</ele>
        <time>2021-03-26T15:04:39.000Z</time>
      </trkpt>
      <trkpt lat="54.778867" lon="9.583858">
        <ele>30.703026</ele>
        <time>2021-03-26T15:04:43.000Z</time>
      </trkpt>
      <trkpt lat="54.778854" lon="9.583876">
        <ele>30.692084</ele>
        <time>2021-03-26T15:04:44.000Z</time>
      </trkpt>
      <trkpt lat="54.778841" lon="9.583885">
        <ele>30.682877</ele>
        <time>2021-03-26T15:04:45.000Z</time>
      </trkpt>
      <trkpt lat="54.778822" lon="9.583897">
        <ele>30.669577</ele>
        <time>2021-03-26T15:04:47.000Z</time>
      </trkpt>
      <trkpt lat="54.778794" lon="9.583924">
        <ele>30.648505</ele>
        <time>2021-03-26T15:04:50.000Z</time>
      </trkpt>
      <trkpt lat="54.778781" lon="9.583933">
        <ele>30.639298</ele>
        <time>2021-03-26T15:04:51.000Z</time>
      </trkpt>
      <trkpt lat="54.778769" lon="9.583945">
        <ele>30.630187</ele>
        <time>2021-03-26T15:04:52.000Z</time>
      </trkpt>
      <trkpt lat="54.778761" lon="9.583958">
        <ele>30.622975</ele>
        <time>2021-03-26T15:04:53.000Z</time>
      </trkpt>
      <trkpt lat="54.778754" lon="9.583964">
        <ele>30.617840</ele>
        <time>2021-03-26T15:04:54.000Z</time>
      </trkpt>
      <trkpt lat="54.778712" lon="9.583993">
        <ele>30.588105</ele>
        <time>2021-03-26T15:04:58.000Z</time>
      </trkpt>
      <trkpt lat="54.778683" lon="9.584015">
        <ele>30.567286</ele>
        <time>2021-03-26T15:05:00.000Z</time>
      </trkpt>
      <trkpt lat="54.778671" lon="9.584023">
        <ele>30.558830</ele>
        <time>2021-03-26T15:05:01.000Z</time>
      </trkpt>
      <trkpt lat="54.778646" lon="9.584052">
        <ele>30.539046</ele>
        <time>2021-03-26T15:05:04.000Z</time>
      </trkpt>
      <trkpt lat="54.778597" lon="9.584135">
        <ele>30.493991</ele>
        <time>2021-03-26T15:05:09.000Z</time>
      </trkpt>
      <trkpt lat="54.778583" lon="9.584151">
        <ele>30.482963</ele>
        <time>2021-03-26T15:05:10.000Z</time>
      </trkpt>
      <trkpt lat="54.778548" lon="9.584205">
        <ele>30.452149</ele>
        <time>2021-03-26T15:05:13.000Z</time>
      </trkpt>
      <trkpt lat="54.778537" lon="9.584240">
        <ele>30.437029</ele>
        <time>2021-03-26T15:05:14.000Z</time>
      </trkpt>
      <trkpt lat="54.778527" lon="9.584262">
        <ele>30.426403</ele>
        <time>2021-03-26T15:05:15.000Z</time>
      </trkpt>
      <trkpt lat="54.778517" lon="9.584271">
        <ele>30.418992</ele>
        <time>2021-03-26T15:05:16.000Z</time>
      </trkpt>
      <trkpt lat="54.778506" lon="9.584283">
        <ele>30.410445</ele>
        <time>2021-03-26T15:05:17.000Z</time>
      </trkpt>
      <trkpt lat="54.778469" lon="9.584375">
        <ele>30.367899</ele>
        <time>2021-03-26T15:05:22.000Z</time>
      </trkpt>
      <trkpt lat="54.778461" lon="9.584405">
        <ele>30.355361</ele>
        <time>2021-03-26T15:05:23.000Z</time>
      </trkpt>
      <trkpt lat="54.778414" lon="9.584625">
        <ele>30.408388</ele>
        <time>2021-03-26T15:05:31.000Z</time>
      </trkpt>
      <trkpt lat="54.778394" lon="9.584716">
        <ele>30.465655</ele>
        <time>2021-03-26T15:05:36.000Z</time>
      </trkpt>
      <trkpt lat="54.778385" lon="9.584766">
        <ele>30.496456</ele>
        <time>2021-03-26T15:05:38.000Z</time>
      </trkpt>
      <trkpt lat="54.778346" lon="9.584995">
        <ele>30.636868</ele>
        <time>2021-03-26T15:05:46.000Z</time>
      </trkpt>
      <trkpt lat="54.778340" lon="9.585017">
        <ele>30.651179</ele>
        <time>2021-03-26T15:05:47.000Z</time>
      </trkpt>
      <trkpt lat="54.778319" lon="9.585170">
        <ele>30.743663</ele>
        <time>2021-03-26T15:05:53.000Z</time>
      </trkpt>
      <trkpt lat="54.778238" lon="9.585250">
        <ele>30.838711</ele>
        <time>2021-03-26T15:06:00.000Z</time>
      </trkpt>
      <trkpt lat="54.778225" lon="9.585269">
        <ele>30.856047</ele>
        <time>2021-03-26T15:06:01.000Z</time>
      </trkpt>
      <trkpt lat="54.778118" lon="9.585442">
        <ele>31.005218</ele>
        <time>2021-03-26T15:06:10.000Z</time>
      </trkpt>
      <trkpt lat="54.778022" lon="9.585599">
        <ele>31.139772</ele>
        <time>2021-03-26T15:06:18.000Z</time>
      </trkpt>
      <trkpt lat="54.777993" lon="9.585638">
        <ele>31.177193</ele>
        <time>2021-03-26T15:06:21.000Z</time>
      </trkpt>
      <trkpt lat="54.777937" lon="9.585703">
        <ele>31.245904</ele>
        <time>2021-03-26T15:06:26.000Z</time>
      </trkpt>
      <trkpt lat="54.777852" lon="9.585841">
        <ele>31.364634</ele>
        <time>2021-03-26T15:06:34.000Z</time>
      </trkpt>
      <trkpt lat="54.777782" lon="9.586003">
        <ele>31.483670</ele>
        <time>2021-03-26T15:06:41.000Z</time>
      </trkpt>
      <trkpt lat="54.777738" lon="9.586125">
        <ele>31.568286</ele>
        <time>2021-03-26T15:06:46.000Z</time>
      </trkpt>
      <trkpt lat="54.777729" lon="9.586145">
        <ele>31.583203</ele>
        <time>2021-03-26T15:06:47.000Z</time>
      </trkpt>
      <trkpt lat="54.777652" lon="9.586261">
        <ele>31.687209</ele>
        <time>2021-03-26T15:06:54.000Z</time>
      </trkpt>
      <trkpt lat="54.777635" lon="9.586304">
        <ele>31.717866</ele>
        <time>2021-03-26T15:06:56.000Z</time>
      </trkpt>
      <trkpt lat="54.777590" lon="9.586407">
        <ele>31.793853</ele>
        <time>2021-03-26T15:07:01.000Z</time>
      </trkpt>
      <trkpt lat="54.777533" lon="9.586513">
        <ele>31.879077</ele>
        <time>2021-03-26T15:07:07.000Z</time>
      </trkpt>
      <trkpt lat="54.777503" lon="9.586572">
        <ele>31.925332</ele>
        <time>2021-03-26T15:07:10.000Z</time>
      </trkpt>
      <trkpt lat="54.777485" lon="9.586617">
        <ele>31.957536</ele>
        <time>2021-03-26T15:07:12.000Z</time>
      </trkpt>
      <trkpt lat="54.777412" lon="9.586793">
        <ele>32.085020</ele>
        <time>2021-03-26T15:07:20.000Z</time>
      </trkpt>
      <trkpt lat="54.777393" lon="9.586872">
        <ele>32.135354</ele>
        <time>2021-03-26T15:07:22.000Z</time>
      </trkpt>
      <trkpt lat="54.777379" lon="9.586986">
        <ele>32.102564</ele>
        <time>2021-03-26T15:07:26.000Z</time>
      </trkpt>
      <trkpt lat="54.777389" lon="9.587044">
        <ele>32.062892</ele>
        <time>2021-03-26T15:07:29.000Z</time>
      </trkpt>
      <trkpt lat="54.777386" lon="9.587073">
        <ele>32.043583</ele>
        <time>2021-03-26T15:07:32.000Z</time>
      </trkpt>
      <trkpt lat="54.777380" lon="9.587106">
        <ele>32.020907</ele>
        <time>2021-03-26T15:07:33.000Z</time>
      </trkpt>
      <trkpt lat="54.777392" lon="9.587203">
        <ele>31.955892</ele>
        <time>2021-03-26T15:07:39.000Z</time>
      </trkpt>
      <trkpt lat="54.777403" lon="9.587226">
        <ele>31.936311</ele>
        <time>2021-03-26T15:07:40.000Z</time>
      </trkpt>
      <trkpt lat="54.777418" lon="9.587284">
        <ele>31.894654</ele>
        <time>2021-03-26T15:07:43.000Z</time>
      </trkpt>
      <trkpt lat="54.777430" lon="9.587335">
        <ele>31.858557</ele>
        <time>2021-03-26T15:07:45.000Z</time>
      </trkpt>
      <trkpt lat="54.777445" lon="9.587436">
        <ele>31.790207</ele>
        <time>2021-03-26T15:07:48.000Z</time>
      </trkpt>
      <trkpt lat="54.777451" lon="9.587480">
        <ele>31.760577</ele>
        <time>2021-03-26T15:07:50.000Z</time>
      </trkpt>
      <trkpt lat="54.777460" lon="9.587587">
        <ele>31.689712</ele>
        <time>2021-03-26T15:07:54.000Z</time>
      </trkpt>
      <trkpt lat="54.777468" lon="9.587634">
        <ele>31.657597</ele>
        <time>2021-03-26T15:07:56.000Z</time>
      </trkpt>
      <trkpt lat="54.777496" lon="9.587783">
        <ele>31.554898</ele>
        <time>2021-03-26T15:08:02.000Z</time>
      </trkpt>
      <trkpt lat="54.777501" lon="9.587805">
        <ele>31.539401</ele>
        <time>2021-03-26T15:08:03.000Z</time>
      </trkpt>
      <trkpt lat="54.777524" lon="9.587945">
        <ele>31.444002</ele>
        <time>2021-03-26T15:08:07.000Z</time>
      </trkpt>
      <trkpt lat="54.777528" lon="9.587979">
        <ele>31.421262</ele>
        <time>2021-03-26T15:08:09.000Z</time>
      </trkpt>
      <trkpt lat="54.777530" lon="9.587990">
        <ele>31.413703</ele>
        <time>2021-03-26T15:08:10.000Z</time>
      </trkpt>
      <trkpt lat="54.777551" lon="9.588102">
        <ele>31.336522</ele>
        <time>2021-03-26T15:08:15.000Z</time>
      </trkpt>
      <trkpt lat="54.777562" lon="9.588146">
        <ele>31.305095</ele>
        <time>2021-03-26T15:08:17.000Z</time>
      </trkpt>
      <trkpt lat="54.777569" lon="9.588169">
        <ele>31.288052</ele>
        <time>2021-03-26T15:08:18.000Z</time>
      </trkpt>
      <trkpt lat="54.777592" lon="9.588258">
        <ele>31.224138</ele>
        <time>2021-03-26T15:08:21.000Z</time>
      </trkpt>
      <trkpt lat="54.777598" lon="9.588447">
        <ele>31.100090</ele>
        <time>2021-03-26T15:08:28.000Z</time>
      </trkpt>
      <trkpt lat="54.777603" lon="9.588527">
        <ele>31.047355</ele>
        <time>2021-03-26T15:08:31.000Z</time>
      </trkpt>
      <trkpt lat="54.777607" lon="9.588568">
        <ele>31.020104</ele>
        <time>2021-03-26T15:08:33.000Z</time>
      </trkpt>
      <trkpt lat="54.777625" lon="9.588644">
        <ele>30.966261</ele>
        <time>2021-03-26T15:08:36.000Z</time>
      </trkpt>
      <trkpt lat="54.777664" lon="9.588819">
        <ele>30.843311</ele>
        <time>2021-03-26T15:08:45.000Z</time>
      </trkpt>
      <trkpt lat="54.777686" lon="9.588902">
        <ele>30.783448</ele>
        <time>2021-03-26T15:08:50.000Z</time>
      </trkpt>
      <trkpt lat="54.777687" lon="9.588918">
        <ele>30.772901</ele>
        <time>2021-03-26T15:08:51.000Z</time>
      </trkpt>
      <trkpt lat="54.777688" lon="9.588936">
        <ele>30.761050</ele>
        <time>2021-03-26T15:08:52.000Z</time>
      </trkpt>
      <trkpt lat="54.777692" lon="9.588958">
        <ele>30.745933</ele>
        <time>2021-03-26T15:08:53.000Z</time>
      </trkpt>
      <trkpt lat="54.777708" lon="9.589035">
        <ele>30.692296</ele>
        <time>2021-03-26T15:08:56.000Z</time>
      </trkpt>
      <trkpt lat="54.777720" lon="9.589113">
        <ele>30.639392</ele>
        <time>2021-03-26T15:08:59.000Z</time>
      </trkpt>
      <trkpt lat="54.777728" lon="9.589184">
        <ele>30.591983</ele>
        <time>2021-03-26T15:09:02.000Z</time>
      </trkpt>
      <trkpt lat="54.777736" lon="9.589233">
        <ele>30.558609</ele>
        <time>2021-03-26T15:09:05.000Z</time>
      </trkpt>
      <trkpt lat="54.777741" lon="9.589252">
        <ele>30.544922</ele>
        <time>2021-03-26T15:09:06.000Z</time>
      </trkpt>
      <trkpt lat="54.777777" lon="9.589318">
        <ele>30.485390</ele>
        <time>2021-03-26T15:09:11.000Z</time>
      </trkpt>
      <trkpt lat="54.777785" lon="9.589387">
        <ele>30.439266</ele>
        <time>2021-03-26T15:09:13.000Z</time>
      </trkpt>
      <trkpt lat="54.777791" lon="9.589446">
        <ele>30.400004</ele>
        <time>2021-03-26T15:09:15.000Z</time>
      </trkpt>
      <trkpt lat="54.777802" lon="9.589554">
        <ele>30.328132</ele>
        <time>2021-03-26T15:09:19.000Z</time>
      </trkpt>
      <trkpt lat="54.777827" lon="9.589637">
        <ele>30.266767</ele>
        <time>2021-03-26T15:09:22.000Z</time>
      </trkpt>
      <trkpt lat="54.777849" lon="9.589769">
        <ele>30.176722</ele>
        <time>2021-03-26T15:09:25.000Z</time>
      </trkpt>
      <trkpt lat="54.777859" lon="9.589883">
        <ele>30.121245</ele>
        <time>2021-03-26T15:09:28.000Z</time>
      </trkpt>
      <trkpt lat="54.777874" lon="9.590005">
        <ele>30.187952</ele>
        <time>2021-03-26T15:09:32.000Z</time>
      </trkpt>
      <trkpt lat="54.777894" lon="9.590137">
        <ele>30.260937</ele>
        <time>2021-03-26T15:09:37.000Z</time>
      </trkpt>
      <trkpt lat="54.777903" lon="9.590159">
        <ele>30.275361</ele>
        <time>2021-03-26T15:09:38.000Z</time>
      </trkpt>
      <trkpt lat="54.777938" lon="9.590359">
        <ele>30.387129</ele>
        <time>2021-03-26T15:09:45.000Z</time>
      </trkpt>
      <trkpt lat="54.777947" lon="9.590402">
        <ele>30.411592</ele>
        <time>2021-03-26T15:09:47.000Z</time>
      </trkpt>
      <trkpt lat="54.777953" lon="9.590488">
        <ele>30.457917</ele>
        <time>2021-03-26T15:09:52.000Z</time>
      </trkpt>
      <trkpt lat="54.777954" lon="9.590493">
        <ele>30.460747</ele>
        <time>2021-03-26T15:09:53.000Z</time>
      </trkpt>
      <trkpt lat="54.777958" lon="9.590502">
        <ele>30.466823</ele>
        <time>2021-03-26T15:09:55.000Z</time>
      </trkpt>
      <trkpt lat="54.777944" lon="9.590524">
        <ele>30.484342</ele>
        <time>2021-03-26T15:09:59.000Z</time>
      </trkpt>
      <trkpt lat="54.777923" lon="9.590532">
        <ele>30.504278</ele>
        <time>2021-03-26T15:10:09.000Z</time>
      </trkpt>
      <trkpt lat="54.777923" lon="9.590533">
        <ele>30.504813</ele>
        <time>2021-03-26T15:10:15.000Z</time>
      </trkpt>
      <trkpt lat="54.777928" lon="9.590531">
        <ele>30.509571</ele>
        <time>2021-03-26T15:10:19.000Z</time>
      </trkpt>
      <trkpt lat="54.777927" lon="9.590531">
        <ele>30.510498</ele>
        <time>2021-03-26T15:10:20.000Z</time>
      </trkpt>
      <trkpt lat="54.777926" lon="9.590572">
        <ele>30.532443</ele>
        <time>2021-03-26T15:10:25.000Z</time>
      </trkpt>
      <trkpt lat="54.777935" lon="9.590641">
        <ele>30.570274</ele>
        <time>2021-03-26T15:10:28.000Z</time>
      </trkpt>
      <trkpt lat="54.777961" lon="9.590734">
        <ele>30.625542</ele>
        <time>2021-03-26T15:10:33.000Z</time>
      </trkpt>
      <trkpt lat="54.777967" lon="9.590764">
        <ele>30.642522</ele>
        <time>2021-03-26T15:10:34.000Z</time>
      </trkpt>
      <trkpt lat="54.777976" lon="9.590886">
        <ele>30.708296</ele>
        <time>2021-03-26T15:10:40.000Z</time>
      </trkpt>
      <trkpt lat="54.777975" lon="9.590948">
        <ele>30.741464</ele>
        <time>2021-03-26T15:10:43.000Z</time>
      </trkpt>
      <trkpt lat="54.777974" lon="9.590968">
        <ele>30.752200</ele>
        <time>2021-03-26T15:10:44.000Z</time>
      </trkpt>
      <trkpt lat="54.777969" lon="9.591051">
        <ele>30.796827</ele>
        <time>2021-03-26T15:10:48.000Z</time>
      </trkpt>
      <trkpt lat="54.777947" lon="9.591172">
        <ele>30.864673</ele>
        <time>2021-03-26T15:10:53.000Z</time>
      </trkpt>
      <trkpt lat="54.777940" lon="9.591235">
        <ele>30.898982</ele>
        <time>2021-03-26T15:10:55.000Z</time>
      </trkpt>
      <trkpt lat="54.777921" lon="9.591400">
        <ele>30.988961</ele>
        <time>2021-03-26T15:11:02.000Z</time>
      </trkpt>
      <trkpt lat="54.777901" lon="9.591488">
        <ele>31.039542</ele>
        <time>2021-03-26T15:11:06.000Z</time>
      </trkpt>
      <trkpt lat="54.777891" lon="9.591560">
        <ele>31.079146</ele>
        <time>2021-03-26T15:11:09.000Z</time>
      </trkpt>
      <trkpt lat="54.777882" lon="9.591653">
        <ele>31.129575</ele>
        <time>2021-03-26T15:11:13.000Z</time>
      </trkpt>
      <trkpt lat="54.777873" lon="9.591734">
        <ele>31.173688</ele>
        <time>2021-03-26T15:11:16.000Z</time>
      </trkpt>
      <trkpt lat="54.777866" lon="9.591758">
        <ele>31.188070</ele>
        <time>2021-03-26T15:11:17.000Z</time>
      </trkpt>
      <trkpt lat="54.777765" lon="9.591847">
        <ele>31.293119</ele>
        <time>2021-03-26T15:11:23.000Z</time>
      </trkpt>
      <trkpt lat="54.777741" lon="9.591851">
        <ele>31.315474</ele>
        <time>2021-03-26T15:11:25.000Z</time>
      </trkpt>
      <trkpt lat="54.777705" lon="9.591852">
        <ele>31.348858</ele>
        <time>2021-03-26T15:11:28.000Z</time>
      </trkpt>
      <trkpt lat="54.777649" lon="9.591844">
        <ele>31.400958</ele>
        <time>2021-03-26T15:11:32.000Z</time>
      </trkpt>
      <trkpt lat="54.777549" lon="9.591849">
        <ele>31.493718</ele>
        <time>2021-03-26T15:11:38.000Z</time>
      </trkpt>
      <trkpt lat="54.777540" lon="9.591849">
        <ele>31.502063</ele>
        <time>2021-03-26T15:11:39.000Z</time>
      </trkpt>
      <trkpt lat="54.777470" lon="9.591850">
        <ele>31.566970</ele>
        <time>2021-03-26T15:11:44.000Z</time>
      </trkpt>
      <trkpt lat="54.777435" lon="9.591853">
        <ele>31.599462</ele>
        <time>2021-03-26T15:11:46.000Z</time>
      </trkpt>
      <trkpt lat="54.777354" lon="9.591876">
        <ele>31.675567</ele>
        <time>2021-03-26T15:11:51.000Z</time>
      </trkpt>
      <trkpt lat="54.777334" lon="9.591878">
        <ele>31.694142</ele>
        <time>2021-03-26T15:11:53.000Z</time>
      </trkpt>
      <trkpt lat="54.777261" lon="9.591862">
        <ele>31.762367</ele>
        <time>2021-03-26T15:11:59.000Z</time>
      </trkpt>
      <trkpt lat="54.777236" lon="9.591865">
        <ele>31.792553</ele>
        <time>2021-03-26T15:12:01.000Z</time>
      </trkpt>
      <trkpt lat="54.777184" lon="9.591858">
        <ele>31.900289</ele>
        <time>2021-03-26T15:12:05.000Z</time>
      </trkpt>
      <trkpt lat="54.777146" lon="9.591864">
        <ele>31.979108</ele>
        <time>2021-03-26T15:12:08.000Z</time>
      </trkpt>
      <trkpt lat="54.777053" lon="9.591882">
        <ele>32.172406</ele>
        <time>2021-03-26T15:12:14.000Z</time>
      </trkpt>
      <trkpt lat="54.776939" lon="9.591893">
        <ele>32.408252</ele>
        <time>2021-03-26T15:12:21.000Z</time>
      </trkpt>
      <trkpt lat="54.776903" lon="9.591902">
        <ele>32.483384</ele>
        <time>2021-03-26T15:12:23.000Z</time>
      </trkpt>
      <trkpt lat="54.776884" lon="9.591908">
        <ele>32.523277</ele>
        <time>2021-03-26T15:12:24.000Z</time>
      </trkpt>
      <trkpt lat="54.776809" lon="9.591908">
        <ele>32.678200</ele>
        <time>2021-03-26T15:12:29.000Z</time>
      </trkpt>
      <trkpt lat="54.776763" lon="9.591901">
        <ele>32.773584</ele>
        <time>2021-03-26T15:12:32.000Z</time>
      </trkpt>
      <trkpt lat="54.776657" lon="9.591856">
        <ele>32.999009</ele>
        <time>2021-03-26T15:12:39.000Z</time>
      </trkpt>
      <trkpt lat="54.776593" lon="9.591821">
        <ele>33.137630</ele>
        <time>2021-03-26T15:12:44.000Z</time>
      </trkpt>
      <trkpt lat="54.776581" lon="9.591815">
        <ele>33.163428</ele>
        <time>2021-03-26T15:12:45.000Z</time>
      </trkpt>
      <trkpt lat="54.776468" lon="9.591809">
        <ele>33.396954</ele>
        <time>2021-03-26T15:12:54.000Z</time>
      </trkpt>
      <trkpt lat="54.776447" lon="9.591799">
        <ele>33.441939</ele>
        <time>2021-03-26T15:12:56.000Z</time>
      </trkpt>
      <trkpt lat="54.776397" lon="9.591804">
        <ele>33.545392</ele>
        <time>2021-03-26T15:13:00.000Z</time>
      </trkpt>
      <trkpt lat="54.776366" lon="9.591806">
        <ele>33.609471</ele>
        <time>2021-03-26T15:13:02.000Z</time>
      </trkpt>
      <trkpt lat="54.776344" lon="9.591807">
        <ele>33.654931</ele>
        <time>2021-03-26T15:13:04.000Z</time>
      </trkpt>
      <trkpt lat="54.776330" lon="9.591809">
        <ele>33.683948</ele>
        <time>2021-03-26T15:13:06.000Z</time>
      </trkpt>
      <trkpt lat="54.776285" lon="9.591809">
        <ele>33.776901</ele>
        <time>2021-03-26T15:13:10.000Z</time>
      </trkpt>
      <trkpt lat="54.776230" lon="9.591788">
        <ele>33.893233</ele>
        <time>2021-03-26T15:13:14.000Z</time>
      </trkpt>
      <trkpt lat="54.776144" lon="9.591798">
        <ele>34.071277</ele>
        <time>2021-03-26T15:13:18.000Z</time>
      </trkpt>
      <trkpt lat="54.776104" lon="9.591798">
        <ele>34.153902</ele>
        <time>2021-03-26T15:13:20.000Z</time>
      </trkpt>
      <trkpt lat="54.776055" lon="9.591771">
        <ele>34.260107</ele>
        <time>2021-03-26T15:13:23.000Z</time>
      </trkpt>
      <trkpt lat="54.776040" lon="9.591728">
        <ele>34.319979</ele>
        <time>2021-03-26T15:13:25.000Z</time>
      </trkpt>
      <trkpt lat="54.776025" lon="9.591681">
        <ele>34.383976</ele>
        <time>2021-03-26T15:13:27.000Z</time>
      </trkpt>
      <trkpt lat="54.775969" lon="9.591544">
        <ele>34.584032</ele>
        <time>2021-03-26T15:13:33.000Z</time>
      </trkpt>
      <trkpt lat="54.775966" lon="9.591516">
        <ele>34.617962</ele>
        <time>2021-03-26T15:13:34.000Z</time>
      </trkpt>
      <trkpt lat="54.775963" lon="9.591483">
        <ele>34.657764</ele>
        <time>2021-03-26T15:13:35.000Z</time>
      </trkpt>
      <trkpt lat="54.775946" lon="9.591361">
        <ele>34.807297</ele>
        <time>2021-03-26T15:13:39.000Z</time>
      </trkpt>
      <trkpt lat="54.775929" lon="9.591241">
        <ele>34.954515</ele>
        <time>2021-03-26T15:13:43.000Z</time>
      </trkpt>
      <trkpt lat="54.775925" lon="9.591212">
        <ele>34.990040</ele>
        <time>2021-03-26T15:13:44.000Z</time>
      </trkpt>
      <trkpt lat="54.775911" lon="9.591047">
        <ele>35.188738</ele>
        <time>2021-03-26T15:13:51.000Z</time>
      </trkpt>
      <trkpt lat="54.775907" lon="9.590976">
        <ele>35.273731</ele>
        <time>2021-03-26T15:13:54.000Z</time>
      </trkpt>
      <trkpt lat="54.775898" lon="9.590849">
        <ele>35.426178</ele>
        <time>2021-03-26T15:13:59.000Z</time>
      </trkpt>
      <trkpt lat="54.775886" lon="9.590651">
        <ele>35.610558</ele>
        <time>2021-03-26T15:14:07.000Z</time>
      </trkpt>
      <trkpt lat="54.775882" lon="9.590600">
        <ele>35.652611</ele>
        <time>2021-03-26T15:14:09.000Z</time>
      </trkpt>
      <trkpt lat="54.775881" lon="9.590572">
        <ele>35.675532</ele>
        <time>2021-03-26T15:14:10.000Z</time>
      </trkpt>
      <trkpt lat="54.775868" lon="9.590468">
        <ele>35.762478</ele>
        <time>2021-03-26T15:14:14.000Z</time>
      </trkpt>
      <trkpt lat="54.775875" lon="9.590457">
        <ele>35.775861</ele>
        <time>2021-03-26T15:14:18.000Z</time>
      </trkpt>
      <trkpt lat="54.775806" lon="9.590465">
        <ele>35.873824</ele>
        <time>2021-03-26T15:14:24.000Z</time>
      </trkpt>
      <trkpt lat="54.775785" lon="9.590459">
        <ele>35.903973</ele>
        <time>2021-03-26T15:14:26.000Z</time>
      </trkpt>
      <trkpt lat="54.775689" lon="9.590442">
        <ele>36.040672</ele>
        <time>2021-03-26T15:14:33.000Z</time>
      </trkpt>
      <trkpt lat="54.775623" lon="9.590425">
        <ele>36.135193</ele>
        <time>2021-03-26T15:14:38.000Z</time>
      </trkpt>
      <trkpt lat="54.775599" lon="9.590421">
        <ele>36.169348</ele>
        <time>2021-03-26T15:14:40.000Z</time>
      </trkpt>
      <trkpt lat="54.775501" lon="9.590434">
        <ele>36.308578</ele>
        <time>2021-03-26T15:14:48.000Z</time>
      </trkpt>
      <trkpt lat="54.775465" lon="9.590439">
        <ele>36.359739</ele>
        <time>2021-03-26T15:14:51.000Z</time>
      </trkpt>
      <trkpt lat="54.775386" lon="9.590420">
        <ele>36.472720</ele>
        <time>2021-03-26T15:14:56.000Z</time>
      </trkpt>
      <trkpt lat="54.775276" lon="9.590404">
        <ele>36.629092</ele>
        <time>2021-03-26T15:15:03.000Z</time>
      </trkpt>
      <trkpt lat="54.775192" lon="9.590391">
        <ele>36.748558</ele>
        <time>2021-03-26T15:15:09.000Z</time>
      </trkpt>
      <trkpt lat="54.775143" lon="9.590386">
        <ele>36.818090</ele>
        <time>2021-03-26T15:15:12.000Z</time>
      </trkpt>
      <trkpt lat="54.775127" lon="9.590383">
        <ele>36.840888</ele>
        <time>2021-03-26T15:15:13.000Z</time>
      </trkpt>
      <trkpt lat="54.775049" lon="9.590413">
        <ele>36.954067</ele>
        <time>2021-03-26T15:15:18.000Z</time>
      </trkpt>
      <trkpt lat="54.775034" lon="9.590417">
        <ele>36.975566</ele>
        <time>2021-03-26T15:15:19.000Z</time>
      </trkpt>
      <trkpt lat="54.774956" lon="9.590410">
        <ele>37.086207</ele>
        <time>2021-03-26T15:15:26.000Z</time>
      </trkpt>
      <trkpt lat="54.774945" lon="9.590527">
        <ele>37.183066</ele>
        <time>2021-03-26T15:15:31.000Z</time>
      </trkpt>
      <trkpt lat="54.774947" lon="9.590552">
        <ele>37.203688</ele>
        <time>2021-03-26T15:15:32.000Z</time>
      </trkpt>
      <trkpt lat="54.774989" lon="9.590749">
        <ele>37.375295</ele>
        <time>2021-03-26T15:15:39.000Z</time>
      </trkpt>
      <trkpt lat="54.775006" lon="9.590957">
        <ele>37.546943</ele>
        <time>2021-03-26T15:15:46.000Z</time>
      </trkpt>
      <trkpt lat="54.775009" lon="9.591145">
        <ele>37.700611</ele>
        <time>2021-03-26T15:15:53.000Z</time>
      </trkpt>
      <trkpt lat="54.775001" lon="9.591303">
        <ele>37.830204</ele>
        <time>2021-03-26T15:15:59.000Z</time>
      </trkpt>
      <trkpt lat="54.774999" lon="9.591328">
        <ele>37.850826</ele>
        <time>2021-03-26T15:16:00.000Z</time>
      </trkpt>
      <trkpt lat="54.774996" lon="9.591352">
        <ele>37.870891</ele>
        <time>2021-03-26T15:16:01.000Z</time>
      </trkpt>
      <trkpt lat="54.774950" lon="9.591530">
        <ele>38.030260</ele>
        <time>2021-03-26T15:16:09.000Z</time>
      </trkpt>
      <trkpt lat="54.774951" lon="9.591536">
        <ele>38.035363</ele>
        <time>2021-03-26T15:16:11.000Z</time>
      </trkpt>
      <trkpt lat="54.774961" lon="9.591619">
        <ele>38.099786</ele>
        <time>2021-03-26T15:16:15.000Z</time>
      </trkpt>
      <trkpt lat="54.774985" lon="9.591812">
        <ele>38.248349</ele>
        <time>2021-03-26T15:16:22.000Z</time>
      </trkpt>
      <trkpt lat="54.774989" lon="9.591838">
        <ele>38.268597</ele>
        <time>2021-03-26T15:16:23.000Z</time>
      </trkpt>
      <trkpt lat="54.775010" lon="9.592031">
        <ele>38.416385</ele>
        <time>2021-03-26T15:16:31.000Z</time>
      </trkpt>
      <trkpt lat="54.775005" lon="9.592204">
        <ele>38.546725</ele>
        <time>2021-03-26T15:16:38.000Z</time>
      </trkpt>
      <trkpt lat="54.774984" lon="9.592316">
        <ele>38.635342</ele>
        <time>2021-03-26T15:16:42.000Z</time>
      </trkpt>
      <trkpt lat="54.774994" lon="9.592396">
        <ele>38.696937</ele>
        <time>2021-03-26T15:16:45.000Z</time>
      </trkpt>
      <trkpt lat="54.774949" lon="9.592513">
        <ele>38.802754</ele>
        <time>2021-03-26T15:16:52.000Z</time>
      </trkpt>
      <trkpt lat="54.774880" lon="9.592572">
        <ele>38.903122</ele>
        <time>2021-03-26T15:17:00.000Z</time>
      </trkpt>
      <trkpt lat="54.774806" lon="9.592641">
        <ele>39.012738</ele>
        <time>2021-03-26T15:17:06.000Z</time>
      </trkpt>
      <trkpt lat="54.774766" lon="9.592687">
        <ele>39.075357</ele>
        <time>2021-03-26T15:17:09.000Z</time>
      </trkpt>
      <trkpt lat="54.774694" lon="9.592794">
        <ele>39.199072</ele>
        <time>2021-03-26T15:17:15.000Z</time>
      </trkpt>
      <trkpt lat="54.774639" lon="9.592878">
        <ele>39.294694</ele>
        <time>2021-03-26T15:17:19.000Z</time>
      </trkpt>
      <trkpt lat="54.774592" lon="9.592939">
        <ele>39.371287</ele>
        <time>2021-03-26T15:17:24.000Z</time>
      </trkpt>
      <trkpt lat="54.774574" lon="9.592984">
        <ele>39.412494</ele>
        <time>2021-03-26T15:17:26.000Z</time>
      </trkpt>
      <trkpt lat="54.774496" lon="9.593132">
        <ele>39.563348</ele>
        <time>2021-03-26T15:17:34.000Z</time>
      </trkpt>
      <trkpt lat="54.774427" lon="9.593256">
        <ele>39.692998</ele>
        <time>2021-03-26T15:17:41.000Z</time>
      </trkpt>
      <trkpt lat="54.774417" lon="9.593274">
        <ele>39.711803</ele>
        <time>2021-03-26T15:17:42.000Z</time>
      </trkpt>
      <trkpt lat="54.774365" lon="9.593394">
        <ele>39.824744</ele>
        <time>2021-03-26T15:17:47.000Z</time>
      </trkpt>
      <trkpt lat="54.774340" lon="9.593475">
        <ele>39.893872</ele>
        <time>2021-03-26T15:17:50.000Z</time>
      </trkpt>
      <trkpt lat="54.774333" lon="9.593499">
        <ele>39.914109</ele>
        <time>2021-03-26T15:17:51.000Z</time>
      </trkpt>
      <trkpt lat="54.774280" lon="9.593599">
        <ele>40.016300</ele>
        <time>2021-03-26T15:17:57.000Z</time>
      </trkpt>
      <trkpt lat="54.774222" lon="9.593669">
        <ele>40.108495</ele>
        <time>2021-03-26T15:18:02.000Z</time>
      </trkpt>
      <trkpt lat="54.774192" lon="9.593720">
        <ele>40.163308</ele>
        <time>2021-03-26T15:18:05.000Z</time>
      </trkpt>
      <trkpt lat="54.774112" lon="9.593866">
        <ele>40.314840</ele>
        <time>2021-03-26T15:18:12.000Z</time>
      </trkpt>
      <trkpt lat="54.774102" lon="9.593887">
        <ele>40.335332</ele>
        <time>2021-03-26T15:18:13.000Z</time>
      </trkpt>
      <trkpt lat="54.774083" lon="9.593934">
        <ele>40.378520</ele>
        <time>2021-03-26T15:18:15.000Z</time>
      </trkpt>
      <trkpt lat="54.773997" lon="9.594064">
        <ele>40.384397</ele>
        <time>2021-03-26T15:18:22.000Z</time>
      </trkpt>
      <trkpt lat="54.773905" lon="9.594114">
        <ele>40.379569</ele>
        <time>2021-03-26T15:18:28.000Z</time>
      </trkpt>
      <trkpt lat="54.773855" lon="9.594132">
        <ele>40.377013</ele>
        <time>2021-03-26T15:18:31.000Z</time>
      </trkpt>
      <trkpt lat="54.773758" lon="9.594183">
        <ele>40.371938</ele>
        <time>2021-03-26T15:18:38.000Z</time>
      </trkpt>
      <trkpt lat="54.773699" lon="9.594207">
        <ele>40.368904</ele>
        <time>2021-03-26T15:18:42.000Z</time>
      </trkpt>
      <trkpt lat="54.773655" lon="9.594237">
        <ele>40.366537</ele>
        <time>2021-03-26T15:18:45.000Z</time>
      </trkpt>
      <trkpt lat="54.773615" lon="9.594321">
        <ele>40.363391</ele>
        <time>2021-03-26T15:18:48.000Z</time>
      </trkpt>
      <trkpt lat="54.773607" lon="9.594334">
        <ele>40.362842</ele>
        <time>2021-03-26T15:18:49.000Z</time>
      </trkpt>
      <trkpt lat="54.773594" lon="9.594370">
        <ele>40.361615</ele>
        <time>2021-03-26T15:18:51.000Z</time>
      </trkpt>
      <trkpt lat="54.773513" lon="9.594508">
        <ele>40.355929</ele>
        <time>2021-03-26T15:18:57.000Z</time>
      </trkpt>
      <trkpt lat="54.773441" lon="9.594588">
        <ele>40.351648</ele>
        <time>2021-03-26T15:19:02.000Z</time>
      </trkpt>
      <trkpt lat="54.773334" lon="9.594660">
        <ele>40.345901</ele>
        <time>2021-03-26T15:19:08.000Z</time>
      </trkpt>
      <trkpt lat="54.773217" lon="9.594698">
        <ele>40.339942</ele>
        <time>2021-03-26T15:19:16.000Z</time>
      </trkpt>
      <trkpt lat="54.773107" lon="9.594744">
        <ele>40.334276</ele>
        <time>2021-03-26T15:19:24.000Z</time>
      </trkpt>
      <trkpt lat="54.773001" lon="9.594844">
        <ele>40.328235</ele>
        <time>2021-03-26T15:19:31.000Z</time>
      </trkpt>
      <trkpt lat="54.772869" lon="9.594919">
        <ele>40.321280</ele>
        <time>2021-03-26T15:19:39.000Z</time>
      </trkpt>
      <trkpt lat="54.772792" lon="9.594956">
        <ele>40.317279</ele>
        <time>2021-03-26T15:19:44.000Z</time>
      </trkpt>
      <trkpt lat="54.772711" lon="9.595003">
        <ele>40.313003</ele>
        <time>2021-03-26T15:19:49.000Z</time>
      </trkpt>
      <trkpt lat="54.772594" lon="9.595057">
        <ele>40.306941</ele>
        <time>2021-03-26T15:19:57.000Z</time>
      </trkpt>
      <trkpt lat="54.772467" lon="9.595087">
        <ele>40.300524</ele>
        <time>2021-03-26T15:20:05.000Z</time>
      </trkpt>
      <trkpt lat="54.772337" lon="9.595102">
        <ele>40.173060</ele>
        <time>2021-03-26T15:20:13.000Z</time>
      </trkpt>
      <trkpt lat="54.772320" lon="9.595108">
        <ele>40.153527</ele>
        <time>2021-03-26T15:20:14.000Z</time>
      </trkpt>
      <trkpt lat="54.772161" lon="9.595178">
        <ele>39.968824</ele>
        <time>2021-03-26T15:20:24.000Z</time>
      </trkpt>
      <trkpt lat="54.772145" lon="9.595185">
        <ele>39.950244</ele>
        <time>2021-03-26T15:20:25.000Z</time>
      </trkpt>
      <trkpt lat="54.772045" lon="9.595232">
        <ele>39.833588</ele>
        <time>2021-03-26T15:20:31.000Z</time>
      </trkpt>
      <trkpt lat="54.772015" lon="9.595237">
        <ele>39.799655</ele>
        <time>2021-03-26T15:20:33.000Z</time>
      </trkpt>
      <trkpt lat="54.771987" lon="9.595248">
        <ele>39.767330</ele>
        <time>2021-03-26T15:20:35.000Z</time>
      </trkpt>
      <trkpt lat="54.771938" lon="9.595262">
        <ele>39.711416</ele>
        <time>2021-03-26T15:20:38.000Z</time>
      </trkpt>
      <trkpt lat="54.771908" lon="9.595271">
        <ele>39.677136</ele>
        <time>2021-03-26T15:20:40.000Z</time>
      </trkpt>
      <trkpt lat="54.771878" lon="9.595289">
        <ele>39.641393</ele>
        <time>2021-03-26T15:20:42.000Z</time>
      </trkpt>
      <trkpt lat="54.771778" lon="9.595339">
        <ele>39.524212</ele>
        <time>2021-03-26T15:20:49.000Z</time>
      </trkpt>
      <trkpt lat="54.771677" lon="9.595433">
        <ele>39.395143</ele>
        <time>2021-03-26T15:20:56.000Z</time>
      </trkpt>
      <trkpt lat="54.771663" lon="9.595446">
        <ele>39.377261</ele>
        <time>2021-03-26T15:20:57.000Z</time>
      </trkpt>
      <trkpt lat="54.771586" lon="9.595507">
        <ele>39.281942</ele>
        <time>2021-03-26T15:21:03.000Z</time>
      </trkpt>
      <trkpt lat="54.771573" lon="9.595515">
        <ele>39.266410</ele>
        <time>2021-03-26T15:21:04.000Z</time>
      </trkpt>
      <trkpt lat="54.771508" lon="9.595580">
        <ele>39.181923</ele>
        <time>2021-03-26T15:21:09.000Z</time>
      </trkpt>
      <trkpt lat="54.771498" lon="9.595594">
        <ele>39.167451</ele>
        <time>2021-03-26T15:21:10.000Z</time>
      </trkpt>
      <trkpt lat="54.771459" lon="9.595646">
        <ele>39.112054</ele>
        <time>2021-03-26T15:21:13.000Z</time>
      </trkpt>
      <trkpt lat="54.771430" lon="9.595672">
        <ele>39.075295</ele>
        <time>2021-03-26T15:21:15.000Z</time>
      </trkpt>
      <trkpt lat="54.771367" lon="9.595730">
        <ele>38.994980</ele>
        <time>2021-03-26T15:21:21.000Z</time>
      </trkpt>
      <trkpt lat="54.771356" lon="9.595743">
        <ele>38.979991</ele>
        <time>2021-03-26T15:21:22.000Z</time>
      </trkpt>
      <trkpt lat="54.771240" lon="9.595859">
        <ele>38.829213</ele>
        <time>2021-03-26T15:21:31.000Z</time>
      </trkpt>
      <trkpt lat="54.771165" lon="9.595972">
        <ele>38.717333</ele>
        <time>2021-03-26T15:21:37.000Z</time>
      </trkpt>
      <trkpt lat="54.771154" lon="9.595985">
        <ele>38.702344</ele>
        <time>2021-03-26T15:21:38.000Z</time>
      </trkpt>
      <trkpt lat="54.771032" lon="9.596130">
        <ele>38.535799</ele>
        <time>2021-03-26T15:21:47.000Z</time>
      </trkpt>
      <trkpt lat="54.770901" lon="9.596268">
        <ele>38.363207</ele>
        <time>2021-03-26T15:21:56.000Z</time>
      </trkpt>
      <trkpt lat="54.770835" lon="9.596338">
        <ele>38.276092</ele>
        <time>2021-03-26T15:22:01.000Z</time>
      </trkpt>
      <trkpt lat="54.770800" lon="9.596373">
        <ele>38.241057</ele>
        <time>2021-03-26T15:22:04.000Z</time>
      </trkpt>
      <trkpt lat="54.770710" lon="9.596474">
        <ele>38.149096</ele>
        <time>2021-03-26T15:22:11.000Z</time>
      </trkpt>
      <trkpt lat="54.770606" lon="9.596583">
        <ele>38.044854</ele>
        <time>2021-03-26T15:22:19.000Z</time>
      </trkpt>
      <trkpt lat="54.770512" lon="9.596657">
        <ele>37.956302</ele>
        <time>2021-03-26T15:22:26.000Z</time>
      </trkpt>
      <trkpt lat="54.770468" lon="9.596704">
        <ele>37.911971</ele>
        <time>2021-03-26T15:22:29.000Z</time>
      </trkpt>
      <trkpt lat="54.770397" lon="9.596788">
        <ele>37.838240</ele>
        <time>2021-03-26T15:22:34.000Z</time>
      </trkpt>
      <trkpt lat="54.770248" lon="9.596925">
        <ele>37.693572</ele>
        <time>2021-03-26T15:22:45.000Z</time>
      </trkpt>
      <trkpt lat="54.770141" lon="9.597003">
        <ele>37.594008</ele>
        <time>2021-03-26T15:22:53.000Z</time>
      </trkpt>
      <trkpt lat="54.770128" lon="9.597011">
        <ele>37.582176</ele>
        <time>2021-03-26T15:22:54.000Z</time>
      </trkpt>
      <trkpt lat="54.770019" lon="9.597095">
        <ele>37.479859</ele>
        <time>2021-03-26T15:23:02.000Z</time>
      </trkpt>
      <trkpt lat="54.770006" lon="9.597103">
        <ele>37.468027</ele>
        <time>2021-03-26T15:23:03.000Z</time>
      </trkpt>
      <trkpt lat="54.769979" lon="9.597121">
        <ele>37.443214</ele>
        <time>2021-03-26T15:23:05.000Z</time>
      </trkpt>
      <trkpt lat="54.769921" lon="9.597139">
        <ele>37.392674</ele>
        <time>2021-03-26T15:23:09.000Z</time>
      </trkpt>
      <trkpt lat="54.769875" lon="9.597171">
        <ele>37.350159</ele>
        <time>2021-03-26T15:23:12.000Z</time>
      </trkpt>
      <trkpt lat="54.769797" lon="9.597218">
        <ele>37.279329</ele>
        <time>2021-03-26T15:23:17.000Z</time>
      </trkpt>
      <trkpt lat="54.769751" lon="9.597243">
        <ele>37.237979</ele>
        <time>2021-03-26T15:23:20.000Z</time>
      </trkpt>
      <trkpt lat="54.769718" lon="9.597266">
        <ele>37.207471</ele>
        <time>2021-03-26T15:23:22.000Z</time>
      </trkpt>
      <trkpt lat="54.769687" lon="9.597291">
        <ele>37.178144</ele>
        <time>2021-03-26T15:23:24.000Z</time>
      </trkpt>
      <trkpt lat="54.769591" lon="9.597361">
        <ele>37.088813</ele>
        <time>2021-03-26T15:23:30.000Z</time>
      </trkpt>
      <trkpt lat="54.769547" lon="9.597386">
        <ele>37.049096</ele>
        <time>2021-03-26T15:23:33.000Z</time>
      </trkpt>
      <trkpt lat="54.769453" lon="9.597431">
        <ele>36.965450</ele>
        <time>2021-03-26T15:23:40.000Z</time>
      </trkpt>
      <trkpt lat="54.769439" lon="9.597437">
        <ele>36.953080</ele>
        <time>2021-03-26T15:23:41.000Z</time>
      </trkpt>
      <trkpt lat="54.769313" lon="9.597505">
        <ele>36.839888</ele>
        <time>2021-03-26T15:23:51.000Z</time>
      </trkpt>
      <trkpt lat="54.769264" lon="9.597502">
        <ele>36.797832</ele>
        <time>2021-03-26T15:23:55.000Z</time>
      </trkpt>
      <trkpt lat="54.769239" lon="9.597507">
        <ele>36.776246</ele>
        <time>2021-03-26T15:23:57.000Z</time>
      </trkpt>
      <trkpt lat="54.769196" lon="9.597531">
        <ele>36.737498</ele>
        <time>2021-03-26T15:24:01.000Z</time>
      </trkpt>
      <trkpt lat="54.769098" lon="9.597584">
        <ele>36.700594</ele>
        <time>2021-03-26T15:24:08.000Z</time>
      </trkpt>
      <trkpt lat="54.769029" lon="9.597614">
        <ele>36.677508</ele>
        <time>2021-03-26T15:24:14.000Z</time>
      </trkpt>
      <trkpt lat="54.769012" lon="9.597623">
        <ele>36.671739</ele>
        <time>2021-03-26T15:24:16.000Z</time>
      </trkpt>
      <trkpt lat="54.769003" lon="9.597626">
        <ele>36.668765</ele>
        <time>2021-03-26T15:24:17.000Z</time>
      </trkpt>
      <trkpt lat="54.768990" lon="9.597630">
        <ele>36.664480</ele>
        <time>2021-03-26T15:24:18.000Z</time>
      </trkpt>
      <trkpt lat="54.768877" lon="9.597711">
        <ele>36.624796</ele>
        <time>2021-03-26T15:24:25.000Z</time>
      </trkpt>
      <trkpt lat="54.768712" lon="9.597802">
        <ele>36.568603</ele>
        <time>2021-03-26T15:24:34.000Z</time>
      </trkpt>
      <trkpt lat="54.768584" lon="9.597909">
        <ele>36.522484</ele>
        <time>2021-03-26T15:24:42.000Z</time>
      </trkpt>
      <trkpt lat="54.768550" lon="9.597940">
        <ele>36.510017</ele>
        <time>2021-03-26T15:24:44.000Z</time>
      </trkpt>
      <trkpt lat="54.768534" lon="9.597954">
        <ele>36.504200</ele>
        <time>2021-03-26T15:24:45.000Z</time>
      </trkpt>
      <trkpt lat="54.768472" lon="9.598003">
        <ele>36.482086</ele>
        <time>2021-03-26T15:24:49.000Z</time>
      </trkpt>
      <trkpt lat="54.768326" lon="9.598126">
        <ele>36.429405</ele>
        <time>2021-03-26T15:24:58.000Z</time>
      </trkpt>
      <trkpt lat="54.768309" lon="9.598133">
        <ele>36.423734</ele>
        <time>2021-03-26T15:24:59.000Z</time>
      </trkpt>
      <trkpt lat="54.768178" lon="9.598217">
        <ele>36.378405</ele>
        <time>2021-03-26T15:25:07.000Z</time>
      </trkpt>
      <trkpt lat="54.768131" lon="9.598250">
        <ele>36.361948</ele>
        <time>2021-03-26T15:25:10.000Z</time>
      </trkpt>
      <trkpt lat="54.768056" lon="9.598282">
        <ele>36.336881</ele>
        <time>2021-03-26T15:25:15.000Z</time>
      </trkpt>
      <trkpt lat="54.768039" lon="9.598291">
        <ele>36.331113</ele>
        <time>2021-03-26T15:25:16.000Z</time>
      </trkpt>
      <trkpt lat="54.767934" lon="9.598365">
        <ele>36.294328</ele>
        <time>2021-03-26T15:25:23.000Z</time>
      </trkpt>
      <trkpt lat="54.767769" lon="9.598430">
        <ele>36.239414</ele>
        <time>2021-03-26T15:25:34.000Z</time>
      </trkpt>
      <trkpt lat="54.767652" lon="9.598459">
        <ele>36.201057</ele>
        <time>2021-03-26T15:25:42.000Z</time>
      </trkpt>
      <trkpt lat="54.767642" lon="9.598467">
        <ele>36.197483</ele>
        <time>2021-03-26T15:25:44.000Z</time>
      </trkpt>
      <trkpt lat="54.767607" lon="9.598488">
        <ele>36.185463</ele>
        <time>2021-03-26T15:25:47.000Z</time>
      </trkpt>
      <trkpt lat="54.767522" lon="9.598527">
        <ele>36.156928</ele>
        <time>2021-03-26T15:25:53.000Z</time>
      </trkpt>
      <trkpt lat="54.767495" lon="9.598543">
        <ele>36.146707</ele>
        <time>2021-03-26T15:25:55.000Z</time>
      </trkpt>
      <trkpt lat="54.767479" lon="9.598551">
        <ele>36.125913</ele>
        <time>2021-03-26T15:25:56.000Z</time>
      </trkpt>
      <trkpt lat="54.767383" lon="9.598614">
        <ele>35.997728</ele>
        <time>2021-03-26T15:26:03.000Z</time>
      </trkpt>
      <trkpt lat="54.767276" lon="9.598686">
        <ele>35.854396</ele>
        <time>2021-03-26T15:26:10.000Z</time>
      </trkpt>
      <trkpt lat="54.767262" lon="9.598691">
        <ele>35.836546</ele>
        <time>2021-03-26T15:26:11.000Z</time>
      </trkpt>
      <trkpt lat="54.767199" lon="9.598738">
        <ele>35.750897</ele>
        <time>2021-03-26T15:26:15.000Z</time>
      </trkpt>
      <trkpt lat="54.767119" lon="9.598816">
        <ele>35.636277</ele>
        <time>2021-03-26T15:26:20.000Z</time>
      </trkpt>
      <trkpt lat="54.767017" lon="9.598899">
        <ele>35.495567</ele>
        <time>2021-03-26T15:26:27.000Z</time>
      </trkpt>
      <trkpt lat="54.767003" lon="9.598908">
        <ele>35.476921</ele>
        <time>2021-03-26T15:26:28.000Z</time>
      </trkpt>
      <trkpt lat="54.766897" lon="9.598999">
        <ele>35.329207</ele>
        <time>2021-03-26T15:26:35.000Z</time>
      </trkpt>
      <trkpt lat="54.766865" lon="9.599024">
        <ele>35.285375</ele>
        <time>2021-03-26T15:26:37.000Z</time>
      </trkpt>
      <trkpt lat="54.766784" lon="9.599105">
        <ele>35.168600</ele>
        <time>2021-03-26T15:26:43.000Z</time>
      </trkpt>
      <trkpt lat="54.766772" lon="9.599119">
        <ele>35.150537</ele>
        <time>2021-03-26T15:26:44.000Z</time>
      </trkpt>
      <trkpt lat="54.766662" lon="9.599198">
        <ele>35.001850</ele>
        <time>2021-03-26T15:26:52.000Z</time>
      </trkpt>
      <trkpt lat="54.766651" lon="9.599200">
        <ele>34.988038</ele>
        <time>2021-03-26T15:26:53.000Z</time>
      </trkpt>
      <trkpt lat="54.766547" lon="9.599255">
        <ele>34.852257</ele>
        <time>2021-03-26T15:26:59.000Z</time>
      </trkpt>
      <trkpt lat="54.766519" lon="9.599264">
        <ele>34.816695</ele>
        <time>2021-03-26T15:27:01.000Z</time>
      </trkpt>
      <trkpt lat="54.766452" lon="9.599270">
        <ele>34.732917</ele>
        <time>2021-03-26T15:27:06.000Z</time>
      </trkpt>
      <trkpt lat="54.766331" lon="9.599239">
        <ele>34.580175</ele>
        <time>2021-03-26T15:27:14.000Z</time>
      </trkpt>
      <trkpt lat="54.766220" lon="9.599208">
        <ele>34.439775</ele>
        <time>2021-03-26T15:27:21.000Z</time>
      </trkpt>
      <trkpt lat="54.766077" lon="9.599171">
        <ele>34.259224</ele>
        <time>2021-03-26T15:27:30.000Z</time>
      </trkpt>
      <trkpt lat="54.766002" lon="9.599168">
        <ele>34.165542</ele>
        <time>2021-03-26T15:27:35.000Z</time>
      </trkpt>
      <trkpt lat="54.765993" lon="9.599162">
        <ele>34.153500</ele>
        <time>2021-03-26T15:27:36.000Z</time>
      </trkpt>
      <trkpt lat="54.765939" lon="9.599146">
        <ele>34.085089</ele>
        <time>2021-03-26T15:27:40.000Z</time>
      </trkpt>
      <trkpt lat="54.765902" lon="9.599123">
        <ele>34.036003</ele>
        <time>2021-03-26T15:27:43.000Z</time>
      </trkpt>
      <trkpt lat="54.765856" lon="9.599130">
        <ele>33.978339</ele>
        <time>2021-03-26T15:27:46.000Z</time>
      </trkpt>
      <trkpt lat="54.765834" lon="9.599195">
        <ele>33.924047</ele>
        <time>2021-03-26T15:27:49.000Z</time>
      </trkpt>
      <trkpt lat="54.765817" lon="9.599299">
        <ele>33.922263</ele>
        <time>2021-03-26T15:27:53.000Z</time>
      </trkpt>
      <trkpt lat="54.765804" lon="9.599374">
        <ele>33.942839</ele>
        <time>2021-03-26T15:27:55.000Z</time>
      </trkpt>
      <trkpt lat="54.765752" lon="9.599573">
        <ele>34.000241</ele>
        <time>2021-03-26T15:28:01.000Z</time>
      </trkpt>
      <trkpt lat="54.765743" lon="9.599603">
        <ele>34.009126</ele>
        <time>2021-03-26T15:28:02.000Z</time>
      </trkpt>
      <trkpt lat="54.765694" lon="9.599769">
        <ele>34.058121</ele>
        <time>2021-03-26T15:28:08.000Z</time>
      </trkpt>
      <trkpt lat="54.765695" lon="9.599816">
        <ele>34.070478</ele>
        <time>2021-03-26T15:28:10.000Z</time>
      </trkpt>
      <trkpt lat="54.765680" lon="9.599864">
        <ele>34.084822</ele>
        <time>2021-03-26T15:28:12.000Z</time>
      </trkpt>
      <trkpt lat="54.765673" lon="9.599893">
        <ele>34.093082</ele>
        <time>2021-03-26T15:28:13.000Z</time>
      </trkpt>
      <trkpt lat="54.765652" lon="9.599940">
        <ele>34.108702</ele>
        <time>2021-03-26T15:28:15.000Z</time>
      </trkpt>
      <trkpt lat="54.765641" lon="9.599994">
        <ele>34.123749</ele>
        <time>2021-03-26T15:28:17.000Z</time>
      </trkpt>
      <trkpt lat="54.765635" lon="9.600014">
        <ele>34.129672</ele>
        <time>2021-03-26T15:28:18.000Z</time>
      </trkpt>
      <trkpt lat="54.765585" lon="9.600111">
        <ele>34.163851</ele>
        <time>2021-03-26T15:28:23.000Z</time>
      </trkpt>
      <trkpt lat="54.765523" lon="9.600243">
        <ele>34.208576</ele>
        <time>2021-03-26T15:28:29.000Z</time>
      </trkpt>
      <trkpt lat="54.765509" lon="9.600269">
        <ele>34.217921</ele>
        <time>2021-03-26T15:28:31.000Z</time>
      </trkpt>
      <trkpt lat="54.765465" lon="9.600339">
        <ele>34.245122</ele>
        <time>2021-03-26T15:28:35.000Z</time>
      </trkpt>
      <trkpt lat="54.765437" lon="9.600387">
        <ele>34.263057</ele>
        <time>2021-03-26T15:28:38.000Z</time>
      </trkpt>
      <trkpt lat="54.765414" lon="9.600413">
        <ele>34.275563</ele>
        <time>2021-03-26T15:28:40.000Z</time>
      </trkpt>
      <trkpt lat="54.765403" lon="9.600426">
        <ele>34.281627</ele>
        <time>2021-03-26T15:28:41.000Z</time>
      </trkpt>
      <trkpt lat="54.765369" lon="9.600494">
        <ele>34.305271</ele>
        <time>2021-03-26T15:28:44.000Z</time>
      </trkpt>
      <trkpt lat="54.765280" lon="9.600692">
        <ele>34.371223</ele>
        <time>2021-03-26T15:28:51.000Z</time>
      </trkpt>
      <trkpt lat="54.765242" lon="9.600733">
        <ele>34.391609</ele>
        <time>2021-03-26T15:28:54.000Z</time>
      </trkpt>
      <trkpt lat="54.765229" lon="9.600756">
        <ele>34.400070</ele>
        <time>2021-03-26T15:28:55.000Z</time>
      </trkpt>
      <trkpt lat="54.765196" lon="9.600850">
        <ele>34.428982</ele>
        <time>2021-03-26T15:28:59.000Z</time>
      </trkpt>
      <trkpt lat="54.765139" lon="9.600926">
        <ele>34.461735</ele>
        <time>2021-03-26T15:29:03.000Z</time>
      </trkpt>
      <trkpt lat="54.765092" lon="9.600980">
        <ele>34.487416</ele>
        <time>2021-03-26T15:29:06.000Z</time>
      </trkpt>
      <trkpt lat="54.764968" lon="9.601066">
        <ele>34.548244</ele>
        <time>2021-03-26T15:29:13.000Z</time>
      </trkpt>
      <trkpt lat="54.764905" lon="9.601125">
        <ele>34.580857</ele>
        <time>2021-03-26T15:29:18.000Z</time>
      </trkpt>
      <trkpt lat="54.764885" lon="9.601142">
        <ele>34.591003</ele>
        <time>2021-03-26T15:29:19.000Z</time>
      </trkpt>
      <trkpt lat="54.764837" lon="9.601180">
        <ele>34.615036</ele>
        <time>2021-03-26T15:29:22.000Z</time>
      </trkpt>
      <trkpt lat="54.764798" lon="9.601217">
        <ele>34.635285</ele>
        <time>2021-03-26T15:29:25.000Z</time>
      </trkpt>
      <trkpt lat="54.764775" lon="9.601228">
        <ele>34.646152</ele>
        <time>2021-03-26T15:29:27.000Z</time>
      </trkpt>
      <trkpt lat="54.764720" lon="9.601270">
        <ele>34.673524</ele>
        <time>2021-03-26T15:29:31.000Z</time>
      </trkpt>
      <trkpt lat="54.764680" lon="9.601270">
        <ele>34.691742</ele>
        <time>2021-03-26T15:29:33.000Z</time>
      </trkpt>
      <trkpt lat="54.764549" lon="9.601253">
        <ele>34.606254</ele>
        <time>2021-03-26T15:29:40.000Z</time>
      </trkpt>
      <trkpt lat="54.764463" lon="9.601281">
        <ele>34.456008</ele>
        <time>2021-03-26T15:29:46.000Z</time>
      </trkpt>
      <trkpt lat="54.764346" lon="9.601317">
        <ele>34.251977</ele>
        <time>2021-03-26T15:29:52.000Z</time>
      </trkpt>
      <trkpt lat="54.764273" lon="9.601230">
        <ele>34.099864</ele>
        <time>2021-03-26T15:29:57.000Z</time>
      </trkpt>
      <trkpt lat="54.764237" lon="9.601194">
        <ele>34.028502</ele>
        <time>2021-03-26T15:30:01.000Z</time>
      </trkpt>
      <trkpt lat="54.764230" lon="9.601188">
        <ele>34.015093</ele>
        <time>2021-03-26T15:30:03.000Z</time>
      </trkpt>
      <trkpt lat="54.764199" lon="9.601141">
        <ele>33.944376</ele>
        <time>2021-03-26T15:30:06.000Z</time>
      </trkpt>
      <trkpt lat="54.764149" lon="9.601105">
        <ele>33.851413</ele>
        <time>2021-03-26T15:30:09.000Z</time>
      </trkpt>
      <trkpt lat="54.764037" lon="9.601042">
        <ele>33.649234</ele>
        <time>2021-03-26T15:30:15.000Z</time>
      </trkpt>
      <trkpt lat="54.764022" lon="9.601024">
        <ele>33.617908</ele>
        <time>2021-03-26T15:30:16.000Z</time>
      </trkpt>
      <trkpt lat="54.763970" lon="9.600973">
        <ele>33.515320</ele>
        <time>2021-03-26T15:30:21.000Z</time>
      </trkpt>
      <trkpt lat="54.763952" lon="9.600972">
        <ele>33.484398</ele>
        <time>2021-03-26T15:30:22.000Z</time>
      </trkpt>
      <trkpt lat="54.763872" lon="9.600902">
        <ele>33.330526</ele>
        <time>2021-03-26T15:30:27.000Z</time>
      </trkpt>
      <trkpt lat="54.763862" lon="9.600878">
        <ele>33.301199</ele>
        <time>2021-03-26T15:30:28.000Z</time>
      </trkpt>
      <trkpt lat="54.763791" lon="9.600804">
        <ele>33.158948</ele>
        <time>2021-03-26T15:30:34.000Z</time>
      </trkpt>
      <trkpt lat="54.763767" lon="9.600768">
        <ele>33.104450</ele>
        <time>2021-03-26T15:30:36.000Z</time>
      </trkpt>
      <trkpt lat="54.763713" lon="9.600707">
        <ele>32.993778</ele>
        <time>2021-03-26T15:30:41.000Z</time>
      </trkpt>
      <trkpt lat="54.763652" lon="9.600610">
        <ele>32.851639</ele>
        <time>2021-03-26T15:30:44.000Z</time>
      </trkpt>
      <trkpt lat="54.763606" lon="9.600577">
        <ele>32.766158</ele>
        <time>2021-03-26T15:30:46.000Z</time>
      </trkpt>
      <trkpt lat="54.763570" lon="9.600528">
        <ele>32.687564</ele>
        <time>2021-03-26T15:30:48.000Z</time>
      </trkpt>
      <trkpt lat="54.763544" lon="9.600477">
        <ele>32.620144</ele>
        <time>2021-03-26T15:30:50.000Z</time>
      </trkpt>
      <trkpt lat="54.763511" lon="9.600424">
        <ele>32.542896</ele>
        <time>2021-03-26T15:30:52.000Z</time>
      </trkpt>
      <trkpt lat="54.763417" lon="9.600349">
        <ele>32.365217</ele>
        <time>2021-03-26T15:30:57.000Z</time>
      </trkpt>
      <trkpt lat="54.763388" lon="9.600324">
        <ele>32.309604</ele>
        <time>2021-03-26T15:30:59.000Z</time>
      </trkpt>
      <trkpt lat="54.763334" lon="9.600262">
        <ele>32.198388</ele>
        <time>2021-03-26T15:31:03.000Z</time>
      </trkpt>
      <trkpt lat="54.763292" lon="9.600187">
        <ele>32.094847</ele>
        <time>2021-03-26T15:31:08.000Z</time>
      </trkpt>
      <trkpt lat="54.763253" lon="9.600095">
        <ele>31.981752</ele>
        <time>2021-03-26T15:31:14.000Z</time>
      </trkpt>
      <trkpt lat="54.763251" lon="9.600078">
        <ele>31.964564</ele>
        <time>2021-03-26T15:31:15.000Z</time>
      </trkpt>
      <trkpt lat="54.763248" lon="9.600064">
        <ele>31.949770</ele>
        <time>2021-03-26T15:31:16.000Z</time>
      </trkpt>
      <trkpt lat="54.763238" lon="9.600037">
        <ele>31.917985</ele>
        <time>2021-03-26T15:31:17.000Z</time>
      </trkpt>
      <trkpt lat="54.763203" lon="9.599985">
        <ele>31.838833</ele>
        <time>2021-03-26T15:31:20.000Z</time>
      </trkpt>
      <trkpt lat="54.763150" lon="9.599935">
        <ele>31.735224</ele>
        <time>2021-03-26T15:31:25.000Z</time>
      </trkpt>
      <trkpt lat="54.763142" lon="9.599925">
        <ele>31.718288</ele>
        <time>2021-03-26T15:31:26.000Z</time>
      </trkpt>
      <trkpt lat="54.763119" lon="9.599833">
        <ele>31.629578</ele>
        <time>2021-03-26T15:31:31.000Z</time>
      </trkpt>
      <trkpt lat="54.763105" lon="9.599769">
        <ele>31.613758</ele>
        <time>2021-03-26T15:31:33.000Z</time>
      </trkpt>
      <trkpt lat="54.763067" lon="9.599622">
        <ele>31.576529</ele>
        <time>2021-03-26T15:31:37.000Z</time>
      </trkpt>
      <trkpt lat="54.763054" lon="9.599579">
        <ele>31.565309</ele>
        <time>2021-03-26T15:31:38.000Z</time>
      </trkpt>
      <trkpt lat="54.763046" lon="9.599542">
        <ele>31.556177</ele>
        <time>2021-03-26T15:31:39.000Z</time>
      </trkpt>
      <trkpt lat="54.763010" lon="9.599435">
        <ele>31.527549</ele>
        <time>2021-03-26T15:31:43.000Z</time>
      </trkpt>
      <trkpt lat="54.763008" lon="9.599352">
        <ele>31.508349</ele>
        <time>2021-03-26T15:31:46.000Z</time>
      </trkpt>
      <trkpt lat="54.763023" lon="9.599216">
        <ele>31.476347</ele>
        <time>2021-03-26T15:31:51.000Z</time>
      </trkpt>
      <trkpt lat="54.763027" lon="9.599191">
        <ele>31.470351</ele>
        <time>2021-03-26T15:31:52.000Z</time>
      </trkpt>
      <trkpt lat="54.763027" lon="9.599114">
        <ele>31.452555</ele>
        <time>2021-03-26T15:31:55.000Z</time>
      </trkpt>
      <trkpt lat="54.763013" lon="9.599014">
        <ele>31.428772</ele>
        <time>2021-03-26T15:31:59.000Z</time>
      </trkpt>
      <trkpt lat="54.763004" lon="9.598958">
        <ele>31.415336</ele>
        <time>2021-03-26T15:32:01.000Z</time>
      </trkpt>
      <trkpt lat="54.762991" lon="9.598905">
        <ele>31.402026</ele>
        <time>2021-03-26T15:32:03.000Z</time>
      </trkpt>
      <trkpt lat="54.762972" lon="9.598836">
        <ele>31.384355</ele>
        <time>2021-03-26T15:32:06.000Z</time>
      </trkpt>
      <trkpt lat="54.762967" lon="9.598818">
        <ele>31.379738</ele>
        <time>2021-03-26T15:32:07.000Z</time>
      </trkpt>
      <trkpt lat="54.762942" lon="9.598720">
        <ele>31.354973</ele>
        <time>2021-03-26T15:32:11.000Z</time>
      </trkpt>
      <trkpt lat="54.762923" lon="9.598653">
        <ele>31.337718</ele>
        <time>2021-03-26T15:32:14.000Z</time>
      </trkpt>
      <trkpt lat="54.762895" lon="9.598598">
        <ele>31.320765</ele>
        <time>2021-03-26T15:32:16.000Z</time>
      </trkpt>
      <trkpt lat="54.762872" lon="9.598559">
        <ele>31.307876</ele>
        <time>2021-03-26T15:32:18.000Z</time>
      </trkpt>
      <trkpt lat="54.762868" lon="9.598542">
        <ele>31.303632</ele>
        <time>2021-03-26T15:32:19.000Z</time>
      </trkpt>
      <trkpt lat="54.762820" lon="9.598487">
        <ele>31.280582</ele>
        <time>2021-03-26T15:32:22.000Z</time>
      </trkpt>
      <trkpt lat="54.762806" lon="9.598468">
        <ele>31.273459</ele>
        <time>2021-03-26T15:32:23.000Z</time>
      </trkpt>
      <trkpt lat="54.762797" lon="9.598450">
        <ele>31.267954</ele>
        <time>2021-03-26T15:32:24.000Z</time>
      </trkpt>
      <trkpt lat="54.762768" lon="9.598419">
        <ele>31.254305</ele>
        <time>2021-03-26T15:32:27.000Z</time>
      </trkpt>
      <trkpt lat="54.762759" lon="9.598402">
        <ele>31.248973</ele>
        <time>2021-03-26T15:32:28.000Z</time>
      </trkpt>
      <trkpt lat="54.762723" lon="9.598340">
        <ele>31.228643</ele>
        <time>2021-03-26T15:32:32.000Z</time>
      </trkpt>
      <trkpt lat="54.762684" lon="9.598292">
        <ele>31.209482</ele>
        <time>2021-03-26T15:32:35.000Z</time>
      </trkpt>
      <trkpt lat="54.762609" lon="9.598169">
        <ele>31.168120</ele>
        <time>2021-03-26T15:32:41.000Z</time>
      </trkpt>
      <trkpt lat="54.762553" lon="9.598121">
        <ele>31.143093</ele>
        <time>2021-03-26T15:32:45.000Z</time>
      </trkpt>
      <trkpt lat="54.762499" lon="9.598072">
        <ele>31.118676</ele>
        <time>2021-03-26T15:32:49.000Z</time>
      </trkpt>
      <trkpt lat="54.762483" lon="9.598057">
        <ele>31.111390</ele>
        <time>2021-03-26T15:32:50.000Z</time>
      </trkpt>
      <trkpt lat="54.762469" lon="9.598027">
        <ele>31.102472</ele>
        <time>2021-03-26T15:32:52.000Z</time>
      </trkpt>
      <trkpt lat="54.762453" lon="9.598006">
        <ele>31.094432</ele>
        <time>2021-03-26T15:32:54.000Z</time>
      </trkpt>
      <trkpt lat="54.762445" lon="9.597985">
        <ele>31.088616</ele>
        <time>2021-03-26T15:32:55.000Z</time>
      </trkpt>
      <trkpt lat="54.762373" lon="9.597817">
        <ele>31.040246</ele>
        <time>2021-03-26T15:33:01.000Z</time>
      </trkpt>
      <trkpt lat="54.762365" lon="9.597713">
        <ele>31.015997</ele>
        <time>2021-03-26T15:33:05.000Z</time>
      </trkpt>
      <trkpt lat="54.762369" lon="9.597686">
        <ele>31.009554</ele>
        <time>2021-03-26T15:33:06.000Z</time>
      </trkpt>
      <trkpt lat="54.762369" lon="9.597643">
        <ele>30.999615</ele>
        <time>2021-03-26T15:33:08.000Z</time>
      </trkpt>
      <trkpt lat="54.762340" lon="9.597563">
        <ele>30.977779</ele>
        <time>2021-03-26T15:33:11.000Z</time>
      </trkpt>
      <trkpt lat="54.762333" lon="9.597534">
        <ele>30.970513</ele>
        <time>2021-03-26T15:33:12.000Z</time>
      </trkpt>
      <trkpt lat="54.762325" lon="9.597512">
        <ele>30.964503</ele>
        <time>2021-03-26T15:33:13.000Z</time>
      </trkpt>
      <trkpt lat="54.762296" lon="9.597350">
        <ele>30.925299</ele>
        <time>2021-03-26T15:33:19.000Z</time>
      </trkpt>
      <trkpt lat="54.762297" lon="9.597303">
        <ele>30.914429</ele>
        <time>2021-03-26T15:33:21.000Z</time>
      </trkpt>
      <trkpt lat="54.762323" lon="9.597191">
        <ele>30.835457</ele>
        <time>2021-03-26T15:33:25.000Z</time>
      </trkpt>
      <trkpt lat="54.762351" lon="9.597106">
        <ele>30.768001</ele>
        <time>2021-03-26T15:33:28.000Z</time>
      </trkpt>
      <trkpt lat="54.762369" lon="9.597057">
        <ele>30.727968</ele>
        <time>2021-03-26T15:33:30.000Z</time>
      </trkpt>
      <trkpt lat="54.762382" lon="9.597000">
        <ele>30.685727</ele>
        <time>2021-03-26T15:33:32.000Z</time>
      </trkpt>
      <trkpt lat="54.762387" lon="9.596963">
        <ele>30.659537</ele>
        <time>2021-03-26T15:33:33.000Z</time>
      </trkpt>
      <trkpt lat="54.762432" lon="9.596833">
        <ele>30.555057</ele>
        <time>2021-03-26T15:33:38.000Z</time>
      </trkpt>
      <trkpt lat="54.762479" lon="9.596697">
        <ele>30.445802</ele>
        <time>2021-03-26T15:33:45.000Z</time>
      </trkpt>
      <trkpt lat="54.762510" lon="9.596563">
        <ele>30.346305</ele>
        <time>2021-03-26T15:33:51.000Z</time>
      </trkpt>
      <trkpt lat="54.762570" lon="9.596413">
        <ele>30.220516</ele>
        <time>2021-03-26T15:33:58.000Z</time>
      </trkpt>
      <trkpt lat="54.762574" lon="9.596381">
        <ele>30.197951</ele>
        <time>2021-03-26T15:33:59.000Z</time>
      </trkpt>
      <trkpt lat="54.762618" lon="9.596187">
        <ele>30.054292</ele>
        <time>2021-03-26T15:34:04.000Z</time>
      </trkpt>
      <trkpt lat="54.762628" lon="9.596161">
        <ele>30.032757</ele>
        <time>2021-03-26T15:34:05.000Z</time>
      </trkpt>
      <trkpt lat="54.762680" lon="9.596062">
        <ele>29.940490</ele>
        <time>2021-03-26T15:34:09.000Z</time>
      </trkpt>
      <trkpt lat="54.762745" lon="9.595998">
        <ele>29.851196</ele>
        <time>2021-03-26T15:34:15.000Z</time>
      </trkpt>
      <trkpt lat="54.762823" lon="9.595910">
        <ele>29.740026</ele>
        <time>2021-03-26T15:34:21.000Z</time>
      </trkpt>
      <trkpt lat="54.762845" lon="9.595871">
        <ele>29.702437</ele>
        <time>2021-03-26T15:34:23.000Z</time>
      </trkpt>
      <trkpt lat="54.762853" lon="9.595866">
        <ele>29.692279</ele>
        <time>2021-03-26T15:34:25.000Z</time>
      </trkpt>
      <trkpt lat="54.762883" lon="9.595894">
        <ele>29.651579</ele>
        <time>2021-03-26T15:34:31.000Z</time>
      </trkpt>
      <trkpt lat="54.762915" lon="9.595897">
        <ele>29.613300</ele>
        <time>2021-03-26T15:34:39.000Z</time>
      </trkpt>
      <trkpt lat="54.762939" lon="9.595891">
        <ele>29.584336</ele>
        <time>2021-03-26T15:34:41.000Z</time>
      </trkpt>
      <trkpt lat="54.763001" lon="9.595876">
        <ele>29.509560</ele>
        <time>2021-03-26T15:34:46.000Z</time>
      </trkpt>
      <trkpt lat="54.763034" lon="9.595856">
        <ele>29.467802</ele>
        <time>2021-03-26T15:34:48.000Z</time>
      </trkpt>
      <trkpt lat="54.763100" lon="9.595824">
        <ele>29.385940</ele>
        <time>2021-03-26T15:34:52.000Z</time>
      </trkpt>
      <trkpt lat="54.763125" lon="9.595810">
        <ele>29.354558</ele>
        <time>2021-03-26T15:34:53.000Z</time>
      </trkpt>
      <trkpt lat="54.763157" lon="9.595792">
        <ele>29.314372</ele>
        <time>2021-03-26T15:34:55.000Z</time>
      </trkpt>
      <trkpt lat="54.763234" lon="9.595776">
        <ele>29.221738</ele>
        <time>2021-03-26T15:35:00.000Z</time>
      </trkpt>
      <trkpt lat="54.763277" lon="9.595764">
        <ele>29.169714</ele>
        <time>2021-03-26T15:35:04.000Z</time>
      </trkpt>
      <trkpt lat="54.763304" lon="9.595748">
        <ele>29.135630</ele>
        <time>2021-03-26T15:35:06.000Z</time>
      </trkpt>
      <trkpt lat="54.763422" lon="9.595661">
        <ele>28.982459</ele>
        <time>2021-03-26T15:35:15.000Z</time>
      </trkpt>
      <trkpt lat="54.763493" lon="9.595532">
        <ele>28.859594</ele>
        <time>2021-03-26T15:35:22.000Z</time>
      </trkpt>
      <trkpt lat="54.763496" lon="9.595513">
        <ele>28.846018</ele>
        <time>2021-03-26T15:35:23.000Z</time>
      </trkpt>
      <trkpt lat="54.763500" lon="9.595399">
        <ele>28.767309</ele>
        <time>2021-03-26T15:35:28.000Z</time>
      </trkpt>
      <trkpt lat="54.763507" lon="9.595209">
        <ele>28.817931</ele>
        <time>2021-03-26T15:35:35.000Z</time>
      </trkpt>
      <trkpt lat="54.763507" lon="9.594991">
        <ele>28.881529</ele>
        <time>2021-03-26T15:35:42.000Z</time>
      </trkpt>
      <trkpt lat="54.763506" lon="9.594831">
        <ele>28.928208</ele>
        <time>2021-03-26T15:35:48.000Z</time>
      </trkpt>
      <trkpt lat="54.763519" lon="9.594670">
        <ele>28.975635</ele>
        <time>2021-03-26T15:35:54.000Z</time>
      </trkpt>
      <trkpt lat="54.763520" lon="9.594641">
        <ele>28.984110</ele>
        <time>2021-03-26T15:35:55.000Z</time>
      </trkpt>
      <trkpt lat="54.763529" lon="9.594492">
        <ele>29.027815</ele>
        <time>2021-03-26T15:36:01.000Z</time>
      </trkpt>
      <trkpt lat="54.763536" lon="9.594445">
        <ele>29.041976</ele>
        <time>2021-03-26T15:36:03.000Z</time>
      </trkpt>
      <trkpt lat="54.763552" lon="9.594285">
        <ele>29.089349</ele>
        <time>2021-03-26T15:36:09.000Z</time>
      </trkpt>
      <trkpt lat="54.763562" lon="9.594072">
        <ele>29.151693</ele>
        <time>2021-03-26T15:36:16.000Z</time>
      </trkpt>
      <trkpt lat="54.763555" lon="9.593915">
        <ele>29.197631</ele>
        <time>2021-03-26T15:36:21.000Z</time>
      </trkpt>
      <trkpt lat="54.763558" lon="9.593873">
        <ele>29.209978</ele>
        <time>2021-03-26T15:36:23.000Z</time>
      </trkpt>
      <trkpt lat="54.763568" lon="9.593797">
        <ele>29.232718</ele>
        <time>2021-03-26T15:36:27.000Z</time>
      </trkpt>
      <trkpt lat="54.763568" lon="9.593754">
        <ele>29.245263</ele>
        <time>2021-03-26T15:36:29.000Z</time>
      </trkpt>
      <trkpt lat="54.763564" lon="9.593674">
        <ele>29.268689</ele>
        <time>2021-03-26T15:36:33.000Z</time>
      </trkpt>
      <trkpt lat="54.763557" lon="9.593589">
        <ele>29.293737</ele>
        <time>2021-03-26T15:36:36.000Z</time>
      </trkpt>
      <trkpt lat="54.763547" lon="9.593484">
        <ele>29.324783</ele>
        <time>2021-03-26T15:36:40.000Z</time>
      </trkpt>
      <trkpt lat="54.763529" lon="9.593415">
        <ele>29.346875</ele>
        <time>2021-03-26T15:36:43.000Z</time>
      </trkpt>
      <trkpt lat="54.763504" lon="9.593243">
        <ele>29.398620</ele>
        <time>2021-03-26T15:36:50.000Z</time>
      </trkpt>
      <trkpt lat="54.763497" lon="9.593052">
        <ele>29.454453</ele>
        <time>2021-03-26T15:36:58.000Z</time>
      </trkpt>
      <trkpt lat="54.763496" lon="9.592921">
        <ele>29.492673</ele>
        <time>2021-03-26T15:37:02.000Z</time>
      </trkpt>
      <trkpt lat="54.763494" lon="9.592828">
        <ele>29.519823</ele>
        <time>2021-03-26T15:37:05.000Z</time>
      </trkpt>
      <trkpt lat="54.763493" lon="9.592801">
        <ele>29.527716</ele>
        <time>2021-03-26T15:37:06.000Z</time>
      </trkpt>
      <trkpt lat="54.763459" lon="9.592637">
        <ele>29.578555</ele>
        <time>2021-03-26T15:37:12.000Z</time>
      </trkpt>
      <trkpt lat="54.763422" lon="9.592468">
        <ele>29.631288</ele>
        <time>2021-03-26T15:37:19.000Z</time>
      </trkpt>
      <trkpt lat="54.763405" lon="9.592356">
        <ele>29.665074</ele>
        <time>2021-03-26T15:37:23.000Z</time>
      </trkpt>
      <trkpt lat="54.763397" lon="9.592306">
        <ele>29.664091</ele>
        <time>2021-03-26T15:37:25.000Z</time>
      </trkpt>
      <trkpt lat="54.763389" lon="9.592244">
        <ele>29.639264</ele>
        <time>2021-03-26T15:37:27.000Z</time>
      </trkpt>
      <trkpt lat="54.763384" lon="9.592209">
        <ele>29.625174</ele>
        <time>2021-03-26T15:37:28.000Z</time>
      </trkpt>
      <trkpt lat="54.763364" lon="9.592072">
        <ele>29.569950</ele>
        <time>2021-03-26T15:37:33.000Z</time>
      </trkpt>
      <trkpt lat="54.763345" lon="9.591884">
        <ele>29.495366</ele>
        <time>2021-03-26T15:37:40.000Z</time>
      </trkpt>
      <trkpt lat="54.763337" lon="9.591858">
        <ele>29.483851</ele>
        <time>2021-03-26T15:37:41.000Z</time>
      </trkpt>
      <trkpt lat="54.763306" lon="9.591653">
        <ele>29.401036</ele>
        <time>2021-03-26T15:37:49.000Z</time>
      </trkpt>
      <trkpt lat="54.763297" lon="9.591566">
        <ele>29.366496</ele>
        <time>2021-03-26T15:37:53.000Z</time>
      </trkpt>
      <trkpt lat="54.763301" lon="9.591532">
        <ele>29.352936</ele>
        <time>2021-03-26T15:37:55.000Z</time>
      </trkpt>
      <trkpt lat="54.763288" lon="9.591465">
        <ele>29.325313</ele>
        <time>2021-03-26T15:37:58.000Z</time>
      </trkpt>
      <trkpt lat="54.763289" lon="9.591386">
        <ele>29.294435</ele>
        <time>2021-03-26T15:38:01.000Z</time>
      </trkpt>
      <trkpt lat="54.763280" lon="9.591170">
        <ele>29.209807</ele>
        <time>2021-03-26T15:38:08.000Z</time>
      </trkpt>
      <trkpt lat="54.763247" lon="9.590924">
        <ele>29.111112</ele>
        <time>2021-03-26T15:38:17.000Z</time>
      </trkpt>
      <trkpt lat="54.763219" lon="9.590768">
        <ele>29.047268</ele>
        <time>2021-03-26T15:38:22.000Z</time>
      </trkpt>
      <trkpt lat="54.763208" lon="9.590670">
        <ele>29.008254</ele>
        <time>2021-03-26T15:38:25.000Z</time>
      </trkpt>
      <trkpt lat="54.763201" lon="9.590618">
        <ele>28.987388</ele>
        <time>2021-03-26T15:38:27.000Z</time>
      </trkpt>
      <trkpt lat="54.763191" lon="9.590478">
        <ele>28.932261</ele>
        <time>2021-03-26T15:38:32.000Z</time>
      </trkpt>
      <trkpt lat="54.763188" lon="9.590436">
        <ele>28.915723</ele>
        <time>2021-03-26T15:38:34.000Z</time>
      </trkpt>
      <trkpt lat="54.763184" lon="9.590320">
        <ele>28.870312</ele>
        <time>2021-03-26T15:38:39.000Z</time>
      </trkpt>
      <trkpt lat="54.763183" lon="9.590265">
        <ele>28.848809</ele>
        <time>2021-03-26T15:38:41.000Z</time>
      </trkpt>
      <trkpt lat="54.763147" lon="9.590047">
        <ele>28.760198</ele>
        <time>2021-03-26T15:38:49.000Z</time>
      </trkpt>
      <trkpt lat="54.763119" lon="9.589857">
        <ele>28.683567</ele>
        <time>2021-03-26T15:38:56.000Z</time>
      </trkpt>
      <trkpt lat="54.763087" lon="9.589644">
        <ele>28.597555</ele>
        <time>2021-03-26T15:39:04.000Z</time>
      </trkpt>
      <trkpt lat="54.763052" lon="9.589423">
        <ele>28.507999</ele>
        <time>2021-03-26T15:39:12.000Z</time>
      </trkpt>
      <trkpt lat="54.763023" lon="9.589269">
        <ele>28.463718</ele>
        <time>2021-03-26T15:39:18.000Z</time>
      </trkpt>
      <trkpt lat="54.763020" lon="9.589227">
        <ele>28.477461</ele>
        <time>2021-03-26T15:39:20.000Z</time>
      </trkpt>
      <trkpt lat="54.762994" lon="9.589114">
        <ele>28.516967</ele>
        <time>2021-03-26T15:39:25.000Z</time>
      </trkpt>
      <trkpt lat="54.762987" lon="9.589092">
        <ele>28.525126</ele>
        <time>2021-03-26T15:39:26.000Z</time>
      </trkpt>
      <trkpt lat="54.762969" lon="9.588901">
        <ele>28.587973</ele>
        <time>2021-03-26T15:39:34.000Z</time>
      </trkpt>
      <trkpt lat="54.762953" lon="9.588805">
        <ele>28.620422</ele>
        <time>2021-03-26T15:39:37.000Z</time>
      </trkpt>
      <trkpt lat="54.762924" lon="9.588623">
        <ele>28.681737</ele>
        <time>2021-03-26T15:39:43.000Z</time>
      </trkpt>
      <trkpt lat="54.762918" lon="9.588413">
        <ele>28.750016</ele>
        <time>2021-03-26T15:39:51.000Z</time>
      </trkpt>
      <trkpt lat="54.762907" lon="9.588325">
        <ele>28.779256</ele>
        <time>2021-03-26T15:39:54.000Z</time>
      </trkpt>
      <trkpt lat="54.762893" lon="9.588235">
        <ele>28.809526</ele>
        <time>2021-03-26T15:39:57.000Z</time>
      </trkpt>
      <trkpt lat="54.762879" lon="9.588146">
        <ele>28.839483</ele>
        <time>2021-03-26T15:40:00.000Z</time>
      </trkpt>
      <trkpt lat="54.762858" lon="9.588027">
        <ele>28.879894</ele>
        <time>2021-03-26T15:40:04.000Z</time>
      </trkpt>
      <trkpt lat="54.762853" lon="9.588000">
        <ele>28.889103</ele>
        <time>2021-03-26T15:40:05.000Z</time>
      </trkpt>
      <trkpt lat="54.762840" lon="9.587945">
        <ele>28.908404</ele>
        <time>2021-03-26T15:40:07.000Z</time>
      </trkpt>
      <trkpt lat="54.762821" lon="9.587794">
        <ele>28.958592</ele>
        <time>2021-03-26T15:40:13.000Z</time>
      </trkpt>
      <trkpt lat="54.762793" lon="9.587575">
        <ele>29.031436</ele>
        <time>2021-03-26T15:40:22.000Z</time>
      </trkpt>
      <trkpt lat="54.762792" lon="9.587522">
        <ele>29.048656</ele>
        <time>2021-03-26T15:40:24.000Z</time>
      </trkpt>
      <trkpt lat="54.762786" lon="9.587495">
        <ele>29.058052</ele>
        <time>2021-03-26T15:40:25.000Z</time>
      </trkpt>
      <trkpt lat="54.762783" lon="9.587441">
        <ele>29.075669</ele>
        <time>2021-03-26T15:40:27.000Z</time>
      </trkpt>
      <trkpt lat="54.762772" lon="9.587185">
        <ele>29.159033</ele>
        <time>2021-03-26T15:40:36.000Z</time>
      </trkpt>
      <trkpt lat="54.762743" lon="9.587011">
        <ele>29.217848</ele>
        <time>2021-03-26T15:40:43.000Z</time>
      </trkpt>
      <trkpt lat="54.762743" lon="9.586995">
        <ele>29.223044</ele>
        <time>2021-03-26T15:40:44.000Z</time>
      </trkpt>
      <trkpt lat="54.762743" lon="9.586990">
        <ele>29.224667</ele>
        <time>2021-03-26T15:40:45.000Z</time>
      </trkpt>
      <trkpt lat="54.762735" lon="9.586997">
        <ele>29.229711</ele>
        <time>2021-03-26T15:40:47.000Z</time>
      </trkpt>
      <trkpt lat="54.762729" lon="9.586991">
        <ele>29.233610</ele>
        <time>2021-03-26T15:40:49.000Z</time>
      </trkpt>
      <trkpt lat="54.762725" lon="9.586977">
        <ele>29.238684</ele>
        <time>2021-03-26T15:40:50.000Z</time>
      </trkpt>
      <trkpt lat="54.762710" lon="9.586849">
        <ele>29.281099</ele>
        <time>2021-03-26T15:40:56.000Z</time>
      </trkpt>
      <trkpt lat="54.762684" lon="9.586675">
        <ele>29.339468</ele>
        <time>2021-03-26T15:41:03.000Z</time>
      </trkpt>
      <trkpt lat="54.762668" lon="9.586534">
        <ele>29.386134</ele>
        <time>2021-03-26T15:41:09.000Z</time>
      </trkpt>
      <trkpt lat="54.762664" lon="9.586510">
        <ele>29.394246</ele>
        <time>2021-03-26T15:41:10.000Z</time>
      </trkpt>
      <trkpt lat="54.762658" lon="9.586440">
        <ele>29.417228</ele>
        <time>2021-03-26T15:41:13.000Z</time>
      </trkpt>
      <trkpt lat="54.762639" lon="9.586274">
        <ele>29.493232</ele>
        <time>2021-03-26T15:41:19.000Z</time>
      </trkpt>
      <trkpt lat="54.762640" lon="9.586159">
        <ele>29.696235</ele>
        <time>2021-03-26T15:41:23.000Z</time>
      </trkpt>
      <trkpt lat="54.762661" lon="9.586113">
        <ele>29.799769</ele>
        <time>2021-03-26T15:41:25.000Z</time>
      </trkpt>
      <trkpt lat="54.762697" lon="9.586066">
        <ele>29.937648</ele>
        <time>2021-03-26T15:41:28.000Z</time>
      </trkpt>
      <trkpt lat="54.762710" lon="9.586048">
        <ele>29.988550</ele>
        <time>2021-03-26T15:41:29.000Z</time>
      </trkpt>
      <trkpt lat="54.762742" lon="9.586035">
        <ele>30.089097</ele>
        <time>2021-03-26T15:41:31.000Z</time>
      </trkpt>
      <trkpt lat="54.762759" lon="9.586031">
        <ele>30.141580</ele>
        <time>2021-03-26T15:41:32.000Z</time>
      </trkpt>
      <trkpt lat="54.762844" lon="9.585930">
        <ele>30.456851</ele>
        <time>2021-03-26T15:41:38.000Z</time>
      </trkpt>
      <trkpt lat="54.762960" lon="9.585834">
        <ele>30.850095</ele>
        <time>2021-03-26T15:41:46.000Z</time>
      </trkpt>
      <trkpt lat="54.763061" lon="9.585765">
        <ele>31.182208</ele>
        <time>2021-03-26T15:41:53.000Z</time>
      </trkpt>
      <trkpt lat="54.763176" lon="9.585688">
        <ele>31.559353</ele>
        <time>2021-03-26T15:41:59.000Z</time>
      </trkpt>
      <trkpt lat="54.763255" lon="9.585624">
        <ele>31.826125</ele>
        <time>2021-03-26T15:42:05.000Z</time>
      </trkpt>
      <trkpt lat="54.763270" lon="9.585618">
        <ele>31.873219</ele>
        <time>2021-03-26T15:42:06.000Z</time>
      </trkpt>
      <trkpt lat="54.763343" lon="9.585596">
        <ele>32.099890</ele>
        <time>2021-03-26T15:42:12.000Z</time>
      </trkpt>
      <trkpt lat="54.763442" lon="9.585554">
        <ele>32.411690</ele>
        <time>2021-03-26T15:42:19.000Z</time>
      </trkpt>
      <trkpt lat="54.763475" lon="9.585543">
        <ele>32.514493</ele>
        <time>2021-03-26T15:42:21.000Z</time>
      </trkpt>
      <trkpt lat="54.763574" lon="9.585463">
        <ele>32.848650</ele>
        <time>2021-03-26T15:42:29.000Z</time>
      </trkpt>
      <trkpt lat="54.763669" lon="9.585397">
        <ele>33.161750</ele>
        <time>2021-03-26T15:42:35.000Z</time>
      </trkpt>
      <trkpt lat="54.763685" lon="9.585390">
        <ele>33.212232</ele>
        <time>2021-03-26T15:42:36.000Z</time>
      </trkpt>
      <trkpt lat="54.763806" lon="9.585344">
        <ele>33.591193</ele>
        <time>2021-03-26T15:42:43.000Z</time>
      </trkpt>
      <trkpt lat="54.763870" lon="9.585325">
        <ele>33.789832</ele>
        <time>2021-03-26T15:42:47.000Z</time>
      </trkpt>
      <trkpt lat="54.763894" lon="9.585305">
        <ele>33.871297</ele>
        <time>2021-03-26T15:42:49.000Z</time>
      </trkpt>
      <trkpt lat="54.763930" lon="9.585258">
        <ele>34.009175</ele>
        <time>2021-03-26T15:42:53.000Z</time>
      </trkpt>
      <trkpt lat="54.763941" lon="9.585250">
        <ele>34.045668</ele>
        <time>2021-03-26T15:42:54.000Z</time>
      </trkpt>
      <trkpt lat="54.763954" lon="9.585240">
        <ele>34.089178</ele>
        <time>2021-03-26T15:42:55.000Z</time>
      </trkpt>
      <trkpt lat="54.764066" lon="9.585128">
        <ele>34.484742</ele>
        <time>2021-03-26T15:43:03.000Z</time>
      </trkpt>
      <trkpt lat="54.764161" lon="9.585033">
        <ele>34.820265</ele>
        <time>2021-03-26T15:43:10.000Z</time>
      </trkpt>
      <trkpt lat="54.764174" lon="9.585024">
        <ele>34.863090</ele>
        <time>2021-03-26T15:43:11.000Z</time>
      </trkpt>
      <trkpt lat="54.764202" lon="9.584958">
        <ele>34.987695</ele>
        <time>2021-03-26T15:43:15.000Z</time>
      </trkpt>
      <trkpt lat="54.764214" lon="9.584951">
        <ele>35.005981</ele>
        <time>2021-03-26T15:43:16.000Z</time>
      </trkpt>
      <trkpt lat="54.764284" lon="9.584880">
        <ele>35.123113</ele>
        <time>2021-03-26T15:43:21.000Z</time>
      </trkpt>
      <trkpt lat="54.764370" lon="9.584802">
        <ele>35.263293</ele>
        <time>2021-03-26T15:43:27.000Z</time>
      </trkpt>
      <trkpt lat="54.764481" lon="9.584747">
        <ele>35.430022</ele>
        <time>2021-03-26T15:43:34.000Z</time>
      </trkpt>
      <trkpt lat="54.764515" lon="9.584726">
        <ele>35.482150</ele>
        <time>2021-03-26T15:43:37.000Z</time>
      </trkpt>
      <trkpt lat="54.764585" lon="9.584734">
        <ele>35.583465</ele>
        <time>2021-03-26T15:43:41.000Z</time>
      </trkpt>
      <trkpt lat="54.764692" lon="9.584662">
        <ele>35.749232</ele>
        <time>2021-03-26T15:43:49.000Z</time>
      </trkpt>
      <trkpt lat="54.764774" lon="9.584615">
        <ele>35.873965</ele>
        <time>2021-03-26T15:43:54.000Z</time>
      </trkpt>
      <trkpt lat="54.764786" lon="9.584600">
        <ele>35.895332</ele>
        <time>2021-03-26T15:43:55.000Z</time>
      </trkpt>
      <trkpt lat="54.764837" lon="9.584574">
        <ele>35.972107</ele>
        <time>2021-03-26T15:43:59.000Z</time>
      </trkpt>
      <trkpt lat="54.764858" lon="9.584561">
        <ele>36.004312</ele>
        <time>2021-03-26T15:44:01.000Z</time>
      </trkpt>
      <trkpt lat="54.764899" lon="9.584535">
        <ele>36.067363</ele>
        <time>2021-03-26T15:44:05.000Z</time>
      </trkpt>
      <trkpt lat="54.764919" lon="9.584515">
        <ele>36.100710</ele>
        <time>2021-03-26T15:44:07.000Z</time>
      </trkpt>
      <trkpt lat="54.764942" lon="9.584504">
        <ele>36.135168</ele>
        <time>2021-03-26T15:44:08.000Z</time>
      </trkpt>
      <trkpt lat="54.765006" lon="9.584491">
        <ele>36.228231</ele>
        <time>2021-03-26T15:44:11.000Z</time>
      </trkpt>
      <trkpt lat="54.765051" lon="9.584477">
        <ele>36.294259</ele>
        <time>2021-03-26T15:44:14.000Z</time>
      </trkpt>
      <trkpt lat="54.765072" lon="9.584475">
        <ele>36.324633</ele>
        <time>2021-03-26T15:44:15.000Z</time>
      </trkpt>
      <trkpt lat="54.765132" lon="9.584446">
        <ele>36.414592</ele>
        <time>2021-03-26T15:44:20.000Z</time>
      </trkpt>
      <trkpt lat="54.765140" lon="9.584422">
        <ele>36.437687</ele>
        <time>2021-03-26T15:44:22.000Z</time>
      </trkpt>
      <trkpt lat="54.765191" lon="9.584375">
        <ele>36.521105</ele>
        <time>2021-03-26T15:44:26.000Z</time>
      </trkpt>
      <trkpt lat="54.765207" lon="9.584374">
        <ele>36.544228</ele>
        <time>2021-03-26T15:44:27.000Z</time>
      </trkpt>
      <trkpt lat="54.765262" lon="9.584358">
        <ele>36.624771</ele>
        <time>2021-03-26T15:44:30.000Z</time>
      </trkpt>
      <trkpt lat="54.765331" lon="9.584321">
        <ele>36.729081</ele>
        <time>2021-03-26T15:44:34.000Z</time>
      </trkpt>
      <trkpt lat="54.765431" lon="9.584204">
        <ele>36.903325</ele>
        <time>2021-03-26T15:44:41.000Z</time>
      </trkpt>
      <trkpt lat="54.765446" lon="9.584188">
        <ele>36.928762</ele>
        <time>2021-03-26T15:44:42.000Z</time>
      </trkpt>
      <trkpt lat="54.765557" lon="9.584081">
        <ele>37.112192</ele>
        <time>2021-03-26T15:44:48.000Z</time>
      </trkpt>
      <trkpt lat="54.765668" lon="9.584013">
        <ele>37.282218</ele>
        <time>2021-03-26T15:44:55.000Z</time>
      </trkpt>
      <trkpt lat="54.765680" lon="9.584003">
        <ele>37.301448</ele>
        <time>2021-03-26T15:44:56.000Z</time>
      </trkpt>
      <trkpt lat="54.765771" lon="9.583931">
        <ele>37.445916</ele>
        <time>2021-03-26T15:45:02.000Z</time>
      </trkpt>
      <trkpt lat="54.765860" lon="9.583808">
        <ele>37.518734</ele>
        <time>2021-03-26T15:45:09.000Z</time>
      </trkpt>
      <trkpt lat="54.765923" lon="9.583724">
        <ele>37.388238</ele>
        <time>2021-03-26T15:45:15.000Z</time>
      </trkpt>
      <trkpt lat="54.765990" lon="9.583615">
        <ele>37.237375</ele>
        <time>2021-03-26T15:45:21.000Z</time>
      </trkpt>
      <trkpt lat="54.766059" lon="9.583523">
        <ele>37.094452</ele>
        <time>2021-03-26T15:45:27.000Z</time>
      </trkpt>
      <trkpt lat="54.766106" lon="9.583463">
        <ele>36.998617</ele>
        <time>2021-03-26T15:45:31.000Z</time>
      </trkpt>
      <trkpt lat="54.766117" lon="9.583456">
        <ele>36.979379</ele>
        <time>2021-03-26T15:45:32.000Z</time>
      </trkpt>
      <trkpt lat="54.766157" lon="9.583405">
        <ele>36.897853</ele>
        <time>2021-03-26T15:45:35.000Z</time>
      </trkpt>
      <trkpt lat="54.766199" lon="9.583343">
        <ele>36.807280</ele>
        <time>2021-03-26T15:45:38.000Z</time>
      </trkpt>
      <trkpt lat="54.766321" lon="9.583219">
        <ele>36.575083</ele>
        <time>2021-03-26T15:45:45.000Z</time>
      </trkpt>
      <trkpt lat="54.766338" lon="9.583197">
        <ele>36.540252</ele>
        <time>2021-03-26T15:45:46.000Z</time>
      </trkpt>
      <trkpt lat="54.766354" lon="9.583178">
        <ele>36.508409</ele>
        <time>2021-03-26T15:45:47.000Z</time>
      </trkpt>
      <trkpt lat="54.766445" lon="9.583080">
        <ele>36.332517</ele>
        <time>2021-03-26T15:45:53.000Z</time>
      </trkpt>
      <trkpt lat="54.766502" lon="9.582997">
        <ele>36.210295</ele>
        <time>2021-03-26T15:45:57.000Z</time>
      </trkpt>
      <trkpt lat="54.766541" lon="9.582927">
        <ele>36.118122</ele>
        <time>2021-03-26T15:46:00.000Z</time>
      </trkpt>
      <trkpt lat="54.766600" lon="9.582853">
        <ele>35.998556</ele>
        <time>2021-03-26T15:46:04.000Z</time>
      </trkpt>
      <trkpt lat="54.766684" lon="9.582807">
        <ele>35.853925</ele>
        <time>2021-03-26T15:46:09.000Z</time>
      </trkpt>
      <trkpt lat="54.766788" lon="9.582764">
        <ele>35.678386</ele>
        <time>2021-03-26T15:46:16.000Z</time>
      </trkpt>
      <trkpt lat="54.766809" lon="9.582747">
        <ele>35.640334</ele>
        <time>2021-03-26T15:46:18.000Z</time>
      </trkpt>
      <trkpt lat="54.766822" lon="9.582742">
        <ele>35.618471</ele>
        <time>2021-03-26T15:46:19.000Z</time>
      </trkpt>
      <trkpt lat="54.766849" lon="9.582722">
        <ele>35.570264</ele>
        <time>2021-03-26T15:46:21.000Z</time>
      </trkpt>
      <trkpt lat="54.766886" lon="9.582695">
        <ele>35.504353</ele>
        <time>2021-03-26T15:46:25.000Z</time>
      </trkpt>
      <trkpt lat="54.766891" lon="9.582688">
        <ele>35.493801</ele>
        <time>2021-03-26T15:46:26.000Z</time>
      </trkpt>
      <trkpt lat="54.766953" lon="9.582646">
        <ele>35.384512</ele>
        <time>2021-03-26T15:46:32.000Z</time>
      </trkpt>
      <trkpt lat="54.766978" lon="9.582662">
        <ele>35.340758</ele>
        <time>2021-03-26T15:46:33.000Z</time>
      </trkpt>
      <trkpt lat="54.767036" lon="9.582692">
        <ele>35.241384</ele>
        <time>2021-03-26T15:46:36.000Z</time>
      </trkpt>
      <trkpt lat="54.767092" lon="9.582688">
        <ele>35.149364</ele>
        <time>2021-03-26T15:46:39.000Z</time>
      </trkpt>
      <trkpt lat="54.767113" lon="9.582688">
        <ele>35.114886</ele>
        <time>2021-03-26T15:46:40.000Z</time>
      </trkpt>
      <trkpt lat="54.767215" lon="9.582684">
        <ele>34.947379</ele>
        <time>2021-03-26T15:46:47.000Z</time>
      </trkpt>
      <trkpt lat="54.767250" lon="9.582689">
        <ele>34.889720</ele>
        <time>2021-03-26T15:46:49.000Z</time>
      </trkpt>
      <trkpt lat="54.767263" lon="9.582687">
        <ele>34.868293</ele>
        <time>2021-03-26T15:46:50.000Z</time>
      </trkpt>
      <trkpt lat="54.767281" lon="9.582689">
        <ele>34.838680</ele>
        <time>2021-03-26T15:46:52.000Z</time>
      </trkpt>
      <trkpt lat="54.767311" lon="9.582676">
        <ele>34.787910</ele>
        <time>2021-03-26T15:46:55.000Z</time>
      </trkpt>
      <trkpt lat="54.767327" lon="9.582665">
        <ele>34.759650</ele>
        <time>2021-03-26T15:46:56.000Z</time>
      </trkpt>
      <trkpt lat="54.767353" lon="9.582632">
        <ele>34.706743</ele>
        <time>2021-03-26T15:46:58.000Z</time>
      </trkpt>
      <trkpt lat="54.767408" lon="9.582558">
        <ele>34.624382</ele>
        <time>2021-03-26T15:47:01.000Z</time>
      </trkpt>
      <trkpt lat="54.767490" lon="9.582489">
        <ele>34.692212</ele>
        <time>2021-03-26T15:47:06.000Z</time>
      </trkpt>
      <trkpt lat="54.767504" lon="9.582478">
        <ele>34.703650</ele>
        <time>2021-03-26T15:47:07.000Z</time>
      </trkpt>
      <trkpt lat="54.767630" lon="9.582375">
        <ele>34.807316</ele>
        <time>2021-03-26T15:47:14.000Z</time>
      </trkpt>
      <trkpt lat="54.767701" lon="9.582249">
        <ele>34.882929</ele>
        <time>2021-03-26T15:47:21.000Z</time>
      </trkpt>
      <trkpt lat="54.767819" lon="9.582183">
        <ele>34.975197</ele>
        <time>2021-03-26T15:47:28.000Z</time>
      </trkpt>
      <trkpt lat="54.767895" lon="9.582146">
        <ele>35.033940</ele>
        <time>2021-03-26T15:47:33.000Z</time>
      </trkpt>
      <trkpt lat="54.767910" lon="9.582137">
        <ele>35.045752</ele>
        <time>2021-03-26T15:47:34.000Z</time>
      </trkpt>
      <trkpt lat="54.767943" lon="9.582112">
        <ele>35.072552</ele>
        <time>2021-03-26T15:47:36.000Z</time>
      </trkpt>
      <trkpt lat="54.768049" lon="9.582026">
        <ele>35.159644</ele>
        <time>2021-03-26T15:47:43.000Z</time>
      </trkpt>
      <trkpt lat="54.768126" lon="9.581982">
        <ele>35.219976</ele>
        <time>2021-03-26T15:47:49.000Z</time>
      </trkpt>
      <trkpt lat="54.768250" lon="9.581891">
        <ele>35.320179</ele>
        <time>2021-03-26T15:47:57.000Z</time>
      </trkpt>
      <trkpt lat="54.768307" lon="9.581722">
        <ele>35.404219</ele>
        <time>2021-03-26T15:48:04.000Z</time>
      </trkpt>
      <trkpt lat="54.768361" lon="9.581603">
        <ele>35.469214</ele>
        <time>2021-03-26T15:48:10.000Z</time>
      </trkpt>
      <trkpt lat="54.768381" lon="9.581553">
        <ele>35.495334</ele>
        <time>2021-03-26T15:48:12.000Z</time>
      </trkpt>
      <trkpt lat="54.768455" lon="9.581361">
        <ele>35.594460</ele>
        <time>2021-03-26T15:48:20.000Z</time>
      </trkpt>
      <trkpt lat="54.768516" lon="9.581153">
        <ele>35.694627</ele>
        <time>2021-03-26T15:48:28.000Z</time>
      </trkpt>
      <trkpt lat="54.768531" lon="9.581140">
        <ele>35.707106</ele>
        <time>2021-03-26T15:48:29.000Z</time>
      </trkpt>
      <trkpt lat="54.768598" lon="9.581004">
        <ele>35.783881</ele>
        <time>2021-03-26T15:48:35.000Z</time>
      </trkpt>
      <trkpt lat="54.768661" lon="9.580859">
        <ele>35.861807</ele>
        <time>2021-03-26T15:48:41.000Z</time>
      </trkpt>
      <trkpt lat="54.768724" lon="9.580762">
        <ele>35.924511</ele>
        <time>2021-03-26T15:48:47.000Z</time>
      </trkpt>
      <trkpt lat="54.768761" lon="9.580609">
        <ele>36.008575</ele>
        <time>2021-03-26T15:48:54.000Z</time>
      </trkpt>
      <trkpt lat="54.768798" lon="9.580446">
        <ele>36.106312</ele>
        <time>2021-03-26T15:49:01.000Z</time>
      </trkpt>
      <trkpt lat="54.768790" lon="9.580312">
        <ele>36.181479</ele>
        <time>2021-03-26T15:49:06.000Z</time>
      </trkpt>
      <trkpt lat="54.768788" lon="9.580288">
        <ele>36.195009</ele>
        <time>2021-03-26T15:49:07.000Z</time>
      </trkpt>
      <trkpt lat="54.768767" lon="9.579953">
        <ele>36.383029</ele>
        <time>2021-03-26T15:49:17.000Z</time>
      </trkpt>
      <trkpt lat="54.768749" lon="9.579670">
        <ele>36.541890</ele>
        <time>2021-03-26T15:49:26.000Z</time>
      </trkpt>
      <trkpt lat="54.768745" lon="9.579610">
        <ele>36.575591</ele>
        <time>2021-03-26T15:49:28.000Z</time>
      </trkpt>
      <trkpt lat="54.768744" lon="9.579425">
        <ele>36.678820</ele>
        <time>2021-03-26T15:49:35.000Z</time>
      </trkpt>
      <trkpt lat="54.768747" lon="9.579220">
        <ele>36.793241</ele>
        <time>2021-03-26T15:49:44.000Z</time>
      </trkpt>
      <trkpt lat="54.768744" lon="9.579086">
        <ele>36.868065</ele>
        <time>2021-03-26T15:49:50.000Z</time>
      </trkpt>
      <trkpt lat="54.768760" lon="9.579023">
        <ele>36.906472</ele>
        <time>2021-03-26T15:49:53.000Z</time>
      </trkpt>
      <trkpt lat="54.768756" lon="9.578989">
        <ele>36.925834</ele>
        <time>2021-03-26T15:49:55.000Z</time>
      </trkpt>
      <trkpt lat="54.768752" lon="9.578965">
        <ele>36.939773</ele>
        <time>2021-03-26T15:49:56.000Z</time>
      </trkpt>
      <trkpt lat="54.768742" lon="9.578809">
        <ele>37.027352</ele>
        <time>2021-03-26T15:50:03.000Z</time>
      </trkpt>
      <trkpt lat="54.768740" lon="9.578638">
        <ele>37.122784</ele>
        <time>2021-03-26T15:50:09.000Z</time>
      </trkpt>
      <trkpt lat="54.768669" lon="9.578402">
        <ele>37.271296</ele>
        <time>2021-03-26T15:50:17.000Z</time>
      </trkpt>
      <trkpt lat="54.768669" lon="9.578373">
        <ele>37.287477</ele>
        <time>2021-03-26T15:50:18.000Z</time>
      </trkpt>
      <trkpt lat="54.768658" lon="9.578237">
        <ele>37.364103</ele>
        <time>2021-03-26T15:50:22.000Z</time>
      </trkpt>
      <trkpt lat="54.768657" lon="9.578182">
        <ele>37.394806</ele>
        <time>2021-03-26T15:50:24.000Z</time>
      </trkpt>
      <trkpt lat="54.768648" lon="9.578056">
        <ele>37.465647</ele>
        <time>2021-03-26T15:50:28.000Z</time>
      </trkpt>
      <trkpt lat="54.768565" lon="9.577898">
        <ele>37.584882</ele>
        <time>2021-03-26T15:50:35.000Z</time>
      </trkpt>
      <trkpt lat="54.768456" lon="9.577897">
        <ele>37.690310</ele>
        <time>2021-03-26T15:50:42.000Z</time>
      </trkpt>
      <trkpt lat="54.768442" lon="9.577894">
        <ele>37.690761</ele>
        <time>2021-03-26T15:50:43.000Z</time>
      </trkpt>
      <trkpt lat="54.768342" lon="9.577901">
        <ele>37.675463</ele>
        <time>2021-03-26T15:50:49.000Z</time>
      </trkpt>
      <trkpt lat="54.768221" lon="9.577886">
        <ele>37.656922</ele>
        <time>2021-03-26T15:50:56.000Z</time>
      </trkpt>
      <trkpt lat="54.768167" lon="9.577891">
        <ele>37.648656</ele>
        <time>2021-03-26T15:50:59.000Z</time>
      </trkpt>
      <trkpt lat="54.768132" lon="9.577900">
        <ele>37.643248</ele>
        <time>2021-03-26T15:51:01.000Z</time>
      </trkpt>
      <trkpt lat="54.768068" lon="9.577898">
        <ele>37.633464</ele>
        <time>2021-03-26T15:51:05.000Z</time>
      </trkpt>
      <trkpt lat="54.767910" lon="9.577865">
        <ele>37.609140</ele>
        <time>2021-03-26T15:51:16.000Z</time>
      </trkpt>
      <trkpt lat="54.767835" lon="9.577830">
        <ele>37.597268</ele>
        <time>2021-03-26T15:51:23.000Z</time>
      </trkpt>
      <trkpt lat="54.767739" lon="9.577827">
        <ele>37.582592</ele>
        <time>2021-03-26T15:51:30.000Z</time>
      </trkpt>
      <trkpt lat="54.767633" lon="9.577795">
        <ele>37.566146</ele>
        <time>2021-03-26T15:51:37.000Z</time>
      </trkpt>
      <trkpt lat="54.767512" lon="9.577775">
        <ele>37.547568</ele>
        <time>2021-03-26T15:51:45.000Z</time>
      </trkpt>
      <trkpt lat="54.767372" lon="9.577735">
        <ele>37.525881</ele>
        <time>2021-03-26T15:51:53.000Z</time>
      </trkpt>
      <trkpt lat="54.767260" lon="9.577720">
        <ele>37.508711</ele>
        <time>2021-03-26T15:52:00.000Z</time>
      </trkpt>
      <trkpt lat="54.767172" lon="9.577736">
        <ele>37.495186</ele>
        <time>2021-03-26T15:52:07.000Z</time>
      </trkpt>
      <trkpt lat="54.767165" lon="9.577754">
        <ele>37.493272</ele>
        <time>2021-03-26T15:52:08.000Z</time>
      </trkpt>
      <trkpt lat="54.767156" lon="9.577771">
        <ele>37.491238</ele>
        <time>2021-03-26T15:52:09.000Z</time>
      </trkpt>
      <trkpt lat="54.767116" lon="9.577787">
        <ele>37.484963</ele>
        <time>2021-03-26T15:52:12.000Z</time>
      </trkpt>
      <trkpt lat="54.767107" lon="9.577785">
        <ele>37.483576</ele>
        <time>2021-03-26T15:52:13.000Z</time>
      </trkpt>
      <trkpt lat="54.767019" lon="9.577764">
        <ele>37.469999</ele>
        <time>2021-03-26T15:52:18.000Z</time>
      </trkpt>
      <trkpt lat="54.766992" lon="9.577743">
        <ele>37.465476</ele>
        <time>2021-03-26T15:52:20.000Z</time>
      </trkpt>
      <trkpt lat="54.766964" lon="9.577729">
        <ele>37.461021</ele>
        <time>2021-03-26T15:52:22.000Z</time>
      </trkpt>
      <trkpt lat="54.766940" lon="9.577723">
        <ele>37.457315</ele>
        <time>2021-03-26T15:52:24.000Z</time>
      </trkpt>
      <trkpt lat="54.766925" lon="9.577713">
        <ele>37.454859</ele>
        <time>2021-03-26T15:52:26.000Z</time>
      </trkpt>
      <trkpt lat="54.766886" lon="9.577715">
        <ele>37.448895</ele>
        <time>2021-03-26T15:52:29.000Z</time>
      </trkpt>
      <trkpt lat="54.766833" lon="9.577716">
        <ele>37.440794</ele>
        <time>2021-03-26T15:52:32.000Z</time>
      </trkpt>
      <trkpt lat="54.766805" lon="9.577703">
        <ele>37.436363</ele>
        <time>2021-03-26T15:52:34.000Z</time>
      </trkpt>
      <trkpt lat="54.766773" lon="9.577695">
        <ele>37.431421</ele>
        <time>2021-03-26T15:52:36.000Z</time>
      </trkpt>
      <trkpt lat="54.766723" lon="9.577680">
        <ele>37.423665</ele>
        <time>2021-03-26T15:52:39.000Z</time>
      </trkpt>
      <trkpt lat="54.766658" lon="9.577704">
        <ele>37.422355</ele>
        <time>2021-03-26T15:52:42.000Z</time>
      </trkpt>
      <trkpt lat="54.766605" lon="9.577709">
        <ele>37.431597</ele>
        <time>2021-03-26T15:52:45.000Z</time>
      </trkpt>
      <trkpt lat="54.766586" lon="9.577703">
        <ele>37.434960</ele>
        <time>2021-03-26T15:52:46.000Z</time>
      </trkpt>
      <trkpt lat="54.766447" lon="9.577673">
        <ele>37.459351</ele>
        <time>2021-03-26T15:52:55.000Z</time>
      </trkpt>
      <trkpt lat="54.766397" lon="9.577661">
        <ele>37.468140</ele>
        <time>2021-03-26T15:52:59.000Z</time>
      </trkpt>
      <trkpt lat="54.766387" lon="9.577680">
        <ele>37.470724</ele>
        <time>2021-03-26T15:53:01.000Z</time>
      </trkpt>
      <trkpt lat="54.766384" lon="9.577700">
        <ele>37.472799</ele>
        <time>2021-03-26T15:53:02.000Z</time>
      </trkpt>
      <trkpt lat="54.766379" lon="9.577760">
        <ele>37.478889</ele>
        <time>2021-03-26T15:53:03.000Z</time>
      </trkpt>
      <trkpt lat="54.766384" lon="9.577900">
        <ele>37.492980</ele>
        <time>2021-03-26T15:53:08.000Z</time>
      </trkpt>
      <trkpt lat="54.766368" lon="9.578054">
        <ele>37.508699</ele>
        <time>2021-03-26T15:53:15.000Z</time>
      </trkpt>
      <trkpt lat="54.766361" lon="9.578070">
        <ele>37.510716</ele>
        <time>2021-03-26T15:53:16.000Z</time>
      </trkpt>
      <trkpt lat="54.766301" lon="9.578231">
        <ele>37.529970</ele>
        <time>2021-03-26T15:53:23.000Z</time>
      </trkpt>
      <trkpt lat="54.766283" lon="9.578404">
        <ele>37.547629</ele>
        <time>2021-03-26T15:53:29.000Z</time>
      </trkpt>
      <trkpt lat="54.766294" lon="9.578612">
        <ele>37.568612</ele>
        <time>2021-03-26T15:53:37.000Z</time>
      </trkpt>
      <trkpt lat="54.766320" lon="9.578696">
        <ele>37.578188</ele>
        <time>2021-03-26T15:53:41.000Z</time>
      </trkpt>
      <trkpt lat="54.766328" lon="9.578743">
        <ele>37.583110</ele>
        <time>2021-03-26T15:53:43.000Z</time>
      </trkpt>
      <trkpt lat="54.766344" lon="9.578767">
        <ele>37.586794</ele>
        <time>2021-03-26T15:53:44.000Z</time>
      </trkpt>
      <trkpt lat="54.766427" lon="9.578885">
        <ele>37.605486</ele>
        <time>2021-03-26T15:53:50.000Z</time>
      </trkpt>
      <trkpt lat="54.766457" lon="9.578971">
        <ele>37.615582</ele>
        <time>2021-03-26T15:53:54.000Z</time>
      </trkpt>
      <trkpt lat="54.766484" lon="9.579023">
        <ele>37.622610</ele>
        <time>2021-03-26T15:53:57.000Z</time>
      </trkpt>
      <trkpt lat="54.766571" lon="9.579149">
        <ele>37.642350</ele>
        <time>2021-03-26T15:54:04.000Z</time>
      </trkpt>
      <trkpt lat="54.766598" lon="9.579191">
        <ele>37.648667</ele>
        <time>2021-03-26T15:54:07.000Z</time>
      </trkpt>
      <trkpt lat="54.766648" lon="9.579237">
        <ele>37.658524</ele>
        <time>2021-03-26T15:54:11.000Z</time>
      </trkpt>
      <trkpt lat="54.766698" lon="9.579244">
        <ele>37.667258</ele>
        <time>2021-03-26T15:54:14.000Z</time>
      </trkpt>
      <trkpt lat="54.766740" lon="9.579276">
        <ele>37.675247</ele>
        <time>2021-03-26T15:54:17.000Z</time>
      </trkpt>
      <trkpt lat="54.766780" lon="9.579471">
        <ele>37.696037</ele>
        <time>2021-03-26T15:54:24.000Z</time>
      </trkpt>
      <trkpt lat="54.766751" lon="9.579722">
        <ele>37.721752</ele>
        <time>2021-03-26T15:54:32.000Z</time>
      </trkpt>
      <trkpt lat="54.766686" lon="9.579841">
        <ele>37.733452</ele>
        <time>2021-03-26T15:54:37.000Z</time>
      </trkpt>
      <trkpt lat="54.766586" lon="9.579889">
        <ele>37.739864</ele>
        <time>2021-03-26T15:54:43.000Z</time>
      </trkpt>
      <trkpt lat="54.766570" lon="9.579884">
        <ele>37.740869</ele>
        <time>2021-03-26T15:54:44.000Z</time>
      </trkpt>
      <trkpt lat="54.766458" lon="9.579792">
        <ele>37.748528</ele>
        <time>2021-03-26T15:54:51.000Z</time>
      </trkpt>
      <trkpt lat="54.766449" lon="9.579786">
        <ele>37.749124</ele>
        <time>2021-03-26T15:54:52.000Z</time>
      </trkpt>
      <trkpt lat="54.766400" lon="9.579820">
        <ele>37.752385</ele>
        <time>2021-03-26T15:54:56.000Z</time>
      </trkpt>
      <trkpt lat="54.766324" lon="9.579887">
        <ele>37.757655</ele>
        <time>2021-03-26T15:55:02.000Z</time>
      </trkpt>
      <trkpt lat="54.766317" lon="9.579911">
        <ele>37.758613</ele>
        <time>2021-03-26T15:55:03.000Z</time>
      </trkpt>
      <trkpt lat="54.766199" lon="9.580014">
        <ele>37.766778</ele>
        <time>2021-03-26T15:55:10.000Z</time>
      </trkpt>
      <trkpt lat="54.766160" lon="9.580041">
        <ele>37.769373</ele>
        <time>2021-03-26T15:55:13.000Z</time>
      </trkpt>
      <trkpt lat="54.766128" lon="9.580061">
        <ele>37.771475</ele>
        <time>2021-03-26T15:55:15.000Z</time>
      </trkpt>
      <trkpt lat="54.766020" lon="9.579955">
        <ele>37.779145</ele>
        <time>2021-03-26T15:55:20.000Z</time>
      </trkpt>
      <trkpt lat="54.765912" lon="9.579813">
        <ele>37.787521</ele>
        <time>2021-03-26T15:55:27.000Z</time>
      </trkpt>
      <trkpt lat="54.765837" lon="9.579648">
        <ele>37.795010</ele>
        <time>2021-03-26T15:55:35.000Z</time>
      </trkpt>
      <trkpt lat="54.765801" lon="9.579494">
        <ele>37.800934</ele>
        <time>2021-03-26T15:55:41.000Z</time>
      </trkpt>
      <trkpt lat="54.765797" lon="9.579425">
        <ele>37.803407</ele>
        <time>2021-03-26T15:55:44.000Z</time>
      </trkpt>
      <trkpt lat="54.765726" lon="9.579234">
        <ele>37.811507</ele>
        <time>2021-03-26T15:55:52.000Z</time>
      </trkpt>
      <trkpt lat="54.765667" lon="9.579011">
        <ele>37.820254</ele>
        <time>2021-03-26T15:56:01.000Z</time>
      </trkpt>
      <trkpt lat="54.765626" lon="9.578865">
        <ele>37.826043</ele>
        <time>2021-03-26T15:56:07.000Z</time>
      </trkpt>
      <trkpt lat="54.765620" lon="9.578844">
        <ele>37.826878</ele>
        <time>2021-03-26T15:56:08.000Z</time>
      </trkpt>
      <trkpt lat="54.765615" lon="9.578798">
        <ele>37.828547</ele>
        <time>2021-03-26T15:56:10.000Z</time>
      </trkpt>
      <trkpt lat="54.765576" lon="9.578633">
        <ele>37.834904</ele>
        <time>2021-03-26T15:56:17.000Z</time>
      </trkpt>
      <trkpt lat="54.765550" lon="9.578462">
        <ele>37.841209</ele>
        <time>2021-03-26T15:56:24.000Z</time>
      </trkpt>
      <trkpt lat="54.765545" lon="9.578437">
        <ele>37.841982</ele>
        <time>2021-03-26T15:56:25.000Z</time>
      </trkpt>
      <trkpt lat="54.765467" lon="9.578194">
        <ele>37.841982</ele>
        <time>2021-03-26T15:56:34.000Z</time>
      </trkpt>
      <trkpt lat="54.765410" lon="9.577990">
        <ele>37.841982</ele>
        <time>2021-03-26T15:56:42.000Z</time>
      </trkpt>
      <trkpt lat="54.765400" lon="9.577933">
        <ele>37.841982</ele>
        <time>2021-03-26T15:56:44.000Z</time>
      </trkpt>
      <trkpt lat="54.765380" lon="9.577877">
        <ele>37.841982</ele>
        <time>2021-03-26T15:56:46.000Z</time>
      </trkpt>
      <trkpt lat="54.765342" lon="9.577798">
        <ele>37.841982</ele>
        <time>2021-03-26T15:56:49.000Z</time>
      </trkpt>
      <trkpt lat="54.765321" lon="9.577654">
        <ele>37.841982</ele>
        <time>2021-03-26T15:56:55.000Z</time>
      </trkpt>
      <trkpt lat="54.765333" lon="9.577635">
        <ele>37.841982</ele>
        <time>2021-03-26T15:56:56.000Z</time>
      </trkpt>
      <trkpt lat="54.765401" lon="9.577605">
        <ele>37.841982</ele>
        <time>2021-03-26T15:57:00.000Z</time>
      </trkpt>
      <trkpt lat="54.765434" lon="9.577585">
        <ele>37.841982</ele>
        <time>2021-03-26T15:57:02.000Z</time>
      </trkpt>
      <trkpt lat="54.765463" lon="9.577559">
        <ele>37.841982</ele>
        <time>2021-03-26T15:57:04.000Z</time>
      </trkpt>
      <trkpt lat="54.765491" lon="9.577510">
        <ele>37.841982</ele>
        <time>2021-03-26T15:57:07.000Z</time>
      </trkpt>
      <trkpt lat="54.765529" lon="9.577475">
        <ele>37.841982</ele>
        <time>2021-03-26T15:57:11.000Z</time>
      </trkpt>
      <trkpt lat="54.765537" lon="9.577468">
        <ele>37.841982</ele>
        <time>2021-03-26T15:57:12.000Z</time>
      </trkpt>
      <trkpt lat="54.765548" lon="9.577461">
        <ele>37.841982</ele>
        <time>2021-03-26T15:57:15.000Z</time>
      </trkpt>
      <trkpt lat="54.765559" lon="9.577464">
        <ele>37.841982</ele>
        <time>2021-03-26T15:57:18.000Z</time>
      </trkpt>
      <trkpt lat="54.765582" lon="9.577471">
        <ele>37.841982</ele>
        <time>2021-03-26T15:57:26.000Z</time>
      </trkpt>
      <trkpt lat="54.765598" lon="9.577460">
        <ele>37.841982</ele>
        <time>2021-03-26T15:57:33.000Z</time>
      </trkpt>
      <trkpt lat="54.765611" lon="9.577484">
        <ele>37.841982</ele>
        <time>2021-03-26T15:57:40.000Z</time>
      </trkpt>
      <trkpt lat="54.765612" lon="9.577483">
        <ele>37.841982</ele>
        <time>2021-03-26T15:57:44.000Z</time>
      </trkpt>
      <trkpt lat="54.765610" lon="9.577490">
        <ele>37.841982</ele>
        <time>2021-03-26T15:57:48.000Z</time>
      </trkpt>
      <trkpt lat="54.765604" lon="9.577492">
        <ele>37.841982</ele>
        <time>2021-03-26T15:57:50.000Z</time>
      </trkpt>
      <trkpt lat="54.765601" lon="9.577490">
        <ele>37.841982</ele>
        <time>2021-03-26T15:57:56.000Z</time>
      </trkpt>
      <trkpt lat="54.765599" lon="9.577490">
        <ele>37.841982</ele>
        <time>2021-03-26T15:58:00.000Z</time>
      </trkpt>
      <trkpt lat="54.765601" lon="9.577508">
        <ele>37.841982</ele>
        <time>2021-03-26T15:58:04.000Z</time>
      </trkpt>
      <trkpt lat="54.765600" lon="9.577529">
        <ele>37.841982</ele>
        <time>2021-03-26T15:58:08.000Z</time>
      </trkpt>
      <trkpt lat="54.765619" lon="9.577528">
        <ele>37.841982</ele>
        <time>2021-03-26T15:58:14.000Z</time>
      </trkpt>
      <trkpt lat="54.765623" lon="9.577512">
        <ele>37.841982</ele>
        <time>2021-03-26T15:58:18.000Z</time>
      </trkpt>
      <trkpt lat="54.765625" lon="9.577509">
        <ele>37.841982</ele>
        <time>2021-03-26T15:58:23.000Z</time>
      </trkpt>
      <trkpt lat="54.765621" lon="9.577503">
        <ele>37.841982</ele>
        <time>2021-03-26T15:58:26.000Z</time>
      </trkpt>
      <trkpt lat="54.765607" lon="9.577485">
        <ele>37.841982</ele>
        <time>2021-03-26T15:58:32.000Z</time>
      </trkpt>
      <trkpt lat="54.765619" lon="9.577516">
        <ele>37.841982</ele>
        <time>2021-03-26T15:58:39.000Z</time>
      </trkpt>
      <trkpt lat="54.765617" lon="9.577525">
        <ele>37.841982</ele>
        <time>2021-03-26T15:58:40.000Z</time>
      </trkpt>
      <trkpt lat="54.765614" lon="9.577526">
        <ele>37.841982</ele>
        <time>2021-03-26T15:58:41.000Z</time>
      </trkpt>
      <trkpt lat="54.765597" lon="9.577531">
        <ele>37.841982</ele>
        <time>2021-03-26T15:58:43.000Z</time>
      </trkpt>
      <trkpt lat="54.765532" lon="9.577532">
        <ele>37.841982</ele>
        <time>2021-03-26T15:58:47.000Z</time>
      </trkpt>
      <trkpt lat="54.765408" lon="9.577609">
        <ele>37.841982</ele>
        <time>2021-03-26T15:58:55.000Z</time>
      </trkpt>
      <trkpt lat="54.765360" lon="9.577568">
        <ele>37.841982</ele>
        <time>2021-03-26T15:58:58.000Z</time>
      </trkpt>
      <trkpt lat="54.765315" lon="9.577528">
        <ele>37.841982</ele>
        <time>2021-03-26T15:59:01.000Z</time>
      </trkpt>
      <trkpt lat="54.765265" lon="9.577509">
        <ele>37.841982</ele>
        <time>2021-03-26T15:59:04.000Z</time>
      </trkpt>
      <trkpt lat="54.765220" lon="9.577513">
        <ele>37.841982</ele>
        <time>2021-03-26T15:59:07.000Z</time>
      </trkpt>
      <trkpt lat="54.765198" lon="9.577570">
        <ele>37.841982</ele>
        <time>2021-03-26T15:59:10.000Z</time>
      </trkpt>
      <trkpt lat="54.765157" lon="9.577639">
        <ele>37.841982</ele>
        <time>2021-03-26T15:59:14.000Z</time>
      </trkpt>
      <trkpt lat="54.765124" lon="9.577651">
        <ele>37.841982</ele>
        <time>2021-03-26T15:59:16.000Z</time>
      </trkpt>
      <trkpt lat="54.765097" lon="9.577664">
        <ele>37.841982</ele>
        <time>2021-03-26T15:59:18.000Z</time>
      </trkpt>
      <trkpt lat="54.765056" lon="9.577762">
        <ele>37.841982</ele>
        <time>2021-03-26T15:59:23.000Z</time>
      </trkpt>
      <trkpt lat="54.765017" lon="9.577986">
        <ele>37.841982</ele>
        <time>2021-03-26T15:59:30.000Z</time>
      </trkpt>
      <trkpt lat="54.765013" lon="9.578053">
        <ele>37.841982</ele>
        <time>2021-03-26T15:59:32.000Z</time>
      </trkpt>
      <trkpt lat="54.765009" lon="9.578074">
        <ele>37.841982</ele>
        <time>2021-03-26T15:59:33.000Z</time>
      </trkpt>
      <trkpt lat="54.764995" lon="9.578142">
        <ele>37.841982</ele>
        <time>2021-03-26T15:59:36.000Z</time>
      </trkpt>
      <trkpt lat="54.764934" lon="9.578330">
        <ele>37.841982</ele>
        <time>2021-03-26T15:59:44.000Z</time>
      </trkpt>
      <trkpt lat="54.764893" lon="9.578412">
        <ele>37.841982</ele>
        <time>2021-03-26T15:59:48.000Z</time>
      </trkpt>
      <trkpt lat="54.764873" lon="9.578438">
        <ele>37.841982</ele>
        <time>2021-03-26T15:59:50.000Z</time>
      </trkpt>
      <trkpt lat="54.764842" lon="9.578479">
        <ele>37.841982</ele>
        <time>2021-03-26T15:59:54.000Z</time>
      </trkpt>
    </trkseg>
  </trk>
</gpx>