<?xml version='1.0' encoding='UTF-8'?>
<gpx version="1.1" creator="https://www.komoot.de" xmlns="http://www.topografix.com/GPX/1/1" xmlns:xsi="http://www.w3.org/2001/XMLSchema-instance" xsi:schemaLocation="http://www.topografix.com/GPX/1/1 http://www.topografix.com/GPX/1/1/gpx.xsd">
  <metadata>
    <name>PWW 20 Km, auf den Spuren der Stecknitzfahrer,  Berkenthin,  30.07.2021 17:46</name>
    <author>
      <link href="https://www.komoot.de">
        <text>komoot</text>
        <type>text/html</type>
      </link>
    </author>
  </metadata>
  <trk>
    <name>PWW 20 Km, auf den Spuren der Stecknitzfahrer,  Berkenthin,  30.07.2021 17:46</name>
    <trkseg>
      <trkpt lat="53.734077" lon="10.644247">
        <ele>53.555511</ele>
        <time>2021-07-30T13:53:52.262Z</time>
      </trkpt>
      <trkpt lat="53.734087" lon="10.644086">
        <ele>53.555511</ele>
        <time>2021-07-30T13:54:16.249Z</time>
      </trkpt>
      <trkpt lat="53.734086" lon="10.643930">
        <ele>53.555511</ele>
        <time>2021-07-30T13:54:18.262Z</time>
      </trkpt>
      <trkpt lat="53.734080" lon="10.643739">
        <ele>53.555511</ele>
        <time>2021-07-30T13:54:21.263Z</time>
      </trkpt>
      <trkpt lat="53.734156" lon="10.643628">
        <ele>53.555511</ele>
        <time>2021-07-30T13:54:25.256Z</time>
      </trkpt>
      <trkpt lat="53.734266" lon="10.643651">
        <ele>53.555511</ele>
        <time>2021-07-30T13:54:28.279Z</time>
      </trkpt>
      <trkpt lat="53.734369" lon="10.643668">
        <ele>53.555511</ele>
        <time>2021-07-30T13:54:31.273Z</time>
      </trkpt>
      <trkpt lat="53.734439" lon="10.643571">
        <ele>53.555511</ele>
        <time>2021-07-30T13:54:35.268Z</time>
      </trkpt>
      <trkpt lat="53.734450" lon="10.643397">
        <ele>53.555511</ele>
        <time>2021-07-30T13:54:38.238Z</time>
      </trkpt>
      <trkpt lat="53.734456" lon="10.643208">
        <ele>53.559054</ele>
        <time>2021-07-30T13:54:41.298Z</time>
      </trkpt>
      <trkpt lat="53.734463" lon="10.643003">
        <ele>53.578085</ele>
        <time>2021-07-30T13:54:44.292Z</time>
      </trkpt>
      <trkpt lat="53.734458" lon="10.642826">
        <ele>53.594508</ele>
        <time>2021-07-30T13:54:47.285Z</time>
      </trkpt>
      <trkpt lat="53.734466" lon="10.642651">
        <ele>53.610775</ele>
        <time>2021-07-30T13:54:50.267Z</time>
      </trkpt>
      <trkpt lat="53.734476" lon="10.642465">
        <ele>53.628085</ele>
        <time>2021-07-30T13:54:53.271Z</time>
      </trkpt>
      <trkpt lat="53.734484" lon="10.642270">
        <ele>53.646201</ele>
        <time>2021-07-30T13:54:56.284Z</time>
      </trkpt>
      <trkpt lat="53.734483" lon="10.642078">
        <ele>53.663996</ele>
        <time>2021-07-30T13:54:59.276Z</time>
      </trkpt>
      <trkpt lat="53.734484" lon="10.641910">
        <ele>53.679567</ele>
        <time>2021-07-30T13:55:02.269Z</time>
      </trkpt>
      <trkpt lat="53.734432" lon="10.641779">
        <ele>53.694188</ele>
        <time>2021-07-30T13:55:05.280Z</time>
      </trkpt>
      <trkpt lat="53.734453" lon="10.641610">
        <ele>53.710193</ele>
        <time>2021-07-30T13:55:09.270Z</time>
      </trkpt>
      <trkpt lat="53.734511" lon="10.641486">
        <ele>53.724844</ele>
        <time>2021-07-30T13:55:17.271Z</time>
      </trkpt>
      <trkpt lat="53.734527" lon="10.641308">
        <ele>53.741530</ele>
        <time>2021-07-30T13:55:25.249Z</time>
      </trkpt>
      <trkpt lat="53.734526" lon="10.641146">
        <ele>53.756545</ele>
        <time>2021-07-30T13:55:28.269Z</time>
      </trkpt>
      <trkpt lat="53.734532" lon="10.640958">
        <ele>53.773994</ele>
        <time>2021-07-30T13:55:31.277Z</time>
      </trkpt>
      <trkpt lat="53.734512" lon="10.640791">
        <ele>53.789786</ele>
        <time>2021-07-30T13:55:34.281Z</time>
      </trkpt>
      <trkpt lat="53.734535" lon="10.640592">
        <ele>53.808577</ele>
        <time>2021-07-30T13:55:37.261Z</time>
      </trkpt>
      <trkpt lat="53.734560" lon="10.640403">
        <ele>53.826526</ele>
        <time>2021-07-30T13:55:40.262Z</time>
      </trkpt>
      <trkpt lat="53.734572" lon="10.640179">
        <ele>53.895619</ele>
        <time>2021-07-30T13:55:43.266Z</time>
      </trkpt>
      <trkpt lat="53.734579" lon="10.639956">
        <ele>54.015651</ele>
        <time>2021-07-30T13:55:46.258Z</time>
      </trkpt>
      <trkpt lat="53.734585" lon="10.639734">
        <ele>54.135101</ele>
        <time>2021-07-30T13:55:49.273Z</time>
      </trkpt>
      <trkpt lat="53.734590" lon="10.639501">
        <ele>54.260423</ele>
        <time>2021-07-30T13:55:52.281Z</time>
      </trkpt>
      <trkpt lat="53.734587" lon="10.639345">
        <ele>54.344318</ele>
        <time>2021-07-30T13:55:54.256Z</time>
      </trkpt>
      <trkpt lat="53.734581" lon="10.639130">
        <ele>54.460010</ele>
        <time>2021-07-30T13:55:57.281Z</time>
      </trkpt>
      <trkpt lat="53.734570" lon="10.638917">
        <ele>54.574934</ele>
        <time>2021-07-30T13:56:00.270Z</time>
      </trkpt>
      <trkpt lat="53.734543" lon="10.638714">
        <ele>54.686772</ele>
        <time>2021-07-30T13:56:03.268Z</time>
      </trkpt>
      <trkpt lat="53.734493" lon="10.638525">
        <ele>54.798057</ele>
        <time>2021-07-30T13:56:06.259Z</time>
      </trkpt>
      <trkpt lat="53.734411" lon="10.638415">
        <ele>54.893177</ele>
        <time>2021-07-30T13:56:09.286Z</time>
      </trkpt>
      <trkpt lat="53.734308" lon="10.638306">
        <ele>55.003596</ele>
        <time>2021-07-30T13:56:12.279Z</time>
      </trkpt>
      <trkpt lat="53.734237" lon="10.638144">
        <ele>55.111968</ele>
        <time>2021-07-30T13:56:15.269Z</time>
      </trkpt>
      <trkpt lat="53.734127" lon="10.638074">
        <ele>55.218770</ele>
        <time>2021-07-30T13:56:18.274Z</time>
      </trkpt>
      <trkpt lat="53.734009" lon="10.637983">
        <ele>55.336623</ele>
        <time>2021-07-30T13:56:21.295Z</time>
      </trkpt>
      <trkpt lat="53.733917" lon="10.637908">
        <ele>55.429434</ele>
        <time>2021-07-30T13:56:24.281Z</time>
      </trkpt>
      <trkpt lat="53.733825" lon="10.637837">
        <ele>55.439576</ele>
        <time>2021-07-30T13:56:27.269Z</time>
      </trkpt>
      <trkpt lat="53.733707" lon="10.637756">
        <ele>55.364672</ele>
        <time>2021-07-30T13:56:30.284Z</time>
      </trkpt>
      <trkpt lat="53.733589" lon="10.637683">
        <ele>55.290770</ele>
        <time>2021-07-30T13:56:33.264Z</time>
      </trkpt>
      <trkpt lat="53.733472" lon="10.637621">
        <ele>55.218656</ele>
        <time>2021-07-30T13:56:36.269Z</time>
      </trkpt>
      <trkpt lat="53.733356" lon="10.637538">
        <ele>55.144572</ele>
        <time>2021-07-30T13:56:39.275Z</time>
      </trkpt>
      <trkpt lat="53.733239" lon="10.637463">
        <ele>55.070978</ele>
        <time>2021-07-30T13:56:42.284Z</time>
      </trkpt>
      <trkpt lat="53.733131" lon="10.637392">
        <ele>55.002825</ele>
        <time>2021-07-30T13:56:45.295Z</time>
      </trkpt>
      <trkpt lat="53.733019" lon="10.637321">
        <ele>54.932474</ele>
        <time>2021-07-30T13:56:48.286Z</time>
      </trkpt>
      <trkpt lat="53.732911" lon="10.637270">
        <ele>54.866523</ele>
        <time>2021-07-30T13:56:51.277Z</time>
      </trkpt>
      <trkpt lat="53.732806" lon="10.637191">
        <ele>54.798927</ele>
        <time>2021-07-30T13:56:54.296Z</time>
      </trkpt>
      <trkpt lat="53.732699" lon="10.637101">
        <ele>54.728636</ele>
        <time>2021-07-30T13:56:57.291Z</time>
      </trkpt>
      <trkpt lat="53.732585" lon="10.637025">
        <ele>54.656563</ele>
        <time>2021-07-30T13:57:00.269Z</time>
      </trkpt>
      <trkpt lat="53.732465" lon="10.636934">
        <ele>54.579209</ele>
        <time>2021-07-30T13:57:03.269Z</time>
      </trkpt>
      <trkpt lat="53.732351" lon="10.636829">
        <ele>54.502855</ele>
        <time>2021-07-30T13:57:06.279Z</time>
      </trkpt>
      <trkpt lat="53.732252" lon="10.636749">
        <ele>54.438318</ele>
        <time>2021-07-30T13:57:09.284Z</time>
      </trkpt>
      <trkpt lat="53.732162" lon="10.636690">
        <ele>54.487523</ele>
        <time>2021-07-30T13:57:12.271Z</time>
      </trkpt>
      <trkpt lat="53.732075" lon="10.636604">
        <ele>54.622746</ele>
        <time>2021-07-30T13:57:15.281Z</time>
      </trkpt>
      <trkpt lat="53.731973" lon="10.636528">
        <ele>54.772306</ele>
        <time>2021-07-30T13:57:20.282Z</time>
      </trkpt>
      <trkpt lat="53.731874" lon="10.636415">
        <ele>54.932582</ele>
        <time>2021-07-30T13:57:24.276Z</time>
      </trkpt>
      <trkpt lat="53.731764" lon="10.636346">
        <ele>55.090005</ele>
        <time>2021-07-30T13:57:27.265Z</time>
      </trkpt>
      <trkpt lat="53.731641" lon="10.636276">
        <ele>55.264139</ele>
        <time>2021-07-30T13:57:30.290Z</time>
      </trkpt>
      <trkpt lat="53.731530" lon="10.636216">
        <ele>55.420499</ele>
        <time>2021-07-30T13:57:33.275Z</time>
      </trkpt>
      <trkpt lat="53.731415" lon="10.636162">
        <ele>55.580640</ele>
        <time>2021-07-30T13:57:36.271Z</time>
      </trkpt>
      <trkpt lat="53.731293" lon="10.636118">
        <ele>55.748015</ele>
        <time>2021-07-30T13:57:39.265Z</time>
      </trkpt>
      <trkpt lat="53.731185" lon="10.636070">
        <ele>55.897846</ele>
        <time>2021-07-30T13:57:42.265Z</time>
      </trkpt>
      <trkpt lat="53.731074" lon="10.636011">
        <ele>56.053967</ele>
        <time>2021-07-30T13:57:45.282Z</time>
      </trkpt>
      <trkpt lat="53.730972" lon="10.636010">
        <ele>56.190825</ele>
        <time>2021-07-30T13:57:48.284Z</time>
      </trkpt>
      <trkpt lat="53.730865" lon="10.635988">
        <ele>56.335448</ele>
        <time>2021-07-30T13:57:53.256Z</time>
      </trkpt>
      <trkpt lat="53.730768" lon="10.635953">
        <ele>56.468527</ele>
        <time>2021-07-30T13:57:57.281Z</time>
      </trkpt>
      <trkpt lat="53.730574" lon="10.635906">
        <ele>56.731481</ele>
        <time>2021-07-30T13:58:36.282Z</time>
      </trkpt>
      <trkpt lat="53.730460" lon="10.635861">
        <ele>56.773936</ele>
        <time>2021-07-30T13:58:39.261Z</time>
      </trkpt>
      <trkpt lat="53.730334" lon="10.635808">
        <ele>56.623079</ele>
        <time>2021-07-30T13:58:42.260Z</time>
      </trkpt>
      <trkpt lat="53.730206" lon="10.635765">
        <ele>56.471453</ele>
        <time>2021-07-30T13:58:45.262Z</time>
      </trkpt>
      <trkpt lat="53.730075" lon="10.635724">
        <ele>56.316664</ele>
        <time>2021-07-30T13:58:48.266Z</time>
      </trkpt>
      <trkpt lat="53.729946" lon="10.635719">
        <ele>56.166746</ele>
        <time>2021-07-30T13:58:51.261Z</time>
      </trkpt>
      <trkpt lat="53.729853" lon="10.635729">
        <ele>56.058475</ele>
        <time>2021-07-30T13:58:54.266Z</time>
      </trkpt>
      <trkpt lat="53.729762" lon="10.635714">
        <ele>55.952245</ele>
        <time>2021-07-30T13:58:59.260Z</time>
      </trkpt>
      <trkpt lat="53.729664" lon="10.635604">
        <ele>55.815567</ele>
        <time>2021-07-30T13:59:10.268Z</time>
      </trkpt>
      <trkpt lat="53.729591" lon="10.635483">
        <ele>55.696779</ele>
        <time>2021-07-30T13:59:13.275Z</time>
      </trkpt>
      <trkpt lat="53.729509" lon="10.635361">
        <ele>55.569859</ele>
        <time>2021-07-30T13:59:17.266Z</time>
      </trkpt>
      <trkpt lat="53.729409" lon="10.635226">
        <ele>55.421167</ele>
        <time>2021-07-30T13:59:21.283Z</time>
      </trkpt>
      <trkpt lat="53.729335" lon="10.635141">
        <ele>55.317217</ele>
        <time>2021-07-30T13:59:23.292Z</time>
      </trkpt>
      <trkpt lat="53.729260" lon="10.635055">
        <ele>55.211921</ele>
        <time>2021-07-30T13:59:25.281Z</time>
      </trkpt>
      <trkpt lat="53.729151" lon="10.634929">
        <ele>55.058497</ele>
        <time>2021-07-30T13:59:28.260Z</time>
      </trkpt>
      <trkpt lat="53.729065" lon="10.634802">
        <ele>54.925816</ele>
        <time>2021-07-30T13:59:31.281Z</time>
      </trkpt>
      <trkpt lat="53.728992" lon="10.634707">
        <ele>54.818777</ele>
        <time>2021-07-30T13:59:34.274Z</time>
      </trkpt>
      <trkpt lat="53.728911" lon="10.634605">
        <ele>54.699296</ele>
        <time>2021-07-30T13:59:38.285Z</time>
      </trkpt>
      <trkpt lat="53.728826" lon="10.634526">
        <ele>54.579929</ele>
        <time>2021-07-30T13:59:42.255Z</time>
      </trkpt>
      <trkpt lat="53.728718" lon="10.634427">
        <ele>54.428744</ele>
        <time>2021-07-30T13:59:46.278Z</time>
      </trkpt>
      <trkpt lat="53.728632" lon="10.634355">
        <ele>54.310646</ele>
        <time>2021-07-30T13:59:49.269Z</time>
      </trkpt>
      <trkpt lat="53.728532" lon="10.634253">
        <ele>54.166921</ele>
        <time>2021-07-30T13:59:51.253Z</time>
      </trkpt>
      <trkpt lat="53.728411" lon="10.634105">
        <ele>53.983128</ele>
        <time>2021-07-30T13:59:53.257Z</time>
      </trkpt>
      <trkpt lat="53.728324" lon="10.633981">
        <ele>53.843089</ele>
        <time>2021-07-30T13:59:55.255Z</time>
      </trkpt>
      <trkpt lat="53.728238" lon="10.633883">
        <ele>53.715457</ele>
        <time>2021-07-30T13:59:57.275Z</time>
      </trkpt>
      <trkpt lat="53.728140" lon="10.633797">
        <ele>53.579578</ele>
        <time>2021-07-30T13:59:59.283Z</time>
      </trkpt>
      <trkpt lat="53.728038" lon="10.633738">
        <ele>53.446915</ele>
        <time>2021-07-30T14:00:01.277Z</time>
      </trkpt>
      <trkpt lat="53.727916" lon="10.633649">
        <ele>53.283401</ele>
        <time>2021-07-30T14:00:04.284Z</time>
      </trkpt>
      <trkpt lat="53.727829" lon="10.633577">
        <ele>53.164199</ele>
        <time>2021-07-30T14:00:06.271Z</time>
      </trkpt>
      <trkpt lat="53.727743" lon="10.633502">
        <ele>53.045115</ele>
        <time>2021-07-30T14:00:08.270Z</time>
      </trkpt>
      <trkpt lat="53.727651" lon="10.633420">
        <ele>52.917128</ele>
        <time>2021-07-30T14:00:10.286Z</time>
      </trkpt>
      <trkpt lat="53.727554" lon="10.633336">
        <ele>52.783010</ele>
        <time>2021-07-30T14:00:12.266Z</time>
      </trkpt>
      <trkpt lat="53.727456" lon="10.633247">
        <ele>52.646110</ele>
        <time>2021-07-30T14:00:14.297Z</time>
      </trkpt>
      <trkpt lat="53.727352" lon="10.633159">
        <ele>52.513171</ele>
        <time>2021-07-30T14:00:16.282Z</time>
      </trkpt>
      <trkpt lat="53.727253" lon="10.633062">
        <ele>52.440478</ele>
        <time>2021-07-30T14:00:18.266Z</time>
      </trkpt>
      <trkpt lat="53.727148" lon="10.632969">
        <ele>52.365172</ele>
        <time>2021-07-30T14:00:20.278Z</time>
      </trkpt>
      <trkpt lat="53.727045" lon="10.632881">
        <ele>52.291856</ele>
        <time>2021-07-30T14:00:22.271Z</time>
      </trkpt>
      <trkpt lat="53.726946" lon="10.632789">
        <ele>52.220086</ele>
        <time>2021-07-30T14:00:24.277Z</time>
      </trkpt>
      <trkpt lat="53.726851" lon="10.632696">
        <ele>52.150344</ele>
        <time>2021-07-30T14:00:26.250Z</time>
      </trkpt>
      <trkpt lat="53.726755" lon="10.632600">
        <ele>52.079485</ele>
        <time>2021-07-30T14:00:28.272Z</time>
      </trkpt>
      <trkpt lat="53.726664" lon="10.632498">
        <ele>52.010120</ele>
        <time>2021-07-30T14:00:30.278Z</time>
      </trkpt>
      <trkpt lat="53.726574" lon="10.632395">
        <ele>51.941073</ele>
        <time>2021-07-30T14:00:32.268Z</time>
      </trkpt>
      <trkpt lat="53.726485" lon="10.632294">
        <ele>51.872973</ele>
        <time>2021-07-30T14:00:34.265Z</time>
      </trkpt>
      <trkpt lat="53.726402" lon="10.632197">
        <ele>51.808869</ele>
        <time>2021-07-30T14:00:36.274Z</time>
      </trkpt>
      <trkpt lat="53.726299" lon="10.632065">
        <ele>51.726755</ele>
        <time>2021-07-30T14:00:39.266Z</time>
      </trkpt>
      <trkpt lat="53.726222" lon="10.631924">
        <ele>51.654636</ele>
        <time>2021-07-30T14:00:42.286Z</time>
      </trkpt>
      <trkpt lat="53.726123" lon="10.631783">
        <ele>51.572394</ele>
        <time>2021-07-30T14:00:45.267Z</time>
      </trkpt>
      <trkpt lat="53.726046" lon="10.631695">
        <ele>51.513346</ele>
        <time>2021-07-30T14:00:47.273Z</time>
      </trkpt>
      <trkpt lat="53.725965" lon="10.631606">
        <ele>51.451973</ele>
        <time>2021-07-30T14:00:49.278Z</time>
      </trkpt>
      <trkpt lat="53.725880" lon="10.631512">
        <ele>51.387444</ele>
        <time>2021-07-30T14:00:51.274Z</time>
      </trkpt>
      <trkpt lat="53.725794" lon="10.631422">
        <ele>51.203980</ele>
        <time>2021-07-30T14:00:53.275Z</time>
      </trkpt>
      <trkpt lat="53.725708" lon="10.631331">
        <ele>51.007584</ele>
        <time>2021-07-30T14:00:55.270Z</time>
      </trkpt>
      <trkpt lat="53.725624" lon="10.631246">
        <ele>50.818078</ele>
        <time>2021-07-30T14:00:57.264Z</time>
      </trkpt>
      <trkpt lat="53.725533" lon="10.631163">
        <ele>50.617924</ele>
        <time>2021-07-30T14:00:59.267Z</time>
      </trkpt>
      <trkpt lat="53.725436" lon="10.631072">
        <ele>50.403184</ele>
        <time>2021-07-30T14:01:01.255Z</time>
      </trkpt>
      <trkpt lat="53.725337" lon="10.630982">
        <ele>50.185595</ele>
        <time>2021-07-30T14:01:03.270Z</time>
      </trkpt>
      <trkpt lat="53.725239" lon="10.630889">
        <ele>49.968047</ele>
        <time>2021-07-30T14:01:05.245Z</time>
      </trkpt>
      <trkpt lat="53.725144" lon="10.630797">
        <ele>49.756115</ele>
        <time>2021-07-30T14:01:07.274Z</time>
      </trkpt>
      <trkpt lat="53.725036" lon="10.630705">
        <ele>49.522016</ele>
        <time>2021-07-30T14:01:09.270Z</time>
      </trkpt>
      <trkpt lat="53.724938" lon="10.630609">
        <ele>49.302765</ele>
        <time>2021-07-30T14:01:11.265Z</time>
      </trkpt>
      <trkpt lat="53.724836" lon="10.630514">
        <ele>49.077338</ele>
        <time>2021-07-30T14:01:13.259Z</time>
      </trkpt>
      <trkpt lat="53.724731" lon="10.630417">
        <ele>48.845717</ele>
        <time>2021-07-30T14:01:15.273Z</time>
      </trkpt>
      <trkpt lat="53.724633" lon="10.630324">
        <ele>48.628169</ele>
        <time>2021-07-30T14:01:17.260Z</time>
      </trkpt>
      <trkpt lat="53.724540" lon="10.630238">
        <ele>48.422972</ele>
        <time>2021-07-30T14:01:19.256Z</time>
      </trkpt>
      <trkpt lat="53.724442" lon="10.630176">
        <ele>48.220425</ele>
        <time>2021-07-30T14:01:21.264Z</time>
      </trkpt>
      <trkpt lat="53.724344" lon="10.630139">
        <ele>48.026058</ele>
        <time>2021-07-30T14:01:23.263Z</time>
      </trkpt>
      <trkpt lat="53.724244" lon="10.630113">
        <ele>47.971117</ele>
        <time>2021-07-30T14:01:25.264Z</time>
      </trkpt>
      <trkpt lat="53.724145" lon="10.630117">
        <ele>48.167018</ele>
        <time>2021-07-30T14:01:27.250Z</time>
      </trkpt>
      <trkpt lat="53.724047" lon="10.630138">
        <ele>48.362437</ele>
        <time>2021-07-30T14:01:29.258Z</time>
      </trkpt>
      <trkpt lat="53.723956" lon="10.630177">
        <ele>48.548154</ele>
        <time>2021-07-30T14:01:31.251Z</time>
      </trkpt>
      <trkpt lat="53.723864" lon="10.630218">
        <ele>48.736373</ele>
        <time>2021-07-30T14:01:33.262Z</time>
      </trkpt>
      <trkpt lat="53.723739" lon="10.630286">
        <ele>48.996146</ele>
        <time>2021-07-30T14:01:36.278Z</time>
      </trkpt>
      <trkpt lat="53.723620" lon="10.630367">
        <ele>49.249930</ele>
        <time>2021-07-30T14:01:39.257Z</time>
      </trkpt>
      <trkpt lat="53.723506" lon="10.630446">
        <ele>49.493670</ele>
        <time>2021-07-30T14:01:42.270Z</time>
      </trkpt>
      <trkpt lat="53.723394" lon="10.630523">
        <ele>49.732862</ele>
        <time>2021-07-30T14:01:45.263Z</time>
      </trkpt>
      <trkpt lat="53.723283" lon="10.630596">
        <ele>49.968485</ele>
        <time>2021-07-30T14:01:48.287Z</time>
      </trkpt>
      <trkpt lat="53.723168" lon="10.630662">
        <ele>50.208741</ele>
        <time>2021-07-30T14:01:51.268Z</time>
      </trkpt>
      <trkpt lat="53.723051" lon="10.630728">
        <ele>50.452746</ele>
        <time>2021-07-30T14:01:54.280Z</time>
      </trkpt>
      <trkpt lat="53.722931" lon="10.630798">
        <ele>50.703877</ele>
        <time>2021-07-30T14:01:57.275Z</time>
      </trkpt>
      <trkpt lat="53.722819" lon="10.630863">
        <ele>50.938138</ele>
        <time>2021-07-30T14:02:00.277Z</time>
      </trkpt>
      <trkpt lat="53.722708" lon="10.630920">
        <ele>51.167635</ele>
        <time>2021-07-30T14:02:03.250Z</time>
      </trkpt>
      <trkpt lat="53.722600" lon="10.630974">
        <ele>51.390438</ele>
        <time>2021-07-30T14:02:06.273Z</time>
      </trkpt>
      <trkpt lat="53.722492" lon="10.631034">
        <ele>51.463900</ele>
        <time>2021-07-30T14:02:09.274Z</time>
      </trkpt>
      <trkpt lat="53.722404" lon="10.631091">
        <ele>51.470846</ele>
        <time>2021-07-30T14:02:12.290Z</time>
      </trkpt>
      <trkpt lat="53.722313" lon="10.631055">
        <ele>51.477735</ele>
        <time>2021-07-30T14:02:16.265Z</time>
      </trkpt>
      <trkpt lat="53.722203" lon="10.631057">
        <ele>51.485844</ele>
        <time>2021-07-30T14:02:20.274Z</time>
      </trkpt>
      <trkpt lat="53.722002" lon="10.630978">
        <ele>51.501055</ele>
        <time>2021-07-30T14:03:02.258Z</time>
      </trkpt>
      <trkpt lat="53.721898" lon="10.630899">
        <ele>51.509460</ele>
        <time>2021-07-30T14:03:05.250Z</time>
      </trkpt>
      <trkpt lat="53.721823" lon="10.630742">
        <ele>51.518261</ele>
        <time>2021-07-30T14:03:08.255Z</time>
      </trkpt>
      <trkpt lat="53.721768" lon="10.630545">
        <ele>51.527761</ele>
        <time>2021-07-30T14:03:11.253Z</time>
      </trkpt>
      <trkpt lat="53.721734" lon="10.630403">
        <ele>51.534442</ele>
        <time>2021-07-30T14:03:13.242Z</time>
      </trkpt>
      <trkpt lat="53.721702" lon="10.630258">
        <ele>51.541192</ele>
        <time>2021-07-30T14:03:15.239Z</time>
      </trkpt>
      <trkpt lat="53.721659" lon="10.630043">
        <ele>51.551091</ele>
        <time>2021-07-30T14:03:18.244Z</time>
      </trkpt>
      <trkpt lat="53.721628" lon="10.629894">
        <ele>51.557979</ele>
        <time>2021-07-30T14:03:20.257Z</time>
      </trkpt>
      <trkpt lat="53.721601" lon="10.629741">
        <ele>51.564943</ele>
        <time>2021-07-30T14:03:22.260Z</time>
      </trkpt>
      <trkpt lat="53.721577" lon="10.629584">
        <ele>51.572015</ele>
        <time>2021-07-30T14:03:24.276Z</time>
      </trkpt>
      <trkpt lat="53.721555" lon="10.629428">
        <ele>51.579010</ele>
        <time>2021-07-30T14:03:26.267Z</time>
      </trkpt>
      <trkpt lat="53.721536" lon="10.629269">
        <ele>51.586085</ele>
        <time>2021-07-30T14:03:28.255Z</time>
      </trkpt>
      <trkpt lat="53.721522" lon="10.629108">
        <ele>51.612835</ele>
        <time>2021-07-30T14:03:30.260Z</time>
      </trkpt>
      <trkpt lat="53.721522" lon="10.628943">
        <ele>51.675191</ele>
        <time>2021-07-30T14:03:32.258Z</time>
      </trkpt>
      <trkpt lat="53.721534" lon="10.628780">
        <ele>51.737265</ele>
        <time>2021-07-30T14:03:34.260Z</time>
      </trkpt>
      <trkpt lat="53.721552" lon="10.628623">
        <ele>51.797701</ele>
        <time>2021-07-30T14:03:36.269Z</time>
      </trkpt>
      <trkpt lat="53.721570" lon="10.628464">
        <ele>51.858879</ele>
        <time>2021-07-30T14:03:38.279Z</time>
      </trkpt>
      <trkpt lat="53.721589" lon="10.628239">
        <ele>51.944770</ele>
        <time>2021-07-30T14:03:41.269Z</time>
      </trkpt>
      <trkpt lat="53.721597" lon="10.628079">
        <ele>52.005451</ele>
        <time>2021-07-30T14:03:43.275Z</time>
      </trkpt>
      <trkpt lat="53.721602" lon="10.627912">
        <ele>52.068643</ele>
        <time>2021-07-30T14:03:45.278Z</time>
      </trkpt>
      <trkpt lat="53.721599" lon="10.627749">
        <ele>52.130273</ele>
        <time>2021-07-30T14:03:47.245Z</time>
      </trkpt>
      <trkpt lat="53.721592" lon="10.627597">
        <ele>52.187889</ele>
        <time>2021-07-30T14:03:49.273Z</time>
      </trkpt>
      <trkpt lat="53.721583" lon="10.627381">
        <ele>52.269720</ele>
        <time>2021-07-30T14:03:52.270Z</time>
      </trkpt>
      <trkpt lat="53.721565" lon="10.627212">
        <ele>52.334613</ele>
        <time>2021-07-30T14:03:54.268Z</time>
      </trkpt>
      <trkpt lat="53.721545" lon="10.627060">
        <ele>52.393459</ele>
        <time>2021-07-30T14:03:56.265Z</time>
      </trkpt>
      <trkpt lat="53.721512" lon="10.626839">
        <ele>52.479595</ele>
        <time>2021-07-30T14:03:59.276Z</time>
      </trkpt>
      <trkpt lat="53.721491" lon="10.626689">
        <ele>52.537847</ele>
        <time>2021-07-30T14:04:01.274Z</time>
      </trkpt>
      <trkpt lat="53.721474" lon="10.626537">
        <ele>52.596307</ele>
        <time>2021-07-30T14:04:03.287Z</time>
      </trkpt>
      <trkpt lat="53.721451" lon="10.626315">
        <ele>52.681480</ele>
        <time>2021-07-30T14:04:06.256Z</time>
      </trkpt>
      <trkpt lat="53.721441" lon="10.626157">
        <ele>52.745629</ele>
        <time>2021-07-30T14:04:08.276Z</time>
      </trkpt>
      <trkpt lat="53.721433" lon="10.626005">
        <ele>52.912671</ele>
        <time>2021-07-30T14:04:10.276Z</time>
      </trkpt>
      <trkpt lat="53.721424" lon="10.625842">
        <ele>53.091872</ele>
        <time>2021-07-30T14:04:12.287Z</time>
      </trkpt>
      <trkpt lat="53.721413" lon="10.625619">
        <ele>53.336823</ele>
        <time>2021-07-30T14:04:15.259Z</time>
      </trkpt>
      <trkpt lat="53.721411" lon="10.625466">
        <ele>53.504344</ele>
        <time>2021-07-30T14:04:17.265Z</time>
      </trkpt>
      <trkpt lat="53.721406" lon="10.625313">
        <ele>53.672079</ele>
        <time>2021-07-30T14:04:19.256Z</time>
      </trkpt>
      <trkpt lat="53.721403" lon="10.625155">
        <ele>53.845121</ele>
        <time>2021-07-30T14:04:21.279Z</time>
      </trkpt>
      <trkpt lat="53.721389" lon="10.625001">
        <ele>54.015673</ele>
        <time>2021-07-30T14:04:23.295Z</time>
      </trkpt>
      <trkpt lat="53.721385" lon="10.624844">
        <ele>54.187691</ele>
        <time>2021-07-30T14:04:25.299Z</time>
      </trkpt>
      <trkpt lat="53.721380" lon="10.624682">
        <ele>54.365263</ele>
        <time>2021-07-30T14:04:27.277Z</time>
      </trkpt>
      <trkpt lat="53.721377" lon="10.624521">
        <ele>54.541588</ele>
        <time>2021-07-30T14:04:29.276Z</time>
      </trkpt>
      <trkpt lat="53.721378" lon="10.624362">
        <ele>54.715645</ele>
        <time>2021-07-30T14:04:31.269Z</time>
      </trkpt>
      <trkpt lat="53.721382" lon="10.624209">
        <ele>54.883289</ele>
        <time>2021-07-30T14:04:33.269Z</time>
      </trkpt>
      <trkpt lat="53.721395" lon="10.624043">
        <ele>55.066583</ele>
        <time>2021-07-30T14:04:35.280Z</time>
      </trkpt>
      <trkpt lat="53.721406" lon="10.623872">
        <ele>55.254870</ele>
        <time>2021-07-30T14:04:37.273Z</time>
      </trkpt>
      <trkpt lat="53.721416" lon="10.623715">
        <ele>55.427721</ele>
        <time>2021-07-30T14:04:39.273Z</time>
      </trkpt>
      <trkpt lat="53.721427" lon="10.623555">
        <ele>55.604041</ele>
        <time>2021-07-30T14:04:41.290Z</time>
      </trkpt>
      <trkpt lat="53.721439" lon="10.623399">
        <ele>55.776242</ele>
        <time>2021-07-30T14:04:43.284Z</time>
      </trkpt>
      <trkpt lat="53.721452" lon="10.623241">
        <ele>55.950858</ele>
        <time>2021-07-30T14:04:45.277Z</time>
      </trkpt>
      <trkpt lat="53.721463" lon="10.623084">
        <ele>56.213924</ele>
        <time>2021-07-30T14:04:47.247Z</time>
      </trkpt>
      <trkpt lat="53.721474" lon="10.622919">
        <ele>56.681972</ele>
        <time>2021-07-30T14:04:49.267Z</time>
      </trkpt>
      <trkpt lat="53.721484" lon="10.622764">
        <ele>57.121477</ele>
        <time>2021-07-30T14:04:51.271Z</time>
      </trkpt>
      <trkpt lat="53.721494" lon="10.622606">
        <ele>57.569390</ele>
        <time>2021-07-30T14:04:53.260Z</time>
      </trkpt>
      <trkpt lat="53.721501" lon="10.622449">
        <ele>58.013199</ele>
        <time>2021-07-30T14:04:55.276Z</time>
      </trkpt>
      <trkpt lat="53.721511" lon="10.622292">
        <ele>58.458309</ele>
        <time>2021-07-30T14:04:57.260Z</time>
      </trkpt>
      <trkpt lat="53.721519" lon="10.622133">
        <ele>58.908118</ele>
        <time>2021-07-30T14:04:59.265Z</time>
      </trkpt>
      <trkpt lat="53.721526" lon="10.621977">
        <ele>59.349115</ele>
        <time>2021-07-30T14:05:01.254Z</time>
      </trkpt>
      <trkpt lat="53.721531" lon="10.621824">
        <ele>59.781050</ele>
        <time>2021-07-30T14:05:03.269Z</time>
      </trkpt>
      <trkpt lat="53.721530" lon="10.621665">
        <ele>60.229266</ele>
        <time>2021-07-30T14:05:05.271Z</time>
      </trkpt>
      <trkpt lat="53.721523" lon="10.621509">
        <ele>60.670264</ele>
        <time>2021-07-30T14:05:07.277Z</time>
      </trkpt>
      <trkpt lat="53.721505" lon="10.621356">
        <ele>61.109984</ele>
        <time>2021-07-30T14:05:09.276Z</time>
      </trkpt>
      <trkpt lat="53.721482" lon="10.621207">
        <ele>61.544044</ele>
        <time>2021-07-30T14:05:11.254Z</time>
      </trkpt>
      <trkpt lat="53.721451" lon="10.621062">
        <ele>61.978633</ele>
        <time>2021-07-30T14:05:13.275Z</time>
      </trkpt>
      <trkpt lat="53.721385" lon="10.620868">
        <ele>62.609427</ele>
        <time>2021-07-30T14:05:16.285Z</time>
      </trkpt>
      <trkpt lat="53.721334" lon="10.620742">
        <ele>63.039746</ele>
        <time>2021-07-30T14:05:18.251Z</time>
      </trkpt>
      <trkpt lat="53.721280" lon="10.620620">
        <ele>63.469212</ele>
        <time>2021-07-30T14:05:20.278Z</time>
      </trkpt>
      <trkpt lat="53.721215" lon="10.620437">
        <ele>64.070860</ele>
        <time>2021-07-30T14:05:23.257Z</time>
      </trkpt>
      <trkpt lat="53.721167" lon="10.620251">
        <ele>64.639579</ele>
        <time>2021-07-30T14:05:26.266Z</time>
      </trkpt>
      <trkpt lat="53.721131" lon="10.620059">
        <ele>64.963759</ele>
        <time>2021-07-30T14:05:29.275Z</time>
      </trkpt>
      <trkpt lat="53.721100" lon="10.619849">
        <ele>65.312126</ele>
        <time>2021-07-30T14:05:32.269Z</time>
      </trkpt>
      <trkpt lat="53.721067" lon="10.619633">
        <ele>65.671193</ele>
        <time>2021-07-30T14:05:35.285Z</time>
      </trkpt>
      <trkpt lat="53.721040" lon="10.619486">
        <ele>65.918936</ele>
        <time>2021-07-30T14:05:37.282Z</time>
      </trkpt>
      <trkpt lat="53.721016" lon="10.619337">
        <ele>66.167487</ele>
        <time>2021-07-30T14:05:39.275Z</time>
      </trkpt>
      <trkpt lat="53.720990" lon="10.619189">
        <ele>66.415980</ele>
        <time>2021-07-30T14:05:41.274Z</time>
      </trkpt>
      <trkpt lat="53.720964" lon="10.619040">
        <ele>66.666016</ele>
        <time>2021-07-30T14:05:43.293Z</time>
      </trkpt>
      <trkpt lat="53.720926" lon="10.618824">
        <ele>67.028723</ele>
        <time>2021-07-30T14:05:46.279Z</time>
      </trkpt>
      <trkpt lat="53.720901" lon="10.618676">
        <ele>67.276456</ele>
        <time>2021-07-30T14:05:48.279Z</time>
      </trkpt>
      <trkpt lat="53.720862" lon="10.618460">
        <ele>67.639948</ele>
        <time>2021-07-30T14:05:51.249Z</time>
      </trkpt>
      <trkpt lat="53.720822" lon="10.618252">
        <ele>67.991976</ele>
        <time>2021-07-30T14:05:54.286Z</time>
      </trkpt>
      <trkpt lat="53.720789" lon="10.618040">
        <ele>68.344815</ele>
        <time>2021-07-30T14:05:57.271Z</time>
      </trkpt>
      <trkpt lat="53.720749" lon="10.617826">
        <ele>68.706040</ele>
        <time>2021-07-30T14:06:00.272Z</time>
      </trkpt>
      <trkpt lat="53.720710" lon="10.617611">
        <ele>69.067995</ele>
        <time>2021-07-30T14:06:03.253Z</time>
      </trkpt>
      <trkpt lat="53.720669" lon="10.617398">
        <ele>69.428518</ele>
        <time>2021-07-30T14:06:06.275Z</time>
      </trkpt>
      <trkpt lat="53.720637" lon="10.617207">
        <ele>69.672993</ele>
        <time>2021-07-30T14:06:09.258Z</time>
      </trkpt>
      <trkpt lat="53.720616" lon="10.617057">
        <ele>69.836557</ele>
        <time>2021-07-30T14:06:12.284Z</time>
      </trkpt>
      <trkpt lat="53.720523" lon="10.616841">
        <ele>70.120015</ele>
        <time>2021-07-30T14:07:42.229Z</time>
      </trkpt>
      <trkpt lat="53.720591" lon="10.616956">
        <ele>70.292531</ele>
        <time>2021-07-30T14:08:00.268Z</time>
      </trkpt>
      <trkpt lat="53.720477" lon="10.616789">
        <ele>70.563079</ele>
        <time>2021-07-30T14:08:34.265Z</time>
      </trkpt>
      <trkpt lat="53.720401" lon="10.616639">
        <ele>70.772626</ele>
        <time>2021-07-30T14:08:37.261Z</time>
      </trkpt>
      <trkpt lat="53.720307" lon="10.616486">
        <ele>71.006665</ele>
        <time>2021-07-30T14:08:40.263Z</time>
      </trkpt>
      <trkpt lat="53.720213" lon="10.616339">
        <ele>71.236333</ele>
        <time>2021-07-30T14:08:43.259Z</time>
      </trkpt>
      <trkpt lat="53.720119" lon="10.616182">
        <ele>71.473337</ele>
        <time>2021-07-30T14:08:46.257Z</time>
      </trkpt>
      <trkpt lat="53.720056" lon="10.616072">
        <ele>71.635783</ele>
        <time>2021-07-30T14:08:48.257Z</time>
      </trkpt>
      <trkpt lat="53.719989" lon="10.615961">
        <ele>71.804038</ele>
        <time>2021-07-30T14:08:50.257Z</time>
      </trkpt>
      <trkpt lat="53.719923" lon="10.615856">
        <ele>71.966589</ele>
        <time>2021-07-30T14:08:52.270Z</time>
      </trkpt>
      <trkpt lat="53.719858" lon="10.615738">
        <ele>72.137662</ele>
        <time>2021-07-30T14:08:54.271Z</time>
      </trkpt>
      <trkpt lat="53.719794" lon="10.615622">
        <ele>72.305960</ele>
        <time>2021-07-30T14:08:56.291Z</time>
      </trkpt>
      <trkpt lat="53.719725" lon="10.615508">
        <ele>72.479006</ele>
        <time>2021-07-30T14:08:58.277Z</time>
      </trkpt>
      <trkpt lat="53.719658" lon="10.615390">
        <ele>72.652543</ele>
        <time>2021-07-30T14:09:00.266Z</time>
      </trkpt>
      <trkpt lat="53.719594" lon="10.615274">
        <ele>72.775873</ele>
        <time>2021-07-30T14:09:02.276Z</time>
      </trkpt>
      <trkpt lat="53.719530" lon="10.615162">
        <ele>72.831108</ele>
        <time>2021-07-30T14:09:04.274Z</time>
      </trkpt>
      <trkpt lat="53.719467" lon="10.615046">
        <ele>72.886965</ele>
        <time>2021-07-30T14:09:06.273Z</time>
      </trkpt>
      <trkpt lat="53.719402" lon="10.614935">
        <ele>72.942365</ele>
        <time>2021-07-30T14:09:08.274Z</time>
      </trkpt>
      <trkpt lat="53.719338" lon="10.614815">
        <ele>72.999675</ele>
        <time>2021-07-30T14:09:10.282Z</time>
      </trkpt>
      <trkpt lat="53.719276" lon="10.614705">
        <ele>73.053568</ele>
        <time>2021-07-30T14:09:12.264Z</time>
      </trkpt>
      <trkpt lat="53.719184" lon="10.614549">
        <ele>73.131701</ele>
        <time>2021-07-30T14:09:15.268Z</time>
      </trkpt>
      <trkpt lat="53.719099" lon="10.614385">
        <ele>73.209043</ele>
        <time>2021-07-30T14:09:18.276Z</time>
      </trkpt>
      <trkpt lat="53.719013" lon="10.614231">
        <ele>73.284163</ele>
        <time>2021-07-30T14:09:21.255Z</time>
      </trkpt>
      <trkpt lat="53.718930" lon="10.614072">
        <ele>73.359381</ele>
        <time>2021-07-30T14:09:24.271Z</time>
      </trkpt>
      <trkpt lat="53.718841" lon="10.613917">
        <ele>73.436001</ele>
        <time>2021-07-30T14:09:27.279Z</time>
      </trkpt>
      <trkpt lat="53.718780" lon="10.613797">
        <ele>73.492123</ele>
        <time>2021-07-30T14:09:30.274Z</time>
      </trkpt>
      <trkpt lat="53.718684" lon="10.613616">
        <ele>73.578353</ele>
        <time>2021-07-30T14:10:06.277Z</time>
      </trkpt>
      <trkpt lat="53.718623" lon="10.613498">
        <ele>73.633939</ele>
        <time>2021-07-30T14:10:09.255Z</time>
      </trkpt>
      <trkpt lat="53.718558" lon="10.613376">
        <ele>73.692178</ele>
        <time>2021-07-30T14:10:11.270Z</time>
      </trkpt>
      <trkpt lat="53.718483" lon="10.613241">
        <ele>73.757871</ele>
        <time>2021-07-30T14:10:13.259Z</time>
      </trkpt>
      <trkpt lat="53.718402" lon="10.613096">
        <ele>73.828612</ele>
        <time>2021-07-30T14:10:15.264Z</time>
      </trkpt>
      <trkpt lat="53.718318" lon="10.612939">
        <ele>73.872264</ele>
        <time>2021-07-30T14:10:17.274Z</time>
      </trkpt>
      <trkpt lat="53.718231" lon="10.612777">
        <ele>73.916034</ele>
        <time>2021-07-30T14:10:19.258Z</time>
      </trkpt>
      <trkpt lat="53.718142" lon="10.612616">
        <ele>73.960115</ele>
        <time>2021-07-30T14:10:21.248Z</time>
      </trkpt>
      <trkpt lat="53.718054" lon="10.612458">
        <ele>74.003527</ele>
        <time>2021-07-30T14:10:23.243Z</time>
      </trkpt>
      <trkpt lat="53.717964" lon="10.612320">
        <ele>74.044617</ele>
        <time>2021-07-30T14:10:25.233Z</time>
      </trkpt>
      <trkpt lat="53.717875" lon="10.612195">
        <ele>74.083745</ele>
        <time>2021-07-30T14:10:27.254Z</time>
      </trkpt>
      <trkpt lat="53.717787" lon="10.612084">
        <ele>74.120873</ele>
        <time>2021-07-30T14:10:29.253Z</time>
      </trkpt>
      <trkpt lat="53.717699" lon="10.611979">
        <ele>74.157296</ele>
        <time>2021-07-30T14:10:31.246Z</time>
      </trkpt>
      <trkpt lat="53.717614" lon="10.611884">
        <ele>74.191752</ele>
        <time>2021-07-30T14:10:33.237Z</time>
      </trkpt>
      <trkpt lat="53.717533" lon="10.611780">
        <ele>74.226147</ele>
        <time>2021-07-30T14:10:35.243Z</time>
      </trkpt>
      <trkpt lat="53.717452" lon="10.611684">
        <ele>74.259598</ele>
        <time>2021-07-30T14:10:37.267Z</time>
      </trkpt>
      <trkpt lat="53.717371" lon="10.611594">
        <ele>74.292375</ele>
        <time>2021-07-30T14:10:39.258Z</time>
      </trkpt>
      <trkpt lat="53.717293" lon="10.611501">
        <ele>74.324651</ele>
        <time>2021-07-30T14:10:41.255Z</time>
      </trkpt>
      <trkpt lat="53.717217" lon="10.611412">
        <ele>74.355915</ele>
        <time>2021-07-30T14:10:43.264Z</time>
      </trkpt>
      <trkpt lat="53.717141" lon="10.611322">
        <ele>74.387292</ele>
        <time>2021-07-30T14:10:45.268Z</time>
      </trkpt>
      <trkpt lat="53.717067" lon="10.611234">
        <ele>74.417887</ele>
        <time>2021-07-30T14:10:47.256Z</time>
      </trkpt>
      <trkpt lat="53.716964" lon="10.611118">
        <ele>74.667704</ele>
        <time>2021-07-30T14:10:50.272Z</time>
      </trkpt>
      <trkpt lat="53.716869" lon="10.610975">
        <ele>75.158041</ele>
        <time>2021-07-30T14:10:53.266Z</time>
      </trkpt>
      <trkpt lat="53.716793" lon="10.610890">
        <ele>75.509297</ele>
        <time>2021-07-30T14:10:55.244Z</time>
      </trkpt>
      <trkpt lat="53.716684" lon="10.610767">
        <ele>76.014452</ele>
        <time>2021-07-30T14:10:58.254Z</time>
      </trkpt>
      <trkpt lat="53.716602" lon="10.610684">
        <ele>76.382847</ele>
        <time>2021-07-30T14:11:00.254Z</time>
      </trkpt>
      <trkpt lat="53.716522" lon="10.610601">
        <ele>76.744651</ele>
        <time>2021-07-30T14:11:02.264Z</time>
      </trkpt>
      <trkpt lat="53.716444" lon="10.610520">
        <ele>77.097500</ele>
        <time>2021-07-30T14:11:04.256Z</time>
      </trkpt>
      <trkpt lat="53.716364" lon="10.610436">
        <ele>77.460503</ele>
        <time>2021-07-30T14:11:06.255Z</time>
      </trkpt>
      <trkpt lat="53.716249" lon="10.610309">
        <ele>77.989982</ele>
        <time>2021-07-30T14:11:09.267Z</time>
      </trkpt>
      <trkpt lat="53.716168" lon="10.610222">
        <ele>78.359890</ele>
        <time>2021-07-30T14:11:11.244Z</time>
      </trkpt>
      <trkpt lat="53.716092" lon="10.610131">
        <ele>78.718882</ele>
        <time>2021-07-30T14:11:13.274Z</time>
      </trkpt>
      <trkpt lat="53.716016" lon="10.610044">
        <ele>79.072678</ele>
        <time>2021-07-30T14:11:15.269Z</time>
      </trkpt>
      <trkpt lat="53.715944" lon="10.609951">
        <ele>79.421958</ele>
        <time>2021-07-30T14:11:17.267Z</time>
      </trkpt>
      <trkpt lat="53.715836" lon="10.609830">
        <ele>79.921379</ele>
        <time>2021-07-30T14:11:20.264Z</time>
      </trkpt>
      <trkpt lat="53.715756" lon="10.609742">
        <ele>80.289281</ele>
        <time>2021-07-30T14:11:22.255Z</time>
      </trkpt>
      <trkpt lat="53.715674" lon="10.609658">
        <ele>80.658855</ele>
        <time>2021-07-30T14:11:24.275Z</time>
      </trkpt>
      <trkpt lat="53.715593" lon="10.609584">
        <ele>81.013742</ele>
        <time>2021-07-30T14:11:26.256Z</time>
      </trkpt>
      <trkpt lat="53.715478" lon="10.609475">
        <ele>81.618681</ele>
        <time>2021-07-30T14:11:29.258Z</time>
      </trkpt>
      <trkpt lat="53.715377" lon="10.609369">
        <ele>82.372406</ele>
        <time>2021-07-30T14:11:32.270Z</time>
      </trkpt>
      <trkpt lat="53.715295" lon="10.609265">
        <ele>83.022372</ele>
        <time>2021-07-30T14:11:35.261Z</time>
      </trkpt>
      <trkpt lat="53.715219" lon="10.609109">
        <ele>83.780429</ele>
        <time>2021-07-30T14:11:38.281Z</time>
      </trkpt>
      <trkpt lat="53.715157" lon="10.608954">
        <ele>84.482306</ele>
        <time>2021-07-30T14:11:41.247Z</time>
      </trkpt>
      <trkpt lat="53.715091" lon="10.608749">
        <ele>85.357838</ele>
        <time>2021-07-30T14:11:44.278Z</time>
      </trkpt>
      <trkpt lat="53.715051" lon="10.608602">
        <ele>85.964836</ele>
        <time>2021-07-30T14:11:46.278Z</time>
      </trkpt>
      <trkpt lat="53.715025" lon="10.608443">
        <ele>86.583703</ele>
        <time>2021-07-30T14:11:48.277Z</time>
      </trkpt>
      <trkpt lat="53.715000" lon="10.608220">
        <ele>87.435204</ele>
        <time>2021-07-30T14:11:51.268Z</time>
      </trkpt>
      <trkpt lat="53.714980" lon="10.608043">
        <ele>88.111244</ele>
        <time>2021-07-30T14:11:54.278Z</time>
      </trkpt>
      <trkpt lat="53.714952" lon="10.607876">
        <ele>88.762432</ele>
        <time>2021-07-30T14:11:57.280Z</time>
      </trkpt>
      <trkpt lat="53.714931" lon="10.607723">
        <ele>89.351674</ele>
        <time>2021-07-30T14:12:00.262Z</time>
      </trkpt>
      <trkpt lat="53.714900" lon="10.607525">
        <ele>90.120061</ele>
        <time>2021-07-30T14:12:04.282Z</time>
      </trkpt>
      <trkpt lat="53.714873" lon="10.607347">
        <ele>90.809446</ele>
        <time>2021-07-30T14:12:07.270Z</time>
      </trkpt>
      <trkpt lat="53.714860" lon="10.607175">
        <ele>91.459976</ele>
        <time>2021-07-30T14:12:09.276Z</time>
      </trkpt>
      <trkpt lat="53.714842" lon="10.606958">
        <ele>92.282049</ele>
        <time>2021-07-30T14:12:12.276Z</time>
      </trkpt>
      <trkpt lat="53.714823" lon="10.606759">
        <ele>92.855581</ele>
        <time>2021-07-30T14:12:15.276Z</time>
      </trkpt>
      <trkpt lat="53.714796" lon="10.606578">
        <ele>93.071398</ele>
        <time>2021-07-30T14:12:18.275Z</time>
      </trkpt>
      <trkpt lat="53.714771" lon="10.606397">
        <ele>93.286294</ele>
        <time>2021-07-30T14:12:21.272Z</time>
      </trkpt>
      <trkpt lat="53.714753" lon="10.606237">
        <ele>93.474598</ele>
        <time>2021-07-30T14:12:24.255Z</time>
      </trkpt>
      <trkpt lat="53.714727" lon="10.606037">
        <ele>93.711351</ele>
        <time>2021-07-30T14:12:27.282Z</time>
      </trkpt>
      <trkpt lat="53.714707" lon="10.605887">
        <ele>93.889128</ele>
        <time>2021-07-30T14:12:29.273Z</time>
      </trkpt>
      <trkpt lat="53.714687" lon="10.605721">
        <ele>94.084994</ele>
        <time>2021-07-30T14:12:31.277Z</time>
      </trkpt>
      <trkpt lat="53.714662" lon="10.605561">
        <ele>94.276325</ele>
        <time>2021-07-30T14:12:33.281Z</time>
      </trkpt>
      <trkpt lat="53.714627" lon="10.605359">
        <ele>94.519682</ele>
        <time>2021-07-30T14:12:36.268Z</time>
      </trkpt>
      <trkpt lat="53.714604" lon="10.605211">
        <ele>94.696601</ele>
        <time>2021-07-30T14:12:38.263Z</time>
      </trkpt>
      <trkpt lat="53.714577" lon="10.605061">
        <ele>94.877876</ele>
        <time>2021-07-30T14:12:40.262Z</time>
      </trkpt>
      <trkpt lat="53.714544" lon="10.604911">
        <ele>95.062902</ele>
        <time>2021-07-30T14:12:42.272Z</time>
      </trkpt>
      <trkpt lat="53.714512" lon="10.604757">
        <ele>95.251614</ele>
        <time>2021-07-30T14:12:44.249Z</time>
      </trkpt>
      <trkpt lat="53.714486" lon="10.604605">
        <ele>95.434550</ele>
        <time>2021-07-30T14:12:46.250Z</time>
      </trkpt>
      <trkpt lat="53.714462" lon="10.604451">
        <ele>95.618676</ele>
        <time>2021-07-30T14:12:48.263Z</time>
      </trkpt>
      <trkpt lat="53.714441" lon="10.604290">
        <ele>95.809293</ele>
        <time>2021-07-30T14:12:50.294Z</time>
      </trkpt>
      <trkpt lat="53.714420" lon="10.604134">
        <ele>95.994268</ele>
        <time>2021-07-30T14:12:52.273Z</time>
      </trkpt>
      <trkpt lat="53.714409" lon="10.603972">
        <ele>96.182803</ele>
        <time>2021-07-30T14:12:54.278Z</time>
      </trkpt>
      <trkpt lat="53.714398" lon="10.603813">
        <ele>96.357380</ele>
        <time>2021-07-30T14:12:56.278Z</time>
      </trkpt>
      <trkpt lat="53.714388" lon="10.603662">
        <ele>96.509896</ele>
        <time>2021-07-30T14:12:58.275Z</time>
      </trkpt>
      <trkpt lat="53.714379" lon="10.603461">
        <ele>96.712232</ele>
        <time>2021-07-30T14:13:01.278Z</time>
      </trkpt>
      <trkpt lat="53.714368" lon="10.603267">
        <ele>96.907856</ele>
        <time>2021-07-30T14:13:05.275Z</time>
      </trkpt>
      <trkpt lat="53.714343" lon="10.603100">
        <ele>97.080767</ele>
        <time>2021-07-30T14:13:09.271Z</time>
      </trkpt>
      <trkpt lat="53.714281" lon="10.602715">
        <ele>97.481273</ele>
        <time>2021-07-30T14:14:13.273Z</time>
      </trkpt>
      <trkpt lat="53.714273" lon="10.602541">
        <ele>97.656457</ele>
        <time>2021-07-30T14:14:17.287Z</time>
      </trkpt>
      <trkpt lat="53.714270" lon="10.602378">
        <ele>97.820152</ele>
        <time>2021-07-30T14:14:20.273Z</time>
      </trkpt>
      <trkpt lat="53.714255" lon="10.602208">
        <ele>97.992681</ele>
        <time>2021-07-30T14:14:25.263Z</time>
      </trkpt>
      <trkpt lat="53.714241" lon="10.602031">
        <ele>98.171929</ele>
        <time>2021-07-30T14:14:29.249Z</time>
      </trkpt>
      <trkpt lat="53.714216" lon="10.601816">
        <ele>98.391868</ele>
        <time>2021-07-30T14:14:32.269Z</time>
      </trkpt>
      <trkpt lat="53.714193" lon="10.601636">
        <ele>98.576712</ele>
        <time>2021-07-30T14:14:35.259Z</time>
      </trkpt>
      <trkpt lat="53.714168" lon="10.601440">
        <ele>98.777971</ele>
        <time>2021-07-30T14:14:39.245Z</time>
      </trkpt>
      <trkpt lat="53.714151" lon="10.601289">
        <ele>98.932260</ele>
        <time>2021-07-30T14:14:42.255Z</time>
      </trkpt>
      <trkpt lat="53.714131" lon="10.601122">
        <ele>99.103289</ele>
        <time>2021-07-30T14:14:45.245Z</time>
      </trkpt>
      <trkpt lat="53.714114" lon="10.600964">
        <ele>99.264487</ele>
        <time>2021-07-30T14:14:48.249Z</time>
      </trkpt>
      <trkpt lat="53.714097" lon="10.600780">
        <ele>99.339232</ele>
        <time>2021-07-30T14:14:52.279Z</time>
      </trkpt>
      <trkpt lat="53.714100" lon="10.600624">
        <ele>99.339754</ele>
        <time>2021-07-30T14:14:55.259Z</time>
      </trkpt>
      <trkpt lat="53.714077" lon="10.600474">
        <ele>99.340272</ele>
        <time>2021-07-30T14:14:58.263Z</time>
      </trkpt>
      <trkpt lat="53.714055" lon="10.600322">
        <ele>99.340795</ele>
        <time>2021-07-30T14:15:02.245Z</time>
      </trkpt>
      <trkpt lat="53.714032" lon="10.600162">
        <ele>99.341345</ele>
        <time>2021-07-30T14:15:05.260Z</time>
      </trkpt>
      <trkpt lat="53.714020" lon="10.599991">
        <ele>99.341921</ele>
        <time>2021-07-30T14:15:08.278Z</time>
      </trkpt>
      <trkpt lat="53.714003" lon="10.599830">
        <ele>99.342467</ele>
        <time>2021-07-30T14:15:11.277Z</time>
      </trkpt>
      <trkpt lat="53.713985" lon="10.599651">
        <ele>99.343074</ele>
        <time>2021-07-30T14:15:14.287Z</time>
      </trkpt>
      <trkpt lat="53.713961" lon="10.599487">
        <ele>99.343639</ele>
        <time>2021-07-30T14:15:18.267Z</time>
      </trkpt>
      <trkpt lat="53.713908" lon="10.599067">
        <ele>99.345074</ele>
        <time>2021-07-30T14:15:29.247Z</time>
      </trkpt>
      <trkpt lat="53.713904" lon="10.598889">
        <ele>99.345669</ele>
        <time>2021-07-30T14:15:41.241Z</time>
      </trkpt>
      <trkpt lat="53.713892" lon="10.598709">
        <ele>99.346275</ele>
        <time>2021-07-30T14:15:44.239Z</time>
      </trkpt>
      <trkpt lat="53.713883" lon="10.598509">
        <ele>99.346945</ele>
        <time>2021-07-30T14:15:48.244Z</time>
      </trkpt>
      <trkpt lat="53.713881" lon="10.598353">
        <ele>99.347467</ele>
        <time>2021-07-30T14:15:51.241Z</time>
      </trkpt>
      <trkpt lat="53.713873" lon="10.598170">
        <ele>99.348080</ele>
        <time>2021-07-30T14:15:54.262Z</time>
      </trkpt>
      <trkpt lat="53.713861" lon="10.597978">
        <ele>99.348725</ele>
        <time>2021-07-30T14:15:57.251Z</time>
      </trkpt>
      <trkpt lat="53.713838" lon="10.597776">
        <ele>99.240416</ele>
        <time>2021-07-30T14:16:00.226Z</time>
      </trkpt>
      <trkpt lat="53.713816" lon="10.597613">
        <ele>99.087786</ele>
        <time>2021-07-30T14:16:03.237Z</time>
      </trkpt>
      <trkpt lat="53.713801" lon="10.597450">
        <ele>98.937187</ele>
        <time>2021-07-30T14:16:05.241Z</time>
      </trkpt>
      <trkpt lat="53.713785" lon="10.597264">
        <ele>98.765595</ele>
        <time>2021-07-30T14:16:07.240Z</time>
      </trkpt>
      <trkpt lat="53.713767" lon="10.597080">
        <ele>98.595334</ele>
        <time>2021-07-30T14:16:09.245Z</time>
      </trkpt>
      <trkpt lat="53.713744" lon="10.596891">
        <ele>98.419177</ele>
        <time>2021-07-30T14:16:11.251Z</time>
      </trkpt>
      <trkpt lat="53.713718" lon="10.596678">
        <ele>98.220626</ele>
        <time>2021-07-30T14:16:13.259Z</time>
      </trkpt>
      <trkpt lat="53.713698" lon="10.596456">
        <ele>98.015617</ele>
        <time>2021-07-30T14:16:15.255Z</time>
      </trkpt>
      <trkpt lat="53.713673" lon="10.596222">
        <ele>97.798534</ele>
        <time>2021-07-30T14:16:17.257Z</time>
      </trkpt>
      <trkpt lat="53.713657" lon="10.596000">
        <ele>97.594362</ele>
        <time>2021-07-30T14:16:19.250Z</time>
      </trkpt>
      <trkpt lat="53.713638" lon="10.595784">
        <ele>97.394999</ele>
        <time>2021-07-30T14:16:21.255Z</time>
      </trkpt>
      <trkpt lat="53.713612" lon="10.595574">
        <ele>97.199129</ele>
        <time>2021-07-30T14:16:23.263Z</time>
      </trkpt>
      <trkpt lat="53.713589" lon="10.595393">
        <ele>97.030119</ele>
        <time>2021-07-30T14:16:25.231Z</time>
      </trkpt>
      <trkpt lat="53.713560" lon="10.595211">
        <ele>96.858045</ele>
        <time>2021-07-30T14:16:28.258Z</time>
      </trkpt>
      <trkpt lat="53.713538" lon="10.595034">
        <ele>96.692928</ele>
        <time>2021-07-30T14:16:31.255Z</time>
      </trkpt>
      <trkpt lat="53.713510" lon="10.594853">
        <ele>96.424282</ele>
        <time>2021-07-30T14:16:35.269Z</time>
      </trkpt>
      <trkpt lat="53.713502" lon="10.594695">
        <ele>96.008546</ele>
        <time>2021-07-30T14:16:38.245Z</time>
      </trkpt>
      <trkpt lat="53.713486" lon="10.594521">
        <ele>95.546902</ele>
        <time>2021-07-30T14:16:41.240Z</time>
      </trkpt>
      <trkpt lat="53.713479" lon="10.594353">
        <ele>95.105372</ele>
        <time>2021-07-30T14:16:44.252Z</time>
      </trkpt>
      <trkpt lat="53.713458" lon="10.594124">
        <ele>94.497846</ele>
        <time>2021-07-30T14:16:46.248Z</time>
      </trkpt>
      <trkpt lat="53.713443" lon="10.593956">
        <ele>94.052421</ele>
        <time>2021-07-30T14:16:48.262Z</time>
      </trkpt>
      <trkpt lat="53.713438" lon="10.593804">
        <ele>93.653312</ele>
        <time>2021-07-30T14:16:51.259Z</time>
      </trkpt>
      <trkpt lat="53.713417" lon="10.593611">
        <ele>93.138849</ele>
        <time>2021-07-30T14:16:56.263Z</time>
      </trkpt>
      <trkpt lat="53.713398" lon="10.593423">
        <ele>92.638840</ele>
        <time>2021-07-30T14:17:00.261Z</time>
      </trkpt>
      <trkpt lat="53.713377" lon="10.593258">
        <ele>92.196374</ele>
        <time>2021-07-30T14:17:03.250Z</time>
      </trkpt>
      <trkpt lat="53.713339" lon="10.593075">
        <ele>91.687934</ele>
        <time>2021-07-30T14:17:06.258Z</time>
      </trkpt>
      <trkpt lat="53.713306" lon="10.592932">
        <ele>91.285541</ele>
        <time>2021-07-30T14:17:09.251Z</time>
      </trkpt>
      <trkpt lat="53.713235" lon="10.592753">
        <ele>90.720612</ele>
        <time>2021-07-30T14:17:13.247Z</time>
      </trkpt>
      <trkpt lat="53.713123" lon="10.592702">
        <ele>90.206772</ele>
        <time>2021-07-30T14:17:17.253Z</time>
      </trkpt>
      <trkpt lat="53.712947" lon="10.592525">
        <ele>89.299478</ele>
        <time>2021-07-30T14:17:20.256Z</time>
      </trkpt>
      <trkpt lat="53.712811" lon="10.592421">
        <ele>88.638196</ele>
        <time>2021-07-30T14:17:22.266Z</time>
      </trkpt>
      <trkpt lat="53.712721" lon="10.592329">
        <ele>88.558017</ele>
        <time>2021-07-30T14:17:24.264Z</time>
      </trkpt>
      <trkpt lat="53.712611" lon="10.592286">
        <ele>88.501913</ele>
        <time>2021-07-30T14:17:26.249Z</time>
      </trkpt>
      <trkpt lat="53.712482" lon="10.592229">
        <ele>88.435656</ele>
        <time>2021-07-30T14:17:28.261Z</time>
      </trkpt>
      <trkpt lat="53.712363" lon="10.592205">
        <ele>88.376104</ele>
        <time>2021-07-30T14:17:30.259Z</time>
      </trkpt>
      <trkpt lat="53.712225" lon="10.592128">
        <ele>88.303888</ele>
        <time>2021-07-30T14:17:32.244Z</time>
      </trkpt>
      <trkpt lat="53.712125" lon="10.592085">
        <ele>88.252613</ele>
        <time>2021-07-30T14:17:34.265Z</time>
      </trkpt>
      <trkpt lat="53.712004" lon="10.592028">
        <ele>88.190193</ele>
        <time>2021-07-30T14:17:36.243Z</time>
      </trkpt>
      <trkpt lat="53.711886" lon="10.591996">
        <ele>88.130808</ele>
        <time>2021-07-30T14:17:38.248Z</time>
      </trkpt>
      <trkpt lat="53.711786" lon="10.591953">
        <ele>88.079533</ele>
        <time>2021-07-30T14:17:40.264Z</time>
      </trkpt>
      <trkpt lat="53.711667" lon="10.591898">
        <ele>88.018228</ele>
        <time>2021-07-30T14:17:43.254Z</time>
      </trkpt>
      <trkpt lat="53.711530" lon="10.591836">
        <ele>87.947752</ele>
        <time>2021-07-30T14:17:45.246Z</time>
      </trkpt>
      <trkpt lat="53.711416" lon="10.591791">
        <ele>87.889578</ele>
        <time>2021-07-30T14:17:47.276Z</time>
      </trkpt>
      <trkpt lat="53.711323" lon="10.591773">
        <ele>87.843063</ele>
        <time>2021-07-30T14:17:49.248Z</time>
      </trkpt>
      <trkpt lat="53.711209" lon="10.591731">
        <ele>87.785085</ele>
        <time>2021-07-30T14:17:51.258Z</time>
      </trkpt>
      <trkpt lat="53.711087" lon="10.591676">
        <ele>87.722341</ele>
        <time>2021-07-30T14:17:53.253Z</time>
      </trkpt>
      <trkpt lat="53.710989" lon="10.591634">
        <ele>87.732762</ele>
        <time>2021-07-30T14:17:55.263Z</time>
      </trkpt>
      <trkpt lat="53.710863" lon="10.591558">
        <ele>87.764897</ele>
        <time>2021-07-30T14:17:58.266Z</time>
      </trkpt>
      <trkpt lat="53.710744" lon="10.591500">
        <ele>87.794646</ele>
        <time>2021-07-30T14:18:01.257Z</time>
      </trkpt>
      <trkpt lat="53.710647" lon="10.591451">
        <ele>87.818964</ele>
        <time>2021-07-30T14:18:04.265Z</time>
      </trkpt>
      <trkpt lat="53.710544" lon="10.591384">
        <ele>87.845474</ele>
        <time>2021-07-30T14:18:08.277Z</time>
      </trkpt>
      <trkpt lat="53.710435" lon="10.591313">
        <ele>87.873533</ele>
        <time>2021-07-30T14:18:12.259Z</time>
      </trkpt>
      <trkpt lat="53.710341" lon="10.591217">
        <ele>87.899916</ele>
        <time>2021-07-30T14:18:16.271Z</time>
      </trkpt>
      <trkpt lat="53.710343" lon="10.591053">
        <ele>87.923236</ele>
        <time>2021-07-30T14:18:21.269Z</time>
      </trkpt>
      <trkpt lat="53.710359" lon="10.590892">
        <ele>87.946444</ele>
        <time>2021-07-30T14:18:24.268Z</time>
      </trkpt>
      <trkpt lat="53.710388" lon="10.590734">
        <ele>87.969961</ele>
        <time>2021-07-30T14:18:27.291Z</time>
      </trkpt>
      <trkpt lat="53.710417" lon="10.590536">
        <ele>87.998959</ele>
        <time>2021-07-30T14:18:31.277Z</time>
      </trkpt>
      <trkpt lat="53.710430" lon="10.590342">
        <ele>88.026715</ele>
        <time>2021-07-30T14:18:34.272Z</time>
      </trkpt>
      <trkpt lat="53.710453" lon="10.590153">
        <ele>88.054145</ele>
        <time>2021-07-30T14:18:36.249Z</time>
      </trkpt>
      <trkpt lat="53.710468" lon="10.589941">
        <ele>88.084498</ele>
        <time>2021-07-30T14:18:39.261Z</time>
      </trkpt>
      <trkpt lat="53.710488" lon="10.589741">
        <ele>88.113334</ele>
        <time>2021-07-30T14:18:42.274Z</time>
      </trkpt>
      <trkpt lat="53.710509" lon="10.589580">
        <ele>88.136771</ele>
        <time>2021-07-30T14:18:44.266Z</time>
      </trkpt>
      <trkpt lat="53.710538" lon="10.589418">
        <ele>88.128812</ele>
        <time>2021-07-30T14:18:47.268Z</time>
      </trkpt>
      <trkpt lat="53.710564" lon="10.589273">
        <ele>88.106738</ele>
        <time>2021-07-30T14:18:51.285Z</time>
      </trkpt>
      <trkpt lat="53.710576" lon="10.589056">
        <ele>88.074984</ele>
        <time>2021-07-30T14:19:15.257Z</time>
      </trkpt>
      <trkpt lat="53.710659" lon="10.588534">
        <ele>87.996234</ele>
        <time>2021-07-30T14:20:35.255Z</time>
      </trkpt>
      <trkpt lat="53.710691" lon="10.588348">
        <ele>87.968013</ele>
        <time>2021-07-30T14:20:39.253Z</time>
      </trkpt>
      <trkpt lat="53.710705" lon="10.588179">
        <ele>87.943150</ele>
        <time>2021-07-30T14:20:42.263Z</time>
      </trkpt>
      <trkpt lat="53.710713" lon="10.588024">
        <ele>87.920482</ele>
        <time>2021-07-30T14:20:45.253Z</time>
      </trkpt>
      <trkpt lat="53.710711" lon="10.587851">
        <ele>87.895272</ele>
        <time>2021-07-30T14:20:48.275Z</time>
      </trkpt>
      <trkpt lat="53.710693" lon="10.587684">
        <ele>87.870540</ele>
        <time>2021-07-30T14:20:51.252Z</time>
      </trkpt>
      <trkpt lat="53.710664" lon="10.587508">
        <ele>87.843923</ele>
        <time>2021-07-30T14:20:54.245Z</time>
      </trkpt>
      <trkpt lat="53.710630" lon="10.587330">
        <ele>87.816672</ele>
        <time>2021-07-30T14:20:57.253Z</time>
      </trkpt>
      <trkpt lat="53.710598" lon="10.587182">
        <ele>87.793715</ele>
        <time>2021-07-30T14:20:59.253Z</time>
      </trkpt>
      <trkpt lat="53.710556" lon="10.586984">
        <ele>87.763070</ele>
        <time>2021-07-30T14:21:02.253Z</time>
      </trkpt>
      <trkpt lat="53.710515" lon="10.586824">
        <ele>87.737668</ele>
        <time>2021-07-30T14:21:05.258Z</time>
      </trkpt>
      <trkpt lat="53.710482" lon="10.586676">
        <ele>87.714625</ele>
        <time>2021-07-30T14:21:08.250Z</time>
      </trkpt>
      <trkpt lat="53.710434" lon="10.586517">
        <ele>87.774308</ele>
        <time>2021-07-30T14:21:11.258Z</time>
      </trkpt>
      <trkpt lat="53.710383" lon="10.586343">
        <ele>87.923792</ele>
        <time>2021-07-30T14:21:14.250Z</time>
      </trkpt>
      <trkpt lat="53.710333" lon="10.586150">
        <ele>88.085989</ele>
        <time>2021-07-30T14:21:17.248Z</time>
      </trkpt>
      <trkpt lat="53.710282" lon="10.585967">
        <ele>88.241713</ele>
        <time>2021-07-30T14:21:20.252Z</time>
      </trkpt>
      <trkpt lat="53.710231" lon="10.585788">
        <ele>88.394658</ele>
        <time>2021-07-30T14:21:23.250Z</time>
      </trkpt>
      <trkpt lat="53.710170" lon="10.585597">
        <ele>88.561746</ele>
        <time>2021-07-30T14:21:26.251Z</time>
      </trkpt>
      <trkpt lat="53.710108" lon="10.585419">
        <ele>88.720754</ele>
        <time>2021-07-30T14:21:29.269Z</time>
      </trkpt>
      <trkpt lat="53.710057" lon="10.585261">
        <ele>88.859309</ele>
        <time>2021-07-30T14:21:32.245Z</time>
      </trkpt>
      <trkpt lat="53.710017" lon="10.585094">
        <ele>88.998008</ele>
        <time>2021-07-30T14:21:35.258Z</time>
      </trkpt>
      <trkpt lat="53.709974" lon="10.584904">
        <ele>89.154615</ele>
        <time>2021-07-30T14:21:38.254Z</time>
      </trkpt>
      <trkpt lat="53.709926" lon="10.584718">
        <ele>89.310833</ele>
        <time>2021-07-30T14:21:41.250Z</time>
      </trkpt>
      <trkpt lat="53.709839" lon="10.584481">
        <ele>89.525540</ele>
        <time>2021-07-30T14:21:44.262Z</time>
      </trkpt>
      <trkpt lat="53.709775" lon="10.584310">
        <ele>89.681303</ele>
        <time>2021-07-30T14:21:46.259Z</time>
      </trkpt>
      <trkpt lat="53.709729" lon="10.584170">
        <ele>89.804582</ele>
        <time>2021-07-30T14:21:50.259Z</time>
      </trkpt>
      <trkpt lat="53.709670" lon="10.584007">
        <ele>89.951680</ele>
        <time>2021-07-30T14:21:54.272Z</time>
      </trkpt>
      <trkpt lat="53.709622" lon="10.583868">
        <ele>90.088482</ele>
        <time>2021-07-30T14:21:57.252Z</time>
      </trkpt>
      <trkpt lat="53.709554" lon="10.583680">
        <ele>90.323019</ele>
        <time>2021-07-30T14:22:01.239Z</time>
      </trkpt>
      <trkpt lat="53.709504" lon="10.583516">
        <ele>90.519398</ele>
        <time>2021-07-30T14:22:06.242Z</time>
      </trkpt>
      <trkpt lat="53.709471" lon="10.583332">
        <ele>90.724061</ele>
        <time>2021-07-30T14:22:12.249Z</time>
      </trkpt>
      <trkpt lat="53.709430" lon="10.583076">
        <ele>91.006376</ele>
        <time>2021-07-30T14:22:23.270Z</time>
      </trkpt>
      <trkpt lat="53.709402" lon="10.582866">
        <ele>91.235524</ele>
        <time>2021-07-30T14:22:36.259Z</time>
      </trkpt>
      <trkpt lat="53.709354" lon="10.582700">
        <ele>91.432193</ele>
        <time>2021-07-30T14:22:39.268Z</time>
      </trkpt>
      <trkpt lat="53.709294" lon="10.582534">
        <ele>91.639246</ele>
        <time>2021-07-30T14:22:44.236Z</time>
      </trkpt>
      <trkpt lat="53.709254" lon="10.582371">
        <ele>91.827083</ele>
        <time>2021-07-30T14:22:47.263Z</time>
      </trkpt>
      <trkpt lat="53.709216" lon="10.582209">
        <ele>92.012583</ele>
        <time>2021-07-30T14:22:50.265Z</time>
      </trkpt>
      <trkpt lat="53.709163" lon="10.582038">
        <ele>92.218063</ele>
        <time>2021-07-30T14:22:54.242Z</time>
      </trkpt>
      <trkpt lat="53.709101" lon="10.581911">
        <ele>92.393309</ele>
        <time>2021-07-30T14:22:57.251Z</time>
      </trkpt>
      <trkpt lat="53.709038" lon="10.581765">
        <ele>92.585647</ele>
        <time>2021-07-30T14:23:01.277Z</time>
      </trkpt>
      <trkpt lat="53.708986" lon="10.581642">
        <ele>92.746552</ele>
        <time>2021-07-30T14:23:05.255Z</time>
      </trkpt>
      <trkpt lat="53.708897" lon="10.581524">
        <ele>92.950024</ele>
        <time>2021-07-30T14:23:10.278Z</time>
      </trkpt>
      <trkpt lat="53.708822" lon="10.581426">
        <ele>93.120547</ele>
        <time>2021-07-30T14:23:13.276Z</time>
      </trkpt>
      <trkpt lat="53.708730" lon="10.581306">
        <ele>93.299976</ele>
        <time>2021-07-30T14:23:17.277Z</time>
      </trkpt>
      <trkpt lat="53.708663" lon="10.581193">
        <ele>93.374828</ele>
        <time>2021-07-30T14:23:20.276Z</time>
      </trkpt>
      <trkpt lat="53.708604" lon="10.581057">
        <ele>93.453740</ele>
        <time>2021-07-30T14:23:23.262Z</time>
      </trkpt>
      <trkpt lat="53.708570" lon="10.580890">
        <ele>93.536388</ele>
        <time>2021-07-30T14:23:27.261Z</time>
      </trkpt>
      <trkpt lat="53.708576" lon="10.580690">
        <ele>93.630106</ele>
        <time>2021-07-30T14:23:31.258Z</time>
      </trkpt>
      <trkpt lat="53.708581" lon="10.580505">
        <ele>93.716775</ele>
        <time>2021-07-30T14:23:34.282Z</time>
      </trkpt>
      <trkpt lat="53.708573" lon="10.580326">
        <ele>93.800784</ele>
        <time>2021-07-30T14:23:37.289Z</time>
      </trkpt>
      <trkpt lat="53.708577" lon="10.580166">
        <ele>93.875729</ele>
        <time>2021-07-30T14:23:40.282Z</time>
      </trkpt>
      <trkpt lat="53.708592" lon="10.580008">
        <ele>93.950616</ele>
        <time>2021-07-30T14:23:43.264Z</time>
      </trkpt>
      <trkpt lat="53.708598" lon="10.579754">
        <ele>94.069580</ele>
        <time>2021-07-30T14:23:47.287Z</time>
      </trkpt>
      <trkpt lat="53.708606" lon="10.579583">
        <ele>94.149856</ele>
        <time>2021-07-30T14:23:49.267Z</time>
      </trkpt>
      <trkpt lat="53.708581" lon="10.579422">
        <ele>94.227752</ele>
        <time>2021-07-30T14:23:52.290Z</time>
      </trkpt>
      <trkpt lat="53.708557" lon="10.579241">
        <ele>94.314558</ele>
        <time>2021-07-30T14:23:55.285Z</time>
      </trkpt>
      <trkpt lat="53.708506" lon="10.579112">
        <ele>94.387157</ele>
        <time>2021-07-30T14:24:08.287Z</time>
      </trkpt>
      <trkpt lat="53.708548" lon="10.579248">
        <ele>94.458946</ele>
        <time>2021-07-30T14:25:15.283Z</time>
      </trkpt>
      <trkpt lat="53.708524" lon="10.579400">
        <ele>94.532569</ele>
        <time>2021-07-30T14:25:24.264Z</time>
      </trkpt>
      <trkpt lat="53.708533" lon="10.579242">
        <ele>94.606853</ele>
        <time>2021-07-30T14:25:45.256Z</time>
      </trkpt>
      <trkpt lat="53.708512" lon="10.579081">
        <ele>94.684007</ele>
        <time>2021-07-30T14:25:52.257Z</time>
      </trkpt>
      <trkpt lat="53.708416" lon="10.579021">
        <ele>94.703918</ele>
        <time>2021-07-30T14:26:01.267Z</time>
      </trkpt>
      <trkpt lat="53.708313" lon="10.579045">
        <ele>94.710192</ele>
        <time>2021-07-30T14:26:04.286Z</time>
      </trkpt>
      <trkpt lat="53.708217" lon="10.579045">
        <ele>94.715986</ele>
        <time>2021-07-30T14:26:07.281Z</time>
      </trkpt>
      <trkpt lat="53.708125" lon="10.579038">
        <ele>94.721543</ele>
        <time>2021-07-30T14:26:10.264Z</time>
      </trkpt>
      <trkpt lat="53.708026" lon="10.579032">
        <ele>94.727521</ele>
        <time>2021-07-30T14:26:13.251Z</time>
      </trkpt>
      <trkpt lat="53.707902" lon="10.579023">
        <ele>94.735011</ele>
        <time>2021-07-30T14:26:17.254Z</time>
      </trkpt>
      <trkpt lat="53.707798" lon="10.579027">
        <ele>94.741289</ele>
        <time>2021-07-30T14:26:20.265Z</time>
      </trkpt>
      <trkpt lat="53.707677" lon="10.579027">
        <ele>94.748591</ele>
        <time>2021-07-30T14:26:23.261Z</time>
      </trkpt>
      <trkpt lat="53.707562" lon="10.579023">
        <ele>94.755532</ele>
        <time>2021-07-30T14:26:26.291Z</time>
      </trkpt>
      <trkpt lat="53.707444" lon="10.579016">
        <ele>94.762657</ele>
        <time>2021-07-30T14:26:29.254Z</time>
      </trkpt>
      <trkpt lat="53.707325" lon="10.579021">
        <ele>94.769841</ele>
        <time>2021-07-30T14:26:32.254Z</time>
      </trkpt>
      <trkpt lat="53.707206" lon="10.579028">
        <ele>94.777026</ele>
        <time>2021-07-30T14:26:35.271Z</time>
      </trkpt>
      <trkpt lat="53.707081" lon="10.579012">
        <ele>94.784591</ele>
        <time>2021-07-30T14:26:38.262Z</time>
      </trkpt>
      <trkpt lat="53.706963" lon="10.579021">
        <ele>94.791719</ele>
        <time>2021-07-30T14:26:41.275Z</time>
      </trkpt>
      <trkpt lat="53.706857" lon="10.579016">
        <ele>94.798119</ele>
        <time>2021-07-30T14:26:44.282Z</time>
      </trkpt>
      <trkpt lat="53.706739" lon="10.579016">
        <ele>94.805239</ele>
        <time>2021-07-30T14:26:47.279Z</time>
      </trkpt>
      <trkpt lat="53.706616" lon="10.579012">
        <ele>94.718849</ele>
        <time>2021-07-30T14:26:50.287Z</time>
      </trkpt>
      <trkpt lat="53.706501" lon="10.579011">
        <ele>94.601683</ele>
        <time>2021-07-30T14:26:53.275Z</time>
      </trkpt>
      <trkpt lat="53.706380" lon="10.579000">
        <ele>94.478226</ele>
        <time>2021-07-30T14:26:56.270Z</time>
      </trkpt>
      <trkpt lat="53.706255" lon="10.578995">
        <ele>94.350838</ele>
        <time>2021-07-30T14:26:59.266Z</time>
      </trkpt>
      <trkpt lat="53.706130" lon="10.579000">
        <ele>94.223449</ele>
        <time>2021-07-30T14:27:02.259Z</time>
      </trkpt>
      <trkpt lat="53.705997" lon="10.578990">
        <ele>94.087811</ele>
        <time>2021-07-30T14:27:05.286Z</time>
      </trkpt>
      <trkpt lat="53.705864" lon="10.578985">
        <ele>93.952273</ele>
        <time>2021-07-30T14:27:08.277Z</time>
      </trkpt>
      <trkpt lat="53.705730" lon="10.578986">
        <ele>93.815749</ele>
        <time>2021-07-30T14:27:11.268Z</time>
      </trkpt>
      <trkpt lat="53.705639" lon="10.578984">
        <ele>93.723028</ele>
        <time>2021-07-30T14:27:13.299Z</time>
      </trkpt>
      <trkpt lat="53.705548" lon="10.578982">
        <ele>93.630307</ele>
        <time>2021-07-30T14:27:15.257Z</time>
      </trkpt>
      <trkpt lat="53.705450" lon="10.578981">
        <ele>93.530460</ele>
        <time>2021-07-30T14:27:17.275Z</time>
      </trkpt>
      <trkpt lat="53.705344" lon="10.578978">
        <ele>93.422450</ele>
        <time>2021-07-30T14:27:19.263Z</time>
      </trkpt>
      <trkpt lat="53.705238" lon="10.578974">
        <ele>93.314427</ele>
        <time>2021-07-30T14:27:21.267Z</time>
      </trkpt>
      <trkpt lat="53.705125" lon="10.578969">
        <ele>93.199260</ele>
        <time>2021-07-30T14:27:23.284Z</time>
      </trkpt>
      <trkpt lat="53.705012" lon="10.578962">
        <ele>93.084056</ele>
        <time>2021-07-30T14:27:25.267Z</time>
      </trkpt>
      <trkpt lat="53.704897" lon="10.578946">
        <ele>92.969088</ele>
        <time>2021-07-30T14:27:27.266Z</time>
      </trkpt>
      <trkpt lat="53.704781" lon="10.578936">
        <ele>92.887212</ele>
        <time>2021-07-30T14:27:29.260Z</time>
      </trkpt>
      <trkpt lat="53.704673" lon="10.578928">
        <ele>92.811009</ele>
        <time>2021-07-30T14:27:31.262Z</time>
      </trkpt>
      <trkpt lat="53.704573" lon="10.578912">
        <ele>92.740203</ele>
        <time>2021-07-30T14:27:33.285Z</time>
      </trkpt>
      <trkpt lat="53.704479" lon="10.578898">
        <ele>92.673685</ele>
        <time>2021-07-30T14:27:35.270Z</time>
      </trkpt>
      <trkpt lat="53.704383" lon="10.578884">
        <ele>92.605762</ele>
        <time>2021-07-30T14:27:37.265Z</time>
      </trkpt>
      <trkpt lat="53.704251" lon="10.578868">
        <ele>92.512475</ele>
        <time>2021-07-30T14:27:40.264Z</time>
      </trkpt>
      <trkpt lat="53.704119" lon="10.578841">
        <ele>92.418748</ele>
        <time>2021-07-30T14:27:43.278Z</time>
      </trkpt>
      <trkpt lat="53.704028" lon="10.578829">
        <ele>92.354406</ele>
        <time>2021-07-30T14:27:45.282Z</time>
      </trkpt>
      <trkpt lat="53.703938" lon="10.578816">
        <ele>92.290733</ele>
        <time>2021-07-30T14:27:47.283Z</time>
      </trkpt>
      <trkpt lat="53.703848" lon="10.578803">
        <ele>92.227059</ele>
        <time>2021-07-30T14:27:49.267Z</time>
      </trkpt>
      <trkpt lat="53.703755" lon="10.578791">
        <ele>92.161312</ele>
        <time>2021-07-30T14:27:51.278Z</time>
      </trkpt>
      <trkpt lat="53.703618" lon="10.578775">
        <ele>92.064509</ele>
        <time>2021-07-30T14:27:54.278Z</time>
      </trkpt>
      <trkpt lat="53.703521" lon="10.578759">
        <ele>91.995808</ele>
        <time>2021-07-30T14:27:56.272Z</time>
      </trkpt>
      <trkpt lat="53.703421" lon="10.578744">
        <ele>91.925040</ele>
        <time>2021-07-30T14:27:58.279Z</time>
      </trkpt>
      <trkpt lat="53.703326" lon="10.578729">
        <ele>91.857782</ele>
        <time>2021-07-30T14:28:00.261Z</time>
      </trkpt>
      <trkpt lat="53.703235" lon="10.578711">
        <ele>91.793197</ele>
        <time>2021-07-30T14:28:02.260Z</time>
      </trkpt>
      <trkpt lat="53.703145" lon="10.578702">
        <ele>91.729644</ele>
        <time>2021-07-30T14:28:04.266Z</time>
      </trkpt>
      <trkpt lat="53.703052" lon="10.578689">
        <ele>91.601298</ele>
        <time>2021-07-30T14:28:06.289Z</time>
      </trkpt>
      <trkpt lat="53.702958" lon="10.578678">
        <ele>91.438622</ele>
        <time>2021-07-30T14:28:08.272Z</time>
      </trkpt>
      <trkpt lat="53.702862" lon="10.578665">
        <ele>91.272349</ele>
        <time>2021-07-30T14:28:10.278Z</time>
      </trkpt>
      <trkpt lat="53.702764" lon="10.578653">
        <ele>91.102712</ele>
        <time>2021-07-30T14:28:12.301Z</time>
      </trkpt>
      <trkpt lat="53.702666" lon="10.578640">
        <ele>90.932997</ele>
        <time>2021-07-30T14:28:14.260Z</time>
      </trkpt>
      <trkpt lat="53.702571" lon="10.578631">
        <ele>90.768725</ele>
        <time>2021-07-30T14:28:16.271Z</time>
      </trkpt>
      <trkpt lat="53.702476" lon="10.578617">
        <ele>90.604088</ele>
        <time>2021-07-30T14:28:18.254Z</time>
      </trkpt>
      <trkpt lat="53.702379" lon="10.578604">
        <ele>90.436095</ele>
        <time>2021-07-30T14:28:20.267Z</time>
      </trkpt>
      <trkpt lat="53.702277" lon="10.578590">
        <ele>90.259415</ele>
        <time>2021-07-30T14:28:22.263Z</time>
      </trkpt>
      <trkpt lat="53.702177" lon="10.578578">
        <ele>90.086333</ele>
        <time>2021-07-30T14:28:24.278Z</time>
      </trkpt>
      <trkpt lat="53.702073" lon="10.578561">
        <ele>89.905942</ele>
        <time>2021-07-30T14:28:26.283Z</time>
      </trkpt>
      <trkpt lat="53.701973" lon="10.578542">
        <ele>89.732207</ele>
        <time>2021-07-30T14:28:28.285Z</time>
      </trkpt>
      <trkpt lat="53.701872" lon="10.578526">
        <ele>89.557069</ele>
        <time>2021-07-30T14:28:30.280Z</time>
      </trkpt>
      <trkpt lat="53.701769" lon="10.578517">
        <ele>89.379005</ele>
        <time>2021-07-30T14:28:32.269Z</time>
      </trkpt>
      <trkpt lat="53.701663" lon="10.578507">
        <ele>89.195714</ele>
        <time>2021-07-30T14:28:34.267Z</time>
      </trkpt>
      <trkpt lat="53.701555" lon="10.578492">
        <ele>89.008627</ele>
        <time>2021-07-30T14:28:36.278Z</time>
      </trkpt>
      <trkpt lat="53.701447" lon="10.578474">
        <ele>88.821263</ele>
        <time>2021-07-30T14:28:38.269Z</time>
      </trkpt>
      <trkpt lat="53.701345" lon="10.578458">
        <ele>88.644406</ele>
        <time>2021-07-30T14:28:40.272Z</time>
      </trkpt>
      <trkpt lat="53.701249" lon="10.578444">
        <ele>88.282650</ele>
        <time>2021-07-30T14:28:42.280Z</time>
      </trkpt>
      <trkpt lat="53.701119" lon="10.578427">
        <ele>87.701921</ele>
        <time>2021-07-30T14:28:45.278Z</time>
      </trkpt>
      <trkpt lat="53.700998" lon="10.578408">
        <ele>87.160685</ele>
        <time>2021-07-30T14:28:48.283Z</time>
      </trkpt>
      <trkpt lat="53.700884" lon="10.578394">
        <ele>86.651610</ele>
        <time>2021-07-30T14:28:51.273Z</time>
      </trkpt>
      <trkpt lat="53.700793" lon="10.578425">
        <ele>86.238153</ele>
        <time>2021-07-30T14:28:54.267Z</time>
      </trkpt>
      <trkpt lat="53.700745" lon="10.578608">
        <ele>85.710403</ele>
        <time>2021-07-30T14:28:57.259Z</time>
      </trkpt>
      <trkpt lat="53.700740" lon="10.578763">
        <ele>85.301112</ele>
        <time>2021-07-30T14:28:59.280Z</time>
      </trkpt>
      <trkpt lat="53.700720" lon="10.578927">
        <ele>84.859618</ele>
        <time>2021-07-30T14:29:01.266Z</time>
      </trkpt>
      <trkpt lat="53.700688" lon="10.579096">
        <ele>84.391782</ele>
        <time>2021-07-30T14:29:03.266Z</time>
      </trkpt>
      <trkpt lat="53.700645" lon="10.579274">
        <ele>83.884883</ele>
        <time>2021-07-30T14:29:05.281Z</time>
      </trkpt>
      <trkpt lat="53.700589" lon="10.579468">
        <ele>83.315799</ele>
        <time>2021-07-30T14:29:07.267Z</time>
      </trkpt>
      <trkpt lat="53.700533" lon="10.579667">
        <ele>82.734837</ele>
        <time>2021-07-30T14:29:09.285Z</time>
      </trkpt>
      <trkpt lat="53.700474" lon="10.579878">
        <ele>82.119559</ele>
        <time>2021-07-30T14:29:11.266Z</time>
      </trkpt>
      <trkpt lat="53.700419" lon="10.580090">
        <ele>81.509262</ele>
        <time>2021-07-30T14:29:13.280Z</time>
      </trkpt>
      <trkpt lat="53.700364" lon="10.580305">
        <ele>80.891711</ele>
        <time>2021-07-30T14:29:15.260Z</time>
      </trkpt>
      <trkpt lat="53.700319" lon="10.580526">
        <ele>80.631426</ele>
        <time>2021-07-30T14:29:17.280Z</time>
      </trkpt>
      <trkpt lat="53.700292" lon="10.580755">
        <ele>80.710516</ele>
        <time>2021-07-30T14:29:19.266Z</time>
      </trkpt>
      <trkpt lat="53.700279" lon="10.580983">
        <ele>80.788101</ele>
        <time>2021-07-30T14:29:21.275Z</time>
      </trkpt>
      <trkpt lat="53.700267" lon="10.581194">
        <ele>80.859899</ele>
        <time>2021-07-30T14:29:23.263Z</time>
      </trkpt>
      <trkpt lat="53.700258" lon="10.581376">
        <ele>80.921761</ele>
        <time>2021-07-30T14:29:25.293Z</time>
      </trkpt>
      <trkpt lat="53.700240" lon="10.581540">
        <ele>80.978257</ele>
        <time>2021-07-30T14:29:27.284Z</time>
      </trkpt>
      <trkpt lat="53.700213" lon="10.581698">
        <ele>81.033959</ele>
        <time>2021-07-30T14:29:29.282Z</time>
      </trkpt>
      <trkpt lat="53.700177" lon="10.581845">
        <ele>81.087843</ele>
        <time>2021-07-30T14:29:31.273Z</time>
      </trkpt>
      <trkpt lat="53.700110" lon="10.582037">
        <ele>81.163334</ele>
        <time>2021-07-30T14:29:34.272Z</time>
      </trkpt>
      <trkpt lat="53.700060" lon="10.582166">
        <ele>81.215561</ele>
        <time>2021-07-30T14:29:36.280Z</time>
      </trkpt>
      <trkpt lat="53.700015" lon="10.582301">
        <ele>81.268038</ele>
        <time>2021-07-30T14:29:38.284Z</time>
      </trkpt>
      <trkpt lat="53.699967" lon="10.582436">
        <ele>81.321378</ele>
        <time>2021-07-30T14:29:40.286Z</time>
      </trkpt>
      <trkpt lat="53.699903" lon="10.582618">
        <ele>81.393081</ele>
        <time>2021-07-30T14:29:43.280Z</time>
      </trkpt>
      <trkpt lat="53.699839" lon="10.582790">
        <ele>81.461892</ele>
        <time>2021-07-30T14:29:46.294Z</time>
      </trkpt>
      <trkpt lat="53.699773" lon="10.582961">
        <ele>81.531036</ele>
        <time>2021-07-30T14:29:49.288Z</time>
      </trkpt>
      <trkpt lat="53.699699" lon="10.583160">
        <ele>81.610636</ele>
        <time>2021-07-30T14:29:52.258Z</time>
      </trkpt>
      <trkpt lat="53.699651" lon="10.583291">
        <ele>81.662497</ele>
        <time>2021-07-30T14:29:54.281Z</time>
      </trkpt>
      <trkpt lat="53.699584" lon="10.583476">
        <ele>81.735403</ele>
        <time>2021-07-30T14:29:57.296Z</time>
      </trkpt>
      <trkpt lat="53.699521" lon="10.583650">
        <ele>81.803969</ele>
        <time>2021-07-30T14:30:00.286Z</time>
      </trkpt>
      <trkpt lat="53.699468" lon="10.583807">
        <ele>81.864726</ele>
        <time>2021-07-30T14:30:03.267Z</time>
      </trkpt>
      <trkpt lat="53.699398" lon="10.584206">
        <ele>82.004625</ele>
        <time>2021-07-30T14:31:22.274Z</time>
      </trkpt>
      <trkpt lat="53.699375" lon="10.584384">
        <ele>82.065872</ele>
        <time>2021-07-30T14:31:25.271Z</time>
      </trkpt>
      <trkpt lat="53.699345" lon="10.584572">
        <ele>82.131329</ele>
        <time>2021-07-30T14:31:28.262Z</time>
      </trkpt>
      <trkpt lat="53.699321" lon="10.584748">
        <ele>82.192045</ele>
        <time>2021-07-30T14:31:31.250Z</time>
      </trkpt>
      <trkpt lat="53.699293" lon="10.584919">
        <ele>82.251689</ele>
        <time>2021-07-30T14:31:34.276Z</time>
      </trkpt>
      <trkpt lat="53.699269" lon="10.585087">
        <ele>82.309787</ele>
        <time>2021-07-30T14:31:37.276Z</time>
      </trkpt>
      <trkpt lat="53.699239" lon="10.585268">
        <ele>82.372974</ele>
        <time>2021-07-30T14:31:40.273Z</time>
      </trkpt>
      <trkpt lat="53.699187" lon="10.585396">
        <ele>82.425162</ele>
        <time>2021-07-30T14:31:44.269Z</time>
      </trkpt>
      <trkpt lat="53.699111" lon="10.585527">
        <ele>82.486821</ele>
        <time>2021-07-30T14:31:49.273Z</time>
      </trkpt>
      <trkpt lat="53.699028" lon="10.585624">
        <ele>82.544133</ele>
        <time>2021-07-30T14:31:53.266Z</time>
      </trkpt>
      <trkpt lat="53.698928" lon="10.585662">
        <ele>82.602336</ele>
        <time>2021-07-30T14:31:57.279Z</time>
      </trkpt>
      <trkpt lat="53.698709" lon="10.585617">
        <ele>82.435531</ele>
        <time>2021-07-30T14:32:20.279Z</time>
      </trkpt>
      <trkpt lat="53.698591" lon="10.585599">
        <ele>82.275025</ele>
        <time>2021-07-30T14:32:23.274Z</time>
      </trkpt>
      <trkpt lat="53.698483" lon="10.585580">
        <ele>82.127925</ele>
        <time>2021-07-30T14:32:27.286Z</time>
      </trkpt>
      <trkpt lat="53.698237" lon="10.585591">
        <ele>81.794551</ele>
        <time>2021-07-30T14:33:00.250Z</time>
      </trkpt>
      <trkpt lat="53.698143" lon="10.585632">
        <ele>81.663031</ele>
        <time>2021-07-30T14:33:02.268Z</time>
      </trkpt>
      <trkpt lat="53.698055" lon="10.585682">
        <ele>81.537253</ele>
        <time>2021-07-30T14:33:04.267Z</time>
      </trkpt>
      <trkpt lat="53.697934" lon="10.585768">
        <ele>81.359412</ele>
        <time>2021-07-30T14:33:07.261Z</time>
      </trkpt>
      <trkpt lat="53.697850" lon="10.585832">
        <ele>81.234576</ele>
        <time>2021-07-30T14:33:09.252Z</time>
      </trkpt>
      <trkpt lat="53.697769" lon="10.585902">
        <ele>81.111316</ele>
        <time>2021-07-30T14:33:11.276Z</time>
      </trkpt>
      <trkpt lat="53.697657" lon="10.586036">
        <ele>80.925381</ele>
        <time>2021-07-30T14:33:14.260Z</time>
      </trkpt>
      <trkpt lat="53.697598" lon="10.586153">
        <ele>80.802116</ele>
        <time>2021-07-30T14:33:16.271Z</time>
      </trkpt>
      <trkpt lat="53.697545" lon="10.586282">
        <ele>80.676179</ele>
        <time>2021-07-30T14:33:18.262Z</time>
      </trkpt>
      <trkpt lat="53.697496" lon="10.586412">
        <ele>80.552575</ele>
        <time>2021-07-30T14:33:20.255Z</time>
      </trkpt>
      <trkpt lat="53.697447" lon="10.586546">
        <ele>80.426253</ele>
        <time>2021-07-30T14:33:22.265Z</time>
      </trkpt>
      <trkpt lat="53.697386" lon="10.586728">
        <ele>80.258512</ele>
        <time>2021-07-30T14:33:25.264Z</time>
      </trkpt>
      <trkpt lat="53.697323" lon="10.586926">
        <ele>80.524950</ele>
        <time>2021-07-30T14:33:28.254Z</time>
      </trkpt>
      <trkpt lat="53.697253" lon="10.587118">
        <ele>80.982836</ele>
        <time>2021-07-30T14:33:31.273Z</time>
      </trkpt>
      <trkpt lat="53.697181" lon="10.587315">
        <ele>81.452965</ele>
        <time>2021-07-30T14:33:34.260Z</time>
      </trkpt>
      <trkpt lat="53.697138" lon="10.587449">
        <ele>81.762476</ele>
        <time>2021-07-30T14:33:36.270Z</time>
      </trkpt>
      <trkpt lat="53.697095" lon="10.587586">
        <ele>82.077356</ele>
        <time>2021-07-30T14:33:38.265Z</time>
      </trkpt>
      <trkpt lat="53.697047" lon="10.587714">
        <ele>82.385037</ele>
        <time>2021-07-30T14:33:40.277Z</time>
      </trkpt>
      <trkpt lat="53.696981" lon="10.587904">
        <ele>82.832375</ele>
        <time>2021-07-30T14:33:43.276Z</time>
      </trkpt>
      <trkpt lat="53.696909" lon="10.588087">
        <ele>83.278565</ele>
        <time>2021-07-30T14:33:46.269Z</time>
      </trkpt>
      <trkpt lat="53.696846" lon="10.588265">
        <ele>83.699693</ele>
        <time>2021-07-30T14:33:49.271Z</time>
      </trkpt>
      <trkpt lat="53.696781" lon="10.588429">
        <ele>84.100463</ele>
        <time>2021-07-30T14:33:52.283Z</time>
      </trkpt>
      <trkpt lat="53.696731" lon="10.588612">
        <ele>84.509744</ele>
        <time>2021-07-30T14:33:55.280Z</time>
      </trkpt>
      <trkpt lat="53.696707" lon="10.588806">
        <ele>84.912209</ele>
        <time>2021-07-30T14:33:58.280Z</time>
      </trkpt>
      <trkpt lat="53.696692" lon="10.589013">
        <ele>85.335703</ele>
        <time>2021-07-30T14:34:01.287Z</time>
      </trkpt>
      <trkpt lat="53.696681" lon="10.589231">
        <ele>85.780002</ele>
        <time>2021-07-30T14:34:04.284Z</time>
      </trkpt>
      <trkpt lat="53.696688" lon="10.589443">
        <ele>86.211181</ele>
        <time>2021-07-30T14:34:07.284Z</time>
      </trkpt>
      <trkpt lat="53.696714" lon="10.589647">
        <ele>86.601867</ele>
        <time>2021-07-30T14:34:10.274Z</time>
      </trkpt>
      <trkpt lat="53.696781" lon="10.589808">
        <ele>86.950872</ele>
        <time>2021-07-30T14:34:13.277Z</time>
      </trkpt>
      <trkpt lat="53.696881" lon="10.589949">
        <ele>87.341071</ele>
        <time>2021-07-30T14:34:16.288Z</time>
      </trkpt>
      <trkpt lat="53.696988" lon="10.590047">
        <ele>87.705671</ele>
        <time>2021-07-30T14:34:19.273Z</time>
      </trkpt>
      <trkpt lat="53.697103" lon="10.590136">
        <ele>88.084585</ele>
        <time>2021-07-30T14:34:22.280Z</time>
      </trkpt>
      <trkpt lat="53.697220" lon="10.590231">
        <ele>88.473443</ele>
        <time>2021-07-30T14:34:25.285Z</time>
      </trkpt>
      <trkpt lat="53.697335" lon="10.590323">
        <ele>88.854602</ele>
        <time>2021-07-30T14:34:28.282Z</time>
      </trkpt>
      <trkpt lat="53.697451" lon="10.590415">
        <ele>89.238471</ele>
        <time>2021-07-30T14:34:31.277Z</time>
      </trkpt>
      <trkpt lat="53.697560" lon="10.590500">
        <ele>89.598091</ele>
        <time>2021-07-30T14:34:34.273Z</time>
      </trkpt>
      <trkpt lat="53.697678" lon="10.590573">
        <ele>89.974514</ele>
        <time>2021-07-30T14:34:37.283Z</time>
      </trkpt>
      <trkpt lat="53.697789" lon="10.590659">
        <ele>90.340318</ele>
        <time>2021-07-30T14:34:40.281Z</time>
      </trkpt>
      <trkpt lat="53.697885" lon="10.590738">
        <ele>90.660192</ele>
        <time>2021-07-30T14:34:43.285Z</time>
      </trkpt>
      <trkpt lat="53.698035" lon="10.590829">
        <ele>91.137609</ele>
        <time>2021-07-30T14:35:34.244Z</time>
      </trkpt>
      <trkpt lat="53.698143" lon="10.590911">
        <ele>91.492297</ele>
        <time>2021-07-30T14:35:38.262Z</time>
      </trkpt>
      <trkpt lat="53.698248" lon="10.591012">
        <ele>91.782445</ele>
        <time>2021-07-30T14:35:41.268Z</time>
      </trkpt>
      <trkpt lat="53.698348" lon="10.591109">
        <ele>91.860199</ele>
        <time>2021-07-30T14:35:44.282Z</time>
      </trkpt>
      <trkpt lat="53.698454" lon="10.591205">
        <ele>91.941296</ele>
        <time>2021-07-30T14:35:47.262Z</time>
      </trkpt>
      <trkpt lat="53.698562" lon="10.591291">
        <ele>92.021802</ele>
        <time>2021-07-30T14:35:50.260Z</time>
      </trkpt>
      <trkpt lat="53.698667" lon="10.591376">
        <ele>92.100310</ele>
        <time>2021-07-30T14:35:53.266Z</time>
      </trkpt>
      <trkpt lat="53.698774" lon="10.591463">
        <ele>92.180380</ele>
        <time>2021-07-30T14:35:56.251Z</time>
      </trkpt>
      <trkpt lat="53.698877" lon="10.591542">
        <ele>92.256653</ele>
        <time>2021-07-30T14:35:59.265Z</time>
      </trkpt>
      <trkpt lat="53.698988" lon="10.591637">
        <ele>92.340555</ele>
        <time>2021-07-30T14:36:02.281Z</time>
      </trkpt>
      <trkpt lat="53.699106" lon="10.591732">
        <ele>92.428693</ele>
        <time>2021-07-30T14:36:05.275Z</time>
      </trkpt>
      <trkpt lat="53.699226" lon="10.591823">
        <ele>92.517384</ele>
        <time>2021-07-30T14:36:08.281Z</time>
      </trkpt>
      <trkpt lat="53.699342" lon="10.591918">
        <ele>92.604307</ele>
        <time>2021-07-30T14:36:11.278Z</time>
      </trkpt>
      <trkpt lat="53.699460" lon="10.592020">
        <ele>92.693682</ele>
        <time>2021-07-30T14:36:14.273Z</time>
      </trkpt>
      <trkpt lat="53.699576" lon="10.592113">
        <ele>92.780259</ele>
        <time>2021-07-30T14:36:17.282Z</time>
      </trkpt>
      <trkpt lat="53.699680" lon="10.592200">
        <ele>92.858511</ele>
        <time>2021-07-30T14:36:20.273Z</time>
      </trkpt>
      <trkpt lat="53.699769" lon="10.592274">
        <ele>92.925396</ele>
        <time>2021-07-30T14:36:23.282Z</time>
      </trkpt>
      <trkpt lat="53.699859" lon="10.592340">
        <ele>92.978057</ele>
        <time>2021-07-30T14:36:26.294Z</time>
      </trkpt>
      <trkpt lat="53.699959" lon="10.592424">
        <ele>92.994316</ele>
        <time>2021-07-30T14:36:29.304Z</time>
      </trkpt>
      <trkpt lat="53.700069" lon="10.592515">
        <ele>93.012146</ele>
        <time>2021-07-30T14:36:32.278Z</time>
      </trkpt>
      <trkpt lat="53.700181" lon="10.592605">
        <ele>93.030201</ele>
        <time>2021-07-30T14:36:35.273Z</time>
      </trkpt>
      <trkpt lat="53.700297" lon="10.592697">
        <ele>93.048857</ele>
        <time>2021-07-30T14:36:38.279Z</time>
      </trkpt>
      <trkpt lat="53.700407" lon="10.592786">
        <ele>93.066612</ele>
        <time>2021-07-30T14:36:41.272Z</time>
      </trkpt>
      <trkpt lat="53.700526" lon="10.592876">
        <ele>93.085592</ele>
        <time>2021-07-30T14:36:44.280Z</time>
      </trkpt>
      <trkpt lat="53.700637" lon="10.592968">
        <ele>93.103591</ele>
        <time>2021-07-30T14:36:47.282Z</time>
      </trkpt>
      <trkpt lat="53.700750" lon="10.593060">
        <ele>93.121852</ele>
        <time>2021-07-30T14:36:50.286Z</time>
      </trkpt>
      <trkpt lat="53.700868" lon="10.593155">
        <ele>93.140881</ele>
        <time>2021-07-30T14:36:53.268Z</time>
      </trkpt>
      <trkpt lat="53.700952" lon="10.593225">
        <ele>93.154517</ele>
        <time>2021-07-30T14:36:55.281Z</time>
      </trkpt>
      <trkpt lat="53.701036" lon="10.593293">
        <ele>93.168076</ele>
        <time>2021-07-30T14:36:57.277Z</time>
      </trkpt>
      <trkpt lat="53.701117" lon="10.593360">
        <ele>93.181206</ele>
        <time>2021-07-30T14:36:59.290Z</time>
      </trkpt>
      <trkpt lat="53.701226" lon="10.593444">
        <ele>93.198647</ele>
        <time>2021-07-30T14:37:02.287Z</time>
      </trkpt>
      <trkpt lat="53.701336" lon="10.593539">
        <ele>93.216631</ele>
        <time>2021-07-30T14:37:05.280Z</time>
      </trkpt>
      <trkpt lat="53.701448" lon="10.593633">
        <ele>93.234837</ele>
        <time>2021-07-30T14:37:08.293Z</time>
      </trkpt>
      <trkpt lat="53.701557" lon="10.593727">
        <ele>93.488016</ele>
        <time>2021-07-30T14:37:11.262Z</time>
      </trkpt>
      <trkpt lat="53.701669" lon="10.593814">
        <ele>93.762327</ele>
        <time>2021-07-30T14:37:14.298Z</time>
      </trkpt>
      <trkpt lat="53.701780" lon="10.593903">
        <ele>94.035737</ele>
        <time>2021-07-30T14:37:17.262Z</time>
      </trkpt>
      <trkpt lat="53.701897" lon="10.593997">
        <ele>94.324033</ele>
        <time>2021-07-30T14:37:20.284Z</time>
      </trkpt>
      <trkpt lat="53.702009" lon="10.594086">
        <ele>94.599455</ele>
        <time>2021-07-30T14:37:23.281Z</time>
      </trkpt>
      <trkpt lat="53.702090" lon="10.594155">
        <ele>94.801318</ele>
        <time>2021-07-30T14:37:25.276Z</time>
      </trkpt>
      <trkpt lat="53.702205" lon="10.594254">
        <ele>95.088531</ele>
        <time>2021-07-30T14:37:28.293Z</time>
      </trkpt>
      <trkpt lat="53.702321" lon="10.594349">
        <ele>95.375390</ele>
        <time>2021-07-30T14:37:31.254Z</time>
      </trkpt>
      <trkpt lat="53.702435" lon="10.594443">
        <ele>95.657671</ele>
        <time>2021-07-30T14:37:34.285Z</time>
      </trkpt>
      <trkpt lat="53.702551" lon="10.594535">
        <ele>95.942829</ele>
        <time>2021-07-30T14:37:37.276Z</time>
      </trkpt>
      <trkpt lat="53.702658" lon="10.594631">
        <ele>96.212425</ele>
        <time>2021-07-30T14:37:40.292Z</time>
      </trkpt>
      <trkpt lat="53.702771" lon="10.594714">
        <ele>96.486614</ele>
        <time>2021-07-30T14:37:43.284Z</time>
      </trkpt>
      <trkpt lat="53.702884" lon="10.594810">
        <ele>96.768071</ele>
        <time>2021-07-30T14:37:46.291Z</time>
      </trkpt>
      <trkpt lat="53.702991" lon="10.594892">
        <ele>97.029524</ele>
        <time>2021-07-30T14:37:49.301Z</time>
      </trkpt>
      <trkpt lat="53.703092" lon="10.594967">
        <ele>97.252380</ele>
        <time>2021-07-30T14:37:52.287Z</time>
      </trkpt>
      <trkpt lat="53.703179" lon="10.595035">
        <ele>97.333327</ele>
        <time>2021-07-30T14:37:55.275Z</time>
      </trkpt>
      <trkpt lat="53.703268" lon="10.595108">
        <ele>97.416872</ele>
        <time>2021-07-30T14:37:58.287Z</time>
      </trkpt>
      <trkpt lat="53.703367" lon="10.595188">
        <ele>97.509542</ele>
        <time>2021-07-30T14:38:01.291Z</time>
      </trkpt>
      <trkpt lat="53.703467" lon="10.595269">
        <ele>97.603190</ele>
        <time>2021-07-30T14:38:04.292Z</time>
      </trkpt>
      <trkpt lat="53.703559" lon="10.595344">
        <ele>97.689450</ele>
        <time>2021-07-30T14:38:07.287Z</time>
      </trkpt>
      <trkpt lat="53.703662" lon="10.595427">
        <ele>97.785815</ele>
        <time>2021-07-30T14:38:10.292Z</time>
      </trkpt>
      <trkpt lat="53.703774" lon="10.595527">
        <ele>97.892788</ele>
        <time>2021-07-30T14:38:13.266Z</time>
      </trkpt>
      <trkpt lat="53.703857" lon="10.595592">
        <ele>97.970040</ele>
        <time>2021-07-30T14:38:15.279Z</time>
      </trkpt>
      <trkpt lat="53.703938" lon="10.595661">
        <ele>98.046643</ele>
        <time>2021-07-30T14:38:17.293Z</time>
      </trkpt>
      <trkpt lat="53.704058" lon="10.595753">
        <ele>98.157921</ele>
        <time>2021-07-30T14:38:20.286Z</time>
      </trkpt>
      <trkpt lat="53.704167" lon="10.595841">
        <ele>98.259934</ele>
        <time>2021-07-30T14:38:23.257Z</time>
      </trkpt>
      <trkpt lat="53.704286" lon="10.595932">
        <ele>98.370237</ele>
        <time>2021-07-30T14:38:26.275Z</time>
      </trkpt>
      <trkpt lat="53.704395" lon="10.596027">
        <ele>98.473807</ele>
        <time>2021-07-30T14:38:29.293Z</time>
      </trkpt>
      <trkpt lat="53.704476" lon="10.596096">
        <ele>98.550409</ele>
        <time>2021-07-30T14:38:31.288Z</time>
      </trkpt>
      <trkpt lat="53.704558" lon="10.596163">
        <ele>98.627326</ele>
        <time>2021-07-30T14:38:33.279Z</time>
      </trkpt>
      <trkpt lat="53.704676" lon="10.596254">
        <ele>98.736860</ele>
        <time>2021-07-30T14:38:36.281Z</time>
      </trkpt>
      <trkpt lat="53.704788" lon="10.596344">
        <ele>98.679742</ele>
        <time>2021-07-30T14:38:39.261Z</time>
      </trkpt>
      <trkpt lat="53.704899" lon="10.596441">
        <ele>98.582519</ele>
        <time>2021-07-30T14:38:42.284Z</time>
      </trkpt>
      <trkpt lat="53.705015" lon="10.596542">
        <ele>98.480995</ele>
        <time>2021-07-30T14:38:45.277Z</time>
      </trkpt>
      <trkpt lat="53.705131" lon="10.596630">
        <ele>98.382071</ele>
        <time>2021-07-30T14:38:48.276Z</time>
      </trkpt>
      <trkpt lat="53.705221" lon="10.596701">
        <ele>98.304796</ele>
        <time>2021-07-30T14:38:51.278Z</time>
      </trkpt>
      <trkpt lat="53.705267" lon="10.596833">
        <ele>98.234258</ele>
        <time>2021-07-30T14:39:00.278Z</time>
      </trkpt>
      <trkpt lat="53.705229" lon="10.596972">
        <ele>98.163751</ele>
        <time>2021-07-30T14:39:04.261Z</time>
      </trkpt>
      <trkpt lat="53.705188" lon="10.597118">
        <ele>98.089335</ele>
        <time>2021-07-30T14:39:07.262Z</time>
      </trkpt>
      <trkpt lat="53.705197" lon="10.597315">
        <ele>97.998346</ele>
        <time>2021-07-30T14:39:10.287Z</time>
      </trkpt>
      <trkpt lat="53.705243" lon="10.597521">
        <ele>97.896956</ele>
        <time>2021-07-30T14:39:13.263Z</time>
      </trkpt>
      <trkpt lat="53.705264" lon="10.597733">
        <ele>97.797972</ele>
        <time>2021-07-30T14:39:16.279Z</time>
      </trkpt>
      <trkpt lat="53.705233" lon="10.597919">
        <ele>97.708988</ele>
        <time>2021-07-30T14:39:19.265Z</time>
      </trkpt>
      <trkpt lat="53.705191" lon="10.598148">
        <ele>97.598586</ele>
        <time>2021-07-30T14:39:22.253Z</time>
      </trkpt>
      <trkpt lat="53.705140" lon="10.598329">
        <ele>97.506274</ele>
        <time>2021-07-30T14:39:24.248Z</time>
      </trkpt>
      <trkpt lat="53.705107" lon="10.598492">
        <ele>97.426942</ele>
        <time>2021-07-30T14:39:26.272Z</time>
      </trkpt>
      <trkpt lat="53.705058" lon="10.598698">
        <ele>97.318208</ele>
        <time>2021-07-30T14:39:29.283Z</time>
      </trkpt>
      <trkpt lat="53.705014" lon="10.598856">
        <ele>97.222145</ele>
        <time>2021-07-30T14:39:32.270Z</time>
      </trkpt>
      <trkpt lat="53.704967" lon="10.599017">
        <ele>97.123384</ele>
        <time>2021-07-30T14:39:35.263Z</time>
      </trkpt>
      <trkpt lat="53.704928" lon="10.599154">
        <ele>97.039749</ele>
        <time>2021-07-30T14:39:38.279Z</time>
      </trkpt>
      <trkpt lat="53.704883" lon="10.599312">
        <ele>96.943286</ele>
        <time>2021-07-30T14:39:40.264Z</time>
      </trkpt>
      <trkpt lat="53.704847" lon="10.599453">
        <ele>96.858806</ele>
        <time>2021-07-30T14:39:42.276Z</time>
      </trkpt>
      <trkpt lat="53.704815" lon="10.599596">
        <ele>96.774699</ele>
        <time>2021-07-30T14:39:44.275Z</time>
      </trkpt>
      <trkpt lat="53.704765" lon="10.599787">
        <ele>96.659802</ele>
        <time>2021-07-30T14:39:47.269Z</time>
      </trkpt>
      <trkpt lat="53.704710" lon="10.599971">
        <ele>96.546398</ele>
        <time>2021-07-30T14:39:50.285Z</time>
      </trkpt>
      <trkpt lat="53.704669" lon="10.600141">
        <ele>96.445406</ele>
        <time>2021-07-30T14:39:53.264Z</time>
      </trkpt>
      <trkpt lat="53.704636" lon="10.600288">
        <ele>96.358912</ele>
        <time>2021-07-30T14:39:56.289Z</time>
      </trkpt>
      <trkpt lat="53.704613" lon="10.600438">
        <ele>96.273664</ele>
        <time>2021-07-30T14:39:59.266Z</time>
      </trkpt>
      <trkpt lat="53.704585" lon="10.600585">
        <ele>96.188707</ele>
        <time>2021-07-30T14:40:02.276Z</time>
      </trkpt>
      <trkpt lat="53.704544" lon="10.600752">
        <ele>96.089241</ele>
        <time>2021-07-30T14:40:06.268Z</time>
      </trkpt>
      <trkpt lat="53.704508" lon="10.600899">
        <ele>96.001719</ele>
        <time>2021-07-30T14:40:09.258Z</time>
      </trkpt>
      <trkpt lat="53.704471" lon="10.601062">
        <ele>95.905675</ele>
        <time>2021-07-30T14:40:13.267Z</time>
      </trkpt>
      <trkpt lat="53.704423" lon="10.601216">
        <ele>95.809922</ele>
        <time>2021-07-30T14:40:17.255Z</time>
      </trkpt>
      <trkpt lat="53.704375" lon="10.601368">
        <ele>95.715142</ele>
        <time>2021-07-30T14:40:21.264Z</time>
      </trkpt>
      <trkpt lat="53.704329" lon="10.601526">
        <ele>95.497875</ele>
        <time>2021-07-30T14:40:26.267Z</time>
      </trkpt>
      <trkpt lat="53.704293" lon="10.601668">
        <ele>95.262715</ele>
        <time>2021-07-30T14:40:32.270Z</time>
      </trkpt>
      <trkpt lat="53.704266" lon="10.601817">
        <ele>95.025500</ele>
        <time>2021-07-30T14:40:38.268Z</time>
      </trkpt>
      <trkpt lat="53.704242" lon="10.601979">
        <ele>94.771278</ele>
        <time>2021-07-30T14:40:42.262Z</time>
      </trkpt>
      <trkpt lat="53.704222" lon="10.602249">
        <ele>94.357046</ele>
        <time>2021-07-30T14:40:48.260Z</time>
      </trkpt>
      <trkpt lat="53.704195" lon="10.602510">
        <ele>93.953699</ele>
        <time>2021-07-30T14:40:52.255Z</time>
      </trkpt>
      <trkpt lat="53.704177" lon="10.602679">
        <ele>93.692295</ele>
        <time>2021-07-30T14:40:55.260Z</time>
      </trkpt>
      <trkpt lat="53.704160" lon="10.602842">
        <ele>93.440335</ele>
        <time>2021-07-30T14:40:58.258Z</time>
      </trkpt>
      <trkpt lat="53.704137" lon="10.603006">
        <ele>93.183763</ele>
        <time>2021-07-30T14:41:01.248Z</time>
      </trkpt>
      <trkpt lat="53.704120" lon="10.603186">
        <ele>92.906279</ele>
        <time>2021-07-30T14:41:04.271Z</time>
      </trkpt>
      <trkpt lat="53.704121" lon="10.603372">
        <ele>92.623115</ele>
        <time>2021-07-30T14:41:08.281Z</time>
      </trkpt>
      <trkpt lat="53.704128" lon="10.603549">
        <ele>92.353063</ele>
        <time>2021-07-30T14:41:12.265Z</time>
      </trkpt>
      <trkpt lat="53.704114" lon="10.603712">
        <ele>92.102326</ele>
        <time>2021-07-30T14:41:15.259Z</time>
      </trkpt>
      <trkpt lat="53.704090" lon="10.603902">
        <ele>91.806572</ele>
        <time>2021-07-30T14:41:19.286Z</time>
      </trkpt>
      <trkpt lat="53.704063" lon="10.604071">
        <ele>91.540094</ele>
        <time>2021-07-30T14:41:22.266Z</time>
      </trkpt>
      <trkpt lat="53.704034" lon="10.604303">
        <ele>91.179126</ele>
        <time>2021-07-30T14:41:24.249Z</time>
      </trkpt>
      <trkpt lat="53.704005" lon="10.604502">
        <ele>91.080678</ele>
        <time>2021-07-30T14:41:25.265Z</time>
      </trkpt>
      <trkpt lat="53.703989" lon="10.604676">
        <ele>91.108102</ele>
        <time>2021-07-30T14:41:27.267Z</time>
      </trkpt>
      <trkpt lat="53.703959" lon="10.604848">
        <ele>91.136029</ele>
        <time>2021-07-30T14:41:29.264Z</time>
      </trkpt>
      <trkpt lat="53.703928" lon="10.605023">
        <ele>91.164479</ele>
        <time>2021-07-30T14:41:32.280Z</time>
      </trkpt>
      <trkpt lat="53.703917" lon="10.605231">
        <ele>91.197003</ele>
        <time>2021-07-30T14:41:35.243Z</time>
      </trkpt>
      <trkpt lat="53.703908" lon="10.605440">
        <ele>91.229640</ele>
        <time>2021-07-30T14:41:38.248Z</time>
      </trkpt>
      <trkpt lat="53.703892" lon="10.605592">
        <ele>91.253684</ele>
        <time>2021-07-30T14:41:41.265Z</time>
      </trkpt>
      <trkpt lat="53.703876" lon="10.605855">
        <ele>91.294861</ele>
        <time>2021-07-30T14:41:47.245Z</time>
      </trkpt>
      <trkpt lat="53.703872" lon="10.606086">
        <ele>91.330854</ele>
        <time>2021-07-30T14:41:52.276Z</time>
      </trkpt>
      <trkpt lat="53.703875" lon="10.606249">
        <ele>91.356253</ele>
        <time>2021-07-30T14:41:56.275Z</time>
      </trkpt>
      <trkpt lat="53.703861" lon="10.606435">
        <ele>91.385455</ele>
        <time>2021-07-30T14:41:58.269Z</time>
      </trkpt>
      <trkpt lat="53.703850" lon="10.606635">
        <ele>91.416738</ele>
        <time>2021-07-30T14:42:00.264Z</time>
      </trkpt>
      <trkpt lat="53.703838" lon="10.606787">
        <ele>91.440621</ele>
        <time>2021-07-30T14:42:02.256Z</time>
      </trkpt>
      <trkpt lat="53.703813" lon="10.607005">
        <ele>91.475205</ele>
        <time>2021-07-30T14:42:05.266Z</time>
      </trkpt>
      <trkpt lat="53.703796" lon="10.607177">
        <ele>91.502364</ele>
        <time>2021-07-30T14:42:07.273Z</time>
      </trkpt>
      <trkpt lat="53.703783" lon="10.607338">
        <ele>91.527671</ele>
        <time>2021-07-30T14:42:09.267Z</time>
      </trkpt>
      <trkpt lat="53.703746" lon="10.607520">
        <ele>91.262474</ele>
        <time>2021-07-30T14:42:11.282Z</time>
      </trkpt>
      <trkpt lat="53.703718" lon="10.607696">
        <ele>90.935198</ele>
        <time>2021-07-30T14:42:14.267Z</time>
      </trkpt>
      <trkpt lat="53.703711" lon="10.607853">
        <ele>90.652459</ele>
        <time>2021-07-30T14:42:17.273Z</time>
      </trkpt>
      <trkpt lat="53.703694" lon="10.608036">
        <ele>90.319805</ele>
        <time>2021-07-30T14:42:21.293Z</time>
      </trkpt>
      <trkpt lat="53.703681" lon="10.608237">
        <ele>89.956701</ele>
        <time>2021-07-30T14:42:25.254Z</time>
      </trkpt>
      <trkpt lat="53.703662" lon="10.608411">
        <ele>89.638960</ele>
        <time>2021-07-30T14:42:28.264Z</time>
      </trkpt>
      <trkpt lat="53.703648" lon="10.608570">
        <ele>89.350286</ele>
        <time>2021-07-30T14:42:31.264Z</time>
      </trkpt>
      <trkpt lat="53.703639" lon="10.608757">
        <ele>89.013362</ele>
        <time>2021-07-30T14:42:34.252Z</time>
      </trkpt>
      <trkpt lat="53.703629" lon="10.608968">
        <ele>88.633235</ele>
        <time>2021-07-30T14:42:37.263Z</time>
      </trkpt>
      <trkpt lat="53.703634" lon="10.609357">
        <ele>87.934503</ele>
        <time>2021-07-30T14:43:20.249Z</time>
      </trkpt>
      <trkpt lat="53.703624" lon="10.609527">
        <ele>87.627712</ele>
        <time>2021-07-30T14:43:24.274Z</time>
      </trkpt>
      <trkpt lat="53.703619" lon="10.609693">
        <ele>87.329223</ele>
        <time>2021-07-30T14:43:29.280Z</time>
      </trkpt>
      <trkpt lat="53.703620" lon="10.609849">
        <ele>87.049061</ele>
        <time>2021-07-30T14:43:34.267Z</time>
      </trkpt>
      <trkpt lat="53.703626" lon="10.610037">
        <ele>86.710960</ele>
        <time>2021-07-30T14:43:39.253Z</time>
      </trkpt>
      <trkpt lat="53.703614" lon="10.610230">
        <ele>86.362463</ele>
        <time>2021-07-30T14:43:42.276Z</time>
      </trkpt>
      <trkpt lat="53.703598" lon="10.610419">
        <ele>85.933598</ele>
        <time>2021-07-30T14:43:45.269Z</time>
      </trkpt>
      <trkpt lat="53.703582" lon="10.610587">
        <ele>85.175171</ele>
        <time>2021-07-30T14:43:50.271Z</time>
      </trkpt>
      <trkpt lat="53.703574" lon="10.610753">
        <ele>84.432839</ele>
        <time>2021-07-30T14:43:55.281Z</time>
      </trkpt>
      <trkpt lat="53.703587" lon="10.610992">
        <ele>83.363097</ele>
        <time>2021-07-30T14:44:06.245Z</time>
      </trkpt>
      <trkpt lat="53.703592" lon="10.611164">
        <ele>82.595547</ele>
        <time>2021-07-30T14:44:13.267Z</time>
      </trkpt>
      <trkpt lat="53.703590" lon="10.611320">
        <ele>81.900072</ele>
        <time>2021-07-30T14:44:18.262Z</time>
      </trkpt>
      <trkpt lat="53.703579" lon="10.611505">
        <ele>81.071353</ele>
        <time>2021-07-30T14:44:21.285Z</time>
      </trkpt>
      <trkpt lat="53.703559" lon="10.611672">
        <ele>80.311932</ele>
        <time>2021-07-30T14:44:26.290Z</time>
      </trkpt>
      <trkpt lat="53.703548" lon="10.611848">
        <ele>79.523116</ele>
        <time>2021-07-30T14:44:31.270Z</time>
      </trkpt>
      <trkpt lat="53.703527" lon="10.612023">
        <ele>78.727253</ele>
        <time>2021-07-30T14:44:35.266Z</time>
      </trkpt>
      <trkpt lat="53.703499" lon="10.612211">
        <ele>77.863196</ele>
        <time>2021-07-30T14:44:39.260Z</time>
      </trkpt>
      <trkpt lat="53.703479" lon="10.612402">
        <ele>76.998666</ele>
        <time>2021-07-30T14:44:43.259Z</time>
      </trkpt>
      <trkpt lat="53.703469" lon="10.612570">
        <ele>76.246090</ele>
        <time>2021-07-30T14:44:47.264Z</time>
      </trkpt>
      <trkpt lat="53.703448" lon="10.612721">
        <ele>75.554737</ele>
        <time>2021-07-30T14:44:50.277Z</time>
      </trkpt>
      <trkpt lat="53.703413" lon="10.612874">
        <ele>74.823646</ele>
        <time>2021-07-30T14:44:53.264Z</time>
      </trkpt>
      <trkpt lat="53.703387" lon="10.613037">
        <ele>74.071217</ele>
        <time>2021-07-30T14:44:56.258Z</time>
      </trkpt>
      <trkpt lat="53.703362" lon="10.613243">
        <ele>73.133947</ele>
        <time>2021-07-30T14:44:59.258Z</time>
      </trkpt>
      <trkpt lat="53.703340" lon="10.613428">
        <ele>72.358736</ele>
        <time>2021-07-30T14:45:02.279Z</time>
      </trkpt>
      <trkpt lat="53.703326" lon="10.613615">
        <ele>71.747153</ele>
        <time>2021-07-30T14:45:05.264Z</time>
      </trkpt>
      <trkpt lat="53.703309" lon="10.613798">
        <ele>71.146115</ele>
        <time>2021-07-30T14:45:07.285Z</time>
      </trkpt>
      <trkpt lat="53.703298" lon="10.613972">
        <ele>70.578335</ele>
        <time>2021-07-30T14:45:10.259Z</time>
      </trkpt>
      <trkpt lat="53.703274" lon="10.614359">
        <ele>69.315782</ele>
        <time>2021-07-30T14:45:49.264Z</time>
      </trkpt>
      <trkpt lat="53.703253" lon="10.614558">
        <ele>68.659916</ele>
        <time>2021-07-30T14:45:52.264Z</time>
      </trkpt>
      <trkpt lat="53.703246" lon="10.614722">
        <ele>68.126411</ele>
        <time>2021-07-30T14:45:55.269Z</time>
      </trkpt>
      <trkpt lat="53.703237" lon="10.614886">
        <ele>67.592006</ele>
        <time>2021-07-30T14:45:58.275Z</time>
      </trkpt>
      <trkpt lat="53.703227" lon="10.615053">
        <ele>67.047383</ele>
        <time>2021-07-30T14:46:02.263Z</time>
      </trkpt>
      <trkpt lat="53.703209" lon="10.615208">
        <ele>66.534875</ele>
        <time>2021-07-30T14:46:05.279Z</time>
      </trkpt>
      <trkpt lat="53.703179" lon="10.615353">
        <ele>66.036491</ele>
        <time>2021-07-30T14:46:08.254Z</time>
      </trkpt>
      <trkpt lat="53.703111" lon="10.615508">
        <ele>65.410512</ele>
        <time>2021-07-30T14:46:12.265Z</time>
      </trkpt>
      <trkpt lat="53.703022" lon="10.615622">
        <ele>64.798311</ele>
        <time>2021-07-30T14:46:16.266Z</time>
      </trkpt>
      <trkpt lat="53.702912" lon="10.615686">
        <ele>64.160626</ele>
        <time>2021-07-30T14:46:20.283Z</time>
      </trkpt>
      <trkpt lat="53.702801" lon="10.615732">
        <ele>63.534179</ele>
        <time>2021-07-30T14:46:24.268Z</time>
      </trkpt>
      <trkpt lat="53.702703" lon="10.615771">
        <ele>62.982323</ele>
        <time>2021-07-30T14:46:28.268Z</time>
      </trkpt>
      <trkpt lat="53.702603" lon="10.615839">
        <ele>62.480494</ele>
        <time>2021-07-30T14:46:32.280Z</time>
      </trkpt>
      <trkpt lat="53.702516" lon="10.615917">
        <ele>62.109375</ele>
        <time>2021-07-30T14:46:35.264Z</time>
      </trkpt>
      <trkpt lat="53.702420" lon="10.616010">
        <ele>61.692392</ele>
        <time>2021-07-30T14:46:38.294Z</time>
      </trkpt>
      <trkpt lat="53.702323" lon="10.616109">
        <ele>61.265372</ele>
        <time>2021-07-30T14:46:41.282Z</time>
      </trkpt>
      <trkpt lat="53.702225" lon="10.616226">
        <ele>60.813201</ele>
        <time>2021-07-30T14:46:44.283Z</time>
      </trkpt>
      <trkpt lat="53.702128" lon="10.616340">
        <ele>60.367956</ele>
        <time>2021-07-30T14:46:47.286Z</time>
      </trkpt>
      <trkpt lat="53.702032" lon="10.616469">
        <ele>59.905745</ele>
        <time>2021-07-30T14:46:50.281Z</time>
      </trkpt>
      <trkpt lat="53.701956" lon="10.616598">
        <ele>59.499790</ele>
        <time>2021-07-30T14:46:53.267Z</time>
      </trkpt>
      <trkpt lat="53.701889" lon="10.616733">
        <ele>59.106840</ele>
        <time>2021-07-30T14:46:57.289Z</time>
      </trkpt>
      <trkpt lat="53.701870" lon="10.616904">
        <ele>58.718753</ele>
        <time>2021-07-30T14:47:03.293Z</time>
      </trkpt>
      <trkpt lat="53.701879" lon="10.617084">
        <ele>58.315820</ele>
        <time>2021-07-30T14:47:05.277Z</time>
      </trkpt>
      <trkpt lat="53.701902" lon="10.617324">
        <ele>57.773514</ele>
        <time>2021-07-30T14:47:07.284Z</time>
      </trkpt>
      <trkpt lat="53.701912" lon="10.617520">
        <ele>57.334702</ele>
        <time>2021-07-30T14:47:09.276Z</time>
      </trkpt>
      <trkpt lat="53.701925" lon="10.617673">
        <ele>56.989928</ele>
        <time>2021-07-30T14:47:11.287Z</time>
      </trkpt>
      <trkpt lat="53.701948" lon="10.617858">
        <ele>56.568271</ele>
        <time>2021-07-30T14:47:14.287Z</time>
      </trkpt>
      <trkpt lat="53.701938" lon="10.618010">
        <ele>56.227138</ele>
        <time>2021-07-30T14:47:47.273Z</time>
      </trkpt>
      <trkpt lat="53.701960" lon="10.618194">
        <ele>55.871466</ele>
        <time>2021-07-30T14:47:51.258Z</time>
      </trkpt>
      <trkpt lat="53.701954" lon="10.618391">
        <ele>55.737309</ele>
        <time>2021-07-30T14:47:54.270Z</time>
      </trkpt>
      <trkpt lat="53.701945" lon="10.618580">
        <ele>55.608355</ele>
        <time>2021-07-30T14:47:57.275Z</time>
      </trkpt>
      <trkpt lat="53.701929" lon="10.618768">
        <ele>55.479182</ele>
        <time>2021-07-30T14:48:00.256Z</time>
      </trkpt>
      <trkpt lat="53.701922" lon="10.618964">
        <ele>55.345640</ele>
        <time>2021-07-30T14:48:03.297Z</time>
      </trkpt>
      <trkpt lat="53.701914" lon="10.619145">
        <ele>55.222199</ele>
        <time>2021-07-30T14:48:06.244Z</time>
      </trkpt>
      <trkpt lat="53.701893" lon="10.619363">
        <ele>55.071988</ele>
        <time>2021-07-30T14:48:09.259Z</time>
      </trkpt>
      <trkpt lat="53.701868" lon="10.619560">
        <ele>54.934964</ele>
        <time>2021-07-30T14:48:12.255Z</time>
      </trkpt>
      <trkpt lat="53.701836" lon="10.619755">
        <ele>54.797343</ele>
        <time>2021-07-30T14:48:15.246Z</time>
      </trkpt>
      <trkpt lat="53.701825" lon="10.619950">
        <ele>54.664123</ele>
        <time>2021-07-30T14:48:18.251Z</time>
      </trkpt>
      <trkpt lat="53.701836" lon="10.620148">
        <ele>54.528871</ele>
        <time>2021-07-30T14:48:21.256Z</time>
      </trkpt>
      <trkpt lat="53.701876" lon="10.620340">
        <ele>54.390442</ele>
        <time>2021-07-30T14:48:24.282Z</time>
      </trkpt>
      <trkpt lat="53.701928" lon="10.620527">
        <ele>54.249931</ele>
        <time>2021-07-30T14:48:27.263Z</time>
      </trkpt>
      <trkpt lat="53.701981" lon="10.620719">
        <ele>54.105853</ele>
        <time>2021-07-30T14:48:30.246Z</time>
      </trkpt>
      <trkpt lat="53.702038" lon="10.620901">
        <ele>53.965821</ele>
        <time>2021-07-30T14:48:33.256Z</time>
      </trkpt>
      <trkpt lat="53.702091" lon="10.621080">
        <ele>53.829788</ele>
        <time>2021-07-30T14:48:36.263Z</time>
      </trkpt>
      <trkpt lat="53.702149" lon="10.621253">
        <ele>53.698214</ele>
        <time>2021-07-30T14:48:39.283Z</time>
      </trkpt>
      <trkpt lat="53.702218" lon="10.621412">
        <ele>53.567746</ele>
        <time>2021-07-30T14:48:42.284Z</time>
      </trkpt>
      <trkpt lat="53.702302" lon="10.621585">
        <ele>53.419673</ele>
        <time>2021-07-30T14:48:45.271Z</time>
      </trkpt>
      <trkpt lat="53.702397" lon="10.621733">
        <ele>53.275203</ele>
        <time>2021-07-30T14:48:48.250Z</time>
      </trkpt>
      <trkpt lat="53.702487" lon="10.621889">
        <ele>53.131047</ele>
        <time>2021-07-30T14:48:51.279Z</time>
      </trkpt>
      <trkpt lat="53.702577" lon="10.622041">
        <ele>52.988776</ele>
        <time>2021-07-30T14:48:54.264Z</time>
      </trkpt>
      <trkpt lat="53.702666" lon="10.622199">
        <ele>52.844443</ele>
        <time>2021-07-30T14:48:57.272Z</time>
      </trkpt>
      <trkpt lat="53.702759" lon="10.622355">
        <ele>52.697928</ele>
        <time>2021-07-30T14:49:00.287Z</time>
      </trkpt>
      <trkpt lat="53.702850" lon="10.622516">
        <ele>52.550616</ele>
        <time>2021-07-30T14:49:03.266Z</time>
      </trkpt>
      <trkpt lat="53.702943" lon="10.622672">
        <ele>52.404101</ele>
        <time>2021-07-30T14:49:06.266Z</time>
      </trkpt>
      <trkpt lat="53.703027" lon="10.622829">
        <ele>52.264056</ele>
        <time>2021-07-30T14:49:09.272Z</time>
      </trkpt>
      <trkpt lat="53.703108" lon="10.622982">
        <ele>52.128221</ele>
        <time>2021-07-30T14:49:12.257Z</time>
      </trkpt>
      <trkpt lat="53.703163" lon="10.623105">
        <ele>52.026211</ele>
        <time>2021-07-30T14:49:15.283Z</time>
      </trkpt>
      <trkpt lat="53.703218" lon="10.623233">
        <ele>51.921543</ele>
        <time>2021-07-30T14:49:20.278Z</time>
      </trkpt>
      <trkpt lat="53.703283" lon="10.623389">
        <ele>51.811199</ele>
        <time>2021-07-30T14:49:25.278Z</time>
      </trkpt>
      <trkpt lat="53.703339" lon="10.623549">
        <ele>51.761337</ele>
        <time>2021-07-30T14:49:28.288Z</time>
      </trkpt>
      <trkpt lat="53.703397" lon="10.623712">
        <ele>51.710321</ele>
        <time>2021-07-30T14:49:31.285Z</time>
      </trkpt>
      <trkpt lat="53.703448" lon="10.623875">
        <ele>51.660863</ele>
        <time>2021-07-30T14:49:34.263Z</time>
      </trkpt>
      <trkpt lat="53.703495" lon="10.624047">
        <ele>51.610045</ele>
        <time>2021-07-30T14:49:37.282Z</time>
      </trkpt>
      <trkpt lat="53.703536" lon="10.624224">
        <ele>51.559059</ele>
        <time>2021-07-30T14:49:40.286Z</time>
      </trkpt>
      <trkpt lat="53.703583" lon="10.624390">
        <ele>51.509697</ele>
        <time>2021-07-30T14:49:43.289Z</time>
      </trkpt>
      <trkpt lat="53.703624" lon="10.624541">
        <ele>51.465133</ele>
        <time>2021-07-30T14:49:46.273Z</time>
      </trkpt>
      <trkpt lat="53.703668" lon="10.624684">
        <ele>51.421901</ele>
        <time>2021-07-30T14:49:49.277Z</time>
      </trkpt>
      <trkpt lat="53.703716" lon="10.624852">
        <ele>51.371860</ele>
        <time>2021-07-30T14:49:52.280Z</time>
      </trkpt>
      <trkpt lat="53.703769" lon="10.625035">
        <ele>51.317209</ele>
        <time>2021-07-30T14:49:55.264Z</time>
      </trkpt>
      <trkpt lat="53.703819" lon="10.625221">
        <ele>51.262411</ele>
        <time>2021-07-30T14:49:58.286Z</time>
      </trkpt>
      <trkpt lat="53.703866" lon="10.625401">
        <ele>51.209637</ele>
        <time>2021-07-30T14:50:01.290Z</time>
      </trkpt>
      <trkpt lat="53.703917" lon="10.625580">
        <ele>51.156348</ele>
        <time>2021-07-30T14:50:04.295Z</time>
      </trkpt>
      <trkpt lat="53.703972" lon="10.625768">
        <ele>51.100094</ele>
        <time>2021-07-30T14:50:07.274Z</time>
      </trkpt>
      <trkpt lat="53.704020" lon="10.625969">
        <ele>51.041954</ele>
        <time>2021-07-30T14:50:10.275Z</time>
      </trkpt>
      <trkpt lat="53.704060" lon="10.626139">
        <ele>51.000432</ele>
        <time>2021-07-30T14:50:13.268Z</time>
      </trkpt>
      <trkpt lat="53.704090" lon="10.626298">
        <ele>50.979660</ele>
        <time>2021-07-30T14:50:17.269Z</time>
      </trkpt>
      <trkpt lat="53.704024" lon="10.626427">
        <ele>50.958436</ele>
        <time>2021-07-30T14:50:22.279Z</time>
      </trkpt>
      <trkpt lat="53.703931" lon="10.626444">
        <ele>50.938767</ele>
        <time>2021-07-30T14:50:25.270Z</time>
      </trkpt>
      <trkpt lat="53.703830" lon="10.626486">
        <ele>50.916895</ele>
        <time>2021-07-30T14:50:28.278Z</time>
      </trkpt>
      <trkpt lat="53.703725" lon="10.626512">
        <ele>50.894580</ele>
        <time>2021-07-30T14:50:31.263Z</time>
      </trkpt>
      <trkpt lat="53.703622" lon="10.626531">
        <ele>50.872793</ele>
        <time>2021-07-30T14:50:34.285Z</time>
      </trkpt>
      <trkpt lat="53.703505" lon="10.626526">
        <ele>50.848183</ele>
        <time>2021-07-30T14:50:38.282Z</time>
      </trkpt>
      <trkpt lat="53.703389" lon="10.626559">
        <ele>50.823448</ele>
        <time>2021-07-30T14:50:42.276Z</time>
      </trkpt>
      <trkpt lat="53.703283" lon="10.626532">
        <ele>50.800907</ele>
        <time>2021-07-30T14:50:45.282Z</time>
      </trkpt>
      <trkpt lat="53.703173" lon="10.626492">
        <ele>50.777247</ele>
        <time>2021-07-30T14:50:48.279Z</time>
      </trkpt>
      <trkpt lat="53.703066" lon="10.626445">
        <ele>50.754000</ele>
        <time>2021-07-30T14:50:51.266Z</time>
      </trkpt>
      <trkpt lat="53.702960" lon="10.626389">
        <ele>50.730646</ele>
        <time>2021-07-30T14:50:54.283Z</time>
      </trkpt>
      <trkpt lat="53.702864" lon="10.626336">
        <ele>50.709409</ele>
        <time>2021-07-30T14:50:57.281Z</time>
      </trkpt>
      <trkpt lat="53.702768" lon="10.626286">
        <ele>50.688285</ele>
        <time>2021-07-30T14:51:00.273Z</time>
      </trkpt>
      <trkpt lat="53.702662" lon="10.626229">
        <ele>50.664894</ele>
        <time>2021-07-30T14:51:04.288Z</time>
      </trkpt>
      <trkpt lat="53.702571" lon="10.626271">
        <ele>50.645058</ele>
        <time>2021-07-30T14:51:13.268Z</time>
      </trkpt>
      <trkpt lat="53.702524" lon="10.626407">
        <ele>50.610583</ele>
        <time>2021-07-30T14:51:16.289Z</time>
      </trkpt>
      <trkpt lat="53.702466" lon="10.626573">
        <ele>50.478647</ele>
        <time>2021-07-30T14:51:19.269Z</time>
      </trkpt>
      <trkpt lat="53.702417" lon="10.626738">
        <ele>50.352295</ele>
        <time>2021-07-30T14:51:22.274Z</time>
      </trkpt>
      <trkpt lat="53.702366" lon="10.626916">
        <ele>50.216940</ele>
        <time>2021-07-30T14:51:25.276Z</time>
      </trkpt>
      <trkpt lat="53.702314" lon="10.627093">
        <ele>50.081690</ele>
        <time>2021-07-30T14:51:28.274Z</time>
      </trkpt>
      <trkpt lat="53.702267" lon="10.627255">
        <ele>49.958205</ele>
        <time>2021-07-30T14:51:31.278Z</time>
      </trkpt>
      <trkpt lat="53.702216" lon="10.627418">
        <ele>49.832012</ele>
        <time>2021-07-30T14:51:34.280Z</time>
      </trkpt>
      <trkpt lat="53.702161" lon="10.627595">
        <ele>49.695184</ele>
        <time>2021-07-30T14:51:37.290Z</time>
      </trkpt>
      <trkpt lat="53.702090" lon="10.627781">
        <ele>49.543700</ele>
        <time>2021-07-30T14:51:40.273Z</time>
      </trkpt>
      <trkpt lat="53.702015" lon="10.627959">
        <ele>49.394153</ele>
        <time>2021-07-30T14:51:43.284Z</time>
      </trkpt>
      <trkpt lat="53.701935" lon="10.628119">
        <ele>49.250801</ele>
        <time>2021-07-30T14:51:46.277Z</time>
      </trkpt>
      <trkpt lat="53.701856" lon="10.628258">
        <ele>49.118909</ele>
        <time>2021-07-30T14:51:49.289Z</time>
      </trkpt>
      <trkpt lat="53.701783" lon="10.628396">
        <ele>48.992234</ele>
        <time>2021-07-30T14:51:52.281Z</time>
      </trkpt>
      <trkpt lat="53.701702" lon="10.628526">
        <ele>48.863048</ele>
        <time>2021-07-30T14:51:56.270Z</time>
      </trkpt>
      <trkpt lat="53.701625" lon="10.628668">
        <ele>48.731239</ele>
        <time>2021-07-30T14:52:00.280Z</time>
      </trkpt>
      <trkpt lat="53.701552" lon="10.628818">
        <ele>48.598326</ele>
        <time>2021-07-30T14:52:04.279Z</time>
      </trkpt>
      <trkpt lat="53.701489" lon="10.628955">
        <ele>48.500524</ele>
        <time>2021-07-30T14:52:08.269Z</time>
      </trkpt>
      <trkpt lat="53.701429" lon="10.629092">
        <ele>48.419014</ele>
        <time>2021-07-30T14:52:12.285Z</time>
      </trkpt>
      <trkpt lat="53.701372" lon="10.629221">
        <ele>48.342021</ele>
        <time>2021-07-30T14:52:16.261Z</time>
      </trkpt>
      <trkpt lat="53.701385" lon="10.629581">
        <ele>48.169512</ele>
        <time>2021-07-30T14:52:50.263Z</time>
      </trkpt>
      <trkpt lat="53.701374" lon="10.629743">
        <ele>48.091518</ele>
        <time>2021-07-30T14:52:53.262Z</time>
      </trkpt>
      <trkpt lat="53.701332" lon="10.629918">
        <ele>48.001198</ele>
        <time>2021-07-30T14:52:56.275Z</time>
      </trkpt>
      <trkpt lat="53.701281" lon="10.630107">
        <ele>47.901850</ele>
        <time>2021-07-30T14:52:59.278Z</time>
      </trkpt>
      <trkpt lat="53.701235" lon="10.630295">
        <ele>47.804551</ele>
        <time>2021-07-30T14:53:02.266Z</time>
      </trkpt>
      <trkpt lat="53.701186" lon="10.630464">
        <ele>47.714543</ele>
        <time>2021-07-30T14:53:05.300Z</time>
      </trkpt>
      <trkpt lat="53.701143" lon="10.630626">
        <ele>47.629625</ele>
        <time>2021-07-30T14:53:08.268Z</time>
      </trkpt>
      <trkpt lat="53.701100" lon="10.630782">
        <ele>47.547318</ele>
        <time>2021-07-30T14:53:11.277Z</time>
      </trkpt>
      <trkpt lat="53.701060" lon="10.630938">
        <ele>47.466003</ele>
        <time>2021-07-30T14:53:14.264Z</time>
      </trkpt>
      <trkpt lat="53.701021" lon="10.631089">
        <ele>47.387204</ele>
        <time>2021-07-30T14:53:18.259Z</time>
      </trkpt>
      <trkpt lat="53.700983" lon="10.631233">
        <ele>47.311795</ele>
        <time>2021-07-30T14:54:24.256Z</time>
      </trkpt>
      <trkpt lat="53.700814" lon="10.631320">
        <ele>47.169050</ele>
        <time>2021-07-30T14:57:10.261Z</time>
      </trkpt>
      <trkpt lat="53.700728" lon="10.631222">
        <ele>47.094497</ele>
        <time>2021-07-30T14:57:13.282Z</time>
      </trkpt>
      <trkpt lat="53.700623" lon="10.631124">
        <ele>47.081897</ele>
        <time>2021-07-30T14:57:16.265Z</time>
      </trkpt>
      <trkpt lat="53.700515" lon="10.631021">
        <ele>47.068870</ele>
        <time>2021-07-30T14:57:19.246Z</time>
      </trkpt>
      <trkpt lat="53.700407" lon="10.630926">
        <ele>47.056081</ele>
        <time>2021-07-30T14:57:22.283Z</time>
      </trkpt>
      <trkpt lat="53.700297" lon="10.630835">
        <ele>47.043216</ele>
        <time>2021-07-30T14:57:25.279Z</time>
      </trkpt>
      <trkpt lat="53.700182" lon="10.630738">
        <ele>47.029715</ele>
        <time>2021-07-30T14:57:28.259Z</time>
      </trkpt>
      <trkpt lat="53.700061" lon="10.630647">
        <ele>47.015803</ele>
        <time>2021-07-30T14:57:31.281Z</time>
      </trkpt>
      <trkpt lat="53.699939" lon="10.630557">
        <ele>47.001820</ele>
        <time>2021-07-30T14:57:34.260Z</time>
      </trkpt>
      <trkpt lat="53.699820" lon="10.630470">
        <ele>46.988200</ele>
        <time>2021-07-30T14:57:37.278Z</time>
      </trkpt>
      <trkpt lat="53.699701" lon="10.630389">
        <ele>46.974725</ele>
        <time>2021-07-30T14:57:40.294Z</time>
      </trkpt>
      <trkpt lat="53.699577" lon="10.630308">
        <ele>46.960761</ele>
        <time>2021-07-30T14:57:43.265Z</time>
      </trkpt>
      <trkpt lat="53.699454" lon="10.630237">
        <ele>46.947108</ele>
        <time>2021-07-30T14:57:46.291Z</time>
      </trkpt>
      <trkpt lat="53.699338" lon="10.630169">
        <ele>46.934211</ele>
        <time>2021-07-30T14:57:49.278Z</time>
      </trkpt>
      <trkpt lat="53.699222" lon="10.630109">
        <ele>46.921469</ele>
        <time>2021-07-30T14:57:52.285Z</time>
      </trkpt>
      <trkpt lat="53.699108" lon="10.630049">
        <ele>46.908927</ele>
        <time>2021-07-30T14:57:55.286Z</time>
      </trkpt>
      <trkpt lat="53.698992" lon="10.629992">
        <ele>46.924531</ele>
        <time>2021-07-30T14:57:58.280Z</time>
      </trkpt>
      <trkpt lat="53.698867" lon="10.629932">
        <ele>46.946889</ele>
        <time>2021-07-30T14:58:01.263Z</time>
      </trkpt>
      <trkpt lat="53.698776" lon="10.629894">
        <ele>46.963017</ele>
        <time>2021-07-30T14:58:03.288Z</time>
      </trkpt>
      <trkpt lat="53.698687" lon="10.629861">
        <ele>46.978694</ele>
        <time>2021-07-30T14:58:05.299Z</time>
      </trkpt>
      <trkpt lat="53.698557" lon="10.629816">
        <ele>47.001525</ele>
        <time>2021-07-30T14:58:08.288Z</time>
      </trkpt>
      <trkpt lat="53.698425" lon="10.629771">
        <ele>47.024694</ele>
        <time>2021-07-30T14:58:11.276Z</time>
      </trkpt>
      <trkpt lat="53.698301" lon="10.629732">
        <ele>47.046395</ele>
        <time>2021-07-30T14:58:14.273Z</time>
      </trkpt>
      <trkpt lat="53.698194" lon="10.629701">
        <ele>47.065074</ele>
        <time>2021-07-30T14:58:17.287Z</time>
      </trkpt>
      <trkpt lat="53.698098" lon="10.629675">
        <ele>47.081801</ele>
        <time>2021-07-30T14:58:20.284Z</time>
      </trkpt>
      <trkpt lat="53.698007" lon="10.629657">
        <ele>47.097565</ele>
        <time>2021-07-30T14:58:24.281Z</time>
      </trkpt>
      <trkpt lat="53.697859" lon="10.629633">
        <ele>47.123146</ele>
        <time>2021-07-30T14:59:26.275Z</time>
      </trkpt>
      <trkpt lat="53.697749" lon="10.629612">
        <ele>47.142192</ele>
        <time>2021-07-30T14:59:29.284Z</time>
      </trkpt>
      <trkpt lat="53.697625" lon="10.629593">
        <ele>47.163614</ele>
        <time>2021-07-30T14:59:32.293Z</time>
      </trkpt>
      <trkpt lat="53.697493" lon="10.629582">
        <ele>47.186352</ele>
        <time>2021-07-30T14:59:35.288Z</time>
      </trkpt>
      <trkpt lat="53.697402" lon="10.629576">
        <ele>47.202021</ele>
        <time>2021-07-30T14:59:37.285Z</time>
      </trkpt>
      <trkpt lat="53.697310" lon="10.629571">
        <ele>47.212809</ele>
        <time>2021-07-30T14:59:39.281Z</time>
      </trkpt>
      <trkpt lat="53.697217" lon="10.629572">
        <ele>47.172565</ele>
        <time>2021-07-30T14:59:41.267Z</time>
      </trkpt>
      <trkpt lat="53.697119" lon="10.629576">
        <ele>47.130145</ele>
        <time>2021-07-30T14:59:43.294Z</time>
      </trkpt>
      <trkpt lat="53.697024" lon="10.629580">
        <ele>47.089023</ele>
        <time>2021-07-30T14:59:45.277Z</time>
      </trkpt>
      <trkpt lat="53.696926" lon="10.629580">
        <ele>47.046616</ele>
        <time>2021-07-30T14:59:47.280Z</time>
      </trkpt>
      <trkpt lat="53.696828" lon="10.629584">
        <ele>47.004196</ele>
        <time>2021-07-30T14:59:49.277Z</time>
      </trkpt>
      <trkpt lat="53.696726" lon="10.629588">
        <ele>46.960045</ele>
        <time>2021-07-30T14:59:51.277Z</time>
      </trkpt>
      <trkpt lat="53.696618" lon="10.629591">
        <ele>46.913304</ele>
        <time>2021-07-30T14:59:53.287Z</time>
      </trkpt>
      <trkpt lat="53.696508" lon="10.629593">
        <ele>46.865701</ele>
        <time>2021-07-30T14:59:55.252Z</time>
      </trkpt>
      <trkpt lat="53.696399" lon="10.629596">
        <ele>46.818528</ele>
        <time>2021-07-30T14:59:57.254Z</time>
      </trkpt>
      <trkpt lat="53.696288" lon="10.629597">
        <ele>46.770494</ele>
        <time>2021-07-30T14:59:59.291Z</time>
      </trkpt>
      <trkpt lat="53.696180" lon="10.629604">
        <ele>46.723725</ele>
        <time>2021-07-30T15:00:01.276Z</time>
      </trkpt>
      <trkpt lat="53.696073" lon="10.629609">
        <ele>46.677405</ele>
        <time>2021-07-30T15:00:03.283Z</time>
      </trkpt>
      <trkpt lat="53.695964" lon="10.629614">
        <ele>46.630220</ele>
        <time>2021-07-30T15:00:05.284Z</time>
      </trkpt>
      <trkpt lat="53.695854" lon="10.629617">
        <ele>46.582614</ele>
        <time>2021-07-30T15:00:07.280Z</time>
      </trkpt>
      <trkpt lat="53.695745" lon="10.629624">
        <ele>46.535412</ele>
        <time>2021-07-30T15:00:09.275Z</time>
      </trkpt>
      <trkpt lat="53.695638" lon="10.629622">
        <ele>46.489107</ele>
        <time>2021-07-30T15:00:11.285Z</time>
      </trkpt>
      <trkpt lat="53.695530" lon="10.629625">
        <ele>46.442366</ele>
        <time>2021-07-30T15:00:13.276Z</time>
      </trkpt>
      <trkpt lat="53.695423" lon="10.629632">
        <ele>46.443964</ele>
        <time>2021-07-30T15:00:15.264Z</time>
      </trkpt>
      <trkpt lat="53.695316" lon="10.629632">
        <ele>46.450422</ele>
        <time>2021-07-30T15:00:17.269Z</time>
      </trkpt>
      <trkpt lat="53.695207" lon="10.629634">
        <ele>46.457002</ele>
        <time>2021-07-30T15:00:19.269Z</time>
      </trkpt>
      <trkpt lat="53.695099" lon="10.629641">
        <ele>46.463525</ele>
        <time>2021-07-30T15:00:21.289Z</time>
      </trkpt>
      <trkpt lat="53.694993" lon="10.629644">
        <ele>46.469924</ele>
        <time>2021-07-30T15:00:23.272Z</time>
      </trkpt>
      <trkpt lat="53.694890" lon="10.629650">
        <ele>46.476145</ele>
        <time>2021-07-30T15:00:25.282Z</time>
      </trkpt>
      <trkpt lat="53.694784" lon="10.629652">
        <ele>46.482544</ele>
        <time>2021-07-30T15:00:27.268Z</time>
      </trkpt>
      <trkpt lat="53.694674" lon="10.629658">
        <ele>46.489187</ele>
        <time>2021-07-30T15:00:29.276Z</time>
      </trkpt>
      <trkpt lat="53.694566" lon="10.629659">
        <ele>46.495706</ele>
        <time>2021-07-30T15:00:31.271Z</time>
      </trkpt>
      <trkpt lat="53.694457" lon="10.629665">
        <ele>46.502288</ele>
        <time>2021-07-30T15:00:33.292Z</time>
      </trkpt>
      <trkpt lat="53.694350" lon="10.629670">
        <ele>46.508749</ele>
        <time>2021-07-30T15:00:35.275Z</time>
      </trkpt>
      <trkpt lat="53.694244" lon="10.629676">
        <ele>46.515151</ele>
        <time>2021-07-30T15:00:37.273Z</time>
      </trkpt>
      <trkpt lat="53.694137" lon="10.629677">
        <ele>46.521609</ele>
        <time>2021-07-30T15:00:39.259Z</time>
      </trkpt>
      <trkpt lat="53.694031" lon="10.629682">
        <ele>46.528010</ele>
        <time>2021-07-30T15:00:41.254Z</time>
      </trkpt>
      <trkpt lat="53.693926" lon="10.629685">
        <ele>46.534349</ele>
        <time>2021-07-30T15:00:43.258Z</time>
      </trkpt>
      <trkpt lat="53.693822" lon="10.629686">
        <ele>46.540626</ele>
        <time>2021-07-30T15:00:45.285Z</time>
      </trkpt>
      <trkpt lat="53.693716" lon="10.629692">
        <ele>46.547753</ele>
        <time>2021-07-30T15:00:47.267Z</time>
      </trkpt>
      <trkpt lat="53.693611" lon="10.629693">
        <ele>46.566632</ele>
        <time>2021-07-30T15:00:49.261Z</time>
      </trkpt>
      <trkpt lat="53.693506" lon="10.629699">
        <ele>46.585522</ele>
        <time>2021-07-30T15:00:51.276Z</time>
      </trkpt>
      <trkpt lat="53.693404" lon="10.629705">
        <ele>46.603872</ele>
        <time>2021-07-30T15:00:53.289Z</time>
      </trkpt>
      <trkpt lat="53.693301" lon="10.629705">
        <ele>46.622392</ele>
        <time>2021-07-30T15:00:55.292Z</time>
      </trkpt>
      <trkpt lat="53.693198" lon="10.629704">
        <ele>46.640911</ele>
        <time>2021-07-30T15:00:57.253Z</time>
      </trkpt>
      <trkpt lat="53.693092" lon="10.629703">
        <ele>46.659970</ele>
        <time>2021-07-30T15:00:59.289Z</time>
      </trkpt>
      <trkpt lat="53.692986" lon="10.629706">
        <ele>46.679031</ele>
        <time>2021-07-30T15:01:01.292Z</time>
      </trkpt>
      <trkpt lat="53.692882" lon="10.629719">
        <ele>46.697781</ele>
        <time>2021-07-30T15:01:03.258Z</time>
      </trkpt>
      <trkpt lat="53.692779" lon="10.629726">
        <ele>46.716315</ele>
        <time>2021-07-30T15:01:05.288Z</time>
      </trkpt>
      <trkpt lat="53.692677" lon="10.629730">
        <ele>46.734660</ele>
        <time>2021-07-30T15:01:07.283Z</time>
      </trkpt>
      <trkpt lat="53.692575" lon="10.629733">
        <ele>46.753002</ele>
        <time>2021-07-30T15:01:09.287Z</time>
      </trkpt>
      <trkpt lat="53.692474" lon="10.629733">
        <ele>46.771161</ele>
        <time>2021-07-30T15:01:11.276Z</time>
      </trkpt>
      <trkpt lat="53.692373" lon="10.629741">
        <ele>46.789341</ele>
        <time>2021-07-30T15:01:13.265Z</time>
      </trkpt>
      <trkpt lat="53.692268" lon="10.629743">
        <ele>46.808221</ele>
        <time>2021-07-30T15:01:15.275Z</time>
      </trkpt>
      <trkpt lat="53.692162" lon="10.629744">
        <ele>46.827279</ele>
        <time>2021-07-30T15:01:17.277Z</time>
      </trkpt>
      <trkpt lat="53.692061" lon="10.629752">
        <ele>46.845459</ele>
        <time>2021-07-30T15:01:19.242Z</time>
      </trkpt>
      <trkpt lat="53.691964" lon="10.629758">
        <ele>46.862911</ele>
        <time>2021-07-30T15:01:21.274Z</time>
      </trkpt>
      <trkpt lat="53.691866" lon="10.629755">
        <ele>46.889734</ele>
        <time>2021-07-30T15:01:23.263Z</time>
      </trkpt>
      <trkpt lat="53.691766" lon="10.629759">
        <ele>46.923505</ele>
        <time>2021-07-30T15:01:25.272Z</time>
      </trkpt>
      <trkpt lat="53.691662" lon="10.629763">
        <ele>46.958627</ele>
        <time>2021-07-30T15:01:27.277Z</time>
      </trkpt>
      <trkpt lat="53.691558" lon="10.629766">
        <ele>46.993744</ele>
        <time>2021-07-30T15:01:29.274Z</time>
      </trkpt>
      <trkpt lat="53.691457" lon="10.629767">
        <ele>47.027844</ele>
        <time>2021-07-30T15:01:31.264Z</time>
      </trkpt>
      <trkpt lat="53.691355" lon="10.629769">
        <ele>47.062283</ele>
        <time>2021-07-30T15:01:33.267Z</time>
      </trkpt>
      <trkpt lat="53.691252" lon="10.629772">
        <ele>47.097063</ele>
        <time>2021-07-30T15:01:35.286Z</time>
      </trkpt>
      <trkpt lat="53.691149" lon="10.629773">
        <ele>47.131838</ele>
        <time>2021-07-30T15:01:37.288Z</time>
      </trkpt>
      <trkpt lat="53.691044" lon="10.629775">
        <ele>47.167290</ele>
        <time>2021-07-30T15:01:39.285Z</time>
      </trkpt>
      <trkpt lat="53.690939" lon="10.629777">
        <ele>47.202742</ele>
        <time>2021-07-30T15:01:41.302Z</time>
      </trkpt>
      <trkpt lat="53.690835" lon="10.629780">
        <ele>47.237859</ele>
        <time>2021-07-30T15:01:43.271Z</time>
      </trkpt>
      <trkpt lat="53.690732" lon="10.629782">
        <ele>47.272636</ele>
        <time>2021-07-30T15:01:45.266Z</time>
      </trkpt>
      <trkpt lat="53.690628" lon="10.629787">
        <ele>47.307762</ele>
        <time>2021-07-30T15:01:47.270Z</time>
      </trkpt>
      <trkpt lat="53.690526" lon="10.629791">
        <ele>47.342208</ele>
        <time>2021-07-30T15:01:49.246Z</time>
      </trkpt>
      <trkpt lat="53.690424" lon="10.629798">
        <ele>47.376674</ele>
        <time>2021-07-30T15:01:51.264Z</time>
      </trkpt>
      <trkpt lat="53.690330" lon="10.629806">
        <ele>47.408450</ele>
        <time>2021-07-30T15:01:53.252Z</time>
      </trkpt>
      <trkpt lat="53.690239" lon="10.629820">
        <ele>47.439300</ele>
        <time>2021-07-30T15:01:55.276Z</time>
      </trkpt>
      <trkpt lat="53.690148" lon="10.629839">
        <ele>47.470257</ele>
        <time>2021-07-30T15:01:58.278Z</time>
      </trkpt>
      <trkpt lat="53.689986" lon="10.629891">
        <ele>47.469285</ele>
        <time>2021-07-30T15:02:35.272Z</time>
      </trkpt>
      <trkpt lat="53.689873" lon="10.629928">
        <ele>47.462875</ele>
        <time>2021-07-30T15:02:38.286Z</time>
      </trkpt>
      <trkpt lat="53.689747" lon="10.629966">
        <ele>47.455748</ele>
        <time>2021-07-30T15:02:41.277Z</time>
      </trkpt>
      <trkpt lat="53.689617" lon="10.630005">
        <ele>47.448395</ele>
        <time>2021-07-30T15:02:44.286Z</time>
      </trkpt>
      <trkpt lat="53.689527" lon="10.630042">
        <ele>47.443237</ele>
        <time>2021-07-30T15:02:46.268Z</time>
      </trkpt>
      <trkpt lat="53.689427" lon="10.630081">
        <ele>47.437522</ele>
        <time>2021-07-30T15:02:48.255Z</time>
      </trkpt>
      <trkpt lat="53.689327" lon="10.630124">
        <ele>47.431776</ele>
        <time>2021-07-30T15:02:50.268Z</time>
      </trkpt>
      <trkpt lat="53.689228" lon="10.630169">
        <ele>47.426067</ele>
        <time>2021-07-30T15:02:52.263Z</time>
      </trkpt>
      <trkpt lat="53.689126" lon="10.630217">
        <ele>47.420170</ele>
        <time>2021-07-30T15:02:54.250Z</time>
      </trkpt>
      <trkpt lat="53.689027" lon="10.630275">
        <ele>47.414335</ele>
        <time>2021-07-30T15:02:56.259Z</time>
      </trkpt>
      <trkpt lat="53.688927" lon="10.630331">
        <ele>47.408468</ele>
        <time>2021-07-30T15:02:58.257Z</time>
      </trkpt>
      <trkpt lat="53.688827" lon="10.630393">
        <ele>47.402536</ele>
        <time>2021-07-30T15:03:00.248Z</time>
      </trkpt>
      <trkpt lat="53.688724" lon="10.630461">
        <ele>47.396378</ele>
        <time>2021-07-30T15:03:02.262Z</time>
      </trkpt>
      <trkpt lat="53.688623" lon="10.630529">
        <ele>47.390323</ele>
        <time>2021-07-30T15:03:04.264Z</time>
      </trkpt>
      <trkpt lat="53.688519" lon="10.630600">
        <ele>47.384077</ele>
        <time>2021-07-30T15:03:06.267Z</time>
      </trkpt>
      <trkpt lat="53.688418" lon="10.630663">
        <ele>47.378081</ele>
        <time>2021-07-30T15:03:08.275Z</time>
      </trkpt>
      <trkpt lat="53.688321" lon="10.630727">
        <ele>47.371397</ele>
        <time>2021-07-30T15:03:10.261Z</time>
      </trkpt>
      <trkpt lat="53.688223" lon="10.630788">
        <ele>47.364522</ele>
        <time>2021-07-30T15:03:12.259Z</time>
      </trkpt>
      <trkpt lat="53.688124" lon="10.630857">
        <ele>47.357473</ele>
        <time>2021-07-30T15:03:14.281Z</time>
      </trkpt>
      <trkpt lat="53.688020" lon="10.630920">
        <ele>47.350201</ele>
        <time>2021-07-30T15:03:16.258Z</time>
      </trkpt>
      <trkpt lat="53.687920" lon="10.630987">
        <ele>47.343120</ele>
        <time>2021-07-30T15:03:18.264Z</time>
      </trkpt>
      <trkpt lat="53.687822" lon="10.631054">
        <ele>47.336162</ele>
        <time>2021-07-30T15:03:20.244Z</time>
      </trkpt>
      <trkpt lat="53.687722" lon="10.631121">
        <ele>47.329081</ele>
        <time>2021-07-30T15:03:22.288Z</time>
      </trkpt>
      <trkpt lat="53.687623" lon="10.631186">
        <ele>47.322089</ele>
        <time>2021-07-30T15:03:24.261Z</time>
      </trkpt>
      <trkpt lat="53.687525" lon="10.631254">
        <ele>47.315116</ele>
        <time>2021-07-30T15:03:26.264Z</time>
      </trkpt>
      <trkpt lat="53.687425" lon="10.631317">
        <ele>47.308091</ele>
        <time>2021-07-30T15:03:28.259Z</time>
      </trkpt>
      <trkpt lat="53.687325" lon="10.631384">
        <ele>47.301010</ele>
        <time>2021-07-30T15:03:30.273Z</time>
      </trkpt>
      <trkpt lat="53.687226" lon="10.631453">
        <ele>47.293961</ele>
        <time>2021-07-30T15:03:32.267Z</time>
      </trkpt>
      <trkpt lat="53.687125" lon="10.631518">
        <ele>47.286847</ele>
        <time>2021-07-30T15:03:34.266Z</time>
      </trkpt>
      <trkpt lat="53.687027" lon="10.631585">
        <ele>47.279888</ele>
        <time>2021-07-30T15:03:36.280Z</time>
      </trkpt>
      <trkpt lat="53.686928" lon="10.631649">
        <ele>47.272911</ele>
        <time>2021-07-30T15:03:38.275Z</time>
      </trkpt>
      <trkpt lat="53.686830" lon="10.631716">
        <ele>47.265953</ele>
        <time>2021-07-30T15:03:40.267Z</time>
      </trkpt>
      <trkpt lat="53.686731" lon="10.631779">
        <ele>47.258989</ele>
        <time>2021-07-30T15:03:42.258Z</time>
      </trkpt>
      <trkpt lat="53.686629" lon="10.631844">
        <ele>47.406798</ele>
        <time>2021-07-30T15:03:44.253Z</time>
      </trkpt>
      <trkpt lat="53.686530" lon="10.631906">
        <ele>47.554819</ele>
        <time>2021-07-30T15:03:46.282Z</time>
      </trkpt>
      <trkpt lat="53.686432" lon="10.631969">
        <ele>47.701819</ele>
        <time>2021-07-30T15:03:48.248Z</time>
      </trkpt>
      <trkpt lat="53.686336" lon="10.632033">
        <ele>47.846504</ele>
        <time>2021-07-30T15:03:50.249Z</time>
      </trkpt>
      <trkpt lat="53.686243" lon="10.632094">
        <ele>47.986366</ele>
        <time>2021-07-30T15:03:52.250Z</time>
      </trkpt>
      <trkpt lat="53.686157" lon="10.632153">
        <ele>48.116495</ele>
        <time>2021-07-30T15:03:54.273Z</time>
      </trkpt>
      <trkpt lat="53.686037" lon="10.632232">
        <ele>48.297050</ele>
        <time>2021-07-30T15:03:57.280Z</time>
      </trkpt>
      <trkpt lat="53.685949" lon="10.632289">
        <ele>48.429177</ele>
        <time>2021-07-30T15:04:00.261Z</time>
      </trkpt>
      <trkpt lat="53.685752" lon="10.632389">
        <ele>48.717549</ele>
        <time>2021-07-30T15:04:35.261Z</time>
      </trkpt>
      <trkpt lat="53.685663" lon="10.632282">
        <ele>48.870706</ele>
        <time>2021-07-30T15:04:38.257Z</time>
      </trkpt>
      <trkpt lat="53.685576" lon="10.632154">
        <ele>49.032468</ele>
        <time>2021-07-30T15:04:41.263Z</time>
      </trkpt>
      <trkpt lat="53.685512" lon="10.631996">
        <ele>49.191387</ele>
        <time>2021-07-30T15:04:44.247Z</time>
      </trkpt>
      <trkpt lat="53.685473" lon="10.631827">
        <ele>49.341966</ele>
        <time>2021-07-30T15:04:47.275Z</time>
      </trkpt>
      <trkpt lat="53.685387" lon="10.631746">
        <ele>49.480011</ele>
        <time>2021-07-30T15:04:54.256Z</time>
      </trkpt>
      <trkpt lat="53.685407" lon="10.631952">
        <ele>49.653315</ele>
        <time>2021-07-30T15:04:57.270Z</time>
      </trkpt>
      <trkpt lat="53.685420" lon="10.632123">
        <ele>49.788931</ele>
        <time>2021-07-30T15:04:59.267Z</time>
      </trkpt>
      <trkpt lat="53.685426" lon="10.632291">
        <ele>49.864082</ele>
        <time>2021-07-30T15:05:01.266Z</time>
      </trkpt>
      <trkpt lat="53.685443" lon="10.632447">
        <ele>49.934908</ele>
        <time>2021-07-30T15:05:03.255Z</time>
      </trkpt>
      <trkpt lat="53.685461" lon="10.632650">
        <ele>50.026561</ele>
        <time>2021-07-30T15:05:06.286Z</time>
      </trkpt>
      <trkpt lat="53.685492" lon="10.632844">
        <ele>50.116283</ele>
        <time>2021-07-30T15:05:09.255Z</time>
      </trkpt>
      <trkpt lat="53.685516" lon="10.633010">
        <ele>50.192582</ele>
        <time>2021-07-30T15:05:12.257Z</time>
      </trkpt>
      <trkpt lat="53.685544" lon="10.633202">
        <ele>50.280874</ele>
        <time>2021-07-30T15:05:15.253Z</time>
      </trkpt>
      <trkpt lat="53.685573" lon="10.633407">
        <ele>50.374985</ele>
        <time>2021-07-30T15:05:18.252Z</time>
      </trkpt>
      <trkpt lat="53.685595" lon="10.633558">
        <ele>50.444419</ele>
        <time>2021-07-30T15:05:20.259Z</time>
      </trkpt>
      <trkpt lat="53.685605" lon="10.633736">
        <ele>50.524255</ele>
        <time>2021-07-30T15:05:22.254Z</time>
      </trkpt>
      <trkpt lat="53.685604" lon="10.633892">
        <ele>50.593916</ele>
        <time>2021-07-30T15:05:24.271Z</time>
      </trkpt>
      <trkpt lat="53.685591" lon="10.634054">
        <ele>50.666912</ele>
        <time>2021-07-30T15:05:26.268Z</time>
      </trkpt>
      <trkpt lat="53.685579" lon="10.634231">
        <ele>50.746462</ele>
        <time>2021-07-30T15:05:28.253Z</time>
      </trkpt>
      <trkpt lat="53.685563" lon="10.634397">
        <ele>50.821558</ele>
        <time>2021-07-30T15:05:30.254Z</time>
      </trkpt>
      <trkpt lat="53.685551" lon="10.634552">
        <ele>50.891357</ele>
        <time>2021-07-30T15:05:32.274Z</time>
      </trkpt>
      <trkpt lat="53.685535" lon="10.634714">
        <ele>50.964692</ele>
        <time>2021-07-30T15:05:34.254Z</time>
      </trkpt>
      <trkpt lat="53.685523" lon="10.634879">
        <ele>51.038920</ele>
        <time>2021-07-30T15:05:36.254Z</time>
      </trkpt>
      <trkpt lat="53.685509" lon="10.635045">
        <ele>51.113790</ele>
        <time>2021-07-30T15:05:38.246Z</time>
      </trkpt>
      <trkpt lat="53.685502" lon="10.635206">
        <ele>51.186581</ele>
        <time>2021-07-30T15:05:40.247Z</time>
      </trkpt>
      <trkpt lat="53.685503" lon="10.635366">
        <ele>51.259050</ele>
        <time>2021-07-30T15:05:42.247Z</time>
      </trkpt>
      <trkpt lat="53.685519" lon="10.635525">
        <ele>51.332094</ele>
        <time>2021-07-30T15:05:44.267Z</time>
      </trkpt>
      <trkpt lat="53.685552" lon="10.635676">
        <ele>51.404990</ele>
        <time>2021-07-30T15:05:46.275Z</time>
      </trkpt>
      <trkpt lat="53.685598" lon="10.635816">
        <ele>51.477502</ele>
        <time>2021-07-30T15:05:48.258Z</time>
      </trkpt>
      <trkpt lat="53.685654" lon="10.635944">
        <ele>51.549577</ele>
        <time>2021-07-30T15:05:50.276Z</time>
      </trkpt>
      <trkpt lat="53.685715" lon="10.636059">
        <ele>51.619499</ele>
        <time>2021-07-30T15:05:52.294Z</time>
      </trkpt>
      <trkpt lat="53.685807" lon="10.636199">
        <ele>51.714212</ele>
        <time>2021-07-30T15:05:55.287Z</time>
      </trkpt>
      <trkpt lat="53.685913" lon="10.636317">
        <ele>51.811308</ele>
        <time>2021-07-30T15:05:58.275Z</time>
      </trkpt>
      <trkpt lat="53.685994" lon="10.636390">
        <ele>51.881524</ele>
        <time>2021-07-30T15:06:00.271Z</time>
      </trkpt>
      <trkpt lat="53.686078" lon="10.636466">
        <ele>51.954404</ele>
        <time>2021-07-30T15:06:02.270Z</time>
      </trkpt>
      <trkpt lat="53.686170" lon="10.636539">
        <ele>52.032143</ele>
        <time>2021-07-30T15:06:04.272Z</time>
      </trkpt>
      <trkpt lat="53.686267" lon="10.636616">
        <ele>52.114113</ele>
        <time>2021-07-30T15:06:06.306Z</time>
      </trkpt>
      <trkpt lat="53.686360" lon="10.636687">
        <ele>52.192167</ele>
        <time>2021-07-30T15:06:08.275Z</time>
      </trkpt>
      <trkpt lat="53.686446" lon="10.636766">
        <ele>52.267039</ele>
        <time>2021-07-30T15:06:10.264Z</time>
      </trkpt>
      <trkpt lat="53.686531" lon="10.636834">
        <ele>52.338970</ele>
        <time>2021-07-30T15:06:12.275Z</time>
      </trkpt>
      <trkpt lat="53.686615" lon="10.636907">
        <ele>52.411218</ele>
        <time>2021-07-30T15:06:14.269Z</time>
      </trkpt>
      <trkpt lat="53.686704" lon="10.636981">
        <ele>52.487085</ele>
        <time>2021-07-30T15:06:16.257Z</time>
      </trkpt>
      <trkpt lat="53.686794" lon="10.637056">
        <ele>52.446493</ele>
        <time>2021-07-30T15:06:18.285Z</time>
      </trkpt>
      <trkpt lat="53.686884" lon="10.637135">
        <ele>52.348978</ele>
        <time>2021-07-30T15:06:20.279Z</time>
      </trkpt>
      <trkpt lat="53.686975" lon="10.637214">
        <ele>52.250609</ele>
        <time>2021-07-30T15:06:22.256Z</time>
      </trkpt>
      <trkpt lat="53.687055" lon="10.637300">
        <ele>52.159437</ele>
        <time>2021-07-30T15:06:24.278Z</time>
      </trkpt>
      <trkpt lat="53.687134" lon="10.637381">
        <ele>52.070584</ele>
        <time>2021-07-30T15:06:26.286Z</time>
      </trkpt>
      <trkpt lat="53.687242" lon="10.637509">
        <ele>51.943735</ele>
        <time>2021-07-30T15:06:29.282Z</time>
      </trkpt>
      <trkpt lat="53.687341" lon="10.637647">
        <ele>51.820321</ele>
        <time>2021-07-30T15:06:32.278Z</time>
      </trkpt>
      <trkpt lat="53.687428" lon="10.637782">
        <ele>51.706731</ele>
        <time>2021-07-30T15:06:35.281Z</time>
      </trkpt>
      <trkpt lat="53.687516" lon="10.637873">
        <ele>51.607527</ele>
        <time>2021-07-30T15:06:38.281Z</time>
      </trkpt>
      <trkpt lat="53.687612" lon="10.637861">
        <ele>51.514983</ele>
        <time>2021-07-30T15:06:42.277Z</time>
      </trkpt>
      <trkpt lat="53.687708" lon="10.637756">
        <ele>51.405023</ele>
        <time>2021-07-30T15:06:45.255Z</time>
      </trkpt>
      <trkpt lat="53.687800" lon="10.637596">
        <ele>51.278058</ele>
        <time>2021-07-30T15:06:48.287Z</time>
      </trkpt>
      <trkpt lat="53.687861" lon="10.637479">
        <ele>51.189312</ele>
        <time>2021-07-30T15:06:50.272Z</time>
      </trkpt>
      <trkpt lat="53.687947" lon="10.637319">
        <ele>51.066296</ele>
        <time>2021-07-30T15:06:53.252Z</time>
      </trkpt>
      <trkpt lat="53.688008" lon="10.637197">
        <ele>50.975394</ele>
        <time>2021-07-30T15:06:55.270Z</time>
      </trkpt>
      <trkpt lat="53.688067" lon="10.637079">
        <ele>50.887473</ele>
        <time>2021-07-30T15:06:57.259Z</time>
      </trkpt>
      <trkpt lat="53.688125" lon="10.636961">
        <ele>50.800168</ele>
        <time>2021-07-30T15:06:59.269Z</time>
      </trkpt>
      <trkpt lat="53.688185" lon="10.636842">
        <ele>50.751397</ele>
        <time>2021-07-30T15:07:01.265Z</time>
      </trkpt>
      <trkpt lat="53.688246" lon="10.636719">
        <ele>50.711428</ele>
        <time>2021-07-30T15:07:03.258Z</time>
      </trkpt>
      <trkpt lat="53.688307" lon="10.636601">
        <ele>50.672405</ele>
        <time>2021-07-30T15:07:05.261Z</time>
      </trkpt>
      <trkpt lat="53.688395" lon="10.636432">
        <ele>50.616340</ele>
        <time>2021-07-30T15:07:08.274Z</time>
      </trkpt>
      <trkpt lat="53.688453" lon="10.636315">
        <ele>50.578327</ele>
        <time>2021-07-30T15:07:10.256Z</time>
      </trkpt>
      <trkpt lat="53.688511" lon="10.636193">
        <ele>50.539350</ele>
        <time>2021-07-30T15:07:12.263Z</time>
      </trkpt>
      <trkpt lat="53.688572" lon="10.636068">
        <ele>50.498998</ele>
        <time>2021-07-30T15:07:14.261Z</time>
      </trkpt>
      <trkpt lat="53.688631" lon="10.635942">
        <ele>50.458980</ele>
        <time>2021-07-30T15:07:16.276Z</time>
      </trkpt>
      <trkpt lat="53.688708" lon="10.635760">
        <ele>50.403256</ele>
        <time>2021-07-30T15:07:19.261Z</time>
      </trkpt>
      <trkpt lat="53.688758" lon="10.635631">
        <ele>50.364846</ele>
        <time>2021-07-30T15:07:21.251Z</time>
      </trkpt>
      <trkpt lat="53.688830" lon="10.635442">
        <ele>50.308860</ele>
        <time>2021-07-30T15:07:24.248Z</time>
      </trkpt>
      <trkpt lat="53.688916" lon="10.635288">
        <ele>50.256125</ele>
        <time>2021-07-30T15:07:27.284Z</time>
      </trkpt>
      <trkpt lat="53.689023" lon="10.635159">
        <ele>50.200816</ele>
        <time>2021-07-30T15:07:30.279Z</time>
      </trkpt>
      <trkpt lat="53.689108" lon="10.635107">
        <ele>50.162782</ele>
        <time>2021-07-30T15:07:32.275Z</time>
      </trkpt>
      <trkpt lat="53.689198" lon="10.635078">
        <ele>50.124236</ele>
        <time>2021-07-30T15:07:34.279Z</time>
      </trkpt>
      <trkpt lat="53.689289" lon="10.635057">
        <ele>50.085596</ele>
        <time>2021-07-30T15:07:36.266Z</time>
      </trkpt>
      <trkpt lat="53.689381" lon="10.635041">
        <ele>50.046687</ele>
        <time>2021-07-30T15:07:38.270Z</time>
      </trkpt>
      <trkpt lat="53.689471" lon="10.635030">
        <ele>50.005440</ele>
        <time>2021-07-30T15:07:40.279Z</time>
      </trkpt>
      <trkpt lat="53.689565" lon="10.635013">
        <ele>49.958101</ele>
        <time>2021-07-30T15:07:42.262Z</time>
      </trkpt>
      <trkpt lat="53.689658" lon="10.634988">
        <ele>49.910946</ele>
        <time>2021-07-30T15:07:44.272Z</time>
      </trkpt>
      <trkpt lat="53.689745" lon="10.634945">
        <ele>49.865554</ele>
        <time>2021-07-30T15:07:46.273Z</time>
      </trkpt>
      <trkpt lat="53.689832" lon="10.634888">
        <ele>49.818827</ele>
        <time>2021-07-30T15:07:48.273Z</time>
      </trkpt>
      <trkpt lat="53.689954" lon="10.634794">
        <ele>49.751678</ele>
        <time>2021-07-30T15:07:51.273Z</time>
      </trkpt>
      <trkpt lat="53.690036" lon="10.634724">
        <ele>49.705670</ele>
        <time>2021-07-30T15:07:53.265Z</time>
      </trkpt>
      <trkpt lat="53.690121" lon="10.634643">
        <ele>49.656798</ele>
        <time>2021-07-30T15:07:55.274Z</time>
      </trkpt>
      <trkpt lat="53.690211" lon="10.634572">
        <ele>49.607057</ele>
        <time>2021-07-30T15:07:57.274Z</time>
      </trkpt>
      <trkpt lat="53.690296" lon="10.634499">
        <ele>49.559306</ele>
        <time>2021-07-30T15:07:59.287Z</time>
      </trkpt>
      <trkpt lat="53.690378" lon="10.634423">
        <ele>49.512469</ele>
        <time>2021-07-30T15:08:01.279Z</time>
      </trkpt>
      <trkpt lat="53.690498" lon="10.634318">
        <ele>49.444793</ele>
        <time>2021-07-30T15:08:04.269Z</time>
      </trkpt>
      <trkpt lat="53.690583" lon="10.634253">
        <ele>49.398070</ele>
        <time>2021-07-30T15:08:06.276Z</time>
      </trkpt>
      <trkpt lat="53.690669" lon="10.634185">
        <ele>49.350520</ele>
        <time>2021-07-30T15:08:08.281Z</time>
      </trkpt>
      <trkpt lat="53.690759" lon="10.634132">
        <ele>49.302792</ele>
        <time>2021-07-30T15:08:10.276Z</time>
      </trkpt>
      <trkpt lat="53.690850" lon="10.634086">
        <ele>49.255228</ele>
        <time>2021-07-30T15:08:12.261Z</time>
      </trkpt>
      <trkpt lat="53.690942" lon="10.634057">
        <ele>49.208364</ele>
        <time>2021-07-30T15:08:14.267Z</time>
      </trkpt>
      <trkpt lat="53.691032" lon="10.634040">
        <ele>49.163016</ele>
        <time>2021-07-30T15:08:16.279Z</time>
      </trkpt>
      <trkpt lat="53.691123" lon="10.634030">
        <ele>49.132610</ele>
        <time>2021-07-30T15:08:18.281Z</time>
      </trkpt>
      <trkpt lat="53.691256" lon="10.634036">
        <ele>49.193226</ele>
        <time>2021-07-30T15:08:21.285Z</time>
      </trkpt>
      <trkpt lat="53.691387" lon="10.634066">
        <ele>49.253456</ele>
        <time>2021-07-30T15:08:24.281Z</time>
      </trkpt>
      <trkpt lat="53.691513" lon="10.634118">
        <ele>49.312551</ele>
        <time>2021-07-30T15:08:27.275Z</time>
      </trkpt>
      <trkpt lat="53.691631" lon="10.634206">
        <ele>49.371320</ele>
        <time>2021-07-30T15:08:30.272Z</time>
      </trkpt>
      <trkpt lat="53.691746" lon="10.634306">
        <ele>49.430251</ele>
        <time>2021-07-30T15:08:33.280Z</time>
      </trkpt>
      <trkpt lat="53.691847" lon="10.634439">
        <ele>49.488602</ele>
        <time>2021-07-30T15:08:36.289Z</time>
      </trkpt>
      <trkpt lat="53.691920" lon="10.634616">
        <ele>49.546793</ele>
        <time>2021-07-30T15:08:39.281Z</time>
      </trkpt>
      <trkpt lat="53.691972" lon="10.634825">
        <ele>49.607951</ele>
        <time>2021-07-30T15:08:42.284Z</time>
      </trkpt>
      <trkpt lat="53.692024" lon="10.635027">
        <ele>49.667372</ele>
        <time>2021-07-30T15:08:45.282Z</time>
      </trkpt>
      <trkpt lat="53.692067" lon="10.635166">
        <ele>49.709679</ele>
        <time>2021-07-30T15:08:47.260Z</time>
      </trkpt>
      <trkpt lat="53.692116" lon="10.635294">
        <ele>49.750798</ele>
        <time>2021-07-30T15:08:49.262Z</time>
      </trkpt>
      <trkpt lat="53.692190" lon="10.635467">
        <ele>49.808372</ele>
        <time>2021-07-30T15:08:52.286Z</time>
      </trkpt>
      <trkpt lat="53.692274" lon="10.635640">
        <ele>49.868727</ele>
        <time>2021-07-30T15:08:55.272Z</time>
      </trkpt>
      <trkpt lat="53.692337" lon="10.635754">
        <ele>49.910795</ele>
        <time>2021-07-30T15:08:57.269Z</time>
      </trkpt>
      <trkpt lat="53.692433" lon="10.635892">
        <ele>49.950669</ele>
        <time>2021-07-30T15:09:00.277Z</time>
      </trkpt>
      <trkpt lat="53.692508" lon="10.635978">
        <ele>49.961012</ele>
        <time>2021-07-30T15:09:02.278Z</time>
      </trkpt>
      <trkpt lat="53.692595" lon="10.636055">
        <ele>49.972218</ele>
        <time>2021-07-30T15:09:04.282Z</time>
      </trkpt>
      <trkpt lat="53.692686" lon="10.636130">
        <ele>49.983771</ele>
        <time>2021-07-30T15:09:06.270Z</time>
      </trkpt>
      <trkpt lat="53.692781" lon="10.636224">
        <ele>49.996332</ele>
        <time>2021-07-30T15:09:08.286Z</time>
      </trkpt>
      <trkpt lat="53.692856" lon="10.636356">
        <ele>50.008691</ele>
        <time>2021-07-30T15:09:10.260Z</time>
      </trkpt>
      <trkpt lat="53.692887" lon="10.636535">
        <ele>50.021289</ele>
        <time>2021-07-30T15:09:12.279Z</time>
      </trkpt>
      <trkpt lat="53.692896" lon="10.636712">
        <ele>50.033290</ele>
        <time>2021-07-30T15:09:14.285Z</time>
      </trkpt>
      <trkpt lat="53.692905" lon="10.636879">
        <ele>50.044619</ele>
        <time>2021-07-30T15:09:16.255Z</time>
      </trkpt>
      <trkpt lat="53.692910" lon="10.637042">
        <ele>50.055645</ele>
        <time>2021-07-30T15:09:18.283Z</time>
      </trkpt>
      <trkpt lat="53.692917" lon="10.637257">
        <ele>50.070191</ele>
        <time>2021-07-30T15:09:21.280Z</time>
      </trkpt>
      <trkpt lat="53.692974" lon="10.637394">
        <ele>50.081502</ele>
        <time>2021-07-30T15:09:24.275Z</time>
      </trkpt>
      <trkpt lat="53.693088" lon="10.637407">
        <ele>50.094538</ele>
        <time>2021-07-30T15:09:27.278Z</time>
      </trkpt>
      <trkpt lat="53.693213" lon="10.637381">
        <ele>50.108906</ele>
        <time>2021-07-30T15:09:30.259Z</time>
      </trkpt>
      <trkpt lat="53.693344" lon="10.637341">
        <ele>50.124094</ele>
        <time>2021-07-30T15:09:33.269Z</time>
      </trkpt>
      <trkpt lat="53.693477" lon="10.637311">
        <ele>50.139403</ele>
        <time>2021-07-30T15:09:36.281Z</time>
      </trkpt>
      <trkpt lat="53.693568" lon="10.637293">
        <ele>50.149856</ele>
        <time>2021-07-30T15:09:38.291Z</time>
      </trkpt>
      <trkpt lat="53.693659" lon="10.637275">
        <ele>50.129411</ele>
        <time>2021-07-30T15:09:40.287Z</time>
      </trkpt>
      <trkpt lat="53.693751" lon="10.637259">
        <ele>50.108312</ele>
        <time>2021-07-30T15:09:42.266Z</time>
      </trkpt>
      <trkpt lat="53.693884" lon="10.637229">
        <ele>50.077702</ele>
        <time>2021-07-30T15:09:45.261Z</time>
      </trkpt>
      <trkpt lat="53.693975" lon="10.637214">
        <ele>50.056843</ele>
        <time>2021-07-30T15:09:47.282Z</time>
      </trkpt>
      <trkpt lat="53.694107" lon="10.637201">
        <ele>50.026679</ele>
        <time>2021-07-30T15:09:50.276Z</time>
      </trkpt>
      <trkpt lat="53.694238" lon="10.637183">
        <ele>49.996695</ele>
        <time>2021-07-30T15:09:53.292Z</time>
      </trkpt>
      <trkpt lat="53.694330" lon="10.637168">
        <ele>49.975610</ele>
        <time>2021-07-30T15:09:55.282Z</time>
      </trkpt>
      <trkpt lat="53.694460" lon="10.637137">
        <ele>49.945659</ele>
        <time>2021-07-30T15:09:58.262Z</time>
      </trkpt>
      <trkpt lat="53.694599" lon="10.637106">
        <ele>49.913674</ele>
        <time>2021-07-30T15:10:01.289Z</time>
      </trkpt>
      <trkpt lat="53.694724" lon="10.637059">
        <ele>49.884459</ele>
        <time>2021-07-30T15:10:04.274Z</time>
      </trkpt>
      <trkpt lat="53.694841" lon="10.636991">
        <ele>49.856232</ele>
        <time>2021-07-30T15:10:07.294Z</time>
      </trkpt>
      <trkpt lat="53.694919" lon="10.636849">
        <ele>49.830069</ele>
        <time>2021-07-30T15:10:10.276Z</time>
      </trkpt>
      <trkpt lat="53.694966" lon="10.636680">
        <ele>49.804849</ele>
        <time>2021-07-30T15:10:13.273Z</time>
      </trkpt>
      <trkpt lat="53.694991" lon="10.636520">
        <ele>49.782498</ele>
        <time>2021-07-30T15:10:17.284Z</time>
      </trkpt>
      <trkpt lat="53.695026" lon="10.636348">
        <ele>49.757931</ele>
        <time>2021-07-30T15:10:21.289Z</time>
      </trkpt>
      <trkpt lat="53.695063" lon="10.636176">
        <ele>49.759918</ele>
        <time>2021-07-30T15:10:24.287Z</time>
      </trkpt>
      <trkpt lat="53.695106" lon="10.636005">
        <ele>49.838374</ele>
        <time>2021-07-30T15:10:27.291Z</time>
      </trkpt>
      <trkpt lat="53.695157" lon="10.635855">
        <ele>49.911420</ele>
        <time>2021-07-30T15:10:30.289Z</time>
      </trkpt>
      <trkpt lat="53.695210" lon="10.635691">
        <ele>49.990322</ele>
        <time>2021-07-30T15:10:33.287Z</time>
      </trkpt>
      <trkpt lat="53.695272" lon="10.635517">
        <ele>50.076083</ele>
        <time>2021-07-30T15:10:36.267Z</time>
      </trkpt>
      <trkpt lat="53.695341" lon="10.635351">
        <ele>50.161734</ele>
        <time>2021-07-30T15:10:39.268Z</time>
      </trkpt>
      <trkpt lat="53.695405" lon="10.635206">
        <ele>50.238110</ele>
        <time>2021-07-30T15:10:42.275Z</time>
      </trkpt>
      <trkpt lat="53.695492" lon="10.635092">
        <ele>50.316647</ele>
        <time>2021-07-30T15:10:46.270Z</time>
      </trkpt>
      <trkpt lat="53.695570" lon="10.635183">
        <ele>50.384263</ele>
        <time>2021-07-30T15:10:50.300Z</time>
      </trkpt>
      <trkpt lat="53.695623" lon="10.635357">
        <ele>50.466896</ele>
        <time>2021-07-30T15:10:54.254Z</time>
      </trkpt>
      <trkpt lat="53.695677" lon="10.635507">
        <ele>50.541030</ele>
        <time>2021-07-30T15:10:57.268Z</time>
      </trkpt>
      <trkpt lat="53.695735" lon="10.635664">
        <ele>50.619178</ele>
        <time>2021-07-30T15:11:00.264Z</time>
      </trkpt>
      <trkpt lat="53.695793" lon="10.635825">
        <ele>50.698763</ele>
        <time>2021-07-30T15:11:03.267Z</time>
      </trkpt>
      <trkpt lat="53.695842" lon="10.635982">
        <ele>50.773711</ele>
        <time>2021-07-30T15:11:06.283Z</time>
      </trkpt>
      <trkpt lat="53.695889" lon="10.636141">
        <ele>50.848758</ele>
        <time>2021-07-30T15:11:09.277Z</time>
      </trkpt>
      <trkpt lat="53.695940" lon="10.636298">
        <ele>50.924381</ele>
        <time>2021-07-30T15:11:12.262Z</time>
      </trkpt>
      <trkpt lat="53.695988" lon="10.636447">
        <ele>50.996014</ele>
        <time>2021-07-30T15:11:15.256Z</time>
      </trkpt>
      <trkpt lat="53.696031" lon="10.636585">
        <ele>51.159753</ele>
        <time>2021-07-30T15:11:18.273Z</time>
      </trkpt>
      <trkpt lat="53.696080" lon="10.636714">
        <ele>51.385648</ele>
        <time>2021-07-30T15:11:21.281Z</time>
      </trkpt>
      <trkpt lat="53.696126" lon="10.636856">
        <ele>51.624218</ele>
        <time>2021-07-30T15:11:24.292Z</time>
      </trkpt>
      <trkpt lat="53.696170" lon="10.637000">
        <ele>51.863054</ele>
        <time>2021-07-30T15:11:27.278Z</time>
      </trkpt>
      <trkpt lat="53.696221" lon="10.637166">
        <ele>52.138697</ele>
        <time>2021-07-30T15:11:31.298Z</time>
      </trkpt>
      <trkpt lat="53.696272" lon="10.637338">
        <ele>52.422217</ele>
        <time>2021-07-30T15:11:35.283Z</time>
      </trkpt>
      <trkpt lat="53.696324" lon="10.637518">
        <ele>52.717411</ele>
        <time>2021-07-30T15:11:39.289Z</time>
      </trkpt>
      <trkpt lat="53.696356" lon="10.637708">
        <ele>53.008557</ele>
        <time>2021-07-30T15:11:43.284Z</time>
      </trkpt>
      <trkpt lat="53.696407" lon="10.637895">
        <ele>53.312006</ele>
        <time>2021-07-30T15:11:47.279Z</time>
      </trkpt>
      <trkpt lat="53.696455" lon="10.638050">
        <ele>53.569818</ele>
        <time>2021-07-30T15:11:50.283Z</time>
      </trkpt>
      <trkpt lat="53.696505" lon="10.638231">
        <ele>53.864197</ele>
        <time>2021-07-30T15:11:54.282Z</time>
      </trkpt>
      <trkpt lat="53.696548" lon="10.638370">
        <ele>54.095344</ele>
        <time>2021-07-30T15:11:57.276Z</time>
      </trkpt>
      <trkpt lat="53.696588" lon="10.638516">
        <ele>54.332450</ele>
        <time>2021-07-30T15:12:00.286Z</time>
      </trkpt>
      <trkpt lat="53.696627" lon="10.638655">
        <ele>54.559157</ele>
        <time>2021-07-30T15:12:03.271Z</time>
      </trkpt>
      <trkpt lat="53.696669" lon="10.638817">
        <ele>54.819811</ele>
        <time>2021-07-30T15:12:06.263Z</time>
      </trkpt>
      <trkpt lat="53.696709" lon="10.638978">
        <ele>55.077148</ele>
        <time>2021-07-30T15:12:09.284Z</time>
      </trkpt>
      <trkpt lat="53.696750" lon="10.639119">
        <ele>55.308673</ele>
        <time>2021-07-30T15:12:12.287Z</time>
      </trkpt>
      <trkpt lat="53.696792" lon="10.639269">
        <ele>55.501614</ele>
        <time>2021-07-30T15:12:15.281Z</time>
      </trkpt>
      <trkpt lat="53.696843" lon="10.639437">
        <ele>55.509742</ele>
        <time>2021-07-30T15:12:18.284Z</time>
      </trkpt>
      <trkpt lat="53.696892" lon="10.639608">
        <ele>55.517921</ele>
        <time>2021-07-30T15:12:21.289Z</time>
      </trkpt>
      <trkpt lat="53.696935" lon="10.639774">
        <ele>55.525721</ele>
        <time>2021-07-30T15:12:24.269Z</time>
      </trkpt>
      <trkpt lat="53.696976" lon="10.639928">
        <ele>55.532991</ele>
        <time>2021-07-30T15:12:27.283Z</time>
      </trkpt>
      <trkpt lat="53.697014" lon="10.640068">
        <ele>55.539621</ele>
        <time>2021-07-30T15:12:30.281Z</time>
      </trkpt>
      <trkpt lat="53.697051" lon="10.640209">
        <ele>55.546261</ele>
        <time>2021-07-30T15:12:33.278Z</time>
      </trkpt>
      <trkpt lat="53.697093" lon="10.640359">
        <ele>55.553404</ele>
        <time>2021-07-30T15:12:36.287Z</time>
      </trkpt>
      <trkpt lat="53.697135" lon="10.640512">
        <ele>55.560665</ele>
        <time>2021-07-30T15:12:39.285Z</time>
      </trkpt>
      <trkpt lat="53.697180" lon="10.640688">
        <ele>55.568918</ele>
        <time>2021-07-30T15:12:43.290Z</time>
      </trkpt>
      <trkpt lat="53.697230" lon="10.640870">
        <ele>55.577556</ele>
        <time>2021-07-30T15:12:47.270Z</time>
      </trkpt>
      <trkpt lat="53.697277" lon="10.641002">
        <ele>55.584187</ele>
        <time>2021-07-30T15:12:50.273Z</time>
      </trkpt>
      <trkpt lat="53.697326" lon="10.641190">
        <ele>55.593030</ele>
        <time>2021-07-30T15:12:54.295Z</time>
      </trkpt>
      <trkpt lat="53.697372" lon="10.641357">
        <ele>55.600959</ele>
        <time>2021-07-30T15:12:57.286Z</time>
      </trkpt>
      <trkpt lat="53.697413" lon="10.641534">
        <ele>55.609142</ele>
        <time>2021-07-30T15:13:00.288Z</time>
      </trkpt>
      <trkpt lat="53.697459" lon="10.641709">
        <ele>55.617385</ele>
        <time>2021-07-30T15:13:03.281Z</time>
      </trkpt>
      <trkpt lat="53.697496" lon="10.641883">
        <ele>55.625344</ele>
        <time>2021-07-30T15:13:06.286Z</time>
      </trkpt>
      <trkpt lat="53.697534" lon="10.642043">
        <ele>55.598152</ele>
        <time>2021-07-30T15:13:09.268Z</time>
      </trkpt>
      <trkpt lat="53.697573" lon="10.642207">
        <ele>55.468375</ele>
        <time>2021-07-30T15:13:12.260Z</time>
      </trkpt>
      <trkpt lat="53.697614" lon="10.642370">
        <ele>55.338330</ele>
        <time>2021-07-30T15:13:15.285Z</time>
      </trkpt>
      <trkpt lat="53.697650" lon="10.642516">
        <ele>55.222195</ele>
        <time>2021-07-30T15:13:19.266Z</time>
      </trkpt>
      <trkpt lat="53.697685" lon="10.642689">
        <ele>55.087949</ele>
        <time>2021-07-30T15:13:23.285Z</time>
      </trkpt>
      <trkpt lat="53.697726" lon="10.642839">
        <ele>54.966632</ele>
        <time>2021-07-30T15:13:26.281Z</time>
      </trkpt>
      <trkpt lat="53.697778" lon="10.642977">
        <ele>54.846515</ele>
        <time>2021-07-30T15:13:29.280Z</time>
      </trkpt>
      <trkpt lat="53.697850" lon="10.643138">
        <ele>54.698357</ele>
        <time>2021-07-30T15:13:33.269Z</time>
      </trkpt>
      <trkpt lat="53.697915" lon="10.643261">
        <ele>54.577292</ele>
        <time>2021-07-30T15:13:36.280Z</time>
      </trkpt>
      <trkpt lat="53.697998" lon="10.643385">
        <ele>54.439859</ele>
        <time>2021-07-30T15:13:40.279Z</time>
      </trkpt>
      <trkpt lat="53.698058" lon="10.643502">
        <ele>54.326198</ele>
        <time>2021-07-30T15:13:43.263Z</time>
      </trkpt>
      <trkpt lat="53.698105" lon="10.643640">
        <ele>54.209294</ele>
        <time>2021-07-30T15:13:48.280Z</time>
      </trkpt>
      <trkpt lat="53.698140" lon="10.643896">
        <ele>54.016368</ele>
        <time>2021-07-30T15:14:28.274Z</time>
      </trkpt>
      <trkpt lat="53.698166" lon="10.644061">
        <ele>53.890992</ele>
        <time>2021-07-30T15:14:32.259Z</time>
      </trkpt>
      <trkpt lat="53.698186" lon="10.644226">
        <ele>53.767320</ele>
        <time>2021-07-30T15:14:36.300Z</time>
      </trkpt>
      <trkpt lat="53.698207" lon="10.644378">
        <ele>53.652709</ele>
        <time>2021-07-30T15:14:39.277Z</time>
      </trkpt>
      <trkpt lat="53.698225" lon="10.644562">
        <ele>53.515767</ele>
        <time>2021-07-30T15:14:43.259Z</time>
      </trkpt>
      <trkpt lat="53.698215" lon="10.644748">
        <ele>53.393508</ele>
        <time>2021-07-30T15:14:47.254Z</time>
      </trkpt>
      <trkpt lat="53.698164" lon="10.644919">
        <ele>53.350654</ele>
        <time>2021-07-30T15:14:51.248Z</time>
      </trkpt>
      <trkpt lat="53.698095" lon="10.645063">
        <ele>53.309192</ele>
        <time>2021-07-30T15:14:55.262Z</time>
      </trkpt>
      <trkpt lat="53.698040" lon="10.645187">
        <ele>53.274515</ele>
        <time>2021-07-30T15:14:59.255Z</time>
      </trkpt>
      <trkpt lat="53.698030" lon="10.645343">
        <ele>53.239396</ele>
        <time>2021-07-30T15:15:05.278Z</time>
      </trkpt>
      <trkpt lat="53.698091" lon="10.645462">
        <ele>53.204167</ele>
        <time>2021-07-30T15:15:11.267Z</time>
      </trkpt>
      <trkpt lat="53.698173" lon="10.645599">
        <ele>53.160565</ele>
        <time>2021-07-30T15:15:15.281Z</time>
      </trkpt>
      <trkpt lat="53.698238" lon="10.645712">
        <ele>53.125303</ele>
        <time>2021-07-30T15:15:18.264Z</time>
      </trkpt>
      <trkpt lat="53.698299" lon="10.645825">
        <ele>53.091078</ele>
        <time>2021-07-30T15:15:21.259Z</time>
      </trkpt>
      <trkpt lat="53.698363" lon="10.645954">
        <ele>53.053409</ele>
        <time>2021-07-30T15:15:24.261Z</time>
      </trkpt>
      <trkpt lat="53.698434" lon="10.646079">
        <ele>53.014640</ele>
        <time>2021-07-30T15:15:27.286Z</time>
      </trkpt>
      <trkpt lat="53.698509" lon="10.646218">
        <ele>52.972549</ele>
        <time>2021-07-30T15:15:30.286Z</time>
      </trkpt>
      <trkpt lat="53.698584" lon="10.646351">
        <ele>52.931440</ele>
        <time>2021-07-30T15:15:33.283Z</time>
      </trkpt>
      <trkpt lat="53.698652" lon="10.646492">
        <ele>52.890738</ele>
        <time>2021-07-30T15:15:36.273Z</time>
      </trkpt>
      <trkpt lat="53.698724" lon="10.646622">
        <ele>52.850896</ele>
        <time>2021-07-30T15:15:39.260Z</time>
      </trkpt>
      <trkpt lat="53.698798" lon="10.646738">
        <ele>52.812731</ele>
        <time>2021-07-30T15:15:42.272Z</time>
      </trkpt>
      <trkpt lat="53.698892" lon="10.646851">
        <ele>52.769115</ele>
        <time>2021-07-30T15:15:46.259Z</time>
      </trkpt>
      <trkpt lat="53.698986" lon="10.646909">
        <ele>52.731283</ele>
        <time>2021-07-30T15:15:51.275Z</time>
      </trkpt>
      <trkpt lat="53.699091" lon="10.646927">
        <ele>52.968087</ele>
        <time>2021-07-30T15:15:54.271Z</time>
      </trkpt>
      <trkpt lat="53.699196" lon="10.646912">
        <ele>53.312343</ele>
        <time>2021-07-30T15:15:57.269Z</time>
      </trkpt>
      <trkpt lat="53.699306" lon="10.646872">
        <ele>53.679942</ele>
        <time>2021-07-30T15:16:00.273Z</time>
      </trkpt>
      <trkpt lat="53.699409" lon="10.646828">
        <ele>54.027033</ele>
        <time>2021-07-30T15:16:03.269Z</time>
      </trkpt>
      <trkpt lat="53.699513" lon="10.646778">
        <ele>54.380291</ele>
        <time>2021-07-30T15:16:06.273Z</time>
      </trkpt>
      <trkpt lat="53.699621" lon="10.646737">
        <ele>54.741924</ele>
        <time>2021-07-30T15:16:09.269Z</time>
      </trkpt>
      <trkpt lat="53.699733" lon="10.646710">
        <ele>55.111531</ele>
        <time>2021-07-30T15:16:13.267Z</time>
      </trkpt>
      <trkpt lat="53.699849" lon="10.646673">
        <ele>55.497196</ele>
        <time>2021-07-30T15:16:17.268Z</time>
      </trkpt>
      <trkpt lat="53.699947" lon="10.646629">
        <ele>55.828474</ele>
        <time>2021-07-30T15:16:19.275Z</time>
      </trkpt>
      <trkpt lat="53.700037" lon="10.646590">
        <ele>56.132022</ele>
        <time>2021-07-30T15:16:21.253Z</time>
      </trkpt>
      <trkpt lat="53.700128" lon="10.646560">
        <ele>56.434924</ele>
        <time>2021-07-30T15:16:23.259Z</time>
      </trkpt>
      <trkpt lat="53.700241" lon="10.646521">
        <ele>56.811718</ele>
        <time>2021-07-30T15:16:26.273Z</time>
      </trkpt>
      <trkpt lat="53.700148" lon="10.646534">
        <ele>57.116584</ele>
        <time>2021-07-30T15:16:45.278Z</time>
      </trkpt>
      <trkpt lat="53.700246" lon="10.646529">
        <ele>57.436892</ele>
        <time>2021-07-30T15:17:07.264Z</time>
      </trkpt>
      <trkpt lat="53.700339" lon="10.646494">
        <ele>57.748168</ele>
        <time>2021-07-30T15:17:17.275Z</time>
      </trkpt>
      <trkpt lat="53.700440" lon="10.646450">
        <ele>58.088928</ele>
        <time>2021-07-30T15:17:20.286Z</time>
      </trkpt>
      <trkpt lat="53.700570" lon="10.646410">
        <ele>58.520622</ele>
        <time>2021-07-30T15:17:23.246Z</time>
      </trkpt>
      <trkpt lat="53.700682" lon="10.646368">
        <ele>58.549501</ele>
        <time>2021-07-30T15:17:26.261Z</time>
      </trkpt>
      <trkpt lat="53.700786" lon="10.646334">
        <ele>58.495523</ele>
        <time>2021-07-30T15:17:29.255Z</time>
      </trkpt>
      <trkpt lat="53.700903" lon="10.646296">
        <ele>58.434811</ele>
        <time>2021-07-30T15:17:32.264Z</time>
      </trkpt>
      <trkpt lat="53.701032" lon="10.646252">
        <ele>58.367750</ele>
        <time>2021-07-30T15:17:35.271Z</time>
      </trkpt>
      <trkpt lat="53.701124" lon="10.646218">
        <ele>58.319761</ele>
        <time>2021-07-30T15:17:37.247Z</time>
      </trkpt>
      <trkpt lat="53.701248" lon="10.646184">
        <ele>58.255747</ele>
        <time>2021-07-30T15:17:40.257Z</time>
      </trkpt>
      <trkpt lat="53.701375" lon="10.646136">
        <ele>58.189431</ele>
        <time>2021-07-30T15:17:43.280Z</time>
      </trkpt>
      <trkpt lat="53.701495" lon="10.646093">
        <ele>58.126922</ele>
        <time>2021-07-30T15:17:46.268Z</time>
      </trkpt>
      <trkpt lat="53.701609" lon="10.646058">
        <ele>58.067880</ele>
        <time>2021-07-30T15:17:49.265Z</time>
      </trkpt>
      <trkpt lat="53.701724" lon="10.646014">
        <ele>58.007795</ele>
        <time>2021-07-30T15:17:52.273Z</time>
      </trkpt>
      <trkpt lat="53.701829" lon="10.645982">
        <ele>57.953426</ele>
        <time>2021-07-30T15:17:55.275Z</time>
      </trkpt>
      <trkpt lat="53.701926" lon="10.645952">
        <ele>57.903177</ele>
        <time>2021-07-30T15:17:58.284Z</time>
      </trkpt>
      <trkpt lat="53.702040" lon="10.645907">
        <ele>57.843521</ele>
        <time>2021-07-30T15:18:02.285Z</time>
      </trkpt>
      <trkpt lat="53.702151" lon="10.645887">
        <ele>57.786638</ele>
        <time>2021-07-30T15:18:06.284Z</time>
      </trkpt>
      <trkpt lat="53.702242" lon="10.645844">
        <ele>57.738487</ele>
        <time>2021-07-30T15:18:10.293Z</time>
      </trkpt>
      <trkpt lat="53.702347" lon="10.645808">
        <ele>57.683891</ele>
        <time>2021-07-30T15:18:13.262Z</time>
      </trkpt>
      <trkpt lat="53.702460" lon="10.645769">
        <ele>57.745065</ele>
        <time>2021-07-30T15:18:16.297Z</time>
      </trkpt>
      <trkpt lat="53.702575" lon="10.645732">
        <ele>57.816641</ele>
        <time>2021-07-30T15:18:19.294Z</time>
      </trkpt>
      <trkpt lat="53.702695" lon="10.645688">
        <ele>57.891719</ele>
        <time>2021-07-30T15:18:22.296Z</time>
      </trkpt>
      <trkpt lat="53.702813" lon="10.645641">
        <ele>57.965844</ele>
        <time>2021-07-30T15:18:25.265Z</time>
      </trkpt>
      <trkpt lat="53.702929" lon="10.645605">
        <ele>58.037955</ele>
        <time>2021-07-30T15:18:28.253Z</time>
      </trkpt>
      <trkpt lat="53.703051" lon="10.645562">
        <ele>58.114153</ele>
        <time>2021-07-30T15:18:31.275Z</time>
      </trkpt>
      <trkpt lat="53.703176" lon="10.645518">
        <ele>58.192222</ele>
        <time>2021-07-30T15:18:34.277Z</time>
      </trkpt>
      <trkpt lat="53.703302" lon="10.645475">
        <ele>58.270816</ele>
        <time>2021-07-30T15:18:37.281Z</time>
      </trkpt>
      <trkpt lat="53.703413" lon="10.645431">
        <ele>58.340526</ele>
        <time>2021-07-30T15:18:40.292Z</time>
      </trkpt>
      <trkpt lat="53.703511" lon="10.645404">
        <ele>58.401236</ele>
        <time>2021-07-30T15:18:43.280Z</time>
      </trkpt>
      <trkpt lat="53.703630" lon="10.645368">
        <ele>58.475151</ele>
        <time>2021-07-30T15:18:46.278Z</time>
      </trkpt>
      <trkpt lat="53.703722" lon="10.645348">
        <ele>58.531865</ele>
        <time>2021-07-30T15:18:48.280Z</time>
      </trkpt>
      <trkpt lat="53.703839" lon="10.645355">
        <ele>58.603445</ele>
        <time>2021-07-30T15:18:51.285Z</time>
      </trkpt>
      <trkpt lat="53.703969" lon="10.645422">
        <ele>58.686546</ele>
        <time>2021-07-30T15:18:54.289Z</time>
      </trkpt>
      <trkpt lat="53.704057" lon="10.645473">
        <ele>58.743428</ele>
        <time>2021-07-30T15:18:56.277Z</time>
      </trkpt>
      <trkpt lat="53.704179" lon="10.645537">
        <ele>58.760991</ele>
        <time>2021-07-30T15:18:59.277Z</time>
      </trkpt>
      <trkpt lat="53.704300" lon="10.645606">
        <ele>58.726992</ele>
        <time>2021-07-30T15:19:02.282Z</time>
      </trkpt>
      <trkpt lat="53.704423" lon="10.645669">
        <ele>58.692775</ele>
        <time>2021-07-30T15:19:05.263Z</time>
      </trkpt>
      <trkpt lat="53.704547" lon="10.645735">
        <ele>58.658164</ele>
        <time>2021-07-30T15:19:08.281Z</time>
      </trkpt>
      <trkpt lat="53.704671" lon="10.645805">
        <ele>58.623358</ele>
        <time>2021-07-30T15:19:11.276Z</time>
      </trkpt>
      <trkpt lat="53.704778" lon="10.645856">
        <ele>58.593760</ele>
        <time>2021-07-30T15:19:14.278Z</time>
      </trkpt>
      <trkpt lat="53.704858" lon="10.645931">
        <ele>58.569403</ele>
        <time>2021-07-30T15:19:16.289Z</time>
      </trkpt>
      <trkpt lat="53.704930" lon="10.646033">
        <ele>58.544387</ele>
        <time>2021-07-30T15:19:18.283Z</time>
      </trkpt>
      <trkpt lat="53.705023" lon="10.646169">
        <ele>58.511641</ele>
        <time>2021-07-30T15:19:21.269Z</time>
      </trkpt>
      <trkpt lat="53.705096" lon="10.646308">
        <ele>58.482358</ele>
        <time>2021-07-30T15:19:25.272Z</time>
      </trkpt>
      <trkpt lat="53.705167" lon="10.646416">
        <ele>58.456923</ele>
        <time>2021-07-30T15:19:30.274Z</time>
      </trkpt>
      <trkpt lat="53.705268" lon="10.646368">
        <ele>58.428991</ele>
        <time>2021-07-30T15:19:37.281Z</time>
      </trkpt>
      <trkpt lat="53.705376" lon="10.646333">
        <ele>58.399715</ele>
        <time>2021-07-30T15:19:40.265Z</time>
      </trkpt>
      <trkpt lat="53.705489" lon="10.646283">
        <ele>58.368617</ele>
        <time>2021-07-30T15:19:43.269Z</time>
      </trkpt>
      <trkpt lat="53.705575" lon="10.646236">
        <ele>58.344554</ele>
        <time>2021-07-30T15:19:45.278Z</time>
      </trkpt>
      <trkpt lat="53.705690" lon="10.646181">
        <ele>58.312735</ele>
        <time>2021-07-30T15:19:47.279Z</time>
      </trkpt>
      <trkpt lat="53.705796" lon="10.646135">
        <ele>58.057957</ele>
        <time>2021-07-30T15:19:49.285Z</time>
      </trkpt>
      <trkpt lat="53.705892" lon="10.646086">
        <ele>57.675202</ele>
        <time>2021-07-30T15:19:51.272Z</time>
      </trkpt>
      <trkpt lat="53.705992" lon="10.646024">
        <ele>57.268648</ele>
        <time>2021-07-30T15:19:53.288Z</time>
      </trkpt>
      <trkpt lat="53.706091" lon="10.645980">
        <ele>56.877945</ele>
        <time>2021-07-30T15:19:55.293Z</time>
      </trkpt>
      <trkpt lat="53.706187" lon="10.645943">
        <ele>56.502134</ele>
        <time>2021-07-30T15:19:57.280Z</time>
      </trkpt>
      <trkpt lat="53.706286" lon="10.645893">
        <ele>56.107764</ele>
        <time>2021-07-30T15:20:00.278Z</time>
      </trkpt>
      <trkpt lat="53.706386" lon="10.645848">
        <ele>55.712793</ele>
        <time>2021-07-30T15:20:17.300Z</time>
      </trkpt>
      <trkpt lat="53.706501" lon="10.645821">
        <ele>55.269662</ele>
        <time>2021-07-30T15:20:21.281Z</time>
      </trkpt>
      <trkpt lat="53.706631" lon="10.645805">
        <ele>54.772185</ele>
        <time>2021-07-30T15:20:24.276Z</time>
      </trkpt>
      <trkpt lat="53.706731" lon="10.645812">
        <ele>54.390194</ele>
        <time>2021-07-30T15:20:26.277Z</time>
      </trkpt>
      <trkpt lat="53.706839" lon="10.645826">
        <ele>53.976786</ele>
        <time>2021-07-30T15:20:28.286Z</time>
      </trkpt>
      <trkpt lat="53.706948" lon="10.645850">
        <ele>53.557254</ele>
        <time>2021-07-30T15:20:31.281Z</time>
      </trkpt>
      <trkpt lat="53.707054" lon="10.645878">
        <ele>53.147776</ele>
        <time>2021-07-30T15:20:35.266Z</time>
      </trkpt>
      <trkpt lat="53.707174" lon="10.645930">
        <ele>52.674954</ele>
        <time>2021-07-30T15:20:38.270Z</time>
      </trkpt>
      <trkpt lat="53.707294" lon="10.646032">
        <ele>52.162257</ele>
        <time>2021-07-30T15:20:41.279Z</time>
      </trkpt>
      <trkpt lat="53.707377" lon="10.646103">
        <ele>51.807184</ele>
        <time>2021-07-30T15:20:43.284Z</time>
      </trkpt>
      <trkpt lat="53.707458" lon="10.646176">
        <ele>51.456800</ele>
        <time>2021-07-30T15:20:45.280Z</time>
      </trkpt>
      <trkpt lat="53.707538" lon="10.646252">
        <ele>51.430676</ele>
        <time>2021-07-30T15:20:47.287Z</time>
      </trkpt>
      <trkpt lat="53.707644" lon="10.646348">
        <ele>51.423592</ele>
        <time>2021-07-30T15:20:50.278Z</time>
      </trkpt>
      <trkpt lat="53.707741" lon="10.646443">
        <ele>51.416989</ele>
        <time>2021-07-30T15:20:53.274Z</time>
      </trkpt>
      <trkpt lat="53.707856" lon="10.646559">
        <ele>51.409100</ele>
        <time>2021-07-30T15:20:56.266Z</time>
      </trkpt>
      <trkpt lat="53.707973" lon="10.646668">
        <ele>51.401231</ele>
        <time>2021-07-30T15:20:59.273Z</time>
      </trkpt>
      <trkpt lat="53.708055" lon="10.646751">
        <ele>51.395601</ele>
        <time>2021-07-30T15:21:01.272Z</time>
      </trkpt>
      <trkpt lat="53.708169" lon="10.646840">
        <ele>51.388204</ele>
        <time>2021-07-30T15:21:04.267Z</time>
      </trkpt>
      <trkpt lat="53.708276" lon="10.646929">
        <ele>51.381180</ele>
        <time>2021-07-30T15:21:07.252Z</time>
      </trkpt>
      <trkpt lat="53.708365" lon="10.647004">
        <ele>51.375322</ele>
        <time>2021-07-30T15:21:10.286Z</time>
      </trkpt>
      <trkpt lat="53.708469" lon="10.647100">
        <ele>51.368342</ele>
        <time>2021-07-30T15:21:13.297Z</time>
      </trkpt>
      <trkpt lat="53.708581" lon="10.647174">
        <ele>51.361259</ele>
        <time>2021-07-30T15:21:16.288Z</time>
      </trkpt>
      <trkpt lat="53.708680" lon="10.647233">
        <ele>51.355076</ele>
        <time>2021-07-30T15:21:19.280Z</time>
      </trkpt>
      <trkpt lat="53.708767" lon="10.647296">
        <ele>51.349501</ele>
        <time>2021-07-30T15:21:22.283Z</time>
      </trkpt>
      <trkpt lat="53.708853" lon="10.647365">
        <ele>51.343894</ele>
        <time>2021-07-30T15:21:25.293Z</time>
      </trkpt>
      <trkpt lat="53.708944" lon="10.647428">
        <ele>51.338102</ele>
        <time>2021-07-30T15:21:27.285Z</time>
      </trkpt>
      <trkpt lat="53.709034" lon="10.647497">
        <ele>51.332281</ele>
        <time>2021-07-30T15:21:30.262Z</time>
      </trkpt>
      <trkpt lat="53.709135" lon="10.647565">
        <ele>51.210701</ele>
        <time>2021-07-30T15:21:33.289Z</time>
      </trkpt>
      <trkpt lat="53.709239" lon="10.647648">
        <ele>51.006099</ele>
        <time>2021-07-30T15:21:36.282Z</time>
      </trkpt>
      <trkpt lat="53.709342" lon="10.647722">
        <ele>50.806999</ele>
        <time>2021-07-30T15:21:39.290Z</time>
      </trkpt>
      <trkpt lat="53.709444" lon="10.647788">
        <ele>50.612705</ele>
        <time>2021-07-30T15:21:43.274Z</time>
      </trkpt>
      <trkpt lat="53.709562" lon="10.647849">
        <ele>50.393194</ele>
        <time>2021-07-30T15:21:46.271Z</time>
      </trkpt>
      <trkpt lat="53.709664" lon="10.647907">
        <ele>50.201751</ele>
        <time>2021-07-30T15:21:48.271Z</time>
      </trkpt>
      <trkpt lat="53.709791" lon="10.647966">
        <ele>49.967452</ele>
        <time>2021-07-30T15:21:50.285Z</time>
      </trkpt>
      <trkpt lat="53.709912" lon="10.648026">
        <ele>49.743131</ele>
        <time>2021-07-30T15:21:52.266Z</time>
      </trkpt>
      <trkpt lat="53.710031" lon="10.648086">
        <ele>49.522223</ele>
        <time>2021-07-30T15:21:54.253Z</time>
      </trkpt>
      <trkpt lat="53.710138" lon="10.648132">
        <ele>49.325821</ele>
        <time>2021-07-30T15:21:56.276Z</time>
      </trkpt>
      <trkpt lat="53.710236" lon="10.648159">
        <ele>49.149190</ele>
        <time>2021-07-30T15:21:58.269Z</time>
      </trkpt>
      <trkpt lat="53.710336" lon="10.648176">
        <ele>48.970407</ele>
        <time>2021-07-30T15:22:00.265Z</time>
      </trkpt>
      <trkpt lat="53.710443" lon="10.648181">
        <ele>48.779997</ele>
        <time>2021-07-30T15:22:02.265Z</time>
      </trkpt>
      <trkpt lat="53.710550" lon="10.648183">
        <ele>48.589648</ele>
        <time>2021-07-30T15:22:04.288Z</time>
      </trkpt>
      <trkpt lat="53.710658" lon="10.648189">
        <ele>48.397427</ele>
        <time>2021-07-30T15:22:06.256Z</time>
      </trkpt>
      <trkpt lat="53.710763" lon="10.648192">
        <ele>48.210621</ele>
        <time>2021-07-30T15:22:08.269Z</time>
      </trkpt>
      <trkpt lat="53.710868" lon="10.648192">
        <ele>48.205885</ele>
        <time>2021-07-30T15:22:10.269Z</time>
      </trkpt>
      <trkpt lat="53.710968" lon="10.648204">
        <ele>48.332508</ele>
        <time>2021-07-30T15:22:12.270Z</time>
      </trkpt>
      <trkpt lat="53.711063" lon="10.648204">
        <ele>48.452498</ele>
        <time>2021-07-30T15:22:14.274Z</time>
      </trkpt>
      <trkpt lat="53.711155" lon="10.648207">
        <ele>48.568720</ele>
        <time>2021-07-30T15:22:16.273Z</time>
      </trkpt>
      <trkpt lat="53.711247" lon="10.648214">
        <ele>48.685039</ele>
        <time>2021-07-30T15:22:18.272Z</time>
      </trkpt>
      <trkpt lat="53.711342" lon="10.648202">
        <ele>48.805363</ele>
        <time>2021-07-30T15:22:20.276Z</time>
      </trkpt>
      <trkpt lat="53.711435" lon="10.648206">
        <ele>48.922865</ele>
        <time>2021-07-30T15:22:22.276Z</time>
      </trkpt>
      <trkpt lat="53.711529" lon="10.648204">
        <ele>49.041601</ele>
        <time>2021-07-30T15:22:24.272Z</time>
      </trkpt>
      <trkpt lat="53.711622" lon="10.648196">
        <ele>49.159217</ele>
        <time>2021-07-30T15:22:26.287Z</time>
      </trkpt>
      <trkpt lat="53.711718" lon="10.648170">
        <ele>49.282018</ele>
        <time>2021-07-30T15:22:28.269Z</time>
      </trkpt>
      <trkpt lat="53.711811" lon="10.648136">
        <ele>49.402199</ele>
        <time>2021-07-30T15:22:30.284Z</time>
      </trkpt>
      <trkpt lat="53.711901" lon="10.648094">
        <ele>49.520130</ele>
        <time>2021-07-30T15:22:32.272Z</time>
      </trkpt>
      <trkpt lat="53.711992" lon="10.648056">
        <ele>49.638526</ele>
        <time>2021-07-30T15:22:34.272Z</time>
      </trkpt>
      <trkpt lat="53.712079" lon="10.648016">
        <ele>49.752407</ele>
        <time>2021-07-30T15:22:36.265Z</time>
      </trkpt>
      <trkpt lat="53.712211" lon="10.647957">
        <ele>49.924864</ele>
        <time>2021-07-30T15:22:39.286Z</time>
      </trkpt>
      <trkpt lat="53.712296" lon="10.647910">
        <ele>50.037826</ele>
        <time>2021-07-30T15:22:41.292Z</time>
      </trkpt>
      <trkpt lat="53.712424" lon="10.647862">
        <ele>50.203430</ele>
        <time>2021-07-30T15:22:44.298Z</time>
      </trkpt>
      <trkpt lat="53.712556" lon="10.647865">
        <ele>50.370168</ele>
        <time>2021-07-30T15:22:47.270Z</time>
      </trkpt>
      <trkpt lat="53.712681" lon="10.647903">
        <ele>50.457743</ele>
        <time>2021-07-30T15:22:50.287Z</time>
      </trkpt>
      <trkpt lat="53.712804" lon="10.647957">
        <ele>50.527275</ele>
        <time>2021-07-30T15:22:53.272Z</time>
      </trkpt>
      <trkpt lat="53.712894" lon="10.648078">
        <ele>50.590203</ele>
        <time>2021-07-30T15:22:56.279Z</time>
      </trkpt>
      <trkpt lat="53.712950" lon="10.648213">
        <ele>50.643586</ele>
        <time>2021-07-30T15:23:00.266Z</time>
      </trkpt>
      <trkpt lat="53.713074" lon="10.648206">
        <ele>50.711469</ele>
        <time>2021-07-30T15:23:05.287Z</time>
      </trkpt>
      <trkpt lat="53.713190" lon="10.648100">
        <ele>50.783624</ele>
        <time>2021-07-30T15:23:08.290Z</time>
      </trkpt>
      <trkpt lat="53.713277" lon="10.648020">
        <ele>50.837817</ele>
        <time>2021-07-30T15:23:10.262Z</time>
      </trkpt>
      <trkpt lat="53.713361" lon="10.647938">
        <ele>50.890895</ele>
        <time>2021-07-30T15:23:12.279Z</time>
      </trkpt>
      <trkpt lat="53.713448" lon="10.647860">
        <ele>50.944781</ele>
        <time>2021-07-30T15:23:14.285Z</time>
      </trkpt>
      <trkpt lat="53.713534" lon="10.647789">
        <ele>50.997151</ele>
        <time>2021-07-30T15:23:16.284Z</time>
      </trkpt>
      <trkpt lat="53.713626" lon="10.647725">
        <ele>51.051587</ele>
        <time>2021-07-30T15:23:18.288Z</time>
      </trkpt>
      <trkpt lat="53.713720" lon="10.647665">
        <ele>51.106565</ele>
        <time>2021-07-30T15:23:20.277Z</time>
      </trkpt>
      <trkpt lat="53.713816" lon="10.647610">
        <ele>51.162027</ele>
        <time>2021-07-30T15:23:22.275Z</time>
      </trkpt>
      <trkpt lat="53.713914" lon="10.647562">
        <ele>51.217853</ele>
        <time>2021-07-30T15:23:24.281Z</time>
      </trkpt>
      <trkpt lat="53.714011" lon="10.647520">
        <ele>51.272640</ele>
        <time>2021-07-30T15:23:26.284Z</time>
      </trkpt>
      <trkpt lat="53.714108" lon="10.647476">
        <ele>51.327591</ele>
        <time>2021-07-30T15:23:28.276Z</time>
      </trkpt>
      <trkpt lat="53.714204" lon="10.647439">
        <ele>51.381465</ele>
        <time>2021-07-30T15:23:30.291Z</time>
      </trkpt>
      <trkpt lat="53.714303" lon="10.647400">
        <ele>51.411265</ele>
        <time>2021-07-30T15:23:32.284Z</time>
      </trkpt>
      <trkpt lat="53.714400" lon="10.647359">
        <ele>51.438226</ele>
        <time>2021-07-30T15:23:34.286Z</time>
      </trkpt>
      <trkpt lat="53.714488" lon="10.647306">
        <ele>51.463416</ele>
        <time>2021-07-30T15:23:36.264Z</time>
      </trkpt>
      <trkpt lat="53.714574" lon="10.647247">
        <ele>51.488444</ele>
        <time>2021-07-30T15:23:38.300Z</time>
      </trkpt>
      <trkpt lat="53.714666" lon="10.647176">
        <ele>51.515716</ele>
        <time>2021-07-30T15:23:40.284Z</time>
      </trkpt>
      <trkpt lat="53.714758" lon="10.647121">
        <ele>51.542030</ele>
        <time>2021-07-30T15:23:42.261Z</time>
      </trkpt>
      <trkpt lat="53.714847" lon="10.647050">
        <ele>51.568568</ele>
        <time>2021-07-30T15:23:44.262Z</time>
      </trkpt>
      <trkpt lat="53.714927" lon="10.646970">
        <ele>51.593634</ele>
        <time>2021-07-30T15:23:46.280Z</time>
      </trkpt>
      <trkpt lat="53.715048" lon="10.646847">
        <ele>51.631709</ele>
        <time>2021-07-30T15:23:49.282Z</time>
      </trkpt>
      <trkpt lat="53.715129" lon="10.646763">
        <ele>51.657336</ele>
        <time>2021-07-30T15:23:51.270Z</time>
      </trkpt>
      <trkpt lat="53.715216" lon="10.646670">
        <ele>51.685095</ele>
        <time>2021-07-30T15:23:53.271Z</time>
      </trkpt>
      <trkpt lat="53.715297" lon="10.646570">
        <ele>51.712144</ele>
        <time>2021-07-30T15:23:55.269Z</time>
      </trkpt>
      <trkpt lat="53.715385" lon="10.646478">
        <ele>51.740047</ele>
        <time>2021-07-30T15:23:57.271Z</time>
      </trkpt>
      <trkpt lat="53.715461" lon="10.646370">
        <ele>51.766823</ele>
        <time>2021-07-30T15:23:59.259Z</time>
      </trkpt>
      <trkpt lat="53.715530" lon="10.646263">
        <ele>51.792075</ele>
        <time>2021-07-30T15:24:01.267Z</time>
      </trkpt>
      <trkpt lat="53.715593" lon="10.646133">
        <ele>51.818888</ele>
        <time>2021-07-30T15:24:03.280Z</time>
      </trkpt>
      <trkpt lat="53.715656" lon="10.646012">
        <ele>51.844605</ele>
        <time>2021-07-30T15:24:05.284Z</time>
      </trkpt>
      <trkpt lat="53.715723" lon="10.645890">
        <ele>51.871164</ele>
        <time>2021-07-30T15:24:07.281Z</time>
      </trkpt>
      <trkpt lat="53.715792" lon="10.645779">
        <ele>52.071983</ele>
        <time>2021-07-30T15:24:09.264Z</time>
      </trkpt>
      <trkpt lat="53.715867" lon="10.645684">
        <ele>52.269570</ele>
        <time>2021-07-30T15:24:11.287Z</time>
      </trkpt>
      <trkpt lat="53.715985" lon="10.645574">
        <ele>52.553655</ele>
        <time>2021-07-30T15:24:14.282Z</time>
      </trkpt>
      <trkpt lat="53.716072" lon="10.645512">
        <ele>52.752694</ele>
        <time>2021-07-30T15:24:16.268Z</time>
      </trkpt>
      <trkpt lat="53.716168" lon="10.645477">
        <ele>52.959718</ele>
        <time>2021-07-30T15:24:18.274Z</time>
      </trkpt>
      <trkpt lat="53.716265" lon="10.645454">
        <ele>53.166198</ele>
        <time>2021-07-30T15:24:20.286Z</time>
      </trkpt>
      <trkpt lat="53.716358" lon="10.645444">
        <ele>53.362639</ele>
        <time>2021-07-30T15:24:22.276Z</time>
      </trkpt>
      <trkpt lat="53.716454" lon="10.645440">
        <ele>53.565069</ele>
        <time>2021-07-30T15:24:24.284Z</time>
      </trkpt>
      <trkpt lat="53.716582" lon="10.645462">
        <ele>53.836285</ele>
        <time>2021-07-30T15:24:27.284Z</time>
      </trkpt>
      <trkpt lat="53.716686" lon="10.645498">
        <ele>54.060070</ele>
        <time>2021-07-30T15:24:30.289Z</time>
      </trkpt>
      <trkpt lat="53.716768" lon="10.645389">
        <ele>54.279998</ele>
        <time>2021-07-30T15:24:36.283Z</time>
      </trkpt>
      <trkpt lat="53.716864" lon="10.645296">
        <ele>54.513262</ele>
        <time>2021-07-30T15:24:40.300Z</time>
      </trkpt>
      <trkpt lat="53.716982" lon="10.645304">
        <ele>54.762207</ele>
        <time>2021-07-30T15:24:43.293Z</time>
      </trkpt>
      <trkpt lat="53.717113" lon="10.645320">
        <ele>55.039076</ele>
        <time>2021-07-30T15:24:46.280Z</time>
      </trkpt>
      <trkpt lat="53.717220" lon="10.645341">
        <ele>55.266148</ele>
        <time>2021-07-30T15:24:49.281Z</time>
      </trkpt>
      <trkpt lat="53.717426" lon="10.645419">
        <ele>55.709638</ele>
        <time>2021-07-30T15:25:19.280Z</time>
      </trkpt>
      <trkpt lat="53.717558" lon="10.645469">
        <ele>55.985817</ele>
        <time>2021-07-30T15:25:22.264Z</time>
      </trkpt>
      <trkpt lat="53.717649" lon="10.645515">
        <ele>56.179736</ele>
        <time>2021-07-30T15:25:24.271Z</time>
      </trkpt>
      <trkpt lat="53.717740" lon="10.645564">
        <ele>56.374725</ele>
        <time>2021-07-30T15:25:26.284Z</time>
      </trkpt>
      <trkpt lat="53.717831" lon="10.645607">
        <ele>56.567637</ele>
        <time>2021-07-30T15:25:28.261Z</time>
      </trkpt>
      <trkpt lat="53.717921" lon="10.645656">
        <ele>56.760682</ele>
        <time>2021-07-30T15:25:30.288Z</time>
      </trkpt>
      <trkpt lat="53.718012" lon="10.645711">
        <ele>56.957993</ele>
        <time>2021-07-30T15:25:32.281Z</time>
      </trkpt>
      <trkpt lat="53.718099" lon="10.645773">
        <ele>57.150760</ele>
        <time>2021-07-30T15:25:34.297Z</time>
      </trkpt>
      <trkpt lat="53.718185" lon="10.645837">
        <ele>57.342609</ele>
        <time>2021-07-30T15:25:36.278Z</time>
      </trkpt>
      <trkpt lat="53.718268" lon="10.645913">
        <ele>57.535339</ele>
        <time>2021-07-30T15:25:38.270Z</time>
      </trkpt>
      <trkpt lat="53.718349" lon="10.645984">
        <ele>57.721631</ele>
        <time>2021-07-30T15:25:40.285Z</time>
      </trkpt>
      <trkpt lat="53.718430" lon="10.646057">
        <ele>57.909048</ele>
        <time>2021-07-30T15:25:42.272Z</time>
      </trkpt>
      <trkpt lat="53.718511" lon="10.646131">
        <ele>58.097036</ele>
        <time>2021-07-30T15:25:44.297Z</time>
      </trkpt>
      <trkpt lat="53.718591" lon="10.646205">
        <ele>58.283231</ele>
        <time>2021-07-30T15:25:46.287Z</time>
      </trkpt>
      <trkpt lat="53.718670" lon="10.646286">
        <ele>58.471883</ele>
        <time>2021-07-30T15:25:48.280Z</time>
      </trkpt>
      <trkpt lat="53.718749" lon="10.646369">
        <ele>58.661799</ele>
        <time>2021-07-30T15:25:50.279Z</time>
      </trkpt>
      <trkpt lat="53.718830" lon="10.646456">
        <ele>58.857743</ele>
        <time>2021-07-30T15:25:52.284Z</time>
      </trkpt>
      <trkpt lat="53.718912" lon="10.646542">
        <ele>59.054774</ele>
        <time>2021-07-30T15:25:54.297Z</time>
      </trkpt>
      <trkpt lat="53.718992" lon="10.646632">
        <ele>59.250984</ele>
        <time>2021-07-30T15:25:56.281Z</time>
      </trkpt>
      <trkpt lat="53.719073" lon="10.646715">
        <ele>59.440949</ele>
        <time>2021-07-30T15:25:58.291Z</time>
      </trkpt>
      <trkpt lat="53.719151" lon="10.646799">
        <ele>59.623867</ele>
        <time>2021-07-30T15:26:00.292Z</time>
      </trkpt>
      <trkpt lat="53.719231" lon="10.646883">
        <ele>59.810133</ele>
        <time>2021-07-30T15:26:02.285Z</time>
      </trkpt>
      <trkpt lat="53.719310" lon="10.646978">
        <ele>60.001887</ele>
        <time>2021-07-30T15:26:04.281Z</time>
      </trkpt>
      <trkpt lat="53.719390" lon="10.647064">
        <ele>60.189399</ele>
        <time>2021-07-30T15:26:06.295Z</time>
      </trkpt>
      <trkpt lat="53.719467" lon="10.647149">
        <ele>60.371289</ele>
        <time>2021-07-30T15:26:08.285Z</time>
      </trkpt>
      <trkpt lat="53.719542" lon="10.647232">
        <ele>60.548588</ele>
        <time>2021-07-30T15:26:10.257Z</time>
      </trkpt>
      <trkpt lat="53.719650" lon="10.647352">
        <ele>60.804207</ele>
        <time>2021-07-30T15:26:13.264Z</time>
      </trkpt>
      <trkpt lat="53.719758" lon="10.647463">
        <ele>61.054194</ele>
        <time>2021-07-30T15:26:16.300Z</time>
      </trkpt>
      <trkpt lat="53.719870" lon="10.647574">
        <ele>61.310973</ele>
        <time>2021-07-30T15:26:19.280Z</time>
      </trkpt>
      <trkpt lat="53.719982" lon="10.647698">
        <ele>61.575773</ele>
        <time>2021-07-30T15:26:22.288Z</time>
      </trkpt>
      <trkpt lat="53.720061" lon="10.647778">
        <ele>61.757912</ele>
        <time>2021-07-30T15:26:24.285Z</time>
      </trkpt>
      <trkpt lat="53.720138" lon="10.647859">
        <ele>61.937284</ele>
        <time>2021-07-30T15:26:26.279Z</time>
      </trkpt>
      <trkpt lat="53.720218" lon="10.647938">
        <ele>62.120529</ele>
        <time>2021-07-30T15:26:28.294Z</time>
      </trkpt>
      <trkpt lat="53.720298" lon="10.648020">
        <ele>62.305569</ele>
        <time>2021-07-30T15:26:30.291Z</time>
      </trkpt>
      <trkpt lat="53.720379" lon="10.648105">
        <ele>62.494131</ele>
        <time>2021-07-30T15:26:32.284Z</time>
      </trkpt>
      <trkpt lat="53.720462" lon="10.648194">
        <ele>62.688531</ele>
        <time>2021-07-30T15:26:34.287Z</time>
      </trkpt>
      <trkpt lat="53.720542" lon="10.648289">
        <ele>62.881898</ele>
        <time>2021-07-30T15:26:36.281Z</time>
      </trkpt>
      <trkpt lat="53.720625" lon="10.648380">
        <ele>62.665010</ele>
        <time>2021-07-30T15:26:38.278Z</time>
      </trkpt>
      <trkpt lat="53.720706" lon="10.648467">
        <ele>62.432960</ele>
        <time>2021-07-30T15:26:40.280Z</time>
      </trkpt>
      <trkpt lat="53.720822" lon="10.648581">
        <ele>62.108518</ele>
        <time>2021-07-30T15:26:43.276Z</time>
      </trkpt>
      <trkpt lat="53.720934" lon="10.648701">
        <ele>61.787886</ele>
        <time>2021-07-30T15:26:46.276Z</time>
      </trkpt>
      <trkpt lat="53.721045" lon="10.648814">
        <ele>61.474577</ele>
        <time>2021-07-30T15:26:49.285Z</time>
      </trkpt>
      <trkpt lat="53.721155" lon="10.648928">
        <ele>61.162592</ele>
        <time>2021-07-30T15:26:52.263Z</time>
      </trkpt>
      <trkpt lat="53.721266" lon="10.649039">
        <ele>60.850750</ele>
        <time>2021-07-30T15:26:55.285Z</time>
      </trkpt>
      <trkpt lat="53.721365" lon="10.649170">
        <ele>60.546744</ele>
        <time>2021-07-30T15:26:58.282Z</time>
      </trkpt>
      <trkpt lat="53.721459" lon="10.649224">
        <ele>60.306697</ele>
        <time>2021-07-30T15:27:01.274Z</time>
      </trkpt>
      <trkpt lat="53.721540" lon="10.649103">
        <ele>60.045314</ele>
        <time>2021-07-30T15:27:04.280Z</time>
      </trkpt>
      <trkpt lat="53.721596" lon="10.648937">
        <ele>59.771941</ele>
        <time>2021-07-30T15:27:07.277Z</time>
      </trkpt>
      <trkpt lat="53.721647" lon="10.648802">
        <ele>59.542796</ele>
        <time>2021-07-30T15:27:09.278Z</time>
      </trkpt>
      <trkpt lat="53.721743" lon="10.648650">
        <ele>59.224735</ele>
        <time>2021-07-30T15:27:12.275Z</time>
      </trkpt>
      <trkpt lat="53.721833" lon="10.648588">
        <ele>58.989747</ele>
        <time>2021-07-30T15:27:14.289Z</time>
      </trkpt>
      <trkpt lat="53.721936" lon="10.648602">
        <ele>58.739908</ele>
        <time>2021-07-30T15:27:16.280Z</time>
      </trkpt>
      <trkpt lat="53.722027" lon="10.648659">
        <ele>58.517524</ele>
        <time>2021-07-30T15:27:18.285Z</time>
      </trkpt>
      <trkpt lat="53.722117" lon="10.648719">
        <ele>58.359321</ele>
        <time>2021-07-30T15:27:20.281Z</time>
      </trkpt>
      <trkpt lat="53.722214" lon="10.648792">
        <ele>58.185692</ele>
        <time>2021-07-30T15:27:22.298Z</time>
      </trkpt>
      <trkpt lat="53.722306" lon="10.648873">
        <ele>58.016065</ele>
        <time>2021-07-30T15:27:24.285Z</time>
      </trkpt>
      <trkpt lat="53.722396" lon="10.648950">
        <ele>57.851115</ele>
        <time>2021-07-30T15:27:26.270Z</time>
      </trkpt>
      <trkpt lat="53.722494" lon="10.649013">
        <ele>57.679665</ele>
        <time>2021-07-30T15:27:28.276Z</time>
      </trkpt>
      <trkpt lat="53.722593" lon="10.649065">
        <ele>57.510143</ele>
        <time>2021-07-30T15:27:30.289Z</time>
      </trkpt>
      <trkpt lat="53.722697" lon="10.649102">
        <ele>57.336357</ele>
        <time>2021-07-30T15:27:32.287Z</time>
      </trkpt>
      <trkpt lat="53.722801" lon="10.649116">
        <ele>57.165758</ele>
        <time>2021-07-30T15:27:34.275Z</time>
      </trkpt>
      <trkpt lat="53.722903" lon="10.649109">
        <ele>56.998832</ele>
        <time>2021-07-30T15:27:36.274Z</time>
      </trkpt>
      <trkpt lat="53.723005" lon="10.649089">
        <ele>56.830924</ele>
        <time>2021-07-30T15:27:38.279Z</time>
      </trkpt>
      <trkpt lat="53.723098" lon="10.649075">
        <ele>56.678249</ele>
        <time>2021-07-30T15:27:40.266Z</time>
      </trkpt>
      <trkpt lat="53.723188" lon="10.649058">
        <ele>56.530166</ele>
        <time>2021-07-30T15:27:42.264Z</time>
      </trkpt>
      <trkpt lat="53.723325" lon="10.649033">
        <ele>56.304843</ele>
        <time>2021-07-30T15:27:45.281Z</time>
      </trkpt>
      <trkpt lat="53.723419" lon="10.649019">
        <ele>56.150539</ele>
        <time>2021-07-30T15:27:47.280Z</time>
      </trkpt>
      <trkpt lat="53.723541" lon="10.648994">
        <ele>55.949585</ele>
        <time>2021-07-30T15:27:50.280Z</time>
      </trkpt>
      <trkpt lat="53.723650" lon="10.648993">
        <ele>55.771347</ele>
        <time>2021-07-30T15:27:53.284Z</time>
      </trkpt>
      <trkpt lat="53.723741" lon="10.649001">
        <ele>55.622344</ele>
        <time>2021-07-30T15:27:55.277Z</time>
      </trkpt>
      <trkpt lat="53.723840" lon="10.649019">
        <ele>55.749408</ele>
        <time>2021-07-30T15:27:57.267Z</time>
      </trkpt>
      <trkpt lat="53.723937" lon="10.649046">
        <ele>55.915669</ele>
        <time>2021-07-30T15:27:59.269Z</time>
      </trkpt>
      <trkpt lat="53.724068" lon="10.649092">
        <ele>56.141952</ele>
        <time>2021-07-30T15:28:02.290Z</time>
      </trkpt>
      <trkpt lat="53.724161" lon="10.649123">
        <ele>56.302268</ele>
        <time>2021-07-30T15:28:04.281Z</time>
      </trkpt>
      <trkpt lat="53.724290" lon="10.649174">
        <ele>56.526327</ele>
        <time>2021-07-30T15:28:07.277Z</time>
      </trkpt>
      <trkpt lat="53.724377" lon="10.649211">
        <ele>56.678052</ele>
        <time>2021-07-30T15:28:09.280Z</time>
      </trkpt>
      <trkpt lat="53.724467" lon="10.649247">
        <ele>56.834468</ele>
        <time>2021-07-30T15:28:11.272Z</time>
      </trkpt>
      <trkpt lat="53.724559" lon="10.649285">
        <ele>56.994641</ele>
        <time>2021-07-30T15:28:13.283Z</time>
      </trkpt>
      <trkpt lat="53.724655" lon="10.649326">
        <ele>57.162103</ele>
        <time>2021-07-30T15:28:15.266Z</time>
      </trkpt>
      <trkpt lat="53.724746" lon="10.649362">
        <ele>57.320166</ele>
        <time>2021-07-30T15:28:17.271Z</time>
      </trkpt>
      <trkpt lat="53.724838" lon="10.649397">
        <ele>57.479653</ele>
        <time>2021-07-30T15:28:19.284Z</time>
      </trkpt>
      <trkpt lat="53.724927" lon="10.649433">
        <ele>57.634424</ele>
        <time>2021-07-30T15:28:21.288Z</time>
      </trkpt>
      <trkpt lat="53.725016" lon="10.649466">
        <ele>57.788524</ele>
        <time>2021-07-30T15:28:23.289Z</time>
      </trkpt>
      <trkpt lat="53.725105" lon="10.649495">
        <ele>57.941816</ele>
        <time>2021-07-30T15:28:25.285Z</time>
      </trkpt>
      <trkpt lat="53.725194" lon="10.649513">
        <ele>58.093410</ele>
        <time>2021-07-30T15:28:27.296Z</time>
      </trkpt>
      <trkpt lat="53.725285" lon="10.649516">
        <ele>58.247342</ele>
        <time>2021-07-30T15:28:29.295Z</time>
      </trkpt>
      <trkpt lat="53.725418" lon="10.649512">
        <ele>58.472313</ele>
        <time>2021-07-30T15:28:32.289Z</time>
      </trkpt>
      <trkpt lat="53.725547" lon="10.649494">
        <ele>58.645438</ele>
        <time>2021-07-30T15:28:35.288Z</time>
      </trkpt>
      <trkpt lat="53.725678" lon="10.649465">
        <ele>58.652412</ele>
        <time>2021-07-30T15:28:38.279Z</time>
      </trkpt>
      <trkpt lat="53.725794" lon="10.649426">
        <ele>58.658655</ele>
        <time>2021-07-30T15:28:41.282Z</time>
      </trkpt>
      <trkpt lat="53.725920" lon="10.649359">
        <ele>58.665628</ele>
        <time>2021-07-30T15:28:44.279Z</time>
      </trkpt>
      <trkpt lat="53.726049" lon="10.649286">
        <ele>58.672809</ele>
        <time>2021-07-30T15:28:47.285Z</time>
      </trkpt>
      <trkpt lat="53.726135" lon="10.649230">
        <ele>58.677674</ele>
        <time>2021-07-30T15:28:49.276Z</time>
      </trkpt>
      <trkpt lat="53.726257" lon="10.649145">
        <ele>58.684640</ele>
        <time>2021-07-30T15:28:52.278Z</time>
      </trkpt>
      <trkpt lat="53.726383" lon="10.649067">
        <ele>58.691723</ele>
        <time>2021-07-30T15:28:55.268Z</time>
      </trkpt>
      <trkpt lat="53.726469" lon="10.649017">
        <ele>58.696524</ele>
        <time>2021-07-30T15:28:57.275Z</time>
      </trkpt>
      <trkpt lat="53.726560" lon="10.648965">
        <ele>58.701595</ele>
        <time>2021-07-30T15:28:59.290Z</time>
      </trkpt>
      <trkpt lat="53.726650" lon="10.648926">
        <ele>58.706499</ele>
        <time>2021-07-30T15:29:01.285Z</time>
      </trkpt>
      <trkpt lat="53.726739" lon="10.648874">
        <ele>58.711470</ele>
        <time>2021-07-30T15:29:03.272Z</time>
      </trkpt>
      <trkpt lat="53.726827" lon="10.648835">
        <ele>58.716272</ele>
        <time>2021-07-30T15:29:05.277Z</time>
      </trkpt>
      <trkpt lat="53.726915" lon="10.648784">
        <ele>58.721183</ele>
        <time>2021-07-30T15:29:07.288Z</time>
      </trkpt>
      <trkpt lat="53.727007" lon="10.648738">
        <ele>58.726247</ele>
        <time>2021-07-30T15:29:09.279Z</time>
      </trkpt>
      <trkpt lat="53.727100" lon="10.648699">
        <ele>58.731306</ele>
        <time>2021-07-30T15:29:11.290Z</time>
      </trkpt>
      <trkpt lat="53.727194" lon="10.648660">
        <ele>58.736415</ele>
        <time>2021-07-30T15:29:13.253Z</time>
      </trkpt>
      <trkpt lat="53.727292" lon="10.648625">
        <ele>58.644358</ele>
        <time>2021-07-30T15:29:15.252Z</time>
      </trkpt>
      <trkpt lat="53.727426" lon="10.648598">
        <ele>58.403286</ele>
        <time>2021-07-30T15:29:18.289Z</time>
      </trkpt>
      <trkpt lat="53.727515" lon="10.648571">
        <ele>58.241756</ele>
        <time>2021-07-30T15:29:20.291Z</time>
      </trkpt>
      <trkpt lat="53.727640" lon="10.648543">
        <ele>58.016505</ele>
        <time>2021-07-30T15:29:23.283Z</time>
      </trkpt>
      <trkpt lat="53.727766" lon="10.648521">
        <ele>57.790221</ele>
        <time>2021-07-30T15:29:26.287Z</time>
      </trkpt>
      <trkpt lat="53.727892" lon="10.648538">
        <ele>57.564419</ele>
        <time>2021-07-30T15:29:29.283Z</time>
      </trkpt>
      <trkpt lat="53.727981" lon="10.648559">
        <ele>57.403888</ele>
        <time>2021-07-30T15:29:31.270Z</time>
      </trkpt>
      <trkpt lat="53.728071" lon="10.648588">
        <ele>57.240217</ele>
        <time>2021-07-30T15:29:33.280Z</time>
      </trkpt>
      <trkpt lat="53.728163" lon="10.648608">
        <ele>57.074515</ele>
        <time>2021-07-30T15:29:35.288Z</time>
      </trkpt>
      <trkpt lat="53.728260" lon="10.648628">
        <ele>56.899950</ele>
        <time>2021-07-30T15:29:37.277Z</time>
      </trkpt>
      <trkpt lat="53.728357" lon="10.648628">
        <ele>56.726670</ele>
        <time>2021-07-30T15:29:39.296Z</time>
      </trkpt>
      <trkpt lat="53.728455" lon="10.648620">
        <ele>56.551399</ele>
        <time>2021-07-30T15:29:41.282Z</time>
      </trkpt>
      <trkpt lat="53.728547" lon="10.648591">
        <ele>56.384217</ele>
        <time>2021-07-30T15:29:43.285Z</time>
      </trkpt>
      <trkpt lat="53.728640" lon="10.648563">
        <ele>56.215468</ele>
        <time>2021-07-30T15:29:45.275Z</time>
      </trkpt>
      <trkpt lat="53.728729" lon="10.648538">
        <ele>56.054298</ele>
        <time>2021-07-30T15:29:47.270Z</time>
      </trkpt>
      <trkpt lat="53.728848" lon="10.648464">
        <ele>55.827787</ele>
        <time>2021-07-30T15:29:50.272Z</time>
      </trkpt>
      <trkpt lat="53.728953" lon="10.648365">
        <ele>55.613008</ele>
        <time>2021-07-30T15:29:53.253Z</time>
      </trkpt>
      <trkpt lat="53.729042" lon="10.648278">
        <ele>55.346506</ele>
        <time>2021-07-30T15:29:56.271Z</time>
      </trkpt>
      <trkpt lat="53.729122" lon="10.648210">
        <ele>55.049180</ele>
        <time>2021-07-30T15:29:59.274Z</time>
      </trkpt>
      <trkpt lat="53.729331" lon="10.648059">
        <ele>54.294486</ele>
        <time>2021-07-30T15:30:31.275Z</time>
      </trkpt>
      <trkpt lat="53.729437" lon="10.647987">
        <ele>53.915171</ele>
        <time>2021-07-30T15:30:34.266Z</time>
      </trkpt>
      <trkpt lat="53.729555" lon="10.647942">
        <ele>53.513518</ele>
        <time>2021-07-30T15:30:37.269Z</time>
      </trkpt>
      <trkpt lat="53.729652" lon="10.647952">
        <ele>53.190842</ele>
        <time>2021-07-30T15:30:40.268Z</time>
      </trkpt>
      <trkpt lat="53.729765" lon="10.647950">
        <ele>52.815618</ele>
        <time>2021-07-30T15:30:44.275Z</time>
      </trkpt>
      <trkpt lat="53.729871" lon="10.647772">
        <ele>52.319502</ele>
        <time>2021-07-30T15:32:02.273Z</time>
      </trkpt>
      <trkpt lat="53.729910" lon="10.647592">
        <ele>51.942957</ele>
        <time>2021-07-30T15:32:05.280Z</time>
      </trkpt>
      <trkpt lat="53.729948" lon="10.647422">
        <ele>51.585982</ele>
        <time>2021-07-30T15:32:08.258Z</time>
      </trkpt>
      <trkpt lat="53.729979" lon="10.647271">
        <ele>51.272018</ele>
        <time>2021-07-30T15:32:11.265Z</time>
      </trkpt>
      <trkpt lat="53.730000" lon="10.646966">
        <ele>50.668859</ele>
        <time>2021-07-30T15:33:05.285Z</time>
      </trkpt>
      <trkpt lat="53.729991" lon="10.646798">
        <ele>50.337504</ele>
        <time>2021-07-30T15:33:12.260Z</time>
      </trkpt>
      <trkpt lat="53.729999" lon="10.646635">
        <ele>50.016221</ele>
        <time>2021-07-30T15:33:21.267Z</time>
      </trkpt>
      <trkpt lat="53.730004" lon="10.646478">
        <ele>49.707378</ele>
        <time>2021-07-30T15:33:32.268Z</time>
      </trkpt>
      <trkpt lat="53.730012" lon="10.646282">
        <ele>49.493574</ele>
        <time>2021-07-30T15:34:39.259Z</time>
      </trkpt>
      <trkpt lat="53.730029" lon="10.646125">
        <ele>49.412479</ele>
        <time>2021-07-30T15:34:47.257Z</time>
      </trkpt>
      <trkpt lat="53.730031" lon="10.645953">
        <ele>49.325071</ele>
        <time>2021-07-30T15:34:53.264Z</time>
      </trkpt>
      <trkpt lat="53.730036" lon="10.645794">
        <ele>49.244171</ele>
        <time>2021-07-30T15:35:01.274Z</time>
      </trkpt>
      <trkpt lat="53.730032" lon="10.645638">
        <ele>49.164835</ele>
        <time>2021-07-30T15:35:09.270Z</time>
      </trkpt>
      <trkpt lat="53.730045" lon="10.645479">
        <ele>49.083281</ele>
        <time>2021-07-30T15:35:18.261Z</time>
      </trkpt>
      <trkpt lat="53.730103" lon="10.645631">
        <ele>48.991380</ele>
        <time>2021-07-30T15:40:59.269Z</time>
      </trkpt>
      <trkpt lat="53.730190" lon="10.645741">
        <ele>48.898070</ele>
        <time>2021-07-30T15:41:02.285Z</time>
      </trkpt>
      <trkpt lat="53.730287" lon="10.645787">
        <ele>48.811545</ele>
        <time>2021-07-30T15:41:05.288Z</time>
      </trkpt>
      <trkpt lat="53.730403" lon="10.645829">
        <ele>48.709659</ele>
        <time>2021-07-30T15:41:08.281Z</time>
      </trkpt>
      <trkpt lat="53.730520" lon="10.645866">
        <ele>48.607430</ele>
        <time>2021-07-30T15:41:11.283Z</time>
      </trkpt>
      <trkpt lat="53.730640" lon="10.645907">
        <ele>48.502284</ele>
        <time>2021-07-30T15:41:14.272Z</time>
      </trkpt>
      <trkpt lat="53.730762" lon="10.645942">
        <ele>48.396006</ele>
        <time>2021-07-30T15:41:17.296Z</time>
      </trkpt>
      <trkpt lat="53.730882" lon="10.645984">
        <ele>48.290757</ele>
        <time>2021-07-30T15:41:20.287Z</time>
      </trkpt>
      <trkpt lat="53.731003" lon="10.646028">
        <ele>48.184459</ele>
        <time>2021-07-30T15:41:23.295Z</time>
      </trkpt>
      <trkpt lat="53.731125" lon="10.646075">
        <ele>48.076993</ele>
        <time>2021-07-30T15:41:26.272Z</time>
      </trkpt>
      <trkpt lat="53.731215" lon="10.646115">
        <ele>48.001682</ele>
        <time>2021-07-30T15:42:51.265Z</time>
      </trkpt>
      <trkpt lat="53.731335" lon="10.646160">
        <ele>47.937413</ele>
        <time>2021-07-30T15:42:55.274Z</time>
      </trkpt>
      <trkpt lat="53.731448" lon="10.646197">
        <ele>47.877232</ele>
        <time>2021-07-30T15:42:58.270Z</time>
      </trkpt>
      <trkpt lat="53.731573" lon="10.646246">
        <ele>47.810139</ele>
        <time>2021-07-30T15:43:01.251Z</time>
      </trkpt>
      <trkpt lat="53.731696" lon="10.646289">
        <ele>47.744467</ele>
        <time>2021-07-30T15:43:04.273Z</time>
      </trkpt>
      <trkpt lat="53.731812" lon="10.646327">
        <ele>47.682686</ele>
        <time>2021-07-30T15:43:07.276Z</time>
      </trkpt>
      <trkpt lat="53.731917" lon="10.646348">
        <ele>47.627403</ele>
        <time>2021-07-30T15:43:14.282Z</time>
      </trkpt>
      <trkpt lat="53.732004" lon="10.646396">
        <ele>47.579552</ele>
        <time>2021-07-30T15:43:17.284Z</time>
      </trkpt>
      <trkpt lat="53.732122" lon="10.646433">
        <ele>47.516802</ele>
        <time>2021-07-30T15:43:20.283Z</time>
      </trkpt>
      <trkpt lat="53.732246" lon="10.646487">
        <ele>47.449850</ele>
        <time>2021-07-30T15:43:23.284Z</time>
      </trkpt>
      <trkpt lat="53.732336" lon="10.646521">
        <ele>47.401632</ele>
        <time>2021-07-30T15:43:25.294Z</time>
      </trkpt>
      <trkpt lat="53.732427" lon="10.646562">
        <ele>47.352391</ele>
        <time>2021-07-30T15:43:27.288Z</time>
      </trkpt>
      <trkpt lat="53.732520" lon="10.646602">
        <ele>47.302215</ele>
        <time>2021-07-30T15:43:29.294Z</time>
      </trkpt>
      <trkpt lat="53.732609" lon="10.646648">
        <ele>47.253554</ele>
        <time>2021-07-30T15:43:31.278Z</time>
      </trkpt>
      <trkpt lat="53.732698" lon="10.646698">
        <ele>47.204517</ele>
        <time>2021-07-30T15:43:33.285Z</time>
      </trkpt>
      <trkpt lat="53.732790" lon="10.646753">
        <ele>47.153494</ele>
        <time>2021-07-30T15:43:35.289Z</time>
      </trkpt>
      <trkpt lat="53.732876" lon="10.646812">
        <ele>47.104966</ele>
        <time>2021-07-30T15:43:37.269Z</time>
      </trkpt>
      <trkpt lat="53.732991" lon="10.646890">
        <ele>47.149650</ele>
        <time>2021-07-30T15:43:40.258Z</time>
      </trkpt>
      <trkpt lat="53.733098" lon="10.646992">
        <ele>47.334395</ele>
        <time>2021-07-30T15:43:43.289Z</time>
      </trkpt>
      <trkpt lat="53.733209" lon="10.647070">
        <ele>47.515182</ele>
        <time>2021-07-30T15:43:46.285Z</time>
      </trkpt>
      <trkpt lat="53.733325" lon="10.647109">
        <ele>47.693056</ele>
        <time>2021-07-30T15:43:49.263Z</time>
      </trkpt>
      <trkpt lat="53.733445" lon="10.647098">
        <ele>47.873795</ele>
        <time>2021-07-30T15:43:52.283Z</time>
      </trkpt>
      <trkpt lat="53.733568" lon="10.647065">
        <ele>48.061096</ele>
        <time>2021-07-30T15:43:55.266Z</time>
      </trkpt>
      <trkpt lat="53.733692" lon="10.647001">
        <ele>48.256084</ele>
        <time>2021-07-30T15:43:58.282Z</time>
      </trkpt>
      <trkpt lat="53.733786" lon="10.646855">
        <ele>48.448065</ele>
        <time>2021-07-30T15:44:01.285Z</time>
      </trkpt>
      <trkpt lat="53.733841" lon="10.646692">
        <ele>48.615010</ele>
        <time>2021-07-30T15:44:04.302Z</time>
      </trkpt>
      <trkpt lat="53.733913" lon="10.646564">
        <ele>48.772149</ele>
        <time>2021-07-30T15:44:07.291Z</time>
      </trkpt>
      <trkpt lat="53.733979" lon="10.646421">
        <ele>48.933510</ele>
        <time>2021-07-30T15:44:10.292Z</time>
      </trkpt>
      <trkpt lat="53.734022" lon="10.646225">
        <ele>49.119485</ele>
        <time>2021-07-30T15:44:13.276Z</time>
      </trkpt>
      <trkpt lat="53.734069" lon="10.646044">
        <ele>49.295341</ele>
        <time>2021-07-30T15:44:16.284Z</time>
      </trkpt>
      <trkpt lat="53.734102" lon="10.645865">
        <ele>49.462141</ele>
        <time>2021-07-30T15:44:19.261Z</time>
      </trkpt>
      <trkpt lat="53.734165" lon="10.645695">
        <ele>49.640607</ele>
        <time>2021-07-30T15:44:22.293Z</time>
      </trkpt>
      <trkpt lat="53.734249" lon="10.645522">
        <ele>49.773486</ele>
        <time>2021-07-30T15:44:25.288Z</time>
      </trkpt>
      <trkpt lat="53.734311" lon="10.645339">
        <ele>49.773486</ele>
        <time>2021-07-30T15:44:28.270Z</time>
      </trkpt>
      <trkpt lat="53.734358" lon="10.645143">
        <ele>49.773486</ele>
        <time>2021-07-30T15:44:31.289Z</time>
      </trkpt>
      <trkpt lat="53.734390" lon="10.644940">
        <ele>49.773486</ele>
        <time>2021-07-30T15:44:34.282Z</time>
      </trkpt>
      <trkpt lat="53.734413" lon="10.644769">
        <ele>49.773486</ele>
        <time>2021-07-30T15:44:37.290Z</time>
      </trkpt>
      <trkpt lat="53.734419" lon="10.644575">
        <ele>49.773486</ele>
        <time>2021-07-30T15:44:40.268Z</time>
      </trkpt>
      <trkpt lat="53.734419" lon="10.644421">
        <ele>49.773486</ele>
        <time>2021-07-30T15:44:42.283Z</time>
      </trkpt>
      <trkpt lat="53.734417" lon="10.644208">
        <ele>49.773486</ele>
        <time>2021-07-30T15:44:45.287Z</time>
      </trkpt>
      <trkpt lat="53.734426" lon="10.644009">
        <ele>49.773486</ele>
        <time>2021-07-30T15:44:48.283Z</time>
      </trkpt>
      <trkpt lat="53.734441" lon="10.643823">
        <ele>49.773486</ele>
        <time>2021-07-30T15:44:51.271Z</time>
      </trkpt>
      <trkpt lat="53.734370" lon="10.643694">
        <ele>49.773486</ele>
        <time>2021-07-30T15:44:56.273Z</time>
      </trkpt>
      <trkpt lat="53.734330" lon="10.643850">
        <ele>49.773486</ele>
        <time>2021-07-30T15:45:00.279Z</time>
      </trkpt>
      <trkpt lat="53.734275" lon="10.644001">
        <ele>49.773486</ele>
        <time>2021-07-30T15:45:05.260Z</time>
      </trkpt>
      <trkpt lat="53.734226" lon="10.644153">
        <ele>49.773486</ele>
        <time>2021-07-30T15:45:09.283Z</time>
      </trkpt>
      <trkpt lat="53.734150" lon="10.644279">
        <ele>49.773486</ele>
        <time>2021-07-30T15:45:13.292Z</time>
      </trkpt>
      <trkpt lat="53.734115" lon="10.644350">
        <ele>49.773486</ele>
        <time>2021-07-30T15:46:14.040Z</time>
      </trkpt>
    </trkseg>
  </trk>
</gpx>