<?xml version='1.0' encoding='UTF-8'?>
<gpx version="1.1" creator="https://www.komoot.de" xmlns="http://www.topografix.com/GPX/1/1" xmlns:xsi="http://www.w3.org/2001/XMLSchema-instance" xsi:schemaLocation="http://www.topografix.com/GPX/1/1 http://www.topografix.com/GPX/1/1/gpx.xsd">
  <metadata>
    <name>PWW Mölln 10 km rote Markierung</name>
    <author>
      <link href="https://www.komoot.de">
        <text>komoot</text>
        <type>text/html</type>
      </link>
    </author>
  </metadata>
  <trk>
    <name>PWW Mölln 10 km rote Markierung</name>
    <trkseg>
      <trkpt lat="53.624252" lon="10.683495">
        <ele>62.070723</ele>
        <time>2021-07-15T07:53:40.382Z</time>
      </trkpt>
      <trkpt lat="53.624268" lon="10.683662">
        <ele>62.070723</ele>
        <time>2021-07-15T07:54:15.150Z</time>
      </trkpt>
      <trkpt lat="53.624349" lon="10.683731">
        <ele>62.070723</ele>
        <time>2021-07-15T07:54:18.152Z</time>
      </trkpt>
      <trkpt lat="53.624432" lon="10.683796">
        <ele>62.070723</ele>
        <time>2021-07-15T07:54:21.151Z</time>
      </trkpt>
      <trkpt lat="53.624537" lon="10.683871">
        <ele>62.070723</ele>
        <time>2021-07-15T07:54:24.152Z</time>
      </trkpt>
      <trkpt lat="53.624634" lon="10.683934">
        <ele>62.070723</ele>
        <time>2021-07-15T07:54:26.133Z</time>
      </trkpt>
      <trkpt lat="53.624764" lon="10.683984">
        <ele>62.070723</ele>
        <time>2021-07-15T07:54:29.153Z</time>
      </trkpt>
      <trkpt lat="53.624904" lon="10.684053">
        <ele>62.070723</ele>
        <time>2021-07-15T07:54:32.152Z</time>
      </trkpt>
      <trkpt lat="53.625028" lon="10.684063">
        <ele>62.072688</ele>
        <time>2021-07-15T07:54:35.133Z</time>
      </trkpt>
      <trkpt lat="53.625119" lon="10.684059">
        <ele>62.111641</ele>
        <time>2021-07-15T07:54:38.151Z</time>
      </trkpt>
      <trkpt lat="53.625205" lon="10.683961">
        <ele>62.156056</ele>
        <time>2021-07-15T07:54:43.142Z</time>
      </trkpt>
      <trkpt lat="53.625262" lon="10.683844">
        <ele>62.194481</ele>
        <time>2021-07-15T07:54:53.153Z</time>
      </trkpt>
      <trkpt lat="53.625349" lon="10.683799">
        <ele>62.233421</ele>
        <time>2021-07-15T07:55:08.152Z</time>
      </trkpt>
      <trkpt lat="53.625457" lon="10.683963">
        <ele>62.295613</ele>
        <time>2021-07-15T07:55:11.154Z</time>
      </trkpt>
      <trkpt lat="53.625565" lon="10.684092">
        <ele>62.352247</ele>
        <time>2021-07-15T07:55:14.157Z</time>
      </trkpt>
      <trkpt lat="53.625682" lon="10.684155">
        <ele>62.404802</ele>
        <time>2021-07-15T07:55:16.154Z</time>
      </trkpt>
      <trkpt lat="53.625789" lon="10.684254">
        <ele>62.457028</ele>
        <time>2021-07-15T07:55:18.151Z</time>
      </trkpt>
      <trkpt lat="53.625840" lon="10.684408">
        <ele>62.501789</ele>
        <time>2021-07-15T07:55:21.152Z</time>
      </trkpt>
      <trkpt lat="53.625953" lon="10.684397">
        <ele>62.550223</ele>
        <time>2021-07-15T07:55:22.152Z</time>
      </trkpt>
      <trkpt lat="53.626079" lon="10.684456">
        <ele>62.606179</ele>
        <time>2021-07-15T07:55:24.142Z</time>
      </trkpt>
      <trkpt lat="53.626181" lon="10.684540">
        <ele>62.654752</ele>
        <time>2021-07-15T07:55:26.167Z</time>
      </trkpt>
      <trkpt lat="53.626335" lon="10.684567">
        <ele>62.721005</ele>
        <time>2021-07-15T07:55:28.152Z</time>
      </trkpt>
      <trkpt lat="53.626450" lon="10.684647">
        <ele>62.774237</ele>
        <time>2021-07-15T07:55:30.151Z</time>
      </trkpt>
      <trkpt lat="53.626561" lon="10.684691">
        <ele>62.823029</ele>
        <time>2021-07-15T07:55:32.155Z</time>
      </trkpt>
      <trkpt lat="53.626651" lon="10.684710">
        <ele>62.503160</ele>
        <time>2021-07-15T07:55:34.156Z</time>
      </trkpt>
      <trkpt lat="53.626760" lon="10.684724">
        <ele>61.768531</ele>
        <time>2021-07-15T07:55:36.150Z</time>
      </trkpt>
      <trkpt lat="53.626874" lon="10.684762">
        <ele>60.987596</ele>
        <time>2021-07-15T07:55:39.140Z</time>
      </trkpt>
      <trkpt lat="53.626984" lon="10.684814">
        <ele>60.219868</ele>
        <time>2021-07-15T07:55:41.156Z</time>
      </trkpt>
      <trkpt lat="53.627094" lon="10.684833">
        <ele>59.476772</ele>
        <time>2021-07-15T07:55:44.155Z</time>
      </trkpt>
      <trkpt lat="53.627190" lon="10.684812">
        <ele>58.826222</ele>
        <time>2021-07-15T07:55:46.161Z</time>
      </trkpt>
      <trkpt lat="53.627323" lon="10.684830">
        <ele>57.929554</ele>
        <time>2021-07-15T07:55:49.149Z</time>
      </trkpt>
      <trkpt lat="53.627441" lon="10.684846">
        <ele>57.134004</ele>
        <time>2021-07-15T07:55:51.157Z</time>
      </trkpt>
      <trkpt lat="53.627539" lon="10.684916">
        <ele>56.418770</ele>
        <time>2021-07-15T07:55:53.157Z</time>
      </trkpt>
      <trkpt lat="53.627637" lon="10.684929">
        <ele>55.758150</ele>
        <time>2021-07-15T07:55:55.162Z</time>
      </trkpt>
      <trkpt lat="53.627752" lon="10.684967">
        <ele>54.970622</ele>
        <time>2021-07-15T07:55:58.152Z</time>
      </trkpt>
      <trkpt lat="53.627863" lon="10.684975">
        <ele>54.223993</ele>
        <time>2021-07-15T07:56:05.153Z</time>
      </trkpt>
      <trkpt lat="53.627981" lon="10.684940">
        <ele>53.418829</ele>
        <time>2021-07-15T07:56:08.150Z</time>
      </trkpt>
      <trkpt lat="53.628155" lon="10.684879">
        <ele>52.224502</ele>
        <time>2021-07-15T07:56:10.160Z</time>
      </trkpt>
      <trkpt lat="53.628307" lon="10.684853">
        <ele>51.197781</ele>
        <time>2021-07-15T07:56:12.157Z</time>
      </trkpt>
      <trkpt lat="53.628424" lon="10.684874">
        <ele>50.861002</ele>
        <time>2021-07-15T07:56:14.156Z</time>
      </trkpt>
      <trkpt lat="53.628556" lon="10.684895">
        <ele>51.139082</ele>
        <time>2021-07-15T07:56:17.150Z</time>
      </trkpt>
      <trkpt lat="53.628717" lon="10.684938">
        <ele>51.480965</ele>
        <time>2021-07-15T07:56:20.148Z</time>
      </trkpt>
      <trkpt lat="53.628842" lon="10.684915">
        <ele>51.744691</ele>
        <time>2021-07-15T07:56:23.141Z</time>
      </trkpt>
      <trkpt lat="53.628946" lon="10.684934">
        <ele>51.964092</ele>
        <time>2021-07-15T07:56:26.153Z</time>
      </trkpt>
      <trkpt lat="53.629060" lon="10.684917">
        <ele>52.204124</ele>
        <time>2021-07-15T07:56:29.157Z</time>
      </trkpt>
      <trkpt lat="53.629173" lon="10.684927">
        <ele>52.441451</ele>
        <time>2021-07-15T07:56:33.155Z</time>
      </trkpt>
      <trkpt lat="53.629287" lon="10.684982">
        <ele>52.690143</ele>
        <time>2021-07-15T07:56:36.152Z</time>
      </trkpt>
      <trkpt lat="53.629403" lon="10.684970">
        <ele>52.933893</ele>
        <time>2021-07-15T07:56:39.159Z</time>
      </trkpt>
      <trkpt lat="53.629540" lon="10.684954">
        <ele>53.221919</ele>
        <time>2021-07-15T07:56:42.158Z</time>
      </trkpt>
      <trkpt lat="53.629641" lon="10.684960">
        <ele>53.433883</ele>
        <time>2021-07-15T07:56:44.170Z</time>
      </trkpt>
      <trkpt lat="53.629819" lon="10.684946">
        <ele>53.807619</ele>
        <time>2021-07-15T07:56:46.161Z</time>
      </trkpt>
      <trkpt lat="53.630015" lon="10.684989">
        <ele>54.222164</ele>
        <time>2021-07-15T07:56:48.149Z</time>
      </trkpt>
      <trkpt lat="53.630138" lon="10.685001">
        <ele>54.480570</ele>
        <time>2021-07-15T07:56:51.161Z</time>
      </trkpt>
      <trkpt lat="53.630276" lon="10.685001">
        <ele>54.501151</ele>
        <time>2021-07-15T07:56:54.152Z</time>
      </trkpt>
      <trkpt lat="53.630400" lon="10.685020">
        <ele>54.475234</ele>
        <time>2021-07-15T07:56:59.159Z</time>
      </trkpt>
      <trkpt lat="53.630492" lon="10.685024">
        <ele>54.456078</ele>
        <time>2021-07-15T07:57:01.161Z</time>
      </trkpt>
      <trkpt lat="53.630586" lon="10.685089">
        <ele>54.434931</ele>
        <time>2021-07-15T07:57:04.158Z</time>
      </trkpt>
      <trkpt lat="53.630685" lon="10.685094">
        <ele>54.414316</ele>
        <time>2021-07-15T07:57:06.157Z</time>
      </trkpt>
      <trkpt lat="53.630793" lon="10.685101">
        <ele>54.391819</ele>
        <time>2021-07-15T07:57:08.153Z</time>
      </trkpt>
      <trkpt lat="53.630907" lon="10.685117">
        <ele>54.368008</ele>
        <time>2021-07-15T07:57:11.147Z</time>
      </trkpt>
      <trkpt lat="53.631008" lon="10.685148">
        <ele>54.346640</ele>
        <time>2021-07-15T07:57:15.162Z</time>
      </trkpt>
      <trkpt lat="53.631108" lon="10.685105">
        <ele>54.325160</ele>
        <time>2021-07-15T07:57:25.142Z</time>
      </trkpt>
      <trkpt lat="53.631156" lon="10.684972">
        <ele>54.305942</ele>
        <time>2021-07-15T07:57:31.148Z</time>
      </trkpt>
      <trkpt lat="53.631211" lon="10.684821">
        <ele>54.284070</ele>
        <time>2021-07-15T07:57:43.141Z</time>
      </trkpt>
      <trkpt lat="53.631236" lon="10.684674">
        <ele>54.265194</ele>
        <time>2021-07-15T07:57:47.146Z</time>
      </trkpt>
      <trkpt lat="53.631174" lon="10.684542">
        <ele>54.244410</ele>
        <time>2021-07-15T07:57:50.161Z</time>
      </trkpt>
      <trkpt lat="53.631211" lon="10.684352">
        <ele>54.219727</ele>
        <time>2021-07-15T07:57:54.148Z</time>
      </trkpt>
      <trkpt lat="53.631219" lon="10.684156">
        <ele>54.195478</ele>
        <time>2021-07-15T07:57:57.161Z</time>
      </trkpt>
      <trkpt lat="53.631215" lon="10.683938">
        <ele>54.168558</ele>
        <time>2021-07-15T07:58:00.141Z</time>
      </trkpt>
      <trkpt lat="53.631219" lon="10.683770">
        <ele>54.189586</ele>
        <time>2021-07-15T07:58:02.156Z</time>
      </trkpt>
      <trkpt lat="53.631263" lon="10.683592">
        <ele>54.473089</ele>
        <time>2021-07-15T07:58:04.152Z</time>
      </trkpt>
      <trkpt lat="53.631305" lon="10.683412">
        <ele>54.757456</ele>
        <time>2021-07-15T07:58:07.146Z</time>
      </trkpt>
      <trkpt lat="53.631371" lon="10.683241">
        <ele>55.057403</ele>
        <time>2021-07-15T07:58:11.139Z</time>
      </trkpt>
      <trkpt lat="53.631520" lon="10.683298">
        <ele>55.436184</ele>
        <time>2021-07-15T07:58:15.157Z</time>
      </trkpt>
      <trkpt lat="53.631595" lon="10.683419">
        <ele>55.693506</ele>
        <time>2021-07-15T07:58:18.134Z</time>
      </trkpt>
      <trkpt lat="53.631691" lon="10.683485">
        <ele>55.950524</ele>
        <time>2021-07-15T07:58:21.153Z</time>
      </trkpt>
      <trkpt lat="53.631797" lon="10.683577">
        <ele>56.246077</ele>
        <time>2021-07-15T07:58:24.155Z</time>
      </trkpt>
      <trkpt lat="53.631905" lon="10.683682">
        <ele>56.555134</ele>
        <time>2021-07-15T07:58:27.154Z</time>
      </trkpt>
      <trkpt lat="53.632004" lon="10.683726">
        <ele>56.808952</ele>
        <time>2021-07-15T07:58:29.165Z</time>
      </trkpt>
      <trkpt lat="53.632118" lon="10.683763">
        <ele>57.096764</ele>
        <time>2021-07-15T07:58:32.164Z</time>
      </trkpt>
      <trkpt lat="53.632213" lon="10.683759">
        <ele>57.332359</ele>
        <time>2021-07-15T07:58:36.138Z</time>
      </trkpt>
      <trkpt lat="53.632345" lon="10.683781">
        <ele>57.661204</ele>
        <time>2021-07-15T07:58:39.160Z</time>
      </trkpt>
      <trkpt lat="53.632439" lon="10.683769">
        <ele>57.894912</ele>
        <time>2021-07-15T07:58:42.153Z</time>
      </trkpt>
      <trkpt lat="53.632535" lon="10.683747">
        <ele>58.135100</ele>
        <time>2021-07-15T07:58:45.150Z</time>
      </trkpt>
      <trkpt lat="53.632660" lon="10.683744">
        <ele>58.445028</ele>
        <time>2021-07-15T07:58:48.160Z</time>
      </trkpt>
      <trkpt lat="53.632780" lon="10.683690">
        <ele>58.629369</ele>
        <time>2021-07-15T07:58:50.160Z</time>
      </trkpt>
      <trkpt lat="53.632910" lon="10.683666">
        <ele>58.672942</ele>
        <time>2021-07-15T07:58:53.157Z</time>
      </trkpt>
      <trkpt lat="53.633036" lon="10.683615">
        <ele>58.716115</ele>
        <time>2021-07-15T07:58:55.162Z</time>
      </trkpt>
      <trkpt lat="53.633126" lon="10.683607">
        <ele>58.746143</ele>
        <time>2021-07-15T07:58:57.160Z</time>
      </trkpt>
      <trkpt lat="53.633223" lon="10.683590">
        <ele>58.778636</ele>
        <time>2021-07-15T07:59:00.154Z</time>
      </trkpt>
      <trkpt lat="53.633312" lon="10.683469">
        <ele>58.816725</ele>
        <time>2021-07-15T07:59:02.143Z</time>
      </trkpt>
      <trkpt lat="53.633332" lon="10.683310">
        <ele>58.848836</ele>
        <time>2021-07-15T07:59:06.162Z</time>
      </trkpt>
      <trkpt lat="53.633301" lon="10.683144">
        <ele>58.883220</ele>
        <time>2021-07-15T07:59:08.154Z</time>
      </trkpt>
      <trkpt lat="53.633268" lon="10.682988">
        <ele>58.915942</ele>
        <time>2021-07-15T07:59:10.155Z</time>
      </trkpt>
      <trkpt lat="53.633230" lon="10.682820">
        <ele>58.951465</ele>
        <time>2021-07-15T07:59:12.159Z</time>
      </trkpt>
      <trkpt lat="53.633248" lon="10.682665">
        <ele>58.982669</ele>
        <time>2021-07-15T07:59:16.161Z</time>
      </trkpt>
      <trkpt lat="53.633299" lon="10.682493">
        <ele>59.020661</ele>
        <time>2021-07-15T07:59:19.164Z</time>
      </trkpt>
      <trkpt lat="53.633251" lon="10.682313">
        <ele>59.059653</ele>
        <time>2021-07-15T07:59:22.158Z</time>
      </trkpt>
      <trkpt lat="53.633189" lon="10.682189">
        <ele>59.091698</ele>
        <time>2021-07-15T07:59:25.145Z</time>
      </trkpt>
      <trkpt lat="53.633118" lon="10.682047">
        <ele>59.128394</ele>
        <time>2021-07-15T07:59:27.165Z</time>
      </trkpt>
      <trkpt lat="53.633036" lon="10.681932">
        <ele>59.163928</ele>
        <time>2021-07-15T07:59:29.161Z</time>
      </trkpt>
      <trkpt lat="53.632975" lon="10.681787">
        <ele>59.199052</ele>
        <time>2021-07-15T07:59:31.148Z</time>
      </trkpt>
      <trkpt lat="53.632907" lon="10.681669">
        <ele>59.369845</ele>
        <time>2021-07-15T07:59:34.154Z</time>
      </trkpt>
      <trkpt lat="53.632753" lon="10.681552">
        <ele>59.778302</ele>
        <time>2021-07-15T07:59:37.156Z</time>
      </trkpt>
      <trkpt lat="53.632649" lon="10.681460">
        <ele>60.062299</ele>
        <time>2021-07-15T07:59:39.148Z</time>
      </trkpt>
      <trkpt lat="53.632537" lon="10.681445">
        <ele>60.333996</ele>
        <time>2021-07-15T07:59:43.129Z</time>
      </trkpt>
      <trkpt lat="53.632462" lon="10.681280">
        <ele>60.632113</ele>
        <time>2021-07-15T07:59:45.142Z</time>
      </trkpt>
      <trkpt lat="53.632409" lon="10.681148">
        <ele>60.860704</ele>
        <time>2021-07-15T07:59:47.151Z</time>
      </trkpt>
      <trkpt lat="53.632345" lon="10.681025">
        <ele>61.095355</ele>
        <time>2021-07-15T07:59:49.133Z</time>
      </trkpt>
      <trkpt lat="53.632248" lon="10.680875">
        <ele>61.413612</ele>
        <time>2021-07-15T07:59:52.156Z</time>
      </trkpt>
      <trkpt lat="53.632254" lon="10.680721">
        <ele>61.634915</ele>
        <time>2021-07-15T07:59:55.149Z</time>
      </trkpt>
      <trkpt lat="53.632215" lon="10.680569">
        <ele>61.872404</ele>
        <time>2021-07-15T07:59:57.154Z</time>
      </trkpt>
      <trkpt lat="53.632190" lon="10.680400">
        <ele>62.122168</ele>
        <time>2021-07-15T07:59:59.160Z</time>
      </trkpt>
      <trkpt lat="53.632171" lon="10.680229">
        <ele>62.371640</ele>
        <time>2021-07-15T08:00:01.154Z</time>
      </trkpt>
      <trkpt lat="53.632175" lon="10.680042">
        <ele>62.639962</ele>
        <time>2021-07-15T08:00:04.153Z</time>
      </trkpt>
      <trkpt lat="53.632152" lon="10.679831">
        <ele>62.947594</ele>
        <time>2021-07-15T08:00:07.155Z</time>
      </trkpt>
      <trkpt lat="53.632182" lon="10.679662">
        <ele>63.200557</ele>
        <time>2021-07-15T08:00:10.144Z</time>
      </trkpt>
      <trkpt lat="53.632190" lon="10.679474">
        <ele>63.470831</ele>
        <time>2021-07-15T08:00:15.153Z</time>
      </trkpt>
      <trkpt lat="53.631989" lon="10.678975">
        <ele>63.060993</ele>
        <time>2021-07-15T08:01:13.153Z</time>
      </trkpt>
      <trkpt lat="53.631866" lon="10.678883">
        <ele>62.852374</ele>
        <time>2021-07-15T08:01:14.152Z</time>
      </trkpt>
      <trkpt lat="53.631732" lon="10.678812">
        <ele>62.634603</ele>
        <time>2021-07-15T08:01:16.161Z</time>
      </trkpt>
      <trkpt lat="53.631632" lon="10.678606">
        <ele>62.389844</ele>
        <time>2021-07-15T08:01:19.161Z</time>
      </trkpt>
      <trkpt lat="53.631496" lon="10.678475">
        <ele>62.147013</ele>
        <time>2021-07-15T08:01:21.159Z</time>
      </trkpt>
      <trkpt lat="53.631390" lon="10.678403">
        <ele>61.969836</ele>
        <time>2021-07-15T08:01:24.159Z</time>
      </trkpt>
      <trkpt lat="53.631302" lon="10.678282">
        <ele>61.793794</ele>
        <time>2021-07-15T08:01:27.157Z</time>
      </trkpt>
      <trkpt lat="53.631209" lon="10.678211">
        <ele>61.635517</ele>
        <time>2021-07-15T08:01:32.153Z</time>
      </trkpt>
      <trkpt lat="53.631121" lon="10.678126">
        <ele>61.478283</ele>
        <time>2021-07-15T08:01:34.156Z</time>
      </trkpt>
      <trkpt lat="53.630986" lon="10.677953">
        <ele>61.215399</ele>
        <time>2021-07-15T08:01:35.153Z</time>
      </trkpt>
      <trkpt lat="53.630893" lon="10.677824">
        <ele>61.028699</ele>
        <time>2021-07-15T08:01:37.152Z</time>
      </trkpt>
      <trkpt lat="53.630790" lon="10.677700">
        <ele>60.832486</ele>
        <time>2021-07-15T08:01:38.159Z</time>
      </trkpt>
      <trkpt lat="53.630700" lon="10.677601">
        <ele>60.736366</ele>
        <time>2021-07-15T08:01:40.163Z</time>
      </trkpt>
      <trkpt lat="53.630609" lon="10.677452">
        <ele>60.672382</ele>
        <time>2021-07-15T08:01:43.163Z</time>
      </trkpt>
      <trkpt lat="53.630531" lon="10.677348">
        <ele>60.622221</ele>
        <time>2021-07-15T08:01:45.156Z</time>
      </trkpt>
      <trkpt lat="53.630430" lon="10.677256">
        <ele>60.564314</ele>
        <time>2021-07-15T08:01:47.153Z</time>
      </trkpt>
      <trkpt lat="53.630320" lon="10.677143">
        <ele>60.499339</ele>
        <time>2021-07-15T08:01:50.154Z</time>
      </trkpt>
      <trkpt lat="53.630199" lon="10.677073">
        <ele>60.434808</ele>
        <time>2021-07-15T08:01:52.152Z</time>
      </trkpt>
      <trkpt lat="53.630114" lon="10.676966">
        <ele>60.381300</ele>
        <time>2021-07-15T08:01:54.157Z</time>
      </trkpt>
      <trkpt lat="53.630079" lon="10.676812">
        <ele>60.331965</ele>
        <time>2021-07-15T08:01:57.153Z</time>
      </trkpt>
      <trkpt lat="53.630007" lon="10.676682">
        <ele>60.278753</ele>
        <time>2021-07-15T08:02:01.156Z</time>
      </trkpt>
      <trkpt lat="53.630005" lon="10.676486">
        <ele>60.220112</ele>
        <time>2021-07-15T08:02:04.152Z</time>
      </trkpt>
      <trkpt lat="53.629933" lon="10.676330">
        <ele>60.160978</ele>
        <time>2021-07-15T08:02:06.151Z</time>
      </trkpt>
      <trkpt lat="53.629869" lon="10.676188">
        <ele>60.107623</ele>
        <time>2021-07-15T08:02:08.141Z</time>
      </trkpt>
      <trkpt lat="53.629760" lon="10.676046">
        <ele>60.038140</ele>
        <time>2021-07-15T08:02:10.155Z</time>
      </trkpt>
      <trkpt lat="53.629689" lon="10.675868">
        <ele>59.973968</ele>
        <time>2021-07-15T08:02:12.156Z</time>
      </trkpt>
      <trkpt lat="53.629618" lon="10.675716">
        <ele>59.916086</ele>
        <time>2021-07-15T08:02:14.156Z</time>
      </trkpt>
      <trkpt lat="53.629666" lon="10.675543">
        <ele>59.845129</ele>
        <time>2021-07-15T08:02:16.156Z</time>
      </trkpt>
      <trkpt lat="53.629696" lon="10.675397">
        <ele>59.641979</ele>
        <time>2021-07-15T08:02:18.159Z</time>
      </trkpt>
      <trkpt lat="53.629662" lon="10.675237">
        <ele>59.418522</ele>
        <time>2021-07-15T08:02:20.157Z</time>
      </trkpt>
      <trkpt lat="53.629619" lon="10.675078">
        <ele>59.188766</ele>
        <time>2021-07-15T08:02:22.156Z</time>
      </trkpt>
      <trkpt lat="53.629547" lon="10.674959">
        <ele>58.965248</ele>
        <time>2021-07-15T08:02:24.150Z</time>
      </trkpt>
      <trkpt lat="53.629491" lon="10.674823">
        <ele>58.747564</ele>
        <time>2021-07-15T08:02:26.158Z</time>
      </trkpt>
      <trkpt lat="53.629435" lon="10.674663">
        <ele>58.503297</ele>
        <time>2021-07-15T08:02:28.160Z</time>
      </trkpt>
      <trkpt lat="53.629322" lon="10.674556">
        <ele>58.215971</ele>
        <time>2021-07-15T08:02:30.157Z</time>
      </trkpt>
      <trkpt lat="53.629280" lon="10.674377">
        <ele>57.962878</ele>
        <time>2021-07-15T08:02:33.164Z</time>
      </trkpt>
      <trkpt lat="53.629263" lon="10.674207">
        <ele>57.736214</ele>
        <time>2021-07-15T08:02:36.149Z</time>
      </trkpt>
      <trkpt lat="53.629219" lon="10.674054">
        <ele>57.512650</ele>
        <time>2021-07-15T08:02:38.157Z</time>
      </trkpt>
      <trkpt lat="53.629177" lon="10.673899">
        <ele>57.288596</ele>
        <time>2021-07-15T08:02:40.159Z</time>
      </trkpt>
      <trkpt lat="53.629154" lon="10.673725">
        <ele>57.054214</ele>
        <time>2021-07-15T08:02:42.152Z</time>
      </trkpt>
      <trkpt lat="53.629150" lon="10.673573">
        <ele>56.854174</ele>
        <time>2021-07-15T08:02:44.152Z</time>
      </trkpt>
      <trkpt lat="53.629164" lon="10.673360">
        <ele>56.572416</ele>
        <time>2021-07-15T08:02:47.142Z</time>
      </trkpt>
      <trkpt lat="53.629218" lon="10.673232">
        <ele>56.365886</ele>
        <time>2021-07-15T08:02:50.155Z</time>
      </trkpt>
      <trkpt lat="53.629283" lon="10.673060">
        <ele>56.097732</ele>
        <time>2021-07-15T08:02:55.154Z</time>
      </trkpt>
      <trkpt lat="53.629375" lon="10.672932">
        <ele>55.861886</ele>
        <time>2021-07-15T08:02:58.147Z</time>
      </trkpt>
      <trkpt lat="53.629442" lon="10.672798">
        <ele>55.788443</ele>
        <time>2021-07-15T08:03:00.141Z</time>
      </trkpt>
      <trkpt lat="53.629483" lon="10.672663">
        <ele>55.724889</ele>
        <time>2021-07-15T08:03:02.155Z</time>
      </trkpt>
      <trkpt lat="53.629558" lon="10.672579">
        <ele>55.661270</ele>
        <time>2021-07-15T08:03:04.158Z</time>
      </trkpt>
      <trkpt lat="53.629616" lon="10.672426">
        <ele>55.585181</ele>
        <time>2021-07-15T08:03:07.153Z</time>
      </trkpt>
      <trkpt lat="53.629681" lon="10.672320">
        <ele>55.521289</ele>
        <time>2021-07-15T08:03:08.144Z</time>
      </trkpt>
      <trkpt lat="53.629756" lon="10.672156">
        <ele>55.434509</ele>
        <time>2021-07-15T08:03:10.158Z</time>
      </trkpt>
      <trkpt lat="53.629811" lon="10.672031">
        <ele>55.369289</ele>
        <time>2021-07-15T08:03:13.153Z</time>
      </trkpt>
      <trkpt lat="53.629913" lon="10.671891">
        <ele>55.276361</ele>
        <time>2021-07-15T08:03:16.140Z</time>
      </trkpt>
      <trkpt lat="53.629978" lon="10.671783">
        <ele>55.211883</ele>
        <time>2021-07-15T08:03:18.141Z</time>
      </trkpt>
      <trkpt lat="53.630049" lon="10.671578">
        <ele>55.112409</ele>
        <time>2021-07-15T08:03:22.154Z</time>
      </trkpt>
      <trkpt lat="53.630152" lon="10.671400">
        <ele>55.008199</ele>
        <time>2021-07-15T08:03:25.154Z</time>
      </trkpt>
      <trkpt lat="53.630282" lon="10.671251">
        <ele>54.897133</ele>
        <time>2021-07-15T08:03:28.162Z</time>
      </trkpt>
      <trkpt lat="53.630390" lon="10.671141">
        <ele>54.807982</ele>
        <time>2021-07-15T08:03:30.156Z</time>
      </trkpt>
      <trkpt lat="53.630470" lon="10.671003">
        <ele>54.727118</ele>
        <time>2021-07-15T08:03:34.141Z</time>
      </trkpt>
      <trkpt lat="53.630563" lon="10.670808">
        <ele>54.622265</ele>
        <time>2021-07-15T08:03:37.176Z</time>
      </trkpt>
      <trkpt lat="53.630680" lon="10.670708">
        <ele>54.337676</ele>
        <time>2021-07-15T08:03:39.160Z</time>
      </trkpt>
      <trkpt lat="53.630753" lon="10.670596">
        <ele>54.088933</ele>
        <time>2021-07-15T08:03:41.149Z</time>
      </trkpt>
      <trkpt lat="53.630808" lon="10.670430">
        <ele>53.804734</ele>
        <time>2021-07-15T08:03:44.127Z</time>
      </trkpt>
      <trkpt lat="53.630879" lon="10.670284">
        <ele>53.522533</ele>
        <time>2021-07-15T08:03:46.157Z</time>
      </trkpt>
      <trkpt lat="53.630917" lon="10.670112">
        <ele>53.248205</ele>
        <time>2021-07-15T08:03:48.156Z</time>
      </trkpt>
      <trkpt lat="53.630988" lon="10.670012">
        <ele>53.015052</ele>
        <time>2021-07-15T08:03:49.159Z</time>
      </trkpt>
      <trkpt lat="53.631092" lon="10.669880">
        <ele>52.686983</ele>
        <time>2021-07-15T08:03:51.153Z</time>
      </trkpt>
      <trkpt lat="53.631140" lon="10.669750">
        <ele>52.458104</ele>
        <time>2021-07-15T08:03:53.149Z</time>
      </trkpt>
      <trkpt lat="53.631244" lon="10.669588">
        <ele>52.101270</ele>
        <time>2021-07-15T08:03:55.157Z</time>
      </trkpt>
      <trkpt lat="53.631314" lon="10.669489">
        <ele>51.871010</ele>
        <time>2021-07-15T08:03:57.157Z</time>
      </trkpt>
      <trkpt lat="53.631367" lon="10.669345">
        <ele>51.617708</ele>
        <time>2021-07-15T08:03:59.154Z</time>
      </trkpt>
      <trkpt lat="53.631438" lon="10.669235">
        <ele>51.374705</ele>
        <time>2021-07-15T08:04:01.155Z</time>
      </trkpt>
      <trkpt lat="53.631522" lon="10.669134">
        <ele>51.114688</ele>
        <time>2021-07-15T08:04:03.139Z</time>
      </trkpt>
      <trkpt lat="53.631597" lon="10.669003">
        <ele>50.842539</ele>
        <time>2021-07-15T08:04:05.158Z</time>
      </trkpt>
      <trkpt lat="53.631655" lon="10.668850">
        <ele>50.571140</ele>
        <time>2021-07-15T08:04:07.154Z</time>
      </trkpt>
      <trkpt lat="53.631755" lon="10.668726">
        <ele>50.258299</ele>
        <time>2021-07-15T08:04:10.140Z</time>
      </trkpt>
      <trkpt lat="53.631838" lon="10.668629">
        <ele>50.147671</ele>
        <time>2021-07-15T08:04:13.160Z</time>
      </trkpt>
      <trkpt lat="53.631930" lon="10.668564">
        <ele>50.434352</ele>
        <time>2021-07-15T08:04:15.152Z</time>
      </trkpt>
      <trkpt lat="53.632036" lon="10.668528">
        <ele>50.745118</ele>
        <time>2021-07-15T08:04:20.166Z</time>
      </trkpt>
      <trkpt lat="53.632133" lon="10.668455">
        <ele>51.050402</ele>
        <time>2021-07-15T08:04:22.160Z</time>
      </trkpt>
      <trkpt lat="53.632233" lon="10.668447">
        <ele>51.338131</ele>
        <time>2021-07-15T08:04:24.160Z</time>
      </trkpt>
      <trkpt lat="53.632343" lon="10.668397">
        <ele>51.665560</ele>
        <time>2021-07-15T08:04:27.153Z</time>
      </trkpt>
      <trkpt lat="53.632439" lon="10.668321">
        <ele>51.970357</ele>
        <time>2021-07-15T08:04:28.126Z</time>
      </trkpt>
      <trkpt lat="53.632576" lon="10.668267">
        <ele>52.374715</ele>
        <time>2021-07-15T08:04:30.160Z</time>
      </trkpt>
      <trkpt lat="53.632664" lon="10.668226">
        <ele>52.637106</ele>
        <time>2021-07-15T08:04:32.159Z</time>
      </trkpt>
      <trkpt lat="53.632755" lon="10.668228">
        <ele>52.898668</ele>
        <time>2021-07-15T08:04:34.138Z</time>
      </trkpt>
      <trkpt lat="53.632879" lon="10.668137">
        <ele>53.287332</ele>
        <time>2021-07-15T08:04:36.150Z</time>
      </trkpt>
      <trkpt lat="53.632974" lon="10.668083">
        <ele>53.575459</ele>
        <time>2021-07-15T08:04:38.149Z</time>
      </trkpt>
      <trkpt lat="53.633088" lon="10.668107">
        <ele>53.905645</ele>
        <time>2021-07-15T08:04:42.154Z</time>
      </trkpt>
      <trkpt lat="53.633189" lon="10.668098">
        <ele>54.196330</ele>
        <time>2021-07-15T08:04:45.140Z</time>
      </trkpt>
      <trkpt lat="53.633349" lon="10.668035">
        <ele>54.668546</ele>
        <time>2021-07-15T08:04:48.150Z</time>
      </trkpt>
      <trkpt lat="53.633440" lon="10.668031">
        <ele>54.930175</ele>
        <time>2021-07-15T08:04:51.171Z</time>
      </trkpt>
      <trkpt lat="53.633559" lon="10.668057">
        <ele>55.339985</ele>
        <time>2021-07-15T08:04:54.150Z</time>
      </trkpt>
      <trkpt lat="53.633657" lon="10.667993">
        <ele>56.208452</ele>
        <time>2021-07-15T08:04:55.146Z</time>
      </trkpt>
      <trkpt lat="53.633789" lon="10.667946">
        <ele>57.323341</ele>
        <time>2021-07-15T08:04:57.156Z</time>
      </trkpt>
      <trkpt lat="53.633894" lon="10.667868">
        <ele>58.271503</ele>
        <time>2021-07-15T08:05:01.142Z</time>
      </trkpt>
      <trkpt lat="53.634029" lon="10.667791">
        <ele>59.449213</ele>
        <time>2021-07-15T08:05:04.166Z</time>
      </trkpt>
      <trkpt lat="53.634121" lon="10.667753">
        <ele>60.231967</ele>
        <time>2021-07-15T08:05:08.152Z</time>
      </trkpt>
      <trkpt lat="53.634210" lon="10.667707">
        <ele>61.001223</ele>
        <time>2021-07-15T08:05:11.151Z</time>
      </trkpt>
      <trkpt lat="53.634369" lon="10.667497">
        <ele>62.670163</ele>
        <time>2021-07-15T08:05:13.154Z</time>
      </trkpt>
      <trkpt lat="53.634466" lon="10.667495">
        <ele>63.471827</ele>
        <time>2021-07-15T08:05:15.157Z</time>
      </trkpt>
      <trkpt lat="53.634591" lon="10.667418">
        <ele>64.571570</ele>
        <time>2021-07-15T08:05:19.159Z</time>
      </trkpt>
      <trkpt lat="53.634682" lon="10.667284">
        <ele>65.569895</ele>
        <time>2021-07-15T08:05:22.151Z</time>
      </trkpt>
      <trkpt lat="53.634774" lon="10.667197">
        <ele>66.441538</ele>
        <time>2021-07-15T08:05:25.159Z</time>
      </trkpt>
      <trkpt lat="53.634921" lon="10.667016">
        <ele>67.945638</ele>
        <time>2021-07-15T08:05:27.152Z</time>
      </trkpt>
      <trkpt lat="53.634988" lon="10.666908">
        <ele>68.711545</ele>
        <time>2021-07-15T08:05:28.139Z</time>
      </trkpt>
      <trkpt lat="53.635078" lon="10.666809">
        <ele>69.599514</ele>
        <time>2021-07-15T08:05:30.153Z</time>
      </trkpt>
      <trkpt lat="53.635181" lon="10.666696">
        <ele>70.021681</ele>
        <time>2021-07-15T08:05:32.154Z</time>
      </trkpt>
      <trkpt lat="53.635305" lon="10.666604">
        <ele>69.840455</ele>
        <time>2021-07-15T08:05:38.147Z</time>
      </trkpt>
      <trkpt lat="53.635400" lon="10.666551">
        <ele>69.706593</ele>
        <time>2021-07-15T08:05:41.137Z</time>
      </trkpt>
      <trkpt lat="53.635502" lon="10.666463">
        <ele>69.553323</ele>
        <time>2021-07-15T08:05:43.141Z</time>
      </trkpt>
      <trkpt lat="53.635600" lon="10.666396">
        <ele>69.411858</ele>
        <time>2021-07-15T08:05:45.140Z</time>
      </trkpt>
      <trkpt lat="53.635673" lon="10.666281">
        <ele>69.278226</ele>
        <time>2021-07-15T08:05:48.151Z</time>
      </trkpt>
      <trkpt lat="53.635765" lon="10.666232">
        <ele>69.149159</ele>
        <time>2021-07-15T08:05:50.159Z</time>
      </trkpt>
      <trkpt lat="53.635842" lon="10.666143">
        <ele>69.024281</ele>
        <time>2021-07-15T08:05:52.155Z</time>
      </trkpt>
      <trkpt lat="53.635953" lon="10.666016">
        <ele>68.844844</ele>
        <time>2021-07-15T08:05:55.151Z</time>
      </trkpt>
      <trkpt lat="53.636041" lon="10.665899">
        <ele>68.694939</ele>
        <time>2021-07-15T08:05:57.153Z</time>
      </trkpt>
      <trkpt lat="53.636103" lon="10.665784">
        <ele>68.571651</ele>
        <time>2021-07-15T08:06:00.155Z</time>
      </trkpt>
      <trkpt lat="53.636214" lon="10.665700">
        <ele>68.408895</ele>
        <time>2021-07-15T08:06:03.152Z</time>
      </trkpt>
      <trkpt lat="53.636299" lon="10.665645">
        <ele>68.287103</ele>
        <time>2021-07-15T08:06:08.142Z</time>
      </trkpt>
      <trkpt lat="53.636402" lon="10.665627">
        <ele>68.148574</ele>
        <time>2021-07-15T08:06:11.138Z</time>
      </trkpt>
      <trkpt lat="53.636493" lon="10.665581">
        <ele>68.021485</ele>
        <time>2021-07-15T08:06:14.140Z</time>
      </trkpt>
      <trkpt lat="53.636587" lon="10.665548">
        <ele>67.893039</ele>
        <time>2021-07-15T08:06:17.155Z</time>
      </trkpt>
      <trkpt lat="53.636685" lon="10.665494">
        <ele>67.755117</ele>
        <time>2021-07-15T08:06:20.155Z</time>
      </trkpt>
      <trkpt lat="53.636903" lon="10.665397">
        <ele>67.607252</ele>
        <time>2021-07-15T08:06:22.154Z</time>
      </trkpt>
      <trkpt lat="53.637001" lon="10.665290">
        <ele>67.549226</ele>
        <time>2021-07-15T08:06:24.153Z</time>
      </trkpt>
      <trkpt lat="53.637133" lon="10.665176">
        <ele>67.475515</ele>
        <time>2021-07-15T08:06:26.160Z</time>
      </trkpt>
      <trkpt lat="53.637234" lon="10.665071">
        <ele>67.416543</ele>
        <time>2021-07-15T08:06:28.154Z</time>
      </trkpt>
      <trkpt lat="53.637315" lon="10.664981">
        <ele>67.368331</ele>
        <time>2021-07-15T08:06:29.153Z</time>
      </trkpt>
      <trkpt lat="53.637378" lon="10.664850">
        <ele>67.318623</ele>
        <time>2021-07-15T08:06:32.159Z</time>
      </trkpt>
      <trkpt lat="53.637447" lon="10.664696">
        <ele>67.261738</ele>
        <time>2021-07-15T08:06:34.150Z</time>
      </trkpt>
      <trkpt lat="53.637544" lon="10.664623">
        <ele>67.208943</ele>
        <time>2021-07-15T08:06:36.138Z</time>
      </trkpt>
      <trkpt lat="53.637626" lon="10.664484">
        <ele>67.151158</ele>
        <time>2021-07-15T08:06:38.151Z</time>
      </trkpt>
      <trkpt lat="53.637692" lon="10.664299">
        <ele>67.087531</ele>
        <time>2021-07-15T08:06:40.153Z</time>
      </trkpt>
      <trkpt lat="53.637743" lon="10.664150">
        <ele>67.036830</ele>
        <time>2021-07-15T08:06:42.145Z</time>
      </trkpt>
      <trkpt lat="53.637825" lon="10.664071">
        <ele>66.989891</ele>
        <time>2021-07-15T08:06:44.139Z</time>
      </trkpt>
      <trkpt lat="53.637892" lon="10.663965">
        <ele>66.944232</ele>
        <time>2021-07-15T08:06:46.155Z</time>
      </trkpt>
      <trkpt lat="53.637965" lon="10.663824">
        <ele>66.889068</ele>
        <time>2021-07-15T08:06:48.140Z</time>
      </trkpt>
      <trkpt lat="53.638063" lon="10.663699">
        <ele>66.827997</ele>
        <time>2021-07-15T08:06:50.154Z</time>
      </trkpt>
      <trkpt lat="53.638167" lon="10.663529">
        <ele>66.310558</ele>
        <time>2021-07-15T08:06:52.152Z</time>
      </trkpt>
      <trkpt lat="53.638204" lon="10.663309">
        <ele>65.619450</ele>
        <time>2021-07-15T08:06:55.154Z</time>
      </trkpt>
      <trkpt lat="53.638281" lon="10.663176">
        <ele>65.057653</ele>
        <time>2021-07-15T08:06:57.157Z</time>
      </trkpt>
      <trkpt lat="53.638343" lon="10.663045">
        <ele>64.551078</ele>
        <time>2021-07-15T08:07:00.150Z</time>
      </trkpt>
      <trkpt lat="53.638430" lon="10.662912">
        <ele>63.952556</ele>
        <time>2021-07-15T08:07:03.154Z</time>
      </trkpt>
      <trkpt lat="53.638506" lon="10.662806">
        <ele>63.449861</ele>
        <time>2021-07-15T08:07:06.132Z</time>
      </trkpt>
      <trkpt lat="53.638567" lon="10.662682">
        <ele>62.962913</ele>
        <time>2021-07-15T08:07:09.158Z</time>
      </trkpt>
      <trkpt lat="53.638636" lon="10.662528">
        <ele>62.379551</ele>
        <time>2021-07-15T08:07:11.153Z</time>
      </trkpt>
      <trkpt lat="53.638705" lon="10.662407">
        <ele>61.872179</ele>
        <time>2021-07-15T08:07:14.155Z</time>
      </trkpt>
      <trkpt lat="53.638783" lon="10.662252">
        <ele>61.257762</ele>
        <time>2021-07-15T08:07:16.158Z</time>
      </trkpt>
      <trkpt lat="53.638868" lon="10.662139">
        <ele>60.706081</ele>
        <time>2021-07-15T08:07:20.156Z</time>
      </trkpt>
      <trkpt lat="53.638952" lon="10.662075">
        <ele>60.236242</ele>
        <time>2021-07-15T08:07:23.156Z</time>
      </trkpt>
      <trkpt lat="53.639058" lon="10.661947">
        <ele>59.571722</ele>
        <time>2021-07-15T08:07:25.156Z</time>
      </trkpt>
      <trkpt lat="53.639175" lon="10.661912">
        <ele>58.966020</ele>
        <time>2021-07-15T08:07:29.155Z</time>
      </trkpt>
      <trkpt lat="53.639288" lon="10.661858">
        <ele>58.367342</ele>
        <time>2021-07-15T08:07:30.153Z</time>
      </trkpt>
      <trkpt lat="53.639392" lon="10.661880">
        <ele>57.833060</ele>
        <time>2021-07-15T08:07:32.158Z</time>
      </trkpt>
      <trkpt lat="53.639507" lon="10.661914">
        <ele>57.336579</ele>
        <time>2021-07-15T08:07:34.151Z</time>
      </trkpt>
      <trkpt lat="53.639603" lon="10.661912">
        <ele>56.968557</ele>
        <time>2021-07-15T08:07:36.150Z</time>
      </trkpt>
      <trkpt lat="53.639718" lon="10.661965">
        <ele>56.511571</ele>
        <time>2021-07-15T08:07:38.145Z</time>
      </trkpt>
      <trkpt lat="53.639812" lon="10.662002">
        <ele>56.141562</ele>
        <time>2021-07-15T08:07:41.137Z</time>
      </trkpt>
      <trkpt lat="53.639923" lon="10.662009">
        <ele>55.715772</ele>
        <time>2021-07-15T08:07:44.142Z</time>
      </trkpt>
      <trkpt lat="53.640026" lon="10.661997">
        <ele>55.320004</ele>
        <time>2021-07-15T08:07:46.157Z</time>
      </trkpt>
      <trkpt lat="53.640016" lon="10.662156">
        <ele>54.956636</ele>
        <time>2021-07-15T08:07:50.135Z</time>
      </trkpt>
      <trkpt lat="53.640002" lon="10.662329">
        <ele>54.559833</ele>
        <time>2021-07-15T08:07:57.154Z</time>
      </trkpt>
      <trkpt lat="53.640040" lon="10.662492">
        <ele>54.161791</ele>
        <time>2021-07-15T08:08:00.154Z</time>
      </trkpt>
      <trkpt lat="53.639986" lon="10.662837">
        <ele>53.350886</ele>
        <time>2021-07-15T08:08:02.155Z</time>
      </trkpt>
      <trkpt lat="53.639967" lon="10.662996">
        <ele>52.982278</ele>
        <time>2021-07-15T08:08:04.154Z</time>
      </trkpt>
      <trkpt lat="53.639975" lon="10.663178">
        <ele>52.567532</ele>
        <time>2021-07-15T08:08:07.155Z</time>
      </trkpt>
      <trkpt lat="53.639997" lon="10.663402">
        <ele>52.051536</ele>
        <time>2021-07-15T08:08:10.140Z</time>
      </trkpt>
      <trkpt lat="53.639980" lon="10.663591">
        <ele>51.617102</ele>
        <time>2021-07-15T08:08:13.158Z</time>
      </trkpt>
      <trkpt lat="53.640006" lon="10.663760">
        <ele>51.220315</ele>
        <time>2021-07-15T08:08:15.156Z</time>
      </trkpt>
      <trkpt lat="53.640045" lon="10.663912">
        <ele>50.843920</ele>
        <time>2021-07-15T08:08:17.164Z</time>
      </trkpt>
      <trkpt lat="53.640021" lon="10.664100">
        <ele>51.201557</ele>
        <time>2021-07-15T08:08:19.149Z</time>
      </trkpt>
      <trkpt lat="53.640012" lon="10.664268">
        <ele>51.729844</ele>
        <time>2021-07-15T08:08:21.158Z</time>
      </trkpt>
      <trkpt lat="53.640043" lon="10.664468">
        <ele>52.377257</ele>
        <time>2021-07-15T08:08:24.154Z</time>
      </trkpt>
      <trkpt lat="53.640093" lon="10.664603">
        <ele>52.875772</ele>
        <time>2021-07-15T08:08:26.140Z</time>
      </trkpt>
      <trkpt lat="53.640124" lon="10.664749">
        <ele>53.361454</ele>
        <time>2021-07-15T08:08:28.130Z</time>
      </trkpt>
      <trkpt lat="53.640178" lon="10.664878">
        <ele>53.856013</ele>
        <time>2021-07-15T08:08:30.148Z</time>
      </trkpt>
      <trkpt lat="53.640256" lon="10.664981">
        <ele>54.379302</ele>
        <time>2021-07-15T08:08:32.140Z</time>
      </trkpt>
      <trkpt lat="53.640321" lon="10.665156">
        <ele>55.026041</ele>
        <time>2021-07-15T08:08:35.147Z</time>
      </trkpt>
      <trkpt lat="53.640398" lon="10.665299">
        <ele>55.631033</ele>
        <time>2021-07-15T08:08:38.158Z</time>
      </trkpt>
      <trkpt lat="53.640470" lon="10.665446">
        <ele>56.228195</ele>
        <time>2021-07-15T08:08:41.159Z</time>
      </trkpt>
      <trkpt lat="53.640551" lon="10.665546">
        <ele>56.758447</ele>
        <time>2021-07-15T08:08:43.156Z</time>
      </trkpt>
      <trkpt lat="53.640653" lon="10.665689">
        <ele>57.459083</ele>
        <time>2021-07-15T08:08:46.156Z</time>
      </trkpt>
      <trkpt lat="53.640754" lon="10.665880">
        <ele>58.260621</ele>
        <time>2021-07-15T08:08:49.128Z</time>
      </trkpt>
      <trkpt lat="53.640792" lon="10.666037">
        <ele>58.791703</ele>
        <time>2021-07-15T08:08:53.159Z</time>
      </trkpt>
      <trkpt lat="53.640877" lon="10.666160">
        <ele>59.383310</ele>
        <time>2021-07-15T08:08:56.136Z</time>
      </trkpt>
      <trkpt lat="53.640894" lon="10.666354">
        <ele>59.997468</ele>
        <time>2021-07-15T08:09:00.140Z</time>
      </trkpt>
      <trkpt lat="53.640892" lon="10.666526">
        <ele>60.591682</ele>
        <time>2021-07-15T08:09:05.158Z</time>
      </trkpt>
      <trkpt lat="53.640977" lon="10.666585">
        <ele>61.168890</ele>
        <time>2021-07-15T08:09:11.150Z</time>
      </trkpt>
      <trkpt lat="53.641094" lon="10.666616">
        <ele>61.912634</ele>
        <time>2021-07-15T08:09:15.150Z</time>
      </trkpt>
      <trkpt lat="53.641182" lon="10.666706">
        <ele>62.558897</ele>
        <time>2021-07-15T08:09:18.150Z</time>
      </trkpt>
      <trkpt lat="53.641267" lon="10.666816">
        <ele>63.231673</ele>
        <time>2021-07-15T08:09:21.138Z</time>
      </trkpt>
      <trkpt lat="53.641340" lon="10.666965">
        <ele>63.951296</ele>
        <time>2021-07-15T08:09:24.153Z</time>
      </trkpt>
      <trkpt lat="53.641414" lon="10.667077">
        <ele>64.575643</ele>
        <time>2021-07-15T08:09:29.151Z</time>
      </trkpt>
      <trkpt lat="53.641477" lon="10.667213">
        <ele>65.218194</ele>
        <time>2021-07-15T08:09:32.132Z</time>
      </trkpt>
      <trkpt lat="53.641520" lon="10.667375">
        <ele>65.878992</ele>
        <time>2021-07-15T08:09:38.153Z</time>
      </trkpt>
      <trkpt lat="53.641480" lon="10.667522">
        <ele>66.481149</ele>
        <time>2021-07-15T08:09:42.122Z</time>
      </trkpt>
      <trkpt lat="53.641403" lon="10.667645">
        <ele>67.147107</ele>
        <time>2021-07-15T08:09:45.156Z</time>
      </trkpt>
      <trkpt lat="53.641342" lon="10.667763">
        <ele>67.729967</ele>
        <time>2021-07-15T08:09:47.155Z</time>
      </trkpt>
      <trkpt lat="53.641221" lon="10.667923">
        <ele>68.695468</ele>
        <time>2021-07-15T08:09:49.157Z</time>
      </trkpt>
      <trkpt lat="53.641191" lon="10.668117">
        <ele>69.441878</ele>
        <time>2021-07-15T08:09:51.154Z</time>
      </trkpt>
      <trkpt lat="53.641132" lon="10.668233">
        <ele>70.010891</ele>
        <time>2021-07-15T08:09:53.136Z</time>
      </trkpt>
      <trkpt lat="53.641162" lon="10.668425">
        <ele>70.750099</ele>
        <time>2021-07-15T08:09:55.153Z</time>
      </trkpt>
      <trkpt lat="53.641151" lon="10.668581">
        <ele>71.334967</ele>
        <time>2021-07-15T08:09:57.150Z</time>
      </trkpt>
      <trkpt lat="53.641113" lon="10.668765">
        <ele>71.305507</ele>
        <time>2021-07-15T08:10:00.155Z</time>
      </trkpt>
      <trkpt lat="53.641061" lon="10.668903">
        <ele>71.035276</ele>
        <time>2021-07-15T08:10:02.153Z</time>
      </trkpt>
      <trkpt lat="53.641100" lon="10.669055">
        <ele>70.761561</ele>
        <time>2021-07-15T08:10:06.145Z</time>
      </trkpt>
      <trkpt lat="53.641165" lon="10.669247">
        <ele>70.396166</ele>
        <time>2021-07-15T08:10:11.153Z</time>
      </trkpt>
      <trkpt lat="53.641242" lon="10.669348">
        <ele>70.124258</ele>
        <time>2021-07-15T08:10:13.143Z</time>
      </trkpt>
      <trkpt lat="53.641318" lon="10.669435">
        <ele>69.868218</ele>
        <time>2021-07-15T08:10:15.156Z</time>
      </trkpt>
      <trkpt lat="53.641414" lon="10.669571">
        <ele>69.518746</ele>
        <time>2021-07-15T08:10:18.153Z</time>
      </trkpt>
      <trkpt lat="53.641502" lon="10.669687">
        <ele>69.207414</ele>
        <time>2021-07-15T08:10:21.151Z</time>
      </trkpt>
      <trkpt lat="53.641608" lon="10.669821">
        <ele>68.838154</ele>
        <time>2021-07-15T08:10:24.158Z</time>
      </trkpt>
      <trkpt lat="53.641706" lon="10.669941">
        <ele>68.500576</ele>
        <time>2021-07-15T08:10:27.139Z</time>
      </trkpt>
      <trkpt lat="53.641809" lon="10.670042">
        <ele>68.168460</ele>
        <time>2021-07-15T08:10:30.146Z</time>
      </trkpt>
      <trkpt lat="53.641933" lon="10.670081">
        <ele>67.816837</ele>
        <time>2021-07-15T08:10:33.135Z</time>
      </trkpt>
      <trkpt lat="53.642014" lon="10.670166">
        <ele>67.550911</ele>
        <time>2021-07-15T08:10:36.154Z</time>
      </trkpt>
      <trkpt lat="53.642107" lon="10.670213">
        <ele>67.280276</ele>
        <time>2021-07-15T08:10:39.153Z</time>
      </trkpt>
      <trkpt lat="53.642215" lon="10.670273">
        <ele>66.963305</ele>
        <time>2021-07-15T08:10:42.151Z</time>
      </trkpt>
      <trkpt lat="53.642317" lon="10.670355">
        <ele>66.648326</ele>
        <time>2021-07-15T08:10:46.158Z</time>
      </trkpt>
      <trkpt lat="53.642411" lon="10.670449">
        <ele>66.472077</ele>
        <time>2021-07-15T08:10:50.153Z</time>
      </trkpt>
      <trkpt lat="53.642507" lon="10.670459">
        <ele>66.395259</ele>
        <time>2021-07-15T08:10:55.150Z</time>
      </trkpt>
      <trkpt lat="53.642607" lon="10.670490">
        <ele>66.314054</ele>
        <time>2021-07-15T08:10:59.150Z</time>
      </trkpt>
      <trkpt lat="53.642696" lon="10.670590">
        <ele>66.228647</ele>
        <time>2021-07-15T08:11:02.154Z</time>
      </trkpt>
      <trkpt lat="53.642785" lon="10.670681">
        <ele>66.145527</ele>
        <time>2021-07-15T08:11:08.144Z</time>
      </trkpt>
      <trkpt lat="53.642858" lon="10.670802">
        <ele>66.063788</ele>
        <time>2021-07-15T08:11:19.153Z</time>
      </trkpt>
      <trkpt lat="53.642860" lon="10.670962">
        <ele>65.988016</ele>
        <time>2021-07-15T08:11:35.152Z</time>
      </trkpt>
      <trkpt lat="53.642839" lon="10.671112">
        <ele>65.915043</ele>
        <time>2021-07-15T08:11:55.152Z</time>
      </trkpt>
      <trkpt lat="53.642841" lon="10.671294">
        <ele>65.828857</ele>
        <time>2021-07-15T08:11:58.136Z</time>
      </trkpt>
      <trkpt lat="53.642872" lon="10.671439">
        <ele>65.755877</ele>
        <time>2021-07-15T08:12:01.145Z</time>
      </trkpt>
      <trkpt lat="53.642889" lon="10.671599">
        <ele>65.678915</ele>
        <time>2021-07-15T08:12:04.160Z</time>
      </trkpt>
      <trkpt lat="53.642861" lon="10.671755">
        <ele>65.601743</ele>
        <time>2021-07-15T08:12:08.143Z</time>
      </trkpt>
      <trkpt lat="53.642892" lon="10.671949">
        <ele>65.506613</ele>
        <time>2021-07-15T08:12:12.141Z</time>
      </trkpt>
      <trkpt lat="53.642893" lon="10.672101">
        <ele>65.434641</ele>
        <time>2021-07-15T08:12:16.149Z</time>
      </trkpt>
      <trkpt lat="53.642838" lon="10.672259">
        <ele>65.347890</ele>
        <time>2021-07-15T08:12:20.141Z</time>
      </trkpt>
      <trkpt lat="53.642783" lon="10.672405">
        <ele>65.265988</ele>
        <time>2021-07-15T08:12:24.143Z</time>
      </trkpt>
      <trkpt lat="53.642763" lon="10.672590">
        <ele>65.176952</ele>
        <time>2021-07-15T08:12:27.148Z</time>
      </trkpt>
      <trkpt lat="53.642746" lon="10.672801">
        <ele>65.120391</ele>
        <time>2021-07-15T08:12:30.160Z</time>
      </trkpt>
      <trkpt lat="53.642754" lon="10.672983">
        <ele>65.382642</ele>
        <time>2021-07-15T08:12:33.147Z</time>
      </trkpt>
      <trkpt lat="53.642814" lon="10.673177">
        <ele>65.697077</ele>
        <time>2021-07-15T08:12:36.140Z</time>
      </trkpt>
      <trkpt lat="53.642834" lon="10.673382">
        <ele>65.995623</ele>
        <time>2021-07-15T08:12:39.151Z</time>
      </trkpt>
      <trkpt lat="53.642858" lon="10.673546">
        <ele>66.238364</ele>
        <time>2021-07-15T08:12:42.151Z</time>
      </trkpt>
      <trkpt lat="53.642885" lon="10.673702">
        <ele>66.471893</ele>
        <time>2021-07-15T08:12:45.152Z</time>
      </trkpt>
      <trkpt lat="53.642888" lon="10.673879">
        <ele>66.726344</ele>
        <time>2021-07-15T08:12:48.154Z</time>
      </trkpt>
      <trkpt lat="53.642905" lon="10.674122">
        <ele>67.077956</ele>
        <time>2021-07-15T08:12:50.164Z</time>
      </trkpt>
      <trkpt lat="53.642861" lon="10.674268">
        <ele>67.313311</ele>
        <time>2021-07-15T08:12:53.151Z</time>
      </trkpt>
      <trkpt lat="53.642875" lon="10.674494">
        <ele>67.639839</ele>
        <time>2021-07-15T08:12:56.152Z</time>
      </trkpt>
      <trkpt lat="53.642850" lon="10.674683">
        <ele>67.918109</ele>
        <time>2021-07-15T08:13:00.150Z</time>
      </trkpt>
      <trkpt lat="53.642875" lon="10.674864">
        <ele>68.185171</ele>
        <time>2021-07-15T08:13:03.140Z</time>
      </trkpt>
      <trkpt lat="53.642858" lon="10.675046">
        <ele>68.449929</ele>
        <time>2021-07-15T08:13:06.125Z</time>
      </trkpt>
      <trkpt lat="53.642846" lon="10.675230">
        <ele>68.715931</ele>
        <time>2021-07-15T08:13:10.156Z</time>
      </trkpt>
      <trkpt lat="53.642865" lon="10.675436">
        <ele>69.015513</ele>
        <time>2021-07-15T08:13:14.158Z</time>
      </trkpt>
      <trkpt lat="53.642917" lon="10.675601">
        <ele>69.284039</ele>
        <time>2021-07-15T08:13:17.155Z</time>
      </trkpt>
      <trkpt lat="53.642958" lon="10.675802">
        <ele>69.373788</ele>
        <time>2021-07-15T08:13:20.154Z</time>
      </trkpt>
      <trkpt lat="53.642963" lon="10.675982">
        <ele>69.240683</ele>
        <time>2021-07-15T08:13:22.151Z</time>
      </trkpt>
      <trkpt lat="53.642894" lon="10.676109">
        <ele>69.113435</ele>
        <time>2021-07-15T08:13:26.155Z</time>
      </trkpt>
      <trkpt lat="53.642836" lon="10.676258">
        <ele>68.981768</ele>
        <time>2021-07-15T08:13:29.149Z</time>
      </trkpt>
      <trkpt lat="53.642791" lon="10.676442">
        <ele>68.834742</ele>
        <time>2021-07-15T08:13:33.138Z</time>
      </trkpt>
      <trkpt lat="53.642712" lon="10.676568">
        <ele>68.699273</ele>
        <time>2021-07-15T08:13:37.151Z</time>
      </trkpt>
      <trkpt lat="53.642682" lon="10.676758">
        <ele>68.554033</ele>
        <time>2021-07-15T08:13:41.137Z</time>
      </trkpt>
      <trkpt lat="53.642707" lon="10.676932">
        <ele>68.421784</ele>
        <time>2021-07-15T08:13:45.142Z</time>
      </trkpt>
      <trkpt lat="53.642768" lon="10.677073">
        <ele>68.292847</ele>
        <time>2021-07-15T08:13:48.150Z</time>
      </trkpt>
      <trkpt lat="53.642806" lon="10.677261">
        <ele>68.146128</ele>
        <time>2021-07-15T08:13:52.141Z</time>
      </trkpt>
      <trkpt lat="53.642799" lon="10.677435">
        <ele>68.017305</ele>
        <time>2021-07-15T08:13:55.154Z</time>
      </trkpt>
      <trkpt lat="53.642764" lon="10.677583">
        <ele>67.899605</ele>
        <time>2021-07-15T08:13:58.155Z</time>
      </trkpt>
      <trkpt lat="53.642682" lon="10.677803">
        <ele>67.707648</ele>
        <time>2021-07-15T08:14:01.152Z</time>
      </trkpt>
      <trkpt lat="53.642663" lon="10.678007">
        <ele>67.555111</ele>
        <time>2021-07-15T08:14:04.143Z</time>
      </trkpt>
      <trkpt lat="53.642599" lon="10.678126">
        <ele>67.436427</ele>
        <time>2021-07-15T08:14:07.146Z</time>
      </trkpt>
      <trkpt lat="53.642537" lon="10.678263">
        <ele>67.309112</ele>
        <time>2021-07-15T08:14:10.138Z</time>
      </trkpt>
      <trkpt lat="53.642484" lon="10.678412">
        <ele>67.156690</ele>
        <time>2021-07-15T08:14:14.156Z</time>
      </trkpt>
      <trkpt lat="53.642406" lon="10.678530">
        <ele>66.901032</ele>
        <time>2021-07-15T08:14:18.154Z</time>
      </trkpt>
      <trkpt lat="53.642305" lon="10.678610">
        <ele>66.628763</ele>
        <time>2021-07-15T08:14:22.152Z</time>
      </trkpt>
      <trkpt lat="53.642216" lon="10.678673">
        <ele>66.393247</ele>
        <time>2021-07-15T08:14:25.156Z</time>
      </trkpt>
      <trkpt lat="53.642123" lon="10.678764">
        <ele>66.130900</ele>
        <time>2021-07-15T08:14:28.136Z</time>
      </trkpt>
      <trkpt lat="53.641999" lon="10.678810">
        <ele>65.821096</ele>
        <time>2021-07-15T08:14:31.154Z</time>
      </trkpt>
      <trkpt lat="53.641935" lon="10.678980">
        <ele>65.529783</ele>
        <time>2021-07-15T08:14:34.135Z</time>
      </trkpt>
      <trkpt lat="53.641899" lon="10.679193">
        <ele>65.209386</ele>
        <time>2021-07-15T08:14:37.145Z</time>
      </trkpt>
      <trkpt lat="53.641868" lon="10.679395">
        <ele>64.907547</ele>
        <time>2021-07-15T08:14:40.153Z</time>
      </trkpt>
      <trkpt lat="53.641837" lon="10.679550">
        <ele>64.670912</ele>
        <time>2021-07-15T08:14:43.144Z</time>
      </trkpt>
      <trkpt lat="53.641839" lon="10.679732">
        <ele>64.407591</ele>
        <time>2021-07-15T08:14:46.151Z</time>
      </trkpt>
      <trkpt lat="53.641873" lon="10.679873">
        <ele>64.187397</ele>
        <time>2021-07-15T08:14:48.154Z</time>
      </trkpt>
      <trkpt lat="53.641913" lon="10.680014">
        <ele>63.961280</ele>
        <time>2021-07-15T08:14:52.142Z</time>
      </trkpt>
      <trkpt lat="53.641952" lon="10.680166">
        <ele>63.721691</ele>
        <time>2021-07-15T08:14:55.151Z</time>
      </trkpt>
      <trkpt lat="53.642003" lon="10.680340">
        <ele>63.440904</ele>
        <time>2021-07-15T08:14:58.157Z</time>
      </trkpt>
      <trkpt lat="53.642055" lon="10.680510">
        <ele>63.164183</ele>
        <time>2021-07-15T08:15:01.151Z</time>
      </trkpt>
      <trkpt lat="53.642130" lon="10.680649">
        <ele>62.892296</ele>
        <time>2021-07-15T08:15:04.158Z</time>
      </trkpt>
      <trkpt lat="53.642197" lon="10.680754">
        <ele>62.842705</ele>
        <time>2021-07-15T08:15:06.149Z</time>
      </trkpt>
      <trkpt lat="53.642270" lon="10.680881">
        <ele>62.887223</ele>
        <time>2021-07-15T08:15:09.156Z</time>
      </trkpt>
      <trkpt lat="53.642344" lon="10.680985">
        <ele>62.928110</ele>
        <time>2021-07-15T08:15:12.153Z</time>
      </trkpt>
      <trkpt lat="53.642462" lon="10.681010">
        <ele>62.978596</ele>
        <time>2021-07-15T08:15:15.152Z</time>
      </trkpt>
      <trkpt lat="53.642594" lon="10.680984">
        <ele>63.035011</ele>
        <time>2021-07-15T08:15:18.158Z</time>
      </trkpt>
      <trkpt lat="53.642707" lon="10.681002">
        <ele>63.083194</ele>
        <time>2021-07-15T08:15:22.154Z</time>
      </trkpt>
      <trkpt lat="53.642809" lon="10.681076">
        <ele>63.130329</ele>
        <time>2021-07-15T08:15:25.154Z</time>
      </trkpt>
      <trkpt lat="53.642878" lon="10.681181">
        <ele>63.169777</ele>
        <time>2021-07-15T08:15:27.142Z</time>
      </trkpt>
      <trkpt lat="53.642952" lon="10.681373">
        <ele>63.227409</ele>
        <time>2021-07-15T08:15:30.149Z</time>
      </trkpt>
      <trkpt lat="53.643019" lon="10.681529">
        <ele>63.275887</ele>
        <time>2021-07-15T08:15:33.153Z</time>
      </trkpt>
      <trkpt lat="53.643097" lon="10.681649">
        <ele>63.320701</ele>
        <time>2021-07-15T08:15:36.150Z</time>
      </trkpt>
      <trkpt lat="53.643160" lon="10.681760">
        <ele>63.359373</ele>
        <time>2021-07-15T08:15:39.166Z</time>
      </trkpt>
      <trkpt lat="53.643222" lon="10.681892">
        <ele>63.401754</ele>
        <time>2021-07-15T08:15:42.153Z</time>
      </trkpt>
      <trkpt lat="53.643308" lon="10.681992">
        <ele>63.446095</ele>
        <time>2021-07-15T08:15:46.153Z</time>
      </trkpt>
      <trkpt lat="53.643375" lon="10.682127">
        <ele>63.490402</ele>
        <time>2021-07-15T08:15:49.156Z</time>
      </trkpt>
      <trkpt lat="53.643400" lon="10.682313">
        <ele>63.538397</ele>
        <time>2021-07-15T08:15:53.144Z</time>
      </trkpt>
      <trkpt lat="53.643380" lon="10.682492">
        <ele>63.564807</ele>
        <time>2021-07-15T08:15:57.157Z</time>
      </trkpt>
      <trkpt lat="53.643246" lon="10.682754">
        <ele>63.196409</ele>
        <time>2021-07-15T08:15:59.141Z</time>
      </trkpt>
      <trkpt lat="53.643199" lon="10.682977">
        <ele>62.944437</ele>
        <time>2021-07-15T08:16:01.136Z</time>
      </trkpt>
      <trkpt lat="53.643228" lon="10.683154">
        <ele>62.748932</ele>
        <time>2021-07-15T08:16:04.152Z</time>
      </trkpt>
      <trkpt lat="53.643325" lon="10.683248">
        <ele>62.548029</ele>
        <time>2021-07-15T08:16:06.136Z</time>
      </trkpt>
      <trkpt lat="53.643390" lon="10.683394">
        <ele>62.353640</ele>
        <time>2021-07-15T08:16:09.155Z</time>
      </trkpt>
      <trkpt lat="53.643473" lon="10.683539">
        <ele>62.139049</ele>
        <time>2021-07-15T08:16:13.152Z</time>
      </trkpt>
      <trkpt lat="53.643494" lon="10.683736">
        <ele>61.925953</ele>
        <time>2021-07-15T08:16:16.151Z</time>
      </trkpt>
      <trkpt lat="53.643592" lon="10.683813">
        <ele>61.731799</ele>
        <time>2021-07-15T08:16:19.148Z</time>
      </trkpt>
      <trkpt lat="53.643707" lon="10.683898">
        <ele>61.506315</ele>
        <time>2021-07-15T08:16:22.153Z</time>
      </trkpt>
      <trkpt lat="53.643821" lon="10.683893">
        <ele>61.301512</ele>
        <time>2021-07-15T08:16:23.159Z</time>
      </trkpt>
      <trkpt lat="53.643914" lon="10.684032">
        <ele>61.078366</ele>
        <time>2021-07-15T08:16:25.139Z</time>
      </trkpt>
      <trkpt lat="53.643997" lon="10.684162">
        <ele>60.874961</ele>
        <time>2021-07-15T08:16:27.151Z</time>
      </trkpt>
      <trkpt lat="53.644050" lon="10.684327">
        <ele>60.675170</ele>
        <time>2021-07-15T08:16:33.150Z</time>
      </trkpt>
      <trkpt lat="53.644026" lon="10.684483">
        <ele>60.503588</ele>
        <time>2021-07-15T08:16:37.151Z</time>
      </trkpt>
      <trkpt lat="53.644022" lon="10.684656">
        <ele>60.321852</ele>
        <time>2021-07-15T08:16:41.154Z</time>
      </trkpt>
      <trkpt lat="53.644032" lon="10.684834">
        <ele>60.147331</ele>
        <time>2021-07-15T08:16:45.145Z</time>
      </trkpt>
      <trkpt lat="53.644079" lon="10.684966">
        <ele>59.997032</ele>
        <time>2021-07-15T08:16:48.140Z</time>
      </trkpt>
      <trkpt lat="53.644120" lon="10.685101">
        <ele>59.848975</ele>
        <time>2021-07-15T08:16:51.154Z</time>
      </trkpt>
      <trkpt lat="53.644194" lon="10.685256">
        <ele>59.654717</ele>
        <time>2021-07-15T08:16:54.143Z</time>
      </trkpt>
      <trkpt lat="53.644196" lon="10.685417">
        <ele>59.497534</ele>
        <time>2021-07-15T08:16:57.140Z</time>
      </trkpt>
      <trkpt lat="53.644185" lon="10.685574">
        <ele>59.343223</ele>
        <time>2021-07-15T08:17:00.140Z</time>
      </trkpt>
      <trkpt lat="53.644179" lon="10.685781">
        <ele>59.140932</ele>
        <time>2021-07-15T08:17:05.132Z</time>
      </trkpt>
      <trkpt lat="53.644188" lon="10.685944">
        <ele>58.981143</ele>
        <time>2021-07-15T08:17:08.154Z</time>
      </trkpt>
      <trkpt lat="53.644205" lon="10.686116">
        <ele>58.810939</ele>
        <time>2021-07-15T08:17:11.149Z</time>
      </trkpt>
      <trkpt lat="53.644208" lon="10.686281">
        <ele>58.649810</ele>
        <time>2021-07-15T08:17:14.156Z</time>
      </trkpt>
      <trkpt lat="53.644237" lon="10.686450">
        <ele>58.478080</ele>
        <time>2021-07-15T08:17:17.154Z</time>
      </trkpt>
      <trkpt lat="53.644277" lon="10.686636">
        <ele>58.284952</ele>
        <time>2021-07-15T08:17:21.153Z</time>
      </trkpt>
      <trkpt lat="53.644320" lon="10.686854">
        <ele>58.060697</ele>
        <time>2021-07-15T08:17:24.153Z</time>
      </trkpt>
      <trkpt lat="53.644386" lon="10.687001">
        <ele>57.880704</ele>
        <time>2021-07-15T08:17:26.159Z</time>
      </trkpt>
      <trkpt lat="53.644463" lon="10.687145">
        <ele>57.691415</ele>
        <time>2021-07-15T08:17:29.141Z</time>
      </trkpt>
      <trkpt lat="53.644513" lon="10.687313">
        <ele>57.507928</ele>
        <time>2021-07-15T08:17:33.151Z</time>
      </trkpt>
      <trkpt lat="53.644510" lon="10.687473">
        <ele>57.411650</ele>
        <time>2021-07-15T08:17:37.149Z</time>
      </trkpt>
      <trkpt lat="53.644557" lon="10.687649">
        <ele>57.528115</ele>
        <time>2021-07-15T08:17:40.153Z</time>
      </trkpt>
      <trkpt lat="53.644605" lon="10.687794">
        <ele>57.628315</ele>
        <time>2021-07-15T08:17:43.152Z</time>
      </trkpt>
      <trkpt lat="53.644665" lon="10.687982">
        <ele>57.757135</ele>
        <time>2021-07-15T08:17:46.141Z</time>
      </trkpt>
      <trkpt lat="53.644709" lon="10.688152">
        <ele>57.869052</ele>
        <time>2021-07-15T08:17:49.149Z</time>
      </trkpt>
      <trkpt lat="53.644719" lon="10.688322">
        <ele>57.972122</ele>
        <time>2021-07-15T08:17:52.140Z</time>
      </trkpt>
      <trkpt lat="53.644735" lon="10.688505">
        <ele>58.083726</ele>
        <time>2021-07-15T08:17:55.149Z</time>
      </trkpt>
      <trkpt lat="53.644729" lon="10.688677">
        <ele>58.187679</ele>
        <time>2021-07-15T08:17:58.130Z</time>
      </trkpt>
      <trkpt lat="53.644751" lon="10.688829">
        <ele>58.282079</ele>
        <time>2021-07-15T08:18:01.150Z</time>
      </trkpt>
      <trkpt lat="53.644797" lon="10.688989">
        <ele>58.389366</ele>
        <time>2021-07-15T08:18:05.150Z</time>
      </trkpt>
      <trkpt lat="53.644847" lon="10.689166">
        <ele>58.507661</ele>
        <time>2021-07-15T08:18:09.152Z</time>
      </trkpt>
      <trkpt lat="53.644889" lon="10.689339">
        <ele>58.620451</ele>
        <time>2021-07-15T08:18:14.138Z</time>
      </trkpt>
      <trkpt lat="53.644885" lon="10.689521">
        <ele>58.730333</ele>
        <time>2021-07-15T08:18:18.153Z</time>
      </trkpt>
      <trkpt lat="53.644798" lon="10.689608">
        <ele>58.833268</ele>
        <time>2021-07-15T08:18:21.142Z</time>
      </trkpt>
      <trkpt lat="53.644707" lon="10.689727">
        <ele>58.950456</ele>
        <time>2021-07-15T08:18:24.151Z</time>
      </trkpt>
      <trkpt lat="53.644662" lon="10.689878">
        <ele>59.052424</ele>
        <time>2021-07-15T08:18:27.150Z</time>
      </trkpt>
      <trkpt lat="53.644626" lon="10.690044">
        <ele>59.159069</ele>
        <time>2021-07-15T08:18:30.151Z</time>
      </trkpt>
      <trkpt lat="53.644599" lon="10.690210">
        <ele>59.268068</ele>
        <time>2021-07-15T08:18:33.154Z</time>
      </trkpt>
      <trkpt lat="53.644571" lon="10.690374">
        <ele>59.383200</ele>
        <time>2021-07-15T08:18:36.150Z</time>
      </trkpt>
      <trkpt lat="53.644588" lon="10.690556">
        <ele>59.507493</ele>
        <time>2021-07-15T08:18:39.140Z</time>
      </trkpt>
      <trkpt lat="53.644616" lon="10.690712">
        <ele>59.617449</ele>
        <time>2021-07-15T08:18:45.139Z</time>
      </trkpt>
      <trkpt lat="53.644541" lon="10.690883">
        <ele>59.760948</ele>
        <time>2021-07-15T08:18:50.139Z</time>
      </trkpt>
      <trkpt lat="53.644471" lon="10.691005">
        <ele>59.875488</ele>
        <time>2021-07-15T08:18:53.142Z</time>
      </trkpt>
      <trkpt lat="53.644394" lon="10.691152">
        <ele>60.007822</ele>
        <time>2021-07-15T08:18:56.149Z</time>
      </trkpt>
      <trkpt lat="53.644282" lon="10.691290">
        <ele>60.165658</ele>
        <time>2021-07-15T08:19:00.140Z</time>
      </trkpt>
      <trkpt lat="53.644199" lon="10.691377">
        <ele>60.276862</ele>
        <time>2021-07-15T08:19:03.155Z</time>
      </trkpt>
      <trkpt lat="53.644103" lon="10.691420">
        <ele>60.389896</ele>
        <time>2021-07-15T08:19:06.154Z</time>
      </trkpt>
      <trkpt lat="53.644007" lon="10.691473">
        <ele>60.504847</ele>
        <time>2021-07-15T08:19:08.148Z</time>
      </trkpt>
      <trkpt lat="53.643892" lon="10.691516">
        <ele>60.638894</ele>
        <time>2021-07-15T08:19:11.148Z</time>
      </trkpt>
      <trkpt lat="53.643780" lon="10.691500">
        <ele>60.766807</ele>
        <time>2021-07-15T08:19:15.150Z</time>
      </trkpt>
      <trkpt lat="53.643687" lon="10.691510">
        <ele>60.872856</ele>
        <time>2021-07-15T08:19:18.154Z</time>
      </trkpt>
      <trkpt lat="53.643574" lon="10.691536">
        <ele>61.002642</ele>
        <time>2021-07-15T08:19:21.152Z</time>
      </trkpt>
      <trkpt lat="53.643462" lon="10.691531">
        <ele>61.130143</ele>
        <time>2021-07-15T08:19:24.155Z</time>
      </trkpt>
      <trkpt lat="53.643365" lon="10.691546">
        <ele>61.240993</ele>
        <time>2021-07-15T08:19:28.141Z</time>
      </trkpt>
      <trkpt lat="53.643269" lon="10.691568">
        <ele>61.275470</ele>
        <time>2021-07-15T08:19:32.157Z</time>
      </trkpt>
      <trkpt lat="53.643166" lon="10.691594">
        <ele>61.288342</ele>
        <time>2021-07-15T08:19:36.151Z</time>
      </trkpt>
      <trkpt lat="53.643076" lon="10.691604">
        <ele>61.299489</ele>
        <time>2021-07-15T08:19:39.160Z</time>
      </trkpt>
      <trkpt lat="53.642982" lon="10.691620">
        <ele>61.311166</ele>
        <time>2021-07-15T08:19:42.163Z</time>
      </trkpt>
      <trkpt lat="53.642852" lon="10.691621">
        <ele>61.327233</ele>
        <time>2021-07-15T08:19:45.151Z</time>
      </trkpt>
      <trkpt lat="53.642739" lon="10.691636">
        <ele>61.341242</ele>
        <time>2021-07-15T08:19:49.143Z</time>
      </trkpt>
      <trkpt lat="53.642645" lon="10.691625">
        <ele>61.352888</ele>
        <time>2021-07-15T08:19:52.140Z</time>
      </trkpt>
      <trkpt lat="53.642562" lon="10.691548">
        <ele>61.364595</ele>
        <time>2021-07-15T08:19:55.156Z</time>
      </trkpt>
      <trkpt lat="53.642474" lon="10.691464">
        <ele>61.377092</ele>
        <time>2021-07-15T08:19:58.152Z</time>
      </trkpt>
      <trkpt lat="53.642382" lon="10.691383">
        <ele>61.389918</ele>
        <time>2021-07-15T08:20:01.143Z</time>
      </trkpt>
      <trkpt lat="53.642286" lon="10.691321">
        <ele>61.402623</ele>
        <time>2021-07-15T08:20:04.137Z</time>
      </trkpt>
      <trkpt lat="53.642191" lon="10.691268">
        <ele>61.414990</ele>
        <time>2021-07-15T08:20:07.147Z</time>
      </trkpt>
      <trkpt lat="53.642095" lon="10.691220">
        <ele>61.427365</ele>
        <time>2021-07-15T08:20:10.152Z</time>
      </trkpt>
      <trkpt lat="53.641970" lon="10.691152">
        <ele>61.443598</ele>
        <time>2021-07-15T08:20:13.156Z</time>
      </trkpt>
      <trkpt lat="53.641864" lon="10.690981">
        <ele>61.461726</ele>
        <time>2021-07-15T08:20:17.149Z</time>
      </trkpt>
      <trkpt lat="53.641760" lon="10.690890">
        <ele>61.476206</ele>
        <time>2021-07-15T08:20:20.147Z</time>
      </trkpt>
      <trkpt lat="53.641673" lon="10.690799">
        <ele>61.500673</ele>
        <time>2021-07-15T08:20:23.154Z</time>
      </trkpt>
      <trkpt lat="53.641590" lon="10.690738">
        <ele>61.924804</ele>
        <time>2021-07-15T08:20:26.144Z</time>
      </trkpt>
      <trkpt lat="53.641514" lon="10.690656">
        <ele>62.347443</ele>
        <time>2021-07-15T08:20:30.153Z</time>
      </trkpt>
      <trkpt lat="53.641545" lon="10.690501">
        <ele>62.801751</ele>
        <time>2021-07-15T08:20:35.142Z</time>
      </trkpt>
      <trkpt lat="53.641534" lon="10.690188">
        <ele>63.672553</ele>
        <time>2021-07-15T08:22:28.160Z</time>
      </trkpt>
      <trkpt lat="53.641525" lon="10.690031">
        <ele>64.110613</ele>
        <time>2021-07-15T08:22:31.151Z</time>
      </trkpt>
      <trkpt lat="53.641513" lon="10.689864">
        <ele>64.577807</ele>
        <time>2021-07-15T08:22:34.152Z</time>
      </trkpt>
      <trkpt lat="53.641493" lon="10.689686">
        <ele>65.080956</ele>
        <time>2021-07-15T08:22:37.149Z</time>
      </trkpt>
      <trkpt lat="53.641465" lon="10.689505">
        <ele>65.600469</ele>
        <time>2021-07-15T08:22:40.144Z</time>
      </trkpt>
      <trkpt lat="53.641447" lon="10.689338">
        <ele>66.071872</ele>
        <time>2021-07-15T08:22:43.158Z</time>
      </trkpt>
      <trkpt lat="53.641436" lon="10.689137">
        <ele>66.632472</ele>
        <time>2021-07-15T08:22:47.150Z</time>
      </trkpt>
      <trkpt lat="53.641429" lon="10.688971">
        <ele>67.094660</ele>
        <time>2021-07-15T08:22:50.155Z</time>
      </trkpt>
      <trkpt lat="53.641422" lon="10.688815">
        <ele>67.529149</ele>
        <time>2021-07-15T08:22:53.161Z</time>
      </trkpt>
      <trkpt lat="53.641402" lon="10.688652">
        <ele>67.991435</ele>
        <time>2021-07-15T08:22:56.152Z</time>
      </trkpt>
      <trkpt lat="53.641398" lon="10.688495">
        <ele>68.427865</ele>
        <time>2021-07-15T08:22:59.155Z</time>
      </trkpt>
      <trkpt lat="53.641418" lon="10.688327">
        <ele>68.903757</ele>
        <time>2021-07-15T08:23:02.150Z</time>
      </trkpt>
      <trkpt lat="53.641430" lon="10.688159">
        <ele>69.373709</ele>
        <time>2021-07-15T08:23:05.128Z</time>
      </trkpt>
      <trkpt lat="53.641443" lon="10.687970">
        <ele>69.902129</ele>
        <time>2021-07-15T08:23:08.156Z</time>
      </trkpt>
      <trkpt lat="53.641509" lon="10.687812">
        <ele>70.127009</ele>
        <time>2021-07-15T08:23:11.155Z</time>
      </trkpt>
      <trkpt lat="53.641540" lon="10.687661">
        <ele>70.306800</ele>
        <time>2021-07-15T08:23:13.157Z</time>
      </trkpt>
      <trkpt lat="53.641621" lon="10.687483">
        <ele>70.559269</ele>
        <time>2021-07-15T08:23:16.151Z</time>
      </trkpt>
      <trkpt lat="53.641678" lon="10.687288">
        <ele>70.803886</ele>
        <time>2021-07-15T08:23:19.147Z</time>
      </trkpt>
      <trkpt lat="53.641688" lon="10.687134">
        <ele>70.978190</ele>
        <time>2021-07-15T08:23:21.131Z</time>
      </trkpt>
      <trkpt lat="53.641695" lon="10.686982">
        <ele>71.149723</ele>
        <time>2021-07-15T08:23:23.156Z</time>
      </trkpt>
      <trkpt lat="53.641688" lon="10.686760">
        <ele>71.399851</ele>
        <time>2021-07-15T08:23:26.150Z</time>
      </trkpt>
      <trkpt lat="53.641730" lon="10.686553">
        <ele>71.646012</ele>
        <time>2021-07-15T08:23:29.165Z</time>
      </trkpt>
      <trkpt lat="53.641771" lon="10.686394">
        <ele>71.841095</ele>
        <time>2021-07-15T08:23:32.160Z</time>
      </trkpt>
      <trkpt lat="53.641852" lon="10.686236">
        <ele>72.076113</ele>
        <time>2021-07-15T08:23:35.154Z</time>
      </trkpt>
      <trkpt lat="53.641925" lon="10.686071">
        <ele>72.307754</ele>
        <time>2021-07-15T08:23:38.155Z</time>
      </trkpt>
      <trkpt lat="53.641905" lon="10.685872">
        <ele>72.534845</ele>
        <time>2021-07-15T08:23:42.154Z</time>
      </trkpt>
      <trkpt lat="53.641873" lon="10.685719">
        <ele>72.717385</ele>
        <time>2021-07-15T08:23:48.153Z</time>
      </trkpt>
      <trkpt lat="53.641904" lon="10.685568">
        <ele>72.897176</ele>
        <time>2021-07-15T08:23:53.150Z</time>
      </trkpt>
      <trkpt lat="53.641998" lon="10.685554">
        <ele>73.076268</ele>
        <time>2021-07-15T08:23:58.158Z</time>
      </trkpt>
      <trkpt lat="53.642056" lon="10.685714">
        <ele>73.287273</ele>
        <time>2021-07-15T08:24:05.151Z</time>
      </trkpt>
      <trkpt lat="53.642137" lon="10.685793">
        <ele>72.860483</ele>
        <time>2021-07-15T08:24:09.153Z</time>
      </trkpt>
      <trkpt lat="53.642226" lon="10.685755">
        <ele>72.264303</ele>
        <time>2021-07-15T08:24:12.153Z</time>
      </trkpt>
      <trkpt lat="53.642291" lon="10.685650">
        <ele>71.679869</ele>
        <time>2021-07-15T08:24:15.155Z</time>
      </trkpt>
      <trkpt lat="53.642344" lon="10.685508">
        <ele>71.033887</ele>
        <time>2021-07-15T08:24:18.155Z</time>
      </trkpt>
      <trkpt lat="53.642413" lon="10.685353">
        <ele>70.287677</ele>
        <time>2021-07-15T08:24:21.160Z</time>
      </trkpt>
      <trkpt lat="53.642478" lon="10.685234">
        <ele>69.664750</ele>
        <time>2021-07-15T08:24:24.152Z</time>
      </trkpt>
      <trkpt lat="53.642537" lon="10.685046">
        <ele>68.845850</ele>
        <time>2021-07-15T08:24:28.155Z</time>
      </trkpt>
      <trkpt lat="53.642655" lon="10.684897">
        <ele>67.888667</ele>
        <time>2021-07-15T08:24:31.254Z</time>
      </trkpt>
      <trkpt lat="53.642714" lon="10.684770">
        <ele>67.267517</ele>
        <time>2021-07-15T08:24:34.155Z</time>
      </trkpt>
      <trkpt lat="53.642722" lon="10.684587">
        <ele>66.561113</ele>
        <time>2021-07-15T08:24:37.233Z</time>
      </trkpt>
      <trkpt lat="53.642788" lon="10.684351">
        <ele>65.556569</ele>
        <time>2021-07-15T08:24:39.156Z</time>
      </trkpt>
      <trkpt lat="53.642808" lon="10.684150">
        <ele>64.771962</ele>
        <time>2021-07-15T08:24:42.154Z</time>
      </trkpt>
      <trkpt lat="53.642787" lon="10.683949">
        <ele>63.986252</ele>
        <time>2021-07-15T08:24:46.144Z</time>
      </trkpt>
      <trkpt lat="53.642808" lon="10.683787">
        <ele>63.347870</ele>
        <time>2021-07-15T08:24:49.250Z</time>
      </trkpt>
      <trkpt lat="53.642757" lon="10.683660">
        <ele>62.757348</ele>
        <time>2021-07-15T08:24:53.156Z</time>
      </trkpt>
      <trkpt lat="53.642760" lon="10.683501">
        <ele>62.144940</ele>
        <time>2021-07-15T08:24:57.153Z</time>
      </trkpt>
      <trkpt lat="53.642722" lon="10.683338">
        <ele>61.571326</ele>
        <time>2021-07-15T08:25:00.155Z</time>
      </trkpt>
      <trkpt lat="53.642588" lon="10.683182">
        <ele>61.114071</ele>
        <time>2021-07-15T08:25:02.152Z</time>
      </trkpt>
      <trkpt lat="53.642487" lon="10.683141">
        <ele>60.822320</ele>
        <time>2021-07-15T08:25:04.153Z</time>
      </trkpt>
      <trkpt lat="53.642384" lon="10.683075">
        <ele>60.512882</ele>
        <time>2021-07-15T08:25:07.256Z</time>
      </trkpt>
      <trkpt lat="53.642270" lon="10.683015">
        <ele>60.177497</ele>
        <time>2021-07-15T08:25:10.153Z</time>
      </trkpt>
      <trkpt lat="53.642180" lon="10.682990">
        <ele>59.921333</ele>
        <time>2021-07-15T08:25:13.232Z</time>
      </trkpt>
      <trkpt lat="53.642082" lon="10.682954">
        <ele>59.639655</ele>
        <time>2021-07-15T08:25:16.154Z</time>
      </trkpt>
      <trkpt lat="53.641979" lon="10.682905">
        <ele>59.339101</ele>
        <time>2021-07-15T08:25:19.231Z</time>
      </trkpt>
      <trkpt lat="53.641875" lon="10.682828">
        <ele>59.020127</ele>
        <time>2021-07-15T08:25:22.152Z</time>
      </trkpt>
      <trkpt lat="53.641777" lon="10.682697">
        <ele>58.668956</ele>
        <time>2021-07-15T08:25:24.153Z</time>
      </trkpt>
      <trkpt lat="53.641709" lon="10.682564">
        <ele>58.376544</ele>
        <time>2021-07-15T08:25:27.153Z</time>
      </trkpt>
      <trkpt lat="53.641754" lon="10.682374">
        <ele>58.035895</ele>
        <time>2021-07-15T08:25:29.154Z</time>
      </trkpt>
      <trkpt lat="53.641760" lon="10.682214">
        <ele>57.768972</ele>
        <time>2021-07-15T08:25:32.155Z</time>
      </trkpt>
      <trkpt lat="53.641758" lon="10.682048">
        <ele>57.492536</ele>
        <time>2021-07-15T08:25:35.152Z</time>
      </trkpt>
      <trkpt lat="53.641674" lon="10.681910">
        <ele>57.163228</ele>
        <time>2021-07-15T08:25:39.153Z</time>
      </trkpt>
      <trkpt lat="53.641581" lon="10.681823">
        <ele>56.864566</ele>
        <time>2021-07-15T08:25:42.152Z</time>
      </trkpt>
      <trkpt lat="53.641542" lon="10.681674">
        <ele>56.595146</ele>
        <time>2021-07-15T08:25:46.157Z</time>
      </trkpt>
      <trkpt lat="53.641442" lon="10.681542">
        <ele>56.431141</ele>
        <time>2021-07-15T08:25:51.149Z</time>
      </trkpt>
      <trkpt lat="53.641338" lon="10.681504">
        <ele>56.293700</ele>
        <time>2021-07-15T08:25:54.150Z</time>
      </trkpt>
      <trkpt lat="53.641230" lon="10.681450">
        <ele>56.148209</ele>
        <time>2021-07-15T08:25:57.154Z</time>
      </trkpt>
      <trkpt lat="53.641122" lon="10.681367">
        <ele>55.994922</ele>
        <time>2021-07-15T08:26:00.155Z</time>
      </trkpt>
      <trkpt lat="53.641026" lon="10.681269">
        <ele>55.849990</ele>
        <time>2021-07-15T08:26:03.154Z</time>
      </trkpt>
      <trkpt lat="53.640938" lon="10.681185">
        <ele>55.719393</ele>
        <time>2021-07-15T08:26:06.154Z</time>
      </trkpt>
      <trkpt lat="53.640847" lon="10.681088">
        <ele>55.580357</ele>
        <time>2021-07-15T08:26:09.159Z</time>
      </trkpt>
      <trkpt lat="53.640749" lon="10.680969">
        <ele>55.424395</ele>
        <time>2021-07-15T08:26:12.152Z</time>
      </trkpt>
      <trkpt lat="53.640666" lon="10.680867">
        <ele>55.291759</ele>
        <time>2021-07-15T08:26:15.153Z</time>
      </trkpt>
      <trkpt lat="53.640566" lon="10.680772">
        <ele>55.143524</ele>
        <time>2021-07-15T08:26:18.154Z</time>
      </trkpt>
      <trkpt lat="53.640479" lon="10.680676">
        <ele>55.009247</ele>
        <time>2021-07-15T08:26:21.152Z</time>
      </trkpt>
      <trkpt lat="53.640382" lon="10.680583">
        <ele>54.865139</ele>
        <time>2021-07-15T08:26:24.155Z</time>
      </trkpt>
      <trkpt lat="53.640278" lon="10.680492">
        <ele>54.713815</ele>
        <time>2021-07-15T08:26:27.157Z</time>
      </trkpt>
      <trkpt lat="53.640167" lon="10.680394">
        <ele>54.551997</ele>
        <time>2021-07-15T08:26:30.158Z</time>
      </trkpt>
      <trkpt lat="53.640075" lon="10.680289">
        <ele>54.408526</ele>
        <time>2021-07-15T08:26:33.158Z</time>
      </trkpt>
      <trkpt lat="53.639984" lon="10.680214">
        <ele>54.277711</ele>
        <time>2021-07-15T08:26:36.153Z</time>
      </trkpt>
      <trkpt lat="53.639887" lon="10.680125">
        <ele>54.718147</ele>
        <time>2021-07-15T08:26:39.153Z</time>
      </trkpt>
      <trkpt lat="53.639795" lon="10.680022">
        <ele>55.176167</ele>
        <time>2021-07-15T08:26:42.158Z</time>
      </trkpt>
      <trkpt lat="53.639723" lon="10.679909">
        <ele>55.584103</ele>
        <time>2021-07-15T08:26:45.152Z</time>
      </trkpt>
      <trkpt lat="53.639628" lon="10.679805">
        <ele>56.053877</ele>
        <time>2021-07-15T08:26:49.230Z</time>
      </trkpt>
      <trkpt lat="53.639552" lon="10.679721">
        <ele>56.430770</ele>
        <time>2021-07-15T08:26:52.154Z</time>
      </trkpt>
      <trkpt lat="53.639481" lon="10.679627">
        <ele>56.805160</ele>
        <time>2021-07-15T08:26:55.247Z</time>
      </trkpt>
      <trkpt lat="53.639387" lon="10.679521">
        <ele>57.274176</ele>
        <time>2021-07-15T08:26:59.161Z</time>
      </trkpt>
      <trkpt lat="53.639286" lon="10.679453">
        <ele>57.725258</ele>
        <time>2021-07-15T08:27:02.149Z</time>
      </trkpt>
      <trkpt lat="53.639198" lon="10.679332">
        <ele>58.196194</ele>
        <time>2021-07-15T08:27:06.163Z</time>
      </trkpt>
      <trkpt lat="53.639059" lon="10.679255">
        <ele>58.803055</ele>
        <time>2021-07-15T08:27:09.159Z</time>
      </trkpt>
      <trkpt lat="53.638974" lon="10.679133">
        <ele>59.266003</ele>
        <time>2021-07-15T08:27:14.160Z</time>
      </trkpt>
      <trkpt lat="53.638924" lon="10.678975">
        <ele>59.706442</ele>
        <time>2021-07-15T08:27:18.154Z</time>
      </trkpt>
      <trkpt lat="53.638855" lon="10.678852">
        <ele>60.122867</ele>
        <time>2021-07-15T08:27:22.156Z</time>
      </trkpt>
      <trkpt lat="53.638763" lon="10.678827">
        <ele>60.509397</ele>
        <time>2021-07-15T08:27:26.150Z</time>
      </trkpt>
      <trkpt lat="53.638674" lon="10.678752">
        <ele>60.922073</ele>
        <time>2021-07-15T08:27:31.254Z</time>
      </trkpt>
      <trkpt lat="53.638586" lon="10.678664">
        <ele>61.346422</ele>
        <time>2021-07-15T08:27:34.137Z</time>
      </trkpt>
      <trkpt lat="53.638477" lon="10.678519">
        <ele>61.655745</ele>
        <time>2021-07-15T08:27:39.153Z</time>
      </trkpt>
      <trkpt lat="53.638404" lon="10.678403">
        <ele>61.482221</ele>
        <time>2021-07-15T08:27:43.233Z</time>
      </trkpt>
      <trkpt lat="53.638319" lon="10.678315">
        <ele>61.309665</ele>
        <time>2021-07-15T08:27:48.156Z</time>
      </trkpt>
      <trkpt lat="53.638228" lon="10.678210">
        <ele>61.118905</ele>
        <time>2021-07-15T08:27:53.153Z</time>
      </trkpt>
      <trkpt lat="53.638152" lon="10.678109">
        <ele>60.951502</ele>
        <time>2021-07-15T08:27:57.152Z</time>
      </trkpt>
      <trkpt lat="53.638087" lon="10.677989">
        <ele>60.784771</ele>
        <time>2021-07-15T08:28:01.222Z</time>
      </trkpt>
      <trkpt lat="53.638012" lon="10.677869">
        <ele>60.605914</ele>
        <time>2021-07-15T08:28:04.153Z</time>
      </trkpt>
      <trkpt lat="53.637914" lon="10.677833">
        <ele>60.432384</ele>
        <time>2021-07-15T08:28:10.156Z</time>
      </trkpt>
      <trkpt lat="53.637782" lon="10.677836">
        <ele>60.203983</ele>
        <time>2021-07-15T08:28:14.152Z</time>
      </trkpt>
      <trkpt lat="53.637660" lon="10.677880">
        <ele>59.988133</ele>
        <time>2021-07-15T08:28:17.130Z</time>
      </trkpt>
      <trkpt lat="53.637590" lon="10.677991">
        <ele>59.821903</ele>
        <time>2021-07-15T08:28:19.232Z</time>
      </trkpt>
      <trkpt lat="53.637524" lon="10.678123">
        <ele>59.644776</ele>
        <time>2021-07-15T08:28:21.153Z</time>
      </trkpt>
      <trkpt lat="53.637494" lon="10.678292">
        <ele>59.463814</ele>
        <time>2021-07-15T08:28:23.161Z</time>
      </trkpt>
      <trkpt lat="53.637511" lon="10.678488">
        <ele>59.260618</ele>
        <time>2021-07-15T08:28:26.153Z</time>
      </trkpt>
      <trkpt lat="53.637555" lon="10.678686">
        <ele>59.043713</ele>
        <time>2021-07-15T08:28:29.155Z</time>
      </trkpt>
      <trkpt lat="53.637580" lon="10.678836">
        <ele>58.883881</ele>
        <time>2021-07-15T08:28:31.258Z</time>
      </trkpt>
      <trkpt lat="53.637602" lon="10.679031">
        <ele>58.680262</ele>
        <time>2021-07-15T08:28:34.156Z</time>
      </trkpt>
      <trkpt lat="53.637638" lon="10.679227">
        <ele>59.066236</ele>
        <time>2021-07-15T08:28:37.230Z</time>
      </trkpt>
      <trkpt lat="53.637638" lon="10.679417">
        <ele>59.633732</ele>
        <time>2021-07-15T08:28:41.155Z</time>
      </trkpt>
      <trkpt lat="53.637661" lon="10.679606">
        <ele>60.210009</ele>
        <time>2021-07-15T08:28:44.158Z</time>
      </trkpt>
      <trkpt lat="53.637671" lon="10.679777">
        <ele>60.723232</ele>
        <time>2021-07-15T08:28:47.159Z</time>
      </trkpt>
      <trkpt lat="53.637578" lon="10.680042">
        <ele>61.643006</ele>
        <time>2021-07-15T08:28:50.159Z</time>
      </trkpt>
      <trkpt lat="53.637558" lon="10.680238">
        <ele>62.237030</ele>
        <time>2021-07-15T08:28:52.152Z</time>
      </trkpt>
      <trkpt lat="53.637540" lon="10.680393">
        <ele>62.708785</ele>
        <time>2021-07-15T08:28:55.236Z</time>
      </trkpt>
      <trkpt lat="53.637570" lon="10.680554">
        <ele>63.212853</ele>
        <time>2021-07-15T08:28:58.160Z</time>
      </trkpt>
      <trkpt lat="53.637597" lon="10.680754">
        <ele>63.825508</ele>
        <time>2021-07-15T08:29:01.225Z</time>
      </trkpt>
      <trkpt lat="53.637609" lon="10.680913">
        <ele>64.304244</ele>
        <time>2021-07-15T08:29:04.152Z</time>
      </trkpt>
      <trkpt lat="53.637633" lon="10.681082">
        <ele>64.823295</ele>
        <time>2021-07-15T08:29:07.237Z</time>
      </trkpt>
      <trkpt lat="53.637608" lon="10.681281">
        <ele>65.430868</ele>
        <time>2021-07-15T08:29:10.160Z</time>
      </trkpt>
      <trkpt lat="53.637571" lon="10.681484">
        <ele>66.065197</ele>
        <time>2021-07-15T08:29:13.230Z</time>
      </trkpt>
      <trkpt lat="53.637542" lon="10.681679">
        <ele>66.665671</ele>
        <time>2021-07-15T08:29:16.152Z</time>
      </trkpt>
      <trkpt lat="53.637470" lon="10.681840">
        <ele>67.268006</ele>
        <time>2021-07-15T08:29:19.242Z</time>
      </trkpt>
      <trkpt lat="53.637381" lon="10.681979">
        <ele>67.637326</ele>
        <time>2021-07-15T08:29:22.151Z</time>
      </trkpt>
      <trkpt lat="53.637312" lon="10.682080">
        <ele>67.529146</ele>
        <time>2021-07-15T08:29:25.240Z</time>
      </trkpt>
      <trkpt lat="53.637204" lon="10.682189">
        <ele>67.380118</ele>
        <time>2021-07-15T08:29:29.153Z</time>
      </trkpt>
      <trkpt lat="53.637073" lon="10.682336">
        <ele>67.193809</ele>
        <time>2021-07-15T08:29:32.164Z</time>
      </trkpt>
      <trkpt lat="53.636965" lon="10.682368">
        <ele>67.063969</ele>
        <time>2021-07-15T08:29:34.156Z</time>
      </trkpt>
      <trkpt lat="53.636869" lon="10.682404">
        <ele>66.947521</ele>
        <time>2021-07-15T08:29:37.269Z</time>
      </trkpt>
      <trkpt lat="53.636729" lon="10.682481">
        <ele>66.773158</ele>
        <time>2021-07-15T08:29:40.152Z</time>
      </trkpt>
      <trkpt lat="53.636628" lon="10.682468">
        <ele>66.653217</ele>
        <time>2021-07-15T08:29:41.151Z</time>
      </trkpt>
      <trkpt lat="53.636522" lon="10.682523">
        <ele>66.521899</ele>
        <time>2021-07-15T08:29:43.225Z</time>
      </trkpt>
      <trkpt lat="53.636425" lon="10.682534">
        <ele>66.406783</ele>
        <time>2021-07-15T08:29:45.151Z</time>
      </trkpt>
      <trkpt lat="53.636308" lon="10.682568">
        <ele>66.266204</ele>
        <time>2021-07-15T08:29:48.158Z</time>
      </trkpt>
      <trkpt lat="53.636184" lon="10.682621">
        <ele>66.114736</ele>
        <time>2021-07-15T08:29:51.153Z</time>
      </trkpt>
      <trkpt lat="53.636100" lon="10.682738">
        <ele>65.985739</ele>
        <time>2021-07-15T08:29:54.155Z</time>
      </trkpt>
      <trkpt lat="53.636019" lon="10.682814">
        <ele>65.875986</ele>
        <time>2021-07-15T08:29:56.156Z</time>
      </trkpt>
      <trkpt lat="53.635942" lon="10.682975">
        <ele>65.730765</ele>
        <time>2021-07-15T08:29:59.152Z</time>
      </trkpt>
      <trkpt lat="53.635895" lon="10.683124">
        <ele>65.612275</ele>
        <time>2021-07-15T08:30:02.136Z</time>
      </trkpt>
      <trkpt lat="53.635864" lon="10.683313">
        <ele>65.536404</ele>
        <time>2021-07-15T08:30:05.153Z</time>
      </trkpt>
      <trkpt lat="53.635853" lon="10.683485">
        <ele>65.509989</ele>
        <time>2021-07-15T08:30:09.152Z</time>
      </trkpt>
      <trkpt lat="53.635763" lon="10.683517">
        <ele>65.486302</ele>
        <time>2021-07-15T08:30:37.228Z</time>
      </trkpt>
      <trkpt lat="53.635505" lon="10.683456">
        <ele>65.419211</ele>
        <time>2021-07-15T08:32:26.153Z</time>
      </trkpt>
      <trkpt lat="53.635415" lon="10.683387">
        <ele>65.393751</ele>
        <time>2021-07-15T08:32:29.150Z</time>
      </trkpt>
      <trkpt lat="53.635317" lon="10.683400">
        <ele>65.368435</ele>
        <time>2021-07-15T08:32:32.155Z</time>
      </trkpt>
      <trkpt lat="53.635217" lon="10.683503">
        <ele>65.338260</ele>
        <time>2021-07-15T08:32:36.252Z</time>
      </trkpt>
      <trkpt lat="53.635139" lon="10.683647">
        <ele>65.308478</ele>
        <time>2021-07-15T08:32:38.155Z</time>
      </trkpt>
      <trkpt lat="53.635061" lon="10.683843">
        <ele>65.272434</ele>
        <time>2021-07-15T08:32:44.159Z</time>
      </trkpt>
      <trkpt lat="53.634968" lon="10.683968">
        <ele>65.241809</ele>
        <time>2021-07-15T08:32:46.156Z</time>
      </trkpt>
      <trkpt lat="53.634875" lon="10.684163">
        <ele>65.203596</ele>
        <time>2021-07-15T08:32:48.252Z</time>
      </trkpt>
      <trkpt lat="53.634806" lon="10.684305">
        <ele>65.175563</ele>
        <time>2021-07-15T08:32:50.144Z</time>
      </trkpt>
      <trkpt lat="53.634738" lon="10.684496">
        <ele>65.141544</ele>
        <time>2021-07-15T08:32:53.152Z</time>
      </trkpt>
      <trkpt lat="53.634669" lon="10.684701">
        <ele>65.105550</ele>
        <time>2021-07-15T08:32:56.155Z</time>
      </trkpt>
      <trkpt lat="53.634600" lon="10.684880">
        <ele>64.951045</ele>
        <time>2021-07-15T08:32:59.154Z</time>
      </trkpt>
      <trkpt lat="53.634565" lon="10.685064">
        <ele>64.715219</ele>
        <time>2021-07-15T08:33:02.140Z</time>
      </trkpt>
      <trkpt lat="53.634485" lon="10.685268">
        <ele>64.416732</ele>
        <time>2021-07-15T08:33:05.152Z</time>
      </trkpt>
      <trkpt lat="53.634404" lon="10.685363">
        <ele>64.213664</ele>
        <time>2021-07-15T08:33:07.140Z</time>
      </trkpt>
      <trkpt lat="53.634291" lon="10.685460">
        <ele>63.952690</ele>
        <time>2021-07-15T08:33:09.161Z</time>
      </trkpt>
      <trkpt lat="53.634225" lon="10.685612">
        <ele>63.722767</ele>
        <time>2021-07-15T08:33:13.157Z</time>
      </trkpt>
      <trkpt lat="53.634150" lon="10.685699">
        <ele>63.535410</ele>
        <time>2021-07-15T08:33:17.151Z</time>
      </trkpt>
      <trkpt lat="53.634110" lon="10.685892">
        <ele>63.285896</ele>
        <time>2021-07-15T08:33:21.152Z</time>
      </trkpt>
      <trkpt lat="53.634091" lon="10.686046">
        <ele>63.093927</ele>
        <time>2021-07-15T08:33:24.227Z</time>
      </trkpt>
      <trkpt lat="53.634062" lon="10.686244">
        <ele>62.845022</ele>
        <time>2021-07-15T08:33:28.154Z</time>
      </trkpt>
      <trkpt lat="53.634042" lon="10.686432">
        <ele>62.611921</ele>
        <time>2021-07-15T08:33:31.153Z</time>
      </trkpt>
      <trkpt lat="53.634080" lon="10.686612">
        <ele>62.378738</ele>
        <time>2021-07-15T08:33:34.158Z</time>
      </trkpt>
      <trkpt lat="53.634128" lon="10.686783">
        <ele>62.147843</ele>
        <time>2021-07-15T08:33:38.154Z</time>
      </trkpt>
      <trkpt lat="53.634184" lon="10.686913">
        <ele>61.951741</ele>
        <time>2021-07-15T08:33:42.254Z</time>
      </trkpt>
      <trkpt lat="53.634190" lon="10.687071">
        <ele>61.758521</ele>
        <time>2021-07-15T08:33:46.152Z</time>
      </trkpt>
      <trkpt lat="53.634111" lon="10.687330">
        <ele>61.403064</ele>
        <time>2021-07-15T08:33:50.151Z</time>
      </trkpt>
      <trkpt lat="53.634086" lon="10.687538">
        <ele>61.547135</ele>
        <time>2021-07-15T08:33:53.157Z</time>
      </trkpt>
      <trkpt lat="53.634097" lon="10.687727">
        <ele>61.697789</ele>
        <time>2021-07-15T08:33:56.160Z</time>
      </trkpt>
      <trkpt lat="53.634101" lon="10.687892">
        <ele>61.828793</ele>
        <time>2021-07-15T08:33:59.140Z</time>
      </trkpt>
      <trkpt lat="53.634086" lon="10.688045">
        <ele>61.951816</ele>
        <time>2021-07-15T08:34:02.141Z</time>
      </trkpt>
      <trkpt lat="53.634058" lon="10.688193">
        <ele>62.075057</ele>
        <time>2021-07-15T08:34:05.156Z</time>
      </trkpt>
      <trkpt lat="53.634011" lon="10.688363">
        <ele>62.223858</ele>
        <time>2021-07-15T08:34:08.158Z</time>
      </trkpt>
      <trkpt lat="53.633964" lon="10.688505">
        <ele>62.352869</ele>
        <time>2021-07-15T08:34:11.159Z</time>
      </trkpt>
      <trkpt lat="53.633901" lon="10.688660">
        <ele>62.501947</ele>
        <time>2021-07-15T08:34:14.143Z</time>
      </trkpt>
      <trkpt lat="53.633852" lon="10.688819">
        <ele>62.644102</ele>
        <time>2021-07-15T08:34:17.151Z</time>
      </trkpt>
      <trkpt lat="53.633814" lon="10.688991">
        <ele>62.789714</ele>
        <time>2021-07-15T08:34:20.155Z</time>
      </trkpt>
      <trkpt lat="53.633775" lon="10.689170">
        <ele>62.940999</ele>
        <time>2021-07-15T08:34:23.152Z</time>
      </trkpt>
      <trkpt lat="53.633751" lon="10.689362">
        <ele>63.096662</ele>
        <time>2021-07-15T08:34:26.151Z</time>
      </trkpt>
      <trkpt lat="53.633734" lon="10.689566">
        <ele>63.260087</ele>
        <time>2021-07-15T08:34:29.167Z</time>
      </trkpt>
      <trkpt lat="53.633677" lon="10.689755">
        <ele>63.428303</ele>
        <time>2021-07-15T08:34:32.140Z</time>
      </trkpt>
      <trkpt lat="53.633623" lon="10.689941">
        <ele>63.592596</ele>
        <time>2021-07-15T08:34:35.152Z</time>
      </trkpt>
      <trkpt lat="53.633563" lon="10.690100">
        <ele>63.742110</ele>
        <time>2021-07-15T08:34:38.156Z</time>
      </trkpt>
      <trkpt lat="53.633489" lon="10.690243">
        <ele>63.642853</ele>
        <time>2021-07-15T08:34:41.151Z</time>
      </trkpt>
      <trkpt lat="53.633420" lon="10.690378">
        <ele>63.423476</ele>
        <time>2021-07-15T08:34:44.150Z</time>
      </trkpt>
      <trkpt lat="53.633350" lon="10.690515">
        <ele>63.200879</ele>
        <time>2021-07-15T08:34:47.154Z</time>
      </trkpt>
      <trkpt lat="53.633275" lon="10.690626">
        <ele>62.993744</ele>
        <time>2021-07-15T08:34:50.151Z</time>
      </trkpt>
      <trkpt lat="53.633201" lon="10.690741">
        <ele>62.784860</ele>
        <time>2021-07-15T08:34:53.155Z</time>
      </trkpt>
      <trkpt lat="53.633132" lon="10.690843">
        <ele>62.594393</ele>
        <time>2021-07-15T08:34:57.151Z</time>
      </trkpt>
      <trkpt lat="53.633069" lon="10.690976">
        <ele>62.384865</ele>
        <time>2021-07-15T08:35:00.225Z</time>
      </trkpt>
      <trkpt lat="53.632954" lon="10.691127">
        <ele>62.082323</ele>
        <time>2021-07-15T08:35:03.156Z</time>
      </trkpt>
      <trkpt lat="53.632854" lon="10.691275">
        <ele>61.806142</ele>
        <time>2021-07-15T08:35:06.249Z</time>
      </trkpt>
      <trkpt lat="53.632785" lon="10.691415">
        <ele>61.582066</ele>
        <time>2021-07-15T08:35:08.156Z</time>
      </trkpt>
      <trkpt lat="53.632703" lon="10.691522">
        <ele>61.366845</ele>
        <time>2021-07-15T08:35:10.153Z</time>
      </trkpt>
      <trkpt lat="53.632646" lon="10.691706">
        <ele>61.111318</ele>
        <time>2021-07-15T08:35:12.232Z</time>
      </trkpt>
      <trkpt lat="53.632658" lon="10.691874">
        <ele>60.903036</ele>
        <time>2021-07-15T08:35:14.153Z</time>
      </trkpt>
      <trkpt lat="53.632627" lon="10.692028">
        <ele>60.702855</ele>
        <time>2021-07-15T08:35:16.152Z</time>
      </trkpt>
      <trkpt lat="53.632533" lon="10.692042">
        <ele>60.506968</ele>
        <time>2021-07-15T08:35:18.237Z</time>
      </trkpt>
      <trkpt lat="53.632410" lon="10.692094">
        <ele>60.243742</ele>
        <time>2021-07-15T08:35:20.154Z</time>
      </trkpt>
      <trkpt lat="53.632364" lon="10.692253">
        <ele>60.073090</ele>
        <time>2021-07-15T08:35:23.157Z</time>
      </trkpt>
      <trkpt lat="53.632314" lon="10.692434">
        <ele>60.156950</ele>
        <time>2021-07-15T08:35:26.148Z</time>
      </trkpt>
      <trkpt lat="53.632274" lon="10.692571">
        <ele>60.221085</ele>
        <time>2021-07-15T08:35:29.151Z</time>
      </trkpt>
      <trkpt lat="53.632210" lon="10.692681">
        <ele>60.285807</ele>
        <time>2021-07-15T08:35:34.152Z</time>
      </trkpt>
      <trkpt lat="53.632116" lon="10.692706">
        <ele>60.353207</ele>
        <time>2021-07-15T08:35:37.151Z</time>
      </trkpt>
      <trkpt lat="53.632016" lon="10.692741">
        <ele>60.425544</ele>
        <time>2021-07-15T08:35:40.156Z</time>
      </trkpt>
      <trkpt lat="53.631910" lon="10.692778">
        <ele>60.502212</ele>
        <time>2021-07-15T08:35:43.155Z</time>
      </trkpt>
      <trkpt lat="53.631807" lon="10.692829">
        <ele>60.578243</ele>
        <time>2021-07-15T08:35:46.156Z</time>
      </trkpt>
      <trkpt lat="53.631709" lon="10.692841">
        <ele>60.647836</ele>
        <time>2021-07-15T08:35:50.138Z</time>
      </trkpt>
      <trkpt lat="53.631622" lon="10.692789">
        <ele>60.713212</ele>
        <time>2021-07-15T08:35:54.155Z</time>
      </trkpt>
      <trkpt lat="53.631447" lon="10.692783">
        <ele>60.837185</ele>
        <time>2021-07-15T08:35:56.156Z</time>
      </trkpt>
      <trkpt lat="53.631322" lon="10.692769">
        <ele>60.925914</ele>
        <time>2021-07-15T08:35:58.155Z</time>
      </trkpt>
      <trkpt lat="53.631227" lon="10.692773">
        <ele>60.993221</ele>
        <time>2021-07-15T08:36:00.144Z</time>
      </trkpt>
      <trkpt lat="53.631105" lon="10.692796">
        <ele>61.080168</ele>
        <time>2021-07-15T08:36:03.156Z</time>
      </trkpt>
      <trkpt lat="53.630974" lon="10.692774">
        <ele>61.173410</ele>
        <time>2021-07-15T08:36:07.155Z</time>
      </trkpt>
      <trkpt lat="53.630882" lon="10.692812">
        <ele>61.240497</ele>
        <time>2021-07-15T08:36:10.143Z</time>
      </trkpt>
      <trkpt lat="53.630776" lon="10.692844">
        <ele>61.316768</ele>
        <time>2021-07-15T08:36:14.156Z</time>
      </trkpt>
      <trkpt lat="53.630671" lon="10.692853">
        <ele>61.431952</ele>
        <time>2021-07-15T08:36:20.130Z</time>
      </trkpt>
      <trkpt lat="53.630647" lon="10.692671">
        <ele>61.566997</ele>
        <time>2021-07-15T08:36:27.133Z</time>
      </trkpt>
      <trkpt lat="53.630596" lon="10.692495">
        <ele>61.708882</ele>
        <time>2021-07-15T08:36:31.149Z</time>
      </trkpt>
      <trkpt lat="53.630542" lon="10.692357">
        <ele>61.828638</ele>
        <time>2021-07-15T08:36:35.159Z</time>
      </trkpt>
      <trkpt lat="53.630491" lon="10.692213">
        <ele>61.950126</ele>
        <time>2021-07-15T08:36:40.231Z</time>
      </trkpt>
      <trkpt lat="53.630417" lon="10.692082">
        <ele>62.081172</ele>
        <time>2021-07-15T08:36:44.153Z</time>
      </trkpt>
      <trkpt lat="53.630335" lon="10.691991">
        <ele>62.201074</ele>
        <time>2021-07-15T08:36:49.150Z</time>
      </trkpt>
      <trkpt lat="53.630332" lon="10.691830">
        <ele>62.317746</ele>
        <time>2021-07-15T08:36:56.151Z</time>
      </trkpt>
      <trkpt lat="53.630279" lon="10.691696">
        <ele>62.434413</ele>
        <time>2021-07-15T08:37:00.152Z</time>
      </trkpt>
      <trkpt lat="53.630288" lon="10.691545">
        <ele>62.544336</ele>
        <time>2021-07-15T08:37:03.142Z</time>
      </trkpt>
      <trkpt lat="53.630277" lon="10.691388">
        <ele>62.658845</ele>
        <time>2021-07-15T08:37:08.157Z</time>
      </trkpt>
      <trkpt lat="53.630216" lon="10.691241">
        <ele>62.788800</ele>
        <time>2021-07-15T08:37:12.137Z</time>
      </trkpt>
      <trkpt lat="53.630124" lon="10.691156">
        <ele>62.916935</ele>
        <time>2021-07-15T08:37:16.242Z</time>
      </trkpt>
      <trkpt lat="53.630012" lon="10.691112">
        <ele>63.057401</ele>
        <time>2021-07-15T08:37:19.141Z</time>
      </trkpt>
      <trkpt lat="53.629924" lon="10.691075">
        <ele>63.168180</ele>
        <time>2021-07-15T08:37:22.126Z</time>
      </trkpt>
      <trkpt lat="53.629837" lon="10.690978">
        <ele>63.295573</ele>
        <time>2021-07-15T08:37:27.137Z</time>
      </trkpt>
      <trkpt lat="53.629741" lon="10.690932">
        <ele>63.417475</ele>
        <time>2021-07-15T08:37:31.154Z</time>
      </trkpt>
      <trkpt lat="53.629631" lon="10.690877">
        <ele>63.531207</ele>
        <time>2021-07-15T08:37:35.151Z</time>
      </trkpt>
      <trkpt lat="53.629538" lon="10.690792">
        <ele>63.527216</ele>
        <time>2021-07-15T08:37:39.151Z</time>
      </trkpt>
      <trkpt lat="53.629441" lon="10.690722">
        <ele>63.523236</ele>
        <time>2021-07-15T08:37:43.158Z</time>
      </trkpt>
      <trkpt lat="53.629351" lon="10.690648">
        <ele>63.519459</ele>
        <time>2021-07-15T08:37:48.136Z</time>
      </trkpt>
      <trkpt lat="53.629276" lon="10.690529">
        <ele>63.515574</ele>
        <time>2021-07-15T08:37:52.234Z</time>
      </trkpt>
      <trkpt lat="53.629202" lon="10.690388">
        <ele>63.511362</ele>
        <time>2021-07-15T08:37:56.140Z</time>
      </trkpt>
      <trkpt lat="53.629136" lon="10.690253">
        <ele>63.507447</ele>
        <time>2021-07-15T08:37:59.153Z</time>
      </trkpt>
      <trkpt lat="53.629072" lon="10.690086">
        <ele>63.502999</ele>
        <time>2021-07-15T08:38:02.153Z</time>
      </trkpt>
      <trkpt lat="53.629013" lon="10.689936">
        <ele>63.498972</ele>
        <time>2021-07-15T08:38:05.153Z</time>
      </trkpt>
      <trkpt lat="53.628951" lon="10.689791">
        <ele>63.494973</ele>
        <time>2021-07-15T08:38:08.137Z</time>
      </trkpt>
      <trkpt lat="53.628891" lon="10.689657">
        <ele>63.491217</ele>
        <time>2021-07-15T08:38:11.141Z</time>
      </trkpt>
      <trkpt lat="53.628835" lon="10.689524">
        <ele>63.487568</ele>
        <time>2021-07-15T08:38:14.159Z</time>
      </trkpt>
      <trkpt lat="53.628742" lon="10.689335">
        <ele>63.482074</ele>
        <time>2021-07-15T08:38:18.152Z</time>
      </trkpt>
      <trkpt lat="53.628669" lon="10.689212">
        <ele>63.478181</ele>
        <time>2021-07-15T08:38:21.154Z</time>
      </trkpt>
      <trkpt lat="53.628617" lon="10.689083">
        <ele>63.474691</ele>
        <time>2021-07-15T08:38:24.154Z</time>
      </trkpt>
      <trkpt lat="53.628544" lon="10.688950">
        <ele>63.470637</ele>
        <time>2021-07-15T08:38:27.146Z</time>
      </trkpt>
      <trkpt lat="53.628469" lon="10.688837">
        <ele>63.466843</ele>
        <time>2021-07-15T08:38:30.149Z</time>
      </trkpt>
      <trkpt lat="53.628369" lon="10.688701">
        <ele>63.254869</ele>
        <time>2021-07-15T08:38:33.153Z</time>
      </trkpt>
      <trkpt lat="53.628297" lon="10.688600">
        <ele>62.910720</ele>
        <time>2021-07-15T08:38:35.149Z</time>
      </trkpt>
      <trkpt lat="53.628241" lon="10.688479">
        <ele>62.576253</ele>
        <time>2021-07-15T08:38:37.150Z</time>
      </trkpt>
      <trkpt lat="53.628190" lon="10.688283">
        <ele>62.109839</ele>
        <time>2021-07-15T08:38:40.154Z</time>
      </trkpt>
      <trkpt lat="53.628114" lon="10.688121">
        <ele>61.659713</ele>
        <time>2021-07-15T08:38:43.155Z</time>
      </trkpt>
      <trkpt lat="53.628044" lon="10.687964">
        <ele>61.231680</ele>
        <time>2021-07-15T08:38:46.155Z</time>
      </trkpt>
      <trkpt lat="53.627978" lon="10.687844">
        <ele>60.875032</ele>
        <time>2021-07-15T08:38:49.152Z</time>
      </trkpt>
      <trkpt lat="53.627899" lon="10.687701">
        <ele>60.449150</ele>
        <time>2021-07-15T08:38:52.155Z</time>
      </trkpt>
      <trkpt lat="53.627828" lon="10.687574">
        <ele>60.068810</ele>
        <time>2021-07-15T08:38:55.150Z</time>
      </trkpt>
      <trkpt lat="53.627742" lon="10.687515">
        <ele>59.727641</ele>
        <time>2021-07-15T08:39:09.224Z</time>
      </trkpt>
      <trkpt lat="53.627690" lon="10.687387">
        <ele>59.389538</ele>
        <time>2021-07-15T08:39:20.152Z</time>
      </trkpt>
      <trkpt lat="53.627625" lon="10.687268">
        <ele>59.036983</ele>
        <time>2021-07-15T08:39:30.151Z</time>
      </trkpt>
      <trkpt lat="53.627654" lon="10.687123">
        <ele>58.703520</ele>
        <time>2021-07-15T08:39:47.152Z</time>
      </trkpt>
      <trkpt lat="53.627556" lon="10.687043">
        <ele>58.303430</ele>
        <time>2021-07-15T08:39:54.151Z</time>
      </trkpt>
      <trkpt lat="53.627462" lon="10.687046">
        <ele>57.957955</ele>
        <time>2021-07-15T08:39:57.226Z</time>
      </trkpt>
      <trkpt lat="53.627335" lon="10.687003">
        <ele>57.481966</ele>
        <time>2021-07-15T08:40:01.144Z</time>
      </trkpt>
      <trkpt lat="53.627225" lon="10.686976">
        <ele>57.073500</ele>
        <time>2021-07-15T08:40:04.157Z</time>
      </trkpt>
      <trkpt lat="53.627128" lon="10.686940">
        <ele>56.916742</ele>
        <time>2021-07-15T08:40:07.154Z</time>
      </trkpt>
      <trkpt lat="53.627122" lon="10.686762">
        <ele>57.081117</ele>
        <time>2021-07-15T08:40:14.150Z</time>
      </trkpt>
      <trkpt lat="53.627336" lon="10.686511">
        <ele>57.486380</ele>
        <time>2021-07-15T08:40:17.149Z</time>
      </trkpt>
      <trkpt lat="53.627247" lon="10.686402">
        <ele>57.657388</ele>
        <time>2021-07-15T08:40:31.145Z</time>
      </trkpt>
      <trkpt lat="53.627158" lon="10.686260">
        <ele>57.847872</ele>
        <time>2021-07-15T08:40:35.148Z</time>
      </trkpt>
      <trkpt lat="53.627101" lon="10.686108">
        <ele>58.013678</ele>
        <time>2021-07-15T08:40:38.148Z</time>
      </trkpt>
      <trkpt lat="53.627036" lon="10.685947">
        <ele>58.193247</ele>
        <time>2021-07-15T08:40:41.151Z</time>
      </trkpt>
      <trkpt lat="53.626972" lon="10.685807">
        <ele>58.356220</ele>
        <time>2021-07-15T08:40:44.155Z</time>
      </trkpt>
      <trkpt lat="53.626888" lon="10.685677">
        <ele>58.533475</ele>
        <time>2021-07-15T08:40:47.144Z</time>
      </trkpt>
      <trkpt lat="53.626822" lon="10.685560">
        <ele>58.682352</ele>
        <time>2021-07-15T08:40:50.156Z</time>
      </trkpt>
      <trkpt lat="53.626793" lon="10.685413">
        <ele>58.825184</ele>
        <time>2021-07-15T08:40:54.158Z</time>
      </trkpt>
      <trkpt lat="53.626710" lon="10.685276">
        <ele>59.005752</ele>
        <time>2021-07-15T08:40:57.231Z</time>
      </trkpt>
      <trkpt lat="53.626609" lon="10.685168">
        <ele>59.191682</ele>
        <time>2021-07-15T08:41:00.155Z</time>
      </trkpt>
      <trkpt lat="53.626505" lon="10.685042">
        <ele>59.390772</ele>
        <time>2021-07-15T08:41:03.222Z</time>
      </trkpt>
      <trkpt lat="53.626441" lon="10.684897">
        <ele>59.557422</ele>
        <time>2021-07-15T08:41:05.142Z</time>
      </trkpt>
      <trkpt lat="53.626348" lon="10.684816">
        <ele>59.651103</ele>
        <time>2021-07-15T08:41:07.153Z</time>
      </trkpt>
      <trkpt lat="53.626259" lon="10.684729">
        <ele>59.651103</ele>
        <time>2021-07-15T08:41:09.230Z</time>
      </trkpt>
      <trkpt lat="53.626164" lon="10.684668">
        <ele>59.651103</ele>
        <time>2021-07-15T08:41:11.152Z</time>
      </trkpt>
      <trkpt lat="53.626074" lon="10.684653">
        <ele>59.651103</ele>
        <time>2021-07-15T08:41:12.151Z</time>
      </trkpt>
      <trkpt lat="53.625971" lon="10.684559">
        <ele>59.651103</ele>
        <time>2021-07-15T08:41:14.150Z</time>
      </trkpt>
      <trkpt lat="53.625863" lon="10.684507">
        <ele>59.651103</ele>
        <time>2021-07-15T08:41:16.158Z</time>
      </trkpt>
      <trkpt lat="53.625758" lon="10.684467">
        <ele>59.651103</ele>
        <time>2021-07-15T08:41:18.155Z</time>
      </trkpt>
      <trkpt lat="53.625639" lon="10.684410">
        <ele>59.651103</ele>
        <time>2021-07-15T08:41:21.230Z</time>
      </trkpt>
      <trkpt lat="53.625554" lon="10.684356">
        <ele>59.651103</ele>
        <time>2021-07-15T08:41:27.230Z</time>
      </trkpt>
      <trkpt lat="53.625455" lon="10.684322">
        <ele>59.651103</ele>
        <time>2021-07-15T08:41:32.153Z</time>
      </trkpt>
      <trkpt lat="53.625348" lon="10.684245">
        <ele>59.651103</ele>
        <time>2021-07-15T08:41:35.150Z</time>
      </trkpt>
      <trkpt lat="53.625258" lon="10.684146">
        <ele>59.651103</ele>
        <time>2021-07-15T08:41:38.141Z</time>
      </trkpt>
      <trkpt lat="53.625113" lon="10.684090">
        <ele>59.651103</ele>
        <time>2021-07-15T08:41:41.152Z</time>
      </trkpt>
      <trkpt lat="53.625018" lon="10.684065">
        <ele>59.651103</ele>
        <time>2021-07-15T08:41:43.154Z</time>
      </trkpt>
      <trkpt lat="53.624883" lon="10.684011">
        <ele>59.651103</ele>
        <time>2021-07-15T08:41:46.136Z</time>
      </trkpt>
      <trkpt lat="53.624790" lon="10.683967">
        <ele>59.651103</ele>
        <time>2021-07-15T08:41:48.163Z</time>
      </trkpt>
      <trkpt lat="53.624693" lon="10.683888">
        <ele>59.651103</ele>
        <time>2021-07-15T08:41:51.237Z</time>
      </trkpt>
      <trkpt lat="53.624605" lon="10.683821">
        <ele>59.651103</ele>
        <time>2021-07-15T08:41:54.154Z</time>
      </trkpt>
      <trkpt lat="53.624506" lon="10.683742">
        <ele>59.651103</ele>
        <time>2021-07-15T08:41:58.156Z</time>
      </trkpt>
      <trkpt lat="53.624417" lon="10.683602">
        <ele>59.651103</ele>
        <time>2021-07-15T08:42:02.141Z</time>
      </trkpt>
      <trkpt lat="53.624348" lon="10.683492">
        <ele>59.651103</ele>
        <time>2021-07-15T08:42:07.150Z</time>
      </trkpt>
      <trkpt lat="53.624259" lon="10.683454">
        <ele>59.651103</ele>
        <time>2021-07-15T08:42:17.151Z</time>
      </trkpt>
      <trkpt lat="53.624202" lon="10.683351">
        <ele>59.651103</ele>
        <time>2021-07-15T08:42:48.766Z</time>
      </trkpt>
    </trkseg>
  </trk>
</gpx>