<?xml version='1.0' encoding='UTF-8'?>
<gpx version="1.1" creator="https://www.komoot.de" xmlns="http://www.topografix.com/GPX/1/1" xmlns:xsi="http://www.w3.org/2001/XMLSchema-instance" xsi:schemaLocation="http://www.topografix.com/GPX/1/1 http://www.topografix.com/GPX/1/1/gpx.xsd">
  <metadata>
    <name>Schleswig - DVV - Auf den Spuren der Wikinger - Stadtschleife 2021</name>
    <author>
      <link href="https://www.komoot.de">
        <text>komoot</text>
        <type>text/html</type>
      </link>
    </author>
  </metadata>
  <trk>
    <name>Schleswig - DVV - Auf den Spuren der Wikinger - Stadtschleife 2021</name>
    <trkseg>
      <trkpt lat="54.511124" lon="9.546545">
        <ele>-12.041465</ele>
        <time>2021-03-28T09:44:43.000Z</time>
      </trkpt>
      <trkpt lat="54.511124" lon="9.546564">
        <ele>-12.041465</ele>
        <time>2021-03-28T09:44:44.000Z</time>
      </trkpt>
      <trkpt lat="54.511136" lon="9.546596">
        <ele>-12.041465</ele>
        <time>2021-03-28T09:44:46.000Z</time>
      </trkpt>
      <trkpt lat="54.511123" lon="9.546673">
        <ele>-12.041465</ele>
        <time>2021-03-28T09:44:49.000Z</time>
      </trkpt>
      <trkpt lat="54.511127" lon="9.546734">
        <ele>-12.041465</ele>
        <time>2021-03-28T09:44:54.000Z</time>
      </trkpt>
      <trkpt lat="54.511142" lon="9.546734">
        <ele>-12.041465</ele>
        <time>2021-03-28T09:44:55.000Z</time>
      </trkpt>
      <trkpt lat="54.511151" lon="9.546741">
        <ele>-12.041465</ele>
        <time>2021-03-28T09:44:56.000Z</time>
      </trkpt>
      <trkpt lat="54.511178" lon="9.546768">
        <ele>-12.041465</ele>
        <time>2021-03-28T09:45:00.000Z</time>
      </trkpt>
      <trkpt lat="54.511198" lon="9.546777">
        <ele>-12.041465</ele>
        <time>2021-03-28T09:45:02.000Z</time>
      </trkpt>
      <trkpt lat="54.511221" lon="9.546788">
        <ele>-12.041465</ele>
        <time>2021-03-28T09:45:04.000Z</time>
      </trkpt>
      <trkpt lat="54.511237" lon="9.546785">
        <ele>-12.041465</ele>
        <time>2021-03-28T09:45:05.000Z</time>
      </trkpt>
      <trkpt lat="54.511265" lon="9.546781">
        <ele>-12.041465</ele>
        <time>2021-03-28T09:45:08.000Z</time>
      </trkpt>
      <trkpt lat="54.511274" lon="9.546777">
        <ele>-12.041465</ele>
        <time>2021-03-28T09:45:09.000Z</time>
      </trkpt>
      <trkpt lat="54.511282" lon="9.546771">
        <ele>-12.041465</ele>
        <time>2021-03-28T09:45:11.000Z</time>
      </trkpt>
      <trkpt lat="54.511246" lon="9.546834">
        <ele>-12.041465</ele>
        <time>2021-03-28T09:45:13.000Z</time>
      </trkpt>
      <trkpt lat="54.511210" lon="9.546898">
        <ele>-12.041465</ele>
        <time>2021-03-28T09:45:15.000Z</time>
      </trkpt>
      <trkpt lat="54.511193" lon="9.546927">
        <ele>-12.041465</ele>
        <time>2021-03-28T09:45:16.000Z</time>
      </trkpt>
      <trkpt lat="54.511196" lon="9.546941">
        <ele>-12.041465</ele>
        <time>2021-03-28T09:45:19.000Z</time>
      </trkpt>
      <trkpt lat="54.511205" lon="9.547005">
        <ele>-12.041465</ele>
        <time>2021-03-28T09:45:25.000Z</time>
      </trkpt>
      <trkpt lat="54.511203" lon="9.547011">
        <ele>-12.041465</ele>
        <time>2021-03-28T09:45:26.000Z</time>
      </trkpt>
      <trkpt lat="54.511212" lon="9.547027">
        <ele>-12.041465</ele>
        <time>2021-03-28T09:45:34.000Z</time>
      </trkpt>
      <trkpt lat="54.511240" lon="9.547083">
        <ele>-12.041465</ele>
        <time>2021-03-28T09:45:39.000Z</time>
      </trkpt>
      <trkpt lat="54.511262" lon="9.547091">
        <ele>-12.041465</ele>
        <time>2021-03-28T09:45:42.000Z</time>
      </trkpt>
      <trkpt lat="54.511268" lon="9.547132">
        <ele>-12.041465</ele>
        <time>2021-03-28T09:45:47.000Z</time>
      </trkpt>
      <trkpt lat="54.511273" lon="9.547174">
        <ele>-12.041465</ele>
        <time>2021-03-28T09:45:49.000Z</time>
      </trkpt>
      <trkpt lat="54.511316" lon="9.547283">
        <ele>-12.041465</ele>
        <time>2021-03-28T09:45:53.000Z</time>
      </trkpt>
      <trkpt lat="54.511348" lon="9.547307">
        <ele>-12.041465</ele>
        <time>2021-03-28T09:45:57.000Z</time>
      </trkpt>
      <trkpt lat="54.511375" lon="9.547335">
        <ele>-12.041465</ele>
        <time>2021-03-28T09:46:00.000Z</time>
      </trkpt>
      <trkpt lat="54.511422" lon="9.547397">
        <ele>-12.041465</ele>
        <time>2021-03-28T09:46:04.000Z</time>
      </trkpt>
      <trkpt lat="54.511447" lon="9.547486">
        <ele>-12.041465</ele>
        <time>2021-03-28T09:46:07.000Z</time>
      </trkpt>
      <trkpt lat="54.511455" lon="9.547521">
        <ele>-12.041465</ele>
        <time>2021-03-28T09:46:09.000Z</time>
      </trkpt>
      <trkpt lat="54.511453" lon="9.547535">
        <ele>-12.041465</ele>
        <time>2021-03-28T09:46:10.000Z</time>
      </trkpt>
      <trkpt lat="54.511455" lon="9.547553">
        <ele>-12.041465</ele>
        <time>2021-03-28T09:46:12.000Z</time>
      </trkpt>
      <trkpt lat="54.511450" lon="9.547556">
        <ele>-12.041465</ele>
        <time>2021-03-28T09:46:15.000Z</time>
      </trkpt>
      <trkpt lat="54.511452" lon="9.547561">
        <ele>-12.041465</ele>
        <time>2021-03-28T09:46:24.000Z</time>
      </trkpt>
      <trkpt lat="54.511452" lon="9.547561">
        <ele>-12.041465</ele>
        <time>2021-03-28T09:46:26.000Z</time>
      </trkpt>
      <trkpt lat="54.511446" lon="9.547522">
        <ele>-12.041554</ele>
        <time>2021-03-28T09:46:32.000Z</time>
      </trkpt>
      <trkpt lat="54.511456" lon="9.547488">
        <ele>-12.041669</ele>
        <time>2021-03-28T09:46:41.000Z</time>
      </trkpt>
      <trkpt lat="54.511454" lon="9.547504">
        <ele>-12.041718</ele>
        <time>2021-03-28T09:46:47.000Z</time>
      </trkpt>
      <trkpt lat="54.511447" lon="9.547512">
        <ele>-12.041761</ele>
        <time>2021-03-28T09:46:48.000Z</time>
      </trkpt>
      <trkpt lat="54.511392" lon="9.547586">
        <ele>-12.042123</ele>
        <time>2021-03-28T09:46:53.000Z</time>
      </trkpt>
      <trkpt lat="54.511379" lon="9.547619">
        <ele>-12.042244</ele>
        <time>2021-03-28T09:46:55.000Z</time>
      </trkpt>
      <trkpt lat="54.511382" lon="9.547698">
        <ele>-12.042482</ele>
        <time>2021-03-28T09:46:59.000Z</time>
      </trkpt>
      <trkpt lat="54.511386" lon="9.547716">
        <ele>-12.042540</ele>
        <time>2021-03-28T09:47:00.000Z</time>
      </trkpt>
      <trkpt lat="54.511431" lon="9.547818">
        <ele>-12.042926</ele>
        <time>2021-03-28T09:47:06.000Z</time>
      </trkpt>
      <trkpt lat="54.511452" lon="9.547854">
        <ele>-12.043080</ele>
        <time>2021-03-28T09:47:08.000Z</time>
      </trkpt>
      <trkpt lat="54.511476" lon="9.547916">
        <ele>-12.043304</ele>
        <time>2021-03-28T09:47:11.000Z</time>
      </trkpt>
      <trkpt lat="54.511519" lon="9.547983">
        <ele>-12.043605</ele>
        <time>2021-03-28T09:47:15.000Z</time>
      </trkpt>
      <trkpt lat="54.511529" lon="9.547997">
        <ele>-12.043672</ele>
        <time>2021-03-28T09:47:16.000Z</time>
      </trkpt>
      <trkpt lat="54.511537" lon="9.548011">
        <ele>-12.043731</ele>
        <time>2021-03-28T09:47:17.000Z</time>
      </trkpt>
      <trkpt lat="54.511545" lon="9.548025">
        <ele>-12.043790</ele>
        <time>2021-03-28T09:47:18.000Z</time>
      </trkpt>
      <trkpt lat="54.511552" lon="9.548049">
        <ele>-12.043871</ele>
        <time>2021-03-28T09:47:20.000Z</time>
      </trkpt>
      <trkpt lat="54.511557" lon="9.548045">
        <ele>-12.043900</ele>
        <time>2021-03-28T09:47:23.000Z</time>
      </trkpt>
      <trkpt lat="54.511559" lon="9.548060">
        <ele>-12.043946</ele>
        <time>2021-03-28T09:47:25.000Z</time>
      </trkpt>
      <trkpt lat="54.511568" lon="9.548074">
        <ele>-12.044009</ele>
        <time>2021-03-28T09:47:26.000Z</time>
      </trkpt>
      <trkpt lat="54.511575" lon="9.548101">
        <ele>-12.044098</ele>
        <time>2021-03-28T09:47:28.000Z</time>
      </trkpt>
      <trkpt lat="54.511582" lon="9.548147">
        <ele>-12.044241</ele>
        <time>2021-03-28T09:47:34.000Z</time>
      </trkpt>
      <trkpt lat="54.511664" lon="9.548295">
        <ele>-12.044857</ele>
        <time>2021-03-28T09:47:42.000Z</time>
      </trkpt>
      <trkpt lat="54.511687" lon="9.548349">
        <ele>-12.045059</ele>
        <time>2021-03-28T09:47:45.000Z</time>
      </trkpt>
      <trkpt lat="54.511719" lon="9.548427">
        <ele>-12.045347</ele>
        <time>2021-03-28T09:47:49.000Z</time>
      </trkpt>
      <trkpt lat="54.511779" lon="9.548538">
        <ele>-12.045803</ele>
        <time>2021-03-28T09:47:55.000Z</time>
      </trkpt>
      <trkpt lat="54.511795" lon="9.548552">
        <ele>-12.045896</ele>
        <time>2021-03-28T09:47:56.000Z</time>
      </trkpt>
      <trkpt lat="54.511805" lon="9.548575">
        <ele>-12.045983</ele>
        <time>2021-03-28T09:47:57.000Z</time>
      </trkpt>
      <trkpt lat="54.511828" lon="9.548637">
        <ele>-12.046205</ele>
        <time>2021-03-28T09:48:00.000Z</time>
      </trkpt>
      <trkpt lat="54.511863" lon="9.548702">
        <ele>-12.046472</ele>
        <time>2021-03-28T09:48:04.000Z</time>
      </trkpt>
      <trkpt lat="54.511902" lon="9.548773">
        <ele>-12.046766</ele>
        <time>2021-03-28T09:48:08.000Z</time>
      </trkpt>
      <trkpt lat="54.511925" lon="9.548800">
        <ele>-12.046910</ele>
        <time>2021-03-28T09:48:10.000Z</time>
      </trkpt>
      <trkpt lat="54.511968" lon="9.548928">
        <ele>-12.047356</ele>
        <time>2021-03-28T09:48:16.000Z</time>
      </trkpt>
      <trkpt lat="54.511976" lon="9.548951">
        <ele>-12.047436</ele>
        <time>2021-03-28T09:48:17.000Z</time>
      </trkpt>
      <trkpt lat="54.512011" lon="9.549069">
        <ele>-12.047836</ele>
        <time>2021-03-28T09:48:21.000Z</time>
      </trkpt>
      <trkpt lat="54.512021" lon="9.549119">
        <ele>-12.047995</ele>
        <time>2021-03-28T09:48:23.000Z</time>
      </trkpt>
      <trkpt lat="54.512067" lon="9.549229">
        <ele>-12.048403</ele>
        <time>2021-03-28T09:48:29.000Z</time>
      </trkpt>
      <trkpt lat="54.512135" lon="9.549381">
        <ele>-12.048981</ele>
        <time>2021-03-28T09:48:37.000Z</time>
      </trkpt>
      <trkpt lat="54.512159" lon="9.549449">
        <ele>-12.049221</ele>
        <time>2021-03-28T09:48:40.000Z</time>
      </trkpt>
      <trkpt lat="54.512180" lon="9.549519">
        <ele>-12.049458</ele>
        <time>2021-03-28T09:48:43.000Z</time>
      </trkpt>
      <trkpt lat="54.512191" lon="9.549568">
        <ele>-12.049616</ele>
        <time>2021-03-28T09:48:45.000Z</time>
      </trkpt>
      <trkpt lat="54.512247" lon="9.549756">
        <ele>-12.050253</ele>
        <time>2021-03-28T09:48:54.000Z</time>
      </trkpt>
      <trkpt lat="54.512272" lon="9.549855">
        <ele>-12.050578</ele>
        <time>2021-03-28T09:48:59.000Z</time>
      </trkpt>
      <trkpt lat="54.512276" lon="9.549894">
        <ele>-12.050697</ele>
        <time>2021-03-28T09:49:01.000Z</time>
      </trkpt>
      <trkpt lat="54.512273" lon="9.550072">
        <ele>-12.030905</ele>
        <time>2021-03-28T09:49:08.000Z</time>
      </trkpt>
      <trkpt lat="54.512337" lon="9.550206">
        <ele>-12.007141</ele>
        <time>2021-03-28T09:49:15.000Z</time>
      </trkpt>
      <trkpt lat="54.512343" lon="9.550214">
        <ele>-12.005351</ele>
        <time>2021-03-28T09:49:16.000Z</time>
      </trkpt>
      <trkpt lat="54.512340" lon="9.550220">
        <ele>-12.004267</ele>
        <time>2021-03-28T09:49:19.000Z</time>
      </trkpt>
      <trkpt lat="54.512341" lon="9.550225">
        <ele>-12.003542</ele>
        <time>2021-03-28T09:49:20.000Z</time>
      </trkpt>
      <trkpt lat="54.512361" lon="9.550314">
        <ele>-11.990472</ele>
        <time>2021-03-28T09:49:26.000Z</time>
      </trkpt>
      <trkpt lat="54.512368" lon="9.550409">
        <ele>-11.977358</ele>
        <time>2021-03-28T09:49:31.000Z</time>
      </trkpt>
      <trkpt lat="54.512401" lon="9.550592">
        <ele>-11.951114</ele>
        <time>2021-03-28T09:49:37.000Z</time>
      </trkpt>
      <trkpt lat="54.512409" lon="9.550642">
        <ele>-11.944011</ele>
        <time>2021-03-28T09:49:39.000Z</time>
      </trkpt>
      <trkpt lat="54.512420" lon="9.550721">
        <ele>-11.932886</ele>
        <time>2021-03-28T09:49:42.000Z</time>
      </trkpt>
      <trkpt lat="54.512428" lon="9.550822">
        <ele>-11.918925</ele>
        <time>2021-03-28T09:49:46.000Z</time>
      </trkpt>
      <trkpt lat="54.512432" lon="9.550850">
        <ele>-11.914976</ele>
        <time>2021-03-28T09:49:47.000Z</time>
      </trkpt>
      <trkpt lat="54.512458" lon="9.551018">
        <ele>-11.891165</ele>
        <time>2021-03-28T09:49:53.000Z</time>
      </trkpt>
      <trkpt lat="54.512462" lon="9.551041">
        <ele>-11.887877</ele>
        <time>2021-03-28T09:49:54.000Z</time>
      </trkpt>
      <trkpt lat="54.512489" lon="9.551189">
        <ele>-11.866631</ele>
        <time>2021-03-28T09:50:00.000Z</time>
      </trkpt>
      <trkpt lat="54.512537" lon="9.551383">
        <ele>-11.837750</ele>
        <time>2021-03-28T09:50:07.000Z</time>
      </trkpt>
      <trkpt lat="54.512558" lon="9.551591">
        <ele>-11.808837</ele>
        <time>2021-03-28T09:50:14.000Z</time>
      </trkpt>
      <trkpt lat="54.512590" lon="9.551825">
        <ele>-11.775913</ele>
        <time>2021-03-28T09:50:23.000Z</time>
      </trkpt>
      <trkpt lat="54.512616" lon="9.551995">
        <ele>-11.751837</ele>
        <time>2021-03-28T09:50:29.000Z</time>
      </trkpt>
      <trkpt lat="54.512658" lon="9.552208">
        <ele>-11.721030</ele>
        <time>2021-03-28T09:50:37.000Z</time>
      </trkpt>
      <trkpt lat="54.512656" lon="9.552237">
        <ele>-11.717031</ele>
        <time>2021-03-28T09:50:38.000Z</time>
      </trkpt>
      <trkpt lat="54.512672" lon="9.552344">
        <ele>-11.701899</ele>
        <time>2021-03-28T09:50:42.000Z</time>
      </trkpt>
      <trkpt lat="54.512687" lon="9.552391">
        <ele>-11.694553</ele>
        <time>2021-03-28T09:50:44.000Z</time>
      </trkpt>
      <trkpt lat="54.512714" lon="9.552507">
        <ele>-11.677438</ele>
        <time>2021-03-28T09:50:49.000Z</time>
      </trkpt>
      <trkpt lat="54.512722" lon="9.552605">
        <ele>-11.663885</ele>
        <time>2021-03-28T09:50:53.000Z</time>
      </trkpt>
      <trkpt lat="54.512730" lon="9.552684">
        <ele>-11.652902</ele>
        <time>2021-03-28T09:50:56.000Z</time>
      </trkpt>
      <trkpt lat="54.512736" lon="9.552740">
        <ele>-11.645104</ele>
        <time>2021-03-28T09:50:58.000Z</time>
      </trkpt>
      <trkpt lat="54.512741" lon="9.552766">
        <ele>-11.641353</ele>
        <time>2021-03-28T09:50:59.000Z</time>
      </trkpt>
      <trkpt lat="54.512761" lon="9.552906">
        <ele>-11.620550</ele>
        <time>2021-03-28T09:51:04.000Z</time>
      </trkpt>
      <trkpt lat="54.512791" lon="9.553118">
        <ele>-11.584182</ele>
        <time>2021-03-28T09:51:12.000Z</time>
      </trkpt>
      <trkpt lat="54.512831" lon="9.553291">
        <ele>-11.553146</ele>
        <time>2021-03-28T09:51:19.000Z</time>
      </trkpt>
      <trkpt lat="54.512850" lon="9.553376">
        <ele>-11.537965</ele>
        <time>2021-03-28T09:51:22.000Z</time>
      </trkpt>
      <trkpt lat="54.512862" lon="9.553509">
        <ele>-11.515532</ele>
        <time>2021-03-28T09:51:27.000Z</time>
      </trkpt>
      <trkpt lat="54.512877" lon="9.553680">
        <ele>-11.486708</ele>
        <time>2021-03-28T09:51:34.000Z</time>
      </trkpt>
      <trkpt lat="54.512894" lon="9.553761">
        <ele>-11.472353</ele>
        <time>2021-03-28T09:51:38.000Z</time>
      </trkpt>
      <trkpt lat="54.512899" lon="9.553828">
        <ele>-11.461095</ele>
        <time>2021-03-28T09:51:41.000Z</time>
      </trkpt>
      <trkpt lat="54.512921" lon="9.554032">
        <ele>-11.426513</ele>
        <time>2021-03-28T09:51:49.000Z</time>
      </trkpt>
      <trkpt lat="54.512945" lon="9.554093">
        <ele>-11.414231</ele>
        <time>2021-03-28T09:51:52.000Z</time>
      </trkpt>
      <trkpt lat="54.512974" lon="9.554162">
        <ele>-11.400033</ele>
        <time>2021-03-28T09:51:55.000Z</time>
      </trkpt>
      <trkpt lat="54.512998" lon="9.554236">
        <ele>-11.385906</ele>
        <time>2021-03-28T09:51:58.000Z</time>
      </trkpt>
      <trkpt lat="54.513010" lon="9.554314">
        <ele>-11.372457</ele>
        <time>2021-03-28T09:52:01.000Z</time>
      </trkpt>
      <trkpt lat="54.513044" lon="9.554488">
        <ele>-11.341858</ele>
        <time>2021-03-28T09:52:08.000Z</time>
      </trkpt>
      <trkpt lat="54.513055" lon="9.554533">
        <ele>-11.333720</ele>
        <time>2021-03-28T09:52:10.000Z</time>
      </trkpt>
      <trkpt lat="54.513071" lon="9.554576">
        <ele>-11.325208</ele>
        <time>2021-03-28T09:52:12.000Z</time>
      </trkpt>
      <trkpt lat="54.513084" lon="9.554616">
        <ele>-11.317568</ele>
        <time>2021-03-28T09:52:14.000Z</time>
      </trkpt>
      <trkpt lat="54.513149" lon="9.554783">
        <ele>-11.284057</ele>
        <time>2021-03-28T09:52:20.000Z</time>
      </trkpt>
      <trkpt lat="54.513160" lon="9.554811">
        <ele>-11.278423</ele>
        <time>2021-03-28T09:52:21.000Z</time>
      </trkpt>
      <trkpt lat="54.513192" lon="9.554905">
        <ele>-11.260261</ele>
        <time>2021-03-28T09:52:24.000Z</time>
      </trkpt>
      <trkpt lat="54.513250" lon="9.555108">
        <ele>-11.222552</ele>
        <time>2021-03-28T09:52:31.000Z</time>
      </trkpt>
      <trkpt lat="54.513256" lon="9.555154">
        <ele>-11.214694</ele>
        <time>2021-03-28T09:52:33.000Z</time>
      </trkpt>
      <trkpt lat="54.513256" lon="9.555228">
        <ele>-11.202361</ele>
        <time>2021-03-28T09:52:37.000Z</time>
      </trkpt>
      <trkpt lat="54.513264" lon="9.555270">
        <ele>-11.194994</ele>
        <time>2021-03-28T09:52:40.000Z</time>
      </trkpt>
      <trkpt lat="54.513273" lon="9.555304">
        <ele>-11.188766</ele>
        <time>2021-03-28T09:52:43.000Z</time>
      </trkpt>
      <trkpt lat="54.513276" lon="9.555317">
        <ele>-11.186434</ele>
        <time>2021-03-28T09:52:44.000Z</time>
      </trkpt>
      <trkpt lat="54.513291" lon="9.555394">
        <ele>-11.172898</ele>
        <time>2021-03-28T09:52:48.000Z</time>
      </trkpt>
      <trkpt lat="54.513299" lon="9.555435">
        <ele>-11.165689</ele>
        <time>2021-03-28T09:52:50.000Z</time>
      </trkpt>
      <trkpt lat="54.513313" lon="9.555533">
        <ele>-11.148868</ele>
        <time>2021-03-28T09:52:54.000Z</time>
      </trkpt>
      <trkpt lat="54.513330" lon="9.555630">
        <ele>-11.131981</ele>
        <time>2021-03-28T09:52:57.000Z</time>
      </trkpt>
      <trkpt lat="54.513337" lon="9.555655">
        <ele>-11.127355</ele>
        <time>2021-03-28T09:52:58.000Z</time>
      </trkpt>
      <trkpt lat="54.513353" lon="9.555743">
        <ele>-11.111986</ele>
        <time>2021-03-28T09:53:01.000Z</time>
      </trkpt>
      <trkpt lat="54.513361" lon="9.555832">
        <ele>-11.097702</ele>
        <time>2021-03-28T09:53:04.000Z</time>
      </trkpt>
      <trkpt lat="54.513388" lon="9.555936">
        <ele>-11.079767</ele>
        <time>2021-03-28T09:53:08.000Z</time>
      </trkpt>
      <trkpt lat="54.513409" lon="9.556012">
        <ele>-11.066516</ele>
        <time>2021-03-28T09:53:11.000Z</time>
      </trkpt>
      <trkpt lat="54.513436" lon="9.556184">
        <ele>-11.038465</ele>
        <time>2021-03-28T09:53:19.000Z</time>
      </trkpt>
      <trkpt lat="54.513445" lon="9.556257">
        <ele>-11.026717</ele>
        <time>2021-03-28T09:53:23.000Z</time>
      </trkpt>
      <trkpt lat="54.513448" lon="9.556291">
        <ele>-11.021303</ele>
        <time>2021-03-28T09:53:25.000Z</time>
      </trkpt>
      <trkpt lat="54.513457" lon="9.556424">
        <ele>-11.000223</ele>
        <time>2021-03-28T09:53:32.000Z</time>
      </trkpt>
      <trkpt lat="54.513460" lon="9.556465">
        <ele>-10.993717</ele>
        <time>2021-03-28T09:53:34.000Z</time>
      </trkpt>
      <trkpt lat="54.513460" lon="9.556516">
        <ele>-10.985688</ele>
        <time>2021-03-28T09:53:36.000Z</time>
      </trkpt>
      <trkpt lat="54.513468" lon="9.556556">
        <ele>-10.979027</ele>
        <time>2021-03-28T09:53:38.000Z</time>
      </trkpt>
      <trkpt lat="54.513481" lon="9.556606">
        <ele>-10.970402</ele>
        <time>2021-03-28T09:53:40.000Z</time>
      </trkpt>
      <trkpt lat="54.513508" lon="9.556707">
        <ele>-10.952897</ele>
        <time>2021-03-28T09:53:45.000Z</time>
      </trkpt>
      <trkpt lat="54.513564" lon="9.556804">
        <ele>-10.931360</ele>
        <time>2021-03-28T09:53:52.000Z</time>
      </trkpt>
      <trkpt lat="54.513589" lon="9.556937">
        <ele>-10.909352</ele>
        <time>2021-03-28T09:53:58.000Z</time>
      </trkpt>
      <trkpt lat="54.513602" lon="9.557180">
        <ele>-10.870934</ele>
        <time>2021-03-28T09:54:06.000Z</time>
      </trkpt>
      <trkpt lat="54.513604" lon="9.557284">
        <ele>-10.854553</ele>
        <time>2021-03-28T09:54:09.000Z</time>
      </trkpt>
      <trkpt lat="54.513604" lon="9.557409">
        <ele>-10.834874</ele>
        <time>2021-03-28T09:54:13.000Z</time>
      </trkpt>
      <trkpt lat="54.513605" lon="9.557430">
        <ele>-10.831557</ele>
        <time>2021-03-28T09:54:14.000Z</time>
      </trkpt>
      <trkpt lat="54.513624" lon="9.557528">
        <ele>-10.815291</ele>
        <time>2021-03-28T09:54:19.000Z</time>
      </trkpt>
      <trkpt lat="54.513651" lon="9.557659">
        <ele>-10.793406</ele>
        <time>2021-03-28T09:54:25.000Z</time>
      </trkpt>
      <trkpt lat="54.513654" lon="9.557675">
        <ele>-10.790759</ele>
        <time>2021-03-28T09:54:26.000Z</time>
      </trkpt>
      <trkpt lat="54.513668" lon="9.557807">
        <ele>-10.769635</ele>
        <time>2021-03-28T09:54:31.000Z</time>
      </trkpt>
      <trkpt lat="54.513670" lon="9.557831">
        <ele>-10.765818</ele>
        <time>2021-03-28T09:54:32.000Z</time>
      </trkpt>
      <trkpt lat="54.513673" lon="9.557854">
        <ele>-10.762106</ele>
        <time>2021-03-28T09:54:33.000Z</time>
      </trkpt>
      <trkpt lat="54.513679" lon="9.557885">
        <ele>-10.756962</ele>
        <time>2021-03-28T09:54:35.000Z</time>
      </trkpt>
      <trkpt lat="54.513689" lon="9.557945">
        <ele>-10.747135</ele>
        <time>2021-03-28T09:54:39.000Z</time>
      </trkpt>
      <trkpt lat="54.513696" lon="9.557956">
        <ele>-10.744565</ele>
        <time>2021-03-28T09:54:40.000Z</time>
      </trkpt>
      <trkpt lat="54.513723" lon="9.557989">
        <ele>-10.735587</ele>
        <time>2021-03-28T09:54:44.000Z</time>
      </trkpt>
      <trkpt lat="54.513778" lon="9.558089">
        <ele>-10.713900</ele>
        <time>2021-03-28T09:54:51.000Z</time>
      </trkpt>
      <trkpt lat="54.513814" lon="9.558233">
        <ele>-10.689218</ele>
        <time>2021-03-28T09:54:58.000Z</time>
      </trkpt>
      <trkpt lat="54.513834" lon="9.558329">
        <ele>-10.673161</ele>
        <time>2021-03-28T09:55:02.000Z</time>
      </trkpt>
      <trkpt lat="54.513841" lon="9.558386">
        <ele>-10.663989</ele>
        <time>2021-03-28T09:55:04.000Z</time>
      </trkpt>
      <trkpt lat="54.513876" lon="9.558490">
        <ele>-10.645064</ele>
        <time>2021-03-28T09:55:10.000Z</time>
      </trkpt>
      <trkpt lat="54.513884" lon="9.558508">
        <ele>-10.641495</ele>
        <time>2021-03-28T09:55:11.000Z</time>
      </trkpt>
      <trkpt lat="54.513884" lon="9.558625">
        <ele>-10.623076</ele>
        <time>2021-03-28T09:55:16.000Z</time>
      </trkpt>
      <trkpt lat="54.513926" lon="9.558784">
        <ele>-10.483951</ele>
        <time>2021-03-28T09:55:23.000Z</time>
      </trkpt>
      <trkpt lat="54.513965" lon="9.558961">
        <ele>-10.329718</ele>
        <time>2021-03-28T09:55:30.000Z</time>
      </trkpt>
      <trkpt lat="54.513976" lon="9.558990">
        <ele>-10.301496</ele>
        <time>2021-03-28T09:55:31.000Z</time>
      </trkpt>
      <trkpt lat="54.514003" lon="9.559090">
        <ele>-10.211650</ele>
        <time>2021-03-28T09:55:35.000Z</time>
      </trkpt>
      <trkpt lat="54.514035" lon="9.559168">
        <ele>-10.133839</ele>
        <time>2021-03-28T09:55:39.000Z</time>
      </trkpt>
      <trkpt lat="54.514045" lon="9.559202">
        <ele>-10.102788</ele>
        <time>2021-03-28T09:55:41.000Z</time>
      </trkpt>
      <trkpt lat="54.514071" lon="9.559451">
        <ele>-9.896683</ele>
        <time>2021-03-28T09:55:50.000Z</time>
      </trkpt>
      <trkpt lat="54.514124" lon="9.559633">
        <ele>-9.730805</ele>
        <time>2021-03-28T09:55:58.000Z</time>
      </trkpt>
      <trkpt lat="54.514153" lon="9.559701">
        <ele>-9.662066</ele>
        <time>2021-03-28T09:56:01.000Z</time>
      </trkpt>
      <trkpt lat="54.514179" lon="9.559766">
        <ele>-9.597759</ele>
        <time>2021-03-28T09:56:04.000Z</time>
      </trkpt>
      <trkpt lat="54.514267" lon="9.559931">
        <ele>-9.415223</ele>
        <time>2021-03-28T09:56:11.000Z</time>
      </trkpt>
      <trkpt lat="54.514305" lon="9.560034">
        <ele>-9.315801</ele>
        <time>2021-03-28T09:56:17.000Z</time>
      </trkpt>
      <trkpt lat="54.514345" lon="9.560113">
        <ele>-9.230402</ele>
        <time>2021-03-28T09:56:22.000Z</time>
      </trkpt>
      <trkpt lat="54.514344" lon="9.560133">
        <ele>-9.214048</ele>
        <time>2021-03-28T09:56:23.000Z</time>
      </trkpt>
      <trkpt lat="54.514350" lon="9.560171">
        <ele>-9.181967</ele>
        <time>2021-03-28T09:56:25.000Z</time>
      </trkpt>
      <trkpt lat="54.514360" lon="9.560269">
        <ele>-9.100907</ele>
        <time>2021-03-28T09:56:29.000Z</time>
      </trkpt>
      <trkpt lat="54.514359" lon="9.560298">
        <ele>-9.077240</ele>
        <time>2021-03-28T09:56:30.000Z</time>
      </trkpt>
      <trkpt lat="54.514355" lon="9.560386">
        <ele>-9.005331</ele>
        <time>2021-03-28T09:56:34.000Z</time>
      </trkpt>
      <trkpt lat="54.514366" lon="9.560387">
        <ele>-8.989873</ele>
        <time>2021-03-28T09:56:35.000Z</time>
      </trkpt>
      <trkpt lat="54.514396" lon="9.560382">
        <ele>-8.947575</ele>
        <time>2021-03-28T09:56:37.000Z</time>
      </trkpt>
      <trkpt lat="54.514429" lon="9.560361">
        <ele>-8.898205</ele>
        <time>2021-03-28T09:56:40.000Z</time>
      </trkpt>
      <trkpt lat="54.514451" lon="9.560345">
        <ele>-8.864693</ele>
        <time>2021-03-28T09:56:42.000Z</time>
      </trkpt>
      <trkpt lat="54.514470" lon="9.560330">
        <ele>-8.835362</ele>
        <time>2021-03-28T09:56:44.000Z</time>
      </trkpt>
      <trkpt lat="54.514500" lon="9.560299">
        <ele>-8.786267</ele>
        <time>2021-03-28T09:56:47.000Z</time>
      </trkpt>
      <trkpt lat="54.514506" lon="9.560297">
        <ele>-8.777691</ele>
        <time>2021-03-28T09:56:50.000Z</time>
      </trkpt>
      <trkpt lat="54.514503" lon="9.560299">
        <ele>-8.773177</ele>
        <time>2021-03-28T09:56:51.000Z</time>
      </trkpt>
      <trkpt lat="54.514555" lon="9.560249">
        <ele>-8.689603</ele>
        <time>2021-03-28T09:56:55.000Z</time>
      </trkpt>
      <trkpt lat="54.514585" lon="9.560225">
        <ele>-8.643184</ele>
        <time>2021-03-28T09:56:57.000Z</time>
      </trkpt>
      <trkpt lat="54.514627" lon="9.560192">
        <ele>-8.578401</ele>
        <time>2021-03-28T09:57:00.000Z</time>
      </trkpt>
      <trkpt lat="54.514654" lon="9.560177">
        <ele>-8.538589</ele>
        <time>2021-03-28T09:57:09.000Z</time>
      </trkpt>
      <trkpt lat="54.514675" lon="9.560202">
        <ele>-8.502765</ele>
        <time>2021-03-28T09:57:16.000Z</time>
      </trkpt>
      <trkpt lat="54.514702" lon="9.560244">
        <ele>-8.451712</ele>
        <time>2021-03-28T09:57:22.000Z</time>
      </trkpt>
      <trkpt lat="54.514722" lon="9.560250">
        <ele>-8.423223</ele>
        <time>2021-03-28T09:57:24.000Z</time>
      </trkpt>
      <trkpt lat="54.514744" lon="9.560243">
        <ele>-8.391826</ele>
        <time>2021-03-28T09:57:26.000Z</time>
      </trkpt>
      <trkpt lat="54.514760" lon="9.560244">
        <ele>-8.369358</ele>
        <time>2021-03-28T09:57:28.000Z</time>
      </trkpt>
      <trkpt lat="54.514776" lon="9.560223">
        <ele>-8.341129</ele>
        <time>2021-03-28T09:57:30.000Z</time>
      </trkpt>
      <trkpt lat="54.514850" lon="9.560219">
        <ele>-8.237229</ele>
        <time>2021-03-28T09:57:37.000Z</time>
      </trkpt>
      <trkpt lat="54.514865" lon="9.560228">
        <ele>-8.214938</ele>
        <time>2021-03-28T09:57:39.000Z</time>
      </trkpt>
      <trkpt lat="54.514899" lon="9.560204">
        <ele>-8.163373</ele>
        <time>2021-03-28T09:57:41.000Z</time>
      </trkpt>
      <trkpt lat="54.514936" lon="9.560193">
        <ele>-8.110681</ele>
        <time>2021-03-28T09:57:43.000Z</time>
      </trkpt>
      <trkpt lat="54.514970" lon="9.560187">
        <ele>-8.048681</ele>
        <time>2021-03-28T09:57:45.000Z</time>
      </trkpt>
      <trkpt lat="54.514974" lon="9.560184">
        <ele>-8.040133</ele>
        <time>2021-03-28T09:57:46.000Z</time>
      </trkpt>
      <trkpt lat="54.514978" lon="9.560182">
        <ele>-8.031973</ele>
        <time>2021-03-28T09:57:47.000Z</time>
      </trkpt>
      <trkpt lat="54.515022" lon="9.560167">
        <ele>-7.944096</ele>
        <time>2021-03-28T09:57:50.000Z</time>
      </trkpt>
      <trkpt lat="54.515034" lon="9.560155">
        <ele>-7.916911</ele>
        <time>2021-03-28T09:57:52.000Z</time>
      </trkpt>
      <trkpt lat="54.515037" lon="9.560150">
        <ele>-7.908733</ele>
        <time>2021-03-28T09:57:53.000Z</time>
      </trkpt>
      <trkpt lat="54.515044" lon="9.560143">
        <ele>-7.892875</ele>
        <time>2021-03-28T09:57:54.000Z</time>
      </trkpt>
      <trkpt lat="54.515086" lon="9.560108">
        <ele>-7.801466</ele>
        <time>2021-03-28T09:57:58.000Z</time>
      </trkpt>
      <trkpt lat="54.515098" lon="9.560099">
        <ele>-7.775824</ele>
        <time>2021-03-28T09:57:59.000Z</time>
      </trkpt>
      <trkpt lat="54.515147" lon="9.560072">
        <ele>-7.675032</ele>
        <time>2021-03-28T09:58:03.000Z</time>
      </trkpt>
      <trkpt lat="54.515159" lon="9.560039">
        <ele>-7.630745</ele>
        <time>2021-03-28T09:58:05.000Z</time>
      </trkpt>
      <trkpt lat="54.515324" lon="9.559977">
        <ele>-7.299874</ele>
        <time>2021-03-28T09:58:12.000Z</time>
      </trkpt>
      <trkpt lat="54.515350" lon="9.559969">
        <ele>-7.248129</ele>
        <time>2021-03-28T09:58:13.000Z</time>
      </trkpt>
      <trkpt lat="54.515366" lon="9.559963">
        <ele>-7.216047</ele>
        <time>2021-03-28T09:58:14.000Z</time>
      </trkpt>
      <trkpt lat="54.515383" lon="9.559946">
        <ele>-7.177536</ele>
        <time>2021-03-28T09:58:17.000Z</time>
      </trkpt>
      <trkpt lat="54.515381" lon="9.559944">
        <ele>-7.173005</ele>
        <time>2021-03-28T09:58:18.000Z</time>
      </trkpt>
      <trkpt lat="54.515415" lon="9.559942">
        <ele>-7.106353</ele>
        <time>2021-03-28T09:58:23.000Z</time>
      </trkpt>
      <trkpt lat="54.515442" lon="9.559922">
        <ele>-7.048771</ele>
        <time>2021-03-28T09:58:25.000Z</time>
      </trkpt>
      <trkpt lat="54.515508" lon="9.559902">
        <ele>-6.917478</ele>
        <time>2021-03-28T09:58:27.000Z</time>
      </trkpt>
      <trkpt lat="54.515596" lon="9.559861">
        <ele>-6.738874</ele>
        <time>2021-03-28T09:58:30.000Z</time>
      </trkpt>
      <trkpt lat="54.515618" lon="9.559849">
        <ele>-6.693662</ele>
        <time>2021-03-28T09:58:31.000Z</time>
      </trkpt>
      <trkpt lat="54.515639" lon="9.559832">
        <ele>-6.648202</ele>
        <time>2021-03-28T09:58:32.000Z</time>
      </trkpt>
      <trkpt lat="54.515694" lon="9.559757">
        <ele>-6.510773</ele>
        <time>2021-03-28T09:58:36.000Z</time>
      </trkpt>
      <trkpt lat="54.515703" lon="9.559739">
        <ele>-6.483754</ele>
        <time>2021-03-28T09:58:37.000Z</time>
      </trkpt>
      <trkpt lat="54.515705" lon="9.559719">
        <ele>-6.460674</ele>
        <time>2021-03-28T09:58:38.000Z</time>
      </trkpt>
      <trkpt lat="54.515726" lon="9.559679">
        <ele>-6.399337</ele>
        <time>2021-03-28T09:58:40.000Z</time>
      </trkpt>
      <trkpt lat="54.515736" lon="9.559655">
        <ele>-6.365738</ele>
        <time>2021-03-28T09:58:41.000Z</time>
      </trkpt>
      <trkpt lat="54.515745" lon="9.559650">
        <ele>-6.347211</ele>
        <time>2021-03-28T09:58:42.000Z</time>
      </trkpt>
      <trkpt lat="54.515789" lon="9.559581">
        <ele>-6.230638</ele>
        <time>2021-03-28T09:58:47.000Z</time>
      </trkpt>
      <trkpt lat="54.515851" lon="9.559526">
        <ele>-6.094008</ele>
        <time>2021-03-28T09:58:53.000Z</time>
      </trkpt>
      <trkpt lat="54.515876" lon="9.559530">
        <ele>-6.044817</ele>
        <time>2021-03-28T09:58:54.000Z</time>
      </trkpt>
      <trkpt lat="54.515982" lon="9.559645">
        <ele>-5.799389</ele>
        <time>2021-03-28T09:59:00.000Z</time>
      </trkpt>
      <trkpt lat="54.516026" lon="9.559678">
        <ele>-5.705369</ele>
        <time>2021-03-28T09:59:02.000Z</time>
      </trkpt>
      <trkpt lat="54.516057" lon="9.559729">
        <ele>-5.621387</ele>
        <time>2021-03-28T09:59:05.000Z</time>
      </trkpt>
      <trkpt lat="54.516102" lon="9.559788">
        <ele>-5.510594</ele>
        <time>2021-03-28T09:59:09.000Z</time>
      </trkpt>
      <trkpt lat="54.516180" lon="9.559822">
        <ele>-5.352959</ele>
        <time>2021-03-28T09:59:12.000Z</time>
      </trkpt>
      <trkpt lat="54.516211" lon="9.559848">
        <ele>-5.285408</ele>
        <time>2021-03-28T09:59:15.000Z</time>
      </trkpt>
      <trkpt lat="54.516308" lon="9.559956">
        <ele>-5.059129</ele>
        <time>2021-03-28T09:59:21.000Z</time>
      </trkpt>
      <trkpt lat="54.516322" lon="9.560090">
        <ele>-4.904286</ele>
        <time>2021-03-28T09:59:27.000Z</time>
      </trkpt>
      <trkpt lat="54.516311" lon="9.560110">
        <ele>-4.872952</ele>
        <time>2021-03-28T09:59:28.000Z</time>
      </trkpt>
      <trkpt lat="54.516255" lon="9.560192">
        <ele>-4.728959</ele>
        <time>2021-03-28T09:59:32.000Z</time>
      </trkpt>
      <trkpt lat="54.516202" lon="9.560275">
        <ele>-4.588629</ele>
        <time>2021-03-28T09:59:35.000Z</time>
      </trkpt>
      <trkpt lat="54.516192" lon="9.560305">
        <ele>-4.587658</ele>
        <time>2021-03-28T09:59:36.000Z</time>
      </trkpt>
      <trkpt lat="54.516180" lon="9.560389">
        <ele>-4.640590</ele>
        <time>2021-03-28T09:59:39.000Z</time>
      </trkpt>
      <trkpt lat="54.516176" lon="9.560407">
        <ele>-4.652384</ele>
        <time>2021-03-28T09:59:40.000Z</time>
      </trkpt>
      <trkpt lat="54.516162" lon="9.560438">
        <ele>-4.676417</ele>
        <time>2021-03-28T09:59:42.000Z</time>
      </trkpt>
      <trkpt lat="54.516148" lon="9.560511">
        <ele>-4.723460</ele>
        <time>2021-03-28T09:59:45.000Z</time>
      </trkpt>
      <trkpt lat="54.516157" lon="9.560628">
        <ele>-4.795677</ele>
        <time>2021-03-28T09:59:51.000Z</time>
      </trkpt>
      <trkpt lat="54.516204" lon="9.560678">
        <ele>-4.853905</ele>
        <time>2021-03-28T09:59:55.000Z</time>
      </trkpt>
      <trkpt lat="54.516211" lon="9.560699">
        <ele>-4.868723</ele>
        <time>2021-03-28T09:59:56.000Z</time>
      </trkpt>
      <trkpt lat="54.516203" lon="9.560756">
        <ele>-4.904606</ele>
        <time>2021-03-28T09:59:59.000Z</time>
      </trkpt>
      <trkpt lat="54.516198" lon="9.560822">
        <ele>-4.945333</ele>
        <time>2021-03-28T10:00:02.000Z</time>
      </trkpt>
      <trkpt lat="54.516179" lon="9.560879">
        <ele>-4.985552</ele>
        <time>2021-03-28T10:00:04.000Z</time>
      </trkpt>
      <trkpt lat="54.516174" lon="9.561003">
        <ele>-5.061609</ele>
        <time>2021-03-28T10:00:09.000Z</time>
      </trkpt>
      <trkpt lat="54.516180" lon="9.561016">
        <ele>-5.071772</ele>
        <time>2021-03-28T10:00:10.000Z</time>
      </trkpt>
      <trkpt lat="54.516177" lon="9.561032">
        <ele>-5.082060</ele>
        <time>2021-03-28T10:00:11.000Z</time>
      </trkpt>
      <trkpt lat="54.516162" lon="9.561110">
        <ele>-5.132338</ele>
        <time>2021-03-28T10:00:14.000Z</time>
      </trkpt>
      <trkpt lat="54.516162" lon="9.561155">
        <ele>-5.159873</ele>
        <time>2021-03-28T10:00:16.000Z</time>
      </trkpt>
      <trkpt lat="54.516165" lon="9.561215">
        <ele>-5.196722</ele>
        <time>2021-03-28T10:00:19.000Z</time>
      </trkpt>
      <trkpt lat="54.516181" lon="9.561227">
        <ele>-5.215117</ele>
        <time>2021-03-28T10:00:21.000Z</time>
      </trkpt>
      <trkpt lat="54.516201" lon="9.561227">
        <ele>-5.236200</ele>
        <time>2021-03-28T10:00:23.000Z</time>
      </trkpt>
      <trkpt lat="54.516216" lon="9.561238">
        <ele>-5.253385</ele>
        <time>2021-03-28T10:00:25.000Z</time>
      </trkpt>
      <trkpt lat="54.516233" lon="9.561273">
        <ele>-5.281309</ele>
        <time>2021-03-28T10:00:28.000Z</time>
      </trkpt>
      <trkpt lat="54.516254" lon="9.561292">
        <ele>-5.306313</ele>
        <time>2021-03-28T10:00:30.000Z</time>
      </trkpt>
      <trkpt lat="54.516250" lon="9.561311">
        <ele>-5.318680</ele>
        <time>2021-03-28T10:00:31.000Z</time>
      </trkpt>
      <trkpt lat="54.516271" lon="9.561327">
        <ele>-5.342884</ele>
        <time>2021-03-28T10:00:33.000Z</time>
      </trkpt>
      <trkpt lat="54.516288" lon="9.561348">
        <ele>-5.364935</ele>
        <time>2021-03-28T10:00:35.000Z</time>
      </trkpt>
      <trkpt lat="54.516294" lon="9.561360">
        <ele>-5.374626</ele>
        <time>2021-03-28T10:00:37.000Z</time>
      </trkpt>
      <trkpt lat="54.516301" lon="9.561353">
        <ele>-5.383158</ele>
        <time>2021-03-28T10:00:38.000Z</time>
      </trkpt>
      <trkpt lat="54.516293" lon="9.561358">
        <ele>-5.392129</ele>
        <time>2021-03-28T10:00:39.000Z</time>
      </trkpt>
      <trkpt lat="54.516300" lon="9.561366">
        <ele>-5.400984</ele>
        <time>2021-03-28T10:00:41.000Z</time>
      </trkpt>
      <trkpt lat="54.516320" lon="9.561395">
        <ele>-5.428540</ele>
        <time>2021-03-28T10:00:44.000Z</time>
      </trkpt>
      <trkpt lat="54.516314" lon="9.561410">
        <ele>-5.439687</ele>
        <time>2021-03-28T10:00:45.000Z</time>
      </trkpt>
      <trkpt lat="54.516317" lon="9.561449">
        <ele>-5.463759</ele>
        <time>2021-03-28T10:00:47.000Z</time>
      </trkpt>
      <trkpt lat="54.516372" lon="9.561574">
        <ele>-5.559735</ele>
        <time>2021-03-28T10:00:55.000Z</time>
      </trkpt>
      <trkpt lat="54.516401" lon="9.561595">
        <ele>-5.592895</ele>
        <time>2021-03-28T10:00:58.000Z</time>
      </trkpt>
      <trkpt lat="54.516413" lon="9.561591">
        <ele>-5.605779</ele>
        <time>2021-03-28T10:01:00.000Z</time>
      </trkpt>
      <trkpt lat="54.516437" lon="9.561608">
        <ele>-5.633133</ele>
        <time>2021-03-28T10:01:02.000Z</time>
      </trkpt>
      <trkpt lat="54.516437" lon="9.561705">
        <ele>-5.692486</ele>
        <time>2021-03-28T10:01:05.000Z</time>
      </trkpt>
      <trkpt lat="54.516434" lon="9.561735">
        <ele>-5.711113</ele>
        <time>2021-03-28T10:01:06.000Z</time>
      </trkpt>
      <trkpt lat="54.516440" lon="9.561798">
        <ele>-5.750177</ele>
        <time>2021-03-28T10:01:09.000Z</time>
      </trkpt>
      <trkpt lat="54.516436" lon="9.561904">
        <ele>-5.815174</ele>
        <time>2021-03-28T10:01:13.000Z</time>
      </trkpt>
      <trkpt lat="54.516448" lon="9.561942">
        <ele>-5.841643</ele>
        <time>2021-03-28T10:01:15.000Z</time>
      </trkpt>
      <trkpt lat="54.516434" lon="9.562070">
        <ele>-5.921343</ele>
        <time>2021-03-28T10:01:19.000Z</time>
      </trkpt>
      <trkpt lat="54.516424" lon="9.562095">
        <ele>-5.939920</ele>
        <time>2021-03-28T10:01:20.000Z</time>
      </trkpt>
      <trkpt lat="54.516390" lon="9.562223">
        <ele>-6.026052</ele>
        <time>2021-03-28T10:01:25.000Z</time>
      </trkpt>
      <trkpt lat="54.516367" lon="9.562267">
        <ele>-6.062283</ele>
        <time>2021-03-28T10:01:26.000Z</time>
      </trkpt>
      <trkpt lat="54.516369" lon="9.562389">
        <ele>-6.136963</ele>
        <time>2021-03-28T10:01:32.000Z</time>
      </trkpt>
      <trkpt lat="54.516378" lon="9.562434">
        <ele>-6.166086</ele>
        <time>2021-03-28T10:01:34.000Z</time>
      </trkpt>
      <trkpt lat="54.516394" lon="9.562502">
        <ele>-6.210983</ele>
        <time>2021-03-28T10:01:37.000Z</time>
      </trkpt>
      <trkpt lat="54.516404" lon="9.562533">
        <ele>-6.232683</ele>
        <time>2021-03-28T10:01:39.000Z</time>
      </trkpt>
      <trkpt lat="54.516418" lon="9.562546">
        <ele>-6.249448</ele>
        <time>2021-03-28T10:01:40.000Z</time>
      </trkpt>
      <trkpt lat="54.516434" lon="9.562591">
        <ele>-6.281738</ele>
        <time>2021-03-28T10:01:43.000Z</time>
      </trkpt>
      <trkpt lat="54.516442" lon="9.562634">
        <ele>-6.309367</ele>
        <time>2021-03-28T10:01:45.000Z</time>
      </trkpt>
      <trkpt lat="54.516447" lon="9.562671">
        <ele>-6.332612</ele>
        <time>2021-03-28T10:01:47.000Z</time>
      </trkpt>
      <trkpt lat="54.516441" lon="9.562757">
        <ele>-6.385613</ele>
        <time>2021-03-28T10:01:51.000Z</time>
      </trkpt>
      <trkpt lat="54.516413" lon="9.562843">
        <ele>-6.445948</ele>
        <time>2021-03-28T10:01:54.000Z</time>
      </trkpt>
      <trkpt lat="54.516406" lon="9.562907">
        <ele>-6.479042</ele>
        <time>2021-03-28T10:01:57.000Z</time>
      </trkpt>
      <trkpt lat="54.516412" lon="9.562957">
        <ele>-6.496734</ele>
        <time>2021-03-28T10:02:01.000Z</time>
      </trkpt>
      <trkpt lat="54.516413" lon="9.562966">
        <ele>-6.499909</ele>
        <time>2021-03-28T10:02:02.000Z</time>
      </trkpt>
      <trkpt lat="54.516420" lon="9.562977">
        <ele>-6.505565</ele>
        <time>2021-03-28T10:02:03.000Z</time>
      </trkpt>
      <trkpt lat="54.516460" lon="9.562991">
        <ele>-6.529931</ele>
        <time>2021-03-28T10:02:05.000Z</time>
      </trkpt>
      <trkpt lat="54.516514" lon="9.563024">
        <ele>-6.564134</ele>
        <time>2021-03-28T10:02:08.000Z</time>
      </trkpt>
      <trkpt lat="54.516519" lon="9.563153">
        <ele>-6.608933</ele>
        <time>2021-03-28T10:02:14.000Z</time>
      </trkpt>
      <trkpt lat="54.516563" lon="9.563254">
        <ele>-6.652690</ele>
        <time>2021-03-28T10:02:19.000Z</time>
      </trkpt>
      <trkpt lat="54.516571" lon="9.563287">
        <ele>-6.665082</ele>
        <time>2021-03-28T10:02:21.000Z</time>
      </trkpt>
      <trkpt lat="54.516591" lon="9.563372">
        <ele>-6.696863</ele>
        <time>2021-03-28T10:02:25.000Z</time>
      </trkpt>
      <trkpt lat="54.516602" lon="9.563432">
        <ele>-6.718666</ele>
        <time>2021-03-28T10:02:28.000Z</time>
      </trkpt>
      <trkpt lat="54.516600" lon="9.563476">
        <ele>-6.733959</ele>
        <time>2021-03-28T10:02:30.000Z</time>
      </trkpt>
      <trkpt lat="54.516612" lon="9.563510">
        <ele>-6.747747</ele>
        <time>2021-03-28T10:02:32.000Z</time>
      </trkpt>
      <trkpt lat="54.516624" lon="9.563553">
        <ele>-6.764280</ele>
        <time>2021-03-28T10:02:34.000Z</time>
      </trkpt>
      <trkpt lat="54.516626" lon="9.563578">
        <ele>-6.773024</ele>
        <time>2021-03-28T10:02:35.000Z</time>
      </trkpt>
      <trkpt lat="54.516635" lon="9.563733">
        <ele>-6.827001</ele>
        <time>2021-03-28T10:02:40.000Z</time>
      </trkpt>
      <trkpt lat="54.516638" lon="9.563748">
        <ele>-6.832498</ele>
        <time>2021-03-28T10:02:41.000Z</time>
      </trkpt>
      <trkpt lat="54.516663" lon="9.563853">
        <ele>-6.871824</ele>
        <time>2021-03-28T10:02:45.000Z</time>
      </trkpt>
      <trkpt lat="54.516686" lon="9.564005">
        <ele>-6.926253</ele>
        <time>2021-03-28T10:02:52.000Z</time>
      </trkpt>
      <trkpt lat="54.516700" lon="9.564077">
        <ele>-6.952564</ele>
        <time>2021-03-28T10:02:57.000Z</time>
      </trkpt>
      <trkpt lat="54.516665" lon="9.564224">
        <ele>-7.007619</ele>
        <time>2021-03-28T10:03:03.000Z</time>
      </trkpt>
      <trkpt lat="54.516673" lon="9.564318">
        <ele>-7.040539</ele>
        <time>2021-03-28T10:03:07.000Z</time>
      </trkpt>
      <trkpt lat="54.516658" lon="9.564391">
        <ele>-7.067372</ele>
        <time>2021-03-28T10:03:10.000Z</time>
      </trkpt>
      <trkpt lat="54.516661" lon="9.564407">
        <ele>-7.073198</ele>
        <time>2021-03-28T10:03:11.000Z</time>
      </trkpt>
      <trkpt lat="54.516680" lon="9.564439">
        <ele>-7.089060</ele>
        <time>2021-03-28T10:03:13.000Z</time>
      </trkpt>
      <trkpt lat="54.516694" lon="9.564480">
        <ele>-7.105542</ele>
        <time>2021-03-28T10:03:15.000Z</time>
      </trkpt>
      <trkpt lat="54.516704" lon="9.564497">
        <ele>-7.113929</ele>
        <time>2021-03-28T10:03:16.000Z</time>
      </trkpt>
      <trkpt lat="54.516713" lon="9.564514">
        <ele>-7.121902</ele>
        <time>2021-03-28T10:03:17.000Z</time>
      </trkpt>
      <trkpt lat="54.516751" lon="9.564603">
        <ele>-7.160185</ele>
        <time>2021-03-28T10:03:22.000Z</time>
      </trkpt>
      <trkpt lat="54.516742" lon="9.564668">
        <ele>-7.183340</ele>
        <time>2021-03-28T10:03:24.000Z</time>
      </trkpt>
      <trkpt lat="54.516754" lon="9.564791">
        <ele>-7.226558</ele>
        <time>2021-03-28T10:03:29.000Z</time>
      </trkpt>
      <trkpt lat="54.516809" lon="9.564882">
        <ele>-7.272079</ele>
        <time>2021-03-28T10:03:35.000Z</time>
      </trkpt>
      <trkpt lat="54.516824" lon="9.564909">
        <ele>-7.285030</ele>
        <time>2021-03-28T10:03:37.000Z</time>
      </trkpt>
      <trkpt lat="54.516829" lon="9.564923">
        <ele>-7.290725</ele>
        <time>2021-03-28T10:03:38.000Z</time>
      </trkpt>
      <trkpt lat="54.516829" lon="9.564934">
        <ele>-7.294537</ele>
        <time>2021-03-28T10:03:39.000Z</time>
      </trkpt>
      <trkpt lat="54.516840" lon="9.564952">
        <ele>-7.303593</ele>
        <time>2021-03-28T10:03:41.000Z</time>
      </trkpt>
      <trkpt lat="54.516845" lon="9.564962">
        <ele>-7.308167</ele>
        <time>2021-03-28T10:03:42.000Z</time>
      </trkpt>
      <trkpt lat="54.516849" lon="9.564973">
        <ele>-7.312664</ele>
        <time>2021-03-28T10:03:43.000Z</time>
      </trkpt>
      <trkpt lat="54.516834" lon="9.565006">
        <ele>-7.327188</ele>
        <time>2021-03-28T10:03:44.000Z</time>
      </trkpt>
      <trkpt lat="54.516824" lon="9.565082">
        <ele>-7.354190</ele>
        <time>2021-03-28T10:03:48.000Z</time>
      </trkpt>
      <trkpt lat="54.516836" lon="9.565081">
        <ele>-7.361362</ele>
        <time>2021-03-28T10:03:50.000Z</time>
      </trkpt>
      <trkpt lat="54.516870" lon="9.565051">
        <ele>-7.384166</ele>
        <time>2021-03-28T10:03:54.000Z</time>
      </trkpt>
      <trkpt lat="54.516876" lon="9.565044">
        <ele>-7.388491</ele>
        <time>2021-03-28T10:03:55.000Z</time>
      </trkpt>
      <trkpt lat="54.516878" lon="9.565036">
        <ele>-7.391510</ele>
        <time>2021-03-28T10:03:57.000Z</time>
      </trkpt>
      <trkpt lat="54.516877" lon="9.565040">
        <ele>-7.393019</ele>
        <time>2021-03-28T10:03:58.000Z</time>
      </trkpt>
      <trkpt lat="54.516873" lon="9.565036">
        <ele>-7.395780</ele>
        <time>2021-03-28T10:04:00.000Z</time>
      </trkpt>
      <trkpt lat="54.516866" lon="9.565033">
        <ele>-7.400086</ele>
        <time>2021-03-28T10:04:03.000Z</time>
      </trkpt>
      <trkpt lat="54.516867" lon="9.565035">
        <ele>-7.401000</ele>
        <time>2021-03-28T10:04:04.000Z</time>
      </trkpt>
      <trkpt lat="54.516868" lon="9.565039">
        <ele>-7.402509</ele>
        <time>2021-03-28T10:04:05.000Z</time>
      </trkpt>
      <trkpt lat="54.516866" lon="9.565051">
        <ele>-7.406835</ele>
        <time>2021-03-28T10:04:06.000Z</time>
      </trkpt>
      <trkpt lat="54.516861" lon="9.565063">
        <ele>-7.411954</ele>
        <time>2021-03-28T10:04:07.000Z</time>
      </trkpt>
      <trkpt lat="54.516852" lon="9.565109">
        <ele>-7.428774</ele>
        <time>2021-03-28T10:04:12.000Z</time>
      </trkpt>
      <trkpt lat="54.516875" lon="9.565140">
        <ele>-7.446207</ele>
        <time>2021-03-28T10:04:15.000Z</time>
      </trkpt>
      <trkpt lat="54.516881" lon="9.565152">
        <ele>-7.451695</ele>
        <time>2021-03-28T10:04:16.000Z</time>
      </trkpt>
      <trkpt lat="54.516890" lon="9.565199">
        <ele>-7.468844</ele>
        <time>2021-03-28T10:04:19.000Z</time>
      </trkpt>
      <trkpt lat="54.516886" lon="9.565234">
        <ele>-7.481204</ele>
        <time>2021-03-28T10:04:20.000Z</time>
      </trkpt>
      <trkpt lat="54.516882" lon="9.565351">
        <ele>-7.521816</ele>
        <time>2021-03-28T10:04:24.000Z</time>
      </trkpt>
      <trkpt lat="54.516859" lon="9.565448">
        <ele>-7.538946</ele>
        <time>2021-03-28T10:04:26.000Z</time>
      </trkpt>
      <trkpt lat="54.516849" lon="9.565468">
        <ele>-7.535746</ele>
        <time>2021-03-28T10:04:28.000Z</time>
      </trkpt>
      <trkpt lat="54.516840" lon="9.565477">
        <ele>-7.533573</ele>
        <time>2021-03-28T10:04:29.000Z</time>
      </trkpt>
      <trkpt lat="54.516815" lon="9.565457">
        <ele>-7.527816</ele>
        <time>2021-03-28T10:04:35.000Z</time>
      </trkpt>
      <trkpt lat="54.516791" lon="9.565452">
        <ele>-7.522767</ele>
        <time>2021-03-28T10:04:37.000Z</time>
      </trkpt>
      <trkpt lat="54.516746" lon="9.565481">
        <ele>-7.512734</ele>
        <time>2021-03-28T10:04:41.000Z</time>
      </trkpt>
      <trkpt lat="54.516726" lon="9.565488">
        <ele>-7.508471</ele>
        <time>2021-03-28T10:04:43.000Z</time>
      </trkpt>
      <trkpt lat="54.516691" lon="9.565515">
        <ele>-7.500463</ele>
        <time>2021-03-28T10:04:46.000Z</time>
      </trkpt>
      <trkpt lat="54.516674" lon="9.565523">
        <ele>-7.496782</ele>
        <time>2021-03-28T10:04:47.000Z</time>
      </trkpt>
      <trkpt lat="54.516657" lon="9.565530">
        <ele>-7.493132</ele>
        <time>2021-03-28T10:04:50.000Z</time>
      </trkpt>
      <trkpt lat="54.516648" lon="9.565534">
        <ele>-7.491191</ele>
        <time>2021-03-28T10:04:52.000Z</time>
      </trkpt>
      <trkpt lat="54.516642" lon="9.565527">
        <ele>-7.489678</ele>
        <time>2021-03-28T10:04:53.000Z</time>
      </trkpt>
      <trkpt lat="54.516618" lon="9.565539">
        <ele>-7.484459</ele>
        <time>2021-03-28T10:04:57.000Z</time>
      </trkpt>
      <trkpt lat="54.516592" lon="9.565555">
        <ele>-7.478693</ele>
        <time>2021-03-28T10:04:59.000Z</time>
      </trkpt>
      <trkpt lat="54.516587" lon="9.565560">
        <ele>-7.477485</ele>
        <time>2021-03-28T10:05:00.000Z</time>
      </trkpt>
      <trkpt lat="54.516565" lon="9.565552">
        <ele>-7.472790</ele>
        <time>2021-03-28T10:05:02.000Z</time>
      </trkpt>
      <trkpt lat="54.516548" lon="9.565543">
        <ele>-7.469075</ele>
        <time>2021-03-28T10:05:04.000Z</time>
      </trkpt>
      <trkpt lat="54.516539" lon="9.565524">
        <ele>-7.466103</ele>
        <time>2021-03-28T10:05:05.000Z</time>
      </trkpt>
      <trkpt lat="54.516535" lon="9.565509">
        <ele>-7.464101</ele>
        <time>2021-03-28T10:05:06.000Z</time>
      </trkpt>
      <trkpt lat="54.516537" lon="9.565497">
        <ele>-7.462588</ele>
        <time>2021-03-28T10:05:09.000Z</time>
      </trkpt>
      <trkpt lat="54.516539" lon="9.565507">
        <ele>-7.461306</ele>
        <time>2021-03-28T10:05:10.000Z</time>
      </trkpt>
      <trkpt lat="54.516540" lon="9.565506">
        <ele>-7.461064</ele>
        <time>2021-03-28T10:05:14.000Z</time>
      </trkpt>
      <trkpt lat="54.516547" lon="9.565505">
        <ele>-7.459597</ele>
        <time>2021-03-28T10:05:16.000Z</time>
      </trkpt>
      <trkpt lat="54.516538" lon="9.565556">
        <ele>-7.453135</ele>
        <time>2021-03-28T10:05:18.000Z</time>
      </trkpt>
      <trkpt lat="54.516401" lon="9.565782">
        <ele>-7.413522</ele>
        <time>2021-03-28T10:05:21.000Z</time>
      </trkpt>
      <trkpt lat="54.516379" lon="9.565859">
        <ele>-7.403119</ele>
        <time>2021-03-28T10:05:22.000Z</time>
      </trkpt>
      <trkpt lat="54.516371" lon="9.565880">
        <ele>-7.400073</ele>
        <time>2021-03-28T10:05:23.000Z</time>
      </trkpt>
      <trkpt lat="54.516360" lon="9.565898">
        <ele>-7.396905</ele>
        <time>2021-03-28T10:05:25.000Z</time>
      </trkpt>
      <trkpt lat="54.516347" lon="9.565934">
        <ele>-7.391765</ele>
        <time>2021-03-28T10:05:28.000Z</time>
      </trkpt>
      <trkpt lat="54.516358" lon="9.565934">
        <ele>-7.389468</ele>
        <time>2021-03-28T10:05:29.000Z</time>
      </trkpt>
      <trkpt lat="54.516447" lon="9.566012">
        <ele>-7.368614</ele>
        <time>2021-03-28T10:05:33.000Z</time>
      </trkpt>
      <trkpt lat="54.516471" lon="9.566015">
        <ele>-7.363589</ele>
        <time>2021-03-28T10:05:35.000Z</time>
      </trkpt>
      <trkpt lat="54.516480" lon="9.566016">
        <ele>-7.361706</ele>
        <time>2021-03-28T10:05:36.000Z</time>
      </trkpt>
      <trkpt lat="54.516470" lon="9.566037">
        <ele>-7.358413</ele>
        <time>2021-03-28T10:05:40.000Z</time>
      </trkpt>
      <trkpt lat="54.516458" lon="9.566124">
        <ele>-7.347572</ele>
        <time>2021-03-28T10:05:45.000Z</time>
      </trkpt>
      <trkpt lat="54.516447" lon="9.566190">
        <ele>-7.339248</ele>
        <time>2021-03-28T10:05:48.000Z</time>
      </trkpt>
      <trkpt lat="54.516441" lon="9.566223">
        <ele>-7.335056</ele>
        <time>2021-03-28T10:05:51.000Z</time>
      </trkpt>
      <trkpt lat="54.516444" lon="9.566260">
        <ele>-7.330527</ele>
        <time>2021-03-28T10:05:53.000Z</time>
      </trkpt>
      <trkpt lat="54.516478" lon="9.566334">
        <ele>-7.319086</ele>
        <time>2021-03-28T10:05:57.000Z</time>
      </trkpt>
      <trkpt lat="54.516495" lon="9.566360">
        <ele>-7.314339</ele>
        <time>2021-03-28T10:05:58.000Z</time>
      </trkpt>
      <trkpt lat="54.516517" lon="9.566412">
        <ele>-7.306539</ele>
        <time>2021-03-28T10:06:00.000Z</time>
      </trkpt>
      <trkpt lat="54.516534" lon="9.566545">
        <ele>-7.290029</ele>
        <time>2021-03-28T10:06:03.000Z</time>
      </trkpt>
      <trkpt lat="54.516537" lon="9.566598">
        <ele>-7.283574</ele>
        <time>2021-03-28T10:06:04.000Z</time>
      </trkpt>
      <trkpt lat="54.516583" lon="9.566762">
        <ele>-7.261494</ele>
        <time>2021-03-28T10:06:10.000Z</time>
      </trkpt>
      <trkpt lat="54.516603" lon="9.566847">
        <ele>-7.250375</ele>
        <time>2021-03-28T10:06:14.000Z</time>
      </trkpt>
      <trkpt lat="54.516608" lon="9.566891">
        <ele>-7.244940</ele>
        <time>2021-03-28T10:06:17.000Z</time>
      </trkpt>
      <trkpt lat="54.516617" lon="9.567062">
        <ele>-7.224125</ele>
        <time>2021-03-28T10:06:24.000Z</time>
      </trkpt>
      <trkpt lat="54.516613" lon="9.567121">
        <ele>-7.216924</ele>
        <time>2021-03-28T10:06:27.000Z</time>
      </trkpt>
      <trkpt lat="54.516617" lon="9.567158">
        <ele>-7.212362</ele>
        <time>2021-03-28T10:06:29.000Z</time>
      </trkpt>
      <trkpt lat="54.516613" lon="9.567208">
        <ele>-7.206243</ele>
        <time>2021-03-28T10:06:32.000Z</time>
      </trkpt>
      <trkpt lat="54.516614" lon="9.567238">
        <ele>-7.202601</ele>
        <time>2021-03-28T10:06:34.000Z</time>
      </trkpt>
      <trkpt lat="54.516612" lon="9.567283">
        <ele>-7.197130</ele>
        <time>2021-03-28T10:06:36.000Z</time>
      </trkpt>
      <trkpt lat="54.516603" lon="9.567337">
        <ele>-7.190319</ele>
        <time>2021-03-28T10:06:39.000Z</time>
      </trkpt>
      <trkpt lat="54.516588" lon="9.567392">
        <ele>-7.182952</ele>
        <time>2021-03-28T10:06:42.000Z</time>
      </trkpt>
      <trkpt lat="54.516590" lon="9.567406">
        <ele>-7.181204</ele>
        <time>2021-03-28T10:06:43.000Z</time>
      </trkpt>
      <trkpt lat="54.516574" lon="9.567503">
        <ele>-7.168980</ele>
        <time>2021-03-28T10:06:48.000Z</time>
      </trkpt>
      <trkpt lat="54.516567" lon="9.567514">
        <ele>-7.167945</ele>
        <time>2021-03-28T10:06:49.000Z</time>
      </trkpt>
      <trkpt lat="54.516549" lon="9.567520">
        <ele>-7.166928</ele>
        <time>2021-03-28T10:06:50.000Z</time>
      </trkpt>
      <trkpt lat="54.516513" lon="9.567544">
        <ele>-7.164787</ele>
        <time>2021-03-28T10:06:53.000Z</time>
      </trkpt>
      <trkpt lat="54.516499" lon="9.567555">
        <ele>-7.163934</ele>
        <time>2021-03-28T10:06:54.000Z</time>
      </trkpt>
      <trkpt lat="54.516491" lon="9.567554">
        <ele>-7.163489</ele>
        <time>2021-03-28T10:06:55.000Z</time>
      </trkpt>
      <trkpt lat="54.516481" lon="9.567553">
        <ele>-7.162933</ele>
        <time>2021-03-28T10:06:56.000Z</time>
      </trkpt>
      <trkpt lat="54.516414" lon="9.567500">
        <ele>-7.158845</ele>
        <time>2021-03-28T10:07:02.000Z</time>
      </trkpt>
      <trkpt lat="54.516406" lon="9.567495">
        <ele>-7.158373</ele>
        <time>2021-03-28T10:07:03.000Z</time>
      </trkpt>
      <trkpt lat="54.516400" lon="9.567481">
        <ele>-7.157813</ele>
        <time>2021-03-28T10:07:05.000Z</time>
      </trkpt>
      <trkpt lat="54.516400" lon="9.567467">
        <ele>-7.157362</ele>
        <time>2021-03-28T10:07:07.000Z</time>
      </trkpt>
      <trkpt lat="54.516400" lon="9.567466">
        <ele>-7.157330</ele>
        <time>2021-03-28T10:07:09.000Z</time>
      </trkpt>
      <trkpt lat="54.516399" lon="9.567465">
        <ele>-7.157266</ele>
        <time>2021-03-28T10:07:10.000Z</time>
      </trkpt>
      <trkpt lat="54.516359" lon="9.567449">
        <ele>-7.154988</ele>
        <time>2021-03-28T10:07:15.000Z</time>
      </trkpt>
      <trkpt lat="54.516353" lon="9.567444">
        <ele>-7.154619</ele>
        <time>2021-03-28T10:07:17.000Z</time>
      </trkpt>
      <trkpt lat="54.516310" lon="9.567424">
        <ele>-7.152149</ele>
        <time>2021-03-28T10:07:21.000Z</time>
      </trkpt>
      <trkpt lat="54.516282" lon="9.567408">
        <ele>-7.150513</ele>
        <time>2021-03-28T10:07:23.000Z</time>
      </trkpt>
      <trkpt lat="54.516263" lon="9.567416">
        <ele>-7.149428</ele>
        <time>2021-03-28T10:07:25.000Z</time>
      </trkpt>
      <trkpt lat="54.516246" lon="9.567472">
        <ele>-7.147394</ele>
        <time>2021-03-28T10:07:27.000Z</time>
      </trkpt>
      <trkpt lat="54.516198" lon="9.567539">
        <ele>-7.143968</ele>
        <time>2021-03-28T10:07:33.000Z</time>
      </trkpt>
      <trkpt lat="54.516185" lon="9.567549">
        <ele>-7.143178</ele>
        <time>2021-03-28T10:07:34.000Z</time>
      </trkpt>
      <trkpt lat="54.516143" lon="9.567588">
        <ele>-7.140532</ele>
        <time>2021-03-28T10:07:38.000Z</time>
      </trkpt>
      <trkpt lat="54.516103" lon="9.567678">
        <ele>-7.136883</ele>
        <time>2021-03-28T10:07:40.000Z</time>
      </trkpt>
      <trkpt lat="54.516092" lon="9.567685">
        <ele>-7.136233</ele>
        <time>2021-03-28T10:07:43.000Z</time>
      </trkpt>
      <trkpt lat="54.516082" lon="9.567689">
        <ele>-7.135664</ele>
        <time>2021-03-28T10:07:46.000Z</time>
      </trkpt>
      <trkpt lat="54.516062" lon="9.567715">
        <ele>-7.134274</ele>
        <time>2021-03-28T10:07:52.000Z</time>
      </trkpt>
      <trkpt lat="54.516012" lon="9.567887">
        <ele>-7.128082</ele>
        <time>2021-03-28T10:08:00.000Z</time>
      </trkpt>
      <trkpt lat="54.516006" lon="9.568008">
        <ele>-7.124172</ele>
        <time>2021-03-28T10:08:05.000Z</time>
      </trkpt>
      <trkpt lat="54.516007" lon="9.568048">
        <ele>-7.122883</ele>
        <time>2021-03-28T10:08:07.000Z</time>
      </trkpt>
      <trkpt lat="54.516019" lon="9.568164">
        <ele>-7.119090</ele>
        <time>2021-03-28T10:08:12.000Z</time>
      </trkpt>
      <trkpt lat="54.516019" lon="9.568176">
        <ele>-7.118704</ele>
        <time>2021-03-28T10:08:13.000Z</time>
      </trkpt>
      <trkpt lat="54.516012" lon="9.568180">
        <ele>-7.118295</ele>
        <time>2021-03-28T10:08:14.000Z</time>
      </trkpt>
      <trkpt lat="54.515968" lon="9.568192">
        <ele>-7.115825</ele>
        <time>2021-03-28T10:08:17.000Z</time>
      </trkpt>
      <trkpt lat="54.515908" lon="9.568233">
        <ele>-7.112245</ele>
        <time>2021-03-28T10:08:21.000Z</time>
      </trkpt>
      <trkpt lat="54.515877" lon="9.568229">
        <ele>-7.110521</ele>
        <time>2021-03-28T10:08:23.000Z</time>
      </trkpt>
      <trkpt lat="54.515833" lon="9.568239">
        <ele>-7.108060</ele>
        <time>2021-03-28T10:08:25.000Z</time>
      </trkpt>
      <trkpt lat="54.515806" lon="9.568235">
        <ele>-7.106557</ele>
        <time>2021-03-28T10:08:27.000Z</time>
      </trkpt>
      <trkpt lat="54.515787" lon="9.568218">
        <ele>-7.105369</ele>
        <time>2021-03-28T10:08:29.000Z</time>
      </trkpt>
      <trkpt lat="54.515778" lon="9.568223">
        <ele>-7.104845</ele>
        <time>2021-03-28T10:08:30.000Z</time>
      </trkpt>
      <trkpt lat="54.515773" lon="9.568220">
        <ele>-7.104551</ele>
        <time>2021-03-28T10:08:31.000Z</time>
      </trkpt>
      <trkpt lat="54.515763" lon="9.568215">
        <ele>-7.103974</ele>
        <time>2021-03-28T10:08:32.000Z</time>
      </trkpt>
      <trkpt lat="54.515754" lon="9.568207">
        <ele>-7.103412</ele>
        <time>2021-03-28T10:08:33.000Z</time>
      </trkpt>
      <trkpt lat="54.515720" lon="9.568228">
        <ele>-7.101409</ele>
        <time>2021-03-28T10:08:36.000Z</time>
      </trkpt>
      <trkpt lat="54.515695" lon="9.568256">
        <ele>-7.099756</ele>
        <time>2021-03-28T10:08:38.000Z</time>
      </trkpt>
      <trkpt lat="54.515665" lon="9.568258">
        <ele>-7.098091</ele>
        <time>2021-03-28T10:08:41.000Z</time>
      </trkpt>
      <trkpt lat="54.515613" lon="9.568283">
        <ele>-7.095097</ele>
        <time>2021-03-28T10:08:45.000Z</time>
      </trkpt>
      <trkpt lat="54.515592" lon="9.568301">
        <ele>-7.093796</ele>
        <time>2021-03-28T10:08:47.000Z</time>
      </trkpt>
      <trkpt lat="54.515572" lon="9.568334">
        <ele>-7.092260</ele>
        <time>2021-03-28T10:08:50.000Z</time>
      </trkpt>
      <trkpt lat="54.515559" lon="9.568339">
        <ele>-7.091521</ele>
        <time>2021-03-28T10:08:51.000Z</time>
      </trkpt>
      <trkpt lat="54.515547" lon="9.568340">
        <ele>-7.090855</ele>
        <time>2021-03-28T10:08:52.000Z</time>
      </trkpt>
      <trkpt lat="54.515471" lon="9.568363">
        <ele>-7.086576</ele>
        <time>2021-03-28T10:08:57.000Z</time>
      </trkpt>
      <trkpt lat="54.515455" lon="9.568367">
        <ele>-7.085679</ele>
        <time>2021-03-28T10:08:58.000Z</time>
      </trkpt>
      <trkpt lat="54.515442" lon="9.568375">
        <ele>-7.084914</ele>
        <time>2021-03-28T10:08:59.000Z</time>
      </trkpt>
      <trkpt lat="54.515378" lon="9.568425">
        <ele>-7.081016</ele>
        <time>2021-03-28T10:09:04.000Z</time>
      </trkpt>
      <trkpt lat="54.515375" lon="9.568433">
        <ele>-7.080710</ele>
        <time>2021-03-28T10:09:05.000Z</time>
      </trkpt>
      <trkpt lat="54.515340" lon="9.568454">
        <ele>-7.078654</ele>
        <time>2021-03-28T10:09:07.000Z</time>
      </trkpt>
      <trkpt lat="54.515291" lon="9.568472">
        <ele>-7.075876</ele>
        <time>2021-03-28T10:09:10.000Z</time>
      </trkpt>
      <trkpt lat="54.515277" lon="9.568467">
        <ele>-7.075083</ele>
        <time>2021-03-28T10:09:11.000Z</time>
      </trkpt>
      <trkpt lat="54.515244" lon="9.568469">
        <ele>-7.073252</ele>
        <time>2021-03-28T10:09:14.000Z</time>
      </trkpt>
      <trkpt lat="54.515201" lon="9.568465">
        <ele>-7.070864</ele>
        <time>2021-03-28T10:09:16.000Z</time>
      </trkpt>
      <trkpt lat="54.515183" lon="9.568468">
        <ele>-7.069861</ele>
        <time>2021-03-28T10:09:17.000Z</time>
      </trkpt>
      <trkpt lat="54.515109" lon="9.568497">
        <ele>-7.020661</ele>
        <time>2021-03-28T10:09:22.000Z</time>
      </trkpt>
      <trkpt lat="54.515079" lon="9.568511">
        <ele>-6.992066</ele>
        <time>2021-03-28T10:09:24.000Z</time>
      </trkpt>
      <trkpt lat="54.514983" lon="9.568590">
        <ele>-6.894184</ele>
        <time>2021-03-28T10:09:30.000Z</time>
      </trkpt>
      <trkpt lat="54.514972" lon="9.568596">
        <ele>-6.883569</ele>
        <time>2021-03-28T10:09:31.000Z</time>
      </trkpt>
      <trkpt lat="54.514959" lon="9.568597">
        <ele>-6.871597</ele>
        <time>2021-03-28T10:09:32.000Z</time>
      </trkpt>
      <trkpt lat="54.514886" lon="9.568663">
        <ele>-6.795748</ele>
        <time>2021-03-28T10:09:37.000Z</time>
      </trkpt>
      <trkpt lat="54.514869" lon="9.568689">
        <ele>-6.774833</ele>
        <time>2021-03-28T10:09:39.000Z</time>
      </trkpt>
      <trkpt lat="54.514800" lon="9.568750">
        <ele>-6.703480</ele>
        <time>2021-03-28T10:09:45.000Z</time>
      </trkpt>
      <trkpt lat="54.514798" lon="9.568755">
        <ele>-6.700237</ele>
        <time>2021-03-28T10:09:46.000Z</time>
      </trkpt>
      <trkpt lat="54.514783" lon="9.568772">
        <ele>-6.683718</ele>
        <time>2021-03-28T10:09:47.000Z</time>
      </trkpt>
      <trkpt lat="54.514769" lon="9.568777">
        <ele>-6.670564</ele>
        <time>2021-03-28T10:09:49.000Z</time>
      </trkpt>
      <trkpt lat="54.514750" lon="9.568792">
        <ele>-6.651336</ele>
        <time>2021-03-28T10:09:51.000Z</time>
      </trkpt>
      <trkpt lat="54.514718" lon="9.568812">
        <ele>-6.620017</ele>
        <time>2021-03-28T10:09:53.000Z</time>
      </trkpt>
      <trkpt lat="54.514650" lon="9.568859">
        <ele>-6.552608</ele>
        <time>2021-03-28T10:09:59.000Z</time>
      </trkpt>
      <trkpt lat="54.514639" lon="9.568877">
        <ele>-6.538650</ele>
        <time>2021-03-28T10:10:01.000Z</time>
      </trkpt>
      <trkpt lat="54.514627" lon="9.568895">
        <ele>-6.524011</ele>
        <time>2021-03-28T10:10:04.000Z</time>
      </trkpt>
      <trkpt lat="54.514617" lon="9.568902">
        <ele>-6.514080</ele>
        <time>2021-03-28T10:10:05.000Z</time>
      </trkpt>
      <trkpt lat="54.514591" lon="9.568920">
        <ele>-6.488300</ele>
        <time>2021-03-28T10:10:08.000Z</time>
      </trkpt>
      <trkpt lat="54.514539" lon="9.568962">
        <ele>-6.435462</ele>
        <time>2021-03-28T10:10:12.000Z</time>
      </trkpt>
      <trkpt lat="54.514451" lon="9.569006">
        <ele>-6.351159</ele>
        <time>2021-03-28T10:10:19.000Z</time>
      </trkpt>
      <trkpt lat="54.514357" lon="9.569101">
        <ele>-6.250893</ele>
        <time>2021-03-28T10:10:24.000Z</time>
      </trkpt>
      <trkpt lat="54.514319" lon="9.569134">
        <ele>-6.211741</ele>
        <time>2021-03-28T10:10:26.000Z</time>
      </trkpt>
      <trkpt lat="54.514214" lon="9.569223">
        <ele>-6.104078</ele>
        <time>2021-03-28T10:10:32.000Z</time>
      </trkpt>
      <trkpt lat="54.514190" lon="9.569256">
        <ele>-6.075827</ele>
        <time>2021-03-28T10:10:35.000Z</time>
      </trkpt>
      <trkpt lat="54.514185" lon="9.569255">
        <ele>-6.071196</ele>
        <time>2021-03-28T10:10:37.000Z</time>
      </trkpt>
      <trkpt lat="54.514176" lon="9.569263">
        <ele>-6.061878</ele>
        <time>2021-03-28T10:10:38.000Z</time>
      </trkpt>
      <trkpt lat="54.514162" lon="9.569266">
        <ele>-6.048898</ele>
        <time>2021-03-28T10:10:40.000Z</time>
      </trkpt>
      <trkpt lat="54.514131" lon="9.569269">
        <ele>-6.020333</ele>
        <time>2021-03-28T10:10:43.000Z</time>
      </trkpt>
      <trkpt lat="54.514111" lon="9.569268">
        <ele>-6.001925</ele>
        <time>2021-03-28T10:10:44.000Z</time>
      </trkpt>
      <trkpt lat="54.514105" lon="9.569311">
        <ele>-5.978306</ele>
        <time>2021-03-28T10:10:46.000Z</time>
      </trkpt>
      <trkpt lat="54.514118" lon="9.569355">
        <ele>-5.951938</ele>
        <time>2021-03-28T10:10:48.000Z</time>
      </trkpt>
      <trkpt lat="54.514133" lon="9.569376">
        <ele>-5.934155</ele>
        <time>2021-03-28T10:10:50.000Z</time>
      </trkpt>
      <trkpt lat="54.514143" lon="9.569409">
        <ele>-5.914273</ele>
        <time>2021-03-28T10:10:52.000Z</time>
      </trkpt>
      <trkpt lat="54.514206" lon="9.569497">
        <ele>-5.839652</ele>
        <time>2021-03-28T10:10:58.000Z</time>
      </trkpt>
      <trkpt lat="54.514244" lon="9.569539">
        <ele>-5.798114</ele>
        <time>2021-03-28T10:11:01.000Z</time>
      </trkpt>
      <trkpt lat="54.514270" lon="9.569578">
        <ele>-5.766396</ele>
        <time>2021-03-28T10:11:04.000Z</time>
      </trkpt>
      <trkpt lat="54.514273" lon="9.569604">
        <ele>-5.752239</ele>
        <time>2021-03-28T10:11:05.000Z</time>
      </trkpt>
      <trkpt lat="54.514271" lon="9.569724">
        <ele>-5.688124</ele>
        <time>2021-03-28T10:11:09.000Z</time>
      </trkpt>
      <trkpt lat="54.514318" lon="9.569775">
        <ele>-5.637019</ele>
        <time>2021-03-28T10:11:13.000Z</time>
      </trkpt>
      <trkpt lat="54.514368" lon="9.569803">
        <ele>-5.588649</ele>
        <time>2021-03-28T10:11:16.000Z</time>
      </trkpt>
      <trkpt lat="54.514399" lon="9.569955">
        <ele>-5.502606</ele>
        <time>2021-03-28T10:11:23.000Z</time>
      </trkpt>
      <trkpt lat="54.514476" lon="9.569998">
        <ele>-5.428135</ele>
        <time>2021-03-28T10:11:29.000Z</time>
      </trkpt>
      <trkpt lat="54.514602" lon="9.570087">
        <ele>-5.489587</ele>
        <time>2021-03-28T10:11:35.000Z</time>
      </trkpt>
      <trkpt lat="54.514599" lon="9.570102">
        <ele>-5.495380</ele>
        <time>2021-03-28T10:11:36.000Z</time>
      </trkpt>
      <trkpt lat="54.514560" lon="9.570153">
        <ele>-5.526183</ele>
        <time>2021-03-28T10:11:38.000Z</time>
      </trkpt>
      <trkpt lat="54.514536" lon="9.570183">
        <ele>-5.544837</ele>
        <time>2021-03-28T10:11:39.000Z</time>
      </trkpt>
      <trkpt lat="54.514442" lon="9.570312">
        <ele>-5.620440</ele>
        <time>2021-03-28T10:11:45.000Z</time>
      </trkpt>
      <trkpt lat="54.514442" lon="9.570313">
        <ele>-5.620806</ele>
        <time>2021-03-28T10:11:46.000Z</time>
      </trkpt>
      <trkpt lat="54.514438" lon="9.570316">
        <ele>-5.623550</ele>
        <time>2021-03-28T10:11:48.000Z</time>
      </trkpt>
      <trkpt lat="54.514426" lon="9.570331">
        <ele>-5.632877</ele>
        <time>2021-03-28T10:11:50.000Z</time>
      </trkpt>
      <trkpt lat="54.514408" lon="9.570349">
        <ele>-5.645970</ele>
        <time>2021-03-28T10:11:52.000Z</time>
      </trkpt>
      <trkpt lat="54.514401" lon="9.570356">
        <ele>-5.651062</ele>
        <time>2021-03-28T10:11:53.000Z</time>
      </trkpt>
      <trkpt lat="54.514376" lon="9.570375">
        <ele>-5.668251</ele>
        <time>2021-03-28T10:11:55.000Z</time>
      </trkpt>
      <trkpt lat="54.514298" lon="9.570407">
        <ele>-5.718692</ele>
        <time>2021-03-28T10:11:59.000Z</time>
      </trkpt>
      <trkpt lat="54.514263" lon="9.570397">
        <ele>-5.741010</ele>
        <time>2021-03-28T10:12:00.000Z</time>
      </trkpt>
      <trkpt lat="54.514193" lon="9.570465">
        <ele>-5.791565</ele>
        <time>2021-03-28T10:12:05.000Z</time>
      </trkpt>
      <trkpt lat="54.514121" lon="9.570508">
        <ele>-5.839503</ele>
        <time>2021-03-28T10:12:09.000Z</time>
      </trkpt>
      <trkpt lat="54.514113" lon="9.570524">
        <ele>-5.847215</ele>
        <time>2021-03-28T10:12:10.000Z</time>
      </trkpt>
      <trkpt lat="54.514074" lon="9.570599">
        <ele>-5.883985</ele>
        <time>2021-03-28T10:12:15.000Z</time>
      </trkpt>
      <trkpt lat="54.514065" lon="9.570648">
        <ele>-5.902754</ele>
        <time>2021-03-28T10:12:17.000Z</time>
      </trkpt>
      <trkpt lat="54.514086" lon="9.570803">
        <ele>-5.960878</ele>
        <time>2021-03-28T10:12:23.000Z</time>
      </trkpt>
      <trkpt lat="54.514056" lon="9.570870">
        <ele>-5.991778</ele>
        <time>2021-03-28T10:12:28.000Z</time>
      </trkpt>
      <trkpt lat="54.514051" lon="9.570881">
        <ele>-5.996880</ele>
        <time>2021-03-28T10:12:29.000Z</time>
      </trkpt>
      <trkpt lat="54.514047" lon="9.570889">
        <ele>-6.000736</ele>
        <time>2021-03-28T10:12:30.000Z</time>
      </trkpt>
      <trkpt lat="54.514045" lon="9.570892">
        <ele>-6.002404</ele>
        <time>2021-03-28T10:12:31.000Z</time>
      </trkpt>
      <trkpt lat="54.514037" lon="9.570943">
        <ele>-6.021696</ele>
        <time>2021-03-28T10:12:37.000Z</time>
      </trkpt>
      <trkpt lat="54.514050" lon="9.571120">
        <ele>-6.086849</ele>
        <time>2021-03-28T10:12:44.000Z</time>
      </trkpt>
      <trkpt lat="54.514075" lon="9.571185">
        <ele>-6.115323</ele>
        <time>2021-03-28T10:12:47.000Z</time>
      </trkpt>
      <trkpt lat="54.514088" lon="9.571183">
        <ele>-6.123534</ele>
        <time>2021-03-28T10:12:49.000Z</time>
      </trkpt>
      <trkpt lat="54.514096" lon="9.571183">
        <ele>-6.128566</ele>
        <time>2021-03-28T10:12:50.000Z</time>
      </trkpt>
      <trkpt lat="54.514104" lon="9.571234">
        <ele>-6.147859</ele>
        <time>2021-03-28T10:12:53.000Z</time>
      </trkpt>
      <trkpt lat="54.514121" lon="9.571357">
        <ele>-6.194032</ele>
        <time>2021-03-28T10:12:59.000Z</time>
      </trkpt>
      <trkpt lat="54.514126" lon="9.571375">
        <ele>-6.201319</ele>
        <time>2021-03-28T10:13:00.000Z</time>
      </trkpt>
      <trkpt lat="54.514133" lon="9.571411">
        <ele>-6.215183</ele>
        <time>2021-03-28T10:13:03.000Z</time>
      </trkpt>
      <trkpt lat="54.514144" lon="9.571411">
        <ele>-6.222103</ele>
        <time>2021-03-28T10:13:05.000Z</time>
      </trkpt>
      <trkpt lat="54.514152" lon="9.571403">
        <ele>-6.227922</ele>
        <time>2021-03-28T10:13:07.000Z</time>
      </trkpt>
      <trkpt lat="54.514156" lon="9.571461">
        <ele>-6.249252</ele>
        <time>2021-03-28T10:13:10.000Z</time>
      </trkpt>
      <trkpt lat="54.514166" lon="9.571536">
        <ele>-6.277353</ele>
        <time>2021-03-28T10:13:13.000Z</time>
      </trkpt>
      <trkpt lat="54.514169" lon="9.571601">
        <ele>-6.301165</ele>
        <time>2021-03-28T10:13:15.000Z</time>
      </trkpt>
      <trkpt lat="54.514183" lon="9.571662">
        <ele>-6.325119</ele>
        <time>2021-03-28T10:13:17.000Z</time>
      </trkpt>
      <trkpt lat="54.514192" lon="9.571714">
        <ele>-6.344935</ele>
        <time>2021-03-28T10:13:19.000Z</time>
      </trkpt>
      <trkpt lat="54.514197" lon="9.571777">
        <ele>-6.368155</ele>
        <time>2021-03-28T10:13:22.000Z</time>
      </trkpt>
      <trkpt lat="54.514176" lon="9.571862">
        <ele>-6.401890</ele>
        <time>2021-03-28T10:13:28.000Z</time>
      </trkpt>
      <trkpt lat="54.514171" lon="9.571875">
        <ele>-6.407585</ele>
        <time>2021-03-28T10:13:29.000Z</time>
      </trkpt>
      <trkpt lat="54.514172" lon="9.571888">
        <ele>-6.412373</ele>
        <time>2021-03-28T10:13:30.000Z</time>
      </trkpt>
      <trkpt lat="54.514157" lon="9.571921">
        <ele>-6.427679</ele>
        <time>2021-03-28T10:13:33.000Z</time>
      </trkpt>
      <trkpt lat="54.514143" lon="9.571970">
        <ele>-6.447623</ele>
        <time>2021-03-28T10:13:36.000Z</time>
      </trkpt>
      <trkpt lat="54.514155" lon="9.572025">
        <ele>-6.469080</ele>
        <time>2021-03-28T10:13:40.000Z</time>
      </trkpt>
      <trkpt lat="54.514157" lon="9.572037">
        <ele>-6.473639</ele>
        <time>2021-03-28T10:13:41.000Z</time>
      </trkpt>
      <trkpt lat="54.514159" lon="9.572058">
        <ele>-6.481410</ele>
        <time>2021-03-28T10:13:42.000Z</time>
      </trkpt>
      <trkpt lat="54.514167" lon="9.572082">
        <ele>-6.491517</ele>
        <time>2021-03-28T10:13:43.000Z</time>
      </trkpt>
      <trkpt lat="54.514180" lon="9.572120">
        <ele>-6.507624</ele>
        <time>2021-03-28T10:13:45.000Z</time>
      </trkpt>
      <trkpt lat="54.514186" lon="9.572202">
        <ele>-6.537806</ele>
        <time>2021-03-28T10:13:49.000Z</time>
      </trkpt>
      <trkpt lat="54.514170" lon="9.572302">
        <ele>-6.595812</ele>
        <time>2021-03-28T10:13:53.000Z</time>
      </trkpt>
      <trkpt lat="54.514169" lon="9.572325">
        <ele>-6.609803</ele>
        <time>2021-03-28T10:13:55.000Z</time>
      </trkpt>
      <trkpt lat="54.514162" lon="9.572341">
        <ele>-6.621956</ele>
        <time>2021-03-28T10:13:56.000Z</time>
      </trkpt>
      <trkpt lat="54.514160" lon="9.572368">
        <ele>-6.638467</ele>
        <time>2021-03-28T10:13:58.000Z</time>
      </trkpt>
      <trkpt lat="54.514150" lon="9.572425">
        <ele>-6.674587</ele>
        <time>2021-03-28T10:14:01.000Z</time>
      </trkpt>
      <trkpt lat="54.514152" lon="9.572439">
        <ele>-6.683333</ele>
        <time>2021-03-28T10:14:03.000Z</time>
      </trkpt>
      <trkpt lat="54.514111" lon="9.572526">
        <ele>-6.751308</ele>
        <time>2021-03-28T10:14:07.000Z</time>
      </trkpt>
      <trkpt lat="54.514068" lon="9.572608">
        <ele>-6.818339</ele>
        <time>2021-03-28T10:14:08.000Z</time>
      </trkpt>
      <trkpt lat="54.514022" lon="9.572694">
        <ele>-6.889275</ele>
        <time>2021-03-28T10:14:10.000Z</time>
      </trkpt>
      <trkpt lat="54.514012" lon="9.572698">
        <ele>-6.900003</ele>
        <time>2021-03-28T10:14:11.000Z</time>
      </trkpt>
      <trkpt lat="54.513996" lon="9.572711">
        <ele>-6.918488</ele>
        <time>2021-03-28T10:14:14.000Z</time>
      </trkpt>
      <trkpt lat="54.513953" lon="9.572745">
        <ele>-6.967928</ele>
        <time>2021-03-28T10:14:18.000Z</time>
      </trkpt>
      <trkpt lat="54.513937" lon="9.572763">
        <ele>-6.987897</ele>
        <time>2021-03-28T10:14:20.000Z</time>
      </trkpt>
      <trkpt lat="54.513883" lon="9.572794">
        <ele>-7.047375</ele>
        <time>2021-03-28T10:14:25.000Z</time>
      </trkpt>
      <trkpt lat="54.513876" lon="9.572812">
        <ele>-7.060518</ele>
        <time>2021-03-28T10:14:26.000Z</time>
      </trkpt>
      <trkpt lat="54.513810" lon="9.572861">
        <ele>-7.135617</ele>
        <time>2021-03-28T10:14:32.000Z</time>
      </trkpt>
      <trkpt lat="54.513800" lon="9.572867">
        <ele>-7.146682</ele>
        <time>2021-03-28T10:14:33.000Z</time>
      </trkpt>
      <trkpt lat="54.513704" lon="9.572871">
        <ele>-7.247027</ele>
        <time>2021-03-28T10:14:37.000Z</time>
      </trkpt>
      <trkpt lat="54.513687" lon="9.572879">
        <ele>-7.265442</ele>
        <time>2021-03-28T10:14:38.000Z</time>
      </trkpt>
      <trkpt lat="54.513650" lon="9.572864">
        <ele>-7.305161</ele>
        <time>2021-03-28T10:14:40.000Z</time>
      </trkpt>
      <trkpt lat="54.513644" lon="9.572876">
        <ele>-7.314769</ele>
        <time>2021-03-28T10:14:42.000Z</time>
      </trkpt>
      <trkpt lat="54.513635" lon="9.572880">
        <ele>-7.324481</ele>
        <time>2021-03-28T10:14:43.000Z</time>
      </trkpt>
      <trkpt lat="54.513565" lon="9.572999">
        <ele>-7.427249</ele>
        <time>2021-03-28T10:14:49.000Z</time>
      </trkpt>
      <trkpt lat="54.513551" lon="9.573017">
        <ele>-7.445504</ele>
        <time>2021-03-28T10:14:50.000Z</time>
      </trkpt>
      <trkpt lat="54.513522" lon="9.573074">
        <ele>-7.491480</ele>
        <time>2021-03-28T10:14:54.000Z</time>
      </trkpt>
      <trkpt lat="54.513519" lon="9.573085">
        <ele>-7.498853</ele>
        <time>2021-03-28T10:14:55.000Z</time>
      </trkpt>
      <trkpt lat="54.513508" lon="9.573109">
        <ele>-7.517402</ele>
        <time>2021-03-28T10:14:56.000Z</time>
      </trkpt>
      <trkpt lat="54.513430" lon="9.573156">
        <ele>-7.603751</ele>
        <time>2021-03-28T10:15:01.000Z</time>
      </trkpt>
      <trkpt lat="54.513388" lon="9.573241">
        <ele>-7.671461</ele>
        <time>2021-03-28T10:15:07.000Z</time>
      </trkpt>
      <trkpt lat="54.513314" lon="9.573301">
        <ele>-7.756925</ele>
        <time>2021-03-28T10:15:11.000Z</time>
      </trkpt>
      <trkpt lat="54.513299" lon="9.573331">
        <ele>-7.780943</ele>
        <time>2021-03-28T10:15:13.000Z</time>
      </trkpt>
      <trkpt lat="54.513240" lon="9.573466">
        <ele>-7.883448</ele>
        <time>2021-03-28T10:15:21.000Z</time>
      </trkpt>
      <trkpt lat="54.513233" lon="9.573483">
        <ele>-7.896092</ele>
        <time>2021-03-28T10:15:23.000Z</time>
      </trkpt>
      <trkpt lat="54.513211" lon="9.573498">
        <ele>-7.920816</ele>
        <time>2021-03-28T10:15:27.000Z</time>
      </trkpt>
      <trkpt lat="54.513191" lon="9.573518">
        <ele>-7.944981</ele>
        <time>2021-03-28T10:15:29.000Z</time>
      </trkpt>
      <trkpt lat="54.513206" lon="9.573559">
        <ele>-7.974379</ele>
        <time>2021-03-28T10:15:31.000Z</time>
      </trkpt>
      <trkpt lat="54.513203" lon="9.573573">
        <ele>-7.983432</ele>
        <time>2021-03-28T10:15:32.000Z</time>
      </trkpt>
      <trkpt lat="54.513206" lon="9.573582">
        <ele>-7.989727</ele>
        <time>2021-03-28T10:15:33.000Z</time>
      </trkpt>
      <trkpt lat="54.513181" lon="9.573630">
        <ele>-8.028846</ele>
        <time>2021-03-28T10:15:36.000Z</time>
      </trkpt>
      <trkpt lat="54.513165" lon="9.573646">
        <ele>-8.048178</ele>
        <time>2021-03-28T10:15:37.000Z</time>
      </trkpt>
      <trkpt lat="54.513145" lon="9.573663">
        <ele>-8.071483</ele>
        <time>2021-03-28T10:15:39.000Z</time>
      </trkpt>
      <trkpt lat="54.513130" lon="9.573659">
        <ele>-8.087344</ele>
        <time>2021-03-28T10:15:40.000Z</time>
      </trkpt>
      <trkpt lat="54.513071" lon="9.573646">
        <ele>-8.149498</ele>
        <time>2021-03-28T10:15:43.000Z</time>
      </trkpt>
      <trkpt lat="54.513053" lon="9.573660">
        <ele>-8.170136</ele>
        <time>2021-03-28T10:15:45.000Z</time>
      </trkpt>
      <trkpt lat="54.513021" lon="9.573661">
        <ele>-8.203580</ele>
        <time>2021-03-28T10:15:47.000Z</time>
      </trkpt>
      <trkpt lat="54.512995" lon="9.573741">
        <ele>-8.259196</ele>
        <time>2021-03-28T10:15:52.000Z</time>
      </trkpt>
      <trkpt lat="54.512967" lon="9.573755">
        <ele>-8.289663</ele>
        <time>2021-03-28T10:15:54.000Z</time>
      </trkpt>
      <trkpt lat="54.512944" lon="9.573769">
        <ele>-8.315153</ele>
        <time>2021-03-28T10:15:56.000Z</time>
      </trkpt>
      <trkpt lat="54.512921" lon="9.573785">
        <ele>-8.341072</ele>
        <time>2021-03-28T10:15:58.000Z</time>
      </trkpt>
      <trkpt lat="54.512865" lon="9.573818">
        <ele>-8.402919</ele>
        <time>2021-03-28T10:16:01.000Z</time>
      </trkpt>
      <trkpt lat="54.512836" lon="9.573850">
        <ele>-8.421439</ele>
        <time>2021-03-28T10:16:04.000Z</time>
      </trkpt>
      <trkpt lat="54.512799" lon="9.573891">
        <ele>-8.410741</ele>
        <time>2021-03-28T10:16:07.000Z</time>
      </trkpt>
      <trkpt lat="54.512787" lon="9.573895">
        <ele>-8.407770</ele>
        <time>2021-03-28T10:16:08.000Z</time>
      </trkpt>
      <trkpt lat="54.512779" lon="9.573910">
        <ele>-8.404894</ele>
        <time>2021-03-28T10:16:09.000Z</time>
      </trkpt>
      <trkpt lat="54.512767" lon="9.573933">
        <ele>-8.400529</ele>
        <time>2021-03-28T10:16:11.000Z</time>
      </trkpt>
      <trkpt lat="54.512751" lon="9.573957">
        <ele>-8.395370</ele>
        <time>2021-03-28T10:16:13.000Z</time>
      </trkpt>
      <trkpt lat="54.512727" lon="9.573992">
        <ele>-8.387724</ele>
        <time>2021-03-28T10:16:16.000Z</time>
      </trkpt>
      <trkpt lat="54.512720" lon="9.573999">
        <ele>-8.385756</ele>
        <time>2021-03-28T10:16:17.000Z</time>
      </trkpt>
      <trkpt lat="54.512701" lon="9.574005">
        <ele>-8.381059</ele>
        <time>2021-03-28T10:16:19.000Z</time>
      </trkpt>
      <trkpt lat="54.512686" lon="9.574008">
        <ele>-8.377388</ele>
        <time>2021-03-28T10:16:20.000Z</time>
      </trkpt>
      <trkpt lat="54.512638" lon="9.574032">
        <ele>-8.365235</ele>
        <time>2021-03-28T10:16:23.000Z</time>
      </trkpt>
      <trkpt lat="54.512620" lon="9.574049">
        <ele>-8.360243</ele>
        <time>2021-03-28T10:16:25.000Z</time>
      </trkpt>
      <trkpt lat="54.512569" lon="9.574071">
        <ele>-8.347459</ele>
        <time>2021-03-28T10:16:30.000Z</time>
      </trkpt>
      <trkpt lat="54.512557" lon="9.574072">
        <ele>-8.344538</ele>
        <time>2021-03-28T10:16:31.000Z</time>
      </trkpt>
      <trkpt lat="54.512543" lon="9.574104">
        <ele>-8.338882</ele>
        <time>2021-03-28T10:16:32.000Z</time>
      </trkpt>
      <trkpt lat="54.512529" lon="9.574129">
        <ele>-8.333979</ele>
        <time>2021-03-28T10:16:35.000Z</time>
      </trkpt>
      <trkpt lat="54.512515" lon="9.574152">
        <ele>-8.329275</ele>
        <time>2021-03-28T10:16:37.000Z</time>
      </trkpt>
      <trkpt lat="54.512473" lon="9.574191">
        <ele>-8.317673</ele>
        <time>2021-03-28T10:16:41.000Z</time>
      </trkpt>
      <trkpt lat="54.512462" lon="9.574200">
        <ele>-8.314712</ele>
        <time>2021-03-28T10:16:42.000Z</time>
      </trkpt>
      <trkpt lat="54.512451" lon="9.574211">
        <ele>-8.311619</ele>
        <time>2021-03-28T10:16:43.000Z</time>
      </trkpt>
      <trkpt lat="54.512419" lon="9.574256">
        <ele>-8.301575</ele>
        <time>2021-03-28T10:16:46.000Z</time>
      </trkpt>
      <trkpt lat="54.512401" lon="9.574286">
        <ele>-8.295485</ele>
        <time>2021-03-28T10:16:48.000Z</time>
      </trkpt>
      <trkpt lat="54.512391" lon="9.574301">
        <ele>-8.292261</ele>
        <time>2021-03-28T10:16:49.000Z</time>
      </trkpt>
      <trkpt lat="54.512382" lon="9.574320">
        <ele>-8.288799</ele>
        <time>2021-03-28T10:16:50.000Z</time>
      </trkpt>
      <trkpt lat="54.512346" lon="9.574380">
        <ele>-8.276619</ele>
        <time>2021-03-28T10:16:53.000Z</time>
      </trkpt>
      <trkpt lat="54.512320" lon="9.574430">
        <ele>-8.267144</ele>
        <time>2021-03-28T10:16:55.000Z</time>
      </trkpt>
      <trkpt lat="54.512293" lon="9.574550">
        <ele>-8.248977</ele>
        <time>2021-03-28T10:16:59.000Z</time>
      </trkpt>
      <trkpt lat="54.512283" lon="9.574650">
        <ele>-8.234654</ele>
        <time>2021-03-28T10:17:03.000Z</time>
      </trkpt>
      <trkpt lat="54.512283" lon="9.574777">
        <ele>-8.216727</ele>
        <time>2021-03-28T10:17:09.000Z</time>
      </trkpt>
      <trkpt lat="54.512267" lon="9.574934">
        <ele>-8.194226</ele>
        <time>2021-03-28T10:17:16.000Z</time>
      </trkpt>
      <trkpt lat="54.512259" lon="9.575008">
        <ele>-8.183601</ele>
        <time>2021-03-28T10:17:20.000Z</time>
      </trkpt>
      <trkpt lat="54.512246" lon="9.575122">
        <ele>-8.167201</ele>
        <time>2021-03-28T10:17:25.000Z</time>
      </trkpt>
      <trkpt lat="54.512244" lon="9.575157">
        <ele>-8.162237</ele>
        <time>2021-03-28T10:17:27.000Z</time>
      </trkpt>
      <trkpt lat="54.512231" lon="9.575173">
        <ele>-8.158352</ele>
        <time>2021-03-28T10:17:29.000Z</time>
      </trkpt>
      <trkpt lat="54.512225" lon="9.575180">
        <ele>-8.156590</ele>
        <time>2021-03-28T10:17:31.000Z</time>
      </trkpt>
      <trkpt lat="54.512219" lon="9.575187">
        <ele>-8.154828</ele>
        <time>2021-03-28T10:17:33.000Z</time>
      </trkpt>
      <trkpt lat="54.512213" lon="9.575211">
        <ele>-8.151140</ele>
        <time>2021-03-28T10:17:35.000Z</time>
      </trkpt>
      <trkpt lat="54.512209" lon="9.575266">
        <ele>-8.143315</ele>
        <time>2021-03-28T10:17:39.000Z</time>
      </trkpt>
      <trkpt lat="54.512205" lon="9.575376">
        <ele>-8.127757</ele>
        <time>2021-03-28T10:17:46.000Z</time>
      </trkpt>
      <trkpt lat="54.512203" lon="9.575394">
        <ele>-8.125171</ele>
        <time>2021-03-28T10:17:47.000Z</time>
      </trkpt>
      <trkpt lat="54.512205" lon="9.575449">
        <ele>-8.117392</ele>
        <time>2021-03-28T10:17:50.000Z</time>
      </trkpt>
      <trkpt lat="54.512211" lon="9.575524">
        <ele>-8.106705</ele>
        <time>2021-03-28T10:17:55.000Z</time>
      </trkpt>
      <trkpt lat="54.512204" lon="9.575647">
        <ele>-8.089259</ele>
        <time>2021-03-28T10:18:02.000Z</time>
      </trkpt>
      <trkpt lat="54.512197" lon="9.575665">
        <ele>-8.086201</ele>
        <time>2021-03-28T10:18:03.000Z</time>
      </trkpt>
      <trkpt lat="54.512193" lon="9.575693">
        <ele>-8.082131</ele>
        <time>2021-03-28T10:18:04.000Z</time>
      </trkpt>
      <trkpt lat="54.512198" lon="9.575764">
        <ele>-8.072035</ele>
        <time>2021-03-28T10:18:06.000Z</time>
      </trkpt>
      <trkpt lat="54.512173" lon="9.575821">
        <ele>-8.061951</ele>
        <time>2021-03-28T10:18:09.000Z</time>
      </trkpt>
      <trkpt lat="54.512180" lon="9.575836">
        <ele>-8.059234</ele>
        <time>2021-03-28T10:18:10.000Z</time>
      </trkpt>
      <trkpt lat="54.512194" lon="9.575878">
        <ele>-8.052398</ele>
        <time>2021-03-28T10:18:12.000Z</time>
      </trkpt>
      <trkpt lat="54.512198" lon="9.575951">
        <ele>-8.042048</ele>
        <time>2021-03-28T10:18:15.000Z</time>
      </trkpt>
      <trkpt lat="54.512198" lon="9.575977">
        <ele>-8.038377</ele>
        <time>2021-03-28T10:18:16.000Z</time>
      </trkpt>
      <trkpt lat="54.512201" lon="9.575997">
        <ele>-8.035462</ele>
        <time>2021-03-28T10:18:17.000Z</time>
      </trkpt>
      <trkpt lat="54.512215" lon="9.576136">
        <ele>-8.015548</ele>
        <time>2021-03-28T10:18:23.000Z</time>
      </trkpt>
      <trkpt lat="54.512216" lon="9.576156">
        <ele>-8.012714</ele>
        <time>2021-03-28T10:18:24.000Z</time>
      </trkpt>
      <trkpt lat="54.512226" lon="9.576226">
        <ele>-8.002538</ele>
        <time>2021-03-28T10:18:27.000Z</time>
      </trkpt>
      <trkpt lat="54.512231" lon="9.576285">
        <ele>-7.994122</ele>
        <time>2021-03-28T10:18:30.000Z</time>
      </trkpt>
      <trkpt lat="54.512223" lon="9.576303">
        <ele>-7.990922</ele>
        <time>2021-03-28T10:18:31.000Z</time>
      </trkpt>
      <trkpt lat="54.512199" lon="9.576378">
        <ele>-7.972952</ele>
        <time>2021-03-28T10:18:34.000Z</time>
      </trkpt>
      <trkpt lat="54.512216" lon="9.576413">
        <ele>-7.962083</ele>
        <time>2021-03-28T10:18:37.000Z</time>
      </trkpt>
      <trkpt lat="54.512185" lon="9.576507">
        <ele>-7.936335</ele>
        <time>2021-03-28T10:18:38.000Z</time>
      </trkpt>
      <trkpt lat="54.512134" lon="9.576703">
        <ele>-7.885180</ele>
        <time>2021-03-28T10:18:42.000Z</time>
      </trkpt>
      <trkpt lat="54.512121" lon="9.576797">
        <ele>-7.862166</ele>
        <time>2021-03-28T10:18:49.000Z</time>
      </trkpt>
      <trkpt lat="54.512126" lon="9.576797">
        <ele>-7.860115</ele>
        <time>2021-03-28T10:18:50.000Z</time>
      </trkpt>
      <trkpt lat="54.512122" lon="9.576827">
        <ele>-7.852784</ele>
        <time>2021-03-28T10:18:52.000Z</time>
      </trkpt>
      <trkpt lat="54.512116" lon="9.576856">
        <ele>-7.845452</ele>
        <time>2021-03-28T10:18:54.000Z</time>
      </trkpt>
      <trkpt lat="54.512113" lon="9.576888">
        <ele>-7.837732</ele>
        <time>2021-03-28T10:18:56.000Z</time>
      </trkpt>
      <trkpt lat="54.512111" lon="9.576906">
        <ele>-7.833367</ele>
        <time>2021-03-28T10:18:57.000Z</time>
      </trkpt>
      <trkpt lat="54.512118" lon="9.576957">
        <ele>-7.820885</ele>
        <time>2021-03-28T10:19:00.000Z</time>
      </trkpt>
      <trkpt lat="54.512122" lon="9.577031">
        <ele>-7.803185</ele>
        <time>2021-03-28T10:19:04.000Z</time>
      </trkpt>
      <trkpt lat="54.512109" lon="9.577258">
        <ele>-7.748859</ele>
        <time>2021-03-28T10:19:12.000Z</time>
      </trkpt>
      <trkpt lat="54.512110" lon="9.577386">
        <ele>-7.718371</ele>
        <time>2021-03-28T10:19:17.000Z</time>
      </trkpt>
      <trkpt lat="54.512109" lon="9.577403">
        <ele>-7.714301</ele>
        <time>2021-03-28T10:19:18.000Z</time>
      </trkpt>
      <trkpt lat="54.512076" lon="9.577550">
        <ele>-7.676765</ele>
        <time>2021-03-28T10:19:25.000Z</time>
      </trkpt>
      <trkpt lat="54.512074" lon="9.577570">
        <ele>-7.671931</ele>
        <time>2021-03-28T10:19:26.000Z</time>
      </trkpt>
      <trkpt lat="54.512080" lon="9.577716">
        <ele>-7.637072</ele>
        <time>2021-03-28T10:19:33.000Z</time>
      </trkpt>
      <trkpt lat="54.512075" lon="9.577919">
        <ele>-7.588681</ele>
        <time>2021-03-28T10:19:42.000Z</time>
      </trkpt>
      <trkpt lat="54.512066" lon="9.578116">
        <ele>-7.541617</ele>
        <time>2021-03-28T10:19:49.000Z</time>
      </trkpt>
      <trkpt lat="54.512068" lon="9.578212">
        <ele>-7.518738</ele>
        <time>2021-03-28T10:19:53.000Z</time>
      </trkpt>
      <trkpt lat="54.512073" lon="9.578237">
        <ele>-7.512441</ele>
        <time>2021-03-28T10:19:54.000Z</time>
      </trkpt>
      <trkpt lat="54.512074" lon="9.578317">
        <ele>-7.493383</ele>
        <time>2021-03-28T10:19:58.000Z</time>
      </trkpt>
      <trkpt lat="54.512072" lon="9.578374">
        <ele>-7.479783</ele>
        <time>2021-03-28T10:20:01.000Z</time>
      </trkpt>
      <trkpt lat="54.512070" lon="9.578475">
        <ele>-7.455714</ele>
        <time>2021-03-28T10:20:06.000Z</time>
      </trkpt>
      <trkpt lat="54.512066" lon="9.578522">
        <ele>-7.444401</ele>
        <time>2021-03-28T10:20:08.000Z</time>
      </trkpt>
      <trkpt lat="54.512073" lon="9.578605">
        <ele>-7.424425</ele>
        <time>2021-03-28T10:20:11.000Z</time>
      </trkpt>
      <trkpt lat="54.512073" lon="9.578648">
        <ele>-7.414184</ele>
        <time>2021-03-28T10:20:13.000Z</time>
      </trkpt>
      <trkpt lat="54.512068" lon="9.578683">
        <ele>-7.405600</ele>
        <time>2021-03-28T10:20:15.000Z</time>
      </trkpt>
      <trkpt lat="54.512059" lon="9.578696">
        <ele>-7.400781</ele>
        <time>2021-03-28T10:20:19.000Z</time>
      </trkpt>
      <trkpt lat="54.512046" lon="9.578695">
        <ele>-7.395442</ele>
        <time>2021-03-28T10:20:22.000Z</time>
      </trkpt>
      <trkpt lat="54.512046" lon="9.578792">
        <ele>-7.372340</ele>
        <time>2021-03-28T10:20:27.000Z</time>
      </trkpt>
      <trkpt lat="54.512047" lon="9.578842">
        <ele>-7.360425</ele>
        <time>2021-03-28T10:20:30.000Z</time>
      </trkpt>
      <trkpt lat="54.512042" lon="9.578889">
        <ele>-7.349045</ele>
        <time>2021-03-28T10:20:32.000Z</time>
      </trkpt>
      <trkpt lat="54.512031" lon="9.578962">
        <ele>-7.331083</ele>
        <time>2021-03-28T10:20:35.000Z</time>
      </trkpt>
      <trkpt lat="54.512022" lon="9.579053">
        <ele>-7.309097</ele>
        <time>2021-03-28T10:20:39.000Z</time>
      </trkpt>
      <trkpt lat="54.512008" lon="9.579181">
        <ele>-7.278076</ele>
        <time>2021-03-28T10:20:45.000Z</time>
      </trkpt>
      <trkpt lat="54.512009" lon="9.579226">
        <ele>-7.267350</ele>
        <time>2021-03-28T10:20:47.000Z</time>
      </trkpt>
      <trkpt lat="54.511996" lon="9.579322">
        <ele>-7.261641</ele>
        <time>2021-03-28T10:20:51.000Z</time>
      </trkpt>
      <trkpt lat="54.511994" lon="9.579345">
        <ele>-7.273626</ele>
        <time>2021-03-28T10:20:52.000Z</time>
      </trkpt>
      <trkpt lat="54.511993" lon="9.579363">
        <ele>-7.282944</ele>
        <time>2021-03-28T10:20:53.000Z</time>
      </trkpt>
      <trkpt lat="54.511994" lon="9.579380">
        <ele>-7.291749</ele>
        <time>2021-03-28T10:20:54.000Z</time>
      </trkpt>
      <trkpt lat="54.511981" lon="9.579496">
        <ele>-7.352629</ele>
        <time>2021-03-28T10:20:59.000Z</time>
      </trkpt>
      <trkpt lat="54.511977" lon="9.579531">
        <ele>-7.371011</ele>
        <time>2021-03-28T10:21:01.000Z</time>
      </trkpt>
      <trkpt lat="54.511975" lon="9.579549">
        <ele>-7.380455</ele>
        <time>2021-03-28T10:21:02.000Z</time>
      </trkpt>
      <trkpt lat="54.511974" lon="9.579602">
        <ele>-7.407781</ele>
        <time>2021-03-28T10:21:05.000Z</time>
      </trkpt>
      <trkpt lat="54.511975" lon="9.579637">
        <ele>-7.425839</ele>
        <time>2021-03-28T10:21:07.000Z</time>
      </trkpt>
      <trkpt lat="54.511968" lon="9.579694">
        <ele>-7.455861</ele>
        <time>2021-03-28T10:21:09.000Z</time>
      </trkpt>
      <trkpt lat="54.511963" lon="9.579849">
        <ele>-7.535858</ele>
        <time>2021-03-28T10:21:16.000Z</time>
      </trkpt>
      <trkpt lat="54.511963" lon="9.579896">
        <ele>-7.560078</ele>
        <time>2021-03-28T10:21:18.000Z</time>
      </trkpt>
      <trkpt lat="54.511973" lon="9.579995">
        <ele>-7.611860</ele>
        <time>2021-03-28T10:21:22.000Z</time>
      </trkpt>
      <trkpt lat="54.511988" lon="9.580062">
        <ele>-7.648865</ele>
        <time>2021-03-28T10:21:26.000Z</time>
      </trkpt>
      <trkpt lat="54.512030" lon="9.580102">
        <ele>-7.691465</ele>
        <time>2021-03-28T10:21:29.000Z</time>
      </trkpt>
      <trkpt lat="54.512042" lon="9.580111">
        <ele>-7.703083</ele>
        <time>2021-03-28T10:21:30.000Z</time>
      </trkpt>
      <trkpt lat="54.512048" lon="9.580112">
        <ele>-7.708433</ele>
        <time>2021-03-28T10:21:31.000Z</time>
      </trkpt>
      <trkpt lat="54.512058" lon="9.580108">
        <ele>-7.717546</ele>
        <time>2021-03-28T10:21:34.000Z</time>
      </trkpt>
      <trkpt lat="54.512065" lon="9.580110">
        <ele>-7.723845</ele>
        <time>2021-03-28T10:21:35.000Z</time>
      </trkpt>
      <trkpt lat="54.512104" lon="9.580113">
        <ele>-7.758498</ele>
        <time>2021-03-28T10:21:39.000Z</time>
      </trkpt>
      <trkpt lat="54.512118" lon="9.580110">
        <ele>-7.771020</ele>
        <time>2021-03-28T10:21:41.000Z</time>
      </trkpt>
      <trkpt lat="54.512137" lon="9.580108">
        <ele>-7.787917</ele>
        <time>2021-03-28T10:21:43.000Z</time>
      </trkpt>
      <trkpt lat="54.512145" lon="9.580110">
        <ele>-7.795093</ele>
        <time>2021-03-28T10:21:44.000Z</time>
      </trkpt>
      <trkpt lat="54.512171" lon="9.580104">
        <ele>-7.818378</ele>
        <time>2021-03-28T10:21:47.000Z</time>
      </trkpt>
      <trkpt lat="54.512180" lon="9.580103">
        <ele>-7.826384</ele>
        <time>2021-03-28T10:21:48.000Z</time>
      </trkpt>
      <trkpt lat="54.512189" lon="9.580107">
        <ele>-7.834634</ele>
        <time>2021-03-28T10:21:49.000Z</time>
      </trkpt>
      <trkpt lat="54.512266" lon="9.580092">
        <ele>-7.903419</ele>
        <time>2021-03-28T10:21:55.000Z</time>
      </trkpt>
      <trkpt lat="54.512300" lon="9.580111">
        <ele>-7.935148</ele>
        <time>2021-03-28T10:21:59.000Z</time>
      </trkpt>
      <trkpt lat="54.512313" lon="9.580128">
        <ele>-7.949636</ele>
        <time>2021-03-28T10:22:01.000Z</time>
      </trkpt>
      <trkpt lat="54.512393" lon="9.580134">
        <ele>-8.020715</ele>
        <time>2021-03-28T10:22:07.000Z</time>
      </trkpt>
      <trkpt lat="54.512427" lon="9.580127">
        <ele>-8.051111</ele>
        <time>2021-03-28T10:22:11.000Z</time>
      </trkpt>
      <trkpt lat="54.512460" lon="9.580106">
        <ele>-8.082338</ele>
        <time>2021-03-28T10:22:14.000Z</time>
      </trkpt>
      <trkpt lat="54.512482" lon="9.580102">
        <ele>-8.101975</ele>
        <time>2021-03-28T10:22:16.000Z</time>
      </trkpt>
      <trkpt lat="54.512532" lon="9.580029">
        <ele>-8.160155</ele>
        <time>2021-03-28T10:22:21.000Z</time>
      </trkpt>
      <trkpt lat="54.512539" lon="9.580016">
        <ele>-8.169292</ele>
        <time>2021-03-28T10:22:22.000Z</time>
      </trkpt>
      <trkpt lat="54.512583" lon="9.580021">
        <ele>-8.208433</ele>
        <time>2021-03-28T10:22:27.000Z</time>
      </trkpt>
      <trkpt lat="54.512693" lon="9.580117">
        <ele>-8.317892</ele>
        <time>2021-03-28T10:22:35.000Z</time>
      </trkpt>
      <trkpt lat="54.512782" lon="9.580210">
        <ele>-8.410292</ele>
        <time>2021-03-28T10:22:42.000Z</time>
      </trkpt>
      <trkpt lat="54.512894" lon="9.580268">
        <ele>-8.514105</ele>
        <time>2021-03-28T10:22:51.000Z</time>
      </trkpt>
      <trkpt lat="54.513027" lon="9.580298">
        <ele>-8.633171</ele>
        <time>2021-03-28T10:23:00.000Z</time>
      </trkpt>
      <trkpt lat="54.513057" lon="9.580310">
        <ele>-8.660509</ele>
        <time>2021-03-28T10:23:02.000Z</time>
      </trkpt>
      <trkpt lat="54.513116" lon="9.580329">
        <ele>-8.713788</ele>
        <time>2021-03-28T10:23:06.000Z</time>
      </trkpt>
      <trkpt lat="54.513145" lon="9.580342">
        <ele>-8.740387</ele>
        <time>2021-03-28T10:23:08.000Z</time>
      </trkpt>
      <trkpt lat="54.513188" lon="9.580351">
        <ele>-8.778837</ele>
        <time>2021-03-28T10:23:11.000Z</time>
      </trkpt>
      <trkpt lat="54.513247" lon="9.580385">
        <ele>-8.834061</ele>
        <time>2021-03-28T10:23:15.000Z</time>
      </trkpt>
      <trkpt lat="54.513331" lon="9.580415">
        <ele>-8.826696</ele>
        <time>2021-03-28T10:23:22.000Z</time>
      </trkpt>
      <trkpt lat="54.513344" lon="9.580422">
        <ele>-8.823046</ele>
        <time>2021-03-28T10:23:23.000Z</time>
      </trkpt>
      <trkpt lat="54.513356" lon="9.580427">
        <ele>-8.819737</ele>
        <time>2021-03-28T10:23:24.000Z</time>
      </trkpt>
      <trkpt lat="54.513368" lon="9.580423">
        <ele>-8.816462</ele>
        <time>2021-03-28T10:23:25.000Z</time>
      </trkpt>
      <trkpt lat="54.513390" lon="9.580429">
        <ele>-8.810493</ele>
        <time>2021-03-28T10:23:27.000Z</time>
      </trkpt>
      <trkpt lat="54.513414" lon="9.580444">
        <ele>-8.803651</ele>
        <time>2021-03-28T10:23:29.000Z</time>
      </trkpt>
      <trkpt lat="54.513515" lon="9.580495">
        <ele>-8.775445</ele>
        <time>2021-03-28T10:23:37.000Z</time>
      </trkpt>
      <trkpt lat="54.513591" lon="9.580513">
        <ele>-8.754887</ele>
        <time>2021-03-28T10:23:44.000Z</time>
      </trkpt>
      <trkpt lat="54.513680" lon="9.580514">
        <ele>-8.731036</ele>
        <time>2021-03-28T10:23:51.000Z</time>
      </trkpt>
      <trkpt lat="54.513791" lon="9.580464">
        <ele>-8.700290</ele>
        <time>2021-03-28T10:23:59.000Z</time>
      </trkpt>
      <trkpt lat="54.513828" lon="9.580442">
        <ele>-8.689800</ele>
        <time>2021-03-28T10:24:02.000Z</time>
      </trkpt>
      <trkpt lat="54.513862" lon="9.580429">
        <ele>-8.680467</ele>
        <time>2021-03-28T10:24:05.000Z</time>
      </trkpt>
      <trkpt lat="54.513960" lon="9.580376">
        <ele>-8.652941</ele>
        <time>2021-03-28T10:24:13.000Z</time>
      </trkpt>
      <trkpt lat="54.513998" lon="9.580349">
        <ele>-8.641925</ele>
        <time>2021-03-28T10:24:16.000Z</time>
      </trkpt>
      <trkpt lat="54.514060" lon="9.580320">
        <ele>-8.624708</ele>
        <time>2021-03-28T10:24:21.000Z</time>
      </trkpt>
      <trkpt lat="54.514071" lon="9.580314">
        <ele>-8.621616</ele>
        <time>2021-03-28T10:24:22.000Z</time>
      </trkpt>
      <trkpt lat="54.514201" lon="9.580233">
        <ele>-8.584569</ele>
        <time>2021-03-28T10:24:32.000Z</time>
      </trkpt>
      <trkpt lat="54.514314" lon="9.580151">
        <ele>-8.551710</ele>
        <time>2021-03-28T10:24:41.000Z</time>
      </trkpt>
      <trkpt lat="54.514323" lon="9.580138">
        <ele>-8.548563</ele>
        <time>2021-03-28T10:24:42.000Z</time>
      </trkpt>
      <trkpt lat="54.514408" lon="9.580077">
        <ele>-8.523886</ele>
        <time>2021-03-28T10:24:49.000Z</time>
      </trkpt>
      <trkpt lat="54.514525" lon="9.580017">
        <ele>-8.491172</ele>
        <time>2021-03-28T10:24:57.000Z</time>
      </trkpt>
      <trkpt lat="54.514596" lon="9.580014">
        <ele>-8.472140</ele>
        <time>2021-03-28T10:25:01.000Z</time>
      </trkpt>
      <trkpt lat="54.514622" lon="9.580017">
        <ele>-8.465157</ele>
        <time>2021-03-28T10:25:03.000Z</time>
      </trkpt>
      <trkpt lat="54.514728" lon="9.580024">
        <ele>-8.436729</ele>
        <time>2021-03-28T10:25:11.000Z</time>
      </trkpt>
      <trkpt lat="54.514794" lon="9.580009">
        <ele>-8.418889</ele>
        <time>2021-03-28T10:25:17.000Z</time>
      </trkpt>
      <trkpt lat="54.514905" lon="9.580010">
        <ele>-8.389143</ele>
        <time>2021-03-28T10:25:24.000Z</time>
      </trkpt>
      <trkpt lat="54.515009" lon="9.580004">
        <ele>-8.343079</ele>
        <time>2021-03-28T10:25:32.000Z</time>
      </trkpt>
      <trkpt lat="54.515024" lon="9.580009">
        <ele>-8.312381</ele>
        <time>2021-03-28T10:25:34.000Z</time>
      </trkpt>
      <trkpt lat="54.515024" lon="9.580011">
        <ele>-8.310048</ele>
        <time>2021-03-28T10:25:36.000Z</time>
      </trkpt>
      <trkpt lat="54.515024" lon="9.580011">
        <ele>-8.310048</ele>
        <time>2021-03-28T10:25:37.000Z</time>
      </trkpt>
      <trkpt lat="54.515078" lon="9.579995">
        <ele>-8.199953</ele>
        <time>2021-03-28T10:25:43.000Z</time>
      </trkpt>
      <trkpt lat="54.515166" lon="9.579961">
        <ele>-8.018743</ele>
        <time>2021-03-28T10:25:50.000Z</time>
      </trkpt>
      <trkpt lat="54.515203" lon="9.579949">
        <ele>-7.943094</ele>
        <time>2021-03-28T10:25:53.000Z</time>
      </trkpt>
      <trkpt lat="54.515245" lon="9.579934">
        <ele>-7.856909</ele>
        <time>2021-03-28T10:25:57.000Z</time>
      </trkpt>
      <trkpt lat="54.515280" lon="9.579926">
        <ele>-7.785968</ele>
        <time>2021-03-28T10:26:00.000Z</time>
      </trkpt>
      <trkpt lat="54.515334" lon="9.579909">
        <ele>-7.675669</ele>
        <time>2021-03-28T10:26:04.000Z</time>
      </trkpt>
      <trkpt lat="54.515412" lon="9.579909">
        <ele>-7.518944</ele>
        <time>2021-03-28T10:26:10.000Z</time>
      </trkpt>
      <trkpt lat="54.515431" lon="9.579919">
        <ele>-7.479026</ele>
        <time>2021-03-28T10:26:11.000Z</time>
      </trkpt>
      <trkpt lat="54.515549" lon="9.579944">
        <ele>-7.240143</ele>
        <time>2021-03-28T10:26:18.000Z</time>
      </trkpt>
      <trkpt lat="54.515647" lon="9.579939">
        <ele>-7.043147</ele>
        <time>2021-03-28T10:26:25.000Z</time>
      </trkpt>
      <trkpt lat="54.515699" lon="9.579939">
        <ele>-6.938664</ele>
        <time>2021-03-28T10:26:29.000Z</time>
      </trkpt>
      <trkpt lat="54.515729" lon="9.579939">
        <ele>-6.878385</ele>
        <time>2021-03-28T10:26:31.000Z</time>
      </trkpt>
      <trkpt lat="54.515749" lon="9.579938">
        <ele>-6.838182</ele>
        <time>2021-03-28T10:26:32.000Z</time>
      </trkpt>
      <trkpt lat="54.515768" lon="9.579935">
        <ele>-6.799846</ele>
        <time>2021-03-28T10:26:33.000Z</time>
      </trkpt>
      <trkpt lat="54.515800" lon="9.579929">
        <ele>-6.735169</ele>
        <time>2021-03-28T10:26:36.000Z</time>
      </trkpt>
      <trkpt lat="54.515854" lon="9.579935">
        <ele>-6.626442</ele>
        <time>2021-03-28T10:26:40.000Z</time>
      </trkpt>
      <trkpt lat="54.515978" lon="9.579941">
        <ele>-6.377192</ele>
        <time>2021-03-28T10:26:49.000Z</time>
      </trkpt>
      <trkpt lat="54.515997" lon="9.579947">
        <ele>-6.338379</ele>
        <time>2021-03-28T10:26:51.000Z</time>
      </trkpt>
      <trkpt lat="54.516040" lon="9.579939">
        <ele>-6.251477</ele>
        <time>2021-03-28T10:26:56.000Z</time>
      </trkpt>
      <trkpt lat="54.516050" lon="9.579938">
        <ele>-6.231350</ele>
        <time>2021-03-28T10:26:57.000Z</time>
      </trkpt>
      <trkpt lat="54.516059" lon="9.579932">
        <ele>-6.211960</ele>
        <time>2021-03-28T10:26:58.000Z</time>
      </trkpt>
      <trkpt lat="54.516064" lon="9.579930">
        <ele>-6.201646</ele>
        <time>2021-03-28T10:26:59.000Z</time>
      </trkpt>
      <trkpt lat="54.516103" lon="9.579920">
        <ele>-6.122421</ele>
        <time>2021-03-28T10:27:03.000Z</time>
      </trkpt>
      <trkpt lat="54.516117" lon="9.579920">
        <ele>-6.094291</ele>
        <time>2021-03-28T10:27:04.000Z</time>
      </trkpt>
      <trkpt lat="54.516134" lon="9.579915">
        <ele>-6.059638</ele>
        <time>2021-03-28T10:27:06.000Z</time>
      </trkpt>
      <trkpt lat="54.516136" lon="9.579916">
        <ele>-6.055454</ele>
        <time>2021-03-28T10:27:09.000Z</time>
      </trkpt>
      <trkpt lat="54.516168" lon="9.579840">
        <ele>-5.945948</ele>
        <time>2021-03-28T10:27:16.000Z</time>
      </trkpt>
      <trkpt lat="54.516175" lon="9.579825">
        <ele>-5.923501</ele>
        <time>2021-03-28T10:27:17.000Z</time>
      </trkpt>
      <trkpt lat="54.516179" lon="9.579803">
        <ele>-5.896612</ele>
        <time>2021-03-28T10:27:18.000Z</time>
      </trkpt>
      <trkpt lat="54.516181" lon="9.579781">
        <ele>-5.870640</ele>
        <time>2021-03-28T10:27:19.000Z</time>
      </trkpt>
      <trkpt lat="54.516191" lon="9.579723">
        <ele>-5.800071</ele>
        <time>2021-03-28T10:27:22.000Z</time>
      </trkpt>
      <trkpt lat="54.516199" lon="9.579704">
        <ele>-5.772695</ele>
        <time>2021-03-28T10:27:23.000Z</time>
      </trkpt>
      <trkpt lat="54.516212" lon="9.579669">
        <ele>-5.724231</ele>
        <time>2021-03-28T10:27:25.000Z</time>
      </trkpt>
      <trkpt lat="54.516238" lon="9.579601">
        <ele>-5.629261</ele>
        <time>2021-03-28T10:27:29.000Z</time>
      </trkpt>
      <trkpt lat="54.516237" lon="9.579556">
        <ele>-5.576737</ele>
        <time>2021-03-28T10:27:31.000Z</time>
      </trkpt>
      <trkpt lat="54.516273" lon="9.579480">
        <ele>-5.462327</ele>
        <time>2021-03-28T10:27:35.000Z</time>
      </trkpt>
      <trkpt lat="54.516318" lon="9.579367">
        <ele>-5.302497</ele>
        <time>2021-03-28T10:27:42.000Z</time>
      </trkpt>
      <trkpt lat="54.516346" lon="9.579299">
        <ele>-5.205259</ele>
        <time>2021-03-28T10:27:45.000Z</time>
      </trkpt>
      <trkpt lat="54.516364" lon="9.579242">
        <ele>-5.129576</ele>
        <time>2021-03-28T10:27:48.000Z</time>
      </trkpt>
      <trkpt lat="54.516404" lon="9.579101">
        <ele>-4.946534</ele>
        <time>2021-03-28T10:27:55.000Z</time>
      </trkpt>
      <trkpt lat="54.516430" lon="9.579033">
        <ele>-4.851564</ele>
        <time>2021-03-28T10:27:59.000Z</time>
      </trkpt>
      <trkpt lat="54.516451" lon="9.578984">
        <ele>-4.780525</ele>
        <time>2021-03-28T10:28:02.000Z</time>
      </trkpt>
      <trkpt lat="54.516461" lon="9.578957">
        <ele>-4.751364</ele>
        <time>2021-03-28T10:28:04.000Z</time>
      </trkpt>
      <trkpt lat="54.516481" lon="9.578882">
        <ele>-4.769596</ele>
        <time>2021-03-28T10:28:08.000Z</time>
      </trkpt>
      <trkpt lat="54.516490" lon="9.578846">
        <ele>-4.778255</ele>
        <time>2021-03-28T10:28:10.000Z</time>
      </trkpt>
      <trkpt lat="54.516493" lon="9.578795">
        <ele>-4.789579</ele>
        <time>2021-03-28T10:28:13.000Z</time>
      </trkpt>
      <trkpt lat="54.516495" lon="9.578785">
        <ele>-4.791916</ele>
        <time>2021-03-28T10:28:14.000Z</time>
      </trkpt>
      <trkpt lat="54.516556" lon="9.578648">
        <ele>-4.830058</ele>
        <time>2021-03-28T10:28:22.000Z</time>
      </trkpt>
      <trkpt lat="54.516579" lon="9.578579">
        <ele>-4.847635</ele>
        <time>2021-03-28T10:28:26.000Z</time>
      </trkpt>
      <trkpt lat="54.516601" lon="9.578529">
        <ele>-4.861495</ele>
        <time>2021-03-28T10:28:29.000Z</time>
      </trkpt>
      <trkpt lat="54.516625" lon="9.578471">
        <ele>-4.877229</ele>
        <time>2021-03-28T10:28:33.000Z</time>
      </trkpt>
      <trkpt lat="54.516625" lon="9.578426">
        <ele>-4.887170</ele>
        <time>2021-03-28T10:28:35.000Z</time>
      </trkpt>
      <trkpt lat="54.516634" lon="9.578387">
        <ele>-4.896441</ele>
        <time>2021-03-28T10:28:37.000Z</time>
      </trkpt>
      <trkpt lat="54.516659" lon="9.578338">
        <ele>-4.910853</ele>
        <time>2021-03-28T10:28:40.000Z</time>
      </trkpt>
      <trkpt lat="54.516677" lon="9.578291">
        <ele>-4.923291</ele>
        <time>2021-03-28T10:28:43.000Z</time>
      </trkpt>
      <trkpt lat="54.516681" lon="9.578278">
        <ele>-4.926542</ele>
        <time>2021-03-28T10:28:44.000Z</time>
      </trkpt>
      <trkpt lat="54.516690" lon="9.578255">
        <ele>-4.932669</ele>
        <time>2021-03-28T10:28:46.000Z</time>
      </trkpt>
      <trkpt lat="54.516697" lon="9.578220">
        <ele>-4.940847</ele>
        <time>2021-03-28T10:28:48.000Z</time>
      </trkpt>
      <trkpt lat="54.516746" lon="9.578096">
        <ele>-4.973984</ele>
        <time>2021-03-28T10:28:55.000Z</time>
      </trkpt>
      <trkpt lat="54.516745" lon="9.578080">
        <ele>-4.977539</ele>
        <time>2021-03-28T10:28:56.000Z</time>
      </trkpt>
      <trkpt lat="54.516765" lon="9.578030">
        <ele>-4.990952</ele>
        <time>2021-03-28T10:28:59.000Z</time>
      </trkpt>
      <trkpt lat="54.516811" lon="9.577961">
        <ele>-5.014164</ele>
        <time>2021-03-28T10:29:03.000Z</time>
      </trkpt>
      <trkpt lat="54.516842" lon="9.577909">
        <ele>-5.030630</ele>
        <time>2021-03-28T10:29:07.000Z</time>
      </trkpt>
      <trkpt lat="54.516865" lon="9.577861">
        <ele>-5.044380</ele>
        <time>2021-03-28T10:29:10.000Z</time>
      </trkpt>
      <trkpt lat="54.516868" lon="9.577835">
        <ele>-5.050236</ele>
        <time>2021-03-28T10:29:11.000Z</time>
      </trkpt>
      <trkpt lat="54.516878" lon="9.577805">
        <ele>-5.057878</ele>
        <time>2021-03-28T10:29:13.000Z</time>
      </trkpt>
      <trkpt lat="54.516887" lon="9.577741">
        <ele>-5.072425</ele>
        <time>2021-03-28T10:29:17.000Z</time>
      </trkpt>
      <trkpt lat="54.516904" lon="9.577716">
        <ele>-5.080931</ele>
        <time>2021-03-28T10:29:18.000Z</time>
      </trkpt>
      <trkpt lat="54.516947" lon="9.577642">
        <ele>-5.104061</ele>
        <time>2021-03-28T10:29:22.000Z</time>
      </trkpt>
      <trkpt lat="54.516975" lon="9.577589">
        <ele>-5.119892</ele>
        <time>2021-03-28T10:29:25.000Z</time>
      </trkpt>
      <trkpt lat="54.516987" lon="9.577570">
        <ele>-5.126095</ele>
        <time>2021-03-28T10:29:26.000Z</time>
      </trkpt>
      <trkpt lat="54.517045" lon="9.577461">
        <ele>-5.158759</ele>
        <time>2021-03-28T10:29:32.000Z</time>
      </trkpt>
      <trkpt lat="54.517053" lon="9.577445">
        <ele>-5.163424</ele>
        <time>2021-03-28T10:29:33.000Z</time>
      </trkpt>
      <trkpt lat="54.517061" lon="9.577432">
        <ele>-5.167609</ele>
        <time>2021-03-28T10:29:34.000Z</time>
      </trkpt>
      <trkpt lat="54.517079" lon="9.577406">
        <ele>-5.176549</ele>
        <time>2021-03-28T10:29:36.000Z</time>
      </trkpt>
      <trkpt lat="54.517112" lon="9.577330">
        <ele>-5.197515</ele>
        <time>2021-03-28T10:29:40.000Z</time>
      </trkpt>
      <trkpt lat="54.517157" lon="9.577206">
        <ele>-5.229820</ele>
        <time>2021-03-28T10:29:47.000Z</time>
      </trkpt>
      <trkpt lat="54.517171" lon="9.577124">
        <ele>-5.248701</ele>
        <time>2021-03-28T10:29:50.000Z</time>
      </trkpt>
      <trkpt lat="54.517174" lon="9.577083">
        <ele>-5.257830</ele>
        <time>2021-03-28T10:29:52.000Z</time>
      </trkpt>
      <trkpt lat="54.517182" lon="9.577071">
        <ele>-5.261866</ele>
        <time>2021-03-28T10:29:53.000Z</time>
      </trkpt>
      <trkpt lat="54.517233" lon="9.576990">
        <ele>-5.288265</ele>
        <time>2021-03-28T10:29:57.000Z</time>
      </trkpt>
      <trkpt lat="54.517237" lon="9.576971">
        <ele>-5.292729</ele>
        <time>2021-03-28T10:29:58.000Z</time>
      </trkpt>
      <trkpt lat="54.517237" lon="9.576925">
        <ele>-5.302891</ele>
        <time>2021-03-28T10:30:01.000Z</time>
      </trkpt>
      <trkpt lat="54.517259" lon="9.576859">
        <ele>-5.319703</ele>
        <time>2021-03-28T10:30:05.000Z</time>
      </trkpt>
      <trkpt lat="54.517286" lon="9.576803">
        <ele>-5.335785</ele>
        <time>2021-03-28T10:30:08.000Z</time>
      </trkpt>
      <trkpt lat="54.517308" lon="9.576764">
        <ele>-5.347798</ele>
        <time>2021-03-28T10:30:10.000Z</time>
      </trkpt>
      <trkpt lat="54.517329" lon="9.576730">
        <ele>-5.358765</ele>
        <time>2021-03-28T10:30:12.000Z</time>
      </trkpt>
      <trkpt lat="54.517339" lon="9.576687">
        <ele>-5.368998</ele>
        <time>2021-03-28T10:30:14.000Z</time>
      </trkpt>
      <trkpt lat="54.517363" lon="9.576569">
        <ele>-5.396618</ele>
        <time>2021-03-28T10:30:19.000Z</time>
      </trkpt>
      <trkpt lat="54.517363" lon="9.576550">
        <ele>-5.400815</ele>
        <time>2021-03-28T10:30:20.000Z</time>
      </trkpt>
      <trkpt lat="54.517362" lon="9.576534">
        <ele>-5.404370</ele>
        <time>2021-03-28T10:30:21.000Z</time>
      </trkpt>
      <trkpt lat="54.517374" lon="9.576519">
        <ele>-5.410012</ele>
        <time>2021-03-28T10:30:23.000Z</time>
      </trkpt>
      <trkpt lat="54.517387" lon="9.576517">
        <ele>-5.414979</ele>
        <time>2021-03-28T10:30:25.000Z</time>
      </trkpt>
      <trkpt lat="54.517400" lon="9.576485">
        <ele>-5.423607</ele>
        <time>2021-03-28T10:30:28.000Z</time>
      </trkpt>
      <trkpt lat="54.517415" lon="9.576460">
        <ele>-5.431550</ele>
        <time>2021-03-28T10:30:30.000Z</time>
      </trkpt>
      <trkpt lat="54.517434" lon="9.576434">
        <ele>-5.387890</ele>
        <time>2021-03-28T10:30:32.000Z</time>
      </trkpt>
      <trkpt lat="54.517443" lon="9.576402">
        <ele>-5.328999</ele>
        <time>2021-03-28T10:30:34.000Z</time>
      </trkpt>
      <trkpt lat="54.517466" lon="9.576316">
        <ele>-5.172180</ele>
        <time>2021-03-28T10:30:38.000Z</time>
      </trkpt>
      <trkpt lat="54.517475" lon="9.576286">
        <ele>-5.116252</ele>
        <time>2021-03-28T10:30:40.000Z</time>
      </trkpt>
      <trkpt lat="54.517477" lon="9.576266">
        <ele>-5.082641</ele>
        <time>2021-03-28T10:30:41.000Z</time>
      </trkpt>
      <trkpt lat="54.517491" lon="9.576149">
        <ele>-4.884797</ele>
        <time>2021-03-28T10:30:47.000Z</time>
      </trkpt>
      <trkpt lat="54.517491" lon="9.576118">
        <ele>-4.833456</ele>
        <time>2021-03-28T10:30:49.000Z</time>
      </trkpt>
      <trkpt lat="54.517481" lon="9.576078">
        <ele>-4.761327</ele>
        <time>2021-03-28T10:30:53.000Z</time>
      </trkpt>
      <trkpt lat="54.517486" lon="9.576063">
        <ele>-4.732680</ele>
        <time>2021-03-28T10:30:55.000Z</time>
      </trkpt>
      <trkpt lat="54.517487" lon="9.576052">
        <ele>-4.714240</ele>
        <time>2021-03-28T10:30:56.000Z</time>
      </trkpt>
      <trkpt lat="54.517512" lon="9.575940">
        <ele>-4.515509</ele>
        <time>2021-03-28T10:31:02.000Z</time>
      </trkpt>
      <trkpt lat="54.517511" lon="9.575901">
        <ele>-4.450856</ele>
        <time>2021-03-28T10:31:04.000Z</time>
      </trkpt>
      <trkpt lat="54.517512" lon="9.575827">
        <ele>-4.328268</ele>
        <time>2021-03-28T10:31:07.000Z</time>
      </trkpt>
      <trkpt lat="54.517495" lon="9.575674">
        <ele>-4.070277</ele>
        <time>2021-03-28T10:31:14.000Z</time>
      </trkpt>
      <trkpt lat="54.517499" lon="9.575592">
        <ele>-3.933994</ele>
        <time>2021-03-28T10:31:18.000Z</time>
      </trkpt>
      <trkpt lat="54.517488" lon="9.575531">
        <ele>-3.828206</ele>
        <time>2021-03-28T10:31:20.000Z</time>
      </trkpt>
      <trkpt lat="54.517486" lon="9.575517">
        <ele>-3.804328</ele>
        <time>2021-03-28T10:31:21.000Z</time>
      </trkpt>
      <trkpt lat="54.517492" lon="9.575501">
        <ele>-3.772780</ele>
        <time>2021-03-28T10:31:22.000Z</time>
      </trkpt>
      <trkpt lat="54.517488" lon="9.575483">
        <ele>-3.740860</ele>
        <time>2021-03-28T10:31:25.000Z</time>
      </trkpt>
      <trkpt lat="54.517486" lon="9.575472">
        <ele>-3.721769</ele>
        <time>2021-03-28T10:31:26.000Z</time>
      </trkpt>
      <trkpt lat="54.517489" lon="9.575435">
        <ele>-3.659897</ele>
        <time>2021-03-28T10:31:28.000Z</time>
      </trkpt>
      <trkpt lat="54.517506" lon="9.575340">
        <ele>-3.495256</ele>
        <time>2021-03-28T10:31:32.000Z</time>
      </trkpt>
      <trkpt lat="54.517509" lon="9.575269">
        <ele>-3.377358</ele>
        <time>2021-03-28T10:31:35.000Z</time>
      </trkpt>
      <trkpt lat="54.517510" lon="9.575208">
        <ele>-3.276292</ele>
        <time>2021-03-28T10:31:38.000Z</time>
      </trkpt>
      <trkpt lat="54.517508" lon="9.575190">
        <ele>-3.245941</ele>
        <time>2021-03-28T10:31:39.000Z</time>
      </trkpt>
      <trkpt lat="54.517511" lon="9.575079">
        <ele>-3.061909</ele>
        <time>2021-03-28T10:31:44.000Z</time>
      </trkpt>
      <trkpt lat="54.517526" lon="9.575049">
        <ele>-2.996333</ele>
        <time>2021-03-28T10:31:47.000Z</time>
      </trkpt>
      <trkpt lat="54.517538" lon="9.575034">
        <ele>-2.954032</ele>
        <time>2021-03-28T10:31:49.000Z</time>
      </trkpt>
      <trkpt lat="54.517553" lon="9.575023">
        <ele>-2.907518</ele>
        <time>2021-03-28T10:31:51.000Z</time>
      </trkpt>
      <trkpt lat="54.517561" lon="9.574998">
        <ele>-2.860239</ele>
        <time>2021-03-28T10:31:55.000Z</time>
      </trkpt>
      <trkpt lat="54.517563" lon="9.574995">
        <ele>-2.852673</ele>
        <time>2021-03-28T10:31:56.000Z</time>
      </trkpt>
      <trkpt lat="54.517572" lon="9.574993">
        <ele>-2.826781</ele>
        <time>2021-03-28T10:31:58.000Z</time>
      </trkpt>
      <trkpt lat="54.517647" lon="9.575010">
        <ele>-2.610947</ele>
        <time>2021-03-28T10:32:04.000Z</time>
      </trkpt>
      <trkpt lat="54.517670" lon="9.575011">
        <ele>-2.545303</ele>
        <time>2021-03-28T10:32:05.000Z</time>
      </trkpt>
      <trkpt lat="54.517689" lon="9.575010">
        <ele>-2.491067</ele>
        <time>2021-03-28T10:32:06.000Z</time>
      </trkpt>
      <trkpt lat="54.517744" lon="9.575024">
        <ele>-2.332438</ele>
        <time>2021-03-28T10:32:10.000Z</time>
      </trkpt>
      <trkpt lat="54.517764" lon="9.575026">
        <ele>-2.275278</ele>
        <time>2021-03-28T10:32:11.000Z</time>
      </trkpt>
      <trkpt lat="54.517774" lon="9.575030">
        <ele>-2.245987</ele>
        <time>2021-03-28T10:32:12.000Z</time>
      </trkpt>
      <trkpt lat="54.517813" lon="9.575017">
        <ele>-2.132648</ele>
        <time>2021-03-28T10:32:16.000Z</time>
      </trkpt>
      <trkpt lat="54.517839" lon="9.575017">
        <ele>-2.058465</ele>
        <time>2021-03-28T10:32:19.000Z</time>
      </trkpt>
      <trkpt lat="54.517838" lon="9.575016">
        <ele>-2.055166</ele>
        <time>2021-03-28T10:32:21.000Z</time>
      </trkpt>
      <trkpt lat="54.517841" lon="9.575014">
        <ele>-2.045988</ele>
        <time>2021-03-28T10:32:22.000Z</time>
      </trkpt>
      <trkpt lat="54.517852" lon="9.575007">
        <ele>-2.012530</ele>
        <time>2021-03-28T10:32:24.000Z</time>
      </trkpt>
      <trkpt lat="54.517866" lon="9.575007">
        <ele>-1.972586</ele>
        <time>2021-03-28T10:32:26.000Z</time>
      </trkpt>
      <trkpt lat="54.517881" lon="9.575012">
        <ele>-1.928994</ele>
        <time>2021-03-28T10:32:28.000Z</time>
      </trkpt>
      <trkpt lat="54.517892" lon="9.575015">
        <ele>-1.897218</ele>
        <time>2021-03-28T10:32:29.000Z</time>
      </trkpt>
      <trkpt lat="54.517901" lon="9.575012">
        <ele>-1.871063</ele>
        <time>2021-03-28T10:32:30.000Z</time>
      </trkpt>
      <trkpt lat="54.517930" lon="9.575005">
        <ele>-1.787512</ele>
        <time>2021-03-28T10:32:33.000Z</time>
      </trkpt>
      <trkpt lat="54.517936" lon="9.574999">
        <ele>-1.767718</ele>
        <time>2021-03-28T10:32:34.000Z</time>
      </trkpt>
      <trkpt lat="54.517942" lon="9.574988">
        <ele>-1.742719</ele>
        <time>2021-03-28T10:32:35.000Z</time>
      </trkpt>
      <trkpt lat="54.517951" lon="9.574962">
        <ele>-1.692584</ele>
        <time>2021-03-28T10:32:37.000Z</time>
      </trkpt>
      <trkpt lat="54.517956" lon="9.574909">
        <ele>-1.603658</ele>
        <time>2021-03-28T10:32:40.000Z</time>
      </trkpt>
      <trkpt lat="54.517965" lon="9.574903">
        <ele>-1.576123</ele>
        <time>2021-03-28T10:32:43.000Z</time>
      </trkpt>
      <trkpt lat="54.517968" lon="9.574902">
        <ele>-1.567405</ele>
        <time>2021-03-28T10:32:44.000Z</time>
      </trkpt>
      <trkpt lat="54.517983" lon="9.574879">
        <ele>-1.510111</ele>
        <time>2021-03-28T10:32:46.000Z</time>
      </trkpt>
      <trkpt lat="54.517986" lon="9.574863">
        <ele>-1.482265</ele>
        <time>2021-03-28T10:32:47.000Z</time>
      </trkpt>
      <trkpt lat="54.517998" lon="9.574774">
        <ele>-1.330945</ele>
        <time>2021-03-28T10:32:51.000Z</time>
      </trkpt>
      <trkpt lat="54.517999" lon="9.574724">
        <ele>-1.248089</ele>
        <time>2021-03-28T10:32:53.000Z</time>
      </trkpt>
      <trkpt lat="54.518009" lon="9.574660">
        <ele>-1.138324</ele>
        <time>2021-03-28T10:32:56.000Z</time>
      </trkpt>
      <trkpt lat="54.518008" lon="9.574604">
        <ele>-1.045537</ele>
        <time>2021-03-28T10:32:59.000Z</time>
      </trkpt>
      <trkpt lat="54.518009" lon="9.574581">
        <ele>-1.007339</ele>
        <time>2021-03-28T10:33:00.000Z</time>
      </trkpt>
      <trkpt lat="54.518001" lon="9.574417">
        <ele>-0.734777</ele>
        <time>2021-03-28T10:33:07.000Z</time>
      </trkpt>
      <trkpt lat="54.517995" lon="9.574266">
        <ele>-0.484116</ele>
        <time>2021-03-28T10:33:14.000Z</time>
      </trkpt>
      <trkpt lat="54.518006" lon="9.574136">
        <ele>-0.290250</ele>
        <time>2021-03-28T10:33:20.000Z</time>
      </trkpt>
      <trkpt lat="54.517995" lon="9.574102">
        <ele>-0.268077</ele>
        <time>2021-03-28T10:33:22.000Z</time>
      </trkpt>
      <trkpt lat="54.517987" lon="9.574019">
        <ele>-0.220149</ele>
        <time>2021-03-28T10:33:25.000Z</time>
      </trkpt>
      <trkpt lat="54.517966" lon="9.573860">
        <ele>-0.127261</ele>
        <time>2021-03-28T10:33:32.000Z</time>
      </trkpt>
      <trkpt lat="54.517960" lon="9.573836">
        <ele>-0.112376</ele>
        <time>2021-03-28T10:33:33.000Z</time>
      </trkpt>
      <trkpt lat="54.517946" lon="9.573790">
        <ele>-0.082789</ele>
        <time>2021-03-28T10:33:35.000Z</time>
      </trkpt>
      <trkpt lat="54.517934" lon="9.573724">
        <ele>-0.043391</ele>
        <time>2021-03-28T10:33:38.000Z</time>
      </trkpt>
      <trkpt lat="54.517903" lon="9.573570">
        <ele>0.049459</ele>
        <time>2021-03-28T10:33:45.000Z</time>
      </trkpt>
      <trkpt lat="54.517881" lon="9.573509">
        <ele>0.090369</ele>
        <time>2021-03-28T10:33:48.000Z</time>
      </trkpt>
      <trkpt lat="54.517866" lon="9.573439">
        <ele>0.132874</ele>
        <time>2021-03-28T10:33:51.000Z</time>
      </trkpt>
      <trkpt lat="54.517854" lon="9.573416">
        <ele>0.150491</ele>
        <time>2021-03-28T10:33:52.000Z</time>
      </trkpt>
      <trkpt lat="54.517845" lon="9.573394">
        <ele>0.165822</ele>
        <time>2021-03-28T10:33:53.000Z</time>
      </trkpt>
      <trkpt lat="54.517815" lon="9.573333">
        <ele>0.211366</ele>
        <time>2021-03-28T10:33:56.000Z</time>
      </trkpt>
      <trkpt lat="54.517805" lon="9.573298">
        <ele>0.233588</ele>
        <time>2021-03-28T10:33:58.000Z</time>
      </trkpt>
      <trkpt lat="54.517788" lon="9.573227">
        <ele>0.277339</ele>
        <time>2021-03-28T10:34:01.000Z</time>
      </trkpt>
      <trkpt lat="54.517765" lon="9.573112">
        <ele>0.346627</ele>
        <time>2021-03-28T10:34:06.000Z</time>
      </trkpt>
      <trkpt lat="54.517765" lon="9.573095">
        <ele>0.356311</ele>
        <time>2021-03-28T10:34:07.000Z</time>
      </trkpt>
      <trkpt lat="54.517747" lon="9.572910">
        <ele>0.463166</ele>
        <time>2021-03-28T10:34:15.000Z</time>
      </trkpt>
      <trkpt lat="54.517724" lon="9.572809">
        <ele>0.524969</ele>
        <time>2021-03-28T10:34:19.000Z</time>
      </trkpt>
      <trkpt lat="54.517715" lon="9.572750">
        <ele>0.559719</ele>
        <time>2021-03-28T10:34:21.000Z</time>
      </trkpt>
      <trkpt lat="54.517718" lon="9.572637">
        <ele>0.624156</ele>
        <time>2021-03-28T10:34:26.000Z</time>
      </trkpt>
      <trkpt lat="54.517714" lon="9.572491">
        <ele>0.707417</ele>
        <time>2021-03-28T10:34:32.000Z</time>
      </trkpt>
      <trkpt lat="54.517710" lon="9.572410">
        <ele>0.753725</ele>
        <time>2021-03-28T10:34:36.000Z</time>
      </trkpt>
      <trkpt lat="54.517701" lon="9.572357">
        <ele>0.785181</ele>
        <time>2021-03-28T10:34:38.000Z</time>
      </trkpt>
      <trkpt lat="54.517704" lon="9.572302">
        <ele>0.816650</ele>
        <time>2021-03-28T10:34:41.000Z</time>
      </trkpt>
      <trkpt lat="54.517698" lon="9.572221">
        <ele>0.863165</ele>
        <time>2021-03-28T10:34:44.000Z</time>
      </trkpt>
      <trkpt lat="54.517704" lon="9.572099">
        <ele>0.932911</ele>
        <time>2021-03-28T10:34:49.000Z</time>
      </trkpt>
      <trkpt lat="54.517717" lon="9.572069">
        <ele>0.954237</ele>
        <time>2021-03-28T10:34:50.000Z</time>
      </trkpt>
      <trkpt lat="54.517755" lon="9.571930">
        <ele>1.041760</ele>
        <time>2021-03-28T10:34:56.000Z</time>
      </trkpt>
      <trkpt lat="54.517778" lon="9.571804">
        <ele>1.117001</ele>
        <time>2021-03-28T10:35:02.000Z</time>
      </trkpt>
      <trkpt lat="54.517784" lon="9.571788">
        <ele>1.127852</ele>
        <time>2021-03-28T10:35:03.000Z</time>
      </trkpt>
      <trkpt lat="54.517811" lon="9.571697">
        <ele>1.186069</ele>
        <time>2021-03-28T10:35:08.000Z</time>
      </trkpt>
      <trkpt lat="54.517825" lon="9.571653">
        <ele>1.214652</ele>
        <time>2021-03-28T10:35:10.000Z</time>
      </trkpt>
      <trkpt lat="54.517834" lon="9.571496">
        <ele>1.304521</ele>
        <time>2021-03-28T10:35:17.000Z</time>
      </trkpt>
      <trkpt lat="54.517834" lon="9.571463">
        <ele>1.323319</ele>
        <time>2021-03-28T10:35:19.000Z</time>
      </trkpt>
      <trkpt lat="54.517821" lon="9.571392">
        <ele>1.365728</ele>
        <time>2021-03-28T10:35:22.000Z</time>
      </trkpt>
      <trkpt lat="54.517825" lon="9.571371">
        <ele>1.378318</ele>
        <time>2021-03-28T10:35:23.000Z</time>
      </trkpt>
      <trkpt lat="54.517839" lon="9.571219">
        <ele>1.463952</ele>
        <time>2021-03-28T10:35:29.000Z</time>
      </trkpt>
      <trkpt lat="54.517846" lon="9.571202">
        <ele>1.468945</ele>
        <time>2021-03-28T10:35:30.000Z</time>
      </trkpt>
      <trkpt lat="54.517860" lon="9.571127">
        <ele>1.487814</ele>
        <time>2021-03-28T10:35:34.000Z</time>
      </trkpt>
      <trkpt lat="54.517875" lon="9.571091">
        <ele>1.498428</ele>
        <time>2021-03-28T10:35:36.000Z</time>
      </trkpt>
      <trkpt lat="54.517874" lon="9.571013">
        <ele>1.517114</ele>
        <time>2021-03-28T10:35:40.000Z</time>
      </trkpt>
      <trkpt lat="54.517878" lon="9.570975">
        <ele>1.526364</ele>
        <time>2021-03-28T10:35:42.000Z</time>
      </trkpt>
      <trkpt lat="54.517876" lon="9.570929">
        <ele>1.537412</ele>
        <time>2021-03-28T10:35:44.000Z</time>
      </trkpt>
      <trkpt lat="54.517863" lon="9.570844">
        <ele>1.558466</ele>
        <time>2021-03-28T10:35:47.000Z</time>
      </trkpt>
      <trkpt lat="54.517863" lon="9.570824">
        <ele>1.563256</ele>
        <time>2021-03-28T10:35:48.000Z</time>
      </trkpt>
      <trkpt lat="54.517866" lon="9.570806">
        <ele>1.567741</ele>
        <time>2021-03-28T10:35:49.000Z</time>
      </trkpt>
      <trkpt lat="54.517894" lon="9.570742">
        <ele>1.586936</ele>
        <time>2021-03-28T10:35:53.000Z</time>
      </trkpt>
      <trkpt lat="54.517903" lon="9.570712">
        <ele>1.595025</ele>
        <time>2021-03-28T10:35:55.000Z</time>
      </trkpt>
      <trkpt lat="54.517933" lon="9.570652">
        <ele>1.613992</ele>
        <time>2021-03-28T10:35:58.000Z</time>
      </trkpt>
      <trkpt lat="54.517957" lon="9.570593">
        <ele>1.631247</ele>
        <time>2021-03-28T10:36:01.000Z</time>
      </trkpt>
      <trkpt lat="54.517926" lon="9.570476">
        <ele>1.662051</ele>
        <time>2021-03-28T10:36:06.000Z</time>
      </trkpt>
      <trkpt lat="54.517931" lon="9.570455">
        <ele>1.667488</ele>
        <time>2021-03-28T10:36:07.000Z</time>
      </trkpt>
      <trkpt lat="54.517935" lon="9.570359">
        <ele>1.690540</ele>
        <time>2021-03-28T10:36:11.000Z</time>
      </trkpt>
      <trkpt lat="54.517986" lon="9.570384">
        <ele>1.712419</ele>
        <time>2021-03-28T10:36:13.000Z</time>
      </trkpt>
      <trkpt lat="54.518001" lon="9.570325">
        <ele>1.727847</ele>
        <time>2021-03-28T10:36:16.000Z</time>
      </trkpt>
      <trkpt lat="54.517999" lon="9.570250">
        <ele>1.745829</ele>
        <time>2021-03-28T10:36:19.000Z</time>
      </trkpt>
      <trkpt lat="54.518007" lon="9.570187">
        <ele>1.761275</ele>
        <time>2021-03-28T10:36:21.000Z</time>
      </trkpt>
      <trkpt lat="54.518029" lon="9.570047">
        <ele>1.796013</ele>
        <time>2021-03-28T10:36:25.000Z</time>
      </trkpt>
      <trkpt lat="54.518027" lon="9.569966">
        <ele>1.815431</ele>
        <time>2021-03-28T10:36:27.000Z</time>
      </trkpt>
      <trkpt lat="54.517921" lon="9.569836">
        <ele>1.869120</ele>
        <time>2021-03-28T10:36:31.000Z</time>
      </trkpt>
      <trkpt lat="54.517937" lon="9.569789">
        <ele>1.882170</ele>
        <time>2021-03-28T10:36:33.000Z</time>
      </trkpt>
      <trkpt lat="54.517970" lon="9.569720">
        <ele>1.903584</ele>
        <time>2021-03-28T10:36:36.000Z</time>
      </trkpt>
      <trkpt lat="54.517996" lon="9.569605">
        <ele>1.933143</ele>
        <time>2021-03-28T10:36:41.000Z</time>
      </trkpt>
      <trkpt lat="54.517977" lon="9.569449">
        <ele>1.971320</ele>
        <time>2021-03-28T10:36:48.000Z</time>
      </trkpt>
      <trkpt lat="54.517978" lon="9.569381">
        <ele>1.987612</ele>
        <time>2021-03-28T10:36:51.000Z</time>
      </trkpt>
      <trkpt lat="54.517985" lon="9.569296">
        <ele>2.008174</ele>
        <time>2021-03-28T10:36:55.000Z</time>
      </trkpt>
      <trkpt lat="54.517987" lon="9.569210">
        <ele>2.028789</ele>
        <time>2021-03-28T10:36:59.000Z</time>
      </trkpt>
      <trkpt lat="54.517977" lon="9.569189">
        <ele>2.035294</ele>
        <time>2021-03-28T10:37:00.000Z</time>
      </trkpt>
      <trkpt lat="54.517979" lon="9.569162">
        <ele>2.041814</ele>
        <time>2021-03-28T10:37:01.000Z</time>
      </trkpt>
      <trkpt lat="54.517983" lon="9.569093">
        <ele>2.058422</ele>
        <time>2021-03-28T10:37:04.000Z</time>
      </trkpt>
      <trkpt lat="54.517971" lon="9.569055">
        <ele>2.068783</ele>
        <time>2021-03-28T10:37:06.000Z</time>
      </trkpt>
      <trkpt lat="54.517988" lon="9.569027">
        <ele>2.078488</ele>
        <time>2021-03-28T10:37:08.000Z</time>
      </trkpt>
      <trkpt lat="54.518008" lon="9.569020">
        <ele>2.086909</ele>
        <time>2021-03-28T10:37:09.000Z</time>
      </trkpt>
      <trkpt lat="54.518064" lon="9.568938">
        <ele>2.117235</ele>
        <time>2021-03-28T10:37:14.000Z</time>
      </trkpt>
      <trkpt lat="54.518144" lon="9.568906">
        <ele>2.151123</ele>
        <time>2021-03-28T10:37:20.000Z</time>
      </trkpt>
      <trkpt lat="54.518223" lon="9.568883">
        <ele>2.184183</ele>
        <time>2021-03-28T10:37:25.000Z</time>
      </trkpt>
      <trkpt lat="54.518295" lon="9.568859">
        <ele>2.206763</ele>
        <time>2021-03-28T10:37:31.000Z</time>
      </trkpt>
      <trkpt lat="54.518319" lon="9.568848">
        <ele>2.208974</ele>
        <time>2021-03-28T10:37:33.000Z</time>
      </trkpt>
      <trkpt lat="54.518352" lon="9.568847">
        <ele>2.211913</ele>
        <time>2021-03-28T10:37:35.000Z</time>
      </trkpt>
      <trkpt lat="54.518447" lon="9.568854">
        <ele>2.220379</ele>
        <time>2021-03-28T10:37:40.000Z</time>
      </trkpt>
      <trkpt lat="54.518553" lon="9.568834">
        <ele>2.229873</ele>
        <time>2021-03-28T10:37:47.000Z</time>
      </trkpt>
      <trkpt lat="54.518583" lon="9.568825">
        <ele>2.232584</ele>
        <time>2021-03-28T10:37:49.000Z</time>
      </trkpt>
      <trkpt lat="54.518675" lon="9.568782">
        <ele>2.241072</ele>
        <time>2021-03-28T10:37:56.000Z</time>
      </trkpt>
      <trkpt lat="54.518765" lon="9.568737">
        <ele>2.249416</ele>
        <time>2021-03-28T10:38:03.000Z</time>
      </trkpt>
      <trkpt lat="54.518793" lon="9.568709">
        <ele>2.252298</ele>
        <time>2021-03-28T10:38:07.000Z</time>
      </trkpt>
      <trkpt lat="54.518799" lon="9.568705">
        <ele>2.252871</ele>
        <time>2021-03-28T10:38:08.000Z</time>
      </trkpt>
      <trkpt lat="54.518810" lon="9.568706">
        <ele>2.253852</ele>
        <time>2021-03-28T10:38:09.000Z</time>
      </trkpt>
      <trkpt lat="54.518843" lon="9.568688">
        <ele>2.256934</ele>
        <time>2021-03-28T10:38:12.000Z</time>
      </trkpt>
      <trkpt lat="54.518878" lon="9.568664">
        <ele>2.260288</ele>
        <time>2021-03-28T10:38:16.000Z</time>
      </trkpt>
      <trkpt lat="54.518901" lon="9.568648">
        <ele>2.262496</ele>
        <time>2021-03-28T10:38:18.000Z</time>
      </trkpt>
      <trkpt lat="54.518948" lon="9.568614">
        <ele>2.267035</ele>
        <time>2021-03-28T10:38:22.000Z</time>
      </trkpt>
      <trkpt lat="54.518962" lon="9.568604">
        <ele>2.268384</ele>
        <time>2021-03-28T10:38:23.000Z</time>
      </trkpt>
      <trkpt lat="54.518985" lon="9.568582">
        <ele>2.270727</ele>
        <time>2021-03-28T10:38:26.000Z</time>
      </trkpt>
      <trkpt lat="54.518995" lon="9.568566">
        <ele>2.271942</ele>
        <time>2021-03-28T10:38:28.000Z</time>
      </trkpt>
      <trkpt lat="54.519005" lon="9.568552">
        <ele>2.273089</ele>
        <time>2021-03-28T10:38:29.000Z</time>
      </trkpt>
      <trkpt lat="54.519065" lon="9.568531">
        <ele>2.278540</ele>
        <time>2021-03-28T10:38:33.000Z</time>
      </trkpt>
      <trkpt lat="54.519129" lon="9.568488">
        <ele>2.284657</ele>
        <time>2021-03-28T10:38:37.000Z</time>
      </trkpt>
      <trkpt lat="54.519142" lon="9.568478">
        <ele>2.285924</ele>
        <time>2021-03-28T10:38:38.000Z</time>
      </trkpt>
      <trkpt lat="54.519244" lon="9.568373">
        <ele>2.296503</ele>
        <time>2021-03-28T10:38:44.000Z</time>
      </trkpt>
      <trkpt lat="54.519262" lon="9.568347">
        <ele>2.298595</ele>
        <time>2021-03-28T10:38:46.000Z</time>
      </trkpt>
      <trkpt lat="54.519307" lon="9.568285">
        <ele>2.303725</ele>
        <time>2021-03-28T10:38:50.000Z</time>
      </trkpt>
      <trkpt lat="54.519324" lon="9.568242">
        <ele>2.306414</ele>
        <time>2021-03-28T10:38:52.000Z</time>
      </trkpt>
      <trkpt lat="54.519346" lon="9.568212">
        <ele>2.308912</ele>
        <time>2021-03-28T10:38:54.000Z</time>
      </trkpt>
      <trkpt lat="54.519355" lon="9.568182">
        <ele>2.310657</ele>
        <time>2021-03-28T10:38:56.000Z</time>
      </trkpt>
      <trkpt lat="54.519360" lon="9.568154">
        <ele>2.312171</ele>
        <time>2021-03-28T10:38:57.000Z</time>
      </trkpt>
      <trkpt lat="54.519382" lon="9.567995">
        <ele>2.320618</ele>
        <time>2021-03-28T10:39:04.000Z</time>
      </trkpt>
      <trkpt lat="54.519385" lon="9.567977">
        <ele>2.321586</ele>
        <time>2021-03-28T10:39:05.000Z</time>
      </trkpt>
      <trkpt lat="54.519426" lon="9.567821">
        <ele>2.330436</ele>
        <time>2021-03-28T10:39:12.000Z</time>
      </trkpt>
      <trkpt lat="54.519444" lon="9.567726">
        <ele>2.335600</ele>
        <time>2021-03-28T10:39:16.000Z</time>
      </trkpt>
      <trkpt lat="54.519462" lon="9.567643">
        <ele>2.340179</ele>
        <time>2021-03-28T10:39:19.000Z</time>
      </trkpt>
      <trkpt lat="54.519470" lon="9.567599">
        <ele>2.342562</ele>
        <time>2021-03-28T10:39:21.000Z</time>
      </trkpt>
      <trkpt lat="54.519481" lon="9.567525">
        <ele>2.346510</ele>
        <time>2021-03-28T10:39:24.000Z</time>
      </trkpt>
      <trkpt lat="54.519510" lon="9.567398">
        <ele>2.353563</ele>
        <time>2021-03-28T10:39:30.000Z</time>
      </trkpt>
      <trkpt lat="54.519534" lon="9.567254">
        <ele>2.361305</ele>
        <time>2021-03-28T10:39:37.000Z</time>
      </trkpt>
      <trkpt lat="54.519552" lon="9.567214">
        <ele>2.363921</ele>
        <time>2021-03-28T10:39:39.000Z</time>
      </trkpt>
      <trkpt lat="54.519577" lon="9.567145">
        <ele>2.470135</ele>
        <time>2021-03-28T10:39:43.000Z</time>
      </trkpt>
      <trkpt lat="54.519638" lon="9.566983">
        <ele>2.785765</ele>
        <time>2021-03-28T10:39:51.000Z</time>
      </trkpt>
      <trkpt lat="54.519691" lon="9.566846">
        <ele>3.054874</ele>
        <time>2021-03-28T10:39:59.000Z</time>
      </trkpt>
      <trkpt lat="54.519697" lon="9.566770">
        <ele>3.180240</ele>
        <time>2021-03-28T10:40:03.000Z</time>
      </trkpt>
      <trkpt lat="54.519689" lon="9.566755">
        <ele>3.213536</ele>
        <time>2021-03-28T10:40:04.000Z</time>
      </trkpt>
      <trkpt lat="54.519681" lon="9.566719">
        <ele>3.276544</ele>
        <time>2021-03-28T10:40:06.000Z</time>
      </trkpt>
      <trkpt lat="54.519664" lon="9.566650">
        <ele>3.399065</ele>
        <time>2021-03-28T10:40:09.000Z</time>
      </trkpt>
      <trkpt lat="54.519647" lon="9.566622">
        <ele>3.465295</ele>
        <time>2021-03-28T10:40:12.000Z</time>
      </trkpt>
      <trkpt lat="54.519632" lon="9.566618">
        <ele>3.508039</ele>
        <time>2021-03-28T10:40:14.000Z</time>
      </trkpt>
      <trkpt lat="54.519582" lon="9.566584">
        <ele>3.659412</ele>
        <time>2021-03-28T10:40:20.000Z</time>
      </trkpt>
      <trkpt lat="54.519560" lon="9.566591">
        <ele>3.722413</ele>
        <time>2021-03-28T10:40:24.000Z</time>
      </trkpt>
      <trkpt lat="54.519554" lon="9.566610">
        <ele>3.757768</ele>
        <time>2021-03-28T10:40:26.000Z</time>
      </trkpt>
      <trkpt lat="54.519552" lon="9.566623">
        <ele>3.779750</ele>
        <time>2021-03-28T10:40:27.000Z</time>
      </trkpt>
      <trkpt lat="54.519524" lon="9.566680">
        <ele>3.901805</ele>
        <time>2021-03-28T10:40:32.000Z</time>
      </trkpt>
      <trkpt lat="54.519507" lon="9.566680">
        <ele>3.949678</ele>
        <time>2021-03-28T10:40:33.000Z</time>
      </trkpt>
      <trkpt lat="54.519504" lon="9.566707">
        <ele>3.994612</ele>
        <time>2021-03-28T10:40:35.000Z</time>
      </trkpt>
      <trkpt lat="54.519487" lon="9.566685">
        <ele>4.054486</ele>
        <time>2021-03-28T10:40:37.000Z</time>
      </trkpt>
      <trkpt lat="54.519461" lon="9.566658">
        <ele>4.139975</ele>
        <time>2021-03-28T10:40:38.000Z</time>
      </trkpt>
      <trkpt lat="54.519388" lon="9.566562">
        <ele>4.398591</ele>
        <time>2021-03-28T10:40:42.000Z</time>
      </trkpt>
      <trkpt lat="54.519351" lon="9.566518">
        <ele>4.525196</ele>
        <time>2021-03-28T10:40:44.000Z</time>
      </trkpt>
      <trkpt lat="54.519261" lon="9.566365">
        <ele>4.881251</ele>
        <time>2021-03-28T10:40:52.000Z</time>
      </trkpt>
      <trkpt lat="54.519248" lon="9.566341">
        <ele>4.934908</ele>
        <time>2021-03-28T10:40:53.000Z</time>
      </trkpt>
      <trkpt lat="54.519243" lon="9.566329">
        <ele>4.959053</ele>
        <time>2021-03-28T10:40:54.000Z</time>
      </trkpt>
      <trkpt lat="54.519234" lon="9.566305">
        <ele>5.005757</ele>
        <time>2021-03-28T10:40:56.000Z</time>
      </trkpt>
      <trkpt lat="54.519234" lon="9.566297">
        <ele>5.018833</ele>
        <time>2021-03-28T10:40:57.000Z</time>
      </trkpt>
      <trkpt lat="54.519226" lon="9.566297">
        <ele>5.041362</ele>
        <time>2021-03-28T10:40:58.000Z</time>
      </trkpt>
      <trkpt lat="54.519212" lon="9.566302">
        <ele>5.081625</ele>
        <time>2021-03-28T10:40:59.000Z</time>
      </trkpt>
      <trkpt lat="54.519196" lon="9.566309">
        <ele>5.128112</ele>
        <time>2021-03-28T10:41:01.000Z</time>
      </trkpt>
      <trkpt lat="54.519184" lon="9.566310">
        <ele>5.161944</ele>
        <time>2021-03-28T10:41:03.000Z</time>
      </trkpt>
      <trkpt lat="54.519179" lon="9.566307">
        <ele>5.176854</ele>
        <time>2021-03-28T10:41:04.000Z</time>
      </trkpt>
      <trkpt lat="54.519156" lon="9.566304">
        <ele>5.241809</ele>
        <time>2021-03-28T10:41:06.000Z</time>
      </trkpt>
      <trkpt lat="54.519134" lon="9.566299">
        <ele>5.304299</ele>
        <time>2021-03-28T10:41:07.000Z</time>
      </trkpt>
      <trkpt lat="54.519121" lon="9.566301">
        <ele>5.341053</ele>
        <time>2021-03-28T10:41:08.000Z</time>
      </trkpt>
      <trkpt lat="54.519074" lon="9.566308">
        <ele>5.473902</ele>
        <time>2021-03-28T10:41:11.000Z</time>
      </trkpt>
      <trkpt lat="54.519068" lon="9.566326">
        <ele>5.507830</ele>
        <time>2021-03-28T10:41:12.000Z</time>
      </trkpt>
      <trkpt lat="54.519036" lon="9.566303">
        <ele>5.605471</ele>
        <time>2021-03-28T10:41:14.000Z</time>
      </trkpt>
      <trkpt lat="54.519026" lon="9.566296">
        <ele>5.635868</ele>
        <time>2021-03-28T10:41:15.000Z</time>
      </trkpt>
      <trkpt lat="54.519016" lon="9.566290">
        <ele>5.665687</ele>
        <time>2021-03-28T10:41:16.000Z</time>
      </trkpt>
      <trkpt lat="54.518978" lon="9.566300">
        <ele>5.773939</ele>
        <time>2021-03-28T10:41:19.000Z</time>
      </trkpt>
      <trkpt lat="54.518971" lon="9.566306">
        <ele>5.795956</ele>
        <time>2021-03-28T10:41:20.000Z</time>
      </trkpt>
      <trkpt lat="54.518971" lon="9.566305">
        <ele>5.797591</ele>
        <time>2021-03-28T10:41:21.000Z</time>
      </trkpt>
      <trkpt lat="54.518962" lon="9.566309">
        <ele>5.823765</ele>
        <time>2021-03-28T10:41:24.000Z</time>
      </trkpt>
      <trkpt lat="54.518962" lon="9.566313">
        <ele>5.830303</ele>
        <time>2021-03-28T10:41:26.000Z</time>
      </trkpt>
      <trkpt lat="54.518958" lon="9.566321">
        <ele>5.847562</ele>
        <time>2021-03-28T10:41:28.000Z</time>
      </trkpt>
      <trkpt lat="54.518956" lon="9.566325">
        <ele>5.856192</ele>
        <time>2021-03-28T10:41:29.000Z</time>
      </trkpt>
      <trkpt lat="54.518952" lon="9.566350">
        <ele>5.898579</ele>
        <time>2021-03-28T10:41:33.000Z</time>
      </trkpt>
      <trkpt lat="54.518927" lon="9.566316">
        <ele>5.988272</ele>
        <time>2021-03-28T10:41:35.000Z</time>
      </trkpt>
      <trkpt lat="54.518897" lon="9.566309">
        <ele>6.073525</ele>
        <time>2021-03-28T10:41:39.000Z</time>
      </trkpt>
      <trkpt lat="54.518848" lon="9.566288">
        <ele>6.215718</ele>
        <time>2021-03-28T10:41:42.000Z</time>
      </trkpt>
      <trkpt lat="54.518805" lon="9.566272">
        <ele>6.339601</ele>
        <time>2021-03-28T10:41:45.000Z</time>
      </trkpt>
      <trkpt lat="54.518780" lon="9.566274">
        <ele>6.410078</ele>
        <time>2021-03-28T10:41:47.000Z</time>
      </trkpt>
      <trkpt lat="54.518723" lon="9.566306">
        <ele>6.578901</ele>
        <time>2021-03-28T10:41:52.000Z</time>
      </trkpt>
      <trkpt lat="54.518716" lon="9.566311">
        <ele>6.600240</ele>
        <time>2021-03-28T10:41:53.000Z</time>
      </trkpt>
      <trkpt lat="54.518667" lon="9.566297">
        <ele>6.740112</ele>
        <time>2021-03-28T10:41:57.000Z</time>
      </trkpt>
      <trkpt lat="54.518629" lon="9.566262">
        <ele>6.861455</ele>
        <time>2021-03-28T10:42:00.000Z</time>
      </trkpt>
      <trkpt lat="54.518606" lon="9.566251">
        <ele>6.928674</ele>
        <time>2021-03-28T10:42:01.000Z</time>
      </trkpt>
      <trkpt lat="54.518586" lon="9.566247">
        <ele>6.985373</ele>
        <time>2021-03-28T10:42:02.000Z</time>
      </trkpt>
      <trkpt lat="54.518511" lon="9.566211">
        <ele>7.204622</ele>
        <time>2021-03-28T10:42:07.000Z</time>
      </trkpt>
      <trkpt lat="54.518429" lon="9.566234">
        <ele>7.430841</ele>
        <time>2021-03-28T10:42:13.000Z</time>
      </trkpt>
      <trkpt lat="54.518418" lon="9.566229">
        <ele>7.434364</ele>
        <time>2021-03-28T10:42:14.000Z</time>
      </trkpt>
      <trkpt lat="54.518375" lon="9.566180">
        <ele>7.450325</ele>
        <time>2021-03-28T10:42:18.000Z</time>
      </trkpt>
      <trkpt lat="54.518362" lon="9.566144">
        <ele>7.457944</ele>
        <time>2021-03-28T10:42:21.000Z</time>
      </trkpt>
      <trkpt lat="54.518323" lon="9.566117">
        <ele>7.470956</ele>
        <time>2021-03-28T10:42:24.000Z</time>
      </trkpt>
      <trkpt lat="54.518307" lon="9.566107">
        <ele>7.476226</ele>
        <time>2021-03-28T10:42:26.000Z</time>
      </trkpt>
      <trkpt lat="54.518298" lon="9.566099">
        <ele>7.479361</ele>
        <time>2021-03-28T10:42:27.000Z</time>
      </trkpt>
      <trkpt lat="54.518287" lon="9.566092">
        <ele>7.482991</ele>
        <time>2021-03-28T10:42:28.000Z</time>
      </trkpt>
      <trkpt lat="54.518253" lon="9.566083">
        <ele>7.493641</ele>
        <time>2021-03-28T10:42:31.000Z</time>
      </trkpt>
      <trkpt lat="54.518244" lon="9.566084">
        <ele>7.496433</ele>
        <time>2021-03-28T10:42:32.000Z</time>
      </trkpt>
      <trkpt lat="54.518211" lon="9.566070">
        <ele>7.506955</ele>
        <time>2021-03-28T10:42:37.000Z</time>
      </trkpt>
      <trkpt lat="54.518197" lon="9.566052">
        <ele>7.512363</ele>
        <time>2021-03-28T10:42:39.000Z</time>
      </trkpt>
      <trkpt lat="54.518177" lon="9.566031">
        <ele>7.519615</ele>
        <time>2021-03-28T10:42:40.000Z</time>
      </trkpt>
      <trkpt lat="54.518164" lon="9.566011">
        <ele>7.525011</ele>
        <time>2021-03-28T10:42:41.000Z</time>
      </trkpt>
      <trkpt lat="54.518148" lon="9.565961">
        <ele>7.535271</ele>
        <time>2021-03-28T10:42:43.000Z</time>
      </trkpt>
      <trkpt lat="54.518119" lon="9.565798">
        <ele>7.565907</ele>
        <time>2021-03-28T10:42:49.000Z</time>
      </trkpt>
      <trkpt lat="54.518126" lon="9.565702">
        <ele>7.583294</ele>
        <time>2021-03-28T10:42:53.000Z</time>
      </trkpt>
      <trkpt lat="54.518123" lon="9.565617">
        <ele>7.598597</ele>
        <time>2021-03-28T10:42:56.000Z</time>
      </trkpt>
      <trkpt lat="54.518125" lon="9.565593">
        <ele>7.602954</ele>
        <time>2021-03-28T10:42:57.000Z</time>
      </trkpt>
      <trkpt lat="54.518125" lon="9.565549">
        <ele>7.610861</ele>
        <time>2021-03-28T10:42:59.000Z</time>
      </trkpt>
      <trkpt lat="54.518133" lon="9.565446">
        <ele>7.629536</ele>
        <time>2021-03-28T10:43:04.000Z</time>
      </trkpt>
      <trkpt lat="54.518143" lon="9.565410">
        <ele>7.636708</ele>
        <time>2021-03-28T10:43:06.000Z</time>
      </trkpt>
      <trkpt lat="54.518149" lon="9.565373">
        <ele>7.643611</ele>
        <time>2021-03-28T10:43:08.000Z</time>
      </trkpt>
      <trkpt lat="54.518150" lon="9.565357">
        <ele>7.646503</ele>
        <time>2021-03-28T10:43:09.000Z</time>
      </trkpt>
      <trkpt lat="54.518175" lon="9.565329">
        <ele>7.655735</ele>
        <time>2021-03-28T10:43:12.000Z</time>
      </trkpt>
      <trkpt lat="54.518218" lon="9.565285">
        <ele>7.671218</ele>
        <time>2021-03-28T10:43:17.000Z</time>
      </trkpt>
      <trkpt lat="54.518220" lon="9.565277">
        <ele>7.672784</ele>
        <time>2021-03-28T10:43:18.000Z</time>
      </trkpt>
      <trkpt lat="54.518229" lon="9.565266">
        <ele>7.676200</ele>
        <time>2021-03-28T10:43:19.000Z</time>
      </trkpt>
      <trkpt lat="54.518238" lon="9.565252">
        <ele>7.679954</ele>
        <time>2021-03-28T10:43:20.000Z</time>
      </trkpt>
      <trkpt lat="54.518246" lon="9.565241">
        <ele>7.683123</ele>
        <time>2021-03-28T10:43:21.000Z</time>
      </trkpt>
      <trkpt lat="54.518315" lon="9.565215">
        <ele>7.704990</ele>
        <time>2021-03-28T10:43:26.000Z</time>
      </trkpt>
      <trkpt lat="54.518353" lon="9.565196">
        <ele>7.717240</ele>
        <time>2021-03-28T10:43:30.000Z</time>
      </trkpt>
      <trkpt lat="54.518403" lon="9.565141">
        <ele>7.735606</ele>
        <time>2021-03-28T10:43:34.000Z</time>
      </trkpt>
      <trkpt lat="54.518481" lon="9.565044">
        <ele>7.765388</ele>
        <time>2021-03-28T10:43:40.000Z</time>
      </trkpt>
      <trkpt lat="54.518485" lon="9.565030">
        <ele>7.768192</ele>
        <time>2021-03-28T10:43:41.000Z</time>
      </trkpt>
      <trkpt lat="54.518495" lon="9.565010">
        <ele>7.772936</ele>
        <time>2021-03-28T10:43:46.000Z</time>
      </trkpt>
      <trkpt lat="54.518492" lon="9.565001">
        <ele>7.774801</ele>
        <time>2021-03-28T10:43:47.000Z</time>
      </trkpt>
      <trkpt lat="54.518484" lon="9.564988">
        <ele>7.778205</ele>
        <time>2021-03-28T10:43:48.000Z</time>
      </trkpt>
      <trkpt lat="54.518466" lon="9.564962">
        <ele>7.785478</ele>
        <time>2021-03-28T10:43:50.000Z</time>
      </trkpt>
      <trkpt lat="54.518468" lon="9.564924">
        <ele>7.792334</ele>
        <time>2021-03-28T10:43:53.000Z</time>
      </trkpt>
      <trkpt lat="54.518473" lon="9.564881">
        <ele>7.800215</ele>
        <time>2021-03-28T10:43:57.000Z</time>
      </trkpt>
      <trkpt lat="54.518464" lon="9.564858">
        <ele>7.805200</ele>
        <time>2021-03-28T10:43:59.000Z</time>
      </trkpt>
      <trkpt lat="54.518470" lon="9.564848">
        <ele>7.807784</ele>
        <time>2021-03-28T10:44:00.000Z</time>
      </trkpt>
      <trkpt lat="54.518473" lon="9.564814">
        <ele>7.813964</ele>
        <time>2021-03-28T10:44:02.000Z</time>
      </trkpt>
      <trkpt lat="54.518460" lon="9.564776">
        <ele>7.821891</ele>
        <time>2021-03-28T10:44:04.000Z</time>
      </trkpt>
      <trkpt lat="54.518454" lon="9.564760">
        <ele>7.825314</ele>
        <time>2021-03-28T10:44:05.000Z</time>
      </trkpt>
      <trkpt lat="54.518427" lon="9.564698">
        <ele>7.839242</ele>
        <time>2021-03-28T10:44:09.000Z</time>
      </trkpt>
      <trkpt lat="54.518422" lon="9.564683">
        <ele>7.842351</ele>
        <time>2021-03-28T10:44:11.000Z</time>
      </trkpt>
      <trkpt lat="54.518423" lon="9.564654">
        <ele>7.847571</ele>
        <time>2021-03-28T10:44:13.000Z</time>
      </trkpt>
      <trkpt lat="54.518416" lon="9.564609">
        <ele>7.855943</ele>
        <time>2021-03-28T10:44:15.000Z</time>
      </trkpt>
      <trkpt lat="54.518411" lon="9.564568">
        <ele>7.863472</ele>
        <time>2021-03-28T10:44:17.000Z</time>
      </trkpt>
      <trkpt lat="54.518408" lon="9.564554">
        <ele>7.866154</ele>
        <time>2021-03-28T10:44:18.000Z</time>
      </trkpt>
      <trkpt lat="54.518403" lon="9.564532">
        <ele>7.870399</ele>
        <time>2021-03-28T10:44:20.000Z</time>
      </trkpt>
      <trkpt lat="54.518400" lon="9.564477">
        <ele>7.880326</ele>
        <time>2021-03-28T10:44:22.000Z</time>
      </trkpt>
      <trkpt lat="54.518394" lon="9.564452">
        <ele>7.885188</ele>
        <time>2021-03-28T10:44:23.000Z</time>
      </trkpt>
      <trkpt lat="54.518388" lon="9.564402">
        <ele>7.894363</ele>
        <time>2021-03-28T10:44:25.000Z</time>
      </trkpt>
      <trkpt lat="54.518364" lon="9.564330">
        <ele>7.909283</ele>
        <time>2021-03-28T10:44:28.000Z</time>
      </trkpt>
      <trkpt lat="54.518326" lon="9.564194">
        <ele>7.936407</ele>
        <time>2021-03-28T10:44:34.000Z</time>
      </trkpt>
      <trkpt lat="54.518323" lon="9.564164">
        <ele>7.941877</ele>
        <time>2021-03-28T10:44:35.000Z</time>
      </trkpt>
      <trkpt lat="54.518328" lon="9.564071">
        <ele>7.958661</ele>
        <time>2021-03-28T10:44:40.000Z</time>
      </trkpt>
      <trkpt lat="54.518324" lon="9.564057">
        <ele>7.961465</ele>
        <time>2021-03-28T10:44:41.000Z</time>
      </trkpt>
      <trkpt lat="54.518254" lon="9.564003">
        <ele>7.985210</ele>
        <time>2021-03-28T10:44:47.000Z</time>
      </trkpt>
      <trkpt lat="54.518204" lon="9.563945">
        <ele>7.904541</ele>
        <time>2021-03-28T10:44:53.000Z</time>
      </trkpt>
      <trkpt lat="54.518198" lon="9.563924">
        <ele>7.884366</ele>
        <time>2021-03-28T10:44:55.000Z</time>
      </trkpt>
      <trkpt lat="54.518198" lon="9.563894">
        <ele>7.858508</ele>
        <time>2021-03-28T10:44:58.000Z</time>
      </trkpt>
      <trkpt lat="54.518178" lon="9.563868">
        <ele>7.821301</ele>
        <time>2021-03-28T10:44:59.000Z</time>
      </trkpt>
      <trkpt lat="54.518158" lon="9.563853">
        <ele>7.788909</ele>
        <time>2021-03-28T10:45:00.000Z</time>
      </trkpt>
      <trkpt lat="54.518132" lon="9.563858">
        <ele>7.750060</ele>
        <time>2021-03-28T10:45:02.000Z</time>
      </trkpt>
      <trkpt lat="54.518102" lon="9.563881">
        <ele>7.701299</ele>
        <time>2021-03-28T10:45:04.000Z</time>
      </trkpt>
      <trkpt lat="54.518093" lon="9.563883">
        <ele>7.687823</ele>
        <time>2021-03-28T10:45:05.000Z</time>
      </trkpt>
      <trkpt lat="54.518086" lon="9.563882">
        <ele>7.677392</ele>
        <time>2021-03-28T10:45:06.000Z</time>
      </trkpt>
      <trkpt lat="54.518062" lon="9.563854">
        <ele>7.634350</ele>
        <time>2021-03-28T10:45:09.000Z</time>
      </trkpt>
      <trkpt lat="54.518022" lon="9.563829">
        <ele>7.571163</ele>
        <time>2021-03-28T10:45:13.000Z</time>
      </trkpt>
      <trkpt lat="54.517986" lon="9.563795">
        <ele>7.510197</ele>
        <time>2021-03-28T10:45:17.000Z</time>
      </trkpt>
      <trkpt lat="54.517974" lon="9.563778">
        <ele>7.487126</ele>
        <time>2021-03-28T10:45:19.000Z</time>
      </trkpt>
      <trkpt lat="54.517967" lon="9.563770">
        <ele>7.474652</ele>
        <time>2021-03-28T10:45:20.000Z</time>
      </trkpt>
      <trkpt lat="54.517945" lon="9.563731">
        <ele>7.427776</ele>
        <time>2021-03-28T10:45:23.000Z</time>
      </trkpt>
      <trkpt lat="54.517936" lon="9.563701">
        <ele>7.398668</ele>
        <time>2021-03-28T10:45:26.000Z</time>
      </trkpt>
      <trkpt lat="54.517929" lon="9.563688">
        <ele>7.383384</ele>
        <time>2021-03-28T10:45:27.000Z</time>
      </trkpt>
      <trkpt lat="54.517926" lon="9.563681">
        <ele>7.375883</ele>
        <time>2021-03-28T10:45:29.000Z</time>
      </trkpt>
      <trkpt lat="54.517920" lon="9.563675">
        <ele>7.365581</ele>
        <time>2021-03-28T10:45:31.000Z</time>
      </trkpt>
      <trkpt lat="54.517907" lon="9.563663">
        <ele>7.343680</ele>
        <time>2021-03-28T10:45:33.000Z</time>
      </trkpt>
      <trkpt lat="54.517880" lon="9.563618">
        <ele>7.287894</ele>
        <time>2021-03-28T10:45:37.000Z</time>
      </trkpt>
      <trkpt lat="54.517880" lon="9.563613">
        <ele>7.283584</ele>
        <time>2021-03-28T10:45:39.000Z</time>
      </trkpt>
      <trkpt lat="54.517876" lon="9.563610">
        <ele>7.277106</ele>
        <time>2021-03-28T10:45:40.000Z</time>
      </trkpt>
      <trkpt lat="54.517864" lon="9.563590">
        <ele>7.252312</ele>
        <time>2021-03-28T10:45:42.000Z</time>
      </trkpt>
      <trkpt lat="54.517847" lon="9.563543">
        <ele>7.204578</ele>
        <time>2021-03-28T10:45:46.000Z</time>
      </trkpt>
      <trkpt lat="54.517828" lon="9.563502">
        <ele>7.159356</ele>
        <time>2021-03-28T10:45:48.000Z</time>
      </trkpt>
      <trkpt lat="54.517821" lon="9.563483">
        <ele>7.139959</ele>
        <time>2021-03-28T10:45:49.000Z</time>
      </trkpt>
      <trkpt lat="54.517816" lon="9.563477">
        <ele>7.130910</ele>
        <time>2021-03-28T10:45:50.000Z</time>
      </trkpt>
      <trkpt lat="54.517789" lon="9.563451">
        <ele>7.084977</ele>
        <time>2021-03-28T10:45:52.000Z</time>
      </trkpt>
      <trkpt lat="54.517738" lon="9.563372">
        <ele>6.983132</ele>
        <time>2021-03-28T10:45:57.000Z</time>
      </trkpt>
      <trkpt lat="54.517693" lon="9.563284">
        <ele>6.882042</ele>
        <time>2021-03-28T10:46:02.000Z</time>
      </trkpt>
      <trkpt lat="54.517679" lon="9.563245">
        <ele>6.842516</ele>
        <time>2021-03-28T10:46:05.000Z</time>
      </trkpt>
      <trkpt lat="54.517648" lon="9.563162">
        <ele>6.757443</ele>
        <time>2021-03-28T10:46:09.000Z</time>
      </trkpt>
      <trkpt lat="54.517634" lon="9.563125">
        <ele>6.719372</ele>
        <time>2021-03-28T10:46:11.000Z</time>
      </trkpt>
      <trkpt lat="54.517617" lon="9.563088">
        <ele>6.678698</ele>
        <time>2021-03-28T10:46:13.000Z</time>
      </trkpt>
      <trkpt lat="54.517609" lon="9.563071">
        <ele>6.659834</ele>
        <time>2021-03-28T10:46:14.000Z</time>
      </trkpt>
      <trkpt lat="54.517596" lon="9.563044">
        <ele>6.629596</ele>
        <time>2021-03-28T10:46:16.000Z</time>
      </trkpt>
      <trkpt lat="54.517569" lon="9.563007">
        <ele>6.578364</ele>
        <time>2021-03-28T10:46:19.000Z</time>
      </trkpt>
      <trkpt lat="54.517561" lon="9.563000">
        <ele>6.565040</ele>
        <time>2021-03-28T10:46:20.000Z</time>
      </trkpt>
      <trkpt lat="54.517542" lon="9.562952">
        <ele>6.514961</ele>
        <time>2021-03-28T10:46:24.000Z</time>
      </trkpt>
      <trkpt lat="54.517529" lon="9.562916">
        <ele>6.478415</ele>
        <time>2021-03-28T10:46:26.000Z</time>
      </trkpt>
      <trkpt lat="54.517492" lon="9.562842">
        <ele>6.394228</ele>
        <time>2021-03-28T10:46:31.000Z</time>
      </trkpt>
      <trkpt lat="54.517483" lon="9.562826">
        <ele>6.375023</ele>
        <time>2021-03-28T10:46:32.000Z</time>
      </trkpt>
      <trkpt lat="54.517436" lon="9.562760">
        <ele>6.284981</ele>
        <time>2021-03-28T10:46:36.000Z</time>
      </trkpt>
      <trkpt lat="54.517422" lon="9.562736">
        <ele>6.255652</ele>
        <time>2021-03-28T10:46:38.000Z</time>
      </trkpt>
      <trkpt lat="54.517407" lon="9.562701">
        <ele>6.218151</ele>
        <time>2021-03-28T10:46:40.000Z</time>
      </trkpt>
      <trkpt lat="54.517365" lon="9.562617">
        <ele>6.122587</ele>
        <time>2021-03-28T10:46:44.000Z</time>
      </trkpt>
      <trkpt lat="54.517308" lon="9.562499">
        <ele>5.990262</ele>
        <time>2021-03-28T10:46:49.000Z</time>
      </trkpt>
      <trkpt lat="54.517253" lon="9.562414">
        <ele>5.880540</ele>
        <time>2021-03-28T10:46:53.000Z</time>
      </trkpt>
      <trkpt lat="54.517238" lon="9.562398">
        <ele>5.854342</ele>
        <time>2021-03-28T10:46:55.000Z</time>
      </trkpt>
      <trkpt lat="54.517237" lon="9.562396">
        <ele>5.852066</ele>
        <time>2021-03-28T10:46:56.000Z</time>
      </trkpt>
      <trkpt lat="54.517230" lon="9.562359">
        <ele>5.818522</ele>
        <time>2021-03-28T10:47:03.000Z</time>
      </trkpt>
      <trkpt lat="54.517214" lon="9.562331">
        <ele>5.784654</ele>
        <time>2021-03-28T10:47:05.000Z</time>
      </trkpt>
      <trkpt lat="54.517195" lon="9.562297">
        <ele>5.743973</ele>
        <time>2021-03-28T10:47:07.000Z</time>
      </trkpt>
      <trkpt lat="54.517172" lon="9.562219">
        <ele>5.668561</ele>
        <time>2021-03-28T10:47:11.000Z</time>
      </trkpt>
      <trkpt lat="54.517138" lon="9.562163">
        <ele>5.598710</ele>
        <time>2021-03-28T10:47:14.000Z</time>
      </trkpt>
      <trkpt lat="54.517091" lon="9.562098">
        <ele>5.509209</ele>
        <time>2021-03-28T10:47:18.000Z</time>
      </trkpt>
      <trkpt lat="54.517051" lon="9.562044">
        <ele>5.433745</ele>
        <time>2021-03-28T10:47:22.000Z</time>
      </trkpt>
      <trkpt lat="54.517046" lon="9.561995">
        <ele>5.390860</ele>
        <time>2021-03-28T10:47:24.000Z</time>
      </trkpt>
      <trkpt lat="54.516994" lon="9.561846">
        <ele>5.335454</ele>
        <time>2021-03-28T10:47:32.000Z</time>
      </trkpt>
      <trkpt lat="54.516936" lon="9.561686">
        <ele>5.378233</ele>
        <time>2021-03-28T10:47:38.000Z</time>
      </trkpt>
      <trkpt lat="54.516899" lon="9.561540">
        <ele>5.414360</ele>
        <time>2021-03-28T10:47:44.000Z</time>
      </trkpt>
      <trkpt lat="54.516892" lon="9.561517">
        <ele>5.420250</ele>
        <time>2021-03-28T10:47:45.000Z</time>
      </trkpt>
      <trkpt lat="54.516876" lon="9.561441">
        <ele>5.438584</ele>
        <time>2021-03-28T10:47:49.000Z</time>
      </trkpt>
      <trkpt lat="54.516866" lon="9.561399">
        <ele>5.448878</ele>
        <time>2021-03-28T10:47:51.000Z</time>
      </trkpt>
      <trkpt lat="54.516848" lon="9.561350">
        <ele>5.462029</ele>
        <time>2021-03-28T10:47:54.000Z</time>
      </trkpt>
      <trkpt lat="54.516837" lon="9.561290">
        <ele>5.476298</ele>
        <time>2021-03-28T10:47:57.000Z</time>
      </trkpt>
      <trkpt lat="54.516818" lon="9.561185">
        <ele>5.501240</ele>
        <time>2021-03-28T10:48:02.000Z</time>
      </trkpt>
      <trkpt lat="54.516813" lon="9.561159">
        <ele>5.507452</ele>
        <time>2021-03-28T10:48:03.000Z</time>
      </trkpt>
      <trkpt lat="54.516809" lon="9.561109">
        <ele>5.518898</ele>
        <time>2021-03-28T10:48:05.000Z</time>
      </trkpt>
      <trkpt lat="54.516794" lon="9.561042">
        <ele>5.535183</ele>
        <time>2021-03-28T10:48:08.000Z</time>
      </trkpt>
      <trkpt lat="54.516796" lon="9.561025">
        <ele>5.539117</ele>
        <time>2021-03-28T10:48:09.000Z</time>
      </trkpt>
      <trkpt lat="54.516787" lon="9.560921">
        <ele>5.562963</ele>
        <time>2021-03-28T10:48:14.000Z</time>
      </trkpt>
      <trkpt lat="54.516737" lon="9.560800">
        <ele>5.596646</ele>
        <time>2021-03-28T10:48:20.000Z</time>
      </trkpt>
      <trkpt lat="54.516728" lon="9.560780">
        <ele>5.602385</ele>
        <time>2021-03-28T10:48:21.000Z</time>
      </trkpt>
      <trkpt lat="54.516722" lon="9.560762">
        <ele>5.607092</ele>
        <time>2021-03-28T10:48:22.000Z</time>
      </trkpt>
      <trkpt lat="54.516724" lon="9.560712">
        <ele>5.618458</ele>
        <time>2021-03-28T10:48:24.000Z</time>
      </trkpt>
      <trkpt lat="54.516731" lon="9.560671">
        <ele>5.628150</ele>
        <time>2021-03-28T10:48:26.000Z</time>
      </trkpt>
      <trkpt lat="54.516709" lon="9.560535">
        <ele>5.660167</ele>
        <time>2021-03-28T10:48:32.000Z</time>
      </trkpt>
      <trkpt lat="54.516691" lon="9.560400">
        <ele>5.691580</ele>
        <time>2021-03-28T10:48:38.000Z</time>
      </trkpt>
      <trkpt lat="54.516680" lon="9.560379">
        <ele>5.697995</ele>
        <time>2021-03-28T10:48:40.000Z</time>
      </trkpt>
      <trkpt lat="54.516658" lon="9.560347">
        <ele>5.709244</ele>
        <time>2021-03-28T10:48:42.000Z</time>
      </trkpt>
      <trkpt lat="54.516648" lon="9.560312">
        <ele>5.718090</ele>
        <time>2021-03-28T10:48:44.000Z</time>
      </trkpt>
      <trkpt lat="54.516632" lon="9.560239">
        <ele>5.735786</ele>
        <time>2021-03-28T10:48:48.000Z</time>
      </trkpt>
      <trkpt lat="54.516624" lon="9.560193">
        <ele>5.746676</ele>
        <time>2021-03-28T10:48:50.000Z</time>
      </trkpt>
      <trkpt lat="54.516616" lon="9.560170">
        <ele>5.752757</ele>
        <time>2021-03-28T10:48:51.000Z</time>
      </trkpt>
      <trkpt lat="54.516614" lon="9.560149">
        <ele>5.757583</ele>
        <time>2021-03-28T10:48:52.000Z</time>
      </trkpt>
      <trkpt lat="54.516608" lon="9.560099">
        <ele>5.769162</ele>
        <time>2021-03-28T10:48:54.000Z</time>
      </trkpt>
      <trkpt lat="54.516605" lon="9.560033">
        <ele>5.784175</ele>
        <time>2021-03-28T10:48:57.000Z</time>
      </trkpt>
      <trkpt lat="54.516556" lon="9.559905">
        <ele>5.818947</ele>
        <time>2021-03-28T10:49:03.000Z</time>
      </trkpt>
      <trkpt lat="54.516509" lon="9.559845">
        <ele>5.841802</ele>
        <time>2021-03-28T10:49:09.000Z</time>
      </trkpt>
      <trkpt lat="54.516487" lon="9.559809">
        <ele>5.853656</ele>
        <time>2021-03-28T10:49:11.000Z</time>
      </trkpt>
      <trkpt lat="54.516489" lon="9.559782">
        <ele>5.859829</ele>
        <time>2021-03-28T10:49:12.000Z</time>
      </trkpt>
      <trkpt lat="54.516500" lon="9.559740">
        <ele>5.870278</ele>
        <time>2021-03-28T10:49:14.000Z</time>
      </trkpt>
      <trkpt lat="54.516492" lon="9.559672">
        <ele>5.886013</ele>
        <time>2021-03-28T10:49:17.000Z</time>
      </trkpt>
      <trkpt lat="54.516494" lon="9.559625">
        <ele>5.896700</ele>
        <time>2021-03-28T10:49:19.000Z</time>
      </trkpt>
      <trkpt lat="54.516488" lon="9.559605">
        <ele>5.901806</ele>
        <time>2021-03-28T10:49:20.000Z</time>
      </trkpt>
      <trkpt lat="54.516475" lon="9.559560">
        <ele>5.913205</ele>
        <time>2021-03-28T10:49:22.000Z</time>
      </trkpt>
      <trkpt lat="54.516472" lon="9.559543">
        <ele>5.917235</ele>
        <time>2021-03-28T10:49:23.000Z</time>
      </trkpt>
      <trkpt lat="54.516469" lon="9.559490">
        <ele>5.929311</ele>
        <time>2021-03-28T10:49:26.000Z</time>
      </trkpt>
      <trkpt lat="54.516467" lon="9.559471">
        <ele>5.933690</ele>
        <time>2021-03-28T10:49:27.000Z</time>
      </trkpt>
      <trkpt lat="54.516453" lon="9.559385">
        <ele>5.953946</ele>
        <time>2021-03-28T10:49:31.000Z</time>
      </trkpt>
      <trkpt lat="54.516449" lon="9.559368">
        <ele>5.958106</ele>
        <time>2021-03-28T10:49:32.000Z</time>
      </trkpt>
      <trkpt lat="54.516445" lon="9.559289">
        <ele>5.976090</ele>
        <time>2021-03-28T10:49:36.000Z</time>
      </trkpt>
      <trkpt lat="54.516442" lon="9.559274">
        <ele>5.979688</ele>
        <time>2021-03-28T10:49:37.000Z</time>
      </trkpt>
      <trkpt lat="54.516433" lon="9.559226">
        <ele>5.991127</ele>
        <time>2021-03-28T10:49:40.000Z</time>
      </trkpt>
      <trkpt lat="54.516434" lon="9.559185">
        <ele>6.000433</ele>
        <time>2021-03-28T10:49:42.000Z</time>
      </trkpt>
      <trkpt lat="54.516412" lon="9.559097">
        <ele>6.040838</ele>
        <time>2021-03-28T10:49:46.000Z</time>
      </trkpt>
      <trkpt lat="54.516410" lon="9.559073">
        <ele>6.074270</ele>
        <time>2021-03-28T10:49:47.000Z</time>
      </trkpt>
      <trkpt lat="54.516386" lon="9.558987">
        <ele>6.205848</ele>
        <time>2021-03-28T10:49:52.000Z</time>
      </trkpt>
      <trkpt lat="54.516386" lon="9.558968">
        <ele>6.232047</ele>
        <time>2021-03-28T10:49:53.000Z</time>
      </trkpt>
      <trkpt lat="54.516371" lon="9.558942">
        <ele>6.282594</ele>
        <time>2021-03-28T10:49:54.000Z</time>
      </trkpt>
      <trkpt lat="54.516368" lon="9.558921">
        <ele>6.312414</ele>
        <time>2021-03-28T10:49:55.000Z</time>
      </trkpt>
      <trkpt lat="54.516370" lon="9.558861">
        <ele>6.395284</ele>
        <time>2021-03-28T10:49:57.000Z</time>
      </trkpt>
      <trkpt lat="54.516376" lon="9.558841">
        <ele>6.426328</ele>
        <time>2021-03-28T10:49:58.000Z</time>
      </trkpt>
      <trkpt lat="54.516365" lon="9.558779">
        <ele>6.515723</ele>
        <time>2021-03-28T10:50:01.000Z</time>
      </trkpt>
      <trkpt lat="54.516336" lon="9.558730">
        <ele>6.612216</ele>
        <time>2021-03-28T10:50:03.000Z</time>
      </trkpt>
      <trkpt lat="54.516282" lon="9.558626">
        <ele>6.804621</ele>
        <time>2021-03-28T10:50:07.000Z</time>
      </trkpt>
      <trkpt lat="54.516278" lon="9.558613">
        <ele>6.824909</ele>
        <time>2021-03-28T10:50:08.000Z</time>
      </trkpt>
      <trkpt lat="54.516271" lon="9.558581">
        <ele>6.872063</ele>
        <time>2021-03-28T10:50:10.000Z</time>
      </trkpt>
      <trkpt lat="54.516265" lon="9.558568">
        <ele>6.894965</ele>
        <time>2021-03-28T10:50:11.000Z</time>
      </trkpt>
      <trkpt lat="54.516267" lon="9.558553">
        <ele>6.916187</ele>
        <time>2021-03-28T10:50:12.000Z</time>
      </trkpt>
      <trkpt lat="54.516269" lon="9.558514">
        <ele>6.970173</ele>
        <time>2021-03-28T10:50:14.000Z</time>
      </trkpt>
      <trkpt lat="54.516254" lon="9.558465">
        <ele>7.046559</ele>
        <time>2021-03-28T10:50:17.000Z</time>
      </trkpt>
      <trkpt lat="54.516243" lon="9.558422">
        <ele>7.111354</ele>
        <time>2021-03-28T10:50:20.000Z</time>
      </trkpt>
      <trkpt lat="54.516234" lon="9.558363">
        <ele>7.195472</ele>
        <time>2021-03-28T10:50:23.000Z</time>
      </trkpt>
      <trkpt lat="54.516210" lon="9.558326">
        <ele>7.271978</ele>
        <time>2021-03-28T10:50:25.000Z</time>
      </trkpt>
      <trkpt lat="54.516193" lon="9.558298">
        <ele>7.327849</ele>
        <time>2021-03-28T10:50:26.000Z</time>
      </trkpt>
      <trkpt lat="54.516181" lon="9.558221">
        <ele>7.437784</ele>
        <time>2021-03-28T10:50:29.000Z</time>
      </trkpt>
      <trkpt lat="54.516179" lon="9.558138">
        <ele>7.552331</ele>
        <time>2021-03-28T10:50:33.000Z</time>
      </trkpt>
      <trkpt lat="54.516149" lon="9.558059">
        <ele>7.682504</ele>
        <time>2021-03-28T10:50:37.000Z</time>
      </trkpt>
      <trkpt lat="54.516144" lon="9.558042">
        <ele>7.708783</ele>
        <time>2021-03-28T10:50:38.000Z</time>
      </trkpt>
      <trkpt lat="54.516141" lon="9.558021">
        <ele>7.738604</ele>
        <time>2021-03-28T10:50:39.000Z</time>
      </trkpt>
      <trkpt lat="54.516142" lon="9.557999">
        <ele>7.769033</ele>
        <time>2021-03-28T10:50:40.000Z</time>
      </trkpt>
      <trkpt lat="54.516133" lon="9.557914">
        <ele>7.888173</ele>
        <time>2021-03-28T10:50:45.000Z</time>
      </trkpt>
      <trkpt lat="54.516101" lon="9.557868">
        <ele>7.987177</ele>
        <time>2021-03-28T10:50:48.000Z</time>
      </trkpt>
      <trkpt lat="54.516107" lon="9.557831">
        <ele>8.040150</ele>
        <time>2021-03-28T10:50:51.000Z</time>
      </trkpt>
      <trkpt lat="54.516078" lon="9.557711">
        <ele>8.219385</ele>
        <time>2021-03-28T10:50:57.000Z</time>
      </trkpt>
      <trkpt lat="54.516069" lon="9.557684">
        <ele>8.262318</ele>
        <time>2021-03-28T10:50:59.000Z</time>
      </trkpt>
      <trkpt lat="54.516054" lon="9.557650">
        <ele>8.321204</ele>
        <time>2021-03-28T10:51:01.000Z</time>
      </trkpt>
      <trkpt lat="54.516041" lon="9.557611">
        <ele>8.383218</ele>
        <time>2021-03-28T10:51:03.000Z</time>
      </trkpt>
      <trkpt lat="54.516026" lon="9.557521">
        <ele>8.512333</ele>
        <time>2021-03-28T10:51:07.000Z</time>
      </trkpt>
      <trkpt lat="54.516039" lon="9.557467">
        <ele>8.592944</ele>
        <time>2021-03-28T10:51:09.000Z</time>
      </trkpt>
      <trkpt lat="54.516037" lon="9.557442">
        <ele>8.627742</ele>
        <time>2021-03-28T10:51:10.000Z</time>
      </trkpt>
      <trkpt lat="54.516021" lon="9.557353">
        <ele>8.756216</ele>
        <time>2021-03-28T10:51:14.000Z</time>
      </trkpt>
      <trkpt lat="54.516016" lon="9.557296">
        <ele>8.835706</ele>
        <time>2021-03-28T10:51:16.000Z</time>
      </trkpt>
      <trkpt lat="54.516023" lon="9.557273">
        <ele>8.871516</ele>
        <time>2021-03-28T10:51:17.000Z</time>
      </trkpt>
      <trkpt lat="54.516030" lon="9.557220">
        <ele>8.946466</ele>
        <time>2021-03-28T10:51:19.000Z</time>
      </trkpt>
      <trkpt lat="54.516035" lon="9.557197">
        <ele>8.980332</ele>
        <time>2021-03-28T10:51:20.000Z</time>
      </trkpt>
      <trkpt lat="54.516028" lon="9.557157">
        <ele>9.037940</ele>
        <time>2021-03-28T10:51:22.000Z</time>
      </trkpt>
      <trkpt lat="54.516001" lon="9.557109">
        <ele>9.130105</ele>
        <time>2021-03-28T10:51:24.000Z</time>
      </trkpt>
      <trkpt lat="54.515990" lon="9.557074">
        <ele>9.184987</ele>
        <time>2021-03-28T10:51:26.000Z</time>
      </trkpt>
      <trkpt lat="54.515975" lon="9.557030">
        <ele>9.255348</ele>
        <time>2021-03-28T10:51:29.000Z</time>
      </trkpt>
      <trkpt lat="54.515969" lon="9.557007">
        <ele>9.290119</ele>
        <time>2021-03-28T10:51:30.000Z</time>
      </trkpt>
      <trkpt lat="54.515959" lon="9.556956">
        <ele>9.364347</ele>
        <time>2021-03-28T10:51:32.000Z</time>
      </trkpt>
      <trkpt lat="54.515927" lon="9.556868">
        <ele>9.507534</ele>
        <time>2021-03-28T10:51:37.000Z</time>
      </trkpt>
      <trkpt lat="54.515922" lon="9.556852">
        <ele>9.532591</ele>
        <time>2021-03-28T10:51:38.000Z</time>
      </trkpt>
      <trkpt lat="54.515917" lon="9.556835">
        <ele>9.558870</ele>
        <time>2021-03-28T10:51:39.000Z</time>
      </trkpt>
      <trkpt lat="54.515910" lon="9.556769">
        <ele>9.651384</ele>
        <time>2021-03-28T10:51:42.000Z</time>
      </trkpt>
      <trkpt lat="54.515903" lon="9.556753">
        <ele>9.679011</ele>
        <time>2021-03-28T10:51:43.000Z</time>
      </trkpt>
      <trkpt lat="54.515896" lon="9.556734">
        <ele>9.710042</ele>
        <time>2021-03-28T10:51:44.000Z</time>
      </trkpt>
      <trkpt lat="54.515868" lon="9.556635">
        <ele>9.861896</ele>
        <time>2021-03-28T10:51:48.000Z</time>
      </trkpt>
      <trkpt lat="54.515853" lon="9.556583">
        <ele>9.941965</ele>
        <time>2021-03-28T10:51:50.000Z</time>
      </trkpt>
      <trkpt lat="54.515844" lon="9.556546">
        <ele>9.997283</ele>
        <time>2021-03-28T10:51:52.000Z</time>
      </trkpt>
      <trkpt lat="54.515839" lon="9.556514">
        <ele>10.042979</ele>
        <time>2021-03-28T10:51:54.000Z</time>
      </trkpt>
      <trkpt lat="54.515843" lon="9.556388">
        <ele>10.216981</ele>
        <time>2021-03-28T10:52:00.000Z</time>
      </trkpt>
      <trkpt lat="54.515830" lon="9.556370">
        <ele>10.256601</ele>
        <time>2021-03-28T10:52:01.000Z</time>
      </trkpt>
      <trkpt lat="54.515827" lon="9.556354">
        <ele>10.279786</ele>
        <time>2021-03-28T10:52:03.000Z</time>
      </trkpt>
      <trkpt lat="54.515821" lon="9.556330">
        <ele>10.358407</ele>
        <time>2021-03-28T10:52:05.000Z</time>
      </trkpt>
      <trkpt lat="54.515820" lon="9.556311">
        <ele>10.430083</ele>
        <time>2021-03-28T10:52:06.000Z</time>
      </trkpt>
      <trkpt lat="54.515795" lon="9.556211">
        <ele>10.839147</ele>
        <time>2021-03-28T10:52:12.000Z</time>
      </trkpt>
      <trkpt lat="54.515792" lon="9.556194">
        <ele>10.905902</ele>
        <time>2021-03-28T10:52:13.000Z</time>
      </trkpt>
      <trkpt lat="54.515788" lon="9.556114">
        <ele>11.207576</ele>
        <time>2021-03-28T10:52:17.000Z</time>
      </trkpt>
      <trkpt lat="54.515788" lon="9.556070">
        <ele>11.372885</ele>
        <time>2021-03-28T10:52:19.000Z</time>
      </trkpt>
      <trkpt lat="54.515787" lon="9.556047">
        <ele>11.459538</ele>
        <time>2021-03-28T10:52:20.000Z</time>
      </trkpt>
      <trkpt lat="54.515793" lon="9.555982">
        <ele>11.706813</ele>
        <time>2021-03-28T10:52:23.000Z</time>
      </trkpt>
      <trkpt lat="54.515791" lon="9.555933">
        <ele>11.891361</ele>
        <time>2021-03-28T10:52:26.000Z</time>
      </trkpt>
      <trkpt lat="54.515793" lon="9.555920">
        <ele>11.941888</ele>
        <time>2021-03-28T10:52:27.000Z</time>
      </trkpt>
      <trkpt lat="54.515804" lon="9.555863">
        <ele>12.167562</ele>
        <time>2021-03-28T10:52:31.000Z</time>
      </trkpt>
      <trkpt lat="54.515794" lon="9.555833">
        <ele>12.297534</ele>
        <time>2021-03-28T10:52:34.000Z</time>
      </trkpt>
      <trkpt lat="54.515786" lon="9.555812">
        <ele>12.391905</ele>
        <time>2021-03-28T10:52:36.000Z</time>
      </trkpt>
      <trkpt lat="54.515756" lon="9.555750">
        <ele>12.695154</ele>
        <time>2021-03-28T10:52:39.000Z</time>
      </trkpt>
      <trkpt lat="54.515726" lon="9.555695">
        <ele>12.978702</ele>
        <time>2021-03-28T10:52:41.000Z</time>
      </trkpt>
      <trkpt lat="54.515714" lon="9.555682">
        <ele>13.070450</ele>
        <time>2021-03-28T10:52:42.000Z</time>
      </trkpt>
      <trkpt lat="54.515676" lon="9.555649">
        <ele>13.345879</ele>
        <time>2021-03-28T10:52:46.000Z</time>
      </trkpt>
      <trkpt lat="54.515682" lon="9.555643">
        <ele>13.390781</ele>
        <time>2021-03-28T10:52:47.000Z</time>
      </trkpt>
      <trkpt lat="54.515742" lon="9.555568">
        <ele>13.870576</ele>
        <time>2021-03-28T10:52:51.000Z</time>
      </trkpt>
      <trkpt lat="54.515752" lon="9.555533">
        <ele>14.017137</ele>
        <time>2021-03-28T10:52:53.000Z</time>
      </trkpt>
      <trkpt lat="54.515737" lon="9.555469">
        <ele>14.276446</ele>
        <time>2021-03-28T10:52:56.000Z</time>
      </trkpt>
      <trkpt lat="54.515728" lon="9.555427">
        <ele>14.444649</ele>
        <time>2021-03-28T10:52:58.000Z</time>
      </trkpt>
      <trkpt lat="54.515733" lon="9.555397">
        <ele>14.561913</ele>
        <time>2021-03-28T10:53:00.000Z</time>
      </trkpt>
      <trkpt lat="54.515726" lon="9.555357">
        <ele>14.718875</ele>
        <time>2021-03-28T10:53:02.000Z</time>
      </trkpt>
      <trkpt lat="54.515717" lon="9.555313">
        <ele>14.894147</ele>
        <time>2021-03-28T10:53:04.000Z</time>
      </trkpt>
      <trkpt lat="54.515710" lon="9.555245">
        <ele>15.153610</ele>
        <time>2021-03-28T10:53:08.000Z</time>
      </trkpt>
      <trkpt lat="54.515709" lon="9.555224">
        <ele>15.232773</ele>
        <time>2021-03-28T10:53:09.000Z</time>
      </trkpt>
      <trkpt lat="54.515717" lon="9.555191">
        <ele>15.367132</ele>
        <time>2021-03-28T10:53:11.000Z</time>
      </trkpt>
      <trkpt lat="54.515729" lon="9.555154">
        <ele>15.526368</ele>
        <time>2021-03-28T10:53:13.000Z</time>
      </trkpt>
      <trkpt lat="54.515709" lon="9.555081">
        <ele>15.829643</ele>
        <time>2021-03-28T10:53:15.000Z</time>
      </trkpt>
      <trkpt lat="54.515670" lon="9.554965">
        <ele>16.333280</ele>
        <time>2021-03-28T10:53:21.000Z</time>
      </trkpt>
      <trkpt lat="54.515675" lon="9.554956">
        <ele>16.380083</ele>
        <time>2021-03-28T10:53:22.000Z</time>
      </trkpt>
      <trkpt lat="54.515682" lon="9.554942">
        <ele>16.449504</ele>
        <time>2021-03-28T10:53:23.000Z</time>
      </trkpt>
      <trkpt lat="54.515685" lon="9.554831">
        <ele>16.866985</ele>
        <time>2021-03-28T10:53:28.000Z</time>
      </trkpt>
      <trkpt lat="54.515699" lon="9.554759">
        <ele>17.152264</ele>
        <time>2021-03-28T10:53:31.000Z</time>
      </trkpt>
      <trkpt lat="54.515699" lon="9.554704">
        <ele>17.358900</ele>
        <time>2021-03-28T10:53:33.000Z</time>
      </trkpt>
      <trkpt lat="54.515703" lon="9.554659">
        <ele>17.529937</ele>
        <time>2021-03-28T10:53:35.000Z</time>
      </trkpt>
      <trkpt lat="54.515715" lon="9.554586">
        <ele>17.814985</ele>
        <time>2021-03-28T10:53:38.000Z</time>
      </trkpt>
      <trkpt lat="54.515728" lon="9.554498">
        <ele>18.156141</ele>
        <time>2021-03-28T10:53:42.000Z</time>
      </trkpt>
      <trkpt lat="54.515717" lon="9.554421">
        <ele>18.454063</ele>
        <time>2021-03-28T10:53:46.000Z</time>
      </trkpt>
      <trkpt lat="54.515726" lon="9.554387">
        <ele>18.594457</ele>
        <time>2021-03-28T10:53:48.000Z</time>
      </trkpt>
      <trkpt lat="54.515729" lon="9.554370">
        <ele>18.661212</ele>
        <time>2021-03-28T10:53:49.000Z</time>
      </trkpt>
      <trkpt lat="54.515732" lon="9.554357">
        <ele>18.713772</ele>
        <time>2021-03-28T10:53:50.000Z</time>
      </trkpt>
      <trkpt lat="54.515752" lon="9.554310">
        <ele>18.932716</ele>
        <time>2021-03-28T10:53:53.000Z</time>
      </trkpt>
      <trkpt lat="54.515724" lon="9.554255">
        <ele>19.207562</ele>
        <time>2021-03-28T10:53:55.000Z</time>
      </trkpt>
      <trkpt lat="54.515717" lon="9.554216">
        <ele>19.360930</ele>
        <time>2021-03-28T10:53:59.000Z</time>
      </trkpt>
      <trkpt lat="54.515741" lon="9.554205">
        <ele>19.521669</ele>
        <time>2021-03-28T10:54:01.000Z</time>
      </trkpt>
      <trkpt lat="54.515779" lon="9.554184">
        <ele>19.779960</ele>
        <time>2021-03-28T10:54:04.000Z</time>
      </trkpt>
      <trkpt lat="54.515785" lon="9.554183">
        <ele>19.818975</ele>
        <time>2021-03-28T10:54:05.000Z</time>
      </trkpt>
      <trkpt lat="54.515800" lon="9.554173">
        <ele>19.923075</ele>
        <time>2021-03-28T10:54:07.000Z</time>
      </trkpt>
      <trkpt lat="54.515828" lon="9.554154">
        <ele>20.117851</ele>
        <time>2021-03-28T10:54:10.000Z</time>
      </trkpt>
      <trkpt lat="54.515835" lon="9.554141">
        <ele>20.184469</ele>
        <time>2021-03-28T10:54:11.000Z</time>
      </trkpt>
      <trkpt lat="54.515824" lon="9.554107">
        <ele>20.330708</ele>
        <time>2021-03-28T10:54:13.000Z</time>
      </trkpt>
      <trkpt lat="54.515828" lon="9.554093">
        <ele>20.389333</ele>
        <time>2021-03-28T10:54:16.000Z</time>
      </trkpt>
      <trkpt lat="54.515824" lon="9.554087">
        <ele>20.423660</ele>
        <time>2021-03-28T10:54:17.000Z</time>
      </trkpt>
      <trkpt lat="54.515822" lon="9.554073">
        <ele>20.477828</ele>
        <time>2021-03-28T10:54:18.000Z</time>
      </trkpt>
      <trkpt lat="54.515819" lon="9.553992">
        <ele>20.782765</ele>
        <time>2021-03-28T10:54:22.000Z</time>
      </trkpt>
      <trkpt lat="54.515817" lon="9.553954">
        <ele>20.926117</ele>
        <time>2021-03-28T10:54:24.000Z</time>
      </trkpt>
      <trkpt lat="54.515833" lon="9.553879">
        <ele>21.226319</ele>
        <time>2021-03-28T10:54:28.000Z</time>
      </trkpt>
      <trkpt lat="54.515869" lon="9.553732">
        <ele>21.825739</ele>
        <time>2021-03-28T10:54:36.000Z</time>
      </trkpt>
      <trkpt lat="54.515856" lon="9.553603">
        <ele>22.110252</ele>
        <time>2021-03-28T10:54:42.000Z</time>
      </trkpt>
      <trkpt lat="54.515854" lon="9.553588">
        <ele>22.136945</ele>
        <time>2021-03-28T10:54:43.000Z</time>
      </trkpt>
      <trkpt lat="54.515859" lon="9.553567">
        <ele>22.176310</ele>
        <time>2021-03-28T10:54:44.000Z</time>
      </trkpt>
      <trkpt lat="54.515869" lon="9.553476">
        <ele>22.336936</ele>
        <time>2021-03-28T10:54:48.000Z</time>
      </trkpt>
      <trkpt lat="54.515873" lon="9.553437">
        <ele>22.405622</ele>
        <time>2021-03-28T10:54:50.000Z</time>
      </trkpt>
      <trkpt lat="54.515876" lon="9.553398">
        <ele>22.473851</ele>
        <time>2021-03-28T10:54:53.000Z</time>
      </trkpt>
      <trkpt lat="54.515875" lon="9.553380">
        <ele>22.505211</ele>
        <time>2021-03-28T10:54:54.000Z</time>
      </trkpt>
      <trkpt lat="54.515891" lon="9.553227">
        <ele>22.774833</ele>
        <time>2021-03-28T10:55:01.000Z</time>
      </trkpt>
      <trkpt lat="54.515887" lon="9.553179">
        <ele>22.858934</ele>
        <time>2021-03-28T10:55:03.000Z</time>
      </trkpt>
      <trkpt lat="54.515878" lon="9.553119">
        <ele>22.966411</ele>
        <time>2021-03-28T10:55:05.000Z</time>
      </trkpt>
      <trkpt lat="54.515885" lon="9.553100">
        <ele>23.005439</ele>
        <time>2021-03-28T10:55:06.000Z</time>
      </trkpt>
      <trkpt lat="54.515893" lon="9.552934">
        <ele>23.294326</ele>
        <time>2021-03-28T10:55:12.000Z</time>
      </trkpt>
      <trkpt lat="54.515886" lon="9.552921">
        <ele>23.325079</ele>
        <time>2021-03-28T10:55:13.000Z</time>
      </trkpt>
      <trkpt lat="54.515889" lon="9.552912">
        <ele>23.343078</ele>
        <time>2021-03-28T10:55:14.000Z</time>
      </trkpt>
      <trkpt lat="54.515898" lon="9.552837">
        <ele>23.475902</ele>
        <time>2021-03-28T10:55:18.000Z</time>
      </trkpt>
      <trkpt lat="54.515898" lon="9.552816">
        <ele>23.512322</ele>
        <time>2021-03-28T10:55:19.000Z</time>
      </trkpt>
      <trkpt lat="54.515895" lon="9.552799">
        <ele>23.543138</ele>
        <time>2021-03-28T10:55:20.000Z</time>
      </trkpt>
      <trkpt lat="54.515902" lon="9.552767">
        <ele>23.602446</ele>
        <time>2021-03-28T10:55:22.000Z</time>
      </trkpt>
      <trkpt lat="54.515908" lon="9.552748">
        <ele>23.639958</ele>
        <time>2021-03-28T10:55:23.000Z</time>
      </trkpt>
      <trkpt lat="54.515926" lon="9.552686">
        <ele>23.760185</ele>
        <time>2021-03-28T10:55:26.000Z</time>
      </trkpt>
      <trkpt lat="54.515975" lon="9.552563">
        <ele>24.018909</ele>
        <time>2021-03-28T10:55:32.000Z</time>
      </trkpt>
      <trkpt lat="54.515982" lon="9.552546">
        <ele>24.055057</ele>
        <time>2021-03-28T10:55:33.000Z</time>
      </trkpt>
      <trkpt lat="54.516005" lon="9.552371">
        <ele>24.366243</ele>
        <time>2021-03-28T10:55:40.000Z</time>
      </trkpt>
      <trkpt lat="54.516009" lon="9.552351">
        <ele>24.402930</ele>
        <time>2021-03-28T10:55:41.000Z</time>
      </trkpt>
      <trkpt lat="54.516002" lon="9.552303">
        <ele>24.488764</ele>
        <time>2021-03-28T10:55:43.000Z</time>
      </trkpt>
      <trkpt lat="54.516003" lon="9.552264">
        <ele>24.556468</ele>
        <time>2021-03-28T10:55:45.000Z</time>
      </trkpt>
      <trkpt lat="54.516006" lon="9.552199">
        <ele>24.669554</ele>
        <time>2021-03-28T10:55:48.000Z</time>
      </trkpt>
      <trkpt lat="54.516011" lon="9.552138">
        <ele>24.776396</ele>
        <time>2021-03-28T10:55:51.000Z</time>
      </trkpt>
      <trkpt lat="54.516014" lon="9.552121">
        <ele>24.807212</ele>
        <time>2021-03-28T10:55:52.000Z</time>
      </trkpt>
      <trkpt lat="54.516064" lon="9.551992">
        <ele>25.076228</ele>
        <time>2021-03-28T10:55:58.000Z</time>
      </trkpt>
      <trkpt lat="54.516101" lon="9.551875">
        <ele>25.307300</ele>
        <time>2021-03-28T10:56:04.000Z</time>
      </trkpt>
      <trkpt lat="54.516123" lon="9.551767">
        <ele>25.505804</ele>
        <time>2021-03-28T10:56:10.000Z</time>
      </trkpt>
      <trkpt lat="54.516128" lon="9.551698">
        <ele>25.626400</ele>
        <time>2021-03-28T10:56:13.000Z</time>
      </trkpt>
      <trkpt lat="54.516166" lon="9.551622">
        <ele>25.800362</ele>
        <time>2021-03-28T10:56:17.000Z</time>
      </trkpt>
      <trkpt lat="54.516192" lon="9.551506">
        <ele>26.016018</ele>
        <time>2021-03-28T10:56:24.000Z</time>
      </trkpt>
      <trkpt lat="54.516203" lon="9.551434">
        <ele>26.145140</ele>
        <time>2021-03-28T10:56:28.000Z</time>
      </trkpt>
      <trkpt lat="54.516196" lon="9.551360">
        <ele>26.275171</ele>
        <time>2021-03-28T10:56:32.000Z</time>
      </trkpt>
      <trkpt lat="54.516208" lon="9.551315">
        <ele>26.361056</ele>
        <time>2021-03-28T10:56:40.000Z</time>
      </trkpt>
      <trkpt lat="54.516214" lon="9.551344">
        <ele>26.414450</ele>
        <time>2021-03-28T10:56:47.000Z</time>
      </trkpt>
      <trkpt lat="54.516215" lon="9.551349">
        <ele>26.423622</ele>
        <time>2021-03-28T10:56:49.000Z</time>
      </trkpt>
      <trkpt lat="54.516222" lon="9.551330">
        <ele>26.462650</ele>
        <time>2021-03-28T10:56:52.000Z</time>
      </trkpt>
      <trkpt lat="54.516244" lon="9.551174">
        <ele>26.741071</ele>
        <time>2021-03-28T10:57:01.000Z</time>
      </trkpt>
      <trkpt lat="54.516257" lon="9.551135">
        <ele>26.819068</ele>
        <time>2021-03-28T10:57:04.000Z</time>
      </trkpt>
      <trkpt lat="54.516258" lon="9.551114">
        <ele>26.855610</ele>
        <time>2021-03-28T10:57:05.000Z</time>
      </trkpt>
      <trkpt lat="54.516274" lon="9.551048">
        <ele>26.979655</ele>
        <time>2021-03-28T10:57:08.000Z</time>
      </trkpt>
      <trkpt lat="54.516293" lon="9.550976">
        <ele>27.116822</ele>
        <time>2021-03-28T10:57:12.000Z</time>
      </trkpt>
      <trkpt lat="54.516301" lon="9.550927">
        <ele>27.205100</ele>
        <time>2021-03-28T10:57:15.000Z</time>
      </trkpt>
      <trkpt lat="54.516312" lon="9.550895">
        <ele>27.269599</ele>
        <time>2021-03-28T10:57:17.000Z</time>
      </trkpt>
      <trkpt lat="54.516335" lon="9.550831">
        <ele>27.242985</ele>
        <time>2021-03-28T10:57:20.000Z</time>
      </trkpt>
      <trkpt lat="54.516358" lon="9.550790">
        <ele>27.176259</ele>
        <time>2021-03-28T10:57:22.000Z</time>
      </trkpt>
      <trkpt lat="54.516368" lon="9.550715">
        <ele>27.086203</ele>
        <time>2021-03-28T10:57:25.000Z</time>
      </trkpt>
      <trkpt lat="54.516376" lon="9.550613">
        <ele>26.965750</ele>
        <time>2021-03-28T10:57:29.000Z</time>
      </trkpt>
      <trkpt lat="54.516381" lon="9.550485">
        <ele>26.815617</ele>
        <time>2021-03-28T10:57:35.000Z</time>
      </trkpt>
      <trkpt lat="54.516381" lon="9.550428">
        <ele>26.748911</ele>
        <time>2021-03-28T10:57:36.000Z</time>
      </trkpt>
      <trkpt lat="54.516384" lon="9.550412">
        <ele>26.729234</ele>
        <time>2021-03-28T10:57:37.000Z</time>
      </trkpt>
      <trkpt lat="54.516379" lon="9.550325">
        <ele>26.626923</ele>
        <time>2021-03-28T10:57:41.000Z</time>
      </trkpt>
      <trkpt lat="54.516375" lon="9.550306">
        <ele>26.603270</ele>
        <time>2021-03-28T10:57:42.000Z</time>
      </trkpt>
      <trkpt lat="54.516376" lon="9.550269">
        <ele>26.559923</ele>
        <time>2021-03-28T10:57:44.000Z</time>
      </trkpt>
      <trkpt lat="54.516369" lon="9.550181">
        <ele>26.455977</ele>
        <time>2021-03-28T10:57:48.000Z</time>
      </trkpt>
      <trkpt lat="54.516364" lon="9.550164">
        <ele>26.433674</ele>
        <time>2021-03-28T10:57:49.000Z</time>
      </trkpt>
      <trkpt lat="54.516364" lon="9.550104">
        <ele>26.363458</ele>
        <time>2021-03-28T10:57:52.000Z</time>
      </trkpt>
      <trkpt lat="54.516380" lon="9.550054">
        <ele>26.296642</ele>
        <time>2021-03-28T10:57:54.000Z</time>
      </trkpt>
      <trkpt lat="54.516387" lon="9.550033">
        <ele>26.268302</ele>
        <time>2021-03-28T10:57:55.000Z</time>
      </trkpt>
      <trkpt lat="54.516403" lon="9.549993">
        <ele>26.211453</ele>
        <time>2021-03-28T10:57:57.000Z</time>
      </trkpt>
      <trkpt lat="54.516405" lon="9.549915">
        <ele>26.120083</ele>
        <time>2021-03-28T10:58:00.000Z</time>
      </trkpt>
      <trkpt lat="54.516402" lon="9.549893">
        <ele>26.093636</ele>
        <time>2021-03-28T10:58:01.000Z</time>
      </trkpt>
      <trkpt lat="54.516404" lon="9.549869">
        <ele>26.065262</ele>
        <time>2021-03-28T10:58:02.000Z</time>
      </trkpt>
      <trkpt lat="54.516409" lon="9.549722">
        <ele>25.892936</ele>
        <time>2021-03-28T10:58:08.000Z</time>
      </trkpt>
      <trkpt lat="54.516421" lon="9.549679">
        <ele>25.837101</ele>
        <time>2021-03-28T10:58:10.000Z</time>
      </trkpt>
      <trkpt lat="54.516437" lon="9.549613">
        <ele>25.753398</ele>
        <time>2021-03-28T10:58:14.000Z</time>
      </trkpt>
      <trkpt lat="54.516446" lon="9.549572">
        <ele>25.702101</ele>
        <time>2021-03-28T10:58:16.000Z</time>
      </trkpt>
      <trkpt lat="54.516450" lon="9.549496">
        <ele>25.612795</ele>
        <time>2021-03-28T10:58:19.000Z</time>
      </trkpt>
      <trkpt lat="54.516447" lon="9.549375">
        <ele>25.471063</ele>
        <time>2021-03-28T10:58:25.000Z</time>
      </trkpt>
      <trkpt lat="54.516484" lon="9.549200">
        <ele>25.253104</ele>
        <time>2021-03-28T10:58:32.000Z</time>
      </trkpt>
      <trkpt lat="54.516476" lon="9.549149">
        <ele>25.191279</ele>
        <time>2021-03-28T10:58:35.000Z</time>
      </trkpt>
      <trkpt lat="54.516472" lon="9.549070">
        <ele>25.098477</ele>
        <time>2021-03-28T10:58:38.000Z</time>
      </trkpt>
      <trkpt lat="54.516474" lon="9.548958">
        <ele>24.967345</ele>
        <time>2021-03-28T10:58:44.000Z</time>
      </trkpt>
      <trkpt lat="54.516468" lon="9.548946">
        <ele>24.948810</ele>
        <time>2021-03-28T10:58:45.000Z</time>
      </trkpt>
      <trkpt lat="54.516466" lon="9.548932">
        <ele>24.931937</ele>
        <time>2021-03-28T10:58:46.000Z</time>
      </trkpt>
      <trkpt lat="54.516445" lon="9.548800">
        <ele>24.771765</ele>
        <time>2021-03-28T10:58:51.000Z</time>
      </trkpt>
      <trkpt lat="54.516467" lon="9.548598">
        <ele>24.531245</ele>
        <time>2021-03-28T10:59:00.000Z</time>
      </trkpt>
      <trkpt lat="54.516473" lon="9.548555">
        <ele>24.479490</ele>
        <time>2021-03-28T10:59:02.000Z</time>
      </trkpt>
      <trkpt lat="54.516480" lon="9.548422">
        <ele>24.323206</ele>
        <time>2021-03-28T10:59:07.000Z</time>
      </trkpt>
      <trkpt lat="54.516485" lon="9.548398">
        <ele>24.293365</ele>
        <time>2021-03-28T10:59:08.000Z</time>
      </trkpt>
      <trkpt lat="54.516489" lon="9.548366">
        <ele>24.255058</ele>
        <time>2021-03-28T10:59:10.000Z</time>
      </trkpt>
      <trkpt lat="54.516497" lon="9.548331">
        <ele>24.211037</ele>
        <time>2021-03-28T10:59:12.000Z</time>
      </trkpt>
      <trkpt lat="54.516501" lon="9.548294">
        <ele>24.166993</ele>
        <time>2021-03-28T10:59:14.000Z</time>
      </trkpt>
      <trkpt lat="54.516501" lon="9.548246">
        <ele>24.110820</ele>
        <time>2021-03-28T10:59:16.000Z</time>
      </trkpt>
      <trkpt lat="54.516493" lon="9.548095">
        <ele>23.933375</ele>
        <time>2021-03-28T10:59:22.000Z</time>
      </trkpt>
      <trkpt lat="54.516491" lon="9.548068">
        <ele>23.901521</ele>
        <time>2021-03-28T10:59:23.000Z</time>
      </trkpt>
      <trkpt lat="54.516473" lon="9.547980">
        <ele>23.792331</ele>
        <time>2021-03-28T10:59:26.000Z</time>
      </trkpt>
      <trkpt lat="54.516447" lon="9.547856">
        <ele>23.616319</ele>
        <time>2021-03-28T10:59:31.000Z</time>
      </trkpt>
      <trkpt lat="54.516441" lon="9.547817">
        <ele>23.544720</ele>
        <time>2021-03-28T10:59:33.000Z</time>
      </trkpt>
      <trkpt lat="54.516433" lon="9.547753">
        <ele>23.428542</ele>
        <time>2021-03-28T10:59:35.000Z</time>
      </trkpt>
      <trkpt lat="54.516434" lon="9.547704">
        <ele>23.341533</ele>
        <time>2021-03-28T10:59:37.000Z</time>
      </trkpt>
      <trkpt lat="54.516435" lon="9.547630">
        <ele>23.210177</ele>
        <time>2021-03-28T10:59:40.000Z</time>
      </trkpt>
      <trkpt lat="54.516453" lon="9.547549">
        <ele>23.056261</ele>
        <time>2021-03-28T10:59:44.000Z</time>
      </trkpt>
      <trkpt lat="54.516438" lon="9.547509">
        <ele>22.971752</ele>
        <time>2021-03-28T10:59:45.000Z</time>
      </trkpt>
      <trkpt lat="54.516472" lon="9.547368">
        <ele>22.700802</ele>
        <time>2021-03-28T10:59:52.000Z</time>
      </trkpt>
      <trkpt lat="54.516521" lon="9.547266">
        <ele>22.465845</ele>
        <time>2021-03-28T10:59:59.000Z</time>
      </trkpt>
      <trkpt lat="54.516569" lon="9.547175">
        <ele>22.247642</ele>
        <time>2021-03-28T11:00:04.000Z</time>
      </trkpt>
      <trkpt lat="54.516591" lon="9.547136">
        <ele>22.151135</ele>
        <time>2021-03-28T11:00:07.000Z</time>
      </trkpt>
      <trkpt lat="54.516621" lon="9.547063">
        <ele>21.992410</ele>
        <time>2021-03-28T11:00:11.000Z</time>
      </trkpt>
      <trkpt lat="54.516644" lon="9.547009">
        <ele>21.873552</ele>
        <time>2021-03-28T11:00:13.000Z</time>
      </trkpt>
      <trkpt lat="54.516705" lon="9.546932">
        <ele>21.642361</ele>
        <time>2021-03-28T11:00:19.000Z</time>
      </trkpt>
      <trkpt lat="54.516719" lon="9.546898">
        <ele>21.568386</ele>
        <time>2021-03-28T11:00:21.000Z</time>
      </trkpt>
      <trkpt lat="54.516720" lon="9.546860">
        <ele>21.500882</ele>
        <time>2021-03-28T11:00:23.000Z</time>
      </trkpt>
      <trkpt lat="54.516723" lon="9.546842">
        <ele>21.467649</ele>
        <time>2021-03-28T11:00:24.000Z</time>
      </trkpt>
      <trkpt lat="54.516728" lon="9.546825">
        <ele>21.433829</ele>
        <time>2021-03-28T11:00:25.000Z</time>
      </trkpt>
      <trkpt lat="54.516745" lon="9.546795">
        <ele>21.359429</ele>
        <time>2021-03-28T11:00:28.000Z</time>
      </trkpt>
      <trkpt lat="54.516749" lon="9.546789">
        <ele>21.343215</ele>
        <time>2021-03-28T11:00:29.000Z</time>
      </trkpt>
      <trkpt lat="54.516755" lon="9.546768">
        <ele>21.301678</ele>
        <time>2021-03-28T11:00:31.000Z</time>
      </trkpt>
      <trkpt lat="54.516772" lon="9.546733">
        <ele>21.220692</ele>
        <time>2021-03-28T11:00:33.000Z</time>
      </trkpt>
      <trkpt lat="54.516792" lon="9.546702">
        <ele>21.138443</ele>
        <time>2021-03-28T11:00:36.000Z</time>
      </trkpt>
      <trkpt lat="54.516797" lon="9.546697">
        <ele>21.120768</ele>
        <time>2021-03-28T11:00:37.000Z</time>
      </trkpt>
      <trkpt lat="54.516850" lon="9.546667">
        <ele>20.950216</ele>
        <time>2021-03-28T11:00:41.000Z</time>
      </trkpt>
      <trkpt lat="54.516865" lon="9.546657">
        <ele>20.901044</ele>
        <time>2021-03-28T11:00:42.000Z</time>
      </trkpt>
      <trkpt lat="54.516875" lon="9.546654">
        <ele>20.870012</ele>
        <time>2021-03-28T11:00:43.000Z</time>
      </trkpt>
      <trkpt lat="54.516887" lon="9.546649">
        <ele>20.832268</ele>
        <time>2021-03-28T11:00:44.000Z</time>
      </trkpt>
      <trkpt lat="54.516948" lon="9.546606">
        <ele>20.630772</ele>
        <time>2021-03-28T11:00:49.000Z</time>
      </trkpt>
      <trkpt lat="54.517052" lon="9.546525">
        <ele>20.281843</ele>
        <time>2021-03-28T11:00:58.000Z</time>
      </trkpt>
      <trkpt lat="54.517095" lon="9.546476">
        <ele>20.124228</ele>
        <time>2021-03-28T11:01:02.000Z</time>
      </trkpt>
      <trkpt lat="54.517105" lon="9.546461">
        <ele>20.083692</ele>
        <time>2021-03-28T11:01:03.000Z</time>
      </trkpt>
      <trkpt lat="54.517122" lon="9.546410">
        <ele>19.979327</ele>
        <time>2021-03-28T11:01:06.000Z</time>
      </trkpt>
      <trkpt lat="54.517150" lon="9.546335">
        <ele>19.821083</ele>
        <time>2021-03-28T11:01:10.000Z</time>
      </trkpt>
      <trkpt lat="54.517174" lon="9.546282">
        <ele>19.701796</ele>
        <time>2021-03-28T11:01:13.000Z</time>
      </trkpt>
      <trkpt lat="54.517178" lon="9.546148">
        <ele>19.463689</ele>
        <time>2021-03-28T11:01:19.000Z</time>
      </trkpt>
      <trkpt lat="54.517178" lon="9.546130">
        <ele>19.431747</ele>
        <time>2021-03-28T11:01:20.000Z</time>
      </trkpt>
      <trkpt lat="54.517178" lon="9.546115">
        <ele>19.405129</ele>
        <time>2021-03-28T11:01:21.000Z</time>
      </trkpt>
      <trkpt lat="54.517201" lon="9.546035">
        <ele>19.246704</ele>
        <time>2021-03-28T11:01:26.000Z</time>
      </trkpt>
      <trkpt lat="54.517213" lon="9.545997">
        <ele>19.169937</ele>
        <time>2021-03-28T11:01:28.000Z</time>
      </trkpt>
      <trkpt lat="54.517229" lon="9.545931">
        <ele>19.043011</ele>
        <time>2021-03-28T11:01:31.000Z</time>
      </trkpt>
      <trkpt lat="54.517223" lon="9.545909">
        <ele>18.999876</ele>
        <time>2021-03-28T11:01:32.000Z</time>
      </trkpt>
      <trkpt lat="54.517215" lon="9.545774">
        <ele>18.759064</ele>
        <time>2021-03-28T11:01:38.000Z</time>
      </trkpt>
      <trkpt lat="54.517217" lon="9.545709">
        <ele>18.643555</ele>
        <time>2021-03-28T11:01:41.000Z</time>
      </trkpt>
      <trkpt lat="54.517215" lon="9.545645">
        <ele>18.529819</ele>
        <time>2021-03-28T11:01:45.000Z</time>
      </trkpt>
      <trkpt lat="54.517221" lon="9.545598">
        <ele>18.444421</ele>
        <time>2021-03-28T11:01:47.000Z</time>
      </trkpt>
      <trkpt lat="54.517232" lon="9.545485">
        <ele>18.241094</ele>
        <time>2021-03-28T11:01:53.000Z</time>
      </trkpt>
      <trkpt lat="54.517220" lon="9.545442">
        <ele>18.133707</ele>
        <time>2021-03-28T11:01:55.000Z</time>
      </trkpt>
      <trkpt lat="54.517217" lon="9.545377">
        <ele>17.912376</ele>
        <time>2021-03-28T11:01:58.000Z</time>
      </trkpt>
      <trkpt lat="54.517213" lon="9.545354">
        <ele>17.830877</ele>
        <time>2021-03-28T11:01:59.000Z</time>
      </trkpt>
      <trkpt lat="54.517187" lon="9.545260">
        <ele>17.477434</ele>
        <time>2021-03-28T11:02:03.000Z</time>
      </trkpt>
      <trkpt lat="54.517171" lon="9.545210">
        <ele>17.283633</ele>
        <time>2021-03-28T11:02:05.000Z</time>
      </trkpt>
      <trkpt lat="54.517155" lon="9.545169">
        <ele>17.115936</ele>
        <time>2021-03-28T11:02:07.000Z</time>
      </trkpt>
      <trkpt lat="54.517131" lon="9.545143">
        <ele>16.950149</ele>
        <time>2021-03-28T11:02:09.000Z</time>
      </trkpt>
      <trkpt lat="54.517098" lon="9.545118">
        <ele>16.739339</ele>
        <time>2021-03-28T11:02:12.000Z</time>
      </trkpt>
      <trkpt lat="54.517078" lon="9.545111">
        <ele>16.619996</ele>
        <time>2021-03-28T11:02:14.000Z</time>
      </trkpt>
      <trkpt lat="54.517061" lon="9.545109">
        <ele>16.520353</ele>
        <time>2021-03-28T11:02:17.000Z</time>
      </trkpt>
      <trkpt lat="54.517055" lon="9.545103">
        <ele>16.479784</ele>
        <time>2021-03-28T11:02:18.000Z</time>
      </trkpt>
      <trkpt lat="54.517042" lon="9.545091">
        <ele>16.393538</ele>
        <time>2021-03-28T11:02:20.000Z</time>
      </trkpt>
      <trkpt lat="54.517034" lon="9.545087">
        <ele>16.344826</ele>
        <time>2021-03-28T11:02:21.000Z</time>
      </trkpt>
      <trkpt lat="54.517025" lon="9.545079">
        <ele>16.285604</ele>
        <time>2021-03-28T11:02:22.000Z</time>
      </trkpt>
      <trkpt lat="54.516985" lon="9.545039">
        <ele>16.015144</ele>
        <time>2021-03-28T11:02:26.000Z</time>
      </trkpt>
      <trkpt lat="54.516971" lon="9.545009">
        <ele>15.884484</ele>
        <time>2021-03-28T11:02:29.000Z</time>
      </trkpt>
      <trkpt lat="54.516971" lon="9.545001">
        <ele>15.857329</ele>
        <time>2021-03-28T11:02:31.000Z</time>
      </trkpt>
      <trkpt lat="54.516984" lon="9.544982">
        <ele>15.757636</ele>
        <time>2021-03-28T11:02:34.000Z</time>
      </trkpt>
      <trkpt lat="54.517007" lon="9.544919">
        <ele>15.505011</ele>
        <time>2021-03-28T11:02:38.000Z</time>
      </trkpt>
      <trkpt lat="54.517021" lon="9.544881">
        <ele>15.352236</ele>
        <time>2021-03-28T11:02:40.000Z</time>
      </trkpt>
      <trkpt lat="54.517057" lon="9.544774">
        <ele>14.932437</ele>
        <time>2021-03-28T11:02:46.000Z</time>
      </trkpt>
      <trkpt lat="54.517075" lon="9.544733">
        <ele>14.757945</ele>
        <time>2021-03-28T11:02:49.000Z</time>
      </trkpt>
      <trkpt lat="54.517084" lon="9.544715">
        <ele>14.677304</ele>
        <time>2021-03-28T11:02:50.000Z</time>
      </trkpt>
      <trkpt lat="54.517095" lon="9.544672">
        <ele>14.517800</ele>
        <time>2021-03-28T11:02:52.000Z</time>
      </trkpt>
      <trkpt lat="54.517096" lon="9.544593">
        <ele>14.249581</ele>
        <time>2021-03-28T11:02:56.000Z</time>
      </trkpt>
      <trkpt lat="54.517091" lon="9.544557">
        <ele>14.123934</ele>
        <time>2021-03-28T11:02:58.000Z</time>
      </trkpt>
      <trkpt lat="54.517088" lon="9.544498">
        <ele>13.922899</ele>
        <time>2021-03-28T11:03:01.000Z</time>
      </trkpt>
      <trkpt lat="54.517067" lon="9.544431">
        <ele>13.664438</ele>
        <time>2021-03-28T11:03:04.000Z</time>
      </trkpt>
      <trkpt lat="54.517060" lon="9.544342">
        <ele>13.359578</ele>
        <time>2021-03-28T11:03:08.000Z</time>
      </trkpt>
      <trkpt lat="54.517053" lon="9.544279">
        <ele>13.141850</ele>
        <time>2021-03-28T11:03:11.000Z</time>
      </trkpt>
      <trkpt lat="54.517050" lon="9.544225">
        <ele>12.957715</ele>
        <time>2021-03-28T11:03:14.000Z</time>
      </trkpt>
      <trkpt lat="54.517051" lon="9.544159">
        <ele>12.733610</ele>
        <time>2021-03-28T11:03:17.000Z</time>
      </trkpt>
      <trkpt lat="54.517040" lon="9.544116">
        <ele>12.574106</ele>
        <time>2021-03-28T11:03:19.000Z</time>
      </trkpt>
      <trkpt lat="54.517035" lon="9.544095">
        <ele>12.497060</ele>
        <time>2021-03-28T11:03:20.000Z</time>
      </trkpt>
      <trkpt lat="54.517031" lon="9.544072">
        <ele>12.415561</ele>
        <time>2021-03-28T11:03:21.000Z</time>
      </trkpt>
      <trkpt lat="54.517024" lon="9.544027">
        <ele>12.257424</ele>
        <time>2021-03-28T11:03:23.000Z</time>
      </trkpt>
      <trkpt lat="54.517025" lon="9.544013">
        <ele>12.209544</ele>
        <time>2021-03-28T11:03:24.000Z</time>
      </trkpt>
      <trkpt lat="54.517020" lon="9.543959">
        <ele>12.023930</ele>
        <time>2021-03-28T11:03:27.000Z</time>
      </trkpt>
      <trkpt lat="54.517009" lon="9.543897">
        <ele>11.803867</ele>
        <time>2021-03-28T11:03:30.000Z</time>
      </trkpt>
      <trkpt lat="54.516990" lon="9.543821">
        <ele>11.522985</ele>
        <time>2021-03-28T11:03:33.000Z</time>
      </trkpt>
      <trkpt lat="54.516968" lon="9.543743">
        <ele>11.228622</ele>
        <time>2021-03-28T11:03:36.000Z</time>
      </trkpt>
      <trkpt lat="54.516966" lon="9.543718">
        <ele>11.142960</ele>
        <time>2021-03-28T11:03:37.000Z</time>
      </trkpt>
      <trkpt lat="54.516951" lon="9.543659">
        <ele>10.924324</ele>
        <time>2021-03-28T11:03:40.000Z</time>
      </trkpt>
      <trkpt lat="54.516956" lon="9.543604">
        <ele>10.735357</ele>
        <time>2021-03-28T11:03:42.000Z</time>
      </trkpt>
      <trkpt lat="54.516971" lon="9.543579">
        <ele>10.613311</ele>
        <time>2021-03-28T11:03:43.000Z</time>
      </trkpt>
      <trkpt lat="54.516985" lon="9.543441">
        <ele>10.137785</ele>
        <time>2021-03-28T11:03:50.000Z</time>
      </trkpt>
      <trkpt lat="54.516983" lon="9.543419">
        <ele>10.062198</ele>
        <time>2021-03-28T11:03:51.000Z</time>
      </trkpt>
      <trkpt lat="54.516959" lon="9.543347">
        <ele>9.780372</ele>
        <time>2021-03-28T11:03:54.000Z</time>
      </trkpt>
      <trkpt lat="54.516953" lon="9.543298">
        <ele>9.610386</ele>
        <time>2021-03-28T11:03:56.000Z</time>
      </trkpt>
      <trkpt lat="54.516954" lon="9.543275">
        <ele>9.532097</ele>
        <time>2021-03-28T11:03:57.000Z</time>
      </trkpt>
      <trkpt lat="54.516942" lon="9.543154">
        <ele>9.115424</ele>
        <time>2021-03-28T11:04:02.000Z</time>
      </trkpt>
      <trkpt lat="54.516938" lon="9.543129">
        <ele>9.027400</ele>
        <time>2021-03-28T11:04:03.000Z</time>
      </trkpt>
      <trkpt lat="54.516927" lon="9.543032">
        <ele>8.691919</ele>
        <time>2021-03-28T11:04:07.000Z</time>
      </trkpt>
      <trkpt lat="54.516923" lon="9.543010">
        <ele>8.613665</ele>
        <time>2021-03-28T11:04:08.000Z</time>
      </trkpt>
      <trkpt lat="54.516920" lon="9.542972">
        <ele>8.483491</ele>
        <time>2021-03-28T11:04:10.000Z</time>
      </trkpt>
      <trkpt lat="54.516874" lon="9.542874">
        <ele>8.055688</ele>
        <time>2021-03-28T11:04:14.000Z</time>
      </trkpt>
      <trkpt lat="54.516878" lon="9.542833">
        <ele>7.914566</ele>
        <time>2021-03-28T11:04:16.000Z</time>
      </trkpt>
      <trkpt lat="54.516875" lon="9.542757">
        <ele>7.661850</ele>
        <time>2021-03-28T11:04:19.000Z</time>
      </trkpt>
      <trkpt lat="54.516889" lon="9.542664">
        <ele>7.595954</ele>
        <time>2021-03-28T11:04:23.000Z</time>
      </trkpt>
      <trkpt lat="54.516917" lon="9.542513">
        <ele>7.487233</ele>
        <time>2021-03-28T11:04:31.000Z</time>
      </trkpt>
      <trkpt lat="54.516920" lon="9.542459">
        <ele>7.450027</ele>
        <time>2021-03-28T11:04:34.000Z</time>
      </trkpt>
      <trkpt lat="54.516919" lon="9.542414">
        <ele>7.419141</ele>
        <time>2021-03-28T11:04:36.000Z</time>
      </trkpt>
      <trkpt lat="54.516927" lon="9.542394">
        <ele>7.402482</ele>
        <time>2021-03-28T11:04:37.000Z</time>
      </trkpt>
      <trkpt lat="54.516955" lon="9.542233">
        <ele>7.287209</ele>
        <time>2021-03-28T11:04:43.000Z</time>
      </trkpt>
      <trkpt lat="54.516977" lon="9.542111">
        <ele>7.199589</ele>
        <time>2021-03-28T11:04:48.000Z</time>
      </trkpt>
      <trkpt lat="54.516979" lon="9.542040">
        <ele>7.150836</ele>
        <time>2021-03-28T11:04:51.000Z</time>
      </trkpt>
      <trkpt lat="54.516976" lon="9.541907">
        <ele>7.059547</ele>
        <time>2021-03-28T11:04:57.000Z</time>
      </trkpt>
      <trkpt lat="54.516968" lon="9.541839">
        <ele>7.011960</ele>
        <time>2021-03-28T11:05:00.000Z</time>
      </trkpt>
      <trkpt lat="54.516962" lon="9.541783">
        <ele>6.972903</ele>
        <time>2021-03-28T11:05:03.000Z</time>
      </trkpt>
      <trkpt lat="54.516992" lon="9.541712">
        <ele>6.912672</ele>
        <time>2021-03-28T11:05:07.000Z</time>
      </trkpt>
      <trkpt lat="54.517001" lon="9.541667">
        <ele>6.880028</ele>
        <time>2021-03-28T11:05:09.000Z</time>
      </trkpt>
      <trkpt lat="54.517030" lon="9.541520">
        <ele>6.773542</ele>
        <time>2021-03-28T11:05:16.000Z</time>
      </trkpt>
      <trkpt lat="54.517030" lon="9.541513">
        <ele>6.768741</ele>
        <time>2021-03-28T11:05:17.000Z</time>
      </trkpt>
      <trkpt lat="54.517047" lon="9.541480">
        <ele>6.738480</ele>
        <time>2021-03-28T11:05:19.000Z</time>
      </trkpt>
      <trkpt lat="54.517067" lon="9.541477">
        <ele>6.714759</ele>
        <time>2021-03-28T11:05:22.000Z</time>
      </trkpt>
      <trkpt lat="54.517072" lon="9.541480">
        <ele>6.708503</ele>
        <time>2021-03-28T11:05:23.000Z</time>
      </trkpt>
      <trkpt lat="54.517074" lon="9.541480">
        <ele>6.706140</ele>
        <time>2021-03-28T11:05:24.000Z</time>
      </trkpt>
      <trkpt lat="54.517083" lon="9.541479">
        <ele>6.695484</ele>
        <time>2021-03-28T11:05:25.000Z</time>
      </trkpt>
      <trkpt lat="54.517095" lon="9.541471">
        <ele>6.680280</ele>
        <time>2021-03-28T11:05:26.000Z</time>
      </trkpt>
      <trkpt lat="54.517190" lon="9.541470">
        <ele>6.568028</ele>
        <time>2021-03-28T11:05:34.000Z</time>
      </trkpt>
      <trkpt lat="54.517196" lon="9.541466">
        <ele>6.560426</ele>
        <time>2021-03-28T11:05:35.000Z</time>
      </trkpt>
      <trkpt lat="54.517215" lon="9.541467">
        <ele>6.537966</ele>
        <time>2021-03-28T11:05:37.000Z</time>
      </trkpt>
      <trkpt lat="54.517264" lon="9.541481">
        <ele>6.479278</ele>
        <time>2021-03-28T11:05:41.000Z</time>
      </trkpt>
      <trkpt lat="54.517284" lon="9.541491">
        <ele>6.454671</ele>
        <time>2021-03-28T11:05:42.000Z</time>
      </trkpt>
      <trkpt lat="54.517344" lon="9.541490">
        <ele>6.383773</ele>
        <time>2021-03-28T11:05:45.000Z</time>
      </trkpt>
      <trkpt lat="54.517373" lon="9.541497">
        <ele>6.349173</ele>
        <time>2021-03-28T11:05:47.000Z</time>
      </trkpt>
      <trkpt lat="54.517386" lon="9.541501">
        <ele>6.333569</ele>
        <time>2021-03-28T11:05:48.000Z</time>
      </trkpt>
      <trkpt lat="54.517400" lon="9.541508">
        <ele>6.316344</ele>
        <time>2021-03-28T11:05:49.000Z</time>
      </trkpt>
      <trkpt lat="54.517462" lon="9.541521">
        <ele>6.242546</ele>
        <time>2021-03-28T11:05:54.000Z</time>
      </trkpt>
      <trkpt lat="54.517484" lon="9.541502">
        <ele>6.213468</ele>
        <time>2021-03-28T11:05:57.000Z</time>
      </trkpt>
      <trkpt lat="54.517491" lon="9.541498">
        <ele>6.204754</ele>
        <time>2021-03-28T11:05:58.000Z</time>
      </trkpt>
      <trkpt lat="54.517498" lon="9.541488">
        <ele>6.194009</ele>
        <time>2021-03-28T11:06:00.000Z</time>
      </trkpt>
      <trkpt lat="54.517499" lon="9.541484">
        <ele>6.191022</ele>
        <time>2021-03-28T11:06:01.000Z</time>
      </trkpt>
      <trkpt lat="54.517583" lon="9.541455">
        <ele>6.089796</ele>
        <time>2021-03-28T11:06:08.000Z</time>
      </trkpt>
      <trkpt lat="54.517595" lon="9.541433">
        <ele>6.069091</ele>
        <time>2021-03-28T11:06:10.000Z</time>
      </trkpt>
      <trkpt lat="54.517651" lon="9.541450">
        <ele>6.001903</ele>
        <time>2021-03-28T11:06:14.000Z</time>
      </trkpt>
      <trkpt lat="54.517662" lon="9.541456">
        <ele>5.988270</ele>
        <time>2021-03-28T11:06:15.000Z</time>
      </trkpt>
      <trkpt lat="54.517700" lon="9.541464">
        <ele>5.943036</ele>
        <time>2021-03-28T11:06:19.000Z</time>
      </trkpt>
      <trkpt lat="54.517746" lon="9.541465">
        <ele>5.888679</ele>
        <time>2021-03-28T11:06:22.000Z</time>
      </trkpt>
      <trkpt lat="54.517818" lon="9.541474">
        <ele>5.803382</ele>
        <time>2021-03-28T11:06:27.000Z</time>
      </trkpt>
      <trkpt lat="54.517859" lon="9.541478">
        <ele>5.754859</ele>
        <time>2021-03-28T11:06:30.000Z</time>
      </trkpt>
      <trkpt lat="54.517890" lon="9.541481">
        <ele>5.718173</ele>
        <time>2021-03-28T11:06:32.000Z</time>
      </trkpt>
      <trkpt lat="54.517908" lon="9.541484">
        <ele>5.696805</ele>
        <time>2021-03-28T11:06:33.000Z</time>
      </trkpt>
      <trkpt lat="54.517961" lon="9.541479">
        <ele>5.634088</ele>
        <time>2021-03-28T11:06:37.000Z</time>
      </trkpt>
      <trkpt lat="54.517974" lon="9.541477">
        <ele>5.618666</ele>
        <time>2021-03-28T11:06:38.000Z</time>
      </trkpt>
      <trkpt lat="54.518020" lon="9.541441">
        <ele>5.558968</ele>
        <time>2021-03-28T11:06:42.000Z</time>
      </trkpt>
      <trkpt lat="54.518033" lon="9.541434">
        <ele>5.542875</ele>
        <time>2021-03-28T11:06:43.000Z</time>
      </trkpt>
      <trkpt lat="54.518054" lon="9.541412">
        <ele>5.613687</ele>
        <time>2021-03-28T11:06:44.000Z</time>
      </trkpt>
      <trkpt lat="54.518086" lon="9.541395">
        <ele>5.736974</ele>
        <time>2021-03-28T11:06:48.000Z</time>
      </trkpt>
      <trkpt lat="54.518121" lon="9.541340">
        <ele>5.911383</ele>
        <time>2021-03-28T11:06:53.000Z</time>
      </trkpt>
      <trkpt lat="54.518133" lon="9.541339">
        <ele>5.955614</ele>
        <time>2021-03-28T11:06:54.000Z</time>
      </trkpt>
      <trkpt lat="54.518149" lon="9.541335">
        <ele>6.015137</ele>
        <time>2021-03-28T11:06:56.000Z</time>
      </trkpt>
      <trkpt lat="54.518159" lon="9.541275">
        <ele>6.148537</ele>
        <time>2021-03-28T11:06:59.000Z</time>
      </trkpt>
      <trkpt lat="54.518178" lon="9.541252">
        <ele>6.234029</ele>
        <time>2021-03-28T11:07:01.000Z</time>
      </trkpt>
      <trkpt lat="54.518233" lon="9.541210">
        <ele>6.455519</ele>
        <time>2021-03-28T11:07:05.000Z</time>
      </trkpt>
      <trkpt lat="54.518244" lon="9.541211">
        <ele>6.496073</ele>
        <time>2021-03-28T11:07:06.000Z</time>
      </trkpt>
      <trkpt lat="54.518263" lon="9.541211">
        <ele>6.566024</ele>
        <time>2021-03-28T11:07:08.000Z</time>
      </trkpt>
      <trkpt lat="54.518275" lon="9.541214">
        <ele>6.610666</ele>
        <time>2021-03-28T11:07:10.000Z</time>
      </trkpt>
      <trkpt lat="54.518290" lon="9.541217">
        <ele>6.666262</ele>
        <time>2021-03-28T11:07:12.000Z</time>
      </trkpt>
      <trkpt lat="54.518299" lon="9.541219">
        <ele>6.699671</ele>
        <time>2021-03-28T11:07:13.000Z</time>
      </trkpt>
      <trkpt lat="54.518306" lon="9.541225">
        <ele>6.728456</ele>
        <time>2021-03-28T11:07:14.000Z</time>
      </trkpt>
      <trkpt lat="54.518328" lon="9.541245">
        <ele>6.820036</ele>
        <time>2021-03-28T11:07:16.000Z</time>
      </trkpt>
      <trkpt lat="54.518355" lon="9.541253">
        <ele>6.920900</ele>
        <time>2021-03-28T11:07:18.000Z</time>
      </trkpt>
      <trkpt lat="54.518366" lon="9.541259">
        <ele>6.963379</ele>
        <time>2021-03-28T11:07:19.000Z</time>
      </trkpt>
      <trkpt lat="54.518418" lon="9.541282">
        <ele>7.161032</ele>
        <time>2021-03-28T11:07:23.000Z</time>
      </trkpt>
      <trkpt lat="54.518425" lon="9.541287">
        <ele>7.188931</ele>
        <time>2021-03-28T11:07:24.000Z</time>
      </trkpt>
      <trkpt lat="54.518451" lon="9.541320">
        <ele>7.307825</ele>
        <time>2021-03-28T11:07:27.000Z</time>
      </trkpt>
      <trkpt lat="54.518496" lon="9.541341">
        <ele>7.479469</ele>
        <time>2021-03-28T11:07:33.000Z</time>
      </trkpt>
      <trkpt lat="54.518501" lon="9.541338">
        <ele>7.498962</ele>
        <time>2021-03-28T11:07:35.000Z</time>
      </trkpt>
      <trkpt lat="54.518512" lon="9.541347">
        <ele>7.543794</ele>
        <time>2021-03-28T11:07:37.000Z</time>
      </trkpt>
      <trkpt lat="54.518528" lon="9.541352">
        <ele>7.603662</ele>
        <time>2021-03-28T11:07:39.000Z</time>
      </trkpt>
      <trkpt lat="54.518540" lon="9.541361">
        <ele>7.651846</ele>
        <time>2021-03-28T11:07:41.000Z</time>
      </trkpt>
      <trkpt lat="54.518572" lon="9.541372">
        <ele>7.771980</ele>
        <time>2021-03-28T11:07:43.000Z</time>
      </trkpt>
      <trkpt lat="54.518608" lon="9.541409">
        <ele>7.926312</ele>
        <time>2021-03-28T11:07:46.000Z</time>
      </trkpt>
      <trkpt lat="54.518619" lon="9.541419">
        <ele>7.972102</ele>
        <time>2021-03-28T11:07:48.000Z</time>
      </trkpt>
      <trkpt lat="54.518630" lon="9.541416">
        <ele>8.013104</ele>
        <time>2021-03-28T11:07:49.000Z</time>
      </trkpt>
      <trkpt lat="54.518667" lon="9.541446">
        <ele>8.163656</ele>
        <time>2021-03-28T11:07:52.000Z</time>
      </trkpt>
      <trkpt lat="54.518682" lon="9.541458">
        <ele>8.224544</ele>
        <time>2021-03-28T11:07:54.000Z</time>
      </trkpt>
      <trkpt lat="54.518748" lon="9.541499">
        <ele>8.482845</ele>
        <time>2021-03-28T11:08:00.000Z</time>
      </trkpt>
      <trkpt lat="54.518761" lon="9.541503">
        <ele>8.531464</ele>
        <time>2021-03-28T11:08:01.000Z</time>
      </trkpt>
      <trkpt lat="54.518785" lon="9.541516">
        <ele>8.624087</ele>
        <time>2021-03-28T11:08:03.000Z</time>
      </trkpt>
      <trkpt lat="54.518790" lon="9.541520">
        <ele>8.644383</ele>
        <time>2021-03-28T11:08:04.000Z</time>
      </trkpt>
      <trkpt lat="54.518802" lon="9.541520">
        <ele>8.688563</ele>
        <time>2021-03-28T11:08:06.000Z</time>
      </trkpt>
      <trkpt lat="54.518848" lon="9.541515">
        <ele>8.858254</ele>
        <time>2021-03-28T11:08:08.000Z</time>
      </trkpt>
      <trkpt lat="54.518859" lon="9.541515">
        <ele>8.898752</ele>
        <time>2021-03-28T11:08:09.000Z</time>
      </trkpt>
      <trkpt lat="54.518957" lon="9.541546">
        <ele>9.265583</ele>
        <time>2021-03-28T11:08:14.000Z</time>
      </trkpt>
      <trkpt lat="54.518979" lon="9.541542">
        <ele>9.347029</ele>
        <time>2021-03-28T11:08:16.000Z</time>
      </trkpt>
      <trkpt lat="54.519077" lon="9.541574">
        <ele>9.714252</ele>
        <time>2021-03-28T11:08:22.000Z</time>
      </trkpt>
      <trkpt lat="54.519117" lon="9.541604">
        <ele>9.874866</ele>
        <time>2021-03-28T11:08:24.000Z</time>
      </trkpt>
      <trkpt lat="54.519130" lon="9.541610">
        <ele>9.924415</ele>
        <time>2021-03-28T11:08:25.000Z</time>
      </trkpt>
      <trkpt lat="54.519197" lon="9.541662">
        <ele>10.194958</ele>
        <time>2021-03-28T11:08:28.000Z</time>
      </trkpt>
      <trkpt lat="54.519216" lon="9.541677">
        <ele>10.271903</ele>
        <time>2021-03-28T11:08:30.000Z</time>
      </trkpt>
      <trkpt lat="54.519254" lon="9.541686">
        <ele>10.413121</ele>
        <time>2021-03-28T11:08:34.000Z</time>
      </trkpt>
      <trkpt lat="54.519267" lon="9.541688">
        <ele>10.461173</ele>
        <time>2021-03-28T11:08:35.000Z</time>
      </trkpt>
      <trkpt lat="54.519314" lon="9.541714">
        <ele>10.642910</ele>
        <time>2021-03-28T11:08:38.000Z</time>
      </trkpt>
      <trkpt lat="54.519365" lon="9.541713">
        <ele>10.830686</ele>
        <time>2021-03-28T11:08:41.000Z</time>
      </trkpt>
      <trkpt lat="54.519407" lon="9.541720">
        <ele>10.986036</ele>
        <time>2021-03-28T11:08:44.000Z</time>
      </trkpt>
      <trkpt lat="54.519432" lon="9.541727">
        <ele>11.079284</ele>
        <time>2021-03-28T11:08:46.000Z</time>
      </trkpt>
      <trkpt lat="54.519459" lon="9.541734">
        <ele>11.179808</ele>
        <time>2021-03-28T11:08:48.000Z</time>
      </trkpt>
      <trkpt lat="54.519474" lon="9.541747">
        <ele>11.241626</ele>
        <time>2021-03-28T11:08:49.000Z</time>
      </trkpt>
      <trkpt lat="54.519511" lon="9.541771">
        <ele>11.387181</ele>
        <time>2021-03-28T11:08:52.000Z</time>
      </trkpt>
      <trkpt lat="54.519575" lon="9.541779">
        <ele>11.623424</ele>
        <time>2021-03-28T11:08:56.000Z</time>
      </trkpt>
      <trkpt lat="54.519589" lon="9.541780">
        <ele>11.675011</ele>
        <time>2021-03-28T11:08:57.000Z</time>
      </trkpt>
      <trkpt lat="54.519628" lon="9.541793">
        <ele>11.821258</ele>
        <time>2021-03-28T11:09:00.000Z</time>
      </trkpt>
      <trkpt lat="54.519643" lon="9.541799">
        <ele>11.877951</ele>
        <time>2021-03-28T11:09:01.000Z</time>
      </trkpt>
      <trkpt lat="54.519693" lon="9.541831">
        <ele>12.074323</ele>
        <time>2021-03-28T11:09:03.000Z</time>
      </trkpt>
      <trkpt lat="54.519711" lon="9.541848">
        <ele>12.149896</ele>
        <time>2021-03-28T11:09:04.000Z</time>
      </trkpt>
      <trkpt lat="54.519735" lon="9.541874">
        <ele>12.373348</ele>
        <time>2021-03-28T11:09:07.000Z</time>
      </trkpt>
      <trkpt lat="54.519748" lon="9.541881">
        <ele>12.486855</ele>
        <time>2021-03-28T11:09:08.000Z</time>
      </trkpt>
      <trkpt lat="54.519761" lon="9.541889">
        <ele>12.601897</ele>
        <time>2021-03-28T11:09:10.000Z</time>
      </trkpt>
      <trkpt lat="54.519790" lon="9.541906">
        <ele>12.857182</ele>
        <time>2021-03-28T11:09:12.000Z</time>
      </trkpt>
      <trkpt lat="54.519826" lon="9.541915">
        <ele>13.160340</ele>
        <time>2021-03-28T11:09:14.000Z</time>
      </trkpt>
      <trkpt lat="54.519860" lon="9.541928">
        <ele>13.450581</ele>
        <time>2021-03-28T11:09:16.000Z</time>
      </trkpt>
      <trkpt lat="54.519894" lon="9.541940">
        <ele>13.739813</ele>
        <time>2021-03-28T11:09:17.000Z</time>
      </trkpt>
      <trkpt lat="54.519921" lon="9.541952">
        <ele>13.972191</ele>
        <time>2021-03-28T11:09:20.000Z</time>
      </trkpt>
      <trkpt lat="54.519962" lon="9.541983">
        <ele>14.345330</ele>
        <time>2021-03-28T11:09:24.000Z</time>
      </trkpt>
      <trkpt lat="54.520009" lon="9.542000">
        <ele>14.745555</ele>
        <time>2021-03-28T11:09:28.000Z</time>
      </trkpt>
      <trkpt lat="54.520030" lon="9.542000">
        <ele>14.920564</ele>
        <time>2021-03-28T11:09:30.000Z</time>
      </trkpt>
      <trkpt lat="54.520056" lon="9.542020">
        <ele>15.157857</ele>
        <time>2021-03-28T11:09:32.000Z</time>
      </trkpt>
      <trkpt lat="54.520127" lon="9.542060">
        <ele>15.780385</ele>
        <time>2021-03-28T11:09:38.000Z</time>
      </trkpt>
      <trkpt lat="54.520195" lon="9.542094">
        <ele>16.370462</ele>
        <time>2021-03-28T11:09:44.000Z</time>
      </trkpt>
      <trkpt lat="54.520208" lon="9.542098">
        <ele>16.480515</ele>
        <time>2021-03-28T11:09:45.000Z</time>
      </trkpt>
      <trkpt lat="54.520232" lon="9.542099">
        <ele>16.680583</ele>
        <time>2021-03-28T11:09:47.000Z</time>
      </trkpt>
      <trkpt lat="54.520288" lon="9.542104">
        <ele>17.147900</ele>
        <time>2021-03-28T11:09:53.000Z</time>
      </trkpt>
      <trkpt lat="54.520307" lon="9.542104">
        <ele>17.306241</ele>
        <time>2021-03-28T11:09:55.000Z</time>
      </trkpt>
      <trkpt lat="54.520342" lon="9.542065">
        <ele>17.653609</ele>
        <time>2021-03-28T11:09:59.000Z</time>
      </trkpt>
      <trkpt lat="54.520346" lon="9.542055">
        <ele>17.712354</ele>
        <time>2021-03-28T11:10:00.000Z</time>
      </trkpt>
      <trkpt lat="54.520348" lon="9.542047">
        <ele>17.754487</ele>
        <time>2021-03-28T11:10:01.000Z</time>
      </trkpt>
      <trkpt lat="54.520383" lon="9.541984">
        <ele>18.176316</ele>
        <time>2021-03-28T11:10:06.000Z</time>
      </trkpt>
      <trkpt lat="54.520386" lon="9.541973">
        <ele>18.235105</ele>
        <time>2021-03-28T11:10:07.000Z</time>
      </trkpt>
      <trkpt lat="54.520396" lon="9.541965">
        <ele>18.326988</ele>
        <time>2021-03-28T11:10:08.000Z</time>
      </trkpt>
      <trkpt lat="54.520395" lon="9.541934">
        <ele>18.477167</ele>
        <time>2021-03-28T11:10:10.000Z</time>
      </trkpt>
      <trkpt lat="54.520400" lon="9.541881">
        <ele>18.736894</ele>
        <time>2021-03-28T11:10:13.000Z</time>
      </trkpt>
      <trkpt lat="54.520401" lon="9.541875">
        <ele>18.767089</ele>
        <time>2021-03-28T11:10:14.000Z</time>
      </trkpt>
      <trkpt lat="54.520401" lon="9.541852">
        <ele>18.878340</ele>
        <time>2021-03-28T11:10:16.000Z</time>
      </trkpt>
      <trkpt lat="54.520416" lon="9.541819">
        <ele>19.081085</ele>
        <time>2021-03-28T11:10:18.000Z</time>
      </trkpt>
      <trkpt lat="54.520409" lon="9.541798">
        <ele>19.198223</ele>
        <time>2021-03-28T11:10:19.000Z</time>
      </trkpt>
      <trkpt lat="54.520404" lon="9.541780">
        <ele>19.294746</ele>
        <time>2021-03-28T11:10:20.000Z</time>
      </trkpt>
      <trkpt lat="54.520402" lon="9.541764">
        <ele>19.373913</ele>
        <time>2021-03-28T11:10:21.000Z</time>
      </trkpt>
      <trkpt lat="54.520393" lon="9.541733">
        <ele>19.541573</ele>
        <time>2021-03-28T11:10:23.000Z</time>
      </trkpt>
      <trkpt lat="54.520384" lon="9.541705">
        <ele>19.696391</ele>
        <time>2021-03-28T11:10:25.000Z</time>
      </trkpt>
      <trkpt lat="54.520381" lon="9.541674">
        <ele>19.848409</ele>
        <time>2021-03-28T11:10:27.000Z</time>
      </trkpt>
      <trkpt lat="54.520393" lon="9.541654">
        <ele>19.987548</ele>
        <time>2021-03-28T11:10:28.000Z</time>
      </trkpt>
      <trkpt lat="54.520354" lon="9.541515">
        <ele>20.734332</ele>
        <time>2021-03-28T11:10:33.000Z</time>
      </trkpt>
      <trkpt lat="54.520349" lon="9.541492">
        <ele>20.853131</ele>
        <time>2021-03-28T11:10:34.000Z</time>
      </trkpt>
      <trkpt lat="54.520363" lon="9.541439">
        <ele>21.134794</ele>
        <time>2021-03-28T11:10:36.000Z</time>
      </trkpt>
      <trkpt lat="54.520366" lon="9.541403">
        <ele>21.310712</ele>
        <time>2021-03-28T11:10:38.000Z</time>
      </trkpt>
      <trkpt lat="54.520372" lon="9.541375">
        <ele>21.455085</ele>
        <time>2021-03-28T11:10:40.000Z</time>
      </trkpt>
      <trkpt lat="54.520386" lon="9.541330">
        <ele>21.702048</ele>
        <time>2021-03-28T11:10:43.000Z</time>
      </trkpt>
      <trkpt lat="54.520388" lon="9.541321">
        <ele>21.748663</ele>
        <time>2021-03-28T11:10:44.000Z</time>
      </trkpt>
      <trkpt lat="54.520395" lon="9.541307">
        <ele>21.838044</ele>
        <time>2021-03-28T11:10:45.000Z</time>
      </trkpt>
      <trkpt lat="54.520404" lon="9.541297">
        <ele>21.927292</ele>
        <time>2021-03-28T11:10:46.000Z</time>
      </trkpt>
      <trkpt lat="54.520424" lon="9.541261">
        <ele>22.168337</ele>
        <time>2021-03-28T11:10:49.000Z</time>
      </trkpt>
      <trkpt lat="54.520436" lon="9.541200">
        <ele>22.479882</ele>
        <time>2021-03-28T11:10:52.000Z</time>
      </trkpt>
      <trkpt lat="54.520443" lon="9.541157">
        <ele>22.695900</ele>
        <time>2021-03-28T11:10:54.000Z</time>
      </trkpt>
      <trkpt lat="54.520439" lon="9.541139">
        <ele>22.789130</ele>
        <time>2021-03-28T11:10:55.000Z</time>
      </trkpt>
      <trkpt lat="54.520442" lon="9.541091">
        <ele>23.022649</ele>
        <time>2021-03-28T11:10:58.000Z</time>
      </trkpt>
      <trkpt lat="54.520443" lon="9.541075">
        <ele>23.100488</ele>
        <time>2021-03-28T11:10:59.000Z</time>
      </trkpt>
      <trkpt lat="54.520442" lon="9.541058">
        <ele>23.183139</ele>
        <time>2021-03-28T11:11:00.000Z</time>
      </trkpt>
      <trkpt lat="54.520436" lon="9.541015">
        <ele>23.397056</ele>
        <time>2021-03-28T11:11:04.000Z</time>
      </trkpt>
      <trkpt lat="54.520418" lon="9.540986">
        <ele>23.602432</ele>
        <time>2021-03-28T11:11:05.000Z</time>
      </trkpt>
      <trkpt lat="54.520386" lon="9.540911">
        <ele>24.052682</ele>
        <time>2021-03-28T11:11:10.000Z</time>
      </trkpt>
      <trkpt lat="54.520377" lon="9.540874">
        <ele>24.246733</ele>
        <time>2021-03-28T11:11:12.000Z</time>
      </trkpt>
      <trkpt lat="54.520370" lon="9.540853">
        <ele>24.363870</ele>
        <time>2021-03-28T11:11:13.000Z</time>
      </trkpt>
      <trkpt lat="54.520334" lon="9.540802">
        <ele>24.752282</ele>
        <time>2021-03-28T11:11:17.000Z</time>
      </trkpt>
      <trkpt lat="54.520285" lon="9.540795">
        <ele>25.162038</ele>
        <time>2021-03-28T11:11:21.000Z</time>
      </trkpt>
      <trkpt lat="54.520259" lon="9.540775">
        <ele>25.399331</ele>
        <time>2021-03-28T11:11:23.000Z</time>
      </trkpt>
      <trkpt lat="54.520235" lon="9.540766">
        <ele>25.604024</ele>
        <time>2021-03-28T11:11:25.000Z</time>
      </trkpt>
      <trkpt lat="54.520182" lon="9.540747">
        <ele>26.055173</ele>
        <time>2021-03-28T11:11:29.000Z</time>
      </trkpt>
      <trkpt lat="54.520171" lon="9.540745">
        <ele>26.147353</ele>
        <time>2021-03-28T11:11:30.000Z</time>
      </trkpt>
      <trkpt lat="54.520153" lon="9.540742">
        <ele>26.298061</ele>
        <time>2021-03-28T11:11:32.000Z</time>
      </trkpt>
      <trkpt lat="54.520128" lon="9.540726">
        <ele>26.520315</ele>
        <time>2021-03-28T11:11:35.000Z</time>
      </trkpt>
      <trkpt lat="54.520124" lon="9.540713">
        <ele>26.591486</ele>
        <time>2021-03-28T11:11:36.000Z</time>
      </trkpt>
      <trkpt lat="54.520104" lon="9.540705">
        <ele>26.762595</ele>
        <time>2021-03-28T11:11:38.000Z</time>
      </trkpt>
      <trkpt lat="54.520092" lon="9.540688">
        <ele>26.892066</ele>
        <time>2021-03-28T11:11:40.000Z</time>
      </trkpt>
      <trkpt lat="54.520075" lon="9.540667">
        <ele>27.066392</ele>
        <time>2021-03-28T11:11:42.000Z</time>
      </trkpt>
      <trkpt lat="54.520037" lon="9.540643">
        <ele>27.080376</ele>
        <time>2021-03-28T11:11:46.000Z</time>
      </trkpt>
      <trkpt lat="54.520037" lon="9.540635">
        <ele>27.069855</ele>
        <time>2021-03-28T11:11:47.000Z</time>
      </trkpt>
      <trkpt lat="54.520019" lon="9.540642">
        <ele>27.028042</ele>
        <time>2021-03-28T11:11:49.000Z</time>
      </trkpt>
      <trkpt lat="54.520016" lon="9.540645">
        <ele>27.020182</ele>
        <time>2021-03-28T11:11:51.000Z</time>
      </trkpt>
      <trkpt lat="54.520020" lon="9.540645">
        <ele>27.011118</ele>
        <time>2021-03-28T11:11:52.000Z</time>
      </trkpt>
      <trkpt lat="54.520023" lon="9.540646">
        <ele>27.004194</ele>
        <time>2021-03-28T11:11:53.000Z</time>
      </trkpt>
      <trkpt lat="54.520025" lon="9.540649">
        <ele>26.998185</ele>
        <time>2021-03-28T11:11:55.000Z</time>
      </trkpt>
      <trkpt lat="54.520058" lon="9.540615">
        <ele>26.911059</ele>
        <time>2021-03-28T11:11:58.000Z</time>
      </trkpt>
      <trkpt lat="54.520066" lon="9.540608">
        <ele>26.890727</ele>
        <time>2021-03-28T11:11:59.000Z</time>
      </trkpt>
      <trkpt lat="54.520099" lon="9.540594">
        <ele>26.813718</ele>
        <time>2021-03-28T11:12:02.000Z</time>
      </trkpt>
      <trkpt lat="54.520110" lon="9.540584">
        <ele>26.785535</ele>
        <time>2021-03-28T11:12:03.000Z</time>
      </trkpt>
      <trkpt lat="54.520119" lon="9.540559">
        <ele>26.746844</ele>
        <time>2021-03-28T11:12:05.000Z</time>
      </trkpt>
      <trkpt lat="54.520140" lon="9.540501">
        <ele>26.656938</ele>
        <time>2021-03-28T11:12:07.000Z</time>
      </trkpt>
      <trkpt lat="54.520142" lon="9.540468">
        <ele>26.613301</ele>
        <time>2021-03-28T11:12:09.000Z</time>
      </trkpt>
      <trkpt lat="54.520155" lon="9.540398">
        <ele>26.516639</ele>
        <time>2021-03-28T11:12:13.000Z</time>
      </trkpt>
      <trkpt lat="54.520177" lon="9.540306">
        <ele>26.385775</ele>
        <time>2021-03-28T11:12:17.000Z</time>
      </trkpt>
      <trkpt lat="54.520179" lon="9.540292">
        <ele>26.366813</ele>
        <time>2021-03-28T11:12:18.000Z</time>
      </trkpt>
      <trkpt lat="54.520183" lon="9.540254">
        <ele>26.316020</ele>
        <time>2021-03-28T11:12:20.000Z</time>
      </trkpt>
      <trkpt lat="54.520192" lon="9.540219">
        <ele>26.265673</ele>
        <time>2021-03-28T11:12:22.000Z</time>
      </trkpt>
      <trkpt lat="54.520210" lon="9.540133">
        <ele>26.145437</ele>
        <time>2021-03-28T11:12:26.000Z</time>
      </trkpt>
      <trkpt lat="54.520213" lon="9.540095">
        <ele>26.095000</ele>
        <time>2021-03-28T11:12:28.000Z</time>
      </trkpt>
      <trkpt lat="54.520214" lon="9.540062">
        <ele>26.051540</ele>
        <time>2021-03-28T11:12:30.000Z</time>
      </trkpt>
      <trkpt lat="54.520200" lon="9.540043">
        <ele>26.011157</ele>
        <time>2021-03-28T11:12:32.000Z</time>
      </trkpt>
      <trkpt lat="54.520181" lon="9.540020">
        <ele>25.958539</ele>
        <time>2021-03-28T11:12:34.000Z</time>
      </trkpt>
      <trkpt lat="54.520162" lon="9.540006">
        <ele>25.911714</ele>
        <time>2021-03-28T11:12:36.000Z</time>
      </trkpt>
      <trkpt lat="54.520128" lon="9.539971">
        <ele>25.821968</ele>
        <time>2021-03-28T11:12:39.000Z</time>
      </trkpt>
      <trkpt lat="54.520117" lon="9.539967">
        <ele>25.796493</ele>
        <time>2021-03-28T11:12:40.000Z</time>
      </trkpt>
      <trkpt lat="54.520102" lon="9.539982">
        <ele>25.757194</ele>
        <time>2021-03-28T11:12:42.000Z</time>
      </trkpt>
      <trkpt lat="54.520083" lon="9.539984">
        <ele>25.714061</ele>
        <time>2021-03-28T11:12:44.000Z</time>
      </trkpt>
      <trkpt lat="54.520074" lon="9.539981">
        <ele>25.693289</ele>
        <time>2021-03-28T11:12:45.000Z</time>
      </trkpt>
      <trkpt lat="54.520064" lon="9.539976">
        <ele>25.669695</ele>
        <time>2021-03-28T11:12:46.000Z</time>
      </trkpt>
      <trkpt lat="54.519998" lon="9.539955">
        <ele>25.517613</ele>
        <time>2021-03-28T11:12:50.000Z</time>
      </trkpt>
      <trkpt lat="54.519978" lon="9.539951">
        <ele>25.471990</ele>
        <time>2021-03-28T11:12:51.000Z</time>
      </trkpt>
      <trkpt lat="54.519963" lon="9.539946">
        <ele>25.437371</ele>
        <time>2021-03-28T11:12:52.000Z</time>
      </trkpt>
      <trkpt lat="54.519957" lon="9.539938">
        <ele>25.420179</ele>
        <time>2021-03-28T11:12:53.000Z</time>
      </trkpt>
      <trkpt lat="54.519945" lon="9.539928">
        <ele>25.389974</ele>
        <time>2021-03-28T11:12:54.000Z</time>
      </trkpt>
      <trkpt lat="54.519888" lon="9.539897">
        <ele>25.254533</ele>
        <time>2021-03-28T11:12:57.000Z</time>
      </trkpt>
      <trkpt lat="54.519859" lon="9.539884">
        <ele>25.186633</ele>
        <time>2021-03-28T11:12:59.000Z</time>
      </trkpt>
      <trkpt lat="54.519821" lon="9.539867">
        <ele>25.097671</ele>
        <time>2021-03-28T11:13:02.000Z</time>
      </trkpt>
      <trkpt lat="54.519811" lon="9.539864">
        <ele>25.074671</ele>
        <time>2021-03-28T11:13:03.000Z</time>
      </trkpt>
      <trkpt lat="54.519776" lon="9.539843">
        <ele>24.990691</ele>
        <time>2021-03-28T11:13:05.000Z</time>
      </trkpt>
      <trkpt lat="54.519675" lon="9.539799">
        <ele>24.754628</ele>
        <time>2021-03-28T11:13:11.000Z</time>
      </trkpt>
      <trkpt lat="54.519641" lon="9.539782">
        <ele>24.674407</ele>
        <time>2021-03-28T11:13:14.000Z</time>
      </trkpt>
      <trkpt lat="54.519617" lon="9.539778">
        <ele>24.619770</ele>
        <time>2021-03-28T11:13:16.000Z</time>
      </trkpt>
      <trkpt lat="54.519602" lon="9.539773">
        <ele>24.585151</ele>
        <time>2021-03-28T11:13:17.000Z</time>
      </trkpt>
      <trkpt lat="54.519559" lon="9.539756">
        <ele>24.485183</ele>
        <time>2021-03-28T11:13:21.000Z</time>
      </trkpt>
      <trkpt lat="54.519536" lon="9.539738">
        <ele>24.427941</ele>
        <time>2021-03-28T11:13:23.000Z</time>
      </trkpt>
      <trkpt lat="54.519527" lon="9.539732">
        <ele>24.406074</ele>
        <time>2021-03-28T11:13:24.000Z</time>
      </trkpt>
      <trkpt lat="54.519487" lon="9.539707">
        <ele>24.309657</ele>
        <time>2021-03-28T11:13:27.000Z</time>
      </trkpt>
      <trkpt lat="54.519459" lon="9.539687">
        <ele>24.240973</ele>
        <time>2021-03-28T11:13:29.000Z</time>
      </trkpt>
      <trkpt lat="54.519438" lon="9.539677">
        <ele>24.191604</ele>
        <time>2021-03-28T11:13:30.000Z</time>
      </trkpt>
      <trkpt lat="54.519362" lon="9.539647">
        <ele>24.014930</ele>
        <time>2021-03-28T11:13:36.000Z</time>
      </trkpt>
      <trkpt lat="54.519348" lon="9.539640">
        <ele>23.981898</ele>
        <time>2021-03-28T11:13:37.000Z</time>
      </trkpt>
      <trkpt lat="54.519318" lon="9.539618">
        <ele>23.908018</ele>
        <time>2021-03-28T11:13:40.000Z</time>
      </trkpt>
      <trkpt lat="54.519294" lon="9.539606">
        <ele>23.851392</ele>
        <time>2021-03-28T11:13:42.000Z</time>
      </trkpt>
      <trkpt lat="54.519248" lon="9.539599">
        <ele>23.746752</ele>
        <time>2021-03-28T11:13:45.000Z</time>
      </trkpt>
      <trkpt lat="54.519185" lon="9.539569">
        <ele>23.598645</ele>
        <time>2021-03-28T11:13:50.000Z</time>
      </trkpt>
      <trkpt lat="54.519176" lon="9.539565">
        <ele>23.577584</ele>
        <time>2021-03-28T11:13:51.000Z</time>
      </trkpt>
      <trkpt lat="54.519165" lon="9.539561">
        <ele>23.552110</ele>
        <time>2021-03-28T11:13:52.000Z</time>
      </trkpt>
      <trkpt lat="54.519107" lon="9.539520">
        <ele>23.410052</ele>
        <time>2021-03-28T11:13:57.000Z</time>
      </trkpt>
      <trkpt lat="54.519096" lon="9.539515">
        <ele>23.384274</ele>
        <time>2021-03-28T11:13:58.000Z</time>
      </trkpt>
      <trkpt lat="54.519079" lon="9.539494">
        <ele>23.336874</ele>
        <time>2021-03-28T11:13:59.000Z</time>
      </trkpt>
      <trkpt lat="54.518982" lon="9.539463">
        <ele>23.113328</ele>
        <time>2021-03-28T11:14:05.000Z</time>
      </trkpt>
      <trkpt lat="54.518973" lon="9.539466">
        <ele>23.092556</ele>
        <time>2021-03-28T11:14:06.000Z</time>
      </trkpt>
      <trkpt lat="54.518910" lon="9.539417">
        <ele>22.571230</ele>
        <time>2021-03-28T11:14:11.000Z</time>
      </trkpt>
      <trkpt lat="54.518878" lon="9.539398">
        <ele>22.291754</ele>
        <time>2021-03-28T11:14:13.000Z</time>
      </trkpt>
      <trkpt lat="54.518842" lon="9.539375">
        <ele>21.974719</ele>
        <time>2021-03-28T11:14:16.000Z</time>
      </trkpt>
      <trkpt lat="54.518812" lon="9.539328">
        <ele>21.639904</ele>
        <time>2021-03-28T11:14:20.000Z</time>
      </trkpt>
      <trkpt lat="54.518802" lon="9.539306">
        <ele>21.505981</ele>
        <time>2021-03-28T11:14:21.000Z</time>
      </trkpt>
      <trkpt lat="54.518799" lon="9.539292">
        <ele>21.434457</ele>
        <time>2021-03-28T11:14:22.000Z</time>
      </trkpt>
      <trkpt lat="54.518793" lon="9.539276">
        <ele>21.343162</ele>
        <time>2021-03-28T11:14:23.000Z</time>
      </trkpt>
      <trkpt lat="54.518795" lon="9.539234">
        <ele>21.141193</ele>
        <time>2021-03-28T11:14:25.000Z</time>
      </trkpt>
      <trkpt lat="54.518793" lon="9.539184">
        <ele>20.900990</ele>
        <time>2021-03-28T11:14:28.000Z</time>
      </trkpt>
      <trkpt lat="54.518793" lon="9.539100">
        <ele>20.498404</ele>
        <time>2021-03-28T11:14:32.000Z</time>
      </trkpt>
      <trkpt lat="54.518801" lon="9.539039">
        <ele>20.198681</ele>
        <time>2021-03-28T11:14:34.000Z</time>
      </trkpt>
      <trkpt lat="54.518802" lon="9.539018">
        <ele>20.097696</ele>
        <time>2021-03-28T11:14:35.000Z</time>
      </trkpt>
      <trkpt lat="54.518705" lon="9.538937">
        <ele>19.207640</ele>
        <time>2021-03-28T11:14:41.000Z</time>
      </trkpt>
      <trkpt lat="54.518641" lon="9.538903">
        <ele>18.654635</ele>
        <time>2021-03-28T11:14:45.000Z</time>
      </trkpt>
      <trkpt lat="54.518604" lon="9.538890">
        <ele>18.342836</ele>
        <time>2021-03-28T11:14:48.000Z</time>
      </trkpt>
      <trkpt lat="54.518599" lon="9.538883">
        <ele>18.289638</ele>
        <time>2021-03-28T11:14:49.000Z</time>
      </trkpt>
      <trkpt lat="54.518558" lon="9.538873">
        <ele>17.947723</ele>
        <time>2021-03-28T11:14:52.000Z</time>
      </trkpt>
      <trkpt lat="54.518501" lon="9.538857">
        <ele>17.470865</ele>
        <time>2021-03-28T11:14:56.000Z</time>
      </trkpt>
      <trkpt lat="54.518444" lon="9.538850">
        <ele>16.999019</ele>
        <time>2021-03-28T11:14:59.000Z</time>
      </trkpt>
      <trkpt lat="54.518396" lon="9.538863">
        <ele>16.597813</ele>
        <time>2021-03-28T11:15:02.000Z</time>
      </trkpt>
      <trkpt lat="54.518363" lon="9.538872">
        <ele>16.321938</ele>
        <time>2021-03-28T11:15:04.000Z</time>
      </trkpt>
      <trkpt lat="54.518339" lon="9.538881">
        <ele>16.119128</ele>
        <time>2021-03-28T11:15:06.000Z</time>
      </trkpt>
      <trkpt lat="54.518296" lon="9.538869">
        <ele>15.759447</ele>
        <time>2021-03-28T11:15:09.000Z</time>
      </trkpt>
      <trkpt lat="54.518198" lon="9.538885">
        <ele>14.946631</ele>
        <time>2021-03-28T11:15:16.000Z</time>
      </trkpt>
      <trkpt lat="54.518158" lon="9.538905">
        <ele>14.602720</ele>
        <time>2021-03-28T11:15:20.000Z</time>
      </trkpt>
      <trkpt lat="54.518139" lon="9.538897">
        <ele>14.441219</ele>
        <time>2021-03-28T11:15:22.000Z</time>
      </trkpt>
      <trkpt lat="54.518123" lon="9.538892">
        <ele>14.306950</ele>
        <time>2021-03-28T11:15:23.000Z</time>
      </trkpt>
      <trkpt lat="54.518086" lon="9.538873">
        <ele>13.988157</ele>
        <time>2021-03-28T11:15:26.000Z</time>
      </trkpt>
      <trkpt lat="54.518044" lon="9.538856">
        <ele>13.631918</ele>
        <time>2021-03-28T11:15:29.000Z</time>
      </trkpt>
      <trkpt lat="54.517964" lon="9.538851">
        <ele>12.970919</ele>
        <time>2021-03-28T11:15:34.000Z</time>
      </trkpt>
      <trkpt lat="54.517950" lon="9.538846">
        <ele>12.852863</ele>
        <time>2021-03-28T11:15:35.000Z</time>
      </trkpt>
      <trkpt lat="54.517882" lon="9.538838">
        <ele>12.290076</ele>
        <time>2021-03-28T11:15:39.000Z</time>
      </trkpt>
      <trkpt lat="54.517854" lon="9.538834">
        <ele>12.058085</ele>
        <time>2021-03-28T11:15:42.000Z</time>
      </trkpt>
      <trkpt lat="54.517843" lon="9.538829">
        <ele>11.964149</ele>
        <time>2021-03-28T11:15:43.000Z</time>
      </trkpt>
      <trkpt lat="54.517825" lon="9.538816">
        <ele>11.802991</ele>
        <time>2021-03-28T11:15:45.000Z</time>
      </trkpt>
      <trkpt lat="54.517813" lon="9.538811">
        <ele>11.701050</ele>
        <time>2021-03-28T11:15:46.000Z</time>
      </trkpt>
      <trkpt lat="54.517773" lon="9.538798">
        <ele>11.364942</ele>
        <time>2021-03-28T11:15:49.000Z</time>
      </trkpt>
      <trkpt lat="54.517761" lon="9.538801">
        <ele>11.264820</ele>
        <time>2021-03-28T11:15:50.000Z</time>
      </trkpt>
      <trkpt lat="54.517730" lon="9.538784">
        <ele>10.996196</ele>
        <time>2021-03-28T11:15:52.000Z</time>
      </trkpt>
      <trkpt lat="54.517681" lon="9.538754">
        <ele>10.566811</ele>
        <time>2021-03-28T11:15:56.000Z</time>
      </trkpt>
      <trkpt lat="54.517649" lon="9.538758">
        <ele>10.301891</ele>
        <time>2021-03-28T11:15:59.000Z</time>
      </trkpt>
      <trkpt lat="54.517621" lon="9.538763">
        <ele>10.069455</ele>
        <time>2021-03-28T11:16:02.000Z</time>
      </trkpt>
      <trkpt lat="54.517602" lon="9.538765">
        <ele>9.912278</ele>
        <time>2021-03-28T11:16:03.000Z</time>
      </trkpt>
      <trkpt lat="54.517551" lon="9.538781">
        <ele>9.484243</ele>
        <time>2021-03-28T11:16:06.000Z</time>
      </trkpt>
      <trkpt lat="54.517544" lon="9.538785">
        <ele>9.423348</ele>
        <time>2021-03-28T11:16:08.000Z</time>
      </trkpt>
      <trkpt lat="54.517536" lon="9.538766">
        <ele>9.310848</ele>
        <time>2021-03-28T11:16:10.000Z</time>
      </trkpt>
      <trkpt lat="54.517526" lon="9.538755">
        <ele>9.212882</ele>
        <time>2021-03-28T11:16:11.000Z</time>
      </trkpt>
      <trkpt lat="54.517505" lon="9.538745">
        <ele>9.032982</ele>
        <time>2021-03-28T11:16:13.000Z</time>
      </trkpt>
      <trkpt lat="54.517494" lon="9.538756">
        <ele>8.927962</ele>
        <time>2021-03-28T11:16:16.000Z</time>
      </trkpt>
      <trkpt lat="54.517509" lon="9.538751">
        <ele>8.801809</ele>
        <time>2021-03-28T11:16:18.000Z</time>
      </trkpt>
      <trkpt lat="54.517535" lon="9.538731">
        <ele>8.566698</ele>
        <time>2021-03-28T11:16:27.000Z</time>
      </trkpt>
      <trkpt lat="54.517534" lon="9.538729">
        <ele>8.554046</ele>
        <time>2021-03-28T11:16:28.000Z</time>
      </trkpt>
      <trkpt lat="54.517504" lon="9.538707">
        <ele>8.284827</ele>
        <time>2021-03-28T11:16:31.000Z</time>
      </trkpt>
      <trkpt lat="54.517490" lon="9.538695">
        <ele>8.173733</ele>
        <time>2021-03-28T11:16:32.000Z</time>
      </trkpt>
      <trkpt lat="54.517473" lon="9.538687">
        <ele>8.067560</ele>
        <time>2021-03-28T11:16:33.000Z</time>
      </trkpt>
      <trkpt lat="54.517390" lon="9.538668">
        <ele>7.563107</ele>
        <time>2021-03-28T11:16:39.000Z</time>
      </trkpt>
      <trkpt lat="54.517345" lon="9.538653">
        <ele>7.286963</ele>
        <time>2021-03-28T11:16:43.000Z</time>
      </trkpt>
      <trkpt lat="54.517309" lon="9.538657">
        <ele>7.069619</ele>
        <time>2021-03-28T11:16:45.000Z</time>
      </trkpt>
      <trkpt lat="54.517293" lon="9.538652">
        <ele>6.971650</ele>
        <time>2021-03-28T11:16:46.000Z</time>
      </trkpt>
      <trkpt lat="54.517234" lon="9.538651">
        <ele>6.616170</ele>
        <time>2021-03-28T11:16:49.000Z</time>
      </trkpt>
      <trkpt lat="54.517208" lon="9.538642">
        <ele>6.456394</ele>
        <time>2021-03-28T11:16:51.000Z</time>
      </trkpt>
      <trkpt lat="54.517185" lon="9.538617">
        <ele>6.292548</ele>
        <time>2021-03-28T11:16:53.000Z</time>
      </trkpt>
      <trkpt lat="54.517176" lon="9.538612">
        <ele>6.235576</ele>
        <time>2021-03-28T11:16:54.000Z</time>
      </trkpt>
      <trkpt lat="54.517150" lon="9.538614">
        <ele>6.078775</ele>
        <time>2021-03-28T11:16:56.000Z</time>
      </trkpt>
      <trkpt lat="54.517134" lon="9.538611">
        <ele>5.981809</ele>
        <time>2021-03-28T11:16:58.000Z</time>
      </trkpt>
      <trkpt lat="54.517129" lon="9.538602">
        <ele>5.938242</ele>
        <time>2021-03-28T11:16:59.000Z</time>
      </trkpt>
      <trkpt lat="54.517102" lon="9.538590">
        <ele>5.770246</ele>
        <time>2021-03-28T11:17:01.000Z</time>
      </trkpt>
      <trkpt lat="54.517036" lon="9.538558">
        <ele>5.357162</ele>
        <time>2021-03-28T11:17:05.000Z</time>
      </trkpt>
      <trkpt lat="54.516953" lon="9.538512">
        <ele>4.831865</ele>
        <time>2021-03-28T11:17:10.000Z</time>
      </trkpt>
      <trkpt lat="54.516941" lon="9.538507">
        <ele>4.757483</ele>
        <time>2021-03-28T11:17:11.000Z</time>
      </trkpt>
      <trkpt lat="54.516832" lon="9.538550">
        <ele>4.083783</ele>
        <time>2021-03-28T11:17:18.000Z</time>
      </trkpt>
      <trkpt lat="54.516817" lon="9.538558">
        <ele>3.989180</ele>
        <time>2021-03-28T11:17:20.000Z</time>
      </trkpt>
      <trkpt lat="54.516796" lon="9.538564">
        <ele>3.860931</ele>
        <time>2021-03-28T11:17:22.000Z</time>
      </trkpt>
      <trkpt lat="54.516770" lon="9.538558">
        <ele>3.702887</ele>
        <time>2021-03-28T11:17:23.000Z</time>
      </trkpt>
      <trkpt lat="54.516721" lon="9.538557">
        <ele>3.407652</ele>
        <time>2021-03-28T11:17:27.000Z</time>
      </trkpt>
      <trkpt lat="54.516695" lon="9.538566">
        <ele>3.247876</ele>
        <time>2021-03-28T11:17:29.000Z</time>
      </trkpt>
      <trkpt lat="54.516671" lon="9.538578">
        <ele>3.097314</ele>
        <time>2021-03-28T11:17:31.000Z</time>
      </trkpt>
      <trkpt lat="54.516635" lon="9.538597">
        <ele>2.870472</ele>
        <time>2021-03-28T11:17:34.000Z</time>
      </trkpt>
      <trkpt lat="54.516575" lon="9.538641">
        <ele>2.477596</ele>
        <time>2021-03-28T11:17:39.000Z</time>
      </trkpt>
      <trkpt lat="54.516573" lon="9.538657">
        <ele>2.420358</ele>
        <time>2021-03-28T11:17:40.000Z</time>
      </trkpt>
      <trkpt lat="54.516569" lon="9.538679">
        <ele>2.339734</ele>
        <time>2021-03-28T11:17:41.000Z</time>
      </trkpt>
      <trkpt lat="54.516567" lon="9.538724">
        <ele>2.181899</ele>
        <time>2021-03-28T11:17:43.000Z</time>
      </trkpt>
      <trkpt lat="54.516571" lon="9.538792">
        <ele>1.942872</ele>
        <time>2021-03-28T11:17:46.000Z</time>
      </trkpt>
      <trkpt lat="54.516572" lon="9.538820">
        <ele>1.844765</ele>
        <time>2021-03-28T11:17:47.000Z</time>
      </trkpt>
      <trkpt lat="54.516567" lon="9.538941">
        <ele>1.420533</ele>
        <time>2021-03-28T11:17:53.000Z</time>
      </trkpt>
      <trkpt lat="54.516559" lon="9.539009">
        <ele>1.177889</ele>
        <time>2021-03-28T11:17:57.000Z</time>
      </trkpt>
      <trkpt lat="54.516548" lon="9.539058">
        <ele>0.994157</ele>
        <time>2021-03-28T11:17:59.000Z</time>
      </trkpt>
      <trkpt lat="54.516541" lon="9.539165">
        <ele>0.617588</ele>
        <time>2021-03-28T11:18:03.000Z</time>
      </trkpt>
      <trkpt lat="54.516539" lon="9.539213">
        <ele>0.449290</ele>
        <time>2021-03-28T11:18:05.000Z</time>
      </trkpt>
      <trkpt lat="54.516540" lon="9.539241">
        <ele>0.351184</ele>
        <time>2021-03-28T11:18:07.000Z</time>
      </trkpt>
      <trkpt lat="54.516546" lon="9.539240">
        <ele>0.314866</ele>
        <time>2021-03-28T11:18:09.000Z</time>
      </trkpt>
      <trkpt lat="54.516549" lon="9.539235">
        <ele>0.289718</ele>
        <time>2021-03-28T11:18:10.000Z</time>
      </trkpt>
      <trkpt lat="54.516558" lon="9.539233">
        <ele>0.235045</ele>
        <time>2021-03-28T11:18:11.000Z</time>
      </trkpt>
      <trkpt lat="54.516597" lon="9.539227">
        <ele>-0.000857</ele>
        <time>2021-03-28T11:18:15.000Z</time>
      </trkpt>
      <trkpt lat="54.516602" lon="9.539227">
        <ele>-0.030981</ele>
        <time>2021-03-28T11:18:16.000Z</time>
      </trkpt>
      <trkpt lat="54.516633" lon="9.539267">
        <ele>-0.264328</ele>
        <time>2021-03-28T11:18:21.000Z</time>
      </trkpt>
      <trkpt lat="54.516631" lon="9.539287">
        <ele>-0.335303</ele>
        <time>2021-03-28T11:18:22.000Z</time>
      </trkpt>
      <trkpt lat="54.516627" lon="9.539307">
        <ele>-0.409282</ele>
        <time>2021-03-28T11:18:23.000Z</time>
      </trkpt>
      <trkpt lat="54.516624" lon="9.539386">
        <ele>-0.686150</ele>
        <time>2021-03-28T11:18:26.000Z</time>
      </trkpt>
      <trkpt lat="54.516623" lon="9.539460">
        <ele>-0.945013</ele>
        <time>2021-03-28T11:18:29.000Z</time>
      </trkpt>
      <trkpt lat="54.516628" lon="9.539574">
        <ele>-1.344829</ele>
        <time>2021-03-28T11:18:33.000Z</time>
      </trkpt>
      <trkpt lat="54.516620" lon="9.539685">
        <ele>-1.735998</ele>
        <time>2021-03-28T11:18:38.000Z</time>
      </trkpt>
      <trkpt lat="54.516612" lon="9.539893">
        <ele>-2.465010</ele>
        <time>2021-03-28T11:18:47.000Z</time>
      </trkpt>
      <trkpt lat="54.516612" lon="9.539902">
        <ele>-2.496484</ele>
        <time>2021-03-28T11:18:48.000Z</time>
      </trkpt>
      <trkpt lat="54.516608" lon="9.539893">
        <ele>-2.536126</ele>
        <time>2021-03-28T11:18:51.000Z</time>
      </trkpt>
      <trkpt lat="54.516606" lon="9.539888">
        <ele>-2.557361</ele>
        <time>2021-03-28T11:18:52.000Z</time>
      </trkpt>
      <trkpt lat="54.516604" lon="9.539855">
        <ele>-2.633559</ele>
        <time>2021-03-28T11:19:00.000Z</time>
      </trkpt>
      <trkpt lat="54.516604" lon="9.539939">
        <ele>-2.730036</ele>
        <time>2021-03-28T11:19:06.000Z</time>
      </trkpt>
      <trkpt lat="54.516603" lon="9.539968">
        <ele>-2.763402</ele>
        <time>2021-03-28T11:19:07.000Z</time>
      </trkpt>
      <trkpt lat="54.516597" lon="9.540043">
        <ele>-2.850356</ele>
        <time>2021-03-28T11:19:10.000Z</time>
      </trkpt>
      <trkpt lat="54.516587" lon="9.540116">
        <ele>-2.936502</ele>
        <time>2021-03-28T11:19:13.000Z</time>
      </trkpt>
      <trkpt lat="54.516587" lon="9.540144">
        <ele>-2.968660</ele>
        <time>2021-03-28T11:19:14.000Z</time>
      </trkpt>
      <trkpt lat="54.516562" lon="9.540295">
        <ele>-3.149005</ele>
        <time>2021-03-28T11:19:20.000Z</time>
      </trkpt>
      <trkpt lat="54.516560" lon="9.540319">
        <ele>-3.176852</ele>
        <time>2021-03-28T11:19:21.000Z</time>
      </trkpt>
      <trkpt lat="54.516554" lon="9.540366">
        <ele>-3.232123</ele>
        <time>2021-03-28T11:19:23.000Z</time>
      </trkpt>
      <trkpt lat="54.516542" lon="9.540496">
        <ele>-3.383308</ele>
        <time>2021-03-28T11:19:28.000Z</time>
      </trkpt>
      <trkpt lat="54.516530" lon="9.540707">
        <ele>-3.626809</ele>
        <time>2021-03-28T11:19:36.000Z</time>
      </trkpt>
      <trkpt lat="54.516512" lon="9.540933">
        <ele>-3.888809</ele>
        <time>2021-03-28T11:19:44.000Z</time>
      </trkpt>
      <trkpt lat="54.516544" lon="9.541055">
        <ele>-4.042571</ele>
        <time>2021-03-28T11:19:49.000Z</time>
      </trkpt>
      <trkpt lat="54.516557" lon="9.541177">
        <ele>-4.185033</ele>
        <time>2021-03-28T11:19:54.000Z</time>
      </trkpt>
      <trkpt lat="54.516560" lon="9.541203">
        <ele>-4.215479</ele>
        <time>2021-03-28T11:19:55.000Z</time>
      </trkpt>
      <trkpt lat="54.516574" lon="9.541306">
        <ele>-4.336977</ele>
        <time>2021-03-28T11:19:59.000Z</time>
      </trkpt>
      <trkpt lat="54.516567" lon="9.541510">
        <ele>-4.571686</ele>
        <time>2021-03-28T11:20:06.000Z</time>
      </trkpt>
      <trkpt lat="54.516557" lon="9.541535">
        <ele>-4.606557</ele>
        <time>2021-03-28T11:20:07.000Z</time>
      </trkpt>
      <trkpt lat="54.516545" lon="9.541561">
        <ele>-4.644708</ele>
        <time>2021-03-28T11:20:08.000Z</time>
      </trkpt>
      <trkpt lat="54.516541" lon="9.541648">
        <ele>-4.744943</ele>
        <time>2021-03-28T11:20:12.000Z</time>
      </trkpt>
      <trkpt lat="54.516533" lon="9.541644">
        <ele>-4.761425</ele>
        <time>2021-03-28T11:20:17.000Z</time>
      </trkpt>
      <trkpt lat="54.516530" lon="9.541632">
        <ele>-4.776431</ele>
        <time>2021-03-28T11:20:22.000Z</time>
      </trkpt>
      <trkpt lat="54.516530" lon="9.541626">
        <ele>-4.783322</ele>
        <time>2021-03-28T11:20:25.000Z</time>
      </trkpt>
      <trkpt lat="54.516470" lon="9.541649">
        <ele>-4.904944</ele>
        <time>2021-03-28T11:20:29.000Z</time>
      </trkpt>
      <trkpt lat="54.516456" lon="9.541660">
        <ele>-4.935389</ele>
        <time>2021-03-28T11:20:30.000Z</time>
      </trkpt>
      <trkpt lat="54.516390" lon="9.541721">
        <ele>-5.083586</ele>
        <time>2021-03-28T11:20:34.000Z</time>
      </trkpt>
      <trkpt lat="54.516339" lon="9.541773">
        <ele>-5.200845</ele>
        <time>2021-03-28T11:20:37.000Z</time>
      </trkpt>
      <trkpt lat="54.516292" lon="9.541796">
        <ele>-5.297520</ele>
        <time>2021-03-28T11:20:40.000Z</time>
      </trkpt>
      <trkpt lat="54.516257" lon="9.541809">
        <ele>-5.368363</ele>
        <time>2021-03-28T11:20:43.000Z</time>
      </trkpt>
      <trkpt lat="54.516202" lon="9.541843">
        <ele>-5.483982</ele>
        <time>2021-03-28T11:20:49.000Z</time>
      </trkpt>
      <trkpt lat="54.516148" lon="9.541822">
        <ele>-5.593516</ele>
        <time>2021-03-28T11:20:53.000Z</time>
      </trkpt>
      <trkpt lat="54.516107" lon="9.541799">
        <ele>-5.678833</ele>
        <time>2021-03-28T11:20:55.000Z</time>
      </trkpt>
      <trkpt lat="54.516043" lon="9.541770">
        <ele>-5.809772</ele>
        <time>2021-03-28T11:20:59.000Z</time>
      </trkpt>
      <trkpt lat="54.515955" lon="9.541748">
        <ele>-5.985716</ele>
        <time>2021-03-28T11:21:04.000Z</time>
      </trkpt>
      <trkpt lat="54.515940" lon="9.541738">
        <ele>-6.017540</ele>
        <time>2021-03-28T11:21:05.000Z</time>
      </trkpt>
      <trkpt lat="54.515909" lon="9.541725">
        <ele>-6.080669</ele>
        <time>2021-03-28T11:21:07.000Z</time>
      </trkpt>
      <trkpt lat="54.515784" lon="9.541709">
        <ele>-6.242878</ele>
        <time>2021-03-28T11:21:13.000Z</time>
      </trkpt>
      <trkpt lat="54.515683" lon="9.541694">
        <ele>-6.332963</ele>
        <time>2021-03-28T11:21:19.000Z</time>
      </trkpt>
      <trkpt lat="54.515547" lon="9.541672">
        <ele>-6.454350</ele>
        <time>2021-03-28T11:21:27.000Z</time>
      </trkpt>
      <trkpt lat="54.515512" lon="9.541662">
        <ele>-6.485877</ele>
        <time>2021-03-28T11:21:29.000Z</time>
      </trkpt>
      <trkpt lat="54.515422" lon="9.541672">
        <ele>-6.566020</ele>
        <time>2021-03-28T11:21:34.000Z</time>
      </trkpt>
      <trkpt lat="54.515406" lon="9.541675">
        <ele>-6.580323</ele>
        <time>2021-03-28T11:21:35.000Z</time>
      </trkpt>
      <trkpt lat="54.515342" lon="9.541673">
        <ele>-6.637205</ele>
        <time>2021-03-28T11:21:40.000Z</time>
      </trkpt>
      <trkpt lat="54.515276" lon="9.541666">
        <ele>-6.695966</ele>
        <time>2021-03-28T11:21:44.000Z</time>
      </trkpt>
      <trkpt lat="54.515250" lon="9.541670">
        <ele>-6.719162</ele>
        <time>2021-03-28T11:21:45.000Z</time>
      </trkpt>
      <trkpt lat="54.515229" lon="9.541676">
        <ele>-6.738079</ele>
        <time>2021-03-28T11:21:46.000Z</time>
      </trkpt>
      <trkpt lat="54.515212" lon="9.541676">
        <ele>-6.753186</ele>
        <time>2021-03-28T11:21:47.000Z</time>
      </trkpt>
      <trkpt lat="54.515189" lon="9.541662">
        <ele>-6.774863</ele>
        <time>2021-03-28T11:21:49.000Z</time>
      </trkpt>
      <trkpt lat="54.515160" lon="9.541651">
        <ele>-6.801250</ele>
        <time>2021-03-28T11:21:51.000Z</time>
      </trkpt>
      <trkpt lat="54.515145" lon="9.541656">
        <ele>-6.814827</ele>
        <time>2021-03-28T11:21:52.000Z</time>
      </trkpt>
      <trkpt lat="54.515132" lon="9.541666">
        <ele>-6.827479</ele>
        <time>2021-03-28T11:21:53.000Z</time>
      </trkpt>
      <trkpt lat="54.515121" lon="9.541669">
        <ele>-6.837376</ele>
        <time>2021-03-28T11:21:54.000Z</time>
      </trkpt>
      <trkpt lat="54.515068" lon="9.541667">
        <ele>-6.884485</ele>
        <time>2021-03-28T11:21:58.000Z</time>
      </trkpt>
      <trkpt lat="54.515044" lon="9.541657">
        <ele>-6.906427</ele>
        <time>2021-03-28T11:22:00.000Z</time>
      </trkpt>
      <trkpt lat="54.514973" lon="9.541620">
        <ele>-6.972344</ele>
        <time>2021-03-28T11:22:06.000Z</time>
      </trkpt>
      <trkpt lat="54.514964" lon="9.541613">
        <ele>-6.981119</ele>
        <time>2021-03-28T11:22:07.000Z</time>
      </trkpt>
      <trkpt lat="54.514941" lon="9.541623">
        <ele>-7.002199</ele>
        <time>2021-03-28T11:22:09.000Z</time>
      </trkpt>
      <trkpt lat="54.514924" lon="9.541624">
        <ele>-7.017314</ele>
        <time>2021-03-28T11:22:11.000Z</time>
      </trkpt>
      <trkpt lat="54.514862" lon="9.541604">
        <ele>-7.073368</ele>
        <time>2021-03-28T11:22:15.000Z</time>
      </trkpt>
      <trkpt lat="54.514811" lon="9.541608">
        <ele>-7.118735</ele>
        <time>2021-03-28T11:22:18.000Z</time>
      </trkpt>
      <trkpt lat="54.514747" lon="9.541603">
        <ele>-7.175666</ele>
        <time>2021-03-28T11:22:23.000Z</time>
      </trkpt>
      <trkpt lat="54.514655" lon="9.541587">
        <ele>-7.257837</ele>
        <time>2021-03-28T11:22:30.000Z</time>
      </trkpt>
      <trkpt lat="54.514569" lon="9.541577">
        <ele>-7.334433</ele>
        <time>2021-03-28T11:22:36.000Z</time>
      </trkpt>
      <trkpt lat="54.514455" lon="9.541541">
        <ele>-7.437426</ele>
        <time>2021-03-28T11:22:43.000Z</time>
      </trkpt>
      <trkpt lat="54.514343" lon="9.541530">
        <ele>-7.537115</ele>
        <time>2021-03-28T11:22:50.000Z</time>
      </trkpt>
      <trkpt lat="54.514250" lon="9.541523">
        <ele>-7.619838</ele>
        <time>2021-03-28T11:22:57.000Z</time>
      </trkpt>
      <trkpt lat="54.514223" lon="9.541520">
        <ele>-7.643881</ele>
        <time>2021-03-28T11:22:59.000Z</time>
      </trkpt>
      <trkpt lat="54.514119" lon="9.541505">
        <ele>-7.736622</ele>
        <time>2021-03-28T11:23:07.000Z</time>
      </trkpt>
      <trkpt lat="54.514112" lon="9.541502">
        <ele>-7.743032</ele>
        <time>2021-03-28T11:23:08.000Z</time>
      </trkpt>
      <trkpt lat="54.514095" lon="9.541500">
        <ele>-7.758175</ele>
        <time>2021-03-28T11:23:10.000Z</time>
      </trkpt>
      <trkpt lat="54.514064" lon="9.541493">
        <ele>-7.750197</ele>
        <time>2021-03-28T11:23:12.000Z</time>
      </trkpt>
      <trkpt lat="54.513950" lon="9.541502">
        <ele>-7.604715</ele>
        <time>2021-03-28T11:23:19.000Z</time>
      </trkpt>
      <trkpt lat="54.513831" lon="9.541482">
        <ele>-7.452291</ele>
        <time>2021-03-28T11:23:27.000Z</time>
      </trkpt>
      <trkpt lat="54.513816" lon="9.541478">
        <ele>-7.432941</ele>
        <time>2021-03-28T11:23:28.000Z</time>
      </trkpt>
      <trkpt lat="54.513741" lon="9.541509">
        <ele>-7.334615</ele>
        <time>2021-03-28T11:23:34.000Z</time>
      </trkpt>
      <trkpt lat="54.513664" lon="9.541499">
        <ele>-7.236175</ele>
        <time>2021-03-28T11:23:40.000Z</time>
      </trkpt>
      <trkpt lat="54.513635" lon="9.541507">
        <ele>-7.198734</ele>
        <time>2021-03-28T11:23:42.000Z</time>
      </trkpt>
      <trkpt lat="54.513540" lon="9.541524">
        <ele>-7.076974</ele>
        <time>2021-03-28T11:23:48.000Z</time>
      </trkpt>
      <trkpt lat="54.513526" lon="9.541522">
        <ele>-7.059065</ele>
        <time>2021-03-28T11:23:49.000Z</time>
      </trkpt>
      <trkpt lat="54.513507" lon="9.541520">
        <ele>-7.034798</ele>
        <time>2021-03-28T11:23:51.000Z</time>
      </trkpt>
      <trkpt lat="54.513461" lon="9.541511">
        <ele>-6.975780</ele>
        <time>2021-03-28T11:23:55.000Z</time>
      </trkpt>
      <trkpt lat="54.513449" lon="9.541507">
        <ele>-6.960198</ele>
        <time>2021-03-28T11:23:56.000Z</time>
      </trkpt>
      <trkpt lat="54.513437" lon="9.541502">
        <ele>-6.944459</ele>
        <time>2021-03-28T11:23:57.000Z</time>
      </trkpt>
      <trkpt lat="54.513372" lon="9.541482">
        <ele>-6.860284</ele>
        <time>2021-03-28T11:24:01.000Z</time>
      </trkpt>
      <trkpt lat="54.513327" lon="9.541472">
        <ele>-6.802441</ele>
        <time>2021-03-28T11:24:04.000Z</time>
      </trkpt>
      <trkpt lat="54.513300" lon="9.541472">
        <ele>-6.768021</ele>
        <time>2021-03-28T11:24:06.000Z</time>
      </trkpt>
      <trkpt lat="54.513267" lon="9.541483">
        <ele>-6.725172</ele>
        <time>2021-03-28T11:24:09.000Z</time>
      </trkpt>
      <trkpt lat="54.513239" lon="9.541492">
        <ele>-6.688860</ele>
        <time>2021-03-28T11:24:11.000Z</time>
      </trkpt>
      <trkpt lat="54.513179" lon="9.541490">
        <ele>-6.612357</ele>
        <time>2021-03-28T11:24:17.000Z</time>
      </trkpt>
      <trkpt lat="54.513165" lon="9.541493">
        <ele>-6.594372</ele>
        <time>2021-03-28T11:24:18.000Z</time>
      </trkpt>
      <trkpt lat="54.513114" lon="9.541518">
        <ele>-6.526774</ele>
        <time>2021-03-28T11:24:22.000Z</time>
      </trkpt>
      <trkpt lat="54.513102" lon="9.541518">
        <ele>-6.511477</ele>
        <time>2021-03-28T11:24:23.000Z</time>
      </trkpt>
      <trkpt lat="54.513057" lon="9.541505">
        <ele>-6.453308</ele>
        <time>2021-03-28T11:24:26.000Z</time>
      </trkpt>
      <trkpt lat="54.513001" lon="9.541488">
        <ele>-6.380818</ele>
        <time>2021-03-28T11:24:29.000Z</time>
      </trkpt>
      <trkpt lat="54.512937" lon="9.541467">
        <ele>-6.297762</ele>
        <time>2021-03-28T11:24:33.000Z</time>
      </trkpt>
      <trkpt lat="54.512893" lon="9.541464">
        <ele>-6.241626</ele>
        <time>2021-03-28T11:24:36.000Z</time>
      </trkpt>
      <trkpt lat="54.512823" lon="9.541465">
        <ele>-6.152385</ele>
        <time>2021-03-28T11:24:41.000Z</time>
      </trkpt>
      <trkpt lat="54.512718" lon="9.541457">
        <ele>-6.018398</ele>
        <time>2021-03-28T11:24:48.000Z</time>
      </trkpt>
      <trkpt lat="54.512646" lon="9.541455">
        <ele>-5.926599</ele>
        <time>2021-03-28T11:24:54.000Z</time>
      </trkpt>
      <trkpt lat="54.512632" lon="9.541476">
        <ele>-5.902933</ele>
        <time>2021-03-28T11:24:56.000Z</time>
      </trkpt>
      <trkpt lat="54.512621" lon="9.541514">
        <ele>-5.871508</ele>
        <time>2021-03-28T11:24:58.000Z</time>
      </trkpt>
      <trkpt lat="54.512620" lon="9.541579">
        <ele>-5.823387</ele>
        <time>2021-03-28T11:25:01.000Z</time>
      </trkpt>
      <trkpt lat="54.512624" lon="9.541582">
        <ele>-5.817826</ele>
        <time>2021-03-28T11:25:02.000Z</time>
      </trkpt>
      <trkpt lat="54.512657" lon="9.541558">
        <ele>-5.772161</ele>
        <time>2021-03-28T11:25:10.000Z</time>
      </trkpt>
      <trkpt lat="54.512616" lon="9.541565">
        <ele>-5.719637</ele>
        <time>2021-03-28T11:25:14.000Z</time>
      </trkpt>
      <trkpt lat="54.512548" lon="9.541525">
        <ele>-5.628034</ele>
        <time>2021-03-28T11:25:20.000Z</time>
      </trkpt>
      <trkpt lat="54.512538" lon="9.541520">
        <ele>-5.614759</ele>
        <time>2021-03-28T11:25:21.000Z</time>
      </trkpt>
      <trkpt lat="54.512489" lon="9.541494">
        <ele>-5.549396</ele>
        <time>2021-03-28T11:25:24.000Z</time>
      </trkpt>
      <trkpt lat="54.512465" lon="9.541502">
        <ele>-5.518233</ele>
        <time>2021-03-28T11:25:26.000Z</time>
      </trkpt>
      <trkpt lat="54.512457" lon="9.541510">
        <ele>-5.506441</ele>
        <time>2021-03-28T11:25:27.000Z</time>
      </trkpt>
      <trkpt lat="54.512450" lon="9.541511">
        <ele>-5.497486</ele>
        <time>2021-03-28T11:25:28.000Z</time>
      </trkpt>
      <trkpt lat="54.512431" lon="9.541518">
        <ele>-5.475866</ele>
        <time>2021-03-28T11:25:30.000Z</time>
      </trkpt>
      <trkpt lat="54.512418" lon="9.541530">
        <ele>-5.467640</ele>
        <time>2021-03-28T11:25:31.000Z</time>
      </trkpt>
      <trkpt lat="54.512344" lon="9.541610">
        <ele>-5.418913</ele>
        <time>2021-03-28T11:25:37.000Z</time>
      </trkpt>
      <trkpt lat="54.512299" lon="9.541662">
        <ele>-5.388691</ele>
        <time>2021-03-28T11:25:42.000Z</time>
      </trkpt>
      <trkpt lat="54.512279" lon="9.541684">
        <ele>-5.375455</ele>
        <time>2021-03-28T11:25:44.000Z</time>
      </trkpt>
      <trkpt lat="54.512212" lon="9.541823">
        <ele>-5.316958</ele>
        <time>2021-03-28T11:25:51.000Z</time>
      </trkpt>
      <trkpt lat="54.512202" lon="9.541835">
        <ele>-5.310161</ele>
        <time>2021-03-28T11:25:52.000Z</time>
      </trkpt>
      <trkpt lat="54.512146" lon="9.541892">
        <ele>-5.273882</ele>
        <time>2021-03-28T11:25:57.000Z</time>
      </trkpt>
      <trkpt lat="54.512107" lon="9.541924">
        <ele>-5.249789</ele>
        <time>2021-03-28T11:26:00.000Z</time>
      </trkpt>
      <trkpt lat="54.512054" lon="9.542035">
        <ele>-5.203254</ele>
        <time>2021-03-28T11:26:06.000Z</time>
      </trkpt>
      <trkpt lat="54.512048" lon="9.542048">
        <ele>-5.197877</ele>
        <time>2021-03-28T11:26:07.000Z</time>
      </trkpt>
      <trkpt lat="54.512027" lon="9.542150">
        <ele>-5.162835</ele>
        <time>2021-03-28T11:26:11.000Z</time>
      </trkpt>
      <trkpt lat="54.512015" lon="9.542227">
        <ele>-5.137021</ele>
        <time>2021-03-28T11:26:14.000Z</time>
      </trkpt>
      <trkpt lat="54.512016" lon="9.542399">
        <ele>-5.081327</ele>
        <time>2021-03-28T11:26:21.000Z</time>
      </trkpt>
      <trkpt lat="54.512014" lon="9.542425">
        <ele>-5.072835</ele>
        <time>2021-03-28T11:26:23.000Z</time>
      </trkpt>
      <trkpt lat="54.512004" lon="9.542414">
        <ele>-5.066218</ele>
        <time>2021-03-28T11:26:26.000Z</time>
      </trkpt>
      <trkpt lat="54.512001" lon="9.542403">
        <ele>-5.062283</ele>
        <time>2021-03-28T11:26:27.000Z</time>
      </trkpt>
      <trkpt lat="54.511986" lon="9.542361">
        <ele>-5.046316</ele>
        <time>2021-03-28T11:26:33.000Z</time>
      </trkpt>
      <trkpt lat="54.511953" lon="9.542415">
        <ele>-5.020930</ele>
        <time>2021-03-28T11:26:39.000Z</time>
      </trkpt>
      <trkpt lat="54.511948" lon="9.542428">
        <ele>-5.015881</ele>
        <time>2021-03-28T11:26:40.000Z</time>
      </trkpt>
      <trkpt lat="54.511919" lon="9.542482">
        <ele>-4.992063</ele>
        <time>2021-03-28T11:26:44.000Z</time>
      </trkpt>
      <trkpt lat="54.511902" lon="9.542513">
        <ele>-4.978255</ele>
        <time>2021-03-28T11:26:46.000Z</time>
      </trkpt>
      <trkpt lat="54.511887" lon="9.542531">
        <ele>-4.968059</ele>
        <time>2021-03-28T11:26:48.000Z</time>
      </trkpt>
      <trkpt lat="54.511868" lon="9.542564">
        <ele>-4.953010</ele>
        <time>2021-03-28T11:26:51.000Z</time>
      </trkpt>
      <trkpt lat="54.511845" lon="9.542595">
        <ele>-4.936722</ele>
        <time>2021-03-28T11:26:54.000Z</time>
      </trkpt>
      <trkpt lat="54.511827" lon="9.542605">
        <ele>-4.926174</ele>
        <time>2021-03-28T11:26:56.000Z</time>
      </trkpt>
      <trkpt lat="54.511820" lon="9.542612">
        <ele>-4.921659</ele>
        <time>2021-03-28T11:26:57.000Z</time>
      </trkpt>
      <trkpt lat="54.511796" lon="9.542610">
        <ele>-4.908258</ele>
        <time>2021-03-28T11:26:59.000Z</time>
      </trkpt>
      <trkpt lat="54.511785" lon="9.542592">
        <ele>-4.899796</ele>
        <time>2021-03-28T11:27:01.000Z</time>
      </trkpt>
      <trkpt lat="54.511764" lon="9.542576">
        <ele>-4.886989</ele>
        <time>2021-03-28T11:27:03.000Z</time>
      </trkpt>
      <trkpt lat="54.511697" lon="9.542542">
        <ele>-4.848032</ele>
        <time>2021-03-28T11:27:08.000Z</time>
      </trkpt>
      <trkpt lat="54.511609" lon="9.542545">
        <ele>-4.798942</ele>
        <time>2021-03-28T11:27:14.000Z</time>
      </trkpt>
      <trkpt lat="54.511601" lon="9.542524">
        <ele>-4.790809</ele>
        <time>2021-03-28T11:27:15.000Z</time>
      </trkpt>
      <trkpt lat="54.511547" lon="9.542448">
        <ele>-4.751916</ele>
        <time>2021-03-28T11:27:20.000Z</time>
      </trkpt>
      <trkpt lat="54.511540" lon="9.542422">
        <ele>-4.742637</ele>
        <time>2021-03-28T11:27:21.000Z</time>
      </trkpt>
      <trkpt lat="54.511532" lon="9.542371">
        <ele>-4.725531</ele>
        <time>2021-03-28T11:27:23.000Z</time>
      </trkpt>
      <trkpt lat="54.511511" lon="9.542201">
        <ele>-4.669255</ele>
        <time>2021-03-28T11:27:29.000Z</time>
      </trkpt>
      <trkpt lat="54.511502" lon="9.542098">
        <ele>-4.635529</ele>
        <time>2021-03-28T11:27:33.000Z</time>
      </trkpt>
      <trkpt lat="54.511494" lon="9.542017">
        <ele>-4.608925</ele>
        <time>2021-03-28T11:27:36.000Z</time>
      </trkpt>
      <trkpt lat="54.511468" lon="9.541909">
        <ele>-4.571069</ele>
        <time>2021-03-28T11:27:41.000Z</time>
      </trkpt>
      <trkpt lat="54.511448" lon="9.541870">
        <ele>-4.554220</ele>
        <time>2021-03-28T11:27:43.000Z</time>
      </trkpt>
      <trkpt lat="54.511410" lon="9.541793">
        <ele>-4.521497</ele>
        <time>2021-03-28T11:27:49.000Z</time>
      </trkpt>
      <trkpt lat="54.511395" lon="9.541787">
        <ele>-4.512908</ele>
        <time>2021-03-28T11:27:50.000Z</time>
      </trkpt>
      <trkpt lat="54.511389" lon="9.541784">
        <ele>-4.509424</ele>
        <time>2021-03-28T11:27:51.000Z</time>
      </trkpt>
      <trkpt lat="54.511359" lon="9.541774">
        <ele>-4.492381</ele>
        <time>2021-03-28T11:27:54.000Z</time>
      </trkpt>
      <trkpt lat="54.511353" lon="9.541781">
        <ele>-4.488339</ele>
        <time>2021-03-28T11:27:56.000Z</time>
      </trkpt>
      <trkpt lat="54.511342" lon="9.541783">
        <ele>-4.482170</ele>
        <time>2021-03-28T11:27:57.000Z</time>
      </trkpt>
      <trkpt lat="54.511314" lon="9.541785">
        <ele>-4.492223</ele>
        <time>2021-03-28T11:28:00.000Z</time>
      </trkpt>
      <trkpt lat="54.511301" lon="9.541783">
        <ele>-4.506671</ele>
        <time>2021-03-28T11:28:02.000Z</time>
      </trkpt>
      <trkpt lat="54.511288" lon="9.541778">
        <ele>-4.521416</ele>
        <time>2021-03-28T11:28:04.000Z</time>
      </trkpt>
      <trkpt lat="54.511257" lon="9.541770">
        <ele>-4.556114</ele>
        <time>2021-03-28T11:28:08.000Z</time>
      </trkpt>
      <trkpt lat="54.511188" lon="9.541753">
        <ele>-4.633271</ele>
        <time>2021-03-28T11:28:14.000Z</time>
      </trkpt>
      <trkpt lat="54.511164" lon="9.541725">
        <ele>-4.665358</ele>
        <time>2021-03-28T11:28:16.000Z</time>
      </trkpt>
      <trkpt lat="54.511155" lon="9.541715">
        <ele>-4.677214</ele>
        <time>2021-03-28T11:28:17.000Z</time>
      </trkpt>
      <trkpt lat="54.511134" lon="9.541712">
        <ele>-4.700540</ele>
        <time>2021-03-28T11:28:19.000Z</time>
      </trkpt>
      <trkpt lat="54.511107" lon="9.541709">
        <ele>-4.730490</ele>
        <time>2021-03-28T11:28:21.000Z</time>
      </trkpt>
      <trkpt lat="54.511091" lon="9.541684">
        <ele>-4.754402</ele>
        <time>2021-03-28T11:28:22.000Z</time>
      </trkpt>
      <trkpt lat="54.511079" lon="9.541676">
        <ele>-4.768646</ele>
        <time>2021-03-28T11:28:24.000Z</time>
      </trkpt>
      <trkpt lat="54.511066" lon="9.541683">
        <ele>-4.783723</ele>
        <time>2021-03-28T11:28:26.000Z</time>
      </trkpt>
      <trkpt lat="54.511062" lon="9.541681">
        <ele>-4.788333</ele>
        <time>2021-03-28T11:28:28.000Z</time>
      </trkpt>
      <trkpt lat="54.511059" lon="9.541676">
        <ele>-4.792954</ele>
        <time>2021-03-28T11:28:29.000Z</time>
      </trkpt>
      <trkpt lat="54.511052" lon="9.541672">
        <ele>-4.801118</ele>
        <time>2021-03-28T11:28:30.000Z</time>
      </trkpt>
      <trkpt lat="54.510984" lon="9.541616">
        <ele>-4.884552</ele>
        <time>2021-03-28T11:28:36.000Z</time>
      </trkpt>
      <trkpt lat="54.510974" lon="9.541601">
        <ele>-4.899230</ele>
        <time>2021-03-28T11:28:37.000Z</time>
      </trkpt>
      <trkpt lat="54.510965" lon="9.541572">
        <ele>-4.920362</ele>
        <time>2021-03-28T11:28:39.000Z</time>
      </trkpt>
      <trkpt lat="54.510958" lon="9.541539">
        <ele>-4.942941</ele>
        <time>2021-03-28T11:28:41.000Z</time>
      </trkpt>
      <trkpt lat="54.510955" lon="9.541505">
        <ele>-4.965041</ele>
        <time>2021-03-28T11:28:43.000Z</time>
      </trkpt>
      <trkpt lat="54.510952" lon="9.541493">
        <ele>-4.973438</ele>
        <time>2021-03-28T11:28:44.000Z</time>
      </trkpt>
      <trkpt lat="54.510948" lon="9.541466">
        <ele>-4.991345</ele>
        <time>2021-03-28T11:28:47.000Z</time>
      </trkpt>
      <trkpt lat="54.510948" lon="9.541461">
        <ele>-4.994558</ele>
        <time>2021-03-28T11:28:48.000Z</time>
      </trkpt>
      <trkpt lat="54.510937" lon="9.541471">
        <ele>-5.008327</ele>
        <time>2021-03-28T11:28:51.000Z</time>
      </trkpt>
      <trkpt lat="54.510913" lon="9.541489">
        <ele>-5.037303</ele>
        <time>2021-03-28T11:28:54.000Z</time>
      </trkpt>
      <trkpt lat="54.510894" lon="9.541500">
        <ele>-5.059491</ele>
        <time>2021-03-28T11:28:56.000Z</time>
      </trkpt>
      <trkpt lat="54.510885" lon="9.541503">
        <ele>-5.069638</ele>
        <time>2021-03-28T11:28:57.000Z</time>
      </trkpt>
      <trkpt lat="54.510881" lon="9.541528">
        <ele>-5.086303</ele>
        <time>2021-03-28T11:29:04.000Z</time>
      </trkpt>
      <trkpt lat="54.510881" lon="9.541530">
        <ele>-5.087589</ele>
        <time>2021-03-28T11:29:05.000Z</time>
      </trkpt>
      <trkpt lat="54.510890" lon="9.541542">
        <ele>-5.100187</ele>
        <time>2021-03-28T11:29:12.000Z</time>
      </trkpt>
      <trkpt lat="54.510890" lon="9.541542">
        <ele>-5.100187</ele>
        <time>2021-03-28T11:29:15.000Z</time>
      </trkpt>
      <trkpt lat="54.510891" lon="9.541548">
        <ele>-5.104199</ele>
        <time>2021-03-28T11:29:19.000Z</time>
      </trkpt>
      <trkpt lat="54.510886" lon="9.541590">
        <ele>-5.131751</ele>
        <time>2021-03-28T11:29:22.000Z</time>
      </trkpt>
      <trkpt lat="54.510874" lon="9.541626">
        <ele>-5.158429</ele>
        <time>2021-03-28T11:29:25.000Z</time>
      </trkpt>
      <trkpt lat="54.510845" lon="9.541638">
        <ele>-5.191444</ele>
        <time>2021-03-28T11:29:29.000Z</time>
      </trkpt>
      <trkpt lat="54.510793" lon="9.541681">
        <ele>-5.255295</ele>
        <time>2021-03-28T11:29:35.000Z</time>
      </trkpt>
      <trkpt lat="54.510773" lon="9.541711">
        <ele>-5.284652</ele>
        <time>2021-03-28T11:29:37.000Z</time>
      </trkpt>
      <trkpt lat="54.510729" lon="9.541774">
        <ele>-5.347988</ele>
        <time>2021-03-28T11:29:43.000Z</time>
      </trkpt>
      <trkpt lat="54.510709" lon="9.541786">
        <ele>-5.371431</ele>
        <time>2021-03-28T11:29:45.000Z</time>
      </trkpt>
      <trkpt lat="54.510625" lon="9.541814">
        <ele>-5.466141</ele>
        <time>2021-03-28T11:29:50.000Z</time>
      </trkpt>
      <trkpt lat="54.510575" lon="9.541819">
        <ele>-5.521582</ele>
        <time>2021-03-28T11:29:53.000Z</time>
      </trkpt>
      <trkpt lat="54.510551" lon="9.541827">
        <ele>-5.548641</ele>
        <time>2021-03-28T11:29:55.000Z</time>
      </trkpt>
      <trkpt lat="54.510536" lon="9.541829">
        <ele>-5.565295</ele>
        <time>2021-03-28T11:29:56.000Z</time>
      </trkpt>
      <trkpt lat="54.510432" lon="9.541854">
        <ele>-5.681534</ele>
        <time>2021-03-28T11:30:02.000Z</time>
      </trkpt>
      <trkpt lat="54.510415" lon="9.541863">
        <ele>-5.701221</ele>
        <time>2021-03-28T11:30:03.000Z</time>
      </trkpt>
      <trkpt lat="54.510401" lon="9.541850">
        <ele>-5.718827</ele>
        <time>2021-03-28T11:30:04.000Z</time>
      </trkpt>
      <trkpt lat="54.510354" lon="9.541847">
        <ele>-5.770890</ele>
        <time>2021-03-28T11:30:07.000Z</time>
      </trkpt>
      <trkpt lat="54.510336" lon="9.541848">
        <ele>-5.790825</ele>
        <time>2021-03-28T11:30:08.000Z</time>
      </trkpt>
      <trkpt lat="54.510209" lon="9.541858">
        <ele>-5.931555</ele>
        <time>2021-03-28T11:30:16.000Z</time>
      </trkpt>
      <trkpt lat="54.510096" lon="9.541890">
        <ele>-6.058320</ele>
        <time>2021-03-28T11:30:23.000Z</time>
      </trkpt>
      <trkpt lat="54.510082" lon="9.541888">
        <ele>-6.073871</ele>
        <time>2021-03-28T11:30:24.000Z</time>
      </trkpt>
      <trkpt lat="54.510009" lon="9.541883">
        <ele>-6.154743</ele>
        <time>2021-03-28T11:30:30.000Z</time>
      </trkpt>
      <trkpt lat="54.509883" lon="9.541894">
        <ele>-6.294398</ele>
        <time>2021-03-28T11:30:39.000Z</time>
      </trkpt>
      <trkpt lat="54.509746" lon="9.541914">
        <ele>-6.446594</ele>
        <time>2021-03-28T11:30:48.000Z</time>
      </trkpt>
      <trkpt lat="54.509672" lon="9.541975">
        <ele>-6.477440</ele>
        <time>2021-03-28T11:30:54.000Z</time>
      </trkpt>
      <trkpt lat="54.509637" lon="9.542021">
        <ele>-6.485156</ele>
        <time>2021-03-28T11:30:59.000Z</time>
      </trkpt>
      <trkpt lat="54.509630" lon="9.542055">
        <ele>-6.488826</ele>
        <time>2021-03-28T11:31:01.000Z</time>
      </trkpt>
      <trkpt lat="54.509638" lon="9.542113">
        <ele>-6.494891</ele>
        <time>2021-03-28T11:31:06.000Z</time>
      </trkpt>
      <trkpt lat="54.509649" lon="9.542122">
        <ele>-6.497025</ele>
        <time>2021-03-28T11:31:08.000Z</time>
      </trkpt>
      <trkpt lat="54.509653" lon="9.542115">
        <ele>-6.498024</ele>
        <time>2021-03-28T11:31:10.000Z</time>
      </trkpt>
      <trkpt lat="54.509661" lon="9.542136">
        <ele>-6.500580</ele>
        <time>2021-03-28T11:31:15.000Z</time>
      </trkpt>
      <trkpt lat="54.509653" lon="9.542162">
        <ele>-6.503574</ele>
        <time>2021-03-28T11:31:22.000Z</time>
      </trkpt>
      <trkpt lat="54.509667" lon="9.542255">
        <ele>-6.513348</ele>
        <time>2021-03-28T11:31:28.000Z</time>
      </trkpt>
      <trkpt lat="54.509709" lon="9.542381">
        <ele>-6.528130</ele>
        <time>2021-03-28T11:31:35.000Z</time>
      </trkpt>
      <trkpt lat="54.509722" lon="9.542414">
        <ele>-6.532188</ele>
        <time>2021-03-28T11:31:37.000Z</time>
      </trkpt>
      <trkpt lat="54.509742" lon="9.542487">
        <ele>-6.540400</ele>
        <time>2021-03-28T11:31:41.000Z</time>
      </trkpt>
      <trkpt lat="54.509764" lon="9.542542">
        <ele>-6.547195</ele>
        <time>2021-03-28T11:31:44.000Z</time>
      </trkpt>
      <trkpt lat="54.509793" lon="9.542589">
        <ele>-6.554173</ele>
        <time>2021-03-28T11:31:47.000Z</time>
      </trkpt>
      <trkpt lat="54.509827" lon="9.542751">
        <ele>-6.571699</ele>
        <time>2021-03-28T11:31:55.000Z</time>
      </trkpt>
      <trkpt lat="54.509834" lon="9.542772">
        <ele>-6.574163</ele>
        <time>2021-03-28T11:31:56.000Z</time>
      </trkpt>
      <trkpt lat="54.509853" lon="9.542815">
        <ele>-6.579660</ele>
        <time>2021-03-28T11:31:58.000Z</time>
      </trkpt>
      <trkpt lat="54.509868" lon="9.542853">
        <ele>-6.584336</ele>
        <time>2021-03-28T11:32:00.000Z</time>
      </trkpt>
      <trkpt lat="54.509870" lon="9.542870">
        <ele>-6.586100</ele>
        <time>2021-03-28T11:32:01.000Z</time>
      </trkpt>
      <trkpt lat="54.509906" lon="9.543033">
        <ele>-6.603843</ele>
        <time>2021-03-28T11:32:09.000Z</time>
      </trkpt>
      <trkpt lat="54.509953" lon="9.543202">
        <ele>-6.622908</ele>
        <time>2021-03-28T11:32:17.000Z</time>
      </trkpt>
      <trkpt lat="54.509956" lon="9.543240">
        <ele>-6.626810</ele>
        <time>2021-03-28T11:32:19.000Z</time>
      </trkpt>
      <trkpt lat="54.509973" lon="9.543320">
        <ele>-6.635477</ele>
        <time>2021-03-28T11:32:23.000Z</time>
      </trkpt>
      <trkpt lat="54.509985" lon="9.543365">
        <ele>-6.640515</ele>
        <time>2021-03-28T11:32:25.000Z</time>
      </trkpt>
      <trkpt lat="54.509991" lon="9.543429">
        <ele>-6.647111</ele>
        <time>2021-03-28T11:32:28.000Z</time>
      </trkpt>
      <trkpt lat="54.510000" lon="9.543530">
        <ele>-6.657507</ele>
        <time>2021-03-28T11:32:33.000Z</time>
      </trkpt>
      <trkpt lat="54.510016" lon="9.543797">
        <ele>-6.684815</ele>
        <time>2021-03-28T11:32:43.000Z</time>
      </trkpt>
      <trkpt lat="54.510039" lon="9.544001">
        <ele>-6.705958</ele>
        <time>2021-03-28T11:32:52.000Z</time>
      </trkpt>
      <trkpt lat="54.510071" lon="9.544153">
        <ele>-6.722408</ele>
        <time>2021-03-28T11:32:59.000Z</time>
      </trkpt>
      <trkpt lat="54.510098" lon="9.544303">
        <ele>-6.738385</ele>
        <time>2021-03-28T11:33:06.000Z</time>
      </trkpt>
      <trkpt lat="54.510120" lon="9.544426">
        <ele>-6.751480</ele>
        <time>2021-03-28T11:33:13.000Z</time>
      </trkpt>
      <trkpt lat="54.510122" lon="9.544506">
        <ele>-6.759626</ele>
        <time>2021-03-28T11:33:17.000Z</time>
      </trkpt>
      <trkpt lat="54.510131" lon="9.544531">
        <ele>-6.762619</ele>
        <time>2021-03-28T11:33:18.000Z</time>
      </trkpt>
      <trkpt lat="54.510170" lon="9.544706">
        <ele>-6.781361</ele>
        <time>2021-03-28T11:33:26.000Z</time>
      </trkpt>
      <trkpt lat="54.510226" lon="9.544840">
        <ele>-6.781361</ele>
        <time>2021-03-28T11:33:33.000Z</time>
      </trkpt>
      <trkpt lat="54.510249" lon="9.544951">
        <ele>-6.781361</ele>
        <time>2021-03-28T11:33:39.000Z</time>
      </trkpt>
      <trkpt lat="54.510272" lon="9.544989">
        <ele>-6.781361</ele>
        <time>2021-03-28T11:33:41.000Z</time>
      </trkpt>
      <trkpt lat="54.510325" lon="9.545184">
        <ele>-6.781361</ele>
        <time>2021-03-28T11:33:51.000Z</time>
      </trkpt>
      <trkpt lat="54.510377" lon="9.545331">
        <ele>-6.781361</ele>
        <time>2021-03-28T11:33:58.000Z</time>
      </trkpt>
      <trkpt lat="54.510393" lon="9.545368">
        <ele>-6.781361</ele>
        <time>2021-03-28T11:34:00.000Z</time>
      </trkpt>
      <trkpt lat="54.510427" lon="9.545419">
        <ele>-6.781361</ele>
        <time>2021-03-28T11:34:04.000Z</time>
      </trkpt>
      <trkpt lat="54.510438" lon="9.545416">
        <ele>-6.781361</ele>
        <time>2021-03-28T11:34:05.000Z</time>
      </trkpt>
      <trkpt lat="54.510497" lon="9.545368">
        <ele>-6.781361</ele>
        <time>2021-03-28T11:34:10.000Z</time>
      </trkpt>
      <trkpt lat="54.510562" lon="9.545302">
        <ele>-6.781361</ele>
        <time>2021-03-28T11:34:16.000Z</time>
      </trkpt>
      <trkpt lat="54.510572" lon="9.545292">
        <ele>-6.781361</ele>
        <time>2021-03-28T11:34:17.000Z</time>
      </trkpt>
      <trkpt lat="54.510639" lon="9.545263">
        <ele>-6.781361</ele>
        <time>2021-03-28T11:34:23.000Z</time>
      </trkpt>
      <trkpt lat="54.510752" lon="9.545215">
        <ele>-6.781361</ele>
        <time>2021-03-28T11:34:31.000Z</time>
      </trkpt>
      <trkpt lat="54.510842" lon="9.545226">
        <ele>-6.781361</ele>
        <time>2021-03-28T11:34:39.000Z</time>
      </trkpt>
      <trkpt lat="54.510930" lon="9.545259">
        <ele>-6.781361</ele>
        <time>2021-03-28T11:34:45.000Z</time>
      </trkpt>
      <trkpt lat="54.510984" lon="9.545285">
        <ele>-6.781361</ele>
        <time>2021-03-28T11:34:49.000Z</time>
      </trkpt>
      <trkpt lat="54.511015" lon="9.545332">
        <ele>-6.781361</ele>
        <time>2021-03-28T11:34:52.000Z</time>
      </trkpt>
      <trkpt lat="54.511093" lon="9.545396">
        <ele>-6.781361</ele>
        <time>2021-03-28T11:34:59.000Z</time>
      </trkpt>
      <trkpt lat="54.511181" lon="9.545497">
        <ele>-6.781361</ele>
        <time>2021-03-28T11:35:05.000Z</time>
      </trkpt>
    </trkseg>
  </trk>
</gpx>