<?xml version='1.0' encoding='UTF-8'?>
<gpx version="1.1" creator="https://www.komoot.de" xmlns="http://www.topografix.com/GPX/1/1" xmlns:xsi="http://www.w3.org/2001/XMLSchema-instance" xsi:schemaLocation="http://www.topografix.com/GPX/1/1 http://www.topografix.com/GPX/1/1/gpx.xsd">
  <metadata>
    <name>PWW Mölln 12 km blaue Markierung</name>
    <author>
      <link href="https://www.komoot.de">
        <text>komoot</text>
        <type>text/html</type>
      </link>
    </author>
  </metadata>
  <trk>
    <name>PWW Mölln 12 km blaue Markierung</name>
    <trkseg>
      <trkpt lat="53.624082" lon="10.683426">
        <ele>56.371519</ele>
        <time>2021-07-21T06:42:16.989Z</time>
      </trkpt>
      <trkpt lat="53.624051" lon="10.683581">
        <ele>56.371519</ele>
        <time>2021-07-21T06:42:49.660Z</time>
      </trkpt>
      <trkpt lat="53.624086" lon="10.683731">
        <ele>56.371519</ele>
        <time>2021-07-21T06:42:57.654Z</time>
      </trkpt>
      <trkpt lat="53.624200" lon="10.683795">
        <ele>56.371519</ele>
        <time>2021-07-21T06:43:03.654Z</time>
      </trkpt>
      <trkpt lat="53.624303" lon="10.683852">
        <ele>56.371519</ele>
        <time>2021-07-21T06:43:06.658Z</time>
      </trkpt>
      <trkpt lat="53.624414" lon="10.683910">
        <ele>56.371519</ele>
        <time>2021-07-21T06:43:09.659Z</time>
      </trkpt>
      <trkpt lat="53.624525" lon="10.683956">
        <ele>56.371519</ele>
        <time>2021-07-21T06:43:12.666Z</time>
      </trkpt>
      <trkpt lat="53.624615" lon="10.683994">
        <ele>56.371519</ele>
        <time>2021-07-21T06:43:15.664Z</time>
      </trkpt>
      <trkpt lat="53.624703" lon="10.684045">
        <ele>56.371519</ele>
        <time>2021-07-21T06:43:20.660Z</time>
      </trkpt>
      <trkpt lat="53.624759" lon="10.684167">
        <ele>56.574398</ele>
        <time>2021-07-21T06:43:26.652Z</time>
      </trkpt>
      <trkpt lat="53.624741" lon="10.684325">
        <ele>57.226464</ele>
        <time>2021-07-21T06:43:29.655Z</time>
      </trkpt>
      <trkpt lat="53.624698" lon="10.684498">
        <ele>57.986704</ele>
        <time>2021-07-21T06:43:32.664Z</time>
      </trkpt>
      <trkpt lat="53.624637" lon="10.684649">
        <ele>58.727180</ele>
        <time>2021-07-21T06:43:35.666Z</time>
      </trkpt>
      <trkpt lat="53.624586" lon="10.684807">
        <ele>59.456241</ele>
        <time>2021-07-21T06:43:38.660Z</time>
      </trkpt>
      <trkpt lat="53.624549" lon="10.684966">
        <ele>60.148486</ele>
        <time>2021-07-21T06:43:41.663Z</time>
      </trkpt>
      <trkpt lat="53.624521" lon="10.685128">
        <ele>60.832374</ele>
        <time>2021-07-21T06:43:44.658Z</time>
      </trkpt>
      <trkpt lat="53.624503" lon="10.685301">
        <ele>61.544240</ele>
        <time>2021-07-21T06:43:49.654Z</time>
      </trkpt>
      <trkpt lat="53.624452" lon="10.685480">
        <ele>62.349088</ele>
        <time>2021-07-21T06:43:54.668Z</time>
      </trkpt>
      <trkpt lat="53.624433" lon="10.685633">
        <ele>62.982636</ele>
        <time>2021-07-21T06:43:58.647Z</time>
      </trkpt>
      <trkpt lat="53.624394" lon="10.685781">
        <ele>63.639015</ele>
        <time>2021-07-21T06:44:12.656Z</time>
      </trkpt>
      <trkpt lat="53.624395" lon="10.685971">
        <ele>64.409104</ele>
        <time>2021-07-21T06:44:15.634Z</time>
      </trkpt>
      <trkpt lat="53.624384" lon="10.686148">
        <ele>65.130402</ele>
        <time>2021-07-21T06:44:18.636Z</time>
      </trkpt>
      <trkpt lat="53.624383" lon="10.686311">
        <ele>65.791067</ele>
        <time>2021-07-21T06:44:21.665Z</time>
      </trkpt>
      <trkpt lat="53.624375" lon="10.686463">
        <ele>66.409536</ele>
        <time>2021-07-21T06:44:24.657Z</time>
      </trkpt>
      <trkpt lat="53.624361" lon="10.686619">
        <ele>67.048992</ele>
        <time>2021-07-21T06:44:39.667Z</time>
      </trkpt>
      <trkpt lat="53.624427" lon="10.686732">
        <ele>67.691779</ele>
        <time>2021-07-21T06:44:47.652Z</time>
      </trkpt>
      <trkpt lat="53.624531" lon="10.686759">
        <ele>68.410865</ele>
        <time>2021-07-21T06:44:51.654Z</time>
      </trkpt>
      <trkpt lat="53.624637" lon="10.686786">
        <ele>68.918597</ele>
        <time>2021-07-21T06:44:54.653Z</time>
      </trkpt>
      <trkpt lat="53.624741" lon="10.686812">
        <ele>69.300802</ele>
        <time>2021-07-21T06:44:57.657Z</time>
      </trkpt>
      <trkpt lat="53.624841" lon="10.686844">
        <ele>69.670821</ele>
        <time>2021-07-21T06:45:00.648Z</time>
      </trkpt>
      <trkpt lat="53.624935" lon="10.686887">
        <ele>70.024892</ele>
        <time>2021-07-21T06:45:03.692Z</time>
      </trkpt>
      <trkpt lat="53.625036" lon="10.686924">
        <ele>70.400624</ele>
        <time>2021-07-21T06:45:06.662Z</time>
      </trkpt>
      <trkpt lat="53.625138" lon="10.686957">
        <ele>70.778189</ele>
        <time>2021-07-21T06:45:09.667Z</time>
      </trkpt>
      <trkpt lat="53.625240" lon="10.686990">
        <ele>71.155754</ele>
        <time>2021-07-21T06:45:12.666Z</time>
      </trkpt>
      <trkpt lat="53.625328" lon="10.687101">
        <ele>71.555267</ele>
        <time>2021-07-21T06:45:17.656Z</time>
      </trkpt>
      <trkpt lat="53.625309" lon="10.687286">
        <ele>71.960057</ele>
        <time>2021-07-21T06:45:20.652Z</time>
      </trkpt>
      <trkpt lat="53.625262" lon="10.687447">
        <ele>72.346940</ele>
        <time>2021-07-21T06:45:23.657Z</time>
      </trkpt>
      <trkpt lat="53.625239" lon="10.687606">
        <ele>72.699789</ele>
        <time>2021-07-21T06:45:26.666Z</time>
      </trkpt>
      <trkpt lat="53.625214" lon="10.687766">
        <ele>73.056515</ele>
        <time>2021-07-21T06:45:29.664Z</time>
      </trkpt>
      <trkpt lat="53.625196" lon="10.687922">
        <ele>73.399153</ele>
        <time>2021-07-21T06:45:32.659Z</time>
      </trkpt>
      <trkpt lat="53.625173" lon="10.688069">
        <ele>73.726924</ele>
        <time>2021-07-21T06:45:35.663Z</time>
      </trkpt>
      <trkpt lat="53.625194" lon="10.688263">
        <ele>74.152093</ele>
        <time>2021-07-21T06:45:39.657Z</time>
      </trkpt>
      <trkpt lat="53.625258" lon="10.688369">
        <ele>74.478218</ele>
        <time>2021-07-21T06:45:45.667Z</time>
      </trkpt>
      <trkpt lat="53.625207" lon="10.688526">
        <ele>74.864155</ele>
        <time>2021-07-21T06:46:13.655Z</time>
      </trkpt>
      <trkpt lat="53.625126" lon="10.688652">
        <ele>75.287398</ele>
        <time>2021-07-21T06:46:17.649Z</time>
      </trkpt>
      <trkpt lat="53.625031" lon="10.688789">
        <ele>75.904599</ele>
        <time>2021-07-21T06:46:21.664Z</time>
      </trkpt>
      <trkpt lat="53.624992" lon="10.688971">
        <ele>76.471249</ele>
        <time>2021-07-21T06:46:24.658Z</time>
      </trkpt>
      <trkpt lat="53.625000" lon="10.689164">
        <ele>77.037768</ele>
        <time>2021-07-21T06:46:27.658Z</time>
      </trkpt>
      <trkpt lat="53.625027" lon="10.689348">
        <ele>77.592801</ele>
        <time>2021-07-21T06:46:30.660Z</time>
      </trkpt>
      <trkpt lat="53.625050" lon="10.689522">
        <ele>78.114806</ele>
        <time>2021-07-21T06:46:33.645Z</time>
      </trkpt>
      <trkpt lat="53.625069" lon="10.689711">
        <ele>78.676127</ele>
        <time>2021-07-21T06:46:36.660Z</time>
      </trkpt>
      <trkpt lat="53.625087" lon="10.689894">
        <ele>79.219304</ele>
        <time>2021-07-21T06:46:39.652Z</time>
      </trkpt>
      <trkpt lat="53.625109" lon="10.690082">
        <ele>79.780416</ele>
        <time>2021-07-21T06:46:42.665Z</time>
      </trkpt>
      <trkpt lat="53.625123" lon="10.690267">
        <ele>80.326521</ele>
        <time>2021-07-21T06:46:45.664Z</time>
      </trkpt>
      <trkpt lat="53.625138" lon="10.690452">
        <ele>80.873273</ele>
        <time>2021-07-21T06:46:48.660Z</time>
      </trkpt>
      <trkpt lat="53.625152" lon="10.690613">
        <ele>81.349750</ele>
        <time>2021-07-21T06:46:51.662Z</time>
      </trkpt>
      <trkpt lat="53.625174" lon="10.690795">
        <ele>81.893635</ele>
        <time>2021-07-21T06:46:57.671Z</time>
      </trkpt>
      <trkpt lat="53.625216" lon="10.690976">
        <ele>82.462758</ele>
        <time>2021-07-21T06:47:01.655Z</time>
      </trkpt>
      <trkpt lat="53.625258" lon="10.691143">
        <ele>82.993914</ele>
        <time>2021-07-21T06:47:05.666Z</time>
      </trkpt>
      <trkpt lat="53.625366" lon="10.691183">
        <ele>83.539861</ele>
        <time>2021-07-21T06:47:09.652Z</time>
      </trkpt>
      <trkpt lat="53.625467" lon="10.691170">
        <ele>84.039985</ele>
        <time>2021-07-21T06:47:12.661Z</time>
      </trkpt>
      <trkpt lat="53.625582" lon="10.691183">
        <ele>84.336596</ele>
        <time>2021-07-21T06:47:16.660Z</time>
      </trkpt>
      <trkpt lat="53.625653" lon="10.691299">
        <ele>84.572299</ele>
        <time>2021-07-21T06:47:20.662Z</time>
      </trkpt>
      <trkpt lat="53.625658" lon="10.691501">
        <ele>84.858163</ele>
        <time>2021-07-21T06:47:24.657Z</time>
      </trkpt>
      <trkpt lat="53.625651" lon="10.691656">
        <ele>85.077959</ele>
        <time>2021-07-21T06:47:27.648Z</time>
      </trkpt>
      <trkpt lat="53.625696" lon="10.691805">
        <ele>85.314381</ele>
        <time>2021-07-21T06:47:31.657Z</time>
      </trkpt>
      <trkpt lat="53.625797" lon="10.691860">
        <ele>85.567426</ele>
        <time>2021-07-21T06:47:35.670Z</time>
      </trkpt>
      <trkpt lat="53.625888" lon="10.691873">
        <ele>85.785161</ele>
        <time>2021-07-21T06:47:38.655Z</time>
      </trkpt>
      <trkpt lat="53.625981" lon="10.691992">
        <ele>86.063501</ele>
        <time>2021-07-21T06:47:42.655Z</time>
      </trkpt>
      <trkpt lat="53.625968" lon="10.692146">
        <ele>86.283441</ele>
        <time>2021-07-21T06:47:45.656Z</time>
      </trkpt>
      <trkpt lat="53.625943" lon="10.692327">
        <ele>86.546212</ele>
        <time>2021-07-21T06:47:48.654Z</time>
      </trkpt>
      <trkpt lat="53.625918" lon="10.692475">
        <ele>86.763797</ele>
        <time>2021-07-21T06:47:51.657Z</time>
      </trkpt>
      <trkpt lat="53.625884" lon="10.692637">
        <ele>87.006774</ele>
        <time>2021-07-21T06:47:55.656Z</time>
      </trkpt>
      <trkpt lat="53.625918" lon="10.692781">
        <ele>87.225923</ele>
        <time>2021-07-21T06:48:08.657Z</time>
      </trkpt>
      <trkpt lat="53.625996" lon="10.692865">
        <ele>87.446579</ele>
        <time>2021-07-21T06:48:20.658Z</time>
      </trkpt>
      <trkpt lat="53.625944" lon="10.693015">
        <ele>87.692245</ele>
        <time>2021-07-21T06:48:40.665Z</time>
      </trkpt>
      <trkpt lat="53.625871" lon="10.693130">
        <ele>87.930427</ele>
        <time>2021-07-21T06:48:44.659Z</time>
      </trkpt>
      <trkpt lat="53.625793" lon="10.693258">
        <ele>88.189922</ele>
        <time>2021-07-21T06:48:47.659Z</time>
      </trkpt>
      <trkpt lat="53.625719" lon="10.693375">
        <ele>88.245340</ele>
        <time>2021-07-21T06:48:50.652Z</time>
      </trkpt>
      <trkpt lat="53.625642" lon="10.693459">
        <ele>87.799665</ele>
        <time>2021-07-21T06:48:53.651Z</time>
      </trkpt>
      <trkpt lat="53.625668" lon="10.693803">
        <ele>86.800224</ele>
        <time>2021-07-21T06:49:56.656Z</time>
      </trkpt>
      <trkpt lat="53.625694" lon="10.693990">
        <ele>86.246670</ele>
        <time>2021-07-21T06:49:59.658Z</time>
      </trkpt>
      <trkpt lat="53.625748" lon="10.694180">
        <ele>85.639451</ele>
        <time>2021-07-21T06:50:02.665Z</time>
      </trkpt>
      <trkpt lat="53.625778" lon="10.694362">
        <ele>85.095038</ele>
        <time>2021-07-21T06:50:05.667Z</time>
      </trkpt>
      <trkpt lat="53.625823" lon="10.694548">
        <ele>84.516091</ele>
        <time>2021-07-21T06:50:08.664Z</time>
      </trkpt>
      <trkpt lat="53.625863" lon="10.694724">
        <ele>83.972883</ele>
        <time>2021-07-21T06:50:11.646Z</time>
      </trkpt>
      <trkpt lat="53.625908" lon="10.694884">
        <ele>83.462533</ele>
        <time>2021-07-21T06:50:14.657Z</time>
      </trkpt>
      <trkpt lat="53.625937" lon="10.695028">
        <ele>83.024246</ele>
        <time>2021-07-21T06:50:17.656Z</time>
      </trkpt>
      <trkpt lat="53.625968" lon="10.695175">
        <ele>82.574602</ele>
        <time>2021-07-21T06:50:20.663Z</time>
      </trkpt>
      <trkpt lat="53.625996" lon="10.695328">
        <ele>82.113136</ele>
        <time>2021-07-21T06:50:23.633Z</time>
      </trkpt>
      <trkpt lat="53.626044" lon="10.695513">
        <ele>81.531170</ele>
        <time>2021-07-21T06:50:27.658Z</time>
      </trkpt>
      <trkpt lat="53.626075" lon="10.695657">
        <ele>81.089664</ele>
        <time>2021-07-21T06:50:30.662Z</time>
      </trkpt>
      <trkpt lat="53.626102" lon="10.695815">
        <ele>80.615779</ele>
        <time>2021-07-21T06:50:35.664Z</time>
      </trkpt>
      <trkpt lat="53.626131" lon="10.695971">
        <ele>80.144616</ele>
        <time>2021-07-21T06:50:39.662Z</time>
      </trkpt>
      <trkpt lat="53.626153" lon="10.696120">
        <ele>79.702088</ele>
        <time>2021-07-21T06:50:43.664Z</time>
      </trkpt>
      <trkpt lat="53.626197" lon="10.696253">
        <ele>79.202502</ele>
        <time>2021-07-21T06:50:46.658Z</time>
      </trkpt>
      <trkpt lat="53.626247" lon="10.696396">
        <ele>78.644880</ele>
        <time>2021-07-21T06:50:49.662Z</time>
      </trkpt>
      <trkpt lat="53.626292" lon="10.696540">
        <ele>78.098125</ele>
        <time>2021-07-21T06:50:52.665Z</time>
      </trkpt>
      <trkpt lat="53.626337" lon="10.696679">
        <ele>77.566172</ele>
        <time>2021-07-21T06:50:55.665Z</time>
      </trkpt>
      <trkpt lat="53.626376" lon="10.696816">
        <ele>77.055706</ele>
        <time>2021-07-21T06:50:59.637Z</time>
      </trkpt>
      <trkpt lat="53.626455" lon="10.696905">
        <ele>76.517561</ele>
        <time>2021-07-21T06:51:17.660Z</time>
      </trkpt>
      <trkpt lat="53.626455" lon="10.697059">
        <ele>76.000263</ele>
        <time>2021-07-21T06:51:26.647Z</time>
      </trkpt>
      <trkpt lat="53.626450" lon="10.697224">
        <ele>75.445292</ele>
        <time>2021-07-21T06:51:34.658Z</time>
      </trkpt>
      <trkpt lat="53.626440" lon="10.697387">
        <ele>74.894840</ele>
        <time>2021-07-21T06:51:43.668Z</time>
      </trkpt>
      <trkpt lat="53.626453" lon="10.697538">
        <ele>74.382303</ele>
        <time>2021-07-21T06:51:55.671Z</time>
      </trkpt>
      <trkpt lat="53.626460" lon="10.697563">
        <ele>74.289436</ele>
        <time>2021-07-21T06:52:27.895Z</time>
      </trkpt>
      <trkpt lat="53.626442" lon="10.697737">
        <ele>73.696131</ele>
        <time>2021-07-21T06:53:19.655Z</time>
      </trkpt>
      <trkpt lat="53.626467" lon="10.697883">
        <ele>73.185672</ele>
        <time>2021-07-21T06:53:25.648Z</time>
      </trkpt>
      <trkpt lat="53.626487" lon="10.698032">
        <ele>72.672510</ele>
        <time>2021-07-21T06:53:29.654Z</time>
      </trkpt>
      <trkpt lat="53.626527" lon="10.698168">
        <ele>72.162580</ele>
        <time>2021-07-21T06:53:34.659Z</time>
      </trkpt>
      <trkpt lat="53.626570" lon="10.698325">
        <ele>71.581682</ele>
        <time>2021-07-21T06:53:39.655Z</time>
      </trkpt>
      <trkpt lat="53.626593" lon="10.698479">
        <ele>71.048234</ele>
        <time>2021-07-21T06:53:43.654Z</time>
      </trkpt>
      <trkpt lat="53.626610" lon="10.698644">
        <ele>70.485686</ele>
        <time>2021-07-21T06:53:47.657Z</time>
      </trkpt>
      <trkpt lat="53.626594" lon="10.698823">
        <ele>69.877622</ele>
        <time>2021-07-21T06:53:53.653Z</time>
      </trkpt>
      <trkpt lat="53.626588" lon="10.698994">
        <ele>69.379825</ele>
        <time>2021-07-21T06:53:57.661Z</time>
      </trkpt>
      <trkpt lat="53.626567" lon="10.699158">
        <ele>69.129151</ele>
        <time>2021-07-21T06:54:02.654Z</time>
      </trkpt>
      <trkpt lat="53.626558" lon="10.699335">
        <ele>68.863731</ele>
        <time>2021-07-21T06:54:08.654Z</time>
      </trkpt>
      <trkpt lat="53.626534" lon="10.699512">
        <ele>68.592456</ele>
        <time>2021-07-21T06:54:12.652Z</time>
      </trkpt>
      <trkpt lat="53.626539" lon="10.699709">
        <ele>68.297855</ele>
        <time>2021-07-21T06:54:16.657Z</time>
      </trkpt>
      <trkpt lat="53.626546" lon="10.699880">
        <ele>68.041761</ele>
        <time>2021-07-21T06:54:21.652Z</time>
      </trkpt>
      <trkpt lat="53.626603" lon="10.700051">
        <ele>67.748684</ele>
        <time>2021-07-21T06:54:25.660Z</time>
      </trkpt>
      <trkpt lat="53.626650" lon="10.700207">
        <ele>67.487257</ele>
        <time>2021-07-21T06:54:28.662Z</time>
      </trkpt>
      <trkpt lat="53.626670" lon="10.700388">
        <ele>67.212177</ele>
        <time>2021-07-21T06:54:32.662Z</time>
      </trkpt>
      <trkpt lat="53.626695" lon="10.700546">
        <ele>66.967857</ele>
        <time>2021-07-21T06:54:37.655Z</time>
      </trkpt>
      <trkpt lat="53.626695" lon="10.700704">
        <ele>66.731795</ele>
        <time>2021-07-21T06:54:41.654Z</time>
      </trkpt>
      <trkpt lat="53.626667" lon="10.700867">
        <ele>66.478252</ele>
        <time>2021-07-21T06:54:45.649Z</time>
      </trkpt>
      <trkpt lat="53.626623" lon="10.701015">
        <ele>66.230901</ele>
        <time>2021-07-21T06:54:49.638Z</time>
      </trkpt>
      <trkpt lat="53.626611" lon="10.701179">
        <ele>65.984016</ele>
        <time>2021-07-21T06:54:53.654Z</time>
      </trkpt>
      <trkpt lat="53.626620" lon="10.701351">
        <ele>65.726038</ele>
        <time>2021-07-21T06:54:58.653Z</time>
      </trkpt>
      <trkpt lat="53.626626" lon="10.701511">
        <ele>65.486510</ele>
        <time>2021-07-21T06:55:02.654Z</time>
      </trkpt>
      <trkpt lat="53.626625" lon="10.701672">
        <ele>65.245952</ele>
        <time>2021-07-21T06:55:06.672Z</time>
      </trkpt>
      <trkpt lat="53.626662" lon="10.701845">
        <ele>64.971183</ele>
        <time>2021-07-21T06:55:11.655Z</time>
      </trkpt>
      <trkpt lat="53.626751" lon="10.701976">
        <ele>64.529815</ele>
        <time>2021-07-21T06:55:15.658Z</time>
      </trkpt>
      <trkpt lat="53.626838" lon="10.702076">
        <ele>64.103736</ele>
        <time>2021-07-21T06:55:19.666Z</time>
      </trkpt>
      <trkpt lat="53.626929" lon="10.702140">
        <ele>63.704737</ele>
        <time>2021-07-21T06:55:23.651Z</time>
      </trkpt>
      <trkpt lat="53.627028" lon="10.702223">
        <ele>63.257326</ele>
        <time>2021-07-21T06:55:26.662Z</time>
      </trkpt>
      <trkpt lat="53.627142" lon="10.702302">
        <ele>62.758563</ele>
        <time>2021-07-21T06:55:29.656Z</time>
      </trkpt>
      <trkpt lat="53.627252" lon="10.702395">
        <ele>62.260606</ele>
        <time>2021-07-21T06:55:32.661Z</time>
      </trkpt>
      <trkpt lat="53.627355" lon="10.702499">
        <ele>61.774783</ele>
        <time>2021-07-21T06:55:35.664Z</time>
      </trkpt>
      <trkpt lat="53.627449" lon="10.702613">
        <ele>61.306227</ele>
        <time>2021-07-21T06:55:38.665Z</time>
      </trkpt>
      <trkpt lat="53.627528" lon="10.702744">
        <ele>60.857856</ele>
        <time>2021-07-21T06:55:41.653Z</time>
      </trkpt>
      <trkpt lat="53.627586" lon="10.702871">
        <ele>60.473176</ele>
        <time>2021-07-21T06:55:44.654Z</time>
      </trkpt>
      <trkpt lat="53.627643" lon="10.703008">
        <ele>60.071555</ele>
        <time>2021-07-21T06:55:47.663Z</time>
      </trkpt>
      <trkpt lat="53.627684" lon="10.703162">
        <ele>59.666448</ele>
        <time>2021-07-21T06:55:50.658Z</time>
      </trkpt>
      <trkpt lat="53.627713" lon="10.703313">
        <ele>59.285545</ele>
        <time>2021-07-21T06:55:53.659Z</time>
      </trkpt>
      <trkpt lat="53.627777" lon="10.703419">
        <ele>58.922522</ele>
        <time>2021-07-21T06:55:57.660Z</time>
      </trkpt>
      <trkpt lat="53.627849" lon="10.703564">
        <ele>58.468674</ele>
        <time>2021-07-21T06:56:01.657Z</time>
      </trkpt>
      <trkpt lat="53.627884" lon="10.703719">
        <ele>58.070650</ele>
        <time>2021-07-21T06:56:04.672Z</time>
      </trkpt>
      <trkpt lat="53.627932" lon="10.703857">
        <ele>57.686715</ele>
        <time>2021-07-21T06:56:07.665Z</time>
      </trkpt>
      <trkpt lat="53.627989" lon="10.703988">
        <ele>57.441407</ele>
        <time>2021-07-21T06:56:11.657Z</time>
      </trkpt>
      <trkpt lat="53.628067" lon="10.704118">
        <ele>57.189041</ele>
        <time>2021-07-21T06:56:15.661Z</time>
      </trkpt>
      <trkpt lat="53.628152" lon="10.704218">
        <ele>56.950544</ele>
        <time>2021-07-21T06:56:19.644Z</time>
      </trkpt>
      <trkpt lat="53.628265" lon="10.704239">
        <ele>56.688940</ele>
        <time>2021-07-21T06:56:23.653Z</time>
      </trkpt>
      <trkpt lat="53.628378" lon="10.704278">
        <ele>56.423519</ele>
        <time>2021-07-21T06:56:27.662Z</time>
      </trkpt>
      <trkpt lat="53.628468" lon="10.704304">
        <ele>56.213398</ele>
        <time>2021-07-21T06:56:30.654Z</time>
      </trkpt>
      <trkpt lat="53.628566" lon="10.704328">
        <ele>55.985520</ele>
        <time>2021-07-21T06:56:35.652Z</time>
      </trkpt>
      <trkpt lat="53.628608" lon="10.704466">
        <ele>55.773849</ele>
        <time>2021-07-21T06:56:52.652Z</time>
      </trkpt>
      <trkpt lat="53.628581" lon="10.704636">
        <ele>55.533687</ele>
        <time>2021-07-21T06:56:56.660Z</time>
      </trkpt>
      <trkpt lat="53.628559" lon="10.704823">
        <ele>55.273530</ele>
        <time>2021-07-21T06:56:59.658Z</time>
      </trkpt>
      <trkpt lat="53.628547" lon="10.704974">
        <ele>55.065629</ele>
        <time>2021-07-21T06:57:01.660Z</time>
      </trkpt>
      <trkpt lat="53.628519" lon="10.705169">
        <ele>54.791838</ele>
        <time>2021-07-21T06:57:04.660Z</time>
      </trkpt>
      <trkpt lat="53.628502" lon="10.705358">
        <ele>54.530974</ele>
        <time>2021-07-21T06:57:07.658Z</time>
      </trkpt>
      <trkpt lat="53.628459" lon="10.705573">
        <ele>54.221343</ele>
        <time>2021-07-21T06:57:10.657Z</time>
      </trkpt>
      <trkpt lat="53.628439" lon="10.705781">
        <ele>53.933794</ele>
        <time>2021-07-21T06:57:13.657Z</time>
      </trkpt>
      <trkpt lat="53.628404" lon="10.705948">
        <ele>53.692088</ele>
        <time>2021-07-21T06:57:15.661Z</time>
      </trkpt>
      <trkpt lat="53.628339" lon="10.706082">
        <ele>53.523093</ele>
        <time>2021-07-21T06:57:17.663Z</time>
      </trkpt>
      <trkpt lat="53.628284" lon="10.706284">
        <ele>53.767345</ele>
        <time>2021-07-21T06:57:20.665Z</time>
      </trkpt>
      <trkpt lat="53.628237" lon="10.706485">
        <ele>54.004769</ele>
        <time>2021-07-21T06:57:23.653Z</time>
      </trkpt>
      <trkpt lat="53.628191" lon="10.706615">
        <ele>54.171121</ele>
        <time>2021-07-21T06:57:25.655Z</time>
      </trkpt>
      <trkpt lat="53.628122" lon="10.706803">
        <ele>54.414076</ele>
        <time>2021-07-21T06:57:28.653Z</time>
      </trkpt>
      <trkpt lat="53.628058" lon="10.707012">
        <ele>54.672554</ele>
        <time>2021-07-21T06:57:31.659Z</time>
      </trkpt>
      <trkpt lat="53.628008" lon="10.707214">
        <ele>54.913089</ele>
        <time>2021-07-21T06:57:34.656Z</time>
      </trkpt>
      <trkpt lat="53.627952" lon="10.707334">
        <ele>55.080889</ele>
        <time>2021-07-21T06:57:36.652Z</time>
      </trkpt>
      <trkpt lat="53.627931" lon="10.707481">
        <ele>55.247046</ele>
        <time>2021-07-21T06:57:38.661Z</time>
      </trkpt>
      <trkpt lat="53.627866" lon="10.707649">
        <ele>55.467475</ele>
        <time>2021-07-21T06:57:41.654Z</time>
      </trkpt>
      <trkpt lat="53.627783" lon="10.707800">
        <ele>55.693723</ele>
        <time>2021-07-21T06:57:44.655Z</time>
      </trkpt>
      <trkpt lat="53.627706" lon="10.707947">
        <ele>55.909252</ele>
        <time>2021-07-21T06:57:47.654Z</time>
      </trkpt>
      <trkpt lat="53.627628" lon="10.708089">
        <ele>56.121948</ele>
        <time>2021-07-21T06:57:50.668Z</time>
      </trkpt>
      <trkpt lat="53.627565" lon="10.708214">
        <ele>56.302216</ele>
        <time>2021-07-21T06:57:53.655Z</time>
      </trkpt>
      <trkpt lat="53.627581" lon="10.708403">
        <ele>56.512013</ele>
        <time>2021-07-21T06:57:57.652Z</time>
      </trkpt>
      <trkpt lat="53.627614" lon="10.708551">
        <ele>56.685765</ele>
        <time>2021-07-21T06:58:00.657Z</time>
      </trkpt>
      <trkpt lat="53.627655" lon="10.708751">
        <ele>56.867977</ele>
        <time>2021-07-21T06:58:03.663Z</time>
      </trkpt>
      <trkpt lat="53.627678" lon="10.708934">
        <ele>56.961450</ele>
        <time>2021-07-21T06:58:06.633Z</time>
      </trkpt>
      <trkpt lat="53.627718" lon="10.709075">
        <ele>57.039552</ele>
        <time>2021-07-21T06:58:09.777Z</time>
      </trkpt>
      <trkpt lat="53.627757" lon="10.709278">
        <ele>57.146177</ele>
        <time>2021-07-21T06:58:13.775Z</time>
      </trkpt>
      <trkpt lat="53.627808" lon="10.709448">
        <ele>57.241374</ele>
        <time>2021-07-21T06:58:17.768Z</time>
      </trkpt>
      <trkpt lat="53.627859" lon="10.709635">
        <ele>57.344221</ele>
        <time>2021-07-21T06:58:20.765Z</time>
      </trkpt>
      <trkpt lat="53.627885" lon="10.709782">
        <ele>57.420872</ele>
        <time>2021-07-21T06:58:23.765Z</time>
      </trkpt>
      <trkpt lat="53.627890" lon="10.709980">
        <ele>57.519898</ele>
        <time>2021-07-21T06:58:27.774Z</time>
      </trkpt>
      <trkpt lat="53.627855" lon="10.710131">
        <ele>57.600908</ele>
        <time>2021-07-21T06:58:30.778Z</time>
      </trkpt>
      <trkpt lat="53.627770" lon="10.710318">
        <ele>57.718639</ele>
        <time>2021-07-21T06:58:33.769Z</time>
      </trkpt>
      <trkpt lat="53.627687" lon="10.710456">
        <ele>57.816852</ele>
        <time>2021-07-21T06:58:36.759Z</time>
      </trkpt>
      <trkpt lat="53.627601" lon="10.710626">
        <ele>57.928506</ele>
        <time>2021-07-21T06:58:39.765Z</time>
      </trkpt>
      <trkpt lat="53.627510" lon="10.710771">
        <ele>58.033999</ele>
        <time>2021-07-21T06:58:42.766Z</time>
      </trkpt>
      <trkpt lat="53.627397" lon="10.710856">
        <ele>58.138256</ele>
        <time>2021-07-21T06:58:45.766Z</time>
      </trkpt>
      <trkpt lat="53.627292" lon="10.710925">
        <ele>58.233209</ele>
        <time>2021-07-21T06:58:48.772Z</time>
      </trkpt>
      <trkpt lat="53.627199" lon="10.710969">
        <ele>58.314596</ele>
        <time>2021-07-21T06:58:51.767Z</time>
      </trkpt>
      <trkpt lat="53.627093" lon="10.711022">
        <ele>58.593291</ele>
        <time>2021-07-21T06:58:55.765Z</time>
      </trkpt>
      <trkpt lat="53.626985" lon="10.711052">
        <ele>58.943903</ele>
        <time>2021-07-21T06:58:58.783Z</time>
      </trkpt>
      <trkpt lat="53.626895" lon="10.711121">
        <ele>59.260593</ele>
        <time>2021-07-21T06:59:06.764Z</time>
      </trkpt>
      <trkpt lat="53.626998" lon="10.711108">
        <ele>59.591449</ele>
        <time>2021-07-21T06:59:12.784Z</time>
      </trkpt>
      <trkpt lat="53.627097" lon="10.711091">
        <ele>59.910210</ele>
        <time>2021-07-21T06:59:16.791Z</time>
      </trkpt>
      <trkpt lat="53.627003" lon="10.711037">
        <ele>60.228308</ele>
        <time>2021-07-21T06:59:31.784Z</time>
      </trkpt>
      <trkpt lat="53.626912" lon="10.711078">
        <ele>60.530028</ele>
        <time>2021-07-21T06:59:34.781Z</time>
      </trkpt>
      <trkpt lat="53.626812" lon="10.711128">
        <ele>60.864137</ele>
        <time>2021-07-21T06:59:37.793Z</time>
      </trkpt>
      <trkpt lat="53.626722" lon="10.711118">
        <ele>61.153054</ele>
        <time>2021-07-21T06:59:39.789Z</time>
      </trkpt>
      <trkpt lat="53.626629" lon="10.711153">
        <ele>61.458284</ele>
        <time>2021-07-21T06:59:42.762Z</time>
      </trkpt>
      <trkpt lat="53.626551" lon="10.711265">
        <ele>61.786452</ele>
        <time>2021-07-21T06:59:46.784Z</time>
      </trkpt>
      <trkpt lat="53.626462" lon="10.711364">
        <ele>62.127984</ele>
        <time>2021-07-21T06:59:50.783Z</time>
      </trkpt>
      <trkpt lat="53.626382" lon="10.711475">
        <ele>62.459845</ele>
        <time>2021-07-21T06:59:54.784Z</time>
      </trkpt>
      <trkpt lat="53.626332" lon="10.711621">
        <ele>62.780120</ele>
        <time>2021-07-21T06:59:58.782Z</time>
      </trkpt>
      <trkpt lat="53.626271" lon="10.711749">
        <ele>63.092060</ele>
        <time>2021-07-21T07:00:02.793Z</time>
      </trkpt>
      <trkpt lat="53.626235" lon="10.711892">
        <ele>63.387177</ele>
        <time>2021-07-21T07:00:05.786Z</time>
      </trkpt>
      <trkpt lat="53.626170" lon="10.712060">
        <ele>63.768236</ele>
        <time>2021-07-21T07:00:09.790Z</time>
      </trkpt>
      <trkpt lat="53.626144" lon="10.712249">
        <ele>64.210400</ele>
        <time>2021-07-21T07:00:14.786Z</time>
      </trkpt>
      <trkpt lat="53.626150" lon="10.712445">
        <ele>65.394956</ele>
        <time>2021-07-21T07:00:18.785Z</time>
      </trkpt>
      <trkpt lat="53.626151" lon="10.712617">
        <ele>66.433132</ele>
        <time>2021-07-21T07:00:22.782Z</time>
      </trkpt>
      <trkpt lat="53.626176" lon="10.712818">
        <ele>67.672685</ele>
        <time>2021-07-21T07:00:26.786Z</time>
      </trkpt>
      <trkpt lat="53.626209" lon="10.712967">
        <ele>68.632656</ele>
        <time>2021-07-21T07:00:29.784Z</time>
      </trkpt>
      <trkpt lat="53.626280" lon="10.713114">
        <ele>69.776907</ele>
        <time>2021-07-21T07:00:33.784Z</time>
      </trkpt>
      <trkpt lat="53.626374" lon="10.713218">
        <ele>70.921113</ele>
        <time>2021-07-21T07:00:37.783Z</time>
      </trkpt>
      <trkpt lat="53.626463" lon="10.713304">
        <ele>71.965071</ele>
        <time>2021-07-21T07:00:41.786Z</time>
      </trkpt>
      <trkpt lat="53.626534" lon="10.713446">
        <ele>73.086080</ele>
        <time>2021-07-21T07:00:45.792Z</time>
      </trkpt>
      <trkpt lat="53.626616" lon="10.713560">
        <ele>74.167682</ele>
        <time>2021-07-21T07:00:48.788Z</time>
      </trkpt>
      <trkpt lat="53.626697" lon="10.713679">
        <ele>75.261033</ele>
        <time>2021-07-21T07:00:52.769Z</time>
      </trkpt>
      <trkpt lat="53.626741" lon="10.713834">
        <ele>76.298192</ele>
        <time>2021-07-21T07:00:56.785Z</time>
      </trkpt>
      <trkpt lat="53.626769" lon="10.714010">
        <ele>77.398003</ele>
        <time>2021-07-21T07:01:01.798Z</time>
      </trkpt>
      <trkpt lat="53.626774" lon="10.714171">
        <ele>78.371055</ele>
        <time>2021-07-21T07:01:05.788Z</time>
      </trkpt>
      <trkpt lat="53.626771" lon="10.714325">
        <ele>79.301028</ele>
        <time>2021-07-21T07:01:09.773Z</time>
      </trkpt>
      <trkpt lat="53.626797" lon="10.714490">
        <ele>80.331445</ele>
        <time>2021-07-21T07:01:12.785Z</time>
      </trkpt>
      <trkpt lat="53.626817" lon="10.714641">
        <ele>81.265262</ele>
        <time>2021-07-21T07:01:15.791Z</time>
      </trkpt>
      <trkpt lat="53.626799" lon="10.714813">
        <ele>82.319412</ele>
        <time>2021-07-21T07:01:18.789Z</time>
      </trkpt>
      <trkpt lat="53.626770" lon="10.714997">
        <ele>82.496523</ele>
        <time>2021-07-21T07:01:21.789Z</time>
      </trkpt>
      <trkpt lat="53.626744" lon="10.715194">
        <ele>82.597985</ele>
        <time>2021-07-21T07:01:24.784Z</time>
      </trkpt>
      <trkpt lat="53.626723" lon="10.715373">
        <ele>82.689719</ele>
        <time>2021-07-21T07:01:27.790Z</time>
      </trkpt>
      <trkpt lat="53.626718" lon="10.715560">
        <ele>82.783826</ele>
        <time>2021-07-21T07:01:30.794Z</time>
      </trkpt>
      <trkpt lat="53.626704" lon="10.715747">
        <ele>82.878584</ele>
        <time>2021-07-21T07:01:33.789Z</time>
      </trkpt>
      <trkpt lat="53.626689" lon="10.715923">
        <ele>82.967975</ele>
        <time>2021-07-21T07:01:36.785Z</time>
      </trkpt>
      <trkpt lat="53.626675" lon="10.716100">
        <ele>83.057747</ele>
        <time>2021-07-21T07:01:39.785Z</time>
      </trkpt>
      <trkpt lat="53.626662" lon="10.716281">
        <ele>83.149408</ele>
        <time>2021-07-21T07:01:42.789Z</time>
      </trkpt>
      <trkpt lat="53.626649" lon="10.716465">
        <ele>83.242565</ele>
        <time>2021-07-21T07:01:45.791Z</time>
      </trkpt>
      <trkpt lat="53.626627" lon="10.716659">
        <ele>83.341864</ele>
        <time>2021-07-21T07:01:48.789Z</time>
      </trkpt>
      <trkpt lat="53.626600" lon="10.716850">
        <ele>83.440577</ele>
        <time>2021-07-21T07:01:51.784Z</time>
      </trkpt>
      <trkpt lat="53.626574" lon="10.717021">
        <ele>83.529326</ele>
        <time>2021-07-21T07:01:54.779Z</time>
      </trkpt>
      <trkpt lat="53.626541" lon="10.717188">
        <ele>83.617821</ele>
        <time>2021-07-21T07:01:57.795Z</time>
      </trkpt>
      <trkpt lat="53.626509" lon="10.717356">
        <ele>83.706531</ele>
        <time>2021-07-21T07:02:00.791Z</time>
      </trkpt>
      <trkpt lat="53.626487" lon="10.717510">
        <ele>83.786167</ele>
        <time>2021-07-21T07:02:04.795Z</time>
      </trkpt>
      <trkpt lat="53.626458" lon="10.717664">
        <ele>83.867398</ele>
        <time>2021-07-21T07:02:09.781Z</time>
      </trkpt>
      <trkpt lat="53.626362" lon="10.717737">
        <ele>83.977016</ele>
        <time>2021-07-21T07:02:13.771Z</time>
      </trkpt>
      <trkpt lat="53.626266" lon="10.717739">
        <ele>84.128220</ele>
        <time>2021-07-21T07:02:16.785Z</time>
      </trkpt>
      <trkpt lat="53.626162" lon="10.717713">
        <ele>84.293802</ele>
        <time>2021-07-21T07:02:19.783Z</time>
      </trkpt>
      <trkpt lat="53.626057" lon="10.717696">
        <ele>84.459929</ele>
        <time>2021-07-21T07:02:22.795Z</time>
      </trkpt>
      <trkpt lat="53.625950" lon="10.717680">
        <ele>84.629106</ele>
        <time>2021-07-21T07:02:25.798Z</time>
      </trkpt>
      <trkpt lat="53.625841" lon="10.717665">
        <ele>84.801343</ele>
        <time>2021-07-21T07:02:28.794Z</time>
      </trkpt>
      <trkpt lat="53.625725" lon="10.717651">
        <ele>84.984501</ele>
        <time>2021-07-21T07:02:31.791Z</time>
      </trkpt>
      <trkpt lat="53.625614" lon="10.717638">
        <ele>85.159738</ele>
        <time>2021-07-21T07:02:34.792Z</time>
      </trkpt>
      <trkpt lat="53.625502" lon="10.717616">
        <ele>85.337321</ele>
        <time>2021-07-21T07:02:37.787Z</time>
      </trkpt>
      <trkpt lat="53.625389" lon="10.717604">
        <ele>85.515639</ele>
        <time>2021-07-21T07:02:40.791Z</time>
      </trkpt>
      <trkpt lat="53.625271" lon="10.717586">
        <ele>85.702239</ele>
        <time>2021-07-21T07:02:43.786Z</time>
      </trkpt>
      <trkpt lat="53.625152" lon="10.717570">
        <ele>85.890249</ele>
        <time>2021-07-21T07:02:46.782Z</time>
      </trkpt>
      <trkpt lat="53.625035" lon="10.717558">
        <ele>86.074854</ele>
        <time>2021-07-21T07:02:49.791Z</time>
      </trkpt>
      <trkpt lat="53.624920" lon="10.717546">
        <ele>86.256316</ele>
        <time>2021-07-21T07:02:52.806Z</time>
      </trkpt>
      <trkpt lat="53.624806" lon="10.717530">
        <ele>86.436478</ele>
        <time>2021-07-21T07:02:55.796Z</time>
      </trkpt>
      <trkpt lat="53.624691" lon="10.717519">
        <ele>86.617885</ele>
        <time>2021-07-21T07:02:58.796Z</time>
      </trkpt>
      <trkpt lat="53.624587" lon="10.717500">
        <ele>86.758123</ele>
        <time>2021-07-21T07:03:01.789Z</time>
      </trkpt>
      <trkpt lat="53.624492" lon="10.717493">
        <ele>86.691495</ele>
        <time>2021-07-21T07:03:04.787Z</time>
      </trkpt>
      <trkpt lat="53.624394" lon="10.717549">
        <ele>86.618991</ele>
        <time>2021-07-21T07:03:08.760Z</time>
      </trkpt>
      <trkpt lat="53.624358" lon="10.717696">
        <ele>86.552901</ele>
        <time>2021-07-21T07:03:11.784Z</time>
      </trkpt>
      <trkpt lat="53.624325" lon="10.717877">
        <ele>86.474210</ele>
        <time>2021-07-21T07:03:14.787Z</time>
      </trkpt>
      <trkpt lat="53.624293" lon="10.718065">
        <ele>86.392931</ele>
        <time>2021-07-21T07:03:17.793Z</time>
      </trkpt>
      <trkpt lat="53.624269" lon="10.718255">
        <ele>86.312203</ele>
        <time>2021-07-21T07:03:20.791Z</time>
      </trkpt>
      <trkpt lat="53.624256" lon="10.718433">
        <ele>86.237674</ele>
        <time>2021-07-21T07:03:23.790Z</time>
      </trkpt>
      <trkpt lat="53.624237" lon="10.718618">
        <ele>86.159651</ele>
        <time>2021-07-21T07:03:26.790Z</time>
      </trkpt>
      <trkpt lat="53.624205" lon="10.718809">
        <ele>86.077173</ele>
        <time>2021-07-21T07:03:29.797Z</time>
      </trkpt>
      <trkpt lat="53.624168" lon="10.719004">
        <ele>85.992092</ele>
        <time>2021-07-21T07:03:32.797Z</time>
      </trkpt>
      <trkpt lat="53.624144" lon="10.719198">
        <ele>85.909737</ele>
        <time>2021-07-21T07:03:35.784Z</time>
      </trkpt>
      <trkpt lat="53.624116" lon="10.719381">
        <ele>85.831199</ele>
        <time>2021-07-21T07:03:38.784Z</time>
      </trkpt>
      <trkpt lat="53.624085" lon="10.719568">
        <ele>85.750511</ele>
        <time>2021-07-21T07:03:41.791Z</time>
      </trkpt>
      <trkpt lat="53.624060" lon="10.719750">
        <ele>85.672876</ele>
        <time>2021-07-21T07:03:44.788Z</time>
      </trkpt>
      <trkpt lat="53.624036" lon="10.719923">
        <ele>85.599043</ele>
        <time>2021-07-21T07:03:47.790Z</time>
      </trkpt>
      <trkpt lat="53.624003" lon="10.720122">
        <ele>85.513174</ele>
        <time>2021-07-21T07:03:50.792Z</time>
      </trkpt>
      <trkpt lat="53.623972" lon="10.720302">
        <ele>85.504028</ele>
        <time>2021-07-21T07:03:53.773Z</time>
      </trkpt>
      <trkpt lat="53.623941" lon="10.720481">
        <ele>85.502527</ele>
        <time>2021-07-21T07:03:56.795Z</time>
      </trkpt>
      <trkpt lat="53.623916" lon="10.720656">
        <ele>85.501078</ele>
        <time>2021-07-21T07:03:59.794Z</time>
      </trkpt>
      <trkpt lat="53.623897" lon="10.720817">
        <ele>85.499757</ele>
        <time>2021-07-21T07:04:02.792Z</time>
      </trkpt>
      <trkpt lat="53.623855" lon="10.721008">
        <ele>85.498118</ele>
        <time>2021-07-21T07:04:06.787Z</time>
      </trkpt>
      <trkpt lat="53.623820" lon="10.721159">
        <ele>85.496813</ele>
        <time>2021-07-21T07:04:09.765Z</time>
      </trkpt>
      <trkpt lat="53.623795" lon="10.721313">
        <ele>85.495528</ele>
        <time>2021-07-21T07:04:12.784Z</time>
      </trkpt>
      <trkpt lat="53.623769" lon="10.721484">
        <ele>85.494107</ele>
        <time>2021-07-21T07:04:15.788Z</time>
      </trkpt>
      <trkpt lat="53.623741" lon="10.721659">
        <ele>85.492648</ele>
        <time>2021-07-21T07:04:18.764Z</time>
      </trkpt>
      <trkpt lat="53.623712" lon="10.721834">
        <ele>85.491186</ele>
        <time>2021-07-21T07:04:21.770Z</time>
      </trkpt>
      <trkpt lat="53.623688" lon="10.722033">
        <ele>85.489551</ele>
        <time>2021-07-21T07:04:25.790Z</time>
      </trkpt>
      <trkpt lat="53.623665" lon="10.722202">
        <ele>85.488156</ele>
        <time>2021-07-21T07:04:28.796Z</time>
      </trkpt>
      <trkpt lat="53.623642" lon="10.722379">
        <ele>85.486698</ele>
        <time>2021-07-21T07:04:31.789Z</time>
      </trkpt>
      <trkpt lat="53.623608" lon="10.722545">
        <ele>85.485284</ele>
        <time>2021-07-21T07:04:34.789Z</time>
      </trkpt>
      <trkpt lat="53.623591" lon="10.722705">
        <ele>85.483976</ele>
        <time>2021-07-21T07:04:37.787Z</time>
      </trkpt>
      <trkpt lat="53.623563" lon="10.722857">
        <ele>85.482695</ele>
        <time>2021-07-21T07:04:40.794Z</time>
      </trkpt>
      <trkpt lat="53.623523" lon="10.722993">
        <ele>85.481473</ele>
        <time>2021-07-21T07:04:43.787Z</time>
      </trkpt>
      <trkpt lat="53.623486" lon="10.723146">
        <ele>85.444382</ele>
        <time>2021-07-21T07:04:47.788Z</time>
      </trkpt>
      <trkpt lat="53.623465" lon="10.723298">
        <ele>85.389281</ele>
        <time>2021-07-21T07:04:50.790Z</time>
      </trkpt>
      <trkpt lat="53.623412" lon="10.723423">
        <ele>85.335030</ele>
        <time>2021-07-21T07:04:53.784Z</time>
      </trkpt>
      <trkpt lat="53.623367" lon="10.723594">
        <ele>85.268981</ele>
        <time>2021-07-21T07:04:56.786Z</time>
      </trkpt>
      <trkpt lat="53.623309" lon="10.723742">
        <ele>85.206352</ele>
        <time>2021-07-21T07:04:59.787Z</time>
      </trkpt>
      <trkpt lat="53.623261" lon="10.723912">
        <ele>85.139877</ele>
        <time>2021-07-21T07:05:02.786Z</time>
      </trkpt>
      <trkpt lat="53.623212" lon="10.724068">
        <ele>85.077552</ele>
        <time>2021-07-21T07:05:04.791Z</time>
      </trkpt>
      <trkpt lat="53.623186" lon="10.724221">
        <ele>85.021360</ele>
        <time>2021-07-21T07:05:07.797Z</time>
      </trkpt>
      <trkpt lat="53.623152" lon="10.724394">
        <ele>84.957014</ele>
        <time>2021-07-21T07:05:10.795Z</time>
      </trkpt>
      <trkpt lat="53.623112" lon="10.724551">
        <ele>84.896686</ele>
        <time>2021-07-21T07:05:13.789Z</time>
      </trkpt>
      <trkpt lat="53.623074" lon="10.724722">
        <ele>84.832213</ele>
        <time>2021-07-21T07:05:16.785Z</time>
      </trkpt>
      <trkpt lat="53.623026" lon="10.724914">
        <ele>84.758649</ele>
        <time>2021-07-21T07:05:19.797Z</time>
      </trkpt>
      <trkpt lat="53.623005" lon="10.725101">
        <ele>84.691453</ele>
        <time>2021-07-21T07:05:21.786Z</time>
      </trkpt>
      <trkpt lat="53.622981" lon="10.725286">
        <ele>84.624592</ele>
        <time>2021-07-21T07:05:23.797Z</time>
      </trkpt>
      <trkpt lat="53.622963" lon="10.725444">
        <ele>84.567789</ele>
        <time>2021-07-21T07:05:25.795Z</time>
      </trkpt>
      <trkpt lat="53.622919" lon="10.725625">
        <ele>84.498725</ele>
        <time>2021-07-21T07:05:28.785Z</time>
      </trkpt>
      <trkpt lat="53.622889" lon="10.725829">
        <ele>84.424519</ele>
        <time>2021-07-21T07:05:31.762Z</time>
      </trkpt>
      <trkpt lat="53.622862" lon="10.726024">
        <ele>84.469352</ele>
        <time>2021-07-21T07:05:34.796Z</time>
      </trkpt>
      <trkpt lat="53.622812" lon="10.726165">
        <ele>84.530066</ele>
        <time>2021-07-21T07:05:37.800Z</time>
      </trkpt>
      <trkpt lat="53.622772" lon="10.726318">
        <ele>84.591861</ele>
        <time>2021-07-21T07:05:40.799Z</time>
      </trkpt>
      <trkpt lat="53.622735" lon="10.726491">
        <ele>84.659828</ele>
        <time>2021-07-21T07:05:44.789Z</time>
      </trkpt>
      <trkpt lat="53.622775" lon="10.726676">
        <ele>84.732601</ele>
        <time>2021-07-21T07:05:48.779Z</time>
      </trkpt>
      <trkpt lat="53.622857" lon="10.726807">
        <ele>84.802991</ele>
        <time>2021-07-21T07:05:51.785Z</time>
      </trkpt>
      <trkpt lat="53.622934" lon="10.726934">
        <ele>84.870112</ele>
        <time>2021-07-21T07:05:54.798Z</time>
      </trkpt>
      <trkpt lat="53.623032" lon="10.727039">
        <ele>84.942465</ele>
        <time>2021-07-21T07:05:57.783Z</time>
      </trkpt>
      <trkpt lat="53.623134" lon="10.727148">
        <ele>85.017714</ele>
        <time>2021-07-21T07:06:00.799Z</time>
      </trkpt>
      <trkpt lat="53.623226" lon="10.727256">
        <ele>85.087568</ele>
        <time>2021-07-21T07:06:03.790Z</time>
      </trkpt>
      <trkpt lat="53.623302" lon="10.727376">
        <ele>85.152449</ele>
        <time>2021-07-21T07:06:06.790Z</time>
      </trkpt>
      <trkpt lat="53.623384" lon="10.727501">
        <ele>85.221333</ele>
        <time>2021-07-21T07:06:10.791Z</time>
      </trkpt>
      <trkpt lat="53.623467" lon="10.727615">
        <ele>85.288041</ele>
        <time>2021-07-21T07:06:14.795Z</time>
      </trkpt>
      <trkpt lat="53.623547" lon="10.727725">
        <ele>85.352366</ele>
        <time>2021-07-21T07:06:18.782Z</time>
      </trkpt>
      <trkpt lat="53.623624" lon="10.727841">
        <ele>85.416708</ele>
        <time>2021-07-21T07:06:22.802Z</time>
      </trkpt>
      <trkpt lat="53.623703" lon="10.727937">
        <ele>85.477388</ele>
        <time>2021-07-21T07:06:26.799Z</time>
      </trkpt>
      <trkpt lat="53.623761" lon="10.728067">
        <ele>85.554461</ele>
        <time>2021-07-21T07:06:29.773Z</time>
      </trkpt>
      <trkpt lat="53.623849" lon="10.728206">
        <ele>85.826836</ele>
        <time>2021-07-21T07:06:32.790Z</time>
      </trkpt>
      <trkpt lat="53.623949" lon="10.728302">
        <ele>86.086764</ele>
        <time>2021-07-21T07:06:35.783Z</time>
      </trkpt>
      <trkpt lat="53.624051" lon="10.728380">
        <ele>86.339753</ele>
        <time>2021-07-21T07:06:38.791Z</time>
      </trkpt>
      <trkpt lat="53.624134" lon="10.728440">
        <ele>86.543739</ele>
        <time>2021-07-21T07:06:41.789Z</time>
      </trkpt>
      <trkpt lat="53.624200" lon="10.728574">
        <ele>86.777087</ele>
        <time>2021-07-21T07:06:46.786Z</time>
      </trkpt>
      <trkpt lat="53.624305" lon="10.728631">
        <ele>87.026252</ele>
        <time>2021-07-21T07:06:50.775Z</time>
      </trkpt>
      <trkpt lat="53.624399" lon="10.728633">
        <ele>87.238599</ele>
        <time>2021-07-21T07:06:53.782Z</time>
      </trkpt>
      <trkpt lat="53.624499" lon="10.728590">
        <ele>87.471711</ele>
        <time>2021-07-21T07:06:56.783Z</time>
      </trkpt>
      <trkpt lat="53.624595" lon="10.728550">
        <ele>87.695080</ele>
        <time>2021-07-21T07:06:59.793Z</time>
      </trkpt>
      <trkpt lat="53.624714" lon="10.728489">
        <ele>87.976027</ele>
        <time>2021-07-21T07:07:02.788Z</time>
      </trkpt>
      <trkpt lat="53.624809" lon="10.728454">
        <ele>88.195678</ele>
        <time>2021-07-21T07:07:05.799Z</time>
      </trkpt>
      <trkpt lat="53.624901" lon="10.728442">
        <ele>88.404111</ele>
        <time>2021-07-21T07:07:09.788Z</time>
      </trkpt>
      <trkpt lat="53.625014" lon="10.728439">
        <ele>88.659389</ele>
        <time>2021-07-21T07:07:13.790Z</time>
      </trkpt>
      <trkpt lat="53.625131" lon="10.728427">
        <ele>88.924160</ele>
        <time>2021-07-21T07:07:17.784Z</time>
      </trkpt>
      <trkpt lat="53.625246" lon="10.728357">
        <ele>89.200333</ele>
        <time>2021-07-21T07:07:20.787Z</time>
      </trkpt>
      <trkpt lat="53.625341" lon="10.728309">
        <ele>89.424348</ele>
        <time>2021-07-21T07:07:24.782Z</time>
      </trkpt>
      <trkpt lat="53.625574" lon="10.728222">
        <ele>90.014324</ele>
        <time>2021-07-21T07:08:25.785Z</time>
      </trkpt>
      <trkpt lat="53.625688" lon="10.728233">
        <ele>90.307792</ele>
        <time>2021-07-21T07:08:30.785Z</time>
      </trkpt>
      <trkpt lat="53.625807" lon="10.728214">
        <ele>90.614999</ele>
        <time>2021-07-21T07:08:34.790Z</time>
      </trkpt>
      <trkpt lat="53.625902" lon="10.728179">
        <ele>90.864916</ele>
        <time>2021-07-21T07:08:37.772Z</time>
      </trkpt>
      <trkpt lat="53.626009" lon="10.728179">
        <ele>91.139915</ele>
        <time>2021-07-21T07:08:42.785Z</time>
      </trkpt>
      <trkpt lat="53.626112" lon="10.728191">
        <ele>91.405264</ele>
        <time>2021-07-21T07:08:48.784Z</time>
      </trkpt>
      <trkpt lat="53.626194" lon="10.728288">
        <ele>91.662698</ele>
        <time>2021-07-21T07:08:53.776Z</time>
      </trkpt>
      <trkpt lat="53.626235" lon="10.728445">
        <ele>91.924168</ele>
        <time>2021-07-21T07:08:57.790Z</time>
      </trkpt>
      <trkpt lat="53.626268" lon="10.728602">
        <ele>92.178050</ele>
        <time>2021-07-21T07:09:02.785Z</time>
      </trkpt>
      <trkpt lat="53.626310" lon="10.728749">
        <ele>92.426752</ele>
        <time>2021-07-21T07:09:06.789Z</time>
      </trkpt>
      <trkpt lat="53.626324" lon="10.728926">
        <ele>92.698921</ele>
        <time>2021-07-21T07:09:10.795Z</time>
      </trkpt>
      <trkpt lat="53.626347" lon="10.729078">
        <ele>92.938018</ele>
        <time>2021-07-21T07:09:13.793Z</time>
      </trkpt>
      <trkpt lat="53.626390" lon="10.729266">
        <ele>93.245137</ele>
        <time>2021-07-21T07:09:17.782Z</time>
      </trkpt>
      <trkpt lat="53.626401" lon="10.729444">
        <ele>93.517910</ele>
        <time>2021-07-21T07:09:21.788Z</time>
      </trkpt>
      <trkpt lat="53.626409" lon="10.729602">
        <ele>93.759606</ele>
        <time>2021-07-21T07:09:24.798Z</time>
      </trkpt>
      <trkpt lat="53.626407" lon="10.729760">
        <ele>94.000481</ele>
        <time>2021-07-21T07:09:27.789Z</time>
      </trkpt>
      <trkpt lat="53.626466" lon="10.729952">
        <ele>94.062891</ele>
        <time>2021-07-21T07:09:31.785Z</time>
      </trkpt>
      <trkpt lat="53.626516" lon="10.730147">
        <ele>93.624838</ele>
        <time>2021-07-21T07:09:34.792Z</time>
      </trkpt>
      <trkpt lat="53.626555" lon="10.730313">
        <ele>93.256674</ele>
        <time>2021-07-21T07:09:37.770Z</time>
      </trkpt>
      <trkpt lat="53.626604" lon="10.730440">
        <ele>92.944264</ele>
        <time>2021-07-21T07:09:40.801Z</time>
      </trkpt>
      <trkpt lat="53.626656" lon="10.730638">
        <ele>92.497758</ele>
        <time>2021-07-21T07:09:44.785Z</time>
      </trkpt>
      <trkpt lat="53.626679" lon="10.730789">
        <ele>92.176299</ele>
        <time>2021-07-21T07:09:47.785Z</time>
      </trkpt>
      <trkpt lat="53.626651" lon="10.730954">
        <ele>91.822424</ele>
        <time>2021-07-21T07:09:52.785Z</time>
      </trkpt>
      <trkpt lat="53.626626" lon="10.731138">
        <ele>91.433196</ele>
        <time>2021-07-21T07:09:57.786Z</time>
      </trkpt>
      <trkpt lat="53.626677" lon="10.731284">
        <ele>91.083811</ele>
        <time>2021-07-21T07:10:02.785Z</time>
      </trkpt>
      <trkpt lat="53.626779" lon="10.731360">
        <ele>90.696089</ele>
        <time>2021-07-21T07:10:06.781Z</time>
      </trkpt>
      <trkpt lat="53.626878" lon="10.731381">
        <ele>90.349165</ele>
        <time>2021-07-21T07:10:09.788Z</time>
      </trkpt>
      <trkpt lat="53.626988" lon="10.731381">
        <ele>89.966708</ele>
        <time>2021-07-21T07:10:12.789Z</time>
      </trkpt>
      <trkpt lat="53.627095" lon="10.731406">
        <ele>89.591128</ele>
        <time>2021-07-21T07:10:15.787Z</time>
      </trkpt>
      <trkpt lat="53.627203" lon="10.731477">
        <ele>89.188096</ele>
        <time>2021-07-21T07:10:19.783Z</time>
      </trkpt>
      <trkpt lat="53.627338" lon="10.731510">
        <ele>88.713811</ele>
        <time>2021-07-21T07:10:22.788Z</time>
      </trkpt>
      <trkpt lat="53.627434" lon="10.731525">
        <ele>88.378601</ele>
        <time>2021-07-21T07:10:24.780Z</time>
      </trkpt>
      <trkpt lat="53.627571" lon="10.731530">
        <ele>87.919812</ele>
        <time>2021-07-21T07:10:27.806Z</time>
      </trkpt>
      <trkpt lat="53.627704" lon="10.731519">
        <ele>87.591511</ele>
        <time>2021-07-21T07:10:30.789Z</time>
      </trkpt>
      <trkpt lat="53.627804" lon="10.731536">
        <ele>87.343714</ele>
        <time>2021-07-21T07:10:33.785Z</time>
      </trkpt>
      <trkpt lat="53.627898" lon="10.731552">
        <ele>87.110782</ele>
        <time>2021-07-21T07:10:35.787Z</time>
      </trkpt>
      <trkpt lat="53.628005" lon="10.731571">
        <ele>86.845518</ele>
        <time>2021-07-21T07:10:38.788Z</time>
      </trkpt>
      <trkpt lat="53.628117" lon="10.731569">
        <ele>86.569369</ele>
        <time>2021-07-21T07:10:41.789Z</time>
      </trkpt>
      <trkpt lat="53.628220" lon="10.731571">
        <ele>86.315409</ele>
        <time>2021-07-21T07:10:44.786Z</time>
      </trkpt>
      <trkpt lat="53.628330" lon="10.731572">
        <ele>86.044203</ele>
        <time>2021-07-21T07:10:47.783Z</time>
      </trkpt>
      <trkpt lat="53.628436" lon="10.731573">
        <ele>85.782859</ele>
        <time>2021-07-21T07:10:50.791Z</time>
      </trkpt>
      <trkpt lat="53.628534" lon="10.731579">
        <ele>85.541084</ele>
        <time>2021-07-21T07:10:53.785Z</time>
      </trkpt>
      <trkpt lat="53.628642" lon="10.731586">
        <ele>85.274616</ele>
        <time>2021-07-21T07:10:56.794Z</time>
      </trkpt>
      <trkpt lat="53.628738" lon="10.731578">
        <ele>85.037642</ele>
        <time>2021-07-21T07:10:59.786Z</time>
      </trkpt>
      <trkpt lat="53.628864" lon="10.731560">
        <ele>84.725880</ele>
        <time>2021-07-21T07:11:02.788Z</time>
      </trkpt>
      <trkpt lat="53.628982" lon="10.731552">
        <ele>84.434719</ele>
        <time>2021-07-21T07:11:05.797Z</time>
      </trkpt>
      <trkpt lat="53.629096" lon="10.731527">
        <ele>84.151289</ele>
        <time>2021-07-21T07:11:08.791Z</time>
      </trkpt>
      <trkpt lat="53.629207" lon="10.731502">
        <ele>83.875191</ele>
        <time>2021-07-21T07:11:11.781Z</time>
      </trkpt>
      <trkpt lat="53.629311" lon="10.731515">
        <ele>83.618079</ele>
        <time>2021-07-21T07:11:14.783Z</time>
      </trkpt>
      <trkpt lat="53.629410" lon="10.731532">
        <ele>83.774799</ele>
        <time>2021-07-21T07:11:18.784Z</time>
      </trkpt>
      <trkpt lat="53.629532" lon="10.731520">
        <ele>84.251983</ele>
        <time>2021-07-21T07:11:22.762Z</time>
      </trkpt>
      <trkpt lat="53.629633" lon="10.731519">
        <ele>84.646365</ele>
        <time>2021-07-21T07:11:25.765Z</time>
      </trkpt>
      <trkpt lat="53.629738" lon="10.731508">
        <ele>85.057150</ele>
        <time>2021-07-21T07:11:28.775Z</time>
      </trkpt>
      <trkpt lat="53.629852" lon="10.731490">
        <ele>85.504234</ele>
        <time>2021-07-21T07:11:31.785Z</time>
      </trkpt>
      <trkpt lat="53.629960" lon="10.731473">
        <ele>85.927775</ele>
        <time>2021-07-21T07:11:34.784Z</time>
      </trkpt>
      <trkpt lat="53.630054" lon="10.731440">
        <ele>86.302687</ele>
        <time>2021-07-21T07:11:37.783Z</time>
      </trkpt>
      <trkpt lat="53.630161" lon="10.731437">
        <ele>86.720549</ele>
        <time>2021-07-21T07:11:41.788Z</time>
      </trkpt>
      <trkpt lat="53.630245" lon="10.731503">
        <ele>87.082399</ele>
        <time>2021-07-21T07:11:46.794Z</time>
      </trkpt>
      <trkpt lat="53.630276" lon="10.731685">
        <ele>87.520854</ele>
        <time>2021-07-21T07:11:50.792Z</time>
      </trkpt>
      <trkpt lat="53.630259" lon="10.731851">
        <ele>87.910911</ele>
        <time>2021-07-21T07:11:54.772Z</time>
      </trkpt>
      <trkpt lat="53.630256" lon="10.732007">
        <ele>88.272314</ele>
        <time>2021-07-21T07:11:57.783Z</time>
      </trkpt>
      <trkpt lat="53.630224" lon="10.732153">
        <ele>88.632725</ele>
        <time>2021-07-21T07:12:01.790Z</time>
      </trkpt>
      <trkpt lat="53.630202" lon="10.732319">
        <ele>89.026575</ele>
        <time>2021-07-21T07:12:04.784Z</time>
      </trkpt>
      <trkpt lat="53.630192" lon="10.732487">
        <ele>89.417529</ele>
        <time>2021-07-21T07:12:07.765Z</time>
      </trkpt>
      <trkpt lat="53.630186" lon="10.732651">
        <ele>89.797989</ele>
        <time>2021-07-21T07:12:10.794Z</time>
      </trkpt>
      <trkpt lat="53.630179" lon="10.732806">
        <ele>90.157926</ele>
        <time>2021-07-21T07:12:13.785Z</time>
      </trkpt>
      <trkpt lat="53.630202" lon="10.732974">
        <ele>90.549931</ele>
        <time>2021-07-21T07:12:18.786Z</time>
      </trkpt>
      <trkpt lat="53.630200" lon="10.733185">
        <ele>90.411773</ele>
        <time>2021-07-21T07:12:24.786Z</time>
      </trkpt>
      <trkpt lat="53.630203" lon="10.733374">
        <ele>90.287992</ele>
        <time>2021-07-21T07:12:26.791Z</time>
      </trkpt>
      <trkpt lat="53.630179" lon="10.733589">
        <ele>90.144761</ele>
        <time>2021-07-21T07:12:29.784Z</time>
      </trkpt>
      <trkpt lat="53.630176" lon="10.733749">
        <ele>90.039958</ele>
        <time>2021-07-21T07:12:31.784Z</time>
      </trkpt>
      <trkpt lat="53.630152" lon="10.733969">
        <ele>89.893509</ele>
        <time>2021-07-21T07:12:34.783Z</time>
      </trkpt>
      <trkpt lat="53.630159" lon="10.734125">
        <ele>89.791084</ele>
        <time>2021-07-21T07:12:36.778Z</time>
      </trkpt>
      <trkpt lat="53.630138" lon="10.734295">
        <ele>89.677397</ele>
        <time>2021-07-21T07:12:38.779Z</time>
      </trkpt>
      <trkpt lat="53.630141" lon="10.734477">
        <ele>89.558197</ele>
        <time>2021-07-21T07:12:40.788Z</time>
      </trkpt>
      <trkpt lat="53.630145" lon="10.734701">
        <ele>89.411479</ele>
        <time>2021-07-21T07:12:43.782Z</time>
      </trkpt>
      <trkpt lat="53.630161" lon="10.734907">
        <ele>89.275461</ele>
        <time>2021-07-21T07:12:46.784Z</time>
      </trkpt>
      <trkpt lat="53.630178" lon="10.735060">
        <ele>89.173549</ele>
        <time>2021-07-21T07:12:48.778Z</time>
      </trkpt>
      <trkpt lat="53.630201" lon="10.735211">
        <ele>89.071482</ele>
        <time>2021-07-21T07:12:50.787Z</time>
      </trkpt>
      <trkpt lat="53.630243" lon="10.735421">
        <ele>88.926387</ele>
        <time>2021-07-21T07:12:53.783Z</time>
      </trkpt>
      <trkpt lat="53.630279" lon="10.735632">
        <ele>88.782643</ele>
        <time>2021-07-21T07:12:56.787Z</time>
      </trkpt>
      <trkpt lat="53.630313" lon="10.735776">
        <ele>88.681170</ele>
        <time>2021-07-21T07:12:58.785Z</time>
      </trkpt>
      <trkpt lat="53.630348" lon="10.735916">
        <ele>88.581700</ele>
        <time>2021-07-21T07:13:00.813Z</time>
      </trkpt>
      <trkpt lat="53.630389" lon="10.736052">
        <ele>88.546607</ele>
        <time>2021-07-21T07:13:02.785Z</time>
      </trkpt>
      <trkpt lat="53.630453" lon="10.736212">
        <ele>88.517798</ele>
        <time>2021-07-21T07:13:05.787Z</time>
      </trkpt>
      <trkpt lat="53.630512" lon="10.736416">
        <ele>88.483918</ele>
        <time>2021-07-21T07:13:08.787Z</time>
      </trkpt>
      <trkpt lat="53.630555" lon="10.736581">
        <ele>88.457015</ele>
        <time>2021-07-21T07:13:11.777Z</time>
      </trkpt>
      <trkpt lat="53.630582" lon="10.736755">
        <ele>88.430168</ele>
        <time>2021-07-21T07:13:14.785Z</time>
      </trkpt>
      <trkpt lat="53.630622" lon="10.736904">
        <ele>88.405753</ele>
        <time>2021-07-21T07:13:16.787Z</time>
      </trkpt>
      <trkpt lat="53.630697" lon="10.737096">
        <ele>88.371434</ele>
        <time>2021-07-21T07:13:19.786Z</time>
      </trkpt>
      <trkpt lat="53.630763" lon="10.737288">
        <ele>88.338307</ele>
        <time>2021-07-21T07:13:22.795Z</time>
      </trkpt>
      <trkpt lat="53.630831" lon="10.737466">
        <ele>88.306701</ele>
        <time>2021-07-21T07:13:25.785Z</time>
      </trkpt>
      <trkpt lat="53.630891" lon="10.737630">
        <ele>88.277937</ele>
        <time>2021-07-21T07:13:28.785Z</time>
      </trkpt>
      <trkpt lat="53.630968" lon="10.737805">
        <ele>88.245409</ele>
        <time>2021-07-21T07:13:31.786Z</time>
      </trkpt>
      <trkpt lat="53.631052" lon="10.737947">
        <ele>88.215469</ele>
        <time>2021-07-21T07:13:34.804Z</time>
      </trkpt>
      <trkpt lat="53.631102" lon="10.738135">
        <ele>88.184714</ele>
        <time>2021-07-21T07:13:37.811Z</time>
      </trkpt>
      <trkpt lat="53.631161" lon="10.738315">
        <ele>88.154014</ele>
        <time>2021-07-21T07:13:40.790Z</time>
      </trkpt>
      <trkpt lat="53.631208" lon="10.738464">
        <ele>88.128822</ele>
        <time>2021-07-21T07:13:43.785Z</time>
      </trkpt>
      <trkpt lat="53.631270" lon="10.738587">
        <ele>88.081226</ele>
        <time>2021-07-21T07:13:46.812Z</time>
      </trkpt>
      <trkpt lat="53.631329" lon="10.738713">
        <ele>87.989042</ele>
        <time>2021-07-21T07:13:50.809Z</time>
      </trkpt>
      <trkpt lat="53.631400" lon="10.738848">
        <ele>87.885432</ele>
        <time>2021-07-21T07:13:54.808Z</time>
      </trkpt>
      <trkpt lat="53.631465" lon="10.738978">
        <ele>87.787794</ele>
        <time>2021-07-21T07:13:58.808Z</time>
      </trkpt>
      <trkpt lat="53.631517" lon="10.739116">
        <ele>87.693912</ele>
        <time>2021-07-21T07:14:01.785Z</time>
      </trkpt>
      <trkpt lat="53.631573" lon="10.739235">
        <ele>87.606682</ele>
        <time>2021-07-21T07:14:04.789Z</time>
      </trkpt>
      <trkpt lat="53.631628" lon="10.739382">
        <ele>87.506881</ele>
        <time>2021-07-21T07:14:08.785Z</time>
      </trkpt>
      <trkpt lat="53.631683" lon="10.739503">
        <ele>87.419341</ele>
        <time>2021-07-21T07:14:10.791Z</time>
      </trkpt>
      <trkpt lat="53.631768" lon="10.739677">
        <ele>87.289897</ele>
        <time>2021-07-21T07:14:13.789Z</time>
      </trkpt>
      <trkpt lat="53.631850" lon="10.739848">
        <ele>87.163625</ele>
        <time>2021-07-21T07:14:16.788Z</time>
      </trkpt>
      <trkpt lat="53.631905" lon="10.739976">
        <ele>87.072863</ele>
        <time>2021-07-21T07:14:19.797Z</time>
      </trkpt>
      <trkpt lat="53.631965" lon="10.740111">
        <ele>86.975993</ele>
        <time>2021-07-21T07:14:22.785Z</time>
      </trkpt>
      <trkpt lat="53.632055" lon="10.740229">
        <ele>86.865607</ele>
        <time>2021-07-21T07:14:25.802Z</time>
      </trkpt>
      <trkpt lat="53.632150" lon="10.740352">
        <ele>86.749634</ele>
        <time>2021-07-21T07:14:28.805Z</time>
      </trkpt>
      <trkpt lat="53.632235" lon="10.740480">
        <ele>86.639291</ele>
        <time>2021-07-21T07:14:31.778Z</time>
      </trkpt>
      <trkpt lat="53.632297" lon="10.740637">
        <ele>86.530984</ele>
        <time>2021-07-21T07:14:34.785Z</time>
      </trkpt>
      <trkpt lat="53.632364" lon="10.740791">
        <ele>86.421315</ele>
        <time>2021-07-21T07:14:37.785Z</time>
      </trkpt>
      <trkpt lat="53.632412" lon="10.740941">
        <ele>86.284038</ele>
        <time>2021-07-21T07:14:40.782Z</time>
      </trkpt>
      <trkpt lat="53.632467" lon="10.741094">
        <ele>86.096781</ele>
        <time>2021-07-21T07:14:43.775Z</time>
      </trkpt>
      <trkpt lat="53.632523" lon="10.741264">
        <ele>85.893248</ele>
        <time>2021-07-21T07:14:46.783Z</time>
      </trkpt>
      <trkpt lat="53.632566" lon="10.741414">
        <ele>85.718875</ele>
        <time>2021-07-21T07:14:49.791Z</time>
      </trkpt>
      <trkpt lat="53.632621" lon="10.741583">
        <ele>85.517112</ele>
        <time>2021-07-21T07:14:52.788Z</time>
      </trkpt>
      <trkpt lat="53.632679" lon="10.741772">
        <ele>85.294385</ele>
        <time>2021-07-21T07:14:55.784Z</time>
      </trkpt>
      <trkpt lat="53.632738" lon="10.741939">
        <ele>85.090933</ele>
        <time>2021-07-21T07:14:58.787Z</time>
      </trkpt>
      <trkpt lat="53.632818" lon="10.742084">
        <ele>84.883646</ele>
        <time>2021-07-21T07:15:01.786Z</time>
      </trkpt>
      <trkpt lat="53.632887" lon="10.742203">
        <ele>84.709452</ele>
        <time>2021-07-21T07:15:04.786Z</time>
      </trkpt>
      <trkpt lat="53.632938" lon="10.742346">
        <ele>84.534805</ele>
        <time>2021-07-21T07:15:07.767Z</time>
      </trkpt>
      <trkpt lat="53.633001" lon="10.742513">
        <ele>84.327651</ele>
        <time>2021-07-21T07:15:10.788Z</time>
      </trkpt>
      <trkpt lat="53.633061" lon="10.742650">
        <ele>84.149400</ele>
        <time>2021-07-21T07:15:13.786Z</time>
      </trkpt>
      <trkpt lat="53.633116" lon="10.742771">
        <ele>83.989836</ele>
        <time>2021-07-21T07:15:16.780Z</time>
      </trkpt>
      <trkpt lat="53.633195" lon="10.742895">
        <ele>83.799351</ele>
        <time>2021-07-21T07:15:19.785Z</time>
      </trkpt>
      <trkpt lat="53.633298" lon="10.742992">
        <ele>83.591128</ele>
        <time>2021-07-21T07:15:22.772Z</time>
      </trkpt>
      <trkpt lat="53.633398" lon="10.743068">
        <ele>83.397531</ele>
        <time>2021-07-21T07:15:25.789Z</time>
      </trkpt>
      <trkpt lat="53.633495" lon="10.743127">
        <ele>83.215529</ele>
        <time>2021-07-21T07:15:28.791Z</time>
      </trkpt>
      <trkpt lat="53.633589" lon="10.743219">
        <ele>82.894267</ele>
        <time>2021-07-21T07:15:32.785Z</time>
      </trkpt>
      <trkpt lat="53.633692" lon="10.743323">
        <ele>82.523830</ele>
        <time>2021-07-21T07:15:36.782Z</time>
      </trkpt>
      <trkpt lat="53.633767" lon="10.743415">
        <ele>82.237659</ele>
        <time>2021-07-21T07:15:39.766Z</time>
      </trkpt>
      <trkpt lat="53.633865" lon="10.743483">
        <ele>81.910664</ele>
        <time>2021-07-21T07:15:42.787Z</time>
      </trkpt>
      <trkpt lat="53.633966" lon="10.743533">
        <ele>81.585858</ele>
        <time>2021-07-21T07:15:45.786Z</time>
      </trkpt>
      <trkpt lat="53.634075" lon="10.743582">
        <ele>81.237771</ele>
        <time>2021-07-21T07:15:49.787Z</time>
      </trkpt>
      <trkpt lat="53.634190" lon="10.743640">
        <ele>80.867386</ele>
        <time>2021-07-21T07:15:52.784Z</time>
      </trkpt>
      <trkpt lat="53.634301" lon="10.743688">
        <ele>80.513792</ele>
        <time>2021-07-21T07:15:55.788Z</time>
      </trkpt>
      <trkpt lat="53.634393" lon="10.743718">
        <ele>80.224649</ele>
        <time>2021-07-21T07:15:58.784Z</time>
      </trkpt>
      <trkpt lat="53.634498" lon="10.743752">
        <ele>79.894731</ele>
        <time>2021-07-21T07:16:01.785Z</time>
      </trkpt>
      <trkpt lat="53.634596" lon="10.743789">
        <ele>79.584846</ele>
        <time>2021-07-21T07:16:04.787Z</time>
      </trkpt>
      <trkpt lat="53.634692" lon="10.743804">
        <ele>79.287349</ele>
        <time>2021-07-21T07:16:08.787Z</time>
      </trkpt>
      <trkpt lat="53.634791" lon="10.743776">
        <ele>78.977597</ele>
        <time>2021-07-21T07:16:13.785Z</time>
      </trkpt>
      <trkpt lat="53.634878" lon="10.743681">
        <ele>78.657784</ele>
        <time>2021-07-21T07:16:22.792Z</time>
      </trkpt>
      <trkpt lat="53.634917" lon="10.743535">
        <ele>78.364805</ele>
        <time>2021-07-21T07:16:34.784Z</time>
      </trkpt>
      <trkpt lat="53.634939" lon="10.743378">
        <ele>78.069643</ele>
        <time>2021-07-21T07:16:52.784Z</time>
      </trkpt>
      <trkpt lat="53.634974" lon="10.743232">
        <ele>77.781514</ele>
        <time>2021-07-21T07:17:07.784Z</time>
      </trkpt>
      <trkpt lat="53.635247" lon="10.743005">
        <ele>77.221510</ele>
        <time>2021-07-21T07:17:39.786Z</time>
      </trkpt>
      <trkpt lat="53.635358" lon="10.743038">
        <ele>77.037697</ele>
        <time>2021-07-21T07:17:44.796Z</time>
      </trkpt>
      <trkpt lat="53.635480" lon="10.743037">
        <ele>76.838734</ele>
        <time>2021-07-21T07:17:48.778Z</time>
      </trkpt>
      <trkpt lat="53.635576" lon="10.743059">
        <ele>76.680735</ele>
        <time>2021-07-21T07:17:51.784Z</time>
      </trkpt>
      <trkpt lat="53.635670" lon="10.743054">
        <ele>76.527361</ele>
        <time>2021-07-21T07:18:01.790Z</time>
      </trkpt>
      <trkpt lat="53.635726" lon="10.742932">
        <ele>76.378174</ele>
        <time>2021-07-21T07:18:16.777Z</time>
      </trkpt>
      <trkpt lat="53.635786" lon="10.742810">
        <ele>76.224906</ele>
        <time>2021-07-21T07:18:21.793Z</time>
      </trkpt>
      <trkpt lat="53.635833" lon="10.742669">
        <ele>76.068498</ele>
        <time>2021-07-21T07:18:28.787Z</time>
      </trkpt>
      <trkpt lat="53.635857" lon="10.742476">
        <ele>75.877818</ele>
        <time>2021-07-21T07:18:35.788Z</time>
      </trkpt>
      <trkpt lat="53.635844" lon="10.742316">
        <ele>75.721661</ele>
        <time>2021-07-21T07:18:39.788Z</time>
      </trkpt>
      <trkpt lat="53.635763" lon="10.742172">
        <ele>75.529730</ele>
        <time>2021-07-21T07:18:43.786Z</time>
      </trkpt>
      <trkpt lat="53.635692" lon="10.742043">
        <ele>75.359535</ele>
        <time>2021-07-21T07:18:47.803Z</time>
      </trkpt>
      <trkpt lat="53.635644" lon="10.741903">
        <ele>75.203159</ele>
        <time>2021-07-21T07:18:51.814Z</time>
      </trkpt>
      <trkpt lat="53.635607" lon="10.741741">
        <ele>75.035294</ele>
        <time>2021-07-21T07:18:54.787Z</time>
      </trkpt>
      <trkpt lat="53.635535" lon="10.741619">
        <ele>74.868849</ele>
        <time>2021-07-21T07:18:57.776Z</time>
      </trkpt>
      <trkpt lat="53.635456" lon="10.741506">
        <ele>74.689375</ele>
        <time>2021-07-21T07:19:00.788Z</time>
      </trkpt>
      <trkpt lat="53.635376" lon="10.741421">
        <ele>74.413702</ele>
        <time>2021-07-21T07:19:03.775Z</time>
      </trkpt>
      <trkpt lat="53.635291" lon="10.741290">
        <ele>74.077991</ele>
        <time>2021-07-21T07:19:07.787Z</time>
      </trkpt>
      <trkpt lat="53.635196" lon="10.741161">
        <ele>73.722394</ele>
        <time>2021-07-21T07:19:11.809Z</time>
      </trkpt>
      <trkpt lat="53.635121" lon="10.741055">
        <ele>73.437097</ele>
        <time>2021-07-21T07:19:14.774Z</time>
      </trkpt>
      <trkpt lat="53.635057" lon="10.740906">
        <ele>73.119031</ele>
        <time>2021-07-21T07:19:18.787Z</time>
      </trkpt>
      <trkpt lat="53.635008" lon="10.740749">
        <ele>72.812316</ele>
        <time>2021-07-21T07:19:21.784Z</time>
      </trkpt>
      <trkpt lat="53.634971" lon="10.740612">
        <ele>72.552069</ele>
        <time>2021-07-21T07:19:24.791Z</time>
      </trkpt>
      <trkpt lat="53.634960" lon="10.740438">
        <ele>72.249565</ele>
        <time>2021-07-21T07:19:28.789Z</time>
      </trkpt>
      <trkpt lat="53.634980" lon="10.740287">
        <ele>71.982093</ele>
        <time>2021-07-21T07:19:31.790Z</time>
      </trkpt>
      <trkpt lat="53.635004" lon="10.740138">
        <ele>71.715177</ele>
        <time>2021-07-21T07:19:34.793Z</time>
      </trkpt>
      <trkpt lat="53.635051" lon="10.739974">
        <ele>71.400286</ele>
        <time>2021-07-21T07:19:38.787Z</time>
      </trkpt>
      <trkpt lat="53.635101" lon="10.739813">
        <ele>71.086094</ele>
        <time>2021-07-21T07:19:42.809Z</time>
      </trkpt>
      <trkpt lat="53.635167" lon="10.739698">
        <ele>70.809415</ele>
        <time>2021-07-21T07:19:45.784Z</time>
      </trkpt>
      <trkpt lat="53.635234" lon="10.739569">
        <ele>70.512952</ele>
        <time>2021-07-21T07:19:48.784Z</time>
      </trkpt>
      <trkpt lat="53.635297" lon="10.739422">
        <ele>70.199397</ele>
        <time>2021-07-21T07:19:51.792Z</time>
      </trkpt>
      <trkpt lat="53.635351" lon="10.739295">
        <ele>69.929232</ele>
        <time>2021-07-21T07:19:54.787Z</time>
      </trkpt>
      <trkpt lat="53.635396" lon="10.739157">
        <ele>69.656972</ele>
        <time>2021-07-21T07:19:57.789Z</time>
      </trkpt>
      <trkpt lat="53.635442" lon="10.739016">
        <ele>69.423219</ele>
        <time>2021-07-21T07:20:00.809Z</time>
      </trkpt>
      <trkpt lat="53.635491" lon="10.738876">
        <ele>69.280325</ele>
        <time>2021-07-21T07:20:03.784Z</time>
      </trkpt>
      <trkpt lat="53.635526" lon="10.738699">
        <ele>69.116324</ele>
        <time>2021-07-21T07:20:07.786Z</time>
      </trkpt>
      <trkpt lat="53.635558" lon="10.738528">
        <ele>68.958713</ele>
        <time>2021-07-21T07:20:11.791Z</time>
      </trkpt>
      <trkpt lat="53.635549" lon="10.738363">
        <ele>68.813072</ele>
        <time>2021-07-21T07:20:14.785Z</time>
      </trkpt>
      <trkpt lat="53.635526" lon="10.738194">
        <ele>68.660665</ele>
        <time>2021-07-21T07:20:17.788Z</time>
      </trkpt>
      <trkpt lat="53.635526" lon="10.738009">
        <ele>68.498057</ele>
        <time>2021-07-21T07:20:22.786Z</time>
      </trkpt>
      <trkpt lat="53.635501" lon="10.737827">
        <ele>68.333849</ele>
        <time>2021-07-21T07:20:27.783Z</time>
      </trkpt>
      <trkpt lat="53.635492" lon="10.737406">
        <ele>67.963565</ele>
        <time>2021-07-21T07:22:49.788Z</time>
      </trkpt>
      <trkpt lat="53.635517" lon="10.737258">
        <ele>67.828302</ele>
        <time>2021-07-21T07:22:54.777Z</time>
      </trkpt>
      <trkpt lat="53.635570" lon="10.737106">
        <ele>67.673310</ele>
        <time>2021-07-21T07:22:59.787Z</time>
      </trkpt>
      <trkpt lat="53.635605" lon="10.736952">
        <ele>67.528347</ele>
        <time>2021-07-21T07:23:02.782Z</time>
      </trkpt>
      <trkpt lat="53.635618" lon="10.736754">
        <ele>67.353249</ele>
        <time>2021-07-21T07:23:06.804Z</time>
      </trkpt>
      <trkpt lat="53.635612" lon="10.736556">
        <ele>67.178988</ele>
        <time>2021-07-21T07:23:11.804Z</time>
      </trkpt>
      <trkpt lat="53.635592" lon="10.736391">
        <ele>67.030959</ele>
        <time>2021-07-21T07:23:14.786Z</time>
      </trkpt>
      <trkpt lat="53.635584" lon="10.736220">
        <ele>66.880190</ele>
        <time>2021-07-21T07:23:17.777Z</time>
      </trkpt>
      <trkpt lat="53.635567" lon="10.736047">
        <ele>67.506877</ele>
        <time>2021-07-21T07:23:20.807Z</time>
      </trkpt>
      <trkpt lat="53.635578" lon="10.735896">
        <ele>68.732935</ele>
        <time>2021-07-21T07:23:23.771Z</time>
      </trkpt>
      <trkpt lat="53.635556" lon="10.735747">
        <ele>69.970398</ele>
        <time>2021-07-21T07:23:26.799Z</time>
      </trkpt>
      <trkpt lat="53.635479" lon="10.735631">
        <ele>71.373709</ele>
        <time>2021-07-21T07:23:28.773Z</time>
      </trkpt>
      <trkpt lat="53.635406" lon="10.735530">
        <ele>72.657077</ele>
        <time>2021-07-21T07:23:30.785Z</time>
      </trkpt>
      <trkpt lat="53.635306" lon="10.735434">
        <ele>74.221048</ele>
        <time>2021-07-21T07:23:33.786Z</time>
      </trkpt>
      <trkpt lat="53.635207" lon="10.735335">
        <ele>75.785413</ele>
        <time>2021-07-21T07:23:36.785Z</time>
      </trkpt>
      <trkpt lat="53.635104" lon="10.735244">
        <ele>77.365853</ele>
        <time>2021-07-21T07:23:39.793Z</time>
      </trkpt>
      <trkpt lat="53.635013" lon="10.735172">
        <ele>78.732075</ele>
        <time>2021-07-21T07:23:42.787Z</time>
      </trkpt>
      <trkpt lat="53.634917" lon="10.735183">
        <ele>80.039921</ele>
        <time>2021-07-21T07:23:45.784Z</time>
      </trkpt>
      <trkpt lat="53.634819" lon="10.735210">
        <ele>81.389599</ele>
        <time>2021-07-21T07:23:50.785Z</time>
      </trkpt>
      <trkpt lat="53.634754" lon="10.735253">
        <ele>82.338618</ele>
        <time>2021-07-21T07:25:04.988Z</time>
      </trkpt>
      <trkpt lat="53.634678" lon="10.735082">
        <ele>84.060909</ele>
        <time>2021-07-21T07:30:14.786Z</time>
      </trkpt>
      <trkpt lat="53.634606" lon="10.734968">
        <ele>85.403223</ele>
        <time>2021-07-21T07:30:19.787Z</time>
      </trkpt>
      <trkpt lat="53.634521" lon="10.734836">
        <ele>86.973725</ele>
        <time>2021-07-21T07:30:25.785Z</time>
      </trkpt>
      <trkpt lat="53.634423" lon="10.734751">
        <ele>88.471574</ele>
        <time>2021-07-21T07:30:29.789Z</time>
      </trkpt>
      <trkpt lat="53.634327" lon="10.734688">
        <ele>89.871715</ele>
        <time>2021-07-21T07:30:31.764Z</time>
      </trkpt>
      <trkpt lat="53.634255" lon="10.734570">
        <ele>91.236301</ele>
        <time>2021-07-21T07:30:40.783Z</time>
      </trkpt>
      <trkpt lat="53.634207" lon="10.734426">
        <ele>91.515784</ele>
        <time>2021-07-21T07:30:45.779Z</time>
      </trkpt>
      <trkpt lat="53.634139" lon="10.734307">
        <ele>91.784354</ele>
        <time>2021-07-21T07:30:50.787Z</time>
      </trkpt>
      <trkpt lat="53.634073" lon="10.734200">
        <ele>92.035262</ele>
        <time>2021-07-21T07:30:54.780Z</time>
      </trkpt>
      <trkpt lat="53.634022" lon="10.734070">
        <ele>92.288575</ele>
        <time>2021-07-21T07:30:58.786Z</time>
      </trkpt>
      <trkpt lat="53.634014" lon="10.733880">
        <ele>92.598117</ele>
        <time>2021-07-21T07:31:04.791Z</time>
      </trkpt>
      <trkpt lat="53.634005" lon="10.733684">
        <ele>92.917585</ele>
        <time>2021-07-21T07:31:08.780Z</time>
      </trkpt>
      <trkpt lat="53.634007" lon="10.733521">
        <ele>93.182528</ele>
        <time>2021-07-21T07:31:11.802Z</time>
      </trkpt>
      <trkpt lat="53.634025" lon="10.733341">
        <ele>93.479172</ele>
        <time>2021-07-21T07:31:14.791Z</time>
      </trkpt>
      <trkpt lat="53.634039" lon="10.733191">
        <ele>93.725935</ele>
        <time>2021-07-21T07:31:17.778Z</time>
      </trkpt>
      <trkpt lat="53.634053" lon="10.733015">
        <ele>94.014509</ele>
        <time>2021-07-21T07:31:20.793Z</time>
      </trkpt>
      <trkpt lat="53.634046" lon="10.732839">
        <ele>94.301165</ele>
        <time>2021-07-21T07:31:23.767Z</time>
      </trkpt>
      <trkpt lat="53.634042" lon="10.732682">
        <ele>94.556537</ele>
        <time>2021-07-21T07:31:26.797Z</time>
      </trkpt>
      <trkpt lat="53.634041" lon="10.732511">
        <ele>94.834437</ele>
        <time>2021-07-21T07:31:29.794Z</time>
      </trkpt>
      <trkpt lat="53.634048" lon="10.732323">
        <ele>95.140553</ele>
        <time>2021-07-21T07:31:32.795Z</time>
      </trkpt>
      <trkpt lat="53.634088" lon="10.732177">
        <ele>95.401916</ele>
        <time>2021-07-21T07:31:35.782Z</time>
      </trkpt>
      <trkpt lat="53.634107" lon="10.732011">
        <ele>95.676658</ele>
        <time>2021-07-21T07:31:38.790Z</time>
      </trkpt>
      <trkpt lat="53.634072" lon="10.731796">
        <ele>96.038976</ele>
        <time>2021-07-21T07:31:41.784Z</time>
      </trkpt>
      <trkpt lat="53.634056" lon="10.731597">
        <ele>95.973933</ele>
        <time>2021-07-21T07:31:44.778Z</time>
      </trkpt>
      <trkpt lat="53.634071" lon="10.731427">
        <ele>95.664456</ele>
        <time>2021-07-21T07:31:49.787Z</time>
      </trkpt>
      <trkpt lat="53.634067" lon="10.731272">
        <ele>95.385095</ele>
        <time>2021-07-21T07:31:54.795Z</time>
      </trkpt>
      <trkpt lat="53.634057" lon="10.731085">
        <ele>95.047012</ele>
        <time>2021-07-21T07:31:59.785Z</time>
      </trkpt>
      <trkpt lat="53.633997" lon="10.730966">
        <ele>94.765742</ele>
        <time>2021-07-21T07:32:03.780Z</time>
      </trkpt>
      <trkpt lat="53.634087" lon="10.730898">
        <ele>94.466259</ele>
        <time>2021-07-21T07:32:20.793Z</time>
      </trkpt>
      <trkpt lat="53.634182" lon="10.730860">
        <ele>94.169762</ele>
        <time>2021-07-21T07:32:23.785Z</time>
      </trkpt>
      <trkpt lat="53.634308" lon="10.730805">
        <ele>93.774521</ele>
        <time>2021-07-21T07:32:26.788Z</time>
      </trkpt>
      <trkpt lat="53.634444" lon="10.730786">
        <ele>93.360105</ele>
        <time>2021-07-21T07:32:29.789Z</time>
      </trkpt>
      <trkpt lat="53.634538" lon="10.730802">
        <ele>93.073198</ele>
        <time>2021-07-21T07:32:32.791Z</time>
      </trkpt>
      <trkpt lat="53.634627" lon="10.730762">
        <ele>92.793493</ele>
        <time>2021-07-21T07:32:34.785Z</time>
      </trkpt>
      <trkpt lat="53.634739" lon="10.730738">
        <ele>92.450640</ele>
        <time>2021-07-21T07:32:37.802Z</time>
      </trkpt>
      <trkpt lat="53.634842" lon="10.730757">
        <ele>92.135987</ele>
        <time>2021-07-21T07:32:41.796Z</time>
      </trkpt>
      <trkpt lat="53.634959" lon="10.730740">
        <ele>91.779369</ele>
        <time>2021-07-21T07:32:44.787Z</time>
      </trkpt>
      <trkpt lat="53.635077" lon="10.730705">
        <ele>91.415530</ele>
        <time>2021-07-21T07:32:47.782Z</time>
      </trkpt>
      <trkpt lat="53.635173" lon="10.730619">
        <ele>91.085427</ele>
        <time>2021-07-21T07:32:49.793Z</time>
      </trkpt>
      <trkpt lat="53.635285" lon="10.730590">
        <ele>90.741323</ele>
        <time>2021-07-21T07:32:52.794Z</time>
      </trkpt>
      <trkpt lat="53.635406" lon="10.730572">
        <ele>90.657511</ele>
        <time>2021-07-21T07:32:55.784Z</time>
      </trkpt>
      <trkpt lat="53.635522" lon="10.730545">
        <ele>90.595612</ele>
        <time>2021-07-21T07:32:58.793Z</time>
      </trkpt>
      <trkpt lat="53.635622" lon="10.730506">
        <ele>90.541357</ele>
        <time>2021-07-21T07:33:00.795Z</time>
      </trkpt>
      <trkpt lat="53.635748" lon="10.730489">
        <ele>90.474541</ele>
        <time>2021-07-21T07:33:03.789Z</time>
      </trkpt>
      <trkpt lat="53.635866" lon="10.730449">
        <ele>90.410919</ele>
        <time>2021-07-21T07:33:06.793Z</time>
      </trkpt>
      <trkpt lat="53.635961" lon="10.730417">
        <ele>90.359711</ele>
        <time>2021-07-21T07:33:08.786Z</time>
      </trkpt>
      <trkpt lat="53.636087" lon="10.730385">
        <ele>90.292357</ele>
        <time>2021-07-21T07:33:11.787Z</time>
      </trkpt>
      <trkpt lat="53.636195" lon="10.730359">
        <ele>90.234690</ele>
        <time>2021-07-21T07:33:14.794Z</time>
      </trkpt>
      <trkpt lat="53.636287" lon="10.730362">
        <ele>90.186050</ele>
        <time>2021-07-21T07:33:17.773Z</time>
      </trkpt>
      <trkpt lat="53.636394" lon="10.730333">
        <ele>90.128764</ele>
        <time>2021-07-21T07:33:20.786Z</time>
      </trkpt>
      <trkpt lat="53.636508" lon="10.730320">
        <ele>90.068366</ele>
        <time>2021-07-21T07:33:24.793Z</time>
      </trkpt>
      <trkpt lat="53.636599" lon="10.730327">
        <ele>90.020214</ele>
        <time>2021-07-21T07:33:27.785Z</time>
      </trkpt>
      <trkpt lat="53.636715" lon="10.730299">
        <ele>89.958272</ele>
        <time>2021-07-21T07:33:30.793Z</time>
      </trkpt>
      <trkpt lat="53.636839" lon="10.730280">
        <ele>89.892456</ele>
        <time>2021-07-21T07:33:34.772Z</time>
      </trkpt>
      <trkpt lat="53.636962" lon="10.730243">
        <ele>89.826412</ele>
        <time>2021-07-21T07:33:37.787Z</time>
      </trkpt>
      <trkpt lat="53.637064" lon="10.730194">
        <ele>89.770351</ele>
        <time>2021-07-21T07:33:41.784Z</time>
      </trkpt>
      <trkpt lat="53.637165" lon="10.730118">
        <ele>89.826084</ele>
        <time>2021-07-21T07:33:45.799Z</time>
      </trkpt>
      <trkpt lat="53.637315" lon="10.730008">
        <ele>89.919337</ele>
        <time>2021-07-21T07:33:49.785Z</time>
      </trkpt>
      <trkpt lat="53.637421" lon="10.729898">
        <ele>89.990293</ele>
        <time>2021-07-21T07:33:53.788Z</time>
      </trkpt>
      <trkpt lat="53.637459" lon="10.729757">
        <ele>90.042647</ele>
        <time>2021-07-21T07:34:00.787Z</time>
      </trkpt>
      <trkpt lat="53.637351" lon="10.729225">
        <ele>90.232726</ele>
        <time>2021-07-21T07:35:25.771Z</time>
      </trkpt>
      <trkpt lat="53.637358" lon="10.729074">
        <ele>90.283923</ele>
        <time>2021-07-21T07:35:27.784Z</time>
      </trkpt>
      <trkpt lat="53.637356" lon="10.728878">
        <ele>90.350186</ele>
        <time>2021-07-21T07:35:30.784Z</time>
      </trkpt>
      <trkpt lat="53.637370" lon="10.728709">
        <ele>90.407867</ele>
        <time>2021-07-21T07:35:34.783Z</time>
      </trkpt>
      <trkpt lat="53.637380" lon="10.728534">
        <ele>90.467296</ele>
        <time>2021-07-21T07:35:38.786Z</time>
      </trkpt>
      <trkpt lat="53.637379" lon="10.728354">
        <ele>90.528143</ele>
        <time>2021-07-21T07:35:42.786Z</time>
      </trkpt>
      <trkpt lat="53.637371" lon="10.728181">
        <ele>90.586799</ele>
        <time>2021-07-21T07:35:46.792Z</time>
      </trkpt>
      <trkpt lat="53.637373" lon="10.728024">
        <ele>90.639881</ele>
        <time>2021-07-21T07:35:50.784Z</time>
      </trkpt>
      <trkpt lat="53.637380" lon="10.727866">
        <ele>90.693438</ele>
        <time>2021-07-21T07:35:53.791Z</time>
      </trkpt>
      <trkpt lat="53.637411" lon="10.727707">
        <ele>90.750015</ele>
        <time>2021-07-21T07:35:57.804Z</time>
      </trkpt>
      <trkpt lat="53.637409" lon="10.727511">
        <ele>90.832912</ele>
        <time>2021-07-21T07:36:01.785Z</time>
      </trkpt>
      <trkpt lat="53.637417" lon="10.727337">
        <ele>90.932806</ele>
        <time>2021-07-21T07:36:04.764Z</time>
      </trkpt>
      <trkpt lat="53.637421" lon="10.727173">
        <ele>91.026756</ele>
        <time>2021-07-21T07:36:06.784Z</time>
      </trkpt>
      <trkpt lat="53.637438" lon="10.726985">
        <ele>91.135608</ele>
        <time>2021-07-21T07:36:09.785Z</time>
      </trkpt>
      <trkpt lat="53.637466" lon="10.726812">
        <ele>91.238253</ele>
        <time>2021-07-21T07:36:12.783Z</time>
      </trkpt>
      <trkpt lat="53.637475" lon="10.726628">
        <ele>91.343929</ele>
        <time>2021-07-21T07:36:15.782Z</time>
      </trkpt>
      <trkpt lat="53.637484" lon="10.726460">
        <ele>91.440481</ele>
        <time>2021-07-21T07:36:18.784Z</time>
      </trkpt>
      <trkpt lat="53.637470" lon="10.726308">
        <ele>91.528527</ele>
        <time>2021-07-21T07:36:21.781Z</time>
      </trkpt>
      <trkpt lat="53.637463" lon="10.726153">
        <ele>91.617503</ele>
        <time>2021-07-21T07:36:24.789Z</time>
      </trkpt>
      <trkpt lat="53.637452" lon="10.725975">
        <ele>91.719939</ele>
        <time>2021-07-21T07:36:29.786Z</time>
      </trkpt>
      <trkpt lat="53.637483" lon="10.725474">
        <ele>92.008259</ele>
        <time>2021-07-21T07:37:53.785Z</time>
      </trkpt>
      <trkpt lat="53.637494" lon="10.725288">
        <ele>92.115251</ele>
        <time>2021-07-21T07:37:56.786Z</time>
      </trkpt>
      <trkpt lat="53.637497" lon="10.725109">
        <ele>92.217748</ele>
        <time>2021-07-21T07:37:59.785Z</time>
      </trkpt>
      <trkpt lat="53.637477" lon="10.724918">
        <ele>92.328764</ele>
        <time>2021-07-21T07:38:02.765Z</time>
      </trkpt>
      <trkpt lat="53.637469" lon="10.724758">
        <ele>92.420671</ele>
        <time>2021-07-21T07:38:05.785Z</time>
      </trkpt>
      <trkpt lat="53.637453" lon="10.724608">
        <ele>92.507906</ele>
        <time>2021-07-21T07:38:08.760Z</time>
      </trkpt>
      <trkpt lat="53.637449" lon="10.724454">
        <ele>92.608319</ele>
        <time>2021-07-21T07:38:12.775Z</time>
      </trkpt>
      <trkpt lat="53.637471" lon="10.724290">
        <ele>92.721949</ele>
        <time>2021-07-21T07:38:15.785Z</time>
      </trkpt>
      <trkpt lat="53.637492" lon="10.724105">
        <ele>92.849239</ele>
        <time>2021-07-21T07:38:19.784Z</time>
      </trkpt>
      <trkpt lat="53.637504" lon="10.723939">
        <ele>92.962249</ele>
        <time>2021-07-21T07:38:23.768Z</time>
      </trkpt>
      <trkpt lat="53.637514" lon="10.723784">
        <ele>93.067613</ele>
        <time>2021-07-21T07:38:26.771Z</time>
      </trkpt>
      <trkpt lat="53.637537" lon="10.723610">
        <ele>93.188086</ele>
        <time>2021-07-21T07:38:29.798Z</time>
      </trkpt>
      <trkpt lat="53.637511" lon="10.723392">
        <ele>93.338357</ele>
        <time>2021-07-21T07:38:31.786Z</time>
      </trkpt>
      <trkpt lat="53.637511" lon="10.723181">
        <ele>93.480947</ele>
        <time>2021-07-21T07:38:33.776Z</time>
      </trkpt>
      <trkpt lat="53.637503" lon="10.723030">
        <ele>93.583396</ele>
        <time>2021-07-21T07:38:35.778Z</time>
      </trkpt>
      <trkpt lat="53.637492" lon="10.722850">
        <ele>93.705681</ele>
        <time>2021-07-21T07:38:38.764Z</time>
      </trkpt>
      <trkpt lat="53.637492" lon="10.722666">
        <ele>93.830024</ele>
        <time>2021-07-21T07:38:41.774Z</time>
      </trkpt>
      <trkpt lat="53.637498" lon="10.722046">
        <ele>94.249064</ele>
        <time>2021-07-21T07:55:55.791Z</time>
      </trkpt>
      <trkpt lat="53.637515" lon="10.721883">
        <ele>94.360907</ele>
        <time>2021-07-21T07:55:58.797Z</time>
      </trkpt>
      <trkpt lat="53.637525" lon="10.721729">
        <ele>94.465600</ele>
        <time>2021-07-21T07:56:02.791Z</time>
      </trkpt>
      <trkpt lat="53.637503" lon="10.721569">
        <ele>94.576594</ele>
        <time>2021-07-21T07:56:06.781Z</time>
      </trkpt>
      <trkpt lat="53.637474" lon="10.721386">
        <ele>94.495255</ele>
        <time>2021-07-21T07:56:09.776Z</time>
      </trkpt>
      <trkpt lat="53.637446" lon="10.721194">
        <ele>94.406514</ele>
        <time>2021-07-21T07:56:12.797Z</time>
      </trkpt>
      <trkpt lat="53.637429" lon="10.721043">
        <ele>94.337532</ele>
        <time>2021-07-21T07:56:15.784Z</time>
      </trkpt>
      <trkpt lat="53.637424" lon="10.720857">
        <ele>94.253967</ele>
        <time>2021-07-21T07:56:18.782Z</time>
      </trkpt>
      <trkpt lat="53.637380" lon="10.720692">
        <ele>94.172767</ele>
        <time>2021-07-21T07:56:21.787Z</time>
      </trkpt>
      <trkpt lat="53.637338" lon="10.720513">
        <ele>94.086366</ele>
        <time>2021-07-21T07:56:24.803Z</time>
      </trkpt>
      <trkpt lat="53.637311" lon="10.720334">
        <ele>94.003469</ele>
        <time>2021-07-21T07:56:27.802Z</time>
      </trkpt>
      <trkpt lat="53.637277" lon="10.720158">
        <ele>93.920390</ele>
        <time>2021-07-21T07:56:30.805Z</time>
      </trkpt>
      <trkpt lat="53.637254" lon="10.719997">
        <ele>93.846063</ele>
        <time>2021-07-21T07:56:34.802Z</time>
      </trkpt>
      <trkpt lat="53.637204" lon="10.719838">
        <ele>93.765285</ele>
        <time>2021-07-21T07:56:38.800Z</time>
      </trkpt>
      <trkpt lat="53.637158" lon="10.719696">
        <ele>93.692660</ele>
        <time>2021-07-21T07:56:41.809Z</time>
      </trkpt>
      <trkpt lat="53.637122" lon="10.719516">
        <ele>93.607401</ele>
        <time>2021-07-21T07:56:45.789Z</time>
      </trkpt>
      <trkpt lat="53.637075" lon="10.719346">
        <ele>93.523214</ele>
        <time>2021-07-21T07:56:50.786Z</time>
      </trkpt>
      <trkpt lat="53.637063" lon="10.719183">
        <ele>93.449495</ele>
        <time>2021-07-21T07:56:55.786Z</time>
      </trkpt>
      <trkpt lat="53.637088" lon="10.719014">
        <ele>93.371319</ele>
        <time>2021-07-21T07:56:59.785Z</time>
      </trkpt>
      <trkpt lat="53.637114" lon="10.718811">
        <ele>93.278107</ele>
        <time>2021-07-21T07:57:02.787Z</time>
      </trkpt>
      <trkpt lat="53.637127" lon="10.718620">
        <ele>93.194153</ele>
        <time>2021-07-21T07:57:05.792Z</time>
      </trkpt>
      <trkpt lat="53.637121" lon="10.718460">
        <ele>93.128802</ele>
        <time>2021-07-21T07:57:08.775Z</time>
      </trkpt>
      <trkpt lat="53.637146" lon="10.718300">
        <ele>93.061354</ele>
        <time>2021-07-21T07:57:12.783Z</time>
      </trkpt>
      <trkpt lat="53.637152" lon="10.718099">
        <ele>92.979316</ele>
        <time>2021-07-21T07:57:15.783Z</time>
      </trkpt>
      <trkpt lat="53.637109" lon="10.717903">
        <ele>92.894126</ele>
        <time>2021-07-21T07:57:18.780Z</time>
      </trkpt>
      <trkpt lat="53.637030" lon="10.717732">
        <ele>92.805758</ele>
        <time>2021-07-21T07:57:21.785Z</time>
      </trkpt>
      <trkpt lat="53.637016" lon="10.717539">
        <ele>92.726498</ele>
        <time>2021-07-21T07:57:24.785Z</time>
      </trkpt>
      <trkpt lat="53.636996" lon="10.717384">
        <ele>92.661836</ele>
        <time>2021-07-21T07:57:27.816Z</time>
      </trkpt>
      <trkpt lat="53.636995" lon="10.717232">
        <ele>92.599872</ele>
        <time>2021-07-21T07:57:30.785Z</time>
      </trkpt>
      <trkpt lat="53.636968" lon="10.717061">
        <ele>92.527737</ele>
        <time>2021-07-21T07:57:35.788Z</time>
      </trkpt>
      <trkpt lat="53.636845" lon="10.717032">
        <ele>92.442349</ele>
        <time>2021-07-21T07:57:39.813Z</time>
      </trkpt>
      <trkpt lat="53.636727" lon="10.717046">
        <ele>92.361020</ele>
        <time>2021-07-21T07:57:42.786Z</time>
      </trkpt>
      <trkpt lat="53.636606" lon="10.717088">
        <ele>92.276086</ele>
        <time>2021-07-21T07:57:45.815Z</time>
      </trkpt>
      <trkpt lat="53.636491" lon="10.717118">
        <ele>92.196081</ele>
        <time>2021-07-21T07:57:48.810Z</time>
      </trkpt>
      <trkpt lat="53.636381" lon="10.717151">
        <ele>92.119266</ele>
        <time>2021-07-21T07:57:51.808Z</time>
      </trkpt>
      <trkpt lat="53.636270" lon="10.717187">
        <ele>92.041552</ele>
        <time>2021-07-21T07:57:54.811Z</time>
      </trkpt>
      <trkpt lat="53.636161" lon="10.717212">
        <ele>92.029551</ele>
        <time>2021-07-21T07:57:57.803Z</time>
      </trkpt>
      <trkpt lat="53.636060" lon="10.717233">
        <ele>92.262215</ele>
        <time>2021-07-21T07:58:00.796Z</time>
      </trkpt>
      <trkpt lat="53.635960" lon="10.717275">
        <ele>92.497827</ele>
        <time>2021-07-21T07:58:03.784Z</time>
      </trkpt>
      <trkpt lat="53.635868" lon="10.717335">
        <ele>92.723345</ele>
        <time>2021-07-21T07:58:06.786Z</time>
      </trkpt>
      <trkpt lat="53.635777" lon="10.717385">
        <ele>92.942160</ele>
        <time>2021-07-21T07:58:09.795Z</time>
      </trkpt>
      <trkpt lat="53.635662" lon="10.717425">
        <ele>93.210618</ele>
        <time>2021-07-21T07:58:13.791Z</time>
      </trkpt>
      <trkpt lat="53.635576" lon="10.717344">
        <ele>93.435822</ele>
        <time>2021-07-21T07:58:21.783Z</time>
      </trkpt>
      <trkpt lat="53.635576" lon="10.717127">
        <ele>93.729985</ele>
        <time>2021-07-21T07:58:25.791Z</time>
      </trkpt>
      <trkpt lat="53.635564" lon="10.716942">
        <ele>93.982265</ele>
        <time>2021-07-21T07:58:28.794Z</time>
      </trkpt>
      <trkpt lat="53.635563" lon="10.716752">
        <ele>94.239838</ele>
        <time>2021-07-21T07:58:31.763Z</time>
      </trkpt>
      <trkpt lat="53.635607" lon="10.716580">
        <ele>94.493775</ele>
        <time>2021-07-21T07:58:34.785Z</time>
      </trkpt>
      <trkpt lat="53.635608" lon="10.716400">
        <ele>94.737792</ele>
        <time>2021-07-21T07:58:37.771Z</time>
      </trkpt>
      <trkpt lat="53.635580" lon="10.716220">
        <ele>94.990056</ele>
        <time>2021-07-21T07:58:40.793Z</time>
      </trkpt>
      <trkpt lat="53.635564" lon="10.716030">
        <ele>95.250203</ele>
        <time>2021-07-21T07:58:43.793Z</time>
      </trkpt>
      <trkpt lat="53.635545" lon="10.715873">
        <ele>95.467419</ele>
        <time>2021-07-21T07:58:46.802Z</time>
      </trkpt>
      <trkpt lat="53.635523" lon="10.715689">
        <ele>95.721869</ele>
        <time>2021-07-21T07:58:49.785Z</time>
      </trkpt>
      <trkpt lat="53.635510" lon="10.715500">
        <ele>95.979794</ele>
        <time>2021-07-21T07:58:52.798Z</time>
      </trkpt>
      <trkpt lat="53.635485" lon="10.715345">
        <ele>95.953232</ele>
        <time>2021-07-21T07:58:54.788Z</time>
      </trkpt>
      <trkpt lat="53.635468" lon="10.715180">
        <ele>95.650380</ele>
        <time>2021-07-21T07:58:56.759Z</time>
      </trkpt>
      <trkpt lat="53.635430" lon="10.715018">
        <ele>95.335331</ele>
        <time>2021-07-21T07:58:58.798Z</time>
      </trkpt>
      <trkpt lat="53.635396" lon="10.714866">
        <ele>95.041548</ele>
        <time>2021-07-21T07:59:00.798Z</time>
      </trkpt>
      <trkpt lat="53.635383" lon="10.714691">
        <ele>94.722609</ele>
        <time>2021-07-21T07:59:03.793Z</time>
      </trkpt>
      <trkpt lat="53.635378" lon="10.714534">
        <ele>94.438285</ele>
        <time>2021-07-21T07:59:05.792Z</time>
      </trkpt>
      <trkpt lat="53.635349" lon="10.714325">
        <ele>94.050123</ele>
        <time>2021-07-21T07:59:08.775Z</time>
      </trkpt>
      <trkpt lat="53.635342" lon="10.714146">
        <ele>93.725720</ele>
        <time>2021-07-21T07:59:11.807Z</time>
      </trkpt>
      <trkpt lat="53.635329" lon="10.713991">
        <ele>93.442631</ele>
        <time>2021-07-21T07:59:14.785Z</time>
      </trkpt>
      <trkpt lat="53.635313" lon="10.713795">
        <ele>93.084846</ele>
        <time>2021-07-21T07:59:18.783Z</time>
      </trkpt>
      <trkpt lat="53.635288" lon="10.713612">
        <ele>92.745242</ele>
        <time>2021-07-21T07:59:22.796Z</time>
      </trkpt>
      <trkpt lat="53.635268" lon="10.713459">
        <ele>92.461916</ele>
        <time>2021-07-21T07:59:25.789Z</time>
      </trkpt>
      <trkpt lat="53.635232" lon="10.713317">
        <ele>92.182637</ele>
        <time>2021-07-21T07:59:30.788Z</time>
      </trkpt>
      <trkpt lat="53.635317" lon="10.713249">
        <ele>91.895706</ele>
        <time>2021-07-21T07:59:34.782Z</time>
      </trkpt>
      <trkpt lat="53.635425" lon="10.713241">
        <ele>91.565995</ele>
        <time>2021-07-21T07:59:38.785Z</time>
      </trkpt>
      <trkpt lat="53.635514" lon="10.713182">
        <ele>91.274334</ele>
        <time>2021-07-21T07:59:41.790Z</time>
      </trkpt>
      <trkpt lat="53.635608" lon="10.713132">
        <ele>90.973720</ele>
        <time>2021-07-21T07:59:44.792Z</time>
      </trkpt>
      <trkpt lat="53.635699" lon="10.713086">
        <ele>90.683978</ele>
        <time>2021-07-21T07:59:47.788Z</time>
      </trkpt>
      <trkpt lat="53.635801" lon="10.712997">
        <ele>90.249520</ele>
        <time>2021-07-21T07:59:51.786Z</time>
      </trkpt>
      <trkpt lat="53.635866" lon="10.712878">
        <ele>89.866820</ele>
        <time>2021-07-21T08:00:10.782Z</time>
      </trkpt>
      <trkpt lat="53.635890" lon="10.712710">
        <ele>89.458085</ele>
        <time>2021-07-21T08:00:13.785Z</time>
      </trkpt>
      <trkpt lat="53.635906" lon="10.712544">
        <ele>89.060298</ele>
        <time>2021-07-21T08:00:16.791Z</time>
      </trkpt>
      <trkpt lat="53.635899" lon="10.712354">
        <ele>88.610032</ele>
        <time>2021-07-21T08:00:19.775Z</time>
      </trkpt>
      <trkpt lat="53.635907" lon="10.712188">
        <ele>88.216105</ele>
        <time>2021-07-21T08:00:22.785Z</time>
      </trkpt>
      <trkpt lat="53.635918" lon="10.712033">
        <ele>87.846873</ele>
        <time>2021-07-21T08:00:25.797Z</time>
      </trkpt>
      <trkpt lat="53.635917" lon="10.711881">
        <ele>87.487331</ele>
        <time>2021-07-21T08:00:28.785Z</time>
      </trkpt>
      <trkpt lat="53.635927" lon="10.711719">
        <ele>87.102089</ele>
        <time>2021-07-21T08:00:32.794Z</time>
      </trkpt>
      <trkpt lat="53.635915" lon="10.711553">
        <ele>86.706549</ele>
        <time>2021-07-21T08:00:36.798Z</time>
      </trkpt>
      <trkpt lat="53.635936" lon="10.711395">
        <ele>86.323563</ele>
        <time>2021-07-21T08:00:40.800Z</time>
      </trkpt>
      <trkpt lat="53.635936" lon="10.711201">
        <ele>85.864704</ele>
        <time>2021-07-21T08:00:44.794Z</time>
      </trkpt>
      <trkpt lat="53.635938" lon="10.711022">
        <ele>85.441248</ele>
        <time>2021-07-21T08:00:48.785Z</time>
      </trkpt>
      <trkpt lat="53.635931" lon="10.710869">
        <ele>85.078287</ele>
        <time>2021-07-21T08:00:51.784Z</time>
      </trkpt>
      <trkpt lat="53.635933" lon="10.710710">
        <ele>84.702127</ele>
        <time>2021-07-21T08:00:55.788Z</time>
      </trkpt>
      <trkpt lat="53.635954" lon="10.710538">
        <ele>84.286767</ele>
        <time>2021-07-21T08:00:59.794Z</time>
      </trkpt>
      <trkpt lat="53.635961" lon="10.710347">
        <ele>83.834141</ele>
        <time>2021-07-21T08:01:03.785Z</time>
      </trkpt>
      <trkpt lat="53.635963" lon="10.710172">
        <ele>83.431399</ele>
        <time>2021-07-21T08:01:07.765Z</time>
      </trkpt>
      <trkpt lat="53.635982" lon="10.710018">
        <ele>83.413795</ele>
        <time>2021-07-21T08:01:11.789Z</time>
      </trkpt>
      <trkpt lat="53.635969" lon="10.709854">
        <ele>83.395277</ele>
        <time>2021-07-21T08:01:23.783Z</time>
      </trkpt>
      <trkpt lat="53.635967" lon="10.709691">
        <ele>83.377031</ele>
        <time>2021-07-21T08:01:33.776Z</time>
      </trkpt>
      <trkpt lat="53.635978" lon="10.709534">
        <ele>83.359338</ele>
        <time>2021-07-21T08:01:46.787Z</time>
      </trkpt>
      <trkpt lat="53.635968" lon="10.709379">
        <ele>83.341889</ele>
        <time>2021-07-21T08:01:59.786Z</time>
      </trkpt>
      <trkpt lat="53.635980" lon="10.709220">
        <ele>83.323951</ele>
        <time>2021-07-21T08:02:11.777Z</time>
      </trkpt>
      <trkpt lat="53.635969" lon="10.709062">
        <ele>83.306147</ele>
        <time>2021-07-21T08:02:20.785Z</time>
      </trkpt>
      <trkpt lat="53.635947" lon="10.708904">
        <ele>83.287983</ele>
        <time>2021-07-21T08:02:29.788Z</time>
      </trkpt>
      <trkpt lat="53.635638" lon="10.708787">
        <ele>83.228206</ele>
        <time>2021-07-21T08:03:53.792Z</time>
      </trkpt>
      <trkpt lat="53.635531" lon="10.708815">
        <ele>83.207767</ele>
        <time>2021-07-21T08:03:56.787Z</time>
      </trkpt>
      <trkpt lat="53.635438" lon="10.708845">
        <ele>83.189895</ele>
        <time>2021-07-21T08:03:59.788Z</time>
      </trkpt>
      <trkpt lat="53.635331" lon="10.708899">
        <ele>83.168813</ele>
        <time>2021-07-21T08:04:03.788Z</time>
      </trkpt>
      <trkpt lat="53.635241" lon="10.708952">
        <ele>83.150819</ele>
        <time>2021-07-21T08:04:07.785Z</time>
      </trkpt>
      <trkpt lat="53.635145" lon="10.708983">
        <ele>83.132370</ele>
        <time>2021-07-21T08:04:11.786Z</time>
      </trkpt>
      <trkpt lat="53.635066" lon="10.708879">
        <ele>83.113453</ele>
        <time>2021-07-21T08:04:17.782Z</time>
      </trkpt>
      <trkpt lat="53.635073" lon="10.708700">
        <ele>83.093376</ele>
        <time>2021-07-21T08:04:21.787Z</time>
      </trkpt>
      <trkpt lat="53.635072" lon="10.708514">
        <ele>81.943996</ele>
        <time>2021-07-21T08:04:25.790Z</time>
      </trkpt>
      <trkpt lat="53.635059" lon="10.708333">
        <ele>80.766125</ele>
        <time>2021-07-21T08:04:29.786Z</time>
      </trkpt>
      <trkpt lat="53.635064" lon="10.708152">
        <ele>79.595533</ele>
        <time>2021-07-21T08:04:34.791Z</time>
      </trkpt>
      <trkpt lat="53.635029" lon="10.708001">
        <ele>78.548130</ele>
        <time>2021-07-21T08:04:48.785Z</time>
      </trkpt>
      <trkpt lat="53.634969" lon="10.707844">
        <ele>77.341425</ele>
        <time>2021-07-21T08:04:52.773Z</time>
      </trkpt>
      <trkpt lat="53.634899" lon="10.707705">
        <ele>76.163249</ele>
        <time>2021-07-21T08:04:55.783Z</time>
      </trkpt>
      <trkpt lat="53.634820" lon="10.707573">
        <ele>74.951587</ele>
        <time>2021-07-21T08:04:58.765Z</time>
      </trkpt>
      <trkpt lat="53.634733" lon="10.707454">
        <ele>73.731096</ele>
        <time>2021-07-21T08:05:01.791Z</time>
      </trkpt>
      <trkpt lat="53.634668" lon="10.707346">
        <ele>72.736915</ele>
        <time>2021-07-21T08:05:04.784Z</time>
      </trkpt>
      <trkpt lat="53.634600" lon="10.707241">
        <ele>71.732378</ele>
        <time>2021-07-21T08:05:08.787Z</time>
      </trkpt>
      <trkpt lat="53.634543" lon="10.707120">
        <ele>70.733988</ele>
        <time>2021-07-21T08:05:11.796Z</time>
      </trkpt>
      <trkpt lat="53.634473" lon="10.707001">
        <ele>69.651052</ele>
        <time>2021-07-21T08:05:14.796Z</time>
      </trkpt>
      <trkpt lat="53.634375" lon="10.706869">
        <ele>68.284529</ele>
        <time>2021-07-21T08:05:17.787Z</time>
      </trkpt>
      <trkpt lat="53.634284" lon="10.706759">
        <ele>67.064646</ele>
        <time>2021-07-21T08:05:20.786Z</time>
      </trkpt>
      <trkpt lat="53.634178" lon="10.706594">
        <ele>65.492956</ele>
        <time>2021-07-21T08:05:23.766Z</time>
      </trkpt>
      <trkpt lat="53.634079" lon="10.706506">
        <ele>64.273629</ele>
        <time>2021-07-21T08:05:26.790Z</time>
      </trkpt>
      <trkpt lat="53.634034" lon="10.706364">
        <ele>63.344435</ele>
        <time>2021-07-21T08:05:30.790Z</time>
      </trkpt>
      <trkpt lat="53.634006" lon="10.706173">
        <ele>62.612818</ele>
        <time>2021-07-21T08:05:34.799Z</time>
      </trkpt>
      <trkpt lat="53.633981" lon="10.705977">
        <ele>61.867320</ele>
        <time>2021-07-21T08:05:38.791Z</time>
      </trkpt>
      <trkpt lat="53.633962" lon="10.705778">
        <ele>61.117807</ele>
        <time>2021-07-21T08:05:42.789Z</time>
      </trkpt>
      <trkpt lat="53.633931" lon="10.705617">
        <ele>60.488354</ele>
        <time>2021-07-21T08:05:45.766Z</time>
      </trkpt>
      <trkpt lat="53.633881" lon="10.705481">
        <ele>59.893315</ele>
        <time>2021-07-21T08:05:48.787Z</time>
      </trkpt>
      <trkpt lat="53.633826" lon="10.705317">
        <ele>59.192695</ele>
        <time>2021-07-21T08:05:51.878Z</time>
      </trkpt>
      <trkpt lat="53.633765" lon="10.705128">
        <ele>58.392527</ele>
        <time>2021-07-21T08:05:54.791Z</time>
      </trkpt>
      <trkpt lat="53.633714" lon="10.704931">
        <ele>57.593201</ele>
        <time>2021-07-21T08:05:57.889Z</time>
      </trkpt>
      <trkpt lat="53.633659" lon="10.704736">
        <ele>56.790233</ele>
        <time>2021-07-21T08:06:00.785Z</time>
      </trkpt>
      <trkpt lat="53.633619" lon="10.704540">
        <ele>56.019441</ele>
        <time>2021-07-21T08:06:03.859Z</time>
      </trkpt>
      <trkpt lat="53.633572" lon="10.704338">
        <ele>55.212537</ele>
        <time>2021-07-21T08:06:06.789Z</time>
      </trkpt>
      <trkpt lat="53.633528" lon="10.704135">
        <ele>54.408822</ele>
        <time>2021-07-21T08:06:09.871Z</time>
      </trkpt>
      <trkpt lat="53.633494" lon="10.703928">
        <ele>53.610098</ele>
        <time>2021-07-21T08:06:12.770Z</time>
      </trkpt>
      <trkpt lat="53.633472" lon="10.703729">
        <ele>52.857356</ele>
        <time>2021-07-21T08:06:15.787Z</time>
      </trkpt>
      <trkpt lat="53.633461" lon="10.703529">
        <ele>52.237020</ele>
        <time>2021-07-21T08:06:18.789Z</time>
      </trkpt>
      <trkpt lat="53.633446" lon="10.703342">
        <ele>52.383315</ele>
        <time>2021-07-21T08:06:21.794Z</time>
      </trkpt>
      <trkpt lat="53.633450" lon="10.703177">
        <ele>52.511341</ele>
        <time>2021-07-21T08:06:24.788Z</time>
      </trkpt>
      <trkpt lat="53.633352" lon="10.703126">
        <ele>52.645435</ele>
        <time>2021-07-21T08:06:37.794Z</time>
      </trkpt>
      <trkpt lat="53.633257" lon="10.703135">
        <ele>52.769841</ele>
        <time>2021-07-21T08:06:44.793Z</time>
      </trkpt>
      <trkpt lat="53.633161" lon="10.703096">
        <ele>52.898949</ele>
        <time>2021-07-21T08:06:50.803Z</time>
      </trkpt>
      <trkpt lat="53.633146" lon="10.702944">
        <ele>53.018412</ele>
        <time>2021-07-21T08:06:53.793Z</time>
      </trkpt>
      <trkpt lat="53.633157" lon="10.702757">
        <ele>53.164099</ele>
        <time>2021-07-21T08:06:56.793Z</time>
      </trkpt>
      <trkpt lat="53.633173" lon="10.702570">
        <ele>53.310577</ele>
        <time>2021-07-21T08:06:59.790Z</time>
      </trkpt>
      <trkpt lat="53.633193" lon="10.702392">
        <ele>53.451031</ele>
        <time>2021-07-21T08:07:02.763Z</time>
      </trkpt>
      <trkpt lat="53.633204" lon="10.702182">
        <ele>53.614472</ele>
        <time>2021-07-21T08:07:05.791Z</time>
      </trkpt>
      <trkpt lat="53.633213" lon="10.701981">
        <ele>53.770745</ele>
        <time>2021-07-21T08:07:08.790Z</time>
      </trkpt>
      <trkpt lat="53.633218" lon="10.701778">
        <ele>53.928260</ele>
        <time>2021-07-21T08:07:11.757Z</time>
      </trkpt>
      <trkpt lat="53.633192" lon="10.701573">
        <ele>54.090786</ele>
        <time>2021-07-21T08:07:14.780Z</time>
      </trkpt>
      <trkpt lat="53.633166" lon="10.701390">
        <ele>54.236677</ele>
        <time>2021-07-21T08:07:17.788Z</time>
      </trkpt>
      <trkpt lat="53.633123" lon="10.701223">
        <ele>54.377827</ele>
        <time>2021-07-21T08:07:21.793Z</time>
      </trkpt>
      <trkpt lat="53.633072" lon="10.701052">
        <ele>54.526224</ele>
        <time>2021-07-21T08:07:26.794Z</time>
      </trkpt>
      <trkpt lat="53.633010" lon="10.700921">
        <ele>54.427319</ele>
        <time>2021-07-21T08:07:32.786Z</time>
      </trkpt>
      <trkpt lat="53.632907" lon="10.700973">
        <ele>54.207647</ele>
        <time>2021-07-21T08:07:35.791Z</time>
      </trkpt>
      <trkpt lat="53.632788" lon="10.701040">
        <ele>53.951319</ele>
        <time>2021-07-21T08:07:38.786Z</time>
      </trkpt>
      <trkpt lat="53.632673" lon="10.701091">
        <ele>53.708368</ele>
        <time>2021-07-21T08:07:41.785Z</time>
      </trkpt>
      <trkpt lat="53.632566" lon="10.701138">
        <ele>53.482456</ele>
        <time>2021-07-21T08:07:44.788Z</time>
      </trkpt>
      <trkpt lat="53.632470" lon="10.701179">
        <ele>53.280121</ele>
        <time>2021-07-21T08:07:47.795Z</time>
      </trkpt>
      <trkpt lat="53.632362" lon="10.701237">
        <ele>53.048541</ele>
        <time>2021-07-21T08:07:51.793Z</time>
      </trkpt>
      <trkpt lat="53.632270" lon="10.701274">
        <ele>52.855299</ele>
        <time>2021-07-21T08:07:55.784Z</time>
      </trkpt>
      <trkpt lat="53.632198" lon="10.701183">
        <ele>52.671464</ele>
        <time>2021-07-21T08:07:58.790Z</time>
      </trkpt>
      <trkpt lat="53.632096" lon="10.701084">
        <ele>52.431012</ele>
        <time>2021-07-21T08:08:02.760Z</time>
      </trkpt>
      <trkpt lat="53.631984" lon="10.701129">
        <ele>52.195773</ele>
        <time>2021-07-21T08:08:05.793Z</time>
      </trkpt>
      <trkpt lat="53.631884" lon="10.701200">
        <ele>51.974088</ele>
        <time>2021-07-21T08:08:08.788Z</time>
      </trkpt>
      <trkpt lat="53.631790" lon="10.701236">
        <ele>51.777141</ele>
        <time>2021-07-21T08:08:11.794Z</time>
      </trkpt>
      <trkpt lat="53.631677" lon="10.701202">
        <ele>51.542618</ele>
        <time>2021-07-21T08:08:15.800Z</time>
      </trkpt>
      <trkpt lat="53.631581" lon="10.701158">
        <ele>51.339360</ele>
        <time>2021-07-21T08:08:18.767Z</time>
      </trkpt>
      <trkpt lat="53.631482" lon="10.701105">
        <ele>51.127139</ele>
        <time>2021-07-21T08:08:21.789Z</time>
      </trkpt>
      <trkpt lat="53.631404" lon="10.701028">
        <ele>50.942476</ele>
        <time>2021-07-21T08:08:24.786Z</time>
      </trkpt>
      <trkpt lat="53.631328" lon="10.700929">
        <ele>50.979446</ele>
        <time>2021-07-21T08:08:27.789Z</time>
      </trkpt>
      <trkpt lat="53.631225" lon="10.700859">
        <ele>51.115708</ele>
        <time>2021-07-21T08:08:30.787Z</time>
      </trkpt>
      <trkpt lat="53.631119" lon="10.700797">
        <ele>51.253375</ele>
        <time>2021-07-21T08:08:33.786Z</time>
      </trkpt>
      <trkpt lat="53.631024" lon="10.700737">
        <ele>51.377851</ele>
        <time>2021-07-21T08:08:36.786Z</time>
      </trkpt>
      <trkpt lat="53.630910" lon="10.700669">
        <ele>51.526226</ele>
        <time>2021-07-21T08:08:39.758Z</time>
      </trkpt>
      <trkpt lat="53.630802" lon="10.700647">
        <ele>51.659709</ele>
        <time>2021-07-21T08:08:42.787Z</time>
      </trkpt>
      <trkpt lat="53.630683" lon="10.700673">
        <ele>51.806947</ele>
        <time>2021-07-21T08:08:46.795Z</time>
      </trkpt>
      <trkpt lat="53.630579" lon="10.700747">
        <ele>51.945453</ele>
        <time>2021-07-21T08:08:51.786Z</time>
      </trkpt>
      <trkpt lat="53.630489" lon="10.700857">
        <ele>52.081841</ele>
        <time>2021-07-21T08:08:55.789Z</time>
      </trkpt>
      <trkpt lat="53.630370" lon="10.700928">
        <ele>52.236728</ele>
        <time>2021-07-21T08:08:59.787Z</time>
      </trkpt>
      <trkpt lat="53.630281" lon="10.701001">
        <ele>52.358167</ele>
        <time>2021-07-21T08:09:02.792Z</time>
      </trkpt>
      <trkpt lat="53.630199" lon="10.701071">
        <ele>52.470942</ele>
        <time>2021-07-21T08:09:05.792Z</time>
      </trkpt>
      <trkpt lat="53.630101" lon="10.701137">
        <ele>52.600426</ele>
        <time>2021-07-21T08:09:09.790Z</time>
      </trkpt>
      <trkpt lat="53.629988" lon="10.701127">
        <ele>52.739272</ele>
        <time>2021-07-21T08:09:13.791Z</time>
      </trkpt>
      <trkpt lat="53.629885" lon="10.701135">
        <ele>52.865791</ele>
        <time>2021-07-21T08:09:16.775Z</time>
      </trkpt>
      <trkpt lat="53.629760" lon="10.701126">
        <ele>53.019311</ele>
        <time>2021-07-21T08:09:19.788Z</time>
      </trkpt>
      <trkpt lat="53.629655" lon="10.701084">
        <ele>53.186968</ele>
        <time>2021-07-21T08:09:22.792Z</time>
      </trkpt>
      <trkpt lat="53.629551" lon="10.700976">
        <ele>53.436933</ele>
        <time>2021-07-21T08:09:25.794Z</time>
      </trkpt>
      <trkpt lat="53.629425" lon="10.700981">
        <ele>53.694873</ele>
        <time>2021-07-21T08:09:28.792Z</time>
      </trkpt>
      <trkpt lat="53.629316" lon="10.700957">
        <ele>53.919843</ele>
        <time>2021-07-21T08:09:31.795Z</time>
      </trkpt>
      <trkpt lat="53.629174" lon="10.700946">
        <ele>54.210763</ele>
        <time>2021-07-21T08:09:34.792Z</time>
      </trkpt>
      <trkpt lat="53.629049" lon="10.700948">
        <ele>54.466597</ele>
        <time>2021-07-21T08:09:37.759Z</time>
      </trkpt>
      <trkpt lat="53.628922" lon="10.700983">
        <ele>54.729960</ele>
        <time>2021-07-21T08:09:40.790Z</time>
      </trkpt>
      <trkpt lat="53.628759" lon="10.701026">
        <ele>55.067609</ele>
        <time>2021-07-21T08:09:44.792Z</time>
      </trkpt>
      <trkpt lat="53.628669" lon="10.701069">
        <ele>55.259051</ele>
        <time>2021-07-21T08:09:47.793Z</time>
      </trkpt>
      <trkpt lat="53.628589" lon="10.701136">
        <ele>55.441858</ele>
        <time>2021-07-21T08:09:50.796Z</time>
      </trkpt>
      <trkpt lat="53.628503" lon="10.701199">
        <ele>55.633754</ele>
        <time>2021-07-21T08:09:55.790Z</time>
      </trkpt>
      <trkpt lat="53.628408" lon="10.700991">
        <ele>55.952387</ele>
        <time>2021-07-21T08:15:44.782Z</time>
      </trkpt>
      <trkpt lat="53.628411" lon="10.700817">
        <ele>56.163653</ele>
        <time>2021-07-21T08:15:48.792Z</time>
      </trkpt>
      <trkpt lat="53.628410" lon="10.700625">
        <ele>56.396685</ele>
        <time>2021-07-21T08:15:52.783Z</time>
      </trkpt>
      <trkpt lat="53.628381" lon="10.700474">
        <ele>56.589319</ele>
        <time>2021-07-21T08:15:55.784Z</time>
      </trkpt>
      <trkpt lat="53.628346" lon="10.700315">
        <ele>56.767891</ele>
        <time>2021-07-21T08:15:58.792Z</time>
      </trkpt>
      <trkpt lat="53.628327" lon="10.700156">
        <ele>56.610252</ele>
        <time>2021-07-21T08:16:01.826Z</time>
      </trkpt>
      <trkpt lat="53.628308" lon="10.699973">
        <ele>56.429689</ele>
        <time>2021-07-21T08:16:04.781Z</time>
      </trkpt>
      <trkpt lat="53.628322" lon="10.699803">
        <ele>56.262880</ele>
        <time>2021-07-21T08:16:07.791Z</time>
      </trkpt>
      <trkpt lat="53.628325" lon="10.699629">
        <ele>56.093697</ele>
        <time>2021-07-21T08:16:10.787Z</time>
      </trkpt>
      <trkpt lat="53.628311" lon="10.699472">
        <ele>55.939393</ele>
        <time>2021-07-21T08:16:13.797Z</time>
      </trkpt>
      <trkpt lat="53.628297" lon="10.699287">
        <ele>55.758133</ele>
        <time>2021-07-21T08:16:16.767Z</time>
      </trkpt>
      <trkpt lat="53.628278" lon="10.699110">
        <ele>55.583311</ele>
        <time>2021-07-21T08:16:19.788Z</time>
      </trkpt>
      <trkpt lat="53.628260" lon="10.698929">
        <ele>55.404940</ele>
        <time>2021-07-21T08:16:22.784Z</time>
      </trkpt>
      <trkpt lat="53.628234" lon="10.698772">
        <ele>55.246513</ele>
        <time>2021-07-21T08:16:25.790Z</time>
      </trkpt>
      <trkpt lat="53.628214" lon="10.698614">
        <ele>55.089492</ele>
        <time>2021-07-21T08:16:28.792Z</time>
      </trkpt>
      <trkpt lat="53.628174" lon="10.698450">
        <ele>54.917145</ele>
        <time>2021-07-21T08:16:31.796Z</time>
      </trkpt>
      <trkpt lat="53.628135" lon="10.698278">
        <ele>54.738175</ele>
        <time>2021-07-21T08:16:34.789Z</time>
      </trkpt>
      <trkpt lat="53.628132" lon="10.698096">
        <ele>54.561219</ele>
        <time>2021-07-21T08:16:38.785Z</time>
      </trkpt>
      <trkpt lat="53.628164" lon="10.697908">
        <ele>54.371123</ele>
        <time>2021-07-21T08:16:41.797Z</time>
      </trkpt>
      <trkpt lat="53.628196" lon="10.697744">
        <ele>54.203325</ele>
        <time>2021-07-21T08:16:44.790Z</time>
      </trkpt>
      <trkpt lat="53.628247" lon="10.697569">
        <ele>54.013813</ele>
        <time>2021-07-21T08:16:47.784Z</time>
      </trkpt>
      <trkpt lat="53.628304" lon="10.697395">
        <ele>53.828641</ele>
        <time>2021-07-21T08:16:50.787Z</time>
      </trkpt>
      <trkpt lat="53.628359" lon="10.697240">
        <ele>53.774525</ele>
        <time>2021-07-21T08:16:53.791Z</time>
      </trkpt>
      <trkpt lat="53.628413" lon="10.697090">
        <ele>53.721952</ele>
        <time>2021-07-21T08:16:56.798Z</time>
      </trkpt>
      <trkpt lat="53.628465" lon="10.696927">
        <ele>53.666499</ele>
        <time>2021-07-21T08:16:59.793Z</time>
      </trkpt>
      <trkpt lat="53.628515" lon="10.696778">
        <ele>53.615207</ele>
        <time>2021-07-21T08:17:02.795Z</time>
      </trkpt>
      <trkpt lat="53.628582" lon="10.696627">
        <ele>53.558706</ele>
        <time>2021-07-21T08:17:05.787Z</time>
      </trkpt>
      <trkpt lat="53.628630" lon="10.696472">
        <ele>53.506317</ele>
        <time>2021-07-21T08:17:08.797Z</time>
      </trkpt>
      <trkpt lat="53.628670" lon="10.696323">
        <ele>53.457316</ele>
        <time>2021-07-21T08:17:11.793Z</time>
      </trkpt>
      <trkpt lat="53.628696" lon="10.696177">
        <ele>53.411645</ele>
        <time>2021-07-21T08:17:14.784Z</time>
      </trkpt>
      <trkpt lat="53.628729" lon="10.696019">
        <ele>53.361458</ele>
        <time>2021-07-21T08:17:17.778Z</time>
      </trkpt>
      <trkpt lat="53.628762" lon="10.695863">
        <ele>53.311836</ele>
        <time>2021-07-21T08:17:20.789Z</time>
      </trkpt>
      <trkpt lat="53.628782" lon="10.695693">
        <ele>53.259912</ele>
        <time>2021-07-21T08:17:23.872Z</time>
      </trkpt>
      <trkpt lat="53.628825" lon="10.695542">
        <ele>53.209727</ele>
        <time>2021-07-21T08:17:26.794Z</time>
      </trkpt>
      <trkpt lat="53.628865" lon="10.695386">
        <ele>53.158808</ele>
        <time>2021-07-21T08:17:31.787Z</time>
      </trkpt>
      <trkpt lat="53.628816" lon="10.695248">
        <ele>53.110618</ele>
        <time>2021-07-21T08:17:38.761Z</time>
      </trkpt>
      <trkpt lat="53.628712" lon="10.695242">
        <ele>53.058046</ele>
        <time>2021-07-21T08:17:44.785Z</time>
      </trkpt>
      <trkpt lat="53.628624" lon="10.695181">
        <ele>53.009977</ele>
        <time>2021-07-21T08:17:48.789Z</time>
      </trkpt>
      <trkpt lat="53.628544" lon="10.695076">
        <ele>52.958761</ele>
        <time>2021-07-21T08:17:52.789Z</time>
      </trkpt>
      <trkpt lat="53.628460" lon="10.694952">
        <ele>52.896598</ele>
        <time>2021-07-21T08:17:56.791Z</time>
      </trkpt>
      <trkpt lat="53.628403" lon="10.694792">
        <ele>52.825452</ele>
        <time>2021-07-21T08:18:00.788Z</time>
      </trkpt>
      <trkpt lat="53.628389" lon="10.694599">
        <ele>52.751338</ele>
        <time>2021-07-21T08:18:04.788Z</time>
      </trkpt>
      <trkpt lat="53.628388" lon="10.694438">
        <ele>52.689966</ele>
        <time>2021-07-21T08:18:09.787Z</time>
      </trkpt>
      <trkpt lat="53.628396" lon="10.694277">
        <ele>52.628383</ele>
        <time>2021-07-21T08:18:22.788Z</time>
      </trkpt>
      <trkpt lat="53.628379" lon="10.694123">
        <ele>52.568674</ele>
        <time>2021-07-21T08:18:29.791Z</time>
      </trkpt>
      <trkpt lat="53.628357" lon="10.693964">
        <ele>52.506440</ele>
        <time>2021-07-21T08:18:38.788Z</time>
      </trkpt>
      <trkpt lat="53.628369" lon="10.693794">
        <ele>52.441184</ele>
        <time>2021-07-21T08:18:46.793Z</time>
      </trkpt>
      <trkpt lat="53.628387" lon="10.693629">
        <ele>52.377235</ele>
        <time>2021-07-21T08:18:53.787Z</time>
      </trkpt>
      <trkpt lat="53.628344" lon="10.693470">
        <ele>52.310625</ele>
        <time>2021-07-21T08:19:00.787Z</time>
      </trkpt>
      <trkpt lat="53.628310" lon="10.693315">
        <ele>52.247631</ele>
        <time>2021-07-21T08:19:07.792Z</time>
      </trkpt>
      <trkpt lat="53.628249" lon="10.693174">
        <ele>52.181104</ele>
        <time>2021-07-21T08:19:14.764Z</time>
      </trkpt>
      <trkpt lat="53.628183" lon="10.693045">
        <ele>52.116162</ele>
        <time>2021-07-21T08:19:21.798Z</time>
      </trkpt>
      <trkpt lat="53.628125" lon="10.692909">
        <ele>52.052310</ele>
        <time>2021-07-21T08:19:29.789Z</time>
      </trkpt>
      <trkpt lat="53.628064" lon="10.692782">
        <ele>51.990014</ele>
        <time>2021-07-21T08:19:37.789Z</time>
      </trkpt>
      <trkpt lat="53.628001" lon="10.692649">
        <ele>51.925131</ele>
        <time>2021-07-21T08:19:45.785Z</time>
      </trkpt>
      <trkpt lat="53.627937" lon="10.692531">
        <ele>51.864178</ele>
        <time>2021-07-21T08:19:52.794Z</time>
      </trkpt>
      <trkpt lat="53.627866" lon="10.692422">
        <ele>51.802462</ele>
        <time>2021-07-21T08:19:59.801Z</time>
      </trkpt>
      <trkpt lat="53.627790" lon="10.692310">
        <ele>51.782098</ele>
        <time>2021-07-21T08:20:06.791Z</time>
      </trkpt>
      <trkpt lat="53.627724" lon="10.692206">
        <ele>51.810651</ele>
        <time>2021-07-21T08:20:13.785Z</time>
      </trkpt>
      <trkpt lat="53.627663" lon="10.692069">
        <ele>51.842765</ele>
        <time>2021-07-21T08:20:22.872Z</time>
      </trkpt>
      <trkpt lat="53.627597" lon="10.691962">
        <ele>51.871705</ele>
        <time>2021-07-21T08:20:29.791Z</time>
      </trkpt>
      <trkpt lat="53.627546" lon="10.691828">
        <ele>51.901551</ele>
        <time>2021-07-21T08:20:37.796Z</time>
      </trkpt>
      <trkpt lat="53.627483" lon="10.691691">
        <ele>51.934049</ele>
        <time>2021-07-21T08:20:45.790Z</time>
      </trkpt>
      <trkpt lat="53.627424" lon="10.691555">
        <ele>51.965635</ele>
        <time>2021-07-21T08:20:52.791Z</time>
      </trkpt>
      <trkpt lat="53.627357" lon="10.691437">
        <ele>51.996259</ele>
        <time>2021-07-21T08:20:59.790Z</time>
      </trkpt>
      <trkpt lat="53.627303" lon="10.691292">
        <ele>52.028355</ele>
        <time>2021-07-21T08:21:07.793Z</time>
      </trkpt>
      <trkpt lat="53.627264" lon="10.691137">
        <ele>52.059917</ele>
        <time>2021-07-21T08:21:15.792Z</time>
      </trkpt>
      <trkpt lat="53.627220" lon="10.690997">
        <ele>52.089618</ele>
        <time>2021-07-21T08:21:23.868Z</time>
      </trkpt>
      <trkpt lat="53.627179" lon="10.690848">
        <ele>52.120409</ele>
        <time>2021-07-21T08:21:31.795Z</time>
      </trkpt>
      <trkpt lat="53.627139" lon="10.690707">
        <ele>52.149709</ele>
        <time>2021-07-21T08:21:39.786Z</time>
      </trkpt>
      <trkpt lat="53.627120" lon="10.690551">
        <ele>52.179562</ele>
        <time>2021-07-21T08:21:47.790Z</time>
      </trkpt>
      <trkpt lat="53.627098" lon="10.690404">
        <ele>52.207982</ele>
        <time>2021-07-21T08:21:54.781Z</time>
      </trkpt>
      <trkpt lat="53.626997" lon="10.690363">
        <ele>52.240819</ele>
        <time>2021-07-21T08:22:01.789Z</time>
      </trkpt>
      <trkpt lat="53.626904" lon="10.690367">
        <ele>52.270225</ele>
        <time>2021-07-21T08:22:07.792Z</time>
      </trkpt>
      <trkpt lat="53.626822" lon="10.690303">
        <ele>52.298786</ele>
        <time>2021-07-21T08:22:16.791Z</time>
      </trkpt>
      <trkpt lat="53.626744" lon="10.690218">
        <ele>52.328142</ele>
        <time>2021-07-21T08:22:36.848Z</time>
      </trkpt>
      <trkpt lat="53.626741" lon="10.690064">
        <ele>52.585708</ele>
        <time>2021-07-21T08:22:44.790Z</time>
      </trkpt>
      <trkpt lat="53.626690" lon="10.689885">
        <ele>53.027063</ele>
        <time>2021-07-21T08:22:53.864Z</time>
      </trkpt>
      <trkpt lat="53.626622" lon="10.689714">
        <ele>53.484639</ele>
        <time>2021-07-21T08:22:57.790Z</time>
      </trkpt>
      <trkpt lat="53.626585" lon="10.689538">
        <ele>53.899646</ele>
        <time>2021-07-21T08:23:01.785Z</time>
      </trkpt>
      <trkpt lat="53.626550" lon="10.689371">
        <ele>54.293297</ele>
        <time>2021-07-21T08:23:05.890Z</time>
      </trkpt>
      <trkpt lat="53.626511" lon="10.689231">
        <ele>54.637063</ele>
        <time>2021-07-21T08:23:08.791Z</time>
      </trkpt>
      <trkpt lat="53.626451" lon="10.689106">
        <ele>54.994470</ele>
        <time>2021-07-21T08:23:11.886Z</time>
      </trkpt>
      <trkpt lat="53.626388" lon="10.688950">
        <ele>55.413933</ele>
        <time>2021-07-21T08:23:15.791Z</time>
      </trkpt>
      <trkpt lat="53.626424" lon="10.688775">
        <ele>55.825605</ele>
        <time>2021-07-21T08:23:19.793Z</time>
      </trkpt>
      <trkpt lat="53.626547" lon="10.688695">
        <ele>56.319660</ele>
        <time>2021-07-21T08:23:22.788Z</time>
      </trkpt>
      <trkpt lat="53.626649" lon="10.688608">
        <ele>56.748035</ele>
        <time>2021-07-21T08:23:25.787Z</time>
      </trkpt>
      <trkpt lat="53.626715" lon="10.688468">
        <ele>57.145515</ele>
        <time>2021-07-21T08:23:28.787Z</time>
      </trkpt>
      <trkpt lat="53.626804" lon="10.688340">
        <ele>57.583891</ele>
        <time>2021-07-21T08:23:31.795Z</time>
      </trkpt>
      <trkpt lat="53.626850" lon="10.688181">
        <ele>57.977071</ele>
        <time>2021-07-21T08:23:35.786Z</time>
      </trkpt>
      <trkpt lat="53.626906" lon="10.688054">
        <ele>58.328796</ele>
        <time>2021-07-21T08:23:46.790Z</time>
      </trkpt>
      <trkpt lat="53.626953" lon="10.687923">
        <ele>58.669074</ele>
        <time>2021-07-21T08:23:53.789Z</time>
      </trkpt>
      <trkpt lat="53.627033" lon="10.687845">
        <ele>59.015391</ele>
        <time>2021-07-21T08:24:03.789Z</time>
      </trkpt>
      <trkpt lat="53.627100" lon="10.687742">
        <ele>59.061813</ele>
        <time>2021-07-21T08:24:10.892Z</time>
      </trkpt>
      <trkpt lat="53.627158" lon="10.687626">
        <ele>59.043998</ele>
        <time>2021-07-21T08:24:18.784Z</time>
      </trkpt>
      <trkpt lat="53.627208" lon="10.687499">
        <ele>59.026100</ele>
        <time>2021-07-21T08:24:25.790Z</time>
      </trkpt>
      <trkpt lat="53.627294" lon="10.687435">
        <ele>59.007489</ele>
        <time>2021-07-21T08:24:33.790Z</time>
      </trkpt>
      <trkpt lat="53.627369" lon="10.687340">
        <ele>58.988917</ele>
        <time>2021-07-21T08:24:41.788Z</time>
      </trkpt>
      <trkpt lat="53.627436" lon="10.687233">
        <ele>58.970647</ele>
        <time>2021-07-21T08:24:49.778Z</time>
      </trkpt>
      <trkpt lat="53.627421" lon="10.687083">
        <ele>58.952787</ele>
        <time>2021-07-21T08:25:11.800Z</time>
      </trkpt>
      <trkpt lat="53.627401" lon="10.686920">
        <ele>58.933243</ele>
        <time>2021-07-21T08:25:19.784Z</time>
      </trkpt>
      <trkpt lat="53.627359" lon="10.686785">
        <ele>58.915344</ele>
        <time>2021-07-21T08:25:30.792Z</time>
      </trkpt>
      <trkpt lat="53.627334" lon="10.686626">
        <ele>58.896030</ele>
        <time>2021-07-21T08:25:34.791Z</time>
      </trkpt>
      <trkpt lat="53.627295" lon="10.686395">
        <ele>58.867830</ele>
        <time>2021-07-21T08:26:04.762Z</time>
      </trkpt>
      <trkpt lat="53.627210" lon="10.686340">
        <ele>58.849805</ele>
        <time>2021-07-21T08:26:22.758Z</time>
      </trkpt>
      <trkpt lat="53.627149" lon="10.686204">
        <ele>58.829784</ele>
        <time>2021-07-21T08:26:25.771Z</time>
      </trkpt>
      <trkpt lat="53.627079" lon="10.686060">
        <ele>58.807922</ele>
        <time>2021-07-21T08:26:28.761Z</time>
      </trkpt>
      <trkpt lat="53.627008" lon="10.685905">
        <ele>58.784926</ele>
        <time>2021-07-21T08:26:31.755Z</time>
      </trkpt>
      <trkpt lat="53.626934" lon="10.685760">
        <ele>58.762465</ele>
        <time>2021-07-21T08:26:34.782Z</time>
      </trkpt>
      <trkpt lat="53.626865" lon="10.685614">
        <ele>58.740545</ele>
        <time>2021-07-21T08:26:37.785Z</time>
      </trkpt>
      <trkpt lat="53.626819" lon="10.685475">
        <ele>58.721855</ele>
        <time>2021-07-21T08:26:42.891Z</time>
      </trkpt>
      <trkpt lat="53.626887" lon="10.685359">
        <ele>58.903757</ele>
        <time>2021-07-21T08:27:11.795Z</time>
      </trkpt>
      <trkpt lat="53.626844" lon="10.685221">
        <ele>59.093096</ele>
        <time>2021-07-21T08:27:19.788Z</time>
      </trkpt>
      <trkpt lat="53.626755" lon="10.685138">
        <ele>59.301391</ele>
        <time>2021-07-21T08:27:25.788Z</time>
      </trkpt>
      <trkpt lat="53.626641" lon="10.685112">
        <ele>59.536994</ele>
        <time>2021-07-21T08:27:31.798Z</time>
      </trkpt>
      <trkpt lat="53.626549" lon="10.685020">
        <ele>59.756057</ele>
        <time>2021-07-21T08:27:35.793Z</time>
      </trkpt>
      <trkpt lat="53.626460" lon="10.684937">
        <ele>59.964353</ele>
        <time>2021-07-21T08:27:38.782Z</time>
      </trkpt>
      <trkpt lat="53.626348" lon="10.684831">
        <ele>60.227395</ele>
        <time>2021-07-21T08:27:41.781Z</time>
      </trkpt>
      <trkpt lat="53.626266" lon="10.684765">
        <ele>60.413486</ele>
        <time>2021-07-21T08:27:43.770Z</time>
      </trkpt>
      <trkpt lat="53.626183" lon="10.684693">
        <ele>60.604649</ele>
        <time>2021-07-21T08:27:45.789Z</time>
      </trkpt>
      <trkpt lat="53.626085" lon="10.684630">
        <ele>60.819449</ele>
        <time>2021-07-21T08:27:47.792Z</time>
      </trkpt>
      <trkpt lat="53.625987" lon="10.684574">
        <ele>61.031369</ele>
        <time>2021-07-21T08:27:49.776Z</time>
      </trkpt>
      <trkpt lat="53.625869" lon="10.684499">
        <ele>61.289637</ele>
        <time>2021-07-21T08:27:52.790Z</time>
      </trkpt>
      <trkpt lat="53.625781" lon="10.684456">
        <ele>61.477280</ele>
        <time>2021-07-21T08:27:54.782Z</time>
      </trkpt>
      <trkpt lat="53.625690" lon="10.684400">
        <ele>61.675676</ele>
        <time>2021-07-21T08:27:56.784Z</time>
      </trkpt>
      <trkpt lat="53.625589" lon="10.684343">
        <ele>61.893807</ele>
        <time>2021-07-21T08:27:58.782Z</time>
      </trkpt>
      <trkpt lat="53.625486" lon="10.684286">
        <ele>62.115826</ele>
        <time>2021-07-21T08:28:00.788Z</time>
      </trkpt>
      <trkpt lat="53.625361" lon="10.684210">
        <ele>62.387966</ele>
        <time>2021-07-21T08:28:03.794Z</time>
      </trkpt>
      <trkpt lat="53.625245" lon="10.684112">
        <ele>62.404127</ele>
        <time>2021-07-21T08:28:06.885Z</time>
      </trkpt>
      <trkpt lat="53.625121" lon="10.684031">
        <ele>62.404127</ele>
        <time>2021-07-21T08:28:09.792Z</time>
      </trkpt>
      <trkpt lat="53.625033" lon="10.683998">
        <ele>62.404127</ele>
        <time>2021-07-21T08:28:11.792Z</time>
      </trkpt>
      <trkpt lat="53.624945" lon="10.683937">
        <ele>62.404127</ele>
        <time>2021-07-21T08:28:13.791Z</time>
      </trkpt>
      <trkpt lat="53.624819" lon="10.683868">
        <ele>62.404127</ele>
        <time>2021-07-21T08:28:16.791Z</time>
      </trkpt>
      <trkpt lat="53.624719" lon="10.683785">
        <ele>62.404127</ele>
        <time>2021-07-21T08:28:19.790Z</time>
      </trkpt>
      <trkpt lat="53.624624" lon="10.683726">
        <ele>62.404127</ele>
        <time>2021-07-21T08:28:22.793Z</time>
      </trkpt>
      <trkpt lat="53.624517" lon="10.683672">
        <ele>62.404127</ele>
        <time>2021-07-21T08:28:25.804Z</time>
      </trkpt>
      <trkpt lat="53.624436" lon="10.683603">
        <ele>62.404127</ele>
        <time>2021-07-21T08:28:28.793Z</time>
      </trkpt>
      <trkpt lat="53.624350" lon="10.683554">
        <ele>62.404127</ele>
        <time>2021-07-21T08:28:31.784Z</time>
      </trkpt>
      <trkpt lat="53.624261" lon="10.683507">
        <ele>62.404127</ele>
        <time>2021-07-21T08:28:34.796Z</time>
      </trkpt>
      <trkpt lat="53.624165" lon="10.683460">
        <ele>62.404127</ele>
        <time>2021-07-21T08:28:38.778Z</time>
      </trkpt>
      <trkpt lat="53.624119" lon="10.683424">
        <ele>62.404127</ele>
        <time>2021-07-21T08:29:05.917Z</time>
      </trkpt>
    </trkseg>
  </trk>
</gpx>