<?xml version='1.0' encoding='UTF-8'?>
<gpx version="1.1" creator="https://www.komoot.de" xmlns="http://www.topografix.com/GPX/1/1" xmlns:xsi="http://www.w3.org/2001/XMLSchema-instance" xsi:schemaLocation="http://www.topografix.com/GPX/1/1 http://www.topografix.com/GPX/1/1/gpx.xsd">
  <metadata>
    <name>DVV Leck - Historischer Westlicher Ochsenweg und Langenberger Forst</name>
    <author>
      <link href="https://www.komoot.de">
        <text>komoot</text>
        <type>text/html</type>
      </link>
    </author>
  </metadata>
  <trk>
    <name>DVV Leck - Historischer Westlicher Ochsenweg und Langenberger Forst</name>
    <trkseg>
      <trkpt lat="54.765407" lon="8.979160">
        <ele>52.754643</ele>
        <time>2021-07-31T10:52:43.000Z</time>
      </trkpt>
      <trkpt lat="54.765374" lon="8.979271">
        <ele>52.754643</ele>
        <time>2021-07-31T10:52:48.000Z</time>
      </trkpt>
      <trkpt lat="54.765335" lon="8.979318">
        <ele>52.754643</ele>
        <time>2021-07-31T10:52:51.000Z</time>
      </trkpt>
      <trkpt lat="54.765321" lon="8.979333">
        <ele>52.754643</ele>
        <time>2021-07-31T10:52:52.000Z</time>
      </trkpt>
      <trkpt lat="54.765190" lon="8.979494">
        <ele>52.754643</ele>
        <time>2021-07-31T10:53:01.000Z</time>
      </trkpt>
      <trkpt lat="54.765146" lon="8.979568">
        <ele>52.754643</ele>
        <time>2021-07-31T10:53:03.000Z</time>
      </trkpt>
      <trkpt lat="54.765121" lon="8.979604">
        <ele>52.754643</ele>
        <time>2021-07-31T10:53:05.000Z</time>
      </trkpt>
      <trkpt lat="54.765080" lon="8.979638">
        <ele>52.754643</ele>
        <time>2021-07-31T10:53:08.000Z</time>
      </trkpt>
      <trkpt lat="54.764988" lon="8.979739">
        <ele>52.754643</ele>
        <time>2021-07-31T10:53:15.000Z</time>
      </trkpt>
      <trkpt lat="54.764886" lon="8.979845">
        <ele>52.754643</ele>
        <time>2021-07-31T10:53:22.000Z</time>
      </trkpt>
      <trkpt lat="54.764801" lon="8.979915">
        <ele>52.754643</ele>
        <time>2021-07-31T10:53:27.000Z</time>
      </trkpt>
      <trkpt lat="54.764786" lon="8.979926">
        <ele>52.754643</ele>
        <time>2021-07-31T10:53:28.000Z</time>
      </trkpt>
      <trkpt lat="54.764759" lon="8.979956">
        <ele>52.754643</ele>
        <time>2021-07-31T10:53:30.000Z</time>
      </trkpt>
      <trkpt lat="54.764625" lon="8.980075">
        <ele>52.850189</ele>
        <time>2021-07-31T10:53:38.000Z</time>
      </trkpt>
      <trkpt lat="54.764535" lon="8.980029">
        <ele>53.006417</ele>
        <time>2021-07-31T10:53:43.000Z</time>
      </trkpt>
      <trkpt lat="54.764512" lon="8.979980">
        <ele>53.067096</ele>
        <time>2021-07-31T10:53:45.000Z</time>
      </trkpt>
      <trkpt lat="54.764431" lon="8.979822">
        <ele>53.270132</ele>
        <time>2021-07-31T10:53:52.000Z</time>
      </trkpt>
      <trkpt lat="54.764421" lon="8.979800">
        <ele>53.297035</ele>
        <time>2021-07-31T10:53:53.000Z</time>
      </trkpt>
      <trkpt lat="54.764401" lon="8.979752">
        <ele>53.353911</ele>
        <time>2021-07-31T10:53:55.000Z</time>
      </trkpt>
      <trkpt lat="54.764382" lon="8.979713">
        <ele>53.402945</ele>
        <time>2021-07-31T10:53:57.000Z</time>
      </trkpt>
      <trkpt lat="54.764361" lon="8.979706">
        <ele>53.438550</ele>
        <time>2021-07-31T10:53:58.000Z</time>
      </trkpt>
      <trkpt lat="54.764342" lon="8.979703">
        <ele>53.470316</ele>
        <time>2021-07-31T10:53:59.000Z</time>
      </trkpt>
      <trkpt lat="54.764307" lon="8.979700">
        <ele>53.528661</ele>
        <time>2021-07-31T10:54:01.000Z</time>
      </trkpt>
      <trkpt lat="54.764218" lon="8.979651">
        <ele>53.684141</ele>
        <time>2021-07-31T10:54:06.000Z</time>
      </trkpt>
      <trkpt lat="54.764183" lon="8.979560">
        <ele>53.789199</ele>
        <time>2021-07-31T10:54:09.000Z</time>
      </trkpt>
      <trkpt lat="54.764170" lon="8.979508">
        <ele>53.843638</ele>
        <time>2021-07-31T10:54:11.000Z</time>
      </trkpt>
      <trkpt lat="54.764162" lon="8.979483">
        <ele>53.871100</ele>
        <time>2021-07-31T10:54:12.000Z</time>
      </trkpt>
      <trkpt lat="54.764107" lon="8.979361">
        <ele>54.019828</ele>
        <time>2021-07-31T10:54:17.000Z</time>
      </trkpt>
      <trkpt lat="54.764082" lon="8.979319">
        <ele>54.077797</ele>
        <time>2021-07-31T10:54:19.000Z</time>
      </trkpt>
      <trkpt lat="54.763996" lon="8.979173">
        <ele>54.278228</ele>
        <time>2021-07-31T10:54:26.000Z</time>
      </trkpt>
      <trkpt lat="54.763954" lon="8.979110">
        <ele>54.370708</ele>
        <time>2021-07-31T10:54:29.000Z</time>
      </trkpt>
      <trkpt lat="54.763889" lon="8.978989">
        <ele>54.529524</ele>
        <time>2021-07-31T10:54:33.000Z</time>
      </trkpt>
      <trkpt lat="54.763821" lon="8.978888">
        <ele>54.678627</ele>
        <time>2021-07-31T10:54:38.000Z</time>
      </trkpt>
      <trkpt lat="54.763807" lon="8.978864">
        <ele>54.711412</ele>
        <time>2021-07-31T10:54:40.000Z</time>
      </trkpt>
      <trkpt lat="54.763796" lon="8.978853">
        <ele>54.732556</ele>
        <time>2021-07-31T10:54:41.000Z</time>
      </trkpt>
      <trkpt lat="54.763690" lon="8.978716">
        <ele>54.952710</ele>
        <time>2021-07-31T10:54:49.000Z</time>
      </trkpt>
      <trkpt lat="54.763608" lon="8.978658">
        <ele>55.100170</ele>
        <time>2021-07-31T10:54:55.000Z</time>
      </trkpt>
      <trkpt lat="54.763568" lon="8.978631">
        <ele>55.171641</ele>
        <time>2021-07-31T10:54:58.000Z</time>
      </trkpt>
      <trkpt lat="54.763536" lon="8.978598">
        <ele>55.233638</ele>
        <time>2021-07-31T10:55:00.000Z</time>
      </trkpt>
      <trkpt lat="54.763491" lon="8.978547">
        <ele>55.323158</ele>
        <time>2021-07-31T10:55:03.000Z</time>
      </trkpt>
      <trkpt lat="54.763451" lon="8.978504">
        <ele>55.401527</ele>
        <time>2021-07-31T10:55:06.000Z</time>
      </trkpt>
      <trkpt lat="54.763426" lon="8.978472">
        <ele>55.453272</ele>
        <time>2021-07-31T10:55:08.000Z</time>
      </trkpt>
      <trkpt lat="54.763348" lon="8.978381">
        <ele>55.609821</ele>
        <time>2021-07-31T10:55:14.000Z</time>
      </trkpt>
      <trkpt lat="54.763318" lon="8.978360">
        <ele>55.663690</ele>
        <time>2021-07-31T10:55:16.000Z</time>
      </trkpt>
      <trkpt lat="54.763280" lon="8.978314">
        <ele>55.740863</ele>
        <time>2021-07-31T10:55:19.000Z</time>
      </trkpt>
      <trkpt lat="54.763269" lon="8.978298">
        <ele>55.759510</ele>
        <time>2021-07-31T10:55:20.000Z</time>
      </trkpt>
      <trkpt lat="54.763260" lon="8.978282">
        <ele>55.773650</ele>
        <time>2021-07-31T10:55:21.000Z</time>
      </trkpt>
      <trkpt lat="54.763150" lon="8.978179">
        <ele>55.910772</ele>
        <time>2021-07-31T10:55:29.000Z</time>
      </trkpt>
      <trkpt lat="54.763061" lon="8.978099">
        <ele>56.020728</ele>
        <time>2021-07-31T10:55:35.000Z</time>
      </trkpt>
      <trkpt lat="54.763022" lon="8.978072">
        <ele>56.066786</ele>
        <time>2021-07-31T10:55:37.000Z</time>
      </trkpt>
      <trkpt lat="54.762992" lon="8.978047">
        <ele>56.103294</ele>
        <time>2021-07-31T10:55:39.000Z</time>
      </trkpt>
      <trkpt lat="54.762976" lon="8.978037">
        <ele>56.121948</ele>
        <time>2021-07-31T10:55:40.000Z</time>
      </trkpt>
      <trkpt lat="54.762889" lon="8.977975">
        <ele>56.225115</ele>
        <time>2021-07-31T10:55:45.000Z</time>
      </trkpt>
      <trkpt lat="54.762818" lon="8.977912">
        <ele>56.312595</ele>
        <time>2021-07-31T10:55:50.000Z</time>
      </trkpt>
      <trkpt lat="54.762790" lon="8.977883">
        <ele>56.348369</ele>
        <time>2021-07-31T10:55:52.000Z</time>
      </trkpt>
      <trkpt lat="54.762729" lon="8.977815">
        <ele>56.427914</ele>
        <time>2021-07-31T10:55:58.000Z</time>
      </trkpt>
      <trkpt lat="54.762716" lon="8.977800">
        <ele>56.445042</ele>
        <time>2021-07-31T10:55:59.000Z</time>
      </trkpt>
      <trkpt lat="54.762665" lon="8.977738">
        <ele>56.513363</ele>
        <time>2021-07-31T10:56:03.000Z</time>
      </trkpt>
      <trkpt lat="54.762617" lon="8.977689">
        <ele>56.574459</ele>
        <time>2021-07-31T10:56:06.000Z</time>
      </trkpt>
      <trkpt lat="54.762597" lon="8.977671">
        <ele>56.599175</ele>
        <time>2021-07-31T10:56:07.000Z</time>
      </trkpt>
      <trkpt lat="54.762539" lon="8.977619">
        <ele>56.670793</ele>
        <time>2021-07-31T10:56:10.000Z</time>
      </trkpt>
      <trkpt lat="54.762444" lon="8.977538">
        <ele>56.786908</ele>
        <time>2021-07-31T10:56:16.000Z</time>
      </trkpt>
      <trkpt lat="54.762402" lon="8.977491">
        <ele>56.841738</ele>
        <time>2021-07-31T10:56:19.000Z</time>
      </trkpt>
      <trkpt lat="54.762330" lon="8.977418">
        <ele>56.933222</ele>
        <time>2021-07-31T10:56:24.000Z</time>
      </trkpt>
      <trkpt lat="54.762282" lon="8.977384">
        <ele>56.990093</ele>
        <time>2021-07-31T10:56:26.000Z</time>
      </trkpt>
      <trkpt lat="54.762247" lon="8.977360">
        <ele>57.031374</ele>
        <time>2021-07-31T10:56:28.000Z</time>
      </trkpt>
      <trkpt lat="54.762232" lon="8.977359">
        <ele>57.047837</ele>
        <time>2021-07-31T10:56:29.000Z</time>
      </trkpt>
      <trkpt lat="54.762153" lon="8.977302">
        <ele>57.141688</ele>
        <time>2021-07-31T10:56:35.000Z</time>
      </trkpt>
      <trkpt lat="54.762141" lon="8.977293">
        <ele>57.156028</ele>
        <time>2021-07-31T10:56:36.000Z</time>
      </trkpt>
      <trkpt lat="54.762080" lon="8.977255">
        <ele>57.227120</ele>
        <time>2021-07-31T10:56:40.000Z</time>
      </trkpt>
      <trkpt lat="54.762071" lon="8.977233">
        <ele>57.244185</ele>
        <time>2021-07-31T10:56:41.000Z</time>
      </trkpt>
      <trkpt lat="54.762040" lon="8.977188">
        <ele>57.288534</ele>
        <time>2021-07-31T10:56:44.000Z</time>
      </trkpt>
      <trkpt lat="54.762016" lon="8.977149">
        <ele>57.324615</ele>
        <time>2021-07-31T10:56:46.000Z</time>
      </trkpt>
      <trkpt lat="54.762006" lon="8.977132">
        <ele>57.339978</ele>
        <time>2021-07-31T10:56:47.000Z</time>
      </trkpt>
      <trkpt lat="54.761997" lon="8.977117">
        <ele>57.353672</ele>
        <time>2021-07-31T10:56:48.000Z</time>
      </trkpt>
      <trkpt lat="54.761932" lon="8.977054">
        <ele>57.435350</ele>
        <time>2021-07-31T10:56:53.000Z</time>
      </trkpt>
      <trkpt lat="54.761851" lon="8.976980">
        <ele>57.535772</ele>
        <time>2021-07-31T10:56:59.000Z</time>
      </trkpt>
      <trkpt lat="54.761835" lon="8.976972">
        <ele>57.554036</ele>
        <time>2021-07-31T10:57:00.000Z</time>
      </trkpt>
      <trkpt lat="54.761825" lon="8.976976">
        <ele>57.565291</ele>
        <time>2021-07-31T10:57:01.000Z</time>
      </trkpt>
      <trkpt lat="54.761806" lon="8.977003">
        <ele>57.592238</ele>
        <time>2021-07-31T10:57:04.000Z</time>
      </trkpt>
      <trkpt lat="54.761778" lon="8.977024">
        <ele>57.625699</ele>
        <time>2021-07-31T10:57:06.000Z</time>
      </trkpt>
      <trkpt lat="54.761734" lon="8.977063">
        <ele>57.679900</ele>
        <time>2021-07-31T10:57:14.000Z</time>
      </trkpt>
      <trkpt lat="54.761716" lon="8.977067">
        <ele>57.699803</ele>
        <time>2021-07-31T10:57:21.000Z</time>
      </trkpt>
      <trkpt lat="54.761719" lon="8.977087">
        <ele>57.712880</ele>
        <time>2021-07-31T10:57:29.000Z</time>
      </trkpt>
      <trkpt lat="54.761684" lon="8.977100">
        <ele>57.726175</ele>
        <time>2021-07-31T10:57:35.000Z</time>
      </trkpt>
      <trkpt lat="54.761681" lon="8.977148">
        <ele>57.730405</ele>
        <time>2021-07-31T10:57:42.000Z</time>
      </trkpt>
      <trkpt lat="54.761673" lon="8.977163">
        <ele>57.732195</ele>
        <time>2021-07-31T10:57:49.000Z</time>
      </trkpt>
      <trkpt lat="54.761679" lon="8.977239">
        <ele>57.738915</ele>
        <time>2021-07-31T10:57:55.000Z</time>
      </trkpt>
      <trkpt lat="54.761677" lon="8.977255">
        <ele>57.740349</ele>
        <time>2021-07-31T10:57:56.000Z</time>
      </trkpt>
      <trkpt lat="54.761676" lon="8.977319">
        <ele>57.745958</ele>
        <time>2021-07-31T10:58:00.000Z</time>
      </trkpt>
      <trkpt lat="54.761680" lon="8.977371">
        <ele>57.750554</ele>
        <time>2021-07-31T10:58:02.000Z</time>
      </trkpt>
      <trkpt lat="54.761677" lon="8.977544">
        <ele>57.765718</ele>
        <time>2021-07-31T10:58:08.000Z</time>
      </trkpt>
      <trkpt lat="54.761673" lon="8.977574">
        <ele>57.768415</ele>
        <time>2021-07-31T10:58:09.000Z</time>
      </trkpt>
      <trkpt lat="54.761670" lon="8.977606">
        <ele>57.771256</ele>
        <time>2021-07-31T10:58:10.000Z</time>
      </trkpt>
      <trkpt lat="54.761666" lon="8.977664">
        <ele>57.776373</ele>
        <time>2021-07-31T10:58:12.000Z</time>
      </trkpt>
      <trkpt lat="54.761634" lon="8.977788">
        <ele>57.788274</ele>
        <time>2021-07-31T10:58:16.000Z</time>
      </trkpt>
      <trkpt lat="54.761610" lon="8.977849">
        <ele>57.794743</ele>
        <time>2021-07-31T10:58:18.000Z</time>
      </trkpt>
      <trkpt lat="54.761603" lon="8.977881">
        <ele>57.797741</ele>
        <time>2021-07-31T10:58:19.000Z</time>
      </trkpt>
      <trkpt lat="54.761601" lon="8.977936">
        <ele>57.802569</ele>
        <time>2021-07-31T10:58:22.000Z</time>
      </trkpt>
      <trkpt lat="54.761596" lon="8.977950">
        <ele>57.804012</ele>
        <time>2021-07-31T10:58:23.000Z</time>
      </trkpt>
      <trkpt lat="54.761578" lon="8.977999">
        <ele>57.809101</ele>
        <time>2021-07-31T10:58:26.000Z</time>
      </trkpt>
      <trkpt lat="54.761553" lon="8.978046">
        <ele>57.814701</ele>
        <time>2021-07-31T10:58:28.000Z</time>
      </trkpt>
      <trkpt lat="54.761543" lon="8.978059">
        <ele>57.816599</ele>
        <time>2021-07-31T10:58:29.000Z</time>
      </trkpt>
      <trkpt lat="54.761523" lon="8.978113">
        <ele>57.822221</ele>
        <time>2021-07-31T10:58:33.000Z</time>
      </trkpt>
      <trkpt lat="54.761510" lon="8.978153">
        <ele>57.826243</ele>
        <time>2021-07-31T10:58:35.000Z</time>
      </trkpt>
      <trkpt lat="54.761502" lon="8.978236">
        <ele>57.833616</ele>
        <time>2021-07-31T10:58:39.000Z</time>
      </trkpt>
      <trkpt lat="54.761484" lon="8.978298">
        <ele>57.839696</ele>
        <time>2021-07-31T10:58:41.000Z</time>
      </trkpt>
      <trkpt lat="54.761482" lon="8.978315">
        <ele>57.841216</ele>
        <time>2021-07-31T10:58:42.000Z</time>
      </trkpt>
      <trkpt lat="54.761465" lon="8.978383">
        <ele>57.847709</ele>
        <time>2021-07-31T10:58:45.000Z</time>
      </trkpt>
      <trkpt lat="54.761434" lon="8.978475">
        <ele>57.857043</ele>
        <time>2021-07-31T10:58:48.000Z</time>
      </trkpt>
      <trkpt lat="54.761379" lon="8.978558">
        <ele>57.868117</ele>
        <time>2021-07-31T10:58:52.000Z</time>
      </trkpt>
      <trkpt lat="54.761365" lon="8.978601">
        <ele>57.872442</ele>
        <time>2021-07-31T10:58:54.000Z</time>
      </trkpt>
      <trkpt lat="54.761350" lon="8.978639">
        <ele>57.876476</ele>
        <time>2021-07-31T10:58:56.000Z</time>
      </trkpt>
      <trkpt lat="54.761332" lon="8.978679">
        <ele>57.880920</ele>
        <time>2021-07-31T10:58:59.000Z</time>
      </trkpt>
      <trkpt lat="54.761318" lon="8.978710">
        <ele>57.884369</ele>
        <time>2021-07-31T10:59:01.000Z</time>
      </trkpt>
      <trkpt lat="54.761309" lon="8.978728">
        <ele>57.886456</ele>
        <time>2021-07-31T10:59:03.000Z</time>
      </trkpt>
      <trkpt lat="54.761281" lon="8.978758">
        <ele>57.891455</ele>
        <time>2021-07-31T10:59:06.000Z</time>
      </trkpt>
      <trkpt lat="54.761208" lon="8.978800">
        <ele>57.903134</ele>
        <time>2021-07-31T10:59:12.000Z</time>
      </trkpt>
      <trkpt lat="54.761197" lon="8.978804">
        <ele>57.904841</ele>
        <time>2021-07-31T10:59:13.000Z</time>
      </trkpt>
      <trkpt lat="54.761190" lon="8.978805">
        <ele>57.905907</ele>
        <time>2021-07-31T10:59:15.000Z</time>
      </trkpt>
      <trkpt lat="54.761177" lon="8.978808">
        <ele>57.907898</ele>
        <time>2021-07-31T10:59:18.000Z</time>
      </trkpt>
      <trkpt lat="54.761174" lon="8.978811">
        <ele>57.908424</ele>
        <time>2021-07-31T10:59:19.000Z</time>
      </trkpt>
      <trkpt lat="54.761165" lon="8.978815">
        <ele>57.909835</ele>
        <time>2021-07-31T10:59:20.000Z</time>
      </trkpt>
      <trkpt lat="54.761160" lon="8.978820">
        <ele>57.910712</ele>
        <time>2021-07-31T10:59:21.000Z</time>
      </trkpt>
      <trkpt lat="54.761158" lon="8.978823">
        <ele>57.911113</ele>
        <time>2021-07-31T10:59:22.000Z</time>
      </trkpt>
      <trkpt lat="54.761153" lon="8.978827">
        <ele>57.911950</ele>
        <time>2021-07-31T10:59:23.000Z</time>
      </trkpt>
      <trkpt lat="54.761148" lon="8.978837">
        <ele>57.913109</ele>
        <time>2021-07-31T10:59:24.000Z</time>
      </trkpt>
      <trkpt lat="54.761140" lon="8.978850">
        <ele>57.914774</ele>
        <time>2021-07-31T10:59:26.000Z</time>
      </trkpt>
      <trkpt lat="54.761135" lon="8.978846">
        <ele>57.915610</ele>
        <time>2021-07-31T10:59:27.000Z</time>
      </trkpt>
      <trkpt lat="54.761130" lon="8.978839">
        <ele>57.916586</ele>
        <time>2021-07-31T10:59:28.000Z</time>
      </trkpt>
      <trkpt lat="54.761134" lon="8.978842">
        <ele>57.917248</ele>
        <time>2021-07-31T10:59:31.000Z</time>
      </trkpt>
      <trkpt lat="54.761133" lon="8.978842">
        <ele>57.917400</ele>
        <time>2021-07-31T10:59:32.000Z</time>
      </trkpt>
      <trkpt lat="54.761136" lon="8.978810">
        <ele>57.920240</ele>
        <time>2021-07-31T10:59:39.000Z</time>
      </trkpt>
      <trkpt lat="54.761124" lon="8.978818">
        <ele>57.922192</ele>
        <time>2021-07-31T10:59:43.000Z</time>
      </trkpt>
      <trkpt lat="54.761098" lon="8.978813">
        <ele>57.926165</ele>
        <time>2021-07-31T10:59:45.000Z</time>
      </trkpt>
      <trkpt lat="54.761069" lon="8.978795">
        <ele>57.930842</ele>
        <time>2021-07-31T10:59:48.000Z</time>
      </trkpt>
      <trkpt lat="54.761059" lon="8.978783">
        <ele>57.932689</ele>
        <time>2021-07-31T10:59:50.000Z</time>
      </trkpt>
      <trkpt lat="54.761044" lon="8.978782">
        <ele>57.934968</ele>
        <time>2021-07-31T10:59:52.000Z</time>
      </trkpt>
      <trkpt lat="54.761034" lon="8.978775">
        <ele>57.936606</ele>
        <time>2021-07-31T10:59:53.000Z</time>
      </trkpt>
      <trkpt lat="54.761018" lon="8.978761">
        <ele>57.939327</ele>
        <time>2021-07-31T10:59:54.000Z</time>
      </trkpt>
      <trkpt lat="54.760933" lon="8.978737">
        <ele>57.952404</ele>
        <time>2021-07-31T11:00:00.000Z</time>
      </trkpt>
      <trkpt lat="54.760838" lon="8.978720">
        <ele>57.966906</ele>
        <time>2021-07-31T11:00:07.000Z</time>
      </trkpt>
      <trkpt lat="54.760761" lon="8.978694">
        <ele>57.978818</ele>
        <time>2021-07-31T11:00:12.000Z</time>
      </trkpt>
      <trkpt lat="54.760742" lon="8.978693">
        <ele>57.981704</ele>
        <time>2021-07-31T11:00:13.000Z</time>
      </trkpt>
      <trkpt lat="54.760659" lon="8.978699">
        <ele>57.994318</ele>
        <time>2021-07-31T11:00:18.000Z</time>
      </trkpt>
      <trkpt lat="54.760643" lon="8.978697">
        <ele>57.988877</ele>
        <time>2021-07-31T11:00:19.000Z</time>
      </trkpt>
      <trkpt lat="54.760561" lon="8.978691">
        <ele>57.941445</ele>
        <time>2021-07-31T11:00:24.000Z</time>
      </trkpt>
      <trkpt lat="54.760534" lon="8.978706">
        <ele>57.925059</ele>
        <time>2021-07-31T11:00:26.000Z</time>
      </trkpt>
      <trkpt lat="54.760491" lon="8.978724">
        <ele>57.899494</ele>
        <time>2021-07-31T11:00:29.000Z</time>
      </trkpt>
      <trkpt lat="54.760480" lon="8.978734">
        <ele>57.892316</ele>
        <time>2021-07-31T11:00:30.000Z</time>
      </trkpt>
      <trkpt lat="54.760473" lon="8.978747">
        <ele>57.886386</ele>
        <time>2021-07-31T11:00:31.000Z</time>
      </trkpt>
      <trkpt lat="54.760455" lon="8.978776">
        <ele>57.872183</ele>
        <time>2021-07-31T11:00:33.000Z</time>
      </trkpt>
      <trkpt lat="54.760447" lon="8.978783">
        <ele>57.867004</ele>
        <time>2021-07-31T11:00:34.000Z</time>
      </trkpt>
      <trkpt lat="54.760433" lon="8.978790">
        <ele>57.858583</ele>
        <time>2021-07-31T11:00:35.000Z</time>
      </trkpt>
      <trkpt lat="54.760425" lon="8.978794">
        <ele>57.853772</ele>
        <time>2021-07-31T11:00:36.000Z</time>
      </trkpt>
      <trkpt lat="54.760416" lon="8.978805">
        <ele>57.847407</ele>
        <time>2021-07-31T11:00:37.000Z</time>
      </trkpt>
      <trkpt lat="54.760400" lon="8.978813">
        <ele>57.837783</ele>
        <time>2021-07-31T11:00:39.000Z</time>
      </trkpt>
      <trkpt lat="54.760388" lon="8.978809">
        <ele>57.830721</ele>
        <time>2021-07-31T11:00:40.000Z</time>
      </trkpt>
      <trkpt lat="54.760378" lon="8.978813">
        <ele>57.824790</ele>
        <time>2021-07-31T11:00:41.000Z</time>
      </trkpt>
      <trkpt lat="54.760303" lon="8.978792">
        <ele>57.780884</ele>
        <time>2021-07-31T11:00:46.000Z</time>
      </trkpt>
      <trkpt lat="54.760284" lon="8.978794">
        <ele>57.769883</ele>
        <time>2021-07-31T11:00:47.000Z</time>
      </trkpt>
      <trkpt lat="54.760218" lon="8.978763">
        <ele>57.730365</ele>
        <time>2021-07-31T11:00:50.000Z</time>
      </trkpt>
      <trkpt lat="54.760177" lon="8.978744">
        <ele>57.705838</ele>
        <time>2021-07-31T11:00:52.000Z</time>
      </trkpt>
      <trkpt lat="54.760065" lon="8.978737">
        <ele>57.641069</ele>
        <time>2021-07-31T11:00:58.000Z</time>
      </trkpt>
      <trkpt lat="54.760055" lon="8.978732">
        <ele>57.635054</ele>
        <time>2021-07-31T11:00:59.000Z</time>
      </trkpt>
      <trkpt lat="54.759968" lon="8.978724">
        <ele>57.584704</ele>
        <time>2021-07-31T11:01:06.000Z</time>
      </trkpt>
      <trkpt lat="54.759877" lon="8.978726">
        <ele>57.532109</ele>
        <time>2021-07-31T11:01:11.000Z</time>
      </trkpt>
      <trkpt lat="54.759759" lon="8.978672">
        <ele>57.461578</ele>
        <time>2021-07-31T11:01:19.000Z</time>
      </trkpt>
      <trkpt lat="54.759715" lon="8.978668">
        <ele>57.436114</ele>
        <time>2021-07-31T11:01:23.000Z</time>
      </trkpt>
      <trkpt lat="54.759686" lon="8.978669">
        <ele>57.419351</ele>
        <time>2021-07-31T11:01:25.000Z</time>
      </trkpt>
      <trkpt lat="54.759643" lon="8.978676">
        <ele>57.394391</ele>
        <time>2021-07-31T11:01:28.000Z</time>
      </trkpt>
      <trkpt lat="54.759609" lon="8.978673">
        <ele>57.374717</ele>
        <time>2021-07-31T11:01:30.000Z</time>
      </trkpt>
      <trkpt lat="54.759563" lon="8.978681">
        <ele>57.347999</ele>
        <time>2021-07-31T11:01:33.000Z</time>
      </trkpt>
      <trkpt lat="54.759548" lon="8.978690">
        <ele>57.338825</ele>
        <time>2021-07-31T11:01:34.000Z</time>
      </trkpt>
      <trkpt lat="54.759512" lon="8.978700">
        <ele>57.317755</ele>
        <time>2021-07-31T11:01:36.000Z</time>
      </trkpt>
      <trkpt lat="54.759441" lon="8.978664">
        <ele>57.275003</ele>
        <time>2021-07-31T11:01:40.000Z</time>
      </trkpt>
      <trkpt lat="54.759357" lon="8.978630">
        <ele>57.225151</ele>
        <time>2021-07-31T11:01:46.000Z</time>
      </trkpt>
      <trkpt lat="54.759297" lon="8.978632">
        <ele>57.190470</ele>
        <time>2021-07-31T11:01:51.000Z</time>
      </trkpt>
      <trkpt lat="54.759262" lon="8.978629">
        <ele>57.170218</ele>
        <time>2021-07-31T11:01:53.000Z</time>
      </trkpt>
      <trkpt lat="54.759250" lon="8.978625">
        <ele>57.163156</ele>
        <time>2021-07-31T11:01:54.000Z</time>
      </trkpt>
      <trkpt lat="54.759135" lon="8.978580">
        <ele>57.095022</ele>
        <time>2021-07-31T11:02:00.000Z</time>
      </trkpt>
      <trkpt lat="54.759048" lon="8.978566">
        <ele>57.044527</ele>
        <time>2021-07-31T11:02:06.000Z</time>
      </trkpt>
      <trkpt lat="54.759010" lon="8.978563">
        <ele>57.022543</ele>
        <time>2021-07-31T11:02:08.000Z</time>
      </trkpt>
      <trkpt lat="54.758862" lon="8.978575">
        <ele>56.952225</ele>
        <time>2021-07-31T11:02:14.000Z</time>
      </trkpt>
      <trkpt lat="54.758811" lon="8.978596">
        <ele>56.946693</ele>
        <time>2021-07-31T11:02:17.000Z</time>
      </trkpt>
      <trkpt lat="54.758699" lon="8.978642">
        <ele>56.934544</ele>
        <time>2021-07-31T11:02:23.000Z</time>
      </trkpt>
      <trkpt lat="54.758579" lon="8.978663">
        <ele>56.921814</ele>
        <time>2021-07-31T11:02:28.000Z</time>
      </trkpt>
      <trkpt lat="54.758548" lon="8.978666">
        <ele>56.918537</ele>
        <time>2021-07-31T11:02:30.000Z</time>
      </trkpt>
      <trkpt lat="54.758434" lon="8.978659">
        <ele>56.906497</ele>
        <time>2021-07-31T11:02:37.000Z</time>
      </trkpt>
      <trkpt lat="54.758351" lon="8.978674">
        <ele>56.897689</ele>
        <time>2021-07-31T11:02:43.000Z</time>
      </trkpt>
      <trkpt lat="54.758319" lon="8.978668">
        <ele>56.894292</ele>
        <time>2021-07-31T11:02:45.000Z</time>
      </trkpt>
      <trkpt lat="54.758301" lon="8.978668">
        <ele>56.892392</ele>
        <time>2021-07-31T11:02:46.000Z</time>
      </trkpt>
      <trkpt lat="54.758222" lon="8.978686">
        <ele>56.883982</ele>
        <time>2021-07-31T11:02:51.000Z</time>
      </trkpt>
      <trkpt lat="54.758145" lon="8.978686">
        <ele>56.875855</ele>
        <time>2021-07-31T11:02:56.000Z</time>
      </trkpt>
      <trkpt lat="54.758118" lon="8.978690">
        <ele>56.872995</ele>
        <time>2021-07-31T11:02:58.000Z</time>
      </trkpt>
      <trkpt lat="54.758027" lon="8.978687">
        <ele>56.863389</ele>
        <time>2021-07-31T11:03:04.000Z</time>
      </trkpt>
      <trkpt lat="54.757993" lon="8.978720">
        <ele>56.859276</ele>
        <time>2021-07-31T11:03:07.000Z</time>
      </trkpt>
      <trkpt lat="54.757984" lon="8.978733">
        <ele>56.858039</ele>
        <time>2021-07-31T11:03:08.000Z</time>
      </trkpt>
      <trkpt lat="54.757931" lon="8.978796">
        <ele>56.851256</ele>
        <time>2021-07-31T11:03:12.000Z</time>
      </trkpt>
      <trkpt lat="54.757898" lon="8.978831">
        <ele>56.847172</ele>
        <time>2021-07-31T11:03:14.000Z</time>
      </trkpt>
      <trkpt lat="54.757850" lon="8.978851">
        <ele>56.841962</ele>
        <time>2021-07-31T11:03:16.000Z</time>
      </trkpt>
      <trkpt lat="54.757798" lon="8.978888">
        <ele>56.836029</ele>
        <time>2021-07-31T11:03:19.000Z</time>
      </trkpt>
      <trkpt lat="54.757712" lon="8.978935">
        <ele>56.826511</ele>
        <time>2021-07-31T11:03:24.000Z</time>
      </trkpt>
      <trkpt lat="54.757680" lon="8.978959">
        <ele>56.822831</ele>
        <time>2021-07-31T11:03:27.000Z</time>
      </trkpt>
      <trkpt lat="54.757635" lon="8.978995">
        <ele>56.817600</ele>
        <time>2021-07-31T11:03:30.000Z</time>
      </trkpt>
      <trkpt lat="54.757545" lon="8.979013">
        <ele>56.808037</ele>
        <time>2021-07-31T11:03:36.000Z</time>
      </trkpt>
      <trkpt lat="54.757462" lon="8.979028">
        <ele>56.799230</ele>
        <time>2021-07-31T11:03:40.000Z</time>
      </trkpt>
      <trkpt lat="54.757443" lon="8.979021">
        <ele>56.797179</ele>
        <time>2021-07-31T11:03:41.000Z</time>
      </trkpt>
      <trkpt lat="54.757417" lon="8.979015">
        <ele>56.794411</ele>
        <time>2021-07-31T11:03:43.000Z</time>
      </trkpt>
      <trkpt lat="54.757366" lon="8.979026">
        <ele>56.788987</ele>
        <time>2021-07-31T11:03:46.000Z</time>
      </trkpt>
      <trkpt lat="54.757252" lon="8.979056">
        <ele>56.776816</ele>
        <time>2021-07-31T11:03:52.000Z</time>
      </trkpt>
      <trkpt lat="54.757230" lon="8.979062">
        <ele>56.774466</ele>
        <time>2021-07-31T11:03:53.000Z</time>
      </trkpt>
      <trkpt lat="54.757185" lon="8.979075">
        <ele>56.769651</ele>
        <time>2021-07-31T11:03:55.000Z</time>
      </trkpt>
      <trkpt lat="54.757163" lon="8.979074">
        <ele>56.767328</ele>
        <time>2021-07-31T11:03:56.000Z</time>
      </trkpt>
      <trkpt lat="54.757131" lon="8.979074">
        <ele>56.776816</ele>
        <time>2021-07-31T11:03:58.000Z</time>
      </trkpt>
      <trkpt lat="54.757037" lon="8.979094">
        <ele>56.836133</ele>
        <time>2021-07-31T11:04:05.000Z</time>
      </trkpt>
      <trkpt lat="54.756935" lon="8.979114">
        <ele>56.900426</ele>
        <time>2021-07-31T11:04:12.000Z</time>
      </trkpt>
      <trkpt lat="54.756825" lon="8.979138">
        <ele>56.969866</ele>
        <time>2021-07-31T11:04:18.000Z</time>
      </trkpt>
      <trkpt lat="54.756739" lon="8.979143">
        <ele>57.023760</ele>
        <time>2021-07-31T11:04:23.000Z</time>
      </trkpt>
      <trkpt lat="54.756728" lon="8.979146">
        <ele>57.030735</ele>
        <time>2021-07-31T11:04:24.000Z</time>
      </trkpt>
      <trkpt lat="54.756665" lon="8.979214">
        <ele>57.077221</ele>
        <time>2021-07-31T11:04:29.000Z</time>
      </trkpt>
      <trkpt lat="54.756574" lon="8.979266">
        <ele>57.137235</ele>
        <time>2021-07-31T11:04:35.000Z</time>
      </trkpt>
      <trkpt lat="54.756496" lon="8.979286">
        <ele>57.186621</ele>
        <time>2021-07-31T11:04:39.000Z</time>
      </trkpt>
      <trkpt lat="54.756460" lon="8.979296">
        <ele>57.209456</ele>
        <time>2021-07-31T11:04:41.000Z</time>
      </trkpt>
      <trkpt lat="54.756371" lon="8.979320">
        <ele>57.265870</ele>
        <time>2021-07-31T11:04:47.000Z</time>
      </trkpt>
      <trkpt lat="54.756257" lon="8.979311">
        <ele>57.337346</ele>
        <time>2021-07-31T11:04:54.000Z</time>
      </trkpt>
      <trkpt lat="54.756244" lon="8.979317">
        <ele>57.345772</ele>
        <time>2021-07-31T11:04:55.000Z</time>
      </trkpt>
      <trkpt lat="54.756231" lon="8.979327">
        <ele>57.354680</ele>
        <time>2021-07-31T11:04:56.000Z</time>
      </trkpt>
      <trkpt lat="54.756217" lon="8.979330">
        <ele>57.363515</ele>
        <time>2021-07-31T11:04:57.000Z</time>
      </trkpt>
      <trkpt lat="54.756155" lon="8.979351">
        <ele>57.403083</ele>
        <time>2021-07-31T11:05:01.000Z</time>
      </trkpt>
      <trkpt lat="54.756080" lon="8.979400">
        <ele>57.453285</ele>
        <time>2021-07-31T11:05:06.000Z</time>
      </trkpt>
      <trkpt lat="54.755950" lon="8.979511">
        <ele>57.544054</ele>
        <time>2021-07-31T11:05:13.000Z</time>
      </trkpt>
      <trkpt lat="54.755808" lon="8.979587">
        <ele>57.637138</ele>
        <time>2021-07-31T11:05:21.000Z</time>
      </trkpt>
      <trkpt lat="54.755792" lon="8.979595">
        <ele>57.647568</ele>
        <time>2021-07-31T11:05:22.000Z</time>
      </trkpt>
      <trkpt lat="54.755686" lon="8.979607">
        <ele>57.714100</ele>
        <time>2021-07-31T11:05:29.000Z</time>
      </trkpt>
      <trkpt lat="54.755654" lon="8.979628">
        <ele>57.735531</ele>
        <time>2021-07-31T11:05:31.000Z</time>
      </trkpt>
      <trkpt lat="54.755624" lon="8.979610">
        <ele>57.755416</ele>
        <time>2021-07-31T11:05:33.000Z</time>
      </trkpt>
      <trkpt lat="54.755600" lon="8.979602">
        <ele>57.770723</ele>
        <time>2021-07-31T11:05:35.000Z</time>
      </trkpt>
      <trkpt lat="54.755573" lon="8.979605">
        <ele>57.787669</ele>
        <time>2021-07-31T11:05:37.000Z</time>
      </trkpt>
      <trkpt lat="54.755535" lon="8.979608">
        <ele>57.811494</ele>
        <time>2021-07-31T11:05:40.000Z</time>
      </trkpt>
      <trkpt lat="54.755494" lon="8.979606">
        <ele>57.837183</ele>
        <time>2021-07-31T11:05:43.000Z</time>
      </trkpt>
      <trkpt lat="54.755349" lon="8.979618">
        <ele>57.904627</ele>
        <time>2021-07-31T11:05:52.000Z</time>
      </trkpt>
      <trkpt lat="54.755259" lon="8.979622">
        <ele>57.923994</ele>
        <time>2021-07-31T11:05:59.000Z</time>
      </trkpt>
      <trkpt lat="54.755167" lon="8.979644">
        <ele>57.943972</ele>
        <time>2021-07-31T11:06:04.000Z</time>
      </trkpt>
      <trkpt lat="54.755151" lon="8.979656">
        <ele>57.947723</ele>
        <time>2021-07-31T11:06:05.000Z</time>
      </trkpt>
      <trkpt lat="54.755071" lon="8.979694">
        <ele>57.965567</ele>
        <time>2021-07-31T11:06:10.000Z</time>
      </trkpt>
      <trkpt lat="54.755044" lon="8.979694">
        <ele>57.971376</ele>
        <time>2021-07-31T11:06:12.000Z</time>
      </trkpt>
      <trkpt lat="54.754958" lon="8.979717">
        <ele>57.990095</ele>
        <time>2021-07-31T11:06:17.000Z</time>
      </trkpt>
      <trkpt lat="54.754922" lon="8.979718">
        <ele>57.997841</ele>
        <time>2021-07-31T11:06:19.000Z</time>
      </trkpt>
      <trkpt lat="54.754791" lon="8.979750">
        <ele>58.026300</ele>
        <time>2021-07-31T11:06:27.000Z</time>
      </trkpt>
      <trkpt lat="54.754753" lon="8.979774">
        <ele>58.035001</ele>
        <time>2021-07-31T11:06:29.000Z</time>
      </trkpt>
      <trkpt lat="54.754737" lon="8.979780">
        <ele>58.038522</ele>
        <time>2021-07-31T11:06:30.000Z</time>
      </trkpt>
      <trkpt lat="54.754677" lon="8.979778">
        <ele>58.051432</ele>
        <time>2021-07-31T11:06:34.000Z</time>
      </trkpt>
      <trkpt lat="54.754615" lon="8.979784">
        <ele>58.064790</ele>
        <time>2021-07-31T11:06:40.000Z</time>
      </trkpt>
      <trkpt lat="54.754528" lon="8.979820">
        <ele>58.084032</ele>
        <time>2021-07-31T11:06:46.000Z</time>
      </trkpt>
      <trkpt lat="54.754516" lon="8.979817">
        <ele>58.086640</ele>
        <time>2021-07-31T11:06:47.000Z</time>
      </trkpt>
      <trkpt lat="54.754510" lon="8.979819">
        <ele>58.087954</ele>
        <time>2021-07-31T11:06:48.000Z</time>
      </trkpt>
      <trkpt lat="54.754509" lon="8.979804">
        <ele>58.089829</ele>
        <time>2021-07-31T11:06:51.000Z</time>
      </trkpt>
      <trkpt lat="54.754503" lon="8.979806">
        <ele>58.091143</ele>
        <time>2021-07-31T11:06:53.000Z</time>
      </trkpt>
      <trkpt lat="54.754497" lon="8.979810">
        <ele>58.092526</ele>
        <time>2021-07-31T11:06:54.000Z</time>
      </trkpt>
      <trkpt lat="54.754489" lon="8.979821">
        <ele>58.094723</ele>
        <time>2021-07-31T11:06:57.000Z</time>
      </trkpt>
      <trkpt lat="54.754425" lon="8.979820">
        <ele>58.108492</ele>
        <time>2021-07-31T11:07:02.000Z</time>
      </trkpt>
      <trkpt lat="54.754310" lon="8.979831">
        <ele>58.133268</ele>
        <time>2021-07-31T11:07:10.000Z</time>
      </trkpt>
      <trkpt lat="54.754197" lon="8.979915">
        <ele>58.159719</ele>
        <time>2021-07-31T11:07:17.000Z</time>
      </trkpt>
      <trkpt lat="54.754089" lon="8.979992">
        <ele>58.184842</ele>
        <time>2021-07-31T11:07:24.000Z</time>
      </trkpt>
      <trkpt lat="54.753978" lon="8.980079">
        <ele>58.211049</ele>
        <time>2021-07-31T11:07:32.000Z</time>
      </trkpt>
      <trkpt lat="54.753873" lon="8.980109">
        <ele>58.233942</ele>
        <time>2021-07-31T11:07:39.000Z</time>
      </trkpt>
      <trkpt lat="54.753752" lon="8.980131">
        <ele>58.260115</ele>
        <time>2021-07-31T11:07:47.000Z</time>
      </trkpt>
      <trkpt lat="54.753725" lon="8.980141">
        <ele>58.266054</ele>
        <time>2021-07-31T11:07:49.000Z</time>
      </trkpt>
      <trkpt lat="54.753633" lon="8.980185">
        <ele>58.293669</ele>
        <time>2021-07-31T11:07:55.000Z</time>
      </trkpt>
      <trkpt lat="54.753555" lon="8.980219">
        <ele>58.327729</ele>
        <time>2021-07-31T11:08:00.000Z</time>
      </trkpt>
      <trkpt lat="54.753522" lon="8.980234">
        <ele>58.342176</ele>
        <time>2021-07-31T11:08:02.000Z</time>
      </trkpt>
      <trkpt lat="54.753403" lon="8.980262">
        <ele>58.393031</ele>
        <time>2021-07-31T11:08:10.000Z</time>
      </trkpt>
      <trkpt lat="54.753370" lon="8.980264">
        <ele>58.407014</ele>
        <time>2021-07-31T11:08:12.000Z</time>
      </trkpt>
      <trkpt lat="54.753274" lon="8.980264">
        <ele>58.447666</ele>
        <time>2021-07-31T11:08:18.000Z</time>
      </trkpt>
      <trkpt lat="54.753259" lon="8.980262">
        <ele>58.454037</ele>
        <time>2021-07-31T11:08:19.000Z</time>
      </trkpt>
      <trkpt lat="54.753172" lon="8.980269">
        <ele>58.490918</ele>
        <time>2021-07-31T11:08:25.000Z</time>
      </trkpt>
      <trkpt lat="54.753101" lon="8.980277">
        <ele>58.521048</ele>
        <time>2021-07-31T11:08:29.000Z</time>
      </trkpt>
      <trkpt lat="54.753082" lon="8.980285">
        <ele>58.529328</ele>
        <time>2021-07-31T11:08:30.000Z</time>
      </trkpt>
      <trkpt lat="54.753046" lon="8.980301">
        <ele>58.545066</ele>
        <time>2021-07-31T11:08:32.000Z</time>
      </trkpt>
      <trkpt lat="54.752938" lon="8.980359">
        <ele>58.592946</ele>
        <time>2021-07-31T11:08:39.000Z</time>
      </trkpt>
      <trkpt lat="54.752922" lon="8.980363">
        <ele>58.599792</ele>
        <time>2021-07-31T11:08:40.000Z</time>
      </trkpt>
      <trkpt lat="54.752833" lon="8.980412">
        <ele>58.639337</ele>
        <time>2021-07-31T11:08:47.000Z</time>
      </trkpt>
      <trkpt lat="54.752756" lon="8.980445">
        <ele>58.672926</ele>
        <time>2021-07-31T11:08:53.000Z</time>
      </trkpt>
      <trkpt lat="54.752648" lon="8.980507">
        <ele>58.721105</ele>
        <time>2021-07-31T11:09:00.000Z</time>
      </trkpt>
      <trkpt lat="54.752496" lon="8.980598">
        <ele>58.789205</ele>
        <time>2021-07-31T11:09:08.000Z</time>
      </trkpt>
      <trkpt lat="54.752380" lon="8.980674">
        <ele>58.841722</ele>
        <time>2021-07-31T11:09:15.000Z</time>
      </trkpt>
      <trkpt lat="54.752272" lon="8.980701">
        <ele>58.887929</ele>
        <time>2021-07-31T11:09:23.000Z</time>
      </trkpt>
      <trkpt lat="54.752201" lon="8.980741">
        <ele>58.919545</ele>
        <time>2021-07-31T11:09:28.000Z</time>
      </trkpt>
      <trkpt lat="54.752180" lon="8.980746">
        <ele>58.928521</ele>
        <time>2021-07-31T11:09:30.000Z</time>
      </trkpt>
      <trkpt lat="54.752154" lon="8.980753">
        <ele>58.939663</ele>
        <time>2021-07-31T11:09:32.000Z</time>
      </trkpt>
      <trkpt lat="54.752108" lon="8.980789">
        <ele>58.961037</ele>
        <time>2021-07-31T11:09:35.000Z</time>
      </trkpt>
      <trkpt lat="54.752087" lon="8.980793">
        <ele>58.969984</ele>
        <time>2021-07-31T11:09:36.000Z</time>
      </trkpt>
      <trkpt lat="54.752042" lon="8.980822">
        <ele>58.990315</ele>
        <time>2021-07-31T11:09:38.000Z</time>
      </trkpt>
      <trkpt lat="54.751983" lon="8.980880">
        <ele>59.019040</ele>
        <time>2021-07-31T11:09:42.000Z</time>
      </trkpt>
      <trkpt lat="54.751884" lon="8.980936">
        <ele>59.091142</ele>
        <time>2021-07-31T11:09:49.000Z</time>
      </trkpt>
      <trkpt lat="54.751749" lon="8.980971">
        <ele>59.221833</ele>
        <time>2021-07-31T11:09:56.000Z</time>
      </trkpt>
      <trkpt lat="54.751696" lon="8.980953">
        <ele>59.273542</ele>
        <time>2021-07-31T11:10:00.000Z</time>
      </trkpt>
      <trkpt lat="54.751667" lon="8.980963">
        <ele>59.301852</ele>
        <time>2021-07-31T11:10:03.000Z</time>
      </trkpt>
      <trkpt lat="54.751618" lon="8.980997">
        <ele>59.352388</ele>
        <time>2021-07-31T11:10:07.000Z</time>
      </trkpt>
      <trkpt lat="54.751586" lon="8.981007">
        <ele>59.383520</ele>
        <time>2021-07-31T11:10:09.000Z</time>
      </trkpt>
      <trkpt lat="54.751521" lon="8.981026">
        <ele>59.446631</ele>
        <time>2021-07-31T11:10:13.000Z</time>
      </trkpt>
      <trkpt lat="54.751488" lon="8.981042">
        <ele>59.479440</ele>
        <time>2021-07-31T11:10:15.000Z</time>
      </trkpt>
      <trkpt lat="54.751451" lon="8.981065">
        <ele>59.517075</ele>
        <time>2021-07-31T11:10:17.000Z</time>
      </trkpt>
      <trkpt lat="54.751438" lon="8.981081">
        <ele>59.532342</ele>
        <time>2021-07-31T11:10:18.000Z</time>
      </trkpt>
      <trkpt lat="54.751363" lon="8.981151">
        <ele>59.613904</ele>
        <time>2021-07-31T11:10:22.000Z</time>
      </trkpt>
      <trkpt lat="54.751294" lon="8.981192">
        <ele>59.683743</ele>
        <time>2021-07-31T11:10:25.000Z</time>
      </trkpt>
      <trkpt lat="54.751267" lon="8.981209">
        <ele>59.711247</ele>
        <time>2021-07-31T11:10:26.000Z</time>
      </trkpt>
      <trkpt lat="54.751203" lon="8.981271">
        <ele>59.781449</ele>
        <time>2021-07-31T11:10:29.000Z</time>
      </trkpt>
      <trkpt lat="54.751114" lon="8.981352">
        <ele>59.877699</ele>
        <time>2021-07-31T11:10:35.000Z</time>
      </trkpt>
      <trkpt lat="54.751078" lon="8.981389">
        <ele>59.917773</ele>
        <time>2021-07-31T11:10:37.000Z</time>
      </trkpt>
      <trkpt lat="54.751015" lon="8.981455">
        <ele>59.988259</ele>
        <time>2021-07-31T11:10:40.000Z</time>
      </trkpt>
      <trkpt lat="54.750956" lon="8.981480">
        <ele>60.046411</ele>
        <time>2021-07-31T11:10:43.000Z</time>
      </trkpt>
      <trkpt lat="54.750923" lon="8.981523">
        <ele>60.085943</ele>
        <time>2021-07-31T11:10:45.000Z</time>
      </trkpt>
      <trkpt lat="54.750857" lon="8.981574">
        <ele>60.155132</ele>
        <time>2021-07-31T11:10:50.000Z</time>
      </trkpt>
      <trkpt lat="54.750769" lon="8.981604">
        <ele>60.241001</ele>
        <time>2021-07-31T11:10:56.000Z</time>
      </trkpt>
      <trkpt lat="54.750710" lon="8.981605">
        <ele>60.297492</ele>
        <time>2021-07-31T11:11:01.000Z</time>
      </trkpt>
      <trkpt lat="54.750700" lon="8.981605">
        <ele>60.307066</ele>
        <time>2021-07-31T11:11:02.000Z</time>
      </trkpt>
      <trkpt lat="54.750652" lon="8.981618">
        <ele>60.353580</ele>
        <time>2021-07-31T11:11:08.000Z</time>
      </trkpt>
      <trkpt lat="54.750568" lon="8.981629">
        <ele>60.434233</ele>
        <time>2021-07-31T11:11:14.000Z</time>
      </trkpt>
      <trkpt lat="54.750549" lon="8.981637">
        <ele>60.452954</ele>
        <time>2021-07-31T11:11:15.000Z</time>
      </trkpt>
      <trkpt lat="54.750380" lon="8.981708">
        <ele>60.619447</ele>
        <time>2021-07-31T11:11:23.000Z</time>
      </trkpt>
      <trkpt lat="54.750296" lon="8.981753">
        <ele>60.703627</ele>
        <time>2021-07-31T11:11:29.000Z</time>
      </trkpt>
      <trkpt lat="54.750196" lon="8.981808">
        <ele>60.868869</ele>
        <time>2021-07-31T11:11:35.000Z</time>
      </trkpt>
      <trkpt lat="54.750112" lon="8.981836">
        <ele>61.079943</ele>
        <time>2021-07-31T11:11:40.000Z</time>
      </trkpt>
      <trkpt lat="54.750099" lon="8.981835">
        <ele>61.112052</ele>
        <time>2021-07-31T11:11:41.000Z</time>
      </trkpt>
      <trkpt lat="54.750080" lon="8.981835">
        <ele>61.158935</ele>
        <time>2021-07-31T11:11:43.000Z</time>
      </trkpt>
      <trkpt lat="54.750017" lon="8.981854">
        <ele>61.316727</ele>
        <time>2021-07-31T11:11:48.000Z</time>
      </trkpt>
      <trkpt lat="54.749904" lon="8.981875">
        <ele>61.597157</ele>
        <time>2021-07-31T11:11:55.000Z</time>
      </trkpt>
      <trkpt lat="54.749815" lon="8.981883">
        <ele>61.817062</ele>
        <time>2021-07-31T11:12:01.000Z</time>
      </trkpt>
      <trkpt lat="54.749762" lon="8.981894">
        <ele>61.948776</ele>
        <time>2021-07-31T11:12:05.000Z</time>
      </trkpt>
      <trkpt lat="54.749736" lon="8.981893">
        <ele>62.012948</ele>
        <time>2021-07-31T11:12:07.000Z</time>
      </trkpt>
      <trkpt lat="54.749660" lon="8.981899">
        <ele>62.200674</ele>
        <time>2021-07-31T11:12:12.000Z</time>
      </trkpt>
      <trkpt lat="54.749563" lon="8.981934">
        <ele>62.445160</ele>
        <time>2021-07-31T11:12:19.000Z</time>
      </trkpt>
      <trkpt lat="54.749480" lon="8.981945">
        <ele>62.650563</ele>
        <time>2021-07-31T11:12:25.000Z</time>
      </trkpt>
      <trkpt lat="54.749448" lon="8.981962">
        <ele>62.733152</ele>
        <time>2021-07-31T11:12:27.000Z</time>
      </trkpt>
      <trkpt lat="54.749402" lon="8.981998">
        <ele>62.857700</ele>
        <time>2021-07-31T11:12:30.000Z</time>
      </trkpt>
      <trkpt lat="54.749390" lon="8.982004">
        <ele>62.888519</ele>
        <time>2021-07-31T11:12:31.000Z</time>
      </trkpt>
      <trkpt lat="54.749316" lon="8.982023">
        <ele>63.073110</ele>
        <time>2021-07-31T11:12:35.000Z</time>
      </trkpt>
      <trkpt lat="54.749285" lon="8.982028">
        <ele>63.149934</ele>
        <time>2021-07-31T11:12:37.000Z</time>
      </trkpt>
      <trkpt lat="54.749171" lon="8.982080">
        <ele>63.440817</ele>
        <time>2021-07-31T11:12:45.000Z</time>
      </trkpt>
      <trkpt lat="54.749160" lon="8.982093">
        <ele>63.473673</ele>
        <time>2021-07-31T11:12:46.000Z</time>
      </trkpt>
      <trkpt lat="54.749104" lon="8.982122">
        <ele>63.617894</ele>
        <time>2021-07-31T11:12:49.000Z</time>
      </trkpt>
      <trkpt lat="54.749060" lon="8.982105">
        <ele>63.729132</ele>
        <time>2021-07-31T11:12:52.000Z</time>
      </trkpt>
      <trkpt lat="54.748930" lon="8.982129">
        <ele>64.051727</ele>
        <time>2021-07-31T11:13:00.000Z</time>
      </trkpt>
      <trkpt lat="54.748808" lon="8.982171">
        <ele>64.358650</ele>
        <time>2021-07-31T11:13:07.000Z</time>
      </trkpt>
      <trkpt lat="54.748770" lon="8.982220">
        <ele>64.475534</ele>
        <time>2021-07-31T11:13:09.000Z</time>
      </trkpt>
      <trkpt lat="54.748650" lon="8.982265">
        <ele>64.778494</ele>
        <time>2021-07-31T11:13:17.000Z</time>
      </trkpt>
      <trkpt lat="54.748529" lon="8.982340">
        <ele>65.095596</ele>
        <time>2021-07-31T11:13:24.000Z</time>
      </trkpt>
      <trkpt lat="54.748471" lon="8.982346">
        <ele>65.259903</ele>
        <time>2021-07-31T11:13:28.000Z</time>
      </trkpt>
      <trkpt lat="54.748457" lon="8.982349">
        <ele>65.314007</ele>
        <time>2021-07-31T11:13:29.000Z</time>
      </trkpt>
      <trkpt lat="54.748440" lon="8.982349">
        <ele>65.379209</ele>
        <time>2021-07-31T11:13:30.000Z</time>
      </trkpt>
      <trkpt lat="54.748357" lon="8.982367">
        <ele>65.700031</ele>
        <time>2021-07-31T11:13:36.000Z</time>
      </trkpt>
      <trkpt lat="54.748328" lon="8.982375">
        <ele>65.812658</ele>
        <time>2021-07-31T11:13:38.000Z</time>
      </trkpt>
      <trkpt lat="54.748221" lon="8.982415">
        <ele>66.232489</ele>
        <time>2021-07-31T11:13:45.000Z</time>
      </trkpt>
      <trkpt lat="54.748125" lon="8.982421">
        <ele>66.600927</ele>
        <time>2021-07-31T11:13:51.000Z</time>
      </trkpt>
      <trkpt lat="54.748094" lon="8.982440">
        <ele>66.727044</ele>
        <time>2021-07-31T11:13:53.000Z</time>
      </trkpt>
      <trkpt lat="54.747996" lon="8.982430">
        <ele>67.103564</ele>
        <time>2021-07-31T11:13:58.000Z</time>
      </trkpt>
      <trkpt lat="54.747887" lon="8.982408">
        <ele>67.524449</ele>
        <time>2021-07-31T11:14:04.000Z</time>
      </trkpt>
      <trkpt lat="54.747869" lon="8.982408">
        <ele>67.593486</ele>
        <time>2021-07-31T11:14:05.000Z</time>
      </trkpt>
      <trkpt lat="54.747797" lon="8.982426">
        <ele>67.872495</ele>
        <time>2021-07-31T11:14:11.000Z</time>
      </trkpt>
      <trkpt lat="54.747772" lon="8.982428">
        <ele>67.968482</ele>
        <time>2021-07-31T11:14:13.000Z</time>
      </trkpt>
      <trkpt lat="54.747686" lon="8.982440">
        <ele>68.299393</ele>
        <time>2021-07-31T11:14:19.000Z</time>
      </trkpt>
      <trkpt lat="54.747583" lon="8.982456">
        <ele>68.696024</ele>
        <time>2021-07-31T11:14:25.000Z</time>
      </trkpt>
      <trkpt lat="54.747492" lon="8.982476">
        <ele>69.047842</ele>
        <time>2021-07-31T11:14:31.000Z</time>
      </trkpt>
      <trkpt lat="54.747411" lon="8.982480">
        <ele>69.358635</ele>
        <time>2021-07-31T11:14:37.000Z</time>
      </trkpt>
      <trkpt lat="54.747397" lon="8.982479">
        <ele>69.412376</ele>
        <time>2021-07-31T11:14:38.000Z</time>
      </trkpt>
      <trkpt lat="54.747313" lon="8.982509">
        <ele>69.741323</ele>
        <time>2021-07-31T11:14:44.000Z</time>
      </trkpt>
      <trkpt lat="54.747212" lon="8.982503">
        <ele>70.128925</ele>
        <time>2021-07-31T11:14:51.000Z</time>
      </trkpt>
      <trkpt lat="54.747201" lon="8.982495">
        <ele>70.174681</ele>
        <time>2021-07-31T11:14:52.000Z</time>
      </trkpt>
      <trkpt lat="54.747104" lon="8.982495">
        <ele>70.546714</ele>
        <time>2021-07-31T11:14:57.000Z</time>
      </trkpt>
      <trkpt lat="54.746998" lon="8.982488">
        <ele>70.953561</ele>
        <time>2021-07-31T11:15:03.000Z</time>
      </trkpt>
      <trkpt lat="54.746981" lon="8.982484">
        <ele>71.019361</ele>
        <time>2021-07-31T11:15:04.000Z</time>
      </trkpt>
      <trkpt lat="54.746933" lon="8.982506">
        <ele>71.209793</ele>
        <time>2021-07-31T11:15:08.000Z</time>
      </trkpt>
      <trkpt lat="54.746895" lon="8.982516">
        <ele>71.357210</ele>
        <time>2021-07-31T11:15:11.000Z</time>
      </trkpt>
      <trkpt lat="54.746766" lon="8.982560">
        <ele>71.861473</ele>
        <time>2021-07-31T11:15:19.000Z</time>
      </trkpt>
      <trkpt lat="54.746665" lon="8.982588">
        <ele>72.136090</ele>
        <time>2021-07-31T11:15:25.000Z</time>
      </trkpt>
      <trkpt lat="54.746649" lon="8.982588">
        <ele>72.150581</ele>
        <time>2021-07-31T11:15:26.000Z</time>
      </trkpt>
      <trkpt lat="54.746561" lon="8.982581">
        <ele>72.230367</ele>
        <time>2021-07-31T11:15:32.000Z</time>
      </trkpt>
      <trkpt lat="54.746535" lon="8.982592">
        <ele>72.254607</ele>
        <time>2021-07-31T11:15:34.000Z</time>
      </trkpt>
      <trkpt lat="54.746467" lon="8.982609">
        <ele>72.316833</ele>
        <time>2021-07-31T11:15:39.000Z</time>
      </trkpt>
      <trkpt lat="54.746415" lon="8.982645">
        <ele>72.367551</ele>
        <time>2021-07-31T11:15:43.000Z</time>
      </trkpt>
      <trkpt lat="54.746387" lon="8.982655">
        <ele>72.393444</ele>
        <time>2021-07-31T11:15:45.000Z</time>
      </trkpt>
      <trkpt lat="54.746372" lon="8.982668">
        <ele>72.408635</ele>
        <time>2021-07-31T11:15:46.000Z</time>
      </trkpt>
      <trkpt lat="54.746295" lon="8.982685">
        <ele>72.478938</ele>
        <time>2021-07-31T11:15:52.000Z</time>
      </trkpt>
      <trkpt lat="54.746241" lon="8.982672">
        <ele>72.528316</ele>
        <time>2021-07-31T11:15:56.000Z</time>
      </trkpt>
      <trkpt lat="54.746187" lon="8.982683">
        <ele>72.577561</ele>
        <time>2021-07-31T11:16:00.000Z</time>
      </trkpt>
      <trkpt lat="54.746114" lon="8.982661">
        <ele>72.644670</ele>
        <time>2021-07-31T11:16:05.000Z</time>
      </trkpt>
      <trkpt lat="54.746062" lon="8.982650">
        <ele>72.692117</ele>
        <time>2021-07-31T11:16:09.000Z</time>
      </trkpt>
      <trkpt lat="54.746023" lon="8.982667">
        <ele>72.728540</ele>
        <time>2021-07-31T11:16:13.000Z</time>
      </trkpt>
      <trkpt lat="54.745997" lon="8.982699">
        <ele>72.757426</ele>
        <time>2021-07-31T11:16:15.000Z</time>
      </trkpt>
      <trkpt lat="54.745988" lon="8.982702">
        <ele>72.765727</ele>
        <time>2021-07-31T11:16:16.000Z</time>
      </trkpt>
      <trkpt lat="54.745920" lon="8.982719">
        <ele>72.827953</ele>
        <time>2021-07-31T11:16:21.000Z</time>
      </trkpt>
      <trkpt lat="54.745823" lon="8.982735">
        <ele>72.916203</ele>
        <time>2021-07-31T11:16:27.000Z</time>
      </trkpt>
      <trkpt lat="54.745688" lon="8.982710">
        <ele>73.039170</ele>
        <time>2021-07-31T11:16:33.000Z</time>
      </trkpt>
      <trkpt lat="54.745675" lon="8.982716">
        <ele>73.051355</ele>
        <time>2021-07-31T11:16:34.000Z</time>
      </trkpt>
      <trkpt lat="54.745661" lon="8.982720">
        <ele>73.064206</ele>
        <time>2021-07-31T11:16:35.000Z</time>
      </trkpt>
      <trkpt lat="54.745624" lon="8.982727">
        <ele>73.097917</ele>
        <time>2021-07-31T11:16:38.000Z</time>
      </trkpt>
      <trkpt lat="54.745503" lon="8.982823">
        <ele>73.218452</ele>
        <time>2021-07-31T11:16:47.000Z</time>
      </trkpt>
      <trkpt lat="54.745398" lon="8.982921">
        <ele>73.326474</ele>
        <time>2021-07-31T11:16:55.000Z</time>
      </trkpt>
      <trkpt lat="54.745324" lon="8.982969">
        <ele>73.398039</ele>
        <time>2021-07-31T11:17:00.000Z</time>
      </trkpt>
      <trkpt lat="54.745275" lon="8.983018">
        <ele>73.449282</ele>
        <time>2021-07-31T11:17:03.000Z</time>
      </trkpt>
      <trkpt lat="54.745211" lon="8.983119">
        <ele>73.527690</ele>
        <time>2021-07-31T11:17:07.000Z</time>
      </trkpt>
      <trkpt lat="54.745206" lon="8.983127">
        <ele>73.533855</ele>
        <time>2021-07-31T11:17:08.000Z</time>
      </trkpt>
      <trkpt lat="54.745201" lon="8.983140">
        <ele>73.542021</ele>
        <time>2021-07-31T11:17:09.000Z</time>
      </trkpt>
      <trkpt lat="54.745151" lon="8.983162">
        <ele>73.588744</ele>
        <time>2021-07-31T11:17:12.000Z</time>
      </trkpt>
      <trkpt lat="54.745138" lon="8.983166">
        <ele>73.600703</ele>
        <time>2021-07-31T11:17:13.000Z</time>
      </trkpt>
      <trkpt lat="54.745090" lon="8.983202">
        <ele>73.648076</ele>
        <time>2021-07-31T11:17:16.000Z</time>
      </trkpt>
      <trkpt lat="54.745049" lon="8.983215">
        <ele>73.685826</ele>
        <time>2021-07-31T11:17:19.000Z</time>
      </trkpt>
      <trkpt lat="54.744995" lon="8.983218">
        <ele>73.717894</ele>
        <time>2021-07-31T11:17:23.000Z</time>
      </trkpt>
      <trkpt lat="54.744961" lon="8.983206">
        <ele>73.661129</ele>
        <time>2021-07-31T11:17:26.000Z</time>
      </trkpt>
      <trkpt lat="54.744963" lon="8.983199">
        <ele>73.653754</ele>
        <time>2021-07-31T11:17:27.000Z</time>
      </trkpt>
      <trkpt lat="54.744981" lon="8.983163">
        <ele>73.608779</ele>
        <time>2021-07-31T11:17:30.000Z</time>
      </trkpt>
      <trkpt lat="54.744991" lon="8.983158">
        <ele>73.591752</ele>
        <time>2021-07-31T11:17:31.000Z</time>
      </trkpt>
      <trkpt lat="54.744994" lon="8.983161">
        <ele>73.586085</ele>
        <time>2021-07-31T11:17:32.000Z</time>
      </trkpt>
      <trkpt lat="54.744978" lon="8.983201">
        <ele>73.540130</ele>
        <time>2021-07-31T11:17:36.000Z</time>
      </trkpt>
      <trkpt lat="54.744915" lon="8.983292">
        <ele>73.405942</ele>
        <time>2021-07-31T11:17:41.000Z</time>
      </trkpt>
      <trkpt lat="54.744798" lon="8.983376">
        <ele>73.198752</ele>
        <time>2021-07-31T11:17:49.000Z</time>
      </trkpt>
      <trkpt lat="54.744783" lon="8.983383">
        <ele>73.173339</ele>
        <time>2021-07-31T11:17:51.000Z</time>
      </trkpt>
      <trkpt lat="54.744763" lon="8.983403">
        <ele>73.135560</ele>
        <time>2021-07-31T11:17:54.000Z</time>
      </trkpt>
      <trkpt lat="54.744694" lon="8.983436">
        <ele>73.018458</ele>
        <time>2021-07-31T11:17:59.000Z</time>
      </trkpt>
      <trkpt lat="54.744678" lon="8.983448">
        <ele>72.989935</ele>
        <time>2021-07-31T11:18:00.000Z</time>
      </trkpt>
      <trkpt lat="54.744602" lon="8.983498">
        <ele>72.856941</ele>
        <time>2021-07-31T11:18:06.000Z</time>
      </trkpt>
      <trkpt lat="54.744499" lon="8.983559">
        <ele>72.678865</ele>
        <time>2021-07-31T11:18:12.000Z</time>
      </trkpt>
      <trkpt lat="54.744494" lon="8.983570">
        <ele>72.665643</ele>
        <time>2021-07-31T11:18:13.000Z</time>
      </trkpt>
      <trkpt lat="54.744405" lon="8.983626">
        <ele>72.510739</ele>
        <time>2021-07-31T11:18:18.000Z</time>
      </trkpt>
      <trkpt lat="54.744330" lon="8.983690">
        <ele>72.373966</ele>
        <time>2021-07-31T11:18:25.000Z</time>
      </trkpt>
      <trkpt lat="54.744257" lon="8.983735">
        <ele>72.247208</ele>
        <time>2021-07-31T11:18:30.000Z</time>
      </trkpt>
      <trkpt lat="54.744234" lon="8.983744">
        <ele>72.208633</ele>
        <time>2021-07-31T11:18:32.000Z</time>
      </trkpt>
      <trkpt lat="54.744184" lon="8.983768">
        <ele>72.123755</ele>
        <time>2021-07-31T11:18:36.000Z</time>
      </trkpt>
      <trkpt lat="54.744158" lon="8.983772">
        <ele>72.081053</ele>
        <time>2021-07-31T11:18:38.000Z</time>
      </trkpt>
      <trkpt lat="54.744135" lon="8.983788">
        <ele>72.040506</ele>
        <time>2021-07-31T11:18:40.000Z</time>
      </trkpt>
      <trkpt lat="54.744122" lon="8.983790">
        <ele>72.019155</ele>
        <time>2021-07-31T11:18:41.000Z</time>
      </trkpt>
      <trkpt lat="54.744063" lon="8.983852">
        <ele>71.906265</ele>
        <time>2021-07-31T11:18:47.000Z</time>
      </trkpt>
      <trkpt lat="54.744064" lon="8.983875">
        <ele>71.884485</ele>
        <time>2021-07-31T11:18:48.000Z</time>
      </trkpt>
      <trkpt lat="54.744069" lon="8.983895">
        <ele>71.863903</ele>
        <time>2021-07-31T11:18:49.000Z</time>
      </trkpt>
      <trkpt lat="54.744057" lon="8.983942">
        <ele>71.815373</ele>
        <time>2021-07-31T11:18:51.000Z</time>
      </trkpt>
      <trkpt lat="54.744041" lon="8.983956">
        <ele>71.786048</ele>
        <time>2021-07-31T11:18:52.000Z</time>
      </trkpt>
      <trkpt lat="54.743909" lon="8.984075">
        <ele>71.542615</ele>
        <time>2021-07-31T11:19:00.000Z</time>
      </trkpt>
      <trkpt lat="54.743895" lon="8.984078">
        <ele>71.519537</ele>
        <time>2021-07-31T11:19:01.000Z</time>
      </trkpt>
      <trkpt lat="54.743790" lon="8.984125">
        <ele>71.342122</ele>
        <time>2021-07-31T11:19:07.000Z</time>
      </trkpt>
      <trkpt lat="54.743663" lon="8.984208">
        <ele>71.120065</ele>
        <time>2021-07-31T11:19:14.000Z</time>
      </trkpt>
      <trkpt lat="54.743587" lon="8.984260">
        <ele>70.986388</ele>
        <time>2021-07-31T11:19:20.000Z</time>
      </trkpt>
      <trkpt lat="54.743493" lon="8.984304">
        <ele>70.827095</ele>
        <time>2021-07-31T11:19:27.000Z</time>
      </trkpt>
      <trkpt lat="54.743480" lon="8.984313">
        <ele>70.804192</ele>
        <time>2021-07-31T11:19:28.000Z</time>
      </trkpt>
      <trkpt lat="54.743468" lon="8.984330">
        <ele>70.790657</ele>
        <time>2021-07-31T11:19:29.000Z</time>
      </trkpt>
      <trkpt lat="54.743430" lon="8.984370">
        <ele>70.833502</ele>
        <time>2021-07-31T11:19:32.000Z</time>
      </trkpt>
      <trkpt lat="54.743387" lon="8.984405">
        <ele>70.879280</ele>
        <time>2021-07-31T11:19:35.000Z</time>
      </trkpt>
      <trkpt lat="54.743372" lon="8.984422">
        <ele>70.896552</ele>
        <time>2021-07-31T11:19:36.000Z</time>
      </trkpt>
      <trkpt lat="54.743359" lon="8.984438">
        <ele>70.911918</ele>
        <time>2021-07-31T11:19:37.000Z</time>
      </trkpt>
      <trkpt lat="54.743343" lon="8.984451">
        <ele>70.928946</ele>
        <time>2021-07-31T11:19:38.000Z</time>
      </trkpt>
      <trkpt lat="54.743307" lon="8.984483">
        <ele>70.967934</ele>
        <time>2021-07-31T11:19:40.000Z</time>
      </trkpt>
      <trkpt lat="54.743294" lon="8.984479">
        <ele>70.980657</ele>
        <time>2021-07-31T11:19:41.000Z</time>
      </trkpt>
      <trkpt lat="54.743251" lon="8.984488">
        <ele>71.022391</ele>
        <time>2021-07-31T11:19:44.000Z</time>
      </trkpt>
      <trkpt lat="54.743215" lon="8.984499">
        <ele>71.057615</ele>
        <time>2021-07-31T11:19:46.000Z</time>
      </trkpt>
      <trkpt lat="54.743112" lon="8.984563">
        <ele>71.163053</ele>
        <time>2021-07-31T11:19:52.000Z</time>
      </trkpt>
      <trkpt lat="54.743075" lon="8.984635">
        <ele>71.216670</ele>
        <time>2021-07-31T11:19:55.000Z</time>
      </trkpt>
      <trkpt lat="54.743031" lon="8.984705">
        <ele>71.274232</ele>
        <time>2021-07-31T11:19:59.000Z</time>
      </trkpt>
      <trkpt lat="54.742967" lon="8.984750">
        <ele>71.340786</ele>
        <time>2021-07-31T11:20:04.000Z</time>
      </trkpt>
      <trkpt lat="54.742885" lon="8.984800">
        <ele>71.424550</ele>
        <time>2021-07-31T11:20:11.000Z</time>
      </trkpt>
      <trkpt lat="54.742801" lon="8.984861">
        <ele>71.512313</ele>
        <time>2021-07-31T11:20:18.000Z</time>
      </trkpt>
      <trkpt lat="54.742727" lon="8.984893">
        <ele>71.585804</ele>
        <time>2021-07-31T11:20:24.000Z</time>
      </trkpt>
      <trkpt lat="54.742713" lon="8.984903">
        <ele>71.600396</ele>
        <time>2021-07-31T11:20:25.000Z</time>
      </trkpt>
      <trkpt lat="54.742694" lon="8.984898">
        <ele>71.618914</ele>
        <time>2021-07-31T11:20:26.000Z</time>
      </trkpt>
      <trkpt lat="54.742652" lon="8.984935">
        <ele>71.664316</ele>
        <time>2021-07-31T11:20:29.000Z</time>
      </trkpt>
      <trkpt lat="54.742634" lon="8.984967">
        <ele>71.689168</ele>
        <time>2021-07-31T11:20:31.000Z</time>
      </trkpt>
      <trkpt lat="54.742553" lon="8.985032">
        <ele>71.775183</ele>
        <time>2021-07-31T11:20:35.000Z</time>
      </trkpt>
      <trkpt lat="54.742464" lon="8.985127">
        <ele>71.875913</ele>
        <time>2021-07-31T11:20:41.000Z</time>
      </trkpt>
      <trkpt lat="54.742404" lon="8.985190">
        <ele>71.943517</ele>
        <time>2021-07-31T11:20:46.000Z</time>
      </trkpt>
      <trkpt lat="54.742391" lon="8.985198">
        <ele>71.956810</ele>
        <time>2021-07-31T11:20:47.000Z</time>
      </trkpt>
      <trkpt lat="54.742269" lon="8.985267">
        <ele>72.080472</ele>
        <time>2021-07-31T11:20:54.000Z</time>
      </trkpt>
      <trkpt lat="54.742259" lon="8.985280">
        <ele>72.092519</ele>
        <time>2021-07-31T11:20:55.000Z</time>
      </trkpt>
      <trkpt lat="54.742194" lon="8.985288">
        <ele>72.155308</ele>
        <time>2021-07-31T11:20:59.000Z</time>
      </trkpt>
      <trkpt lat="54.742167" lon="8.985298">
        <ele>72.181912</ele>
        <time>2021-07-31T11:21:01.000Z</time>
      </trkpt>
      <trkpt lat="54.742138" lon="8.985310">
        <ele>72.210642</ele>
        <time>2021-07-31T11:21:03.000Z</time>
      </trkpt>
      <trkpt lat="54.742129" lon="8.985314">
        <ele>72.219595</ele>
        <time>2021-07-31T11:21:04.000Z</time>
      </trkpt>
      <trkpt lat="54.742114" lon="8.985332">
        <ele>72.237177</ele>
        <time>2021-07-31T11:21:06.000Z</time>
      </trkpt>
      <trkpt lat="54.742112" lon="8.985346">
        <ele>72.245199</ele>
        <time>2021-07-31T11:21:07.000Z</time>
      </trkpt>
      <trkpt lat="54.742107" lon="8.985364">
        <ele>72.256310</ele>
        <time>2021-07-31T11:21:08.000Z</time>
      </trkpt>
      <trkpt lat="54.742044" lon="8.985382">
        <ele>72.317835</ele>
        <time>2021-07-31T11:21:13.000Z</time>
      </trkpt>
      <trkpt lat="54.741933" lon="8.985445">
        <ele>72.430384</ele>
        <time>2021-07-31T11:21:20.000Z</time>
      </trkpt>
      <trkpt lat="54.741837" lon="8.985513">
        <ele>72.539935</ele>
        <time>2021-07-31T11:21:25.000Z</time>
      </trkpt>
      <trkpt lat="54.741824" lon="8.985528">
        <ele>72.568212</ele>
        <time>2021-07-31T11:21:26.000Z</time>
      </trkpt>
      <trkpt lat="54.741799" lon="8.985563">
        <ele>72.626402</ele>
        <time>2021-07-31T11:21:28.000Z</time>
      </trkpt>
      <trkpt lat="54.741769" lon="8.985600">
        <ele>72.693070</ele>
        <time>2021-07-31T11:21:30.000Z</time>
      </trkpt>
      <trkpt lat="54.741723" lon="8.985652">
        <ele>72.792507</ele>
        <time>2021-07-31T11:21:33.000Z</time>
      </trkpt>
      <trkpt lat="54.741709" lon="8.985672">
        <ele>72.825358</ele>
        <time>2021-07-31T11:21:34.000Z</time>
      </trkpt>
      <trkpt lat="54.741677" lon="8.985736">
        <ele>72.913841</ele>
        <time>2021-07-31T11:21:37.000Z</time>
      </trkpt>
      <trkpt lat="54.741651" lon="8.985772">
        <ele>72.974097</ele>
        <time>2021-07-31T11:21:39.000Z</time>
      </trkpt>
      <trkpt lat="54.741578" lon="8.985893">
        <ele>73.157002</ele>
        <time>2021-07-31T11:21:44.000Z</time>
      </trkpt>
      <trkpt lat="54.741545" lon="8.985927">
        <ele>73.226511</ele>
        <time>2021-07-31T11:21:46.000Z</time>
      </trkpt>
      <trkpt lat="54.741517" lon="8.985961">
        <ele>73.288413</ele>
        <time>2021-07-31T11:21:48.000Z</time>
      </trkpt>
      <trkpt lat="54.741500" lon="8.985977">
        <ele>73.323437</ele>
        <time>2021-07-31T11:21:49.000Z</time>
      </trkpt>
      <trkpt lat="54.741447" lon="8.986045">
        <ele>73.442835</ele>
        <time>2021-07-31T11:21:53.000Z</time>
      </trkpt>
      <trkpt lat="54.741415" lon="8.986093">
        <ele>73.519465</ele>
        <time>2021-07-31T11:21:56.000Z</time>
      </trkpt>
      <trkpt lat="54.741299" lon="8.986227">
        <ele>73.771872</ele>
        <time>2021-07-31T11:22:04.000Z</time>
      </trkpt>
      <trkpt lat="54.741255" lon="8.986287">
        <ele>73.873245</ele>
        <time>2021-07-31T11:22:07.000Z</time>
      </trkpt>
      <trkpt lat="54.741194" lon="8.986390">
        <ele>74.027456</ele>
        <time>2021-07-31T11:22:11.000Z</time>
      </trkpt>
      <trkpt lat="54.741110" lon="8.986502">
        <ele>74.219353</ele>
        <time>2021-07-31T11:22:18.000Z</time>
      </trkpt>
      <trkpt lat="54.741074" lon="8.986546">
        <ele>74.299113</ele>
        <time>2021-07-31T11:22:22.000Z</time>
      </trkpt>
      <trkpt lat="54.741064" lon="8.986557">
        <ele>74.320558</ele>
        <time>2021-07-31T11:22:23.000Z</time>
      </trkpt>
      <trkpt lat="54.740998" lon="8.986626">
        <ele>74.460113</ele>
        <time>2021-07-31T11:22:29.000Z</time>
      </trkpt>
      <trkpt lat="54.740961" lon="8.986689">
        <ele>74.554034</ele>
        <time>2021-07-31T11:22:34.000Z</time>
      </trkpt>
      <trkpt lat="54.740934" lon="8.986722">
        <ele>74.613855</ele>
        <time>2021-07-31T11:22:36.000Z</time>
      </trkpt>
      <trkpt lat="54.740921" lon="8.986740">
        <ele>74.643983</ele>
        <time>2021-07-31T11:22:37.000Z</time>
      </trkpt>
      <trkpt lat="54.740852" lon="8.986900">
        <ele>74.852698</ele>
        <time>2021-07-31T11:22:43.000Z</time>
      </trkpt>
      <trkpt lat="54.740842" lon="8.986912">
        <ele>74.874721</ele>
        <time>2021-07-31T11:22:44.000Z</time>
      </trkpt>
      <trkpt lat="54.740814" lon="8.986945">
        <ele>74.936030</ele>
        <time>2021-07-31T11:22:47.000Z</time>
      </trkpt>
      <trkpt lat="54.740809" lon="8.986957">
        <ele>74.951496</ele>
        <time>2021-07-31T11:22:48.000Z</time>
      </trkpt>
      <trkpt lat="54.740801" lon="8.986980">
        <ele>74.979558</ele>
        <time>2021-07-31T11:22:49.000Z</time>
      </trkpt>
      <trkpt lat="54.740741" lon="8.987103">
        <ele>75.147848</ele>
        <time>2021-07-31T11:22:54.000Z</time>
      </trkpt>
      <trkpt lat="54.740714" lon="8.987158">
        <ele>75.223299</ele>
        <time>2021-07-31T11:22:56.000Z</time>
      </trkpt>
      <trkpt lat="54.740682" lon="8.987242">
        <ele>75.328476</ele>
        <time>2021-07-31T11:23:00.000Z</time>
      </trkpt>
      <trkpt lat="54.740677" lon="8.987264">
        <ele>75.353185</ele>
        <time>2021-07-31T11:23:01.000Z</time>
      </trkpt>
      <trkpt lat="54.740634" lon="8.987359">
        <ele>75.479345</ele>
        <time>2021-07-31T11:23:05.000Z</time>
      </trkpt>
      <trkpt lat="54.740629" lon="8.987381">
        <ele>75.504054</ele>
        <time>2021-07-31T11:23:06.000Z</time>
      </trkpt>
      <trkpt lat="54.740614" lon="8.987419">
        <ele>75.552163</ele>
        <time>2021-07-31T11:23:08.000Z</time>
      </trkpt>
      <trkpt lat="54.740597" lon="8.987446">
        <ele>75.593916</ele>
        <time>2021-07-31T11:23:10.000Z</time>
      </trkpt>
      <trkpt lat="54.740594" lon="8.987454">
        <ele>75.603886</ele>
        <time>2021-07-31T11:23:11.000Z</time>
      </trkpt>
      <trkpt lat="54.740551" lon="8.987537">
        <ele>75.720435</ele>
        <time>2021-07-31T11:23:15.000Z</time>
      </trkpt>
      <trkpt lat="54.740496" lon="8.987698">
        <ele>75.887778</ele>
        <time>2021-07-31T11:23:21.000Z</time>
      </trkpt>
      <trkpt lat="54.740460" lon="8.987823">
        <ele>76.004486</ele>
        <time>2021-07-31T11:23:26.000Z</time>
      </trkpt>
      <trkpt lat="54.740446" lon="8.987843">
        <ele>76.030749</ele>
        <time>2021-07-31T11:23:27.000Z</time>
      </trkpt>
      <trkpt lat="54.740353" lon="8.988009">
        <ele>76.224009</ele>
        <time>2021-07-31T11:23:34.000Z</time>
      </trkpt>
      <trkpt lat="54.740287" lon="8.988116">
        <ele>76.354834</ele>
        <time>2021-07-31T11:23:40.000Z</time>
      </trkpt>
      <trkpt lat="54.740239" lon="8.988196">
        <ele>76.451234</ele>
        <time>2021-07-31T11:23:44.000Z</time>
      </trkpt>
      <trkpt lat="54.740227" lon="8.988231">
        <ele>76.485244</ele>
        <time>2021-07-31T11:23:46.000Z</time>
      </trkpt>
      <trkpt lat="54.740213" lon="8.988311">
        <ele>76.555085</ele>
        <time>2021-07-31T11:23:50.000Z</time>
      </trkpt>
      <trkpt lat="54.740221" lon="8.988368">
        <ele>76.604094</ele>
        <time>2021-07-31T11:23:53.000Z</time>
      </trkpt>
      <trkpt lat="54.740274" lon="8.988421">
        <ele>76.692661</ele>
        <time>2021-07-31T11:23:57.000Z</time>
      </trkpt>
      <trkpt lat="54.740307" lon="8.988440">
        <ele>76.742989</ele>
        <time>2021-07-31T11:23:59.000Z</time>
      </trkpt>
      <trkpt lat="54.740318" lon="8.988450">
        <ele>76.760968</ele>
        <time>2021-07-31T11:24:00.000Z</time>
      </trkpt>
      <trkpt lat="54.740323" lon="8.988467">
        <ele>76.776908</ele>
        <time>2021-07-31T11:24:01.000Z</time>
      </trkpt>
      <trkpt lat="54.740357" lon="8.988514">
        <ele>76.839862</ele>
        <time>2021-07-31T11:24:04.000Z</time>
      </trkpt>
      <trkpt lat="54.740386" lon="8.988527">
        <ele>76.883214</ele>
        <time>2021-07-31T11:24:06.000Z</time>
      </trkpt>
      <trkpt lat="54.740405" lon="8.988566">
        <ele>76.925850</ele>
        <time>2021-07-31T11:24:09.000Z</time>
      </trkpt>
      <trkpt lat="54.740472" lon="8.988625">
        <ele>77.034624</ele>
        <time>2021-07-31T11:24:15.000Z</time>
      </trkpt>
      <trkpt lat="54.740485" lon="8.988632">
        <ele>77.054327</ele>
        <time>2021-07-31T11:24:16.000Z</time>
      </trkpt>
      <trkpt lat="54.740535" lon="8.988677">
        <ele>77.135872</ele>
        <time>2021-07-31T11:24:19.000Z</time>
      </trkpt>
      <trkpt lat="54.740557" lon="8.988694">
        <ele>77.170736</ele>
        <time>2021-07-31T11:24:20.000Z</time>
      </trkpt>
      <trkpt lat="54.740594" lon="8.988766">
        <ele>77.251270</ele>
        <time>2021-07-31T11:24:23.000Z</time>
      </trkpt>
      <trkpt lat="54.740622" lon="8.988938">
        <ele>77.400574</ele>
        <time>2021-07-31T11:24:29.000Z</time>
      </trkpt>
      <trkpt lat="54.740609" lon="8.988981">
        <ele>77.441127</ele>
        <time>2021-07-31T11:24:30.000Z</time>
      </trkpt>
      <trkpt lat="54.740614" lon="8.989068">
        <ele>77.514172</ele>
        <time>2021-07-31T11:24:33.000Z</time>
      </trkpt>
      <trkpt lat="54.740596" lon="8.989161">
        <ele>77.596120</ele>
        <time>2021-07-31T11:24:35.000Z</time>
      </trkpt>
      <trkpt lat="54.740587" lon="8.989377">
        <ele>77.777050</ele>
        <time>2021-07-31T11:24:42.000Z</time>
      </trkpt>
      <trkpt lat="54.740567" lon="8.989643">
        <ele>78.001159</ele>
        <time>2021-07-31T11:24:50.000Z</time>
      </trkpt>
      <trkpt lat="54.740561" lon="8.989709">
        <ele>78.056980</ele>
        <time>2021-07-31T11:24:52.000Z</time>
      </trkpt>
      <trkpt lat="54.740554" lon="8.989765">
        <ele>78.104850</ele>
        <time>2021-07-31T11:24:54.000Z</time>
      </trkpt>
      <trkpt lat="54.740563" lon="8.989817">
        <ele>78.150204</ele>
        <time>2021-07-31T11:24:56.000Z</time>
      </trkpt>
      <trkpt lat="54.740567" lon="8.989867">
        <ele>78.192377</ele>
        <time>2021-07-31T11:24:58.000Z</time>
      </trkpt>
      <trkpt lat="54.740556" lon="8.989960">
        <ele>78.271689</ele>
        <time>2021-07-31T11:25:02.000Z</time>
      </trkpt>
      <trkpt lat="54.740558" lon="8.989999">
        <ele>78.304400</ele>
        <time>2021-07-31T11:25:04.000Z</time>
      </trkpt>
      <trkpt lat="54.740567" lon="8.990046">
        <ele>78.345771</ele>
        <time>2021-07-31T11:25:06.000Z</time>
      </trkpt>
      <trkpt lat="54.740575" lon="8.990098">
        <ele>78.375742</ele>
        <time>2021-07-31T11:25:08.000Z</time>
      </trkpt>
      <trkpt lat="54.740577" lon="8.990141">
        <ele>78.367316</ele>
        <time>2021-07-31T11:25:10.000Z</time>
      </trkpt>
      <trkpt lat="54.740577" lon="8.990197">
        <ele>78.356378</ele>
        <time>2021-07-31T11:25:12.000Z</time>
      </trkpt>
      <trkpt lat="54.740580" lon="8.990219">
        <ele>78.351963</ele>
        <time>2021-07-31T11:25:13.000Z</time>
      </trkpt>
      <trkpt lat="54.740574" lon="8.990323">
        <ele>78.331549</ele>
        <time>2021-07-31T11:25:17.000Z</time>
      </trkpt>
      <trkpt lat="54.740572" lon="8.990367">
        <ele>78.322928</ele>
        <time>2021-07-31T11:25:19.000Z</time>
      </trkpt>
      <trkpt lat="54.740567" lon="8.990529">
        <ele>78.291241</ele>
        <time>2021-07-31T11:25:25.000Z</time>
      </trkpt>
      <trkpt lat="54.740567" lon="8.990555">
        <ele>78.286162</ele>
        <time>2021-07-31T11:25:26.000Z</time>
      </trkpt>
      <trkpt lat="54.740544" lon="8.990796">
        <ele>78.238451</ele>
        <time>2021-07-31T11:25:34.000Z</time>
      </trkpt>
      <trkpt lat="54.740561" lon="8.991026">
        <ele>78.193160</ele>
        <time>2021-07-31T11:25:41.000Z</time>
      </trkpt>
      <trkpt lat="54.740587" lon="8.991249">
        <ele>78.148724</ele>
        <time>2021-07-31T11:25:49.000Z</time>
      </trkpt>
      <trkpt lat="54.740584" lon="8.991436">
        <ele>78.112185</ele>
        <time>2021-07-31T11:25:55.000Z</time>
      </trkpt>
      <trkpt lat="54.740575" lon="8.991551">
        <ele>78.089518</ele>
        <time>2021-07-31T11:25:59.000Z</time>
      </trkpt>
      <trkpt lat="54.740576" lon="8.991601">
        <ele>78.079746</ele>
        <time>2021-07-31T11:26:01.000Z</time>
      </trkpt>
      <trkpt lat="54.740601" lon="8.991732">
        <ele>78.052797</ele>
        <time>2021-07-31T11:26:06.000Z</time>
      </trkpt>
      <trkpt lat="54.740625" lon="8.991905">
        <ele>78.018044</ele>
        <time>2021-07-31T11:26:12.000Z</time>
      </trkpt>
      <trkpt lat="54.740622" lon="8.992062">
        <ele>77.987362</ele>
        <time>2021-07-31T11:26:17.000Z</time>
      </trkpt>
      <trkpt lat="54.740624" lon="8.992087">
        <ele>77.982433</ele>
        <time>2021-07-31T11:26:18.000Z</time>
      </trkpt>
      <trkpt lat="54.740616" lon="8.992158">
        <ele>77.968303</ele>
        <time>2021-07-31T11:26:21.000Z</time>
      </trkpt>
      <trkpt lat="54.740618" lon="8.992245">
        <ele>77.951297</ele>
        <time>2021-07-31T11:26:25.000Z</time>
      </trkpt>
      <trkpt lat="54.740629" lon="8.992413">
        <ele>77.918272</ele>
        <time>2021-07-31T11:26:31.000Z</time>
      </trkpt>
      <trkpt lat="54.740635" lon="8.992604">
        <ele>77.880911</ele>
        <time>2021-07-31T11:26:38.000Z</time>
      </trkpt>
      <trkpt lat="54.740638" lon="8.992737">
        <ele>77.854914</ele>
        <time>2021-07-31T11:26:43.000Z</time>
      </trkpt>
      <trkpt lat="54.740659" lon="8.992920">
        <ele>77.818470</ele>
        <time>2021-07-31T11:26:49.000Z</time>
      </trkpt>
      <trkpt lat="54.740650" lon="8.993137">
        <ele>77.775977</ele>
        <time>2021-07-31T11:26:56.000Z</time>
      </trkpt>
      <trkpt lat="54.740662" lon="8.993297">
        <ele>77.965995</ele>
        <time>2021-07-31T11:27:02.000Z</time>
      </trkpt>
      <trkpt lat="54.740669" lon="8.993455">
        <ele>78.203370</ele>
        <time>2021-07-31T11:27:08.000Z</time>
      </trkpt>
      <trkpt lat="54.740665" lon="8.993671">
        <ele>78.527097</ele>
        <time>2021-07-31T11:27:16.000Z</time>
      </trkpt>
      <trkpt lat="54.740667" lon="8.993738">
        <ele>78.627595</ele>
        <time>2021-07-31T11:27:19.000Z</time>
      </trkpt>
      <trkpt lat="54.740667" lon="8.993851">
        <ele>78.796865</ele>
        <time>2021-07-31T11:27:22.000Z</time>
      </trkpt>
      <trkpt lat="54.740668" lon="8.994022">
        <ele>79.053031</ele>
        <time>2021-07-31T11:27:28.000Z</time>
      </trkpt>
      <trkpt lat="54.740676" lon="8.994068">
        <ele>79.124996</ele>
        <time>2021-07-31T11:27:30.000Z</time>
      </trkpt>
      <trkpt lat="54.740682" lon="8.994094">
        <ele>79.166940</ele>
        <time>2021-07-31T11:27:32.000Z</time>
      </trkpt>
      <trkpt lat="54.740693" lon="8.994114">
        <ele>79.208320</ele>
        <time>2021-07-31T11:27:33.000Z</time>
      </trkpt>
      <trkpt lat="54.740701" lon="8.994142">
        <ele>79.255119</ele>
        <time>2021-07-31T11:27:34.000Z</time>
      </trkpt>
      <trkpt lat="54.740702" lon="8.994205">
        <ele>79.349527</ele>
        <time>2021-07-31T11:27:36.000Z</time>
      </trkpt>
      <trkpt lat="54.740695" lon="8.994263">
        <ele>79.438287</ele>
        <time>2021-07-31T11:27:38.000Z</time>
      </trkpt>
      <trkpt lat="54.740691" lon="8.994287">
        <ele>79.475707</ele>
        <time>2021-07-31T11:27:39.000Z</time>
      </trkpt>
      <trkpt lat="54.740668" lon="8.994391">
        <ele>79.642536</ele>
        <time>2021-07-31T11:27:43.000Z</time>
      </trkpt>
      <trkpt lat="54.740671" lon="8.994415">
        <ele>79.679320</ele>
        <time>2021-07-31T11:27:44.000Z</time>
      </trkpt>
      <trkpt lat="54.740673" lon="8.994522">
        <ele>79.839687</ele>
        <time>2021-07-31T11:27:47.000Z</time>
      </trkpt>
      <trkpt lat="54.740668" lon="8.994665">
        <ele>80.054289</ele>
        <time>2021-07-31T11:27:52.000Z</time>
      </trkpt>
      <trkpt lat="54.740668" lon="8.994752">
        <ele>80.184612</ele>
        <time>2021-07-31T11:27:55.000Z</time>
      </trkpt>
      <trkpt lat="54.740653" lon="8.994831">
        <ele>80.309188</ele>
        <time>2021-07-31T11:27:58.000Z</time>
      </trkpt>
      <trkpt lat="54.740671" lon="8.994982">
        <ele>80.540153</ele>
        <time>2021-07-31T11:28:03.000Z</time>
      </trkpt>
      <trkpt lat="54.740678" lon="8.995072">
        <ele>80.676188</ele>
        <time>2021-07-31T11:28:06.000Z</time>
      </trkpt>
      <trkpt lat="54.740678" lon="8.995151">
        <ele>80.794528</ele>
        <time>2021-07-31T11:28:09.000Z</time>
      </trkpt>
      <trkpt lat="54.740671" lon="8.995241">
        <ele>80.930563</ele>
        <time>2021-07-31T11:28:13.000Z</time>
      </trkpt>
      <trkpt lat="54.740666" lon="8.995264">
        <ele>80.967378</ele>
        <time>2021-07-31T11:28:14.000Z</time>
      </trkpt>
      <trkpt lat="54.740663" lon="8.995291">
        <ele>81.008566</ele>
        <time>2021-07-31T11:28:15.000Z</time>
      </trkpt>
      <trkpt lat="54.740667" lon="8.995327">
        <ele>81.063482</ele>
        <time>2021-07-31T11:28:17.000Z</time>
      </trkpt>
      <trkpt lat="54.740682" lon="8.995402">
        <ele>81.182381</ele>
        <time>2021-07-31T11:28:21.000Z</time>
      </trkpt>
      <trkpt lat="54.740686" lon="8.995421">
        <ele>81.212676</ele>
        <time>2021-07-31T11:28:22.000Z</time>
      </trkpt>
      <trkpt lat="54.740686" lon="8.995512">
        <ele>81.348991</ele>
        <time>2021-07-31T11:28:25.000Z</time>
      </trkpt>
      <trkpt lat="54.740689" lon="8.995538">
        <ele>81.388709</ele>
        <time>2021-07-31T11:28:26.000Z</time>
      </trkpt>
      <trkpt lat="54.740688" lon="8.995631">
        <ele>81.528044</ele>
        <time>2021-07-31T11:28:30.000Z</time>
      </trkpt>
      <trkpt lat="54.740681" lon="8.995685">
        <ele>81.610948</ele>
        <time>2021-07-31T11:28:32.000Z</time>
      </trkpt>
      <trkpt lat="54.740675" lon="8.995704">
        <ele>81.643390</ele>
        <time>2021-07-31T11:28:33.000Z</time>
      </trkpt>
      <trkpt lat="54.740667" lon="8.995820">
        <ele>81.818390</ele>
        <time>2021-07-31T11:28:37.000Z</time>
      </trkpt>
      <trkpt lat="54.740665" lon="8.995844">
        <ele>81.854713</ele>
        <time>2021-07-31T11:28:38.000Z</time>
      </trkpt>
      <trkpt lat="54.740682" lon="8.995969">
        <ele>82.047085</ele>
        <time>2021-07-31T11:28:43.000Z</time>
      </trkpt>
      <trkpt lat="54.740685" lon="8.995991">
        <ele>82.080948</ele>
        <time>2021-07-31T11:28:44.000Z</time>
      </trkpt>
      <trkpt lat="54.740688" lon="8.996015">
        <ele>82.117732</ele>
        <time>2021-07-31T11:28:45.000Z</time>
      </trkpt>
      <trkpt lat="54.740685" lon="8.996043">
        <ele>82.160391</ele>
        <time>2021-07-31T11:28:46.000Z</time>
      </trkpt>
      <trkpt lat="54.740681" lon="8.996128">
        <ele>82.288141</ele>
        <time>2021-07-31T11:28:50.000Z</time>
      </trkpt>
      <trkpt lat="54.740677" lon="8.996192">
        <ele>82.384571</ele>
        <time>2021-07-31T11:28:53.000Z</time>
      </trkpt>
      <trkpt lat="54.740682" lon="8.996214">
        <ele>82.419988</ele>
        <time>2021-07-31T11:28:54.000Z</time>
      </trkpt>
      <trkpt lat="54.740703" lon="8.996255">
        <ele>82.393934</ele>
        <time>2021-07-31T11:28:56.000Z</time>
      </trkpt>
      <trkpt lat="54.740707" lon="8.996355">
        <ele>82.293521</ele>
        <time>2021-07-31T11:29:00.000Z</time>
      </trkpt>
      <trkpt lat="54.740707" lon="8.996407">
        <ele>82.241432</ele>
        <time>2021-07-31T11:29:03.000Z</time>
      </trkpt>
      <trkpt lat="54.740710" lon="8.996467">
        <ele>82.181103</ele>
        <time>2021-07-31T11:29:05.000Z</time>
      </trkpt>
      <trkpt lat="54.740720" lon="8.996534">
        <ele>82.111781</ele>
        <time>2021-07-31T11:29:07.000Z</time>
      </trkpt>
      <trkpt lat="54.740723" lon="8.996594">
        <ele>82.051453</ele>
        <time>2021-07-31T11:29:10.000Z</time>
      </trkpt>
      <trkpt lat="54.740717" lon="8.996638">
        <ele>82.006164</ele>
        <time>2021-07-31T11:29:12.000Z</time>
      </trkpt>
      <trkpt lat="54.740718" lon="8.996662">
        <ele>81.982060</ele>
        <time>2021-07-31T11:29:13.000Z</time>
      </trkpt>
      <trkpt lat="54.740726" lon="8.996901">
        <ele>81.742246</ele>
        <time>2021-07-31T11:29:21.000Z</time>
      </trkpt>
      <trkpt lat="54.740718" lon="8.996938">
        <ele>81.702668</ele>
        <time>2021-07-31T11:29:22.000Z</time>
      </trkpt>
      <trkpt lat="54.740714" lon="8.997015">
        <ele>81.625224</ele>
        <time>2021-07-31T11:29:25.000Z</time>
      </trkpt>
      <trkpt lat="54.740716" lon="8.997037">
        <ele>81.602914</ele>
        <time>2021-07-31T11:29:26.000Z</time>
      </trkpt>
      <trkpt lat="54.740724" lon="8.997062">
        <ele>81.574281</ele>
        <time>2021-07-31T11:29:27.000Z</time>
      </trkpt>
      <trkpt lat="54.740740" lon="8.997144">
        <ele>81.487574</ele>
        <time>2021-07-31T11:29:31.000Z</time>
      </trkpt>
      <trkpt lat="54.740714" lon="8.997220">
        <ele>81.399079</ele>
        <time>2021-07-31T11:29:35.000Z</time>
      </trkpt>
      <trkpt lat="54.740698" lon="8.997438">
        <ele>81.178946</ele>
        <time>2021-07-31T11:29:41.000Z</time>
      </trkpt>
      <trkpt lat="54.740707" lon="8.997512">
        <ele>81.103191</ele>
        <time>2021-07-31T11:29:43.000Z</time>
      </trkpt>
      <trkpt lat="54.740708" lon="8.997652">
        <ele>80.962939</ele>
        <time>2021-07-31T11:29:47.000Z</time>
      </trkpt>
      <trkpt lat="54.740723" lon="8.997826">
        <ele>80.786706</ele>
        <time>2021-07-31T11:29:54.000Z</time>
      </trkpt>
      <trkpt lat="54.740705" lon="8.997950">
        <ele>80.658626</ele>
        <time>2021-07-31T11:29:58.000Z</time>
      </trkpt>
      <trkpt lat="54.740706" lon="8.997967">
        <ele>80.641508</ele>
        <time>2021-07-31T11:29:59.000Z</time>
      </trkpt>
      <trkpt lat="54.740705" lon="8.997975">
        <ele>80.633309</ele>
        <time>2021-07-31T11:30:00.000Z</time>
      </trkpt>
      <trkpt lat="54.740703" lon="8.998049">
        <ele>80.559100</ele>
        <time>2021-07-31T11:30:04.000Z</time>
      </trkpt>
      <trkpt lat="54.740707" lon="8.998109">
        <ele>80.498597</ele>
        <time>2021-07-31T11:30:06.000Z</time>
      </trkpt>
      <trkpt lat="54.740709" lon="8.998230">
        <ele>80.377339</ele>
        <time>2021-07-31T11:30:11.000Z</time>
      </trkpt>
      <trkpt lat="54.740731" lon="8.998282">
        <ele>80.312758</ele>
        <time>2021-07-31T11:30:13.000Z</time>
      </trkpt>
      <trkpt lat="54.740718" lon="8.998371">
        <ele>80.220795</ele>
        <time>2021-07-31T11:30:16.000Z</time>
      </trkpt>
      <trkpt lat="54.740715" lon="8.998415">
        <ele>80.176413</ele>
        <time>2021-07-31T11:30:18.000Z</time>
      </trkpt>
      <trkpt lat="54.740708" lon="8.998513">
        <ele>80.077496</ele>
        <time>2021-07-31T11:30:22.000Z</time>
      </trkpt>
      <trkpt lat="54.740703" lon="8.998537">
        <ele>80.051937</ele>
        <time>2021-07-31T11:30:23.000Z</time>
      </trkpt>
      <trkpt lat="54.740696" lon="8.998696">
        <ele>79.892200</ele>
        <time>2021-07-31T11:30:29.000Z</time>
      </trkpt>
      <trkpt lat="54.740693" lon="8.998757">
        <ele>79.830874</ele>
        <time>2021-07-31T11:30:31.000Z</time>
      </trkpt>
      <trkpt lat="54.740688" lon="8.998838">
        <ele>79.749272</ele>
        <time>2021-07-31T11:30:35.000Z</time>
      </trkpt>
      <trkpt lat="54.740685" lon="8.998893">
        <ele>79.693931</ele>
        <time>2021-07-31T11:30:37.000Z</time>
      </trkpt>
      <trkpt lat="54.740678" lon="8.998938">
        <ele>79.647246</ele>
        <time>2021-07-31T11:30:39.000Z</time>
      </trkpt>
      <trkpt lat="54.740676" lon="8.998981">
        <ele>79.604032</ele>
        <time>2021-07-31T11:30:41.000Z</time>
      </trkpt>
      <trkpt lat="54.740670" lon="8.999030">
        <ele>79.553856</ele>
        <time>2021-07-31T11:30:43.000Z</time>
      </trkpt>
      <trkpt lat="54.740647" lon="8.999278">
        <ele>79.295180</ele>
        <time>2021-07-31T11:30:51.000Z</time>
      </trkpt>
      <trkpt lat="54.740617" lon="8.999509">
        <ele>78.937776</ele>
        <time>2021-07-31T11:31:00.000Z</time>
      </trkpt>
      <trkpt lat="54.740616" lon="8.999653">
        <ele>78.720396</ele>
        <time>2021-07-31T11:31:06.000Z</time>
      </trkpt>
      <trkpt lat="54.740612" lon="8.999688">
        <ele>78.666539</ele>
        <time>2021-07-31T11:31:08.000Z</time>
      </trkpt>
      <trkpt lat="54.740599" lon="8.999764">
        <ele>78.546888</ele>
        <time>2021-07-31T11:31:11.000Z</time>
      </trkpt>
      <trkpt lat="54.740596" lon="8.999796">
        <ele>78.497952</ele>
        <time>2021-07-31T11:31:12.000Z</time>
      </trkpt>
      <trkpt lat="54.740592" lon="8.999837">
        <ele>78.435186</ele>
        <time>2021-07-31T11:31:14.000Z</time>
      </trkpt>
      <trkpt lat="54.740580" lon="8.999899">
        <ele>78.336478</ele>
        <time>2021-07-31T11:31:17.000Z</time>
      </trkpt>
      <trkpt lat="54.740567" lon="8.999958">
        <ele>78.241152</ele>
        <time>2021-07-31T11:31:19.000Z</time>
      </trkpt>
      <trkpt lat="54.740536" lon="9.000163">
        <ele>77.921269</ele>
        <time>2021-07-31T11:31:26.000Z</time>
      </trkpt>
      <trkpt lat="54.740538" lon="9.000192">
        <ele>77.877182</ele>
        <time>2021-07-31T11:31:27.000Z</time>
      </trkpt>
      <trkpt lat="54.740544" lon="9.000211">
        <ele>77.844492</ele>
        <time>2021-07-31T11:31:28.000Z</time>
      </trkpt>
      <trkpt lat="54.740553" lon="9.000292">
        <ele>77.719980</ele>
        <time>2021-07-31T11:31:32.000Z</time>
      </trkpt>
      <trkpt lat="54.740577" lon="9.000372">
        <ele>77.583888</ele>
        <time>2021-07-31T11:31:36.000Z</time>
      </trkpt>
      <trkpt lat="54.740589" lon="9.000397">
        <ele>77.534811</ele>
        <time>2021-07-31T11:31:38.000Z</time>
      </trkpt>
      <trkpt lat="54.740595" lon="9.000414">
        <ele>77.504733</ele>
        <time>2021-07-31T11:31:39.000Z</time>
      </trkpt>
      <trkpt lat="54.740598" lon="9.000430">
        <ele>77.479340</ele>
        <time>2021-07-31T11:31:40.000Z</time>
      </trkpt>
      <trkpt lat="54.740602" lon="9.000495">
        <ele>77.380668</ele>
        <time>2021-07-31T11:31:43.000Z</time>
      </trkpt>
      <trkpt lat="54.740603" lon="9.000607">
        <ele>77.211586</ele>
        <time>2021-07-31T11:31:46.000Z</time>
      </trkpt>
      <trkpt lat="54.740582" lon="9.000759">
        <ele>76.975666</ele>
        <time>2021-07-31T11:31:51.000Z</time>
      </trkpt>
      <trkpt lat="54.740575" lon="9.000784">
        <ele>76.933725</ele>
        <time>2021-07-31T11:31:52.000Z</time>
      </trkpt>
      <trkpt lat="54.740582" lon="9.000927">
        <ele>76.717095</ele>
        <time>2021-07-31T11:31:57.000Z</time>
      </trkpt>
      <trkpt lat="54.740591" lon="9.000945">
        <ele>76.681149</ele>
        <time>2021-07-31T11:31:58.000Z</time>
      </trkpt>
      <trkpt lat="54.740614" lon="9.000980">
        <ele>76.601099</ele>
        <time>2021-07-31T11:32:00.000Z</time>
      </trkpt>
      <trkpt lat="54.740621" lon="9.001089">
        <ele>76.435551</ele>
        <time>2021-07-31T11:32:04.000Z</time>
      </trkpt>
      <trkpt lat="54.740620" lon="9.001207">
        <ele>76.257414</ele>
        <time>2021-07-31T11:32:08.000Z</time>
      </trkpt>
      <trkpt lat="54.740614" lon="9.001242">
        <ele>76.202302</ele>
        <time>2021-07-31T11:32:09.000Z</time>
      </trkpt>
      <trkpt lat="54.740604" lon="9.001285">
        <ele>76.132325</ele>
        <time>2021-07-31T11:32:10.000Z</time>
      </trkpt>
      <trkpt lat="54.740589" lon="9.001380">
        <ele>75.983658</ele>
        <time>2021-07-31T11:32:13.000Z</time>
      </trkpt>
      <trkpt lat="54.740588" lon="9.001450">
        <ele>75.877962</ele>
        <time>2021-07-31T11:32:16.000Z</time>
      </trkpt>
      <trkpt lat="54.740583" lon="9.001479">
        <ele>75.832276</ele>
        <time>2021-07-31T11:32:17.000Z</time>
      </trkpt>
      <trkpt lat="54.740562" lon="9.001540">
        <ele>75.725068</ele>
        <time>2021-07-31T11:32:19.000Z</time>
      </trkpt>
      <trkpt lat="54.740548" lon="9.001676">
        <ele>75.516541</ele>
        <time>2021-07-31T11:32:24.000Z</time>
      </trkpt>
      <trkpt lat="54.740547" lon="9.001707">
        <ele>75.469674</ele>
        <time>2021-07-31T11:32:25.000Z</time>
      </trkpt>
      <trkpt lat="54.740532" lon="9.001962">
        <ele>75.082763</ele>
        <time>2021-07-31T11:32:32.000Z</time>
      </trkpt>
      <trkpt lat="54.740528" lon="9.002026">
        <ele>74.985592</ele>
        <time>2021-07-31T11:32:34.000Z</time>
      </trkpt>
      <trkpt lat="54.740525" lon="9.002111">
        <ele>74.857047</ele>
        <time>2021-07-31T11:32:37.000Z</time>
      </trkpt>
      <trkpt lat="54.740526" lon="9.002296">
        <ele>74.640034</ele>
        <time>2021-07-31T11:32:43.000Z</time>
      </trkpt>
      <trkpt lat="54.740522" lon="9.002446">
        <ele>74.813325</ele>
        <time>2021-07-31T11:32:49.000Z</time>
      </trkpt>
      <trkpt lat="54.740518" lon="9.002497">
        <ele>74.872722</ele>
        <time>2021-07-31T11:32:51.000Z</time>
      </trkpt>
      <trkpt lat="54.740503" lon="9.002612">
        <ele>75.008783</ele>
        <time>2021-07-31T11:32:56.000Z</time>
      </trkpt>
      <trkpt lat="54.740467" lon="9.002763">
        <ele>75.197320</ele>
        <time>2021-07-31T11:33:01.000Z</time>
      </trkpt>
      <trkpt lat="54.740499" lon="9.002903">
        <ele>75.371090</ele>
        <time>2021-07-31T11:33:06.000Z</time>
      </trkpt>
      <trkpt lat="54.740472" lon="9.003107">
        <ele>75.612624</ele>
        <time>2021-07-31T11:33:13.000Z</time>
      </trkpt>
      <trkpt lat="54.740476" lon="9.003268">
        <ele>75.798597</ele>
        <time>2021-07-31T11:33:19.000Z</time>
      </trkpt>
      <trkpt lat="54.740480" lon="9.003350">
        <ele>75.893566</ele>
        <time>2021-07-31T11:33:23.000Z</time>
      </trkpt>
      <trkpt lat="54.740477" lon="9.003375">
        <ele>75.923034</ele>
        <time>2021-07-31T11:33:24.000Z</time>
      </trkpt>
      <trkpt lat="54.740476" lon="9.003418">
        <ele>75.972698</ele>
        <time>2021-07-31T11:33:26.000Z</time>
      </trkpt>
      <trkpt lat="54.740472" lon="9.003491">
        <ele>76.057322</ele>
        <time>2021-07-31T11:33:29.000Z</time>
      </trkpt>
      <trkpt lat="54.740475" lon="9.003510">
        <ele>76.080055</ele>
        <time>2021-07-31T11:33:30.000Z</time>
      </trkpt>
      <trkpt lat="54.740481" lon="9.003555">
        <ele>76.133354</ele>
        <time>2021-07-31T11:33:32.000Z</time>
      </trkpt>
      <trkpt lat="54.740479" lon="9.003606">
        <ele>76.192346</ele>
        <time>2021-07-31T11:33:34.000Z</time>
      </trkpt>
      <trkpt lat="54.740477" lon="9.003639">
        <ele>76.230639</ele>
        <time>2021-07-31T11:33:35.000Z</time>
      </trkpt>
      <trkpt lat="54.740477" lon="9.003669">
        <ele>76.265260</ele>
        <time>2021-07-31T11:33:36.000Z</time>
      </trkpt>
      <trkpt lat="54.740476" lon="9.003738">
        <ele>76.344914</ele>
        <time>2021-07-31T11:33:38.000Z</time>
      </trkpt>
      <trkpt lat="54.740475" lon="9.003827">
        <ele>76.447644</ele>
        <time>2021-07-31T11:33:41.000Z</time>
      </trkpt>
      <trkpt lat="54.740459" lon="9.003972">
        <ele>76.618010</ele>
        <time>2021-07-31T11:33:46.000Z</time>
      </trkpt>
      <trkpt lat="54.740452" lon="9.004005">
        <ele>76.658583</ele>
        <time>2021-07-31T11:33:47.000Z</time>
      </trkpt>
      <trkpt lat="54.740446" lon="9.004035">
        <ele>76.695224</ele>
        <time>2021-07-31T11:33:48.000Z</time>
      </trkpt>
      <trkpt lat="54.740404" lon="9.004165">
        <ele>76.867147</ele>
        <time>2021-07-31T11:33:53.000Z</time>
      </trkpt>
      <trkpt lat="54.740416" lon="9.004235">
        <ele>76.951417</ele>
        <time>2021-07-31T11:33:57.000Z</time>
      </trkpt>
      <trkpt lat="54.740409" lon="9.004297">
        <ele>77.024323</ele>
        <time>2021-07-31T11:34:00.000Z</time>
      </trkpt>
      <trkpt lat="54.740407" lon="9.004353">
        <ele>77.089073</ele>
        <time>2021-07-31T11:34:02.000Z</time>
      </trkpt>
      <trkpt lat="54.740393" lon="9.004446">
        <ele>77.199989</ele>
        <time>2021-07-31T11:34:05.000Z</time>
      </trkpt>
      <trkpt lat="54.740385" lon="9.004541">
        <ele>77.310784</ele>
        <time>2021-07-31T11:34:08.000Z</time>
      </trkpt>
      <trkpt lat="54.740410" lon="9.004693">
        <ele>77.493180</ele>
        <time>2021-07-31T11:34:14.000Z</time>
      </trkpt>
      <trkpt lat="54.740396" lon="9.004844">
        <ele>77.669674</ele>
        <time>2021-07-31T11:34:19.000Z</time>
      </trkpt>
      <trkpt lat="54.740376" lon="9.004899">
        <ele>77.744690</ele>
        <time>2021-07-31T11:34:21.000Z</time>
      </trkpt>
      <trkpt lat="54.740371" lon="9.004993">
        <ele>77.853630</ele>
        <time>2021-07-31T11:34:24.000Z</time>
      </trkpt>
      <trkpt lat="54.740366" lon="9.005053">
        <ele>77.923591</ele>
        <time>2021-07-31T11:34:26.000Z</time>
      </trkpt>
      <trkpt lat="54.740345" lon="9.005128">
        <ele>78.019788</ele>
        <time>2021-07-31T11:34:29.000Z</time>
      </trkpt>
      <trkpt lat="54.740341" lon="9.005155">
        <ele>78.051957</ele>
        <time>2021-07-31T11:34:30.000Z</time>
      </trkpt>
      <trkpt lat="54.740341" lon="9.005279">
        <ele>78.195059</ele>
        <time>2021-07-31T11:34:35.000Z</time>
      </trkpt>
      <trkpt lat="54.740344" lon="9.005418">
        <ele>78.279999</ele>
        <time>2021-07-31T11:34:40.000Z</time>
      </trkpt>
      <trkpt lat="54.740347" lon="9.005471">
        <ele>78.309822</ele>
        <time>2021-07-31T11:34:42.000Z</time>
      </trkpt>
      <trkpt lat="54.740331" lon="9.005546">
        <ele>78.354600</ele>
        <time>2021-07-31T11:34:45.000Z</time>
      </trkpt>
      <trkpt lat="54.740322" lon="9.005716">
        <ele>78.450203</ele>
        <time>2021-07-31T11:34:51.000Z</time>
      </trkpt>
      <trkpt lat="54.740321" lon="9.005744">
        <ele>78.465914</ele>
        <time>2021-07-31T11:34:52.000Z</time>
      </trkpt>
      <trkpt lat="54.740329" lon="9.005807">
        <ele>78.502039</ele>
        <time>2021-07-31T11:34:54.000Z</time>
      </trkpt>
      <trkpt lat="54.740349" lon="9.005972">
        <ele>78.596458</ele>
        <time>2021-07-31T11:35:00.000Z</time>
      </trkpt>
      <trkpt lat="54.740350" lon="9.006029">
        <ele>78.628394</ele>
        <time>2021-07-31T11:35:02.000Z</time>
      </trkpt>
      <trkpt lat="54.740341" lon="9.006089">
        <ele>78.663111</ele>
        <time>2021-07-31T11:35:04.000Z</time>
      </trkpt>
      <trkpt lat="54.740330" lon="9.006160">
        <ele>78.704279</ele>
        <time>2021-07-31T11:35:06.000Z</time>
      </trkpt>
      <trkpt lat="54.740329" lon="9.006245">
        <ele>78.751891</ele>
        <time>2021-07-31T11:35:09.000Z</time>
      </trkpt>
      <trkpt lat="54.740331" lon="9.006298">
        <ele>78.781636</ele>
        <time>2021-07-31T11:35:11.000Z</time>
      </trkpt>
      <trkpt lat="54.740309" lon="9.006482">
        <ele>78.886867</ele>
        <time>2021-07-31T11:35:17.000Z</time>
      </trkpt>
      <trkpt lat="54.740314" lon="9.006509">
        <ele>78.902746</ele>
        <time>2021-07-31T11:35:18.000Z</time>
      </trkpt>
      <trkpt lat="54.740322" lon="9.006608">
        <ele>78.958729</ele>
        <time>2021-07-31T11:35:22.000Z</time>
      </trkpt>
      <trkpt lat="54.740325" lon="9.006626">
        <ele>78.969221</ele>
        <time>2021-07-31T11:35:23.000Z</time>
      </trkpt>
      <trkpt lat="54.740318" lon="9.006654">
        <ele>78.986309</ele>
        <time>2021-07-31T11:35:25.000Z</time>
      </trkpt>
      <trkpt lat="54.740306" lon="9.006740">
        <ele>79.035858</ele>
        <time>2021-07-31T11:35:29.000Z</time>
      </trkpt>
      <trkpt lat="54.740300" lon="9.006777">
        <ele>79.057381</ele>
        <time>2021-07-31T11:35:31.000Z</time>
      </trkpt>
      <trkpt lat="54.740295" lon="9.006824">
        <ele>79.084145</ele>
        <time>2021-07-31T11:35:34.000Z</time>
      </trkpt>
      <trkpt lat="54.740311" lon="9.006965">
        <ele>79.164619</ele>
        <time>2021-07-31T11:35:40.000Z</time>
      </trkpt>
      <trkpt lat="54.740312" lon="9.006989">
        <ele>79.178095</ele>
        <time>2021-07-31T11:35:41.000Z</time>
      </trkpt>
      <trkpt lat="54.740287" lon="9.007132">
        <ele>79.261770</ele>
        <time>2021-07-31T11:35:47.000Z</time>
      </trkpt>
      <trkpt lat="54.740285" lon="9.007157">
        <ele>79.275904</ele>
        <time>2021-07-31T11:35:48.000Z</time>
      </trkpt>
      <trkpt lat="54.740274" lon="9.007209">
        <ele>79.306919</ele>
        <time>2021-07-31T11:35:50.000Z</time>
      </trkpt>
      <trkpt lat="54.740263" lon="9.007281">
        <ele>79.348629</ele>
        <time>2021-07-31T11:35:52.000Z</time>
      </trkpt>
      <trkpt lat="54.740255" lon="9.007341">
        <ele>79.383115</ele>
        <time>2021-07-31T11:35:54.000Z</time>
      </trkpt>
      <trkpt lat="54.740248" lon="9.007403">
        <ele>79.418494</ele>
        <time>2021-07-31T11:35:56.000Z</time>
      </trkpt>
      <trkpt lat="54.740238" lon="9.007505">
        <ele>79.476434</ele>
        <time>2021-07-31T11:36:00.000Z</time>
      </trkpt>
      <trkpt lat="54.740218" lon="9.007693">
        <ele>79.583492</ele>
        <time>2021-07-31T11:36:07.000Z</time>
      </trkpt>
      <trkpt lat="54.740223" lon="9.007728">
        <ele>79.603684</ele>
        <time>2021-07-31T11:36:08.000Z</time>
      </trkpt>
      <trkpt lat="54.740249" lon="9.007898">
        <ele>79.702172</ele>
        <time>2021-07-31T11:36:14.000Z</time>
      </trkpt>
      <trkpt lat="54.740242" lon="9.007920">
        <ele>79.716240</ele>
        <time>2021-07-31T11:36:15.000Z</time>
      </trkpt>
      <trkpt lat="54.740219" lon="9.008032">
        <ele>79.782813</ele>
        <time>2021-07-31T11:36:19.000Z</time>
      </trkpt>
      <trkpt lat="54.740215" lon="9.008056">
        <ele>79.796803</ele>
        <time>2021-07-31T11:36:20.000Z</time>
      </trkpt>
      <trkpt lat="54.740183" lon="9.008140">
        <ele>79.853164</ele>
        <time>2021-07-31T11:36:23.000Z</time>
      </trkpt>
      <trkpt lat="54.740175" lon="9.008206">
        <ele>79.890932</ele>
        <time>2021-07-31T11:36:25.000Z</time>
      </trkpt>
      <trkpt lat="54.740179" lon="9.008246">
        <ele>79.913666</ele>
        <time>2021-07-31T11:36:26.000Z</time>
      </trkpt>
      <trkpt lat="54.740180" lon="9.008275">
        <ele>79.929936</ele>
        <time>2021-07-31T11:36:27.000Z</time>
      </trkpt>
      <trkpt lat="54.740183" lon="9.008388">
        <ele>79.925088</ele>
        <time>2021-07-31T11:36:32.000Z</time>
      </trkpt>
      <trkpt lat="54.740146" lon="9.008584">
        <ele>79.842099</ele>
        <time>2021-07-31T11:36:39.000Z</time>
      </trkpt>
      <trkpt lat="54.740119" lon="9.008777">
        <ele>79.762180</ele>
        <time>2021-07-31T11:36:46.000Z</time>
      </trkpt>
      <trkpt lat="54.740086" lon="9.009002">
        <ele>79.668754</ele>
        <time>2021-07-31T11:36:54.000Z</time>
      </trkpt>
      <trkpt lat="54.740088" lon="9.009055">
        <ele>79.647379</ele>
        <time>2021-07-31T11:36:56.000Z</time>
      </trkpt>
      <trkpt lat="54.740083" lon="9.009094">
        <ele>79.631302</ele>
        <time>2021-07-31T11:36:57.000Z</time>
      </trkpt>
      <trkpt lat="54.740078" lon="9.009156">
        <ele>79.606108</ele>
        <time>2021-07-31T11:36:59.000Z</time>
      </trkpt>
      <trkpt lat="54.740069" lon="9.009365">
        <ele>79.521764</ele>
        <time>2021-07-31T11:37:05.000Z</time>
      </trkpt>
      <trkpt lat="54.740040" lon="9.009599">
        <ele>79.425447</ele>
        <time>2021-07-31T11:37:12.000Z</time>
      </trkpt>
      <trkpt lat="54.740000" lon="9.009842">
        <ele>79.323756</ele>
        <time>2021-07-31T11:37:20.000Z</time>
      </trkpt>
      <trkpt lat="54.739977" lon="9.009989">
        <ele>79.262463</ele>
        <time>2021-07-31T11:37:27.000Z</time>
      </trkpt>
      <trkpt lat="54.739963" lon="9.010070">
        <ele>79.228435</ele>
        <time>2021-07-31T11:37:30.000Z</time>
      </trkpt>
      <trkpt lat="54.739945" lon="9.010177">
        <ele>79.183583</ele>
        <time>2021-07-31T11:37:34.000Z</time>
      </trkpt>
      <trkpt lat="54.739919" lon="9.010383">
        <ele>79.098721</ele>
        <time>2021-07-31T11:37:41.000Z</time>
      </trkpt>
      <trkpt lat="54.739916" lon="9.010565">
        <ele>79.025447</ele>
        <time>2021-07-31T11:37:47.000Z</time>
      </trkpt>
      <trkpt lat="54.739913" lon="9.010790">
        <ele>78.934873</ele>
        <time>2021-07-31T11:37:55.000Z</time>
      </trkpt>
      <trkpt lat="54.739927" lon="9.011006">
        <ele>78.847399</ele>
        <time>2021-07-31T11:38:03.000Z</time>
      </trkpt>
      <trkpt lat="54.739914" lon="9.011211">
        <ele>78.764402</ele>
        <time>2021-07-31T11:38:10.000Z</time>
      </trkpt>
      <trkpt lat="54.739884" lon="9.011393">
        <ele>78.693195</ele>
        <time>2021-07-31T11:38:17.000Z</time>
      </trkpt>
      <trkpt lat="54.739863" lon="9.011577">
        <ele>78.650318</ele>
        <time>2021-07-31T11:38:23.000Z</time>
      </trkpt>
      <trkpt lat="54.739842" lon="9.011744">
        <ele>78.611245</ele>
        <time>2021-07-31T11:38:28.000Z</time>
      </trkpt>
      <trkpt lat="54.739819" lon="9.011852">
        <ele>78.584930</ele>
        <time>2021-07-31T11:38:31.000Z</time>
      </trkpt>
      <trkpt lat="54.739807" lon="9.012053">
        <ele>78.538735</ele>
        <time>2021-07-31T11:38:39.000Z</time>
      </trkpt>
      <trkpt lat="54.739793" lon="9.012213">
        <ele>78.501741</ele>
        <time>2021-07-31T11:38:45.000Z</time>
      </trkpt>
      <trkpt lat="54.739791" lon="9.012416">
        <ele>78.455327</ele>
        <time>2021-07-31T11:38:52.000Z</time>
      </trkpt>
      <trkpt lat="54.739790" lon="9.012648">
        <ele>78.402289</ele>
        <time>2021-07-31T11:39:00.000Z</time>
      </trkpt>
      <trkpt lat="54.739793" lon="9.012837">
        <ele>78.359067</ele>
        <time>2021-07-31T11:39:07.000Z</time>
      </trkpt>
      <trkpt lat="54.739773" lon="9.013074">
        <ele>78.304311</ele>
        <time>2021-07-31T11:39:15.000Z</time>
      </trkpt>
      <trkpt lat="54.739773" lon="9.013098">
        <ele>78.298825</ele>
        <time>2021-07-31T11:39:16.000Z</time>
      </trkpt>
      <trkpt lat="54.739775" lon="9.013246">
        <ele>78.264982</ele>
        <time>2021-07-31T11:39:22.000Z</time>
      </trkpt>
      <trkpt lat="54.739772" lon="9.013297">
        <ele>78.253263</ele>
        <time>2021-07-31T11:39:24.000Z</time>
      </trkpt>
      <trkpt lat="54.739785" lon="9.013436">
        <ele>78.221073</ele>
        <time>2021-07-31T11:39:31.000Z</time>
      </trkpt>
      <trkpt lat="54.739784" lon="9.013573">
        <ele>78.189751</ele>
        <time>2021-07-31T11:39:39.000Z</time>
      </trkpt>
      <trkpt lat="54.739765" lon="9.013678">
        <ele>78.164596</ele>
        <time>2021-07-31T11:39:43.000Z</time>
      </trkpt>
      <trkpt lat="54.739751" lon="9.013738">
        <ele>78.149802</ele>
        <time>2021-07-31T11:39:45.000Z</time>
      </trkpt>
      <trkpt lat="54.739720" lon="9.013938">
        <ele>78.102461</ele>
        <time>2021-07-31T11:39:51.000Z</time>
      </trkpt>
      <trkpt lat="54.739723" lon="9.014076">
        <ele>78.070891</ele>
        <time>2021-07-31T11:39:58.000Z</time>
      </trkpt>
      <trkpt lat="54.739697" lon="9.014271">
        <ele>78.025140</ele>
        <time>2021-07-31T11:40:06.000Z</time>
      </trkpt>
      <trkpt lat="54.739688" lon="9.014332">
        <ele>78.010747</ele>
        <time>2021-07-31T11:40:08.000Z</time>
      </trkpt>
      <trkpt lat="54.739667" lon="9.014515">
        <ele>78.025218</ele>
        <time>2021-07-31T11:40:14.000Z</time>
      </trkpt>
      <trkpt lat="54.739663" lon="9.014567">
        <ele>78.048585</ele>
        <time>2021-07-31T11:40:16.000Z</time>
      </trkpt>
      <trkpt lat="54.739644" lon="9.014674">
        <ele>78.098448</ele>
        <time>2021-07-31T11:40:20.000Z</time>
      </trkpt>
      <trkpt lat="54.739622" lon="9.014820">
        <ele>78.165659</ele>
        <time>2021-07-31T11:40:26.000Z</time>
      </trkpt>
      <trkpt lat="54.739606" lon="9.014879">
        <ele>78.194694</ele>
        <time>2021-07-31T11:40:28.000Z</time>
      </trkpt>
      <trkpt lat="54.739579" lon="9.015060">
        <ele>78.277964</ele>
        <time>2021-07-31T11:40:35.000Z</time>
      </trkpt>
      <trkpt lat="54.739560" lon="9.015271">
        <ele>78.373084</ele>
        <time>2021-07-31T11:40:42.000Z</time>
      </trkpt>
      <trkpt lat="54.739543" lon="9.015447">
        <ele>78.452569</ele>
        <time>2021-07-31T11:40:48.000Z</time>
      </trkpt>
      <trkpt lat="54.739538" lon="9.015473">
        <ele>78.464775</ele>
        <time>2021-07-31T11:40:49.000Z</time>
      </trkpt>
      <trkpt lat="54.739518" lon="9.015704">
        <ele>78.568819</ele>
        <time>2021-07-31T11:40:58.000Z</time>
      </trkpt>
      <trkpt lat="54.739506" lon="9.015886">
        <ele>78.650413</ele>
        <time>2021-07-31T11:41:06.000Z</time>
      </trkpt>
      <trkpt lat="54.739480" lon="9.016079">
        <ele>78.738690</ele>
        <time>2021-07-31T11:41:13.000Z</time>
      </trkpt>
      <trkpt lat="54.739482" lon="9.016311">
        <ele>78.842040</ele>
        <time>2021-07-31T11:41:21.000Z</time>
      </trkpt>
      <trkpt lat="54.739481" lon="9.016504">
        <ele>78.928010</ele>
        <time>2021-07-31T11:41:28.000Z</time>
      </trkpt>
      <trkpt lat="54.739449" lon="9.016699">
        <ele>79.018309</ele>
        <time>2021-07-31T11:41:35.000Z</time>
      </trkpt>
      <trkpt lat="54.739426" lon="9.016944">
        <ele>79.128871</ele>
        <time>2021-07-31T11:41:44.000Z</time>
      </trkpt>
      <trkpt lat="54.739434" lon="9.017074">
        <ele>79.187105</ele>
        <time>2021-07-31T11:41:50.000Z</time>
      </trkpt>
      <trkpt lat="54.739459" lon="9.017217">
        <ele>79.253657</ele>
        <time>2021-07-31T11:41:56.000Z</time>
      </trkpt>
      <trkpt lat="54.739470" lon="9.017228">
        <ele>79.263457</ele>
        <time>2021-07-31T11:41:57.000Z</time>
      </trkpt>
      <trkpt lat="54.739545" lon="9.017243">
        <ele>79.321709</ele>
        <time>2021-07-31T11:42:03.000Z</time>
      </trkpt>
      <trkpt lat="54.739669" lon="9.017253">
        <ele>79.418847</ele>
        <time>2021-07-31T11:42:11.000Z</time>
      </trkpt>
      <trkpt lat="54.739720" lon="9.017268">
        <ele>79.460044</ele>
        <time>2021-07-31T11:42:15.000Z</time>
      </trkpt>
      <trkpt lat="54.739748" lon="9.017262">
        <ele>79.482514</ele>
        <time>2021-07-31T11:42:17.000Z</time>
      </trkpt>
      <trkpt lat="54.739779" lon="9.017264">
        <ele>79.507219</ele>
        <time>2021-07-31T11:42:19.000Z</time>
      </trkpt>
      <trkpt lat="54.739892" lon="9.017300">
        <ele>79.598721</ele>
        <time>2021-07-31T11:42:25.000Z</time>
      </trkpt>
      <trkpt lat="54.739926" lon="9.017297">
        <ele>79.625834</ele>
        <time>2021-07-31T11:42:27.000Z</time>
      </trkpt>
      <trkpt lat="54.739959" lon="9.017299">
        <ele>79.652131</ele>
        <time>2021-07-31T11:42:29.000Z</time>
      </trkpt>
      <trkpt lat="54.740012" lon="9.017309">
        <ele>79.694589</ele>
        <time>2021-07-31T11:42:32.000Z</time>
      </trkpt>
      <trkpt lat="54.740109" lon="9.017303">
        <ele>79.771889</ele>
        <time>2021-07-31T11:42:39.000Z</time>
      </trkpt>
      <trkpt lat="54.740220" lon="9.017306">
        <ele>79.860300</ele>
        <time>2021-07-31T11:42:46.000Z</time>
      </trkpt>
      <trkpt lat="54.740319" lon="9.017308">
        <ele>79.939148</ele>
        <time>2021-07-31T11:42:52.000Z</time>
      </trkpt>
      <trkpt lat="54.740435" lon="9.017307">
        <ele>80.031532</ele>
        <time>2021-07-31T11:42:59.000Z</time>
      </trkpt>
      <trkpt lat="54.740581" lon="9.017324">
        <ele>80.148068</ele>
        <time>2021-07-31T11:43:08.000Z</time>
      </trkpt>
      <trkpt lat="54.740666" lon="9.017299">
        <ele>80.216730</ele>
        <time>2021-07-31T11:43:14.000Z</time>
      </trkpt>
      <trkpt lat="54.740707" lon="9.017298">
        <ele>80.249386</ele>
        <time>2021-07-31T11:43:17.000Z</time>
      </trkpt>
      <trkpt lat="54.740787" lon="9.017280">
        <ele>80.313633</ele>
        <time>2021-07-31T11:43:22.000Z</time>
      </trkpt>
      <trkpt lat="54.740898" lon="9.017282">
        <ele>80.402037</ele>
        <time>2021-07-31T11:43:29.000Z</time>
      </trkpt>
      <trkpt lat="54.740995" lon="9.017289">
        <ele>80.479355</ele>
        <time>2021-07-31T11:43:35.000Z</time>
      </trkpt>
      <trkpt lat="54.741012" lon="9.017296">
        <ele>80.493271</ele>
        <time>2021-07-31T11:43:36.000Z</time>
      </trkpt>
      <trkpt lat="54.741117" lon="9.017279">
        <ele>80.577257</ele>
        <time>2021-07-31T11:43:43.000Z</time>
      </trkpt>
      <trkpt lat="54.741198" lon="9.017267">
        <ele>80.642000</ele>
        <time>2021-07-31T11:43:49.000Z</time>
      </trkpt>
      <trkpt lat="54.741211" lon="9.017266">
        <ele>80.652364</ele>
        <time>2021-07-31T11:43:50.000Z</time>
      </trkpt>
      <trkpt lat="54.741289" lon="9.017248">
        <ele>80.715031</ele>
        <time>2021-07-31T11:43:57.000Z</time>
      </trkpt>
      <trkpt lat="54.741411" lon="9.017235">
        <ele>80.828688</ele>
        <time>2021-07-31T11:44:04.000Z</time>
      </trkpt>
      <trkpt lat="54.741434" lon="9.017234">
        <ele>80.910692</ele>
        <time>2021-07-31T11:44:05.000Z</time>
      </trkpt>
      <trkpt lat="54.741520" lon="9.017217">
        <ele>81.219209</ele>
        <time>2021-07-31T11:44:10.000Z</time>
      </trkpt>
      <trkpt lat="54.741595" lon="9.017177">
        <ele>81.498912</ele>
        <time>2021-07-31T11:44:16.000Z</time>
      </trkpt>
      <trkpt lat="54.741691" lon="9.017196">
        <ele>81.843308</ele>
        <time>2021-07-31T11:44:22.000Z</time>
      </trkpt>
      <trkpt lat="54.741704" lon="9.017205">
        <ele>81.893207</ele>
        <time>2021-07-31T11:44:23.000Z</time>
      </trkpt>
      <trkpt lat="54.741848" lon="9.017197">
        <ele>82.406726</ele>
        <time>2021-07-31T11:44:32.000Z</time>
      </trkpt>
      <trkpt lat="54.741863" lon="9.017190">
        <ele>82.462097</ele>
        <time>2021-07-31T11:44:33.000Z</time>
      </trkpt>
      <trkpt lat="54.741889" lon="9.017170">
        <ele>82.563493</ele>
        <time>2021-07-31T11:44:35.000Z</time>
      </trkpt>
      <trkpt lat="54.741920" lon="9.017166">
        <ele>82.674292</ele>
        <time>2021-07-31T11:44:37.000Z</time>
      </trkpt>
      <trkpt lat="54.741941" lon="9.017160">
        <ele>82.750153</ele>
        <time>2021-07-31T11:44:38.000Z</time>
      </trkpt>
      <trkpt lat="54.742001" lon="9.017124">
        <ele>82.976473</ele>
        <time>2021-07-31T11:44:43.000Z</time>
      </trkpt>
      <trkpt lat="54.742024" lon="9.017130">
        <ele>83.059376</ele>
        <time>2021-07-31T11:44:44.000Z</time>
      </trkpt>
      <trkpt lat="54.742081" lon="9.017134">
        <ele>83.262706</ele>
        <time>2021-07-31T11:44:47.000Z</time>
      </trkpt>
      <trkpt lat="54.742102" lon="9.017136">
        <ele>83.337669</ele>
        <time>2021-07-31T11:44:49.000Z</time>
      </trkpt>
      <trkpt lat="54.742127" lon="9.017142">
        <ele>83.427627</ele>
        <time>2021-07-31T11:44:52.000Z</time>
      </trkpt>
      <trkpt lat="54.742156" lon="9.017134">
        <ele>83.532293</ele>
        <time>2021-07-31T11:44:55.000Z</time>
      </trkpt>
      <trkpt lat="54.742160" lon="9.017163">
        <ele>83.593641</ele>
        <time>2021-07-31T11:45:00.000Z</time>
      </trkpt>
      <trkpt lat="54.742211" lon="9.017178">
        <ele>83.778020</ele>
        <time>2021-07-31T11:45:07.000Z</time>
      </trkpt>
      <trkpt lat="54.742236" lon="9.017174">
        <ele>83.867506</ele>
        <time>2021-07-31T11:45:09.000Z</time>
      </trkpt>
      <trkpt lat="54.742326" lon="9.017150">
        <ele>84.192069</ele>
        <time>2021-07-31T11:45:14.000Z</time>
      </trkpt>
      <trkpt lat="54.742334" lon="9.017146">
        <ele>84.221747</ele>
        <time>2021-07-31T11:45:15.000Z</time>
      </trkpt>
      <trkpt lat="54.742374" lon="9.017134">
        <ele>84.366441</ele>
        <time>2021-07-31T11:45:18.000Z</time>
      </trkpt>
      <trkpt lat="54.742392" lon="9.017132">
        <ele>84.430729</ele>
        <time>2021-07-31T11:45:19.000Z</time>
      </trkpt>
      <trkpt lat="54.742411" lon="9.017125">
        <ele>84.499965</ele>
        <time>2021-07-31T11:45:21.000Z</time>
      </trkpt>
      <trkpt lat="54.742451" lon="9.017111">
        <ele>84.645417</ele>
        <time>2021-07-31T11:45:24.000Z</time>
      </trkpt>
      <trkpt lat="54.742468" lon="9.017090">
        <ele>84.719837</ele>
        <time>2021-07-31T11:45:25.000Z</time>
      </trkpt>
      <trkpt lat="54.742541" lon="9.017123">
        <ele>84.988742</ele>
        <time>2021-07-31T11:45:29.000Z</time>
      </trkpt>
      <trkpt lat="54.742677" lon="9.017149">
        <ele>85.476426</ele>
        <time>2021-07-31T11:45:36.000Z</time>
      </trkpt>
      <trkpt lat="54.742783" lon="9.017157">
        <ele>85.854598</ele>
        <time>2021-07-31T11:45:42.000Z</time>
      </trkpt>
      <trkpt lat="54.742910" lon="9.017171">
        <ele>86.308176</ele>
        <time>2021-07-31T11:45:49.000Z</time>
      </trkpt>
      <trkpt lat="54.742943" lon="9.017160">
        <ele>86.427955</ele>
        <time>2021-07-31T11:45:51.000Z</time>
      </trkpt>
      <trkpt lat="54.743029" lon="9.017147">
        <ele>86.735647</ele>
        <time>2021-07-31T11:45:56.000Z</time>
      </trkpt>
      <trkpt lat="54.743044" lon="9.017145">
        <ele>86.789269</ele>
        <time>2021-07-31T11:45:57.000Z</time>
      </trkpt>
      <trkpt lat="54.743111" lon="9.017132">
        <ele>87.029569</ele>
        <time>2021-07-31T11:46:02.000Z</time>
      </trkpt>
      <trkpt lat="54.743147" lon="9.017141">
        <ele>87.159212</ele>
        <time>2021-07-31T11:46:05.000Z</time>
      </trkpt>
      <trkpt lat="54.743183" lon="9.017135">
        <ele>87.155920</ele>
        <time>2021-07-31T11:46:08.000Z</time>
      </trkpt>
      <trkpt lat="54.743221" lon="9.017139">
        <ele>87.033794</ele>
        <time>2021-07-31T11:46:11.000Z</time>
      </trkpt>
      <trkpt lat="54.743273" lon="9.017136">
        <ele>86.866890</ele>
        <time>2021-07-31T11:46:15.000Z</time>
      </trkpt>
      <trkpt lat="54.743300" lon="9.017134">
        <ele>86.780197</ele>
        <time>2021-07-31T11:46:17.000Z</time>
      </trkpt>
      <trkpt lat="54.743312" lon="9.017134">
        <ele>86.741702</ele>
        <time>2021-07-31T11:46:18.000Z</time>
      </trkpt>
      <trkpt lat="54.743346" lon="9.017145">
        <ele>86.630747</ele>
        <time>2021-07-31T11:46:21.000Z</time>
      </trkpt>
      <trkpt lat="54.743361" lon="9.017143">
        <ele>86.582486</ele>
        <time>2021-07-31T11:46:22.000Z</time>
      </trkpt>
      <trkpt lat="54.743394" lon="9.017132">
        <ele>86.474683</ele>
        <time>2021-07-31T11:46:24.000Z</time>
      </trkpt>
      <trkpt lat="54.743429" lon="9.017137">
        <ele>86.362025</ele>
        <time>2021-07-31T11:46:27.000Z</time>
      </trkpt>
      <trkpt lat="54.743505" lon="9.017142">
        <ele>86.118047</ele>
        <time>2021-07-31T11:46:32.000Z</time>
      </trkpt>
      <trkpt lat="54.743631" lon="9.017164">
        <ele>85.711802</ele>
        <time>2021-07-31T11:46:39.000Z</time>
      </trkpt>
      <trkpt lat="54.743720" lon="9.017164">
        <ele>85.426297</ele>
        <time>2021-07-31T11:46:44.000Z</time>
      </trkpt>
      <trkpt lat="54.743752" lon="9.017164">
        <ele>85.323644</ele>
        <time>2021-07-31T11:46:46.000Z</time>
      </trkpt>
      <trkpt lat="54.743803" lon="9.017151">
        <ele>85.158279</ele>
        <time>2021-07-31T11:46:49.000Z</time>
      </trkpt>
      <trkpt lat="54.743820" lon="9.017154">
        <ele>85.103462</ele>
        <time>2021-07-31T11:46:50.000Z</time>
      </trkpt>
      <trkpt lat="54.743858" lon="9.017132">
        <ele>84.974934</ele>
        <time>2021-07-31T11:46:53.000Z</time>
      </trkpt>
      <trkpt lat="54.743891" lon="9.017130">
        <ele>84.869008</ele>
        <time>2021-07-31T11:46:56.000Z</time>
      </trkpt>
      <trkpt lat="54.743916" lon="9.017111">
        <ele>84.781432</ele>
        <time>2021-07-31T11:46:58.000Z</time>
      </trkpt>
      <trkpt lat="54.743970" lon="9.017094">
        <ele>84.605368</ele>
        <time>2021-07-31T11:47:02.000Z</time>
      </trkpt>
      <trkpt lat="54.744061" lon="9.017074">
        <ele>84.311108</ele>
        <time>2021-07-31T11:47:08.000Z</time>
      </trkpt>
      <trkpt lat="54.744108" lon="9.017088">
        <ele>84.158123</ele>
        <time>2021-07-31T11:47:11.000Z</time>
      </trkpt>
      <trkpt lat="54.744196" lon="9.017091">
        <ele>83.875772</ele>
        <time>2021-07-31T11:47:16.000Z</time>
      </trkpt>
      <trkpt lat="54.744216" lon="9.017092">
        <ele>83.811587</ele>
        <time>2021-07-31T11:47:17.000Z</time>
      </trkpt>
      <trkpt lat="54.744256" lon="9.017103">
        <ele>83.681663</ele>
        <time>2021-07-31T11:47:19.000Z</time>
      </trkpt>
      <trkpt lat="54.744327" lon="9.017105">
        <ele>83.453871</ele>
        <time>2021-07-31T11:47:22.000Z</time>
      </trkpt>
      <trkpt lat="54.744363" lon="9.017104">
        <ele>83.338371</ele>
        <time>2021-07-31T11:47:24.000Z</time>
      </trkpt>
      <trkpt lat="54.744494" lon="9.017117">
        <ele>82.917445</ele>
        <time>2021-07-31T11:47:32.000Z</time>
      </trkpt>
      <trkpt lat="54.744579" lon="9.017132">
        <ele>82.643361</ele>
        <time>2021-07-31T11:47:37.000Z</time>
      </trkpt>
      <trkpt lat="54.744609" lon="9.017134">
        <ele>82.547052</ele>
        <time>2021-07-31T11:47:39.000Z</time>
      </trkpt>
      <trkpt lat="54.744626" lon="9.017128">
        <ele>82.491398</ele>
        <time>2021-07-31T11:47:40.000Z</time>
      </trkpt>
      <trkpt lat="54.744725" lon="9.017125">
        <ele>82.173765</ele>
        <time>2021-07-31T11:47:47.000Z</time>
      </trkpt>
      <trkpt lat="54.744785" lon="9.017112">
        <ele>81.979791</ele>
        <time>2021-07-31T11:47:52.000Z</time>
      </trkpt>
      <trkpt lat="54.744836" lon="9.017085">
        <ele>81.808719</ele>
        <time>2021-07-31T11:47:57.000Z</time>
      </trkpt>
      <trkpt lat="54.744895" lon="9.017108">
        <ele>81.614719</ele>
        <time>2021-07-31T11:48:01.000Z</time>
      </trkpt>
      <trkpt lat="54.744914" lon="9.017090">
        <ele>81.545251</ele>
        <time>2021-07-31T11:48:03.000Z</time>
      </trkpt>
      <trkpt lat="54.744964" lon="9.017100">
        <ele>81.435860</ele>
        <time>2021-07-31T11:48:07.000Z</time>
      </trkpt>
      <trkpt lat="54.744999" lon="9.017100">
        <ele>81.413731</ele>
        <time>2021-07-31T11:48:09.000Z</time>
      </trkpt>
      <trkpt lat="54.745016" lon="9.017094">
        <ele>81.402761</ele>
        <time>2021-07-31T11:48:10.000Z</time>
      </trkpt>
      <trkpt lat="54.745040" lon="9.017087">
        <ele>81.387373</ele>
        <time>2021-07-31T11:48:11.000Z</time>
      </trkpt>
      <trkpt lat="54.745094" lon="9.017065">
        <ele>81.352299</ele>
        <time>2021-07-31T11:48:14.000Z</time>
      </trkpt>
      <trkpt lat="54.745139" lon="9.017062">
        <ele>81.323826</ele>
        <time>2021-07-31T11:48:17.000Z</time>
      </trkpt>
      <trkpt lat="54.745148" lon="9.017064">
        <ele>81.318089</ele>
        <time>2021-07-31T11:48:18.000Z</time>
      </trkpt>
      <trkpt lat="54.745160" lon="9.017066">
        <ele>81.310466</ele>
        <time>2021-07-31T11:48:19.000Z</time>
      </trkpt>
      <trkpt lat="54.745259" lon="9.017063">
        <ele>81.247862</ele>
        <time>2021-07-31T11:48:25.000Z</time>
      </trkpt>
      <trkpt lat="54.745362" lon="9.017052">
        <ele>81.182614</ele>
        <time>2021-07-31T11:48:31.000Z</time>
      </trkpt>
      <trkpt lat="54.745374" lon="9.017055">
        <ele>81.174948</ele>
        <time>2021-07-31T11:48:32.000Z</time>
      </trkpt>
      <trkpt lat="54.745427" lon="9.017057">
        <ele>81.141430</ele>
        <time>2021-07-31T11:48:35.000Z</time>
      </trkpt>
      <trkpt lat="54.745452" lon="9.017050">
        <ele>81.125418</ele>
        <time>2021-07-31T11:48:37.000Z</time>
      </trkpt>
      <trkpt lat="54.745560" lon="9.017058">
        <ele>81.057070</ele>
        <time>2021-07-31T11:48:44.000Z</time>
      </trkpt>
      <trkpt lat="54.745589" lon="9.017069">
        <ele>81.038300</ele>
        <time>2021-07-31T11:48:46.000Z</time>
      </trkpt>
      <trkpt lat="54.745686" lon="9.017090">
        <ele>80.976493</ele>
        <time>2021-07-31T11:48:51.000Z</time>
      </trkpt>
      <trkpt lat="54.745777" lon="9.017093">
        <ele>80.918946</ele>
        <time>2021-07-31T11:48:57.000Z</time>
      </trkpt>
      <trkpt lat="54.745796" lon="9.017099">
        <ele>80.906735</ele>
        <time>2021-07-31T11:48:58.000Z</time>
      </trkpt>
      <trkpt lat="54.745913" lon="9.017058">
        <ele>80.831261</ele>
        <time>2021-07-31T11:49:05.000Z</time>
      </trkpt>
      <trkpt lat="54.745998" lon="9.017037">
        <ele>80.776974</ele>
        <time>2021-07-31T11:49:12.000Z</time>
      </trkpt>
      <trkpt lat="54.746111" lon="9.017030">
        <ele>80.705482</ele>
        <time>2021-07-31T11:49:19.000Z</time>
      </trkpt>
      <trkpt lat="54.746204" lon="9.016964">
        <ele>80.641938</ele>
        <time>2021-07-31T11:49:25.000Z</time>
      </trkpt>
      <trkpt lat="54.746227" lon="9.016912">
        <ele>80.618030</ele>
        <time>2021-07-31T11:49:28.000Z</time>
      </trkpt>
      <trkpt lat="54.746237" lon="9.016831">
        <ele>80.587801</ele>
        <time>2021-07-31T11:49:31.000Z</time>
      </trkpt>
      <trkpt lat="54.746233" lon="9.016683">
        <ele>80.533729</ele>
        <time>2021-07-31T11:49:37.000Z</time>
      </trkpt>
      <trkpt lat="54.746236" lon="9.016629">
        <ele>80.513931</ele>
        <time>2021-07-31T11:49:40.000Z</time>
      </trkpt>
      <trkpt lat="54.746239" lon="9.016575">
        <ele>80.494133</ele>
        <time>2021-07-31T11:49:42.000Z</time>
      </trkpt>
      <trkpt lat="54.746247" lon="9.016549">
        <ele>80.483380</ele>
        <time>2021-07-31T11:49:43.000Z</time>
      </trkpt>
      <trkpt lat="54.746249" lon="9.016523">
        <ele>80.473808</ele>
        <time>2021-07-31T11:49:44.000Z</time>
      </trkpt>
      <trkpt lat="54.746256" lon="9.016423">
        <ele>80.437046</ele>
        <time>2021-07-31T11:49:48.000Z</time>
      </trkpt>
      <trkpt lat="54.746256" lon="9.016325">
        <ele>80.401281</ele>
        <time>2021-07-31T11:49:51.000Z</time>
      </trkpt>
      <trkpt lat="54.746263" lon="9.016242">
        <ele>80.370669</ele>
        <time>2021-07-31T11:49:54.000Z</time>
      </trkpt>
      <trkpt lat="54.746264" lon="9.016213">
        <ele>80.360067</ele>
        <time>2021-07-31T11:49:55.000Z</time>
      </trkpt>
      <trkpt lat="54.746258" lon="9.016159">
        <ele>80.339998</ele>
        <time>2021-07-31T11:49:57.000Z</time>
      </trkpt>
      <trkpt lat="54.746257" lon="9.016101">
        <ele>80.318821</ele>
        <time>2021-07-31T11:49:59.000Z</time>
      </trkpt>
      <trkpt lat="54.746225" lon="9.015950">
        <ele>80.485481</ele>
        <time>2021-07-31T11:50:04.000Z</time>
      </trkpt>
      <trkpt lat="54.746222" lon="9.015822">
        <ele>80.644138</ele>
        <time>2021-07-31T11:50:09.000Z</time>
      </trkpt>
      <trkpt lat="54.746229" lon="9.015797">
        <ele>80.678551</ele>
        <time>2021-07-31T11:50:10.000Z</time>
      </trkpt>
      <trkpt lat="54.746221" lon="9.015640">
        <ele>80.873749</ele>
        <time>2021-07-31T11:50:16.000Z</time>
      </trkpt>
      <trkpt lat="54.746227" lon="9.015560">
        <ele>80.973661</ele>
        <time>2021-07-31T11:50:19.000Z</time>
      </trkpt>
      <trkpt lat="54.746224" lon="9.015477">
        <ele>81.076656</ele>
        <time>2021-07-31T11:50:22.000Z</time>
      </trkpt>
      <trkpt lat="54.746230" lon="9.015364">
        <ele>81.217196</ele>
        <time>2021-07-31T11:50:27.000Z</time>
      </trkpt>
      <trkpt lat="54.746228" lon="9.015291">
        <ele>81.307707</ele>
        <time>2021-07-31T11:50:30.000Z</time>
      </trkpt>
      <trkpt lat="54.746244" lon="9.015171">
        <ele>81.460239</ele>
        <time>2021-07-31T11:50:36.000Z</time>
      </trkpt>
      <trkpt lat="54.746252" lon="9.015129">
        <ele>81.515015</ele>
        <time>2021-07-31T11:50:38.000Z</time>
      </trkpt>
      <trkpt lat="54.746261" lon="9.015050">
        <ele>81.614743</ele>
        <time>2021-07-31T11:50:41.000Z</time>
      </trkpt>
      <trkpt lat="54.746268" lon="9.015022">
        <ele>81.652533</ele>
        <time>2021-07-31T11:50:42.000Z</time>
      </trkpt>
      <trkpt lat="54.746256" lon="9.014841">
        <ele>81.878173</ele>
        <time>2021-07-31T11:50:48.000Z</time>
      </trkpt>
      <trkpt lat="54.746249" lon="9.014702">
        <ele>82.050976</ele>
        <time>2021-07-31T11:50:53.000Z</time>
      </trkpt>
      <trkpt lat="54.746250" lon="9.014686">
        <ele>82.070908</ele>
        <time>2021-07-31T11:50:54.000Z</time>
      </trkpt>
      <trkpt lat="54.746253" lon="9.014661">
        <ele>82.102532</ele>
        <time>2021-07-31T11:50:55.000Z</time>
      </trkpt>
      <trkpt lat="54.746264" lon="9.014553">
        <ele>82.238355</ele>
        <time>2021-07-31T11:50:59.000Z</time>
      </trkpt>
      <trkpt lat="54.746261" lon="9.014518">
        <ele>82.282177</ele>
        <time>2021-07-31T11:51:00.000Z</time>
      </trkpt>
      <trkpt lat="54.746248" lon="9.014404">
        <ele>82.426093</ele>
        <time>2021-07-31T11:51:04.000Z</time>
      </trkpt>
      <trkpt lat="54.746245" lon="9.014376">
        <ele>82.461363</ele>
        <time>2021-07-31T11:51:05.000Z</time>
      </trkpt>
      <trkpt lat="54.746235" lon="9.014309">
        <ele>82.547071</ele>
        <time>2021-07-31T11:51:07.000Z</time>
      </trkpt>
      <trkpt lat="54.746228" lon="9.014213">
        <ele>82.666910</ele>
        <time>2021-07-31T11:51:11.000Z</time>
      </trkpt>
      <trkpt lat="54.746226" lon="9.014137">
        <ele>82.761133</ele>
        <time>2021-07-31T11:51:14.000Z</time>
      </trkpt>
      <trkpt lat="54.746245" lon="9.013932">
        <ele>83.018275</ele>
        <time>2021-07-31T11:51:21.000Z</time>
      </trkpt>
      <trkpt lat="54.746220" lon="9.013786">
        <ele>83.206883</ele>
        <time>2021-07-31T11:51:26.000Z</time>
      </trkpt>
      <trkpt lat="54.746219" lon="9.013762">
        <ele>83.236684</ele>
        <time>2021-07-31T11:51:27.000Z</time>
      </trkpt>
      <trkpt lat="54.746218" lon="9.013741">
        <ele>83.262780</ele>
        <time>2021-07-31T11:51:28.000Z</time>
      </trkpt>
      <trkpt lat="54.746216" lon="9.013666">
        <ele>83.355766</ele>
        <time>2021-07-31T11:51:31.000Z</time>
      </trkpt>
      <trkpt lat="54.746217" lon="9.013606">
        <ele>83.430106</ele>
        <time>2021-07-31T11:51:33.000Z</time>
      </trkpt>
      <trkpt lat="54.746215" lon="9.013584">
        <ele>83.457688</ele>
        <time>2021-07-31T11:51:34.000Z</time>
      </trkpt>
      <trkpt lat="54.746218" lon="9.013542">
        <ele>83.510101</ele>
        <time>2021-07-31T11:51:36.000Z</time>
      </trkpt>
      <trkpt lat="54.746224" lon="9.013498">
        <ele>83.566095</ele>
        <time>2021-07-31T11:51:38.000Z</time>
      </trkpt>
      <trkpt lat="54.746213" lon="9.013395">
        <ele>83.695824</ele>
        <time>2021-07-31T11:51:43.000Z</time>
      </trkpt>
      <trkpt lat="54.746206" lon="9.013366">
        <ele>83.734754</ele>
        <time>2021-07-31T11:51:44.000Z</time>
      </trkpt>
      <trkpt lat="54.746205" lon="9.013343">
        <ele>83.763320</ele>
        <time>2021-07-31T11:51:45.000Z</time>
      </trkpt>
      <trkpt lat="54.746201" lon="9.013245">
        <ele>83.884995</ele>
        <time>2021-07-31T11:51:48.000Z</time>
      </trkpt>
      <trkpt lat="54.746208" lon="9.013221">
        <ele>83.918298</ele>
        <time>2021-07-31T11:51:49.000Z</time>
      </trkpt>
      <trkpt lat="54.746227" lon="9.013027">
        <ele>84.161998</ele>
        <time>2021-07-31T11:51:56.000Z</time>
      </trkpt>
      <trkpt lat="54.746231" lon="9.012917">
        <ele>84.131066</ele>
        <time>2021-07-31T11:51:59.000Z</time>
      </trkpt>
      <trkpt lat="54.746218" lon="9.012816">
        <ele>84.091287</ele>
        <time>2021-07-31T11:52:02.000Z</time>
      </trkpt>
      <trkpt lat="54.746193" lon="9.012715">
        <ele>84.049041</ele>
        <time>2021-07-31T11:52:06.000Z</time>
      </trkpt>
      <trkpt lat="54.746194" lon="9.012685">
        <ele>84.037489</ele>
        <time>2021-07-31T11:52:07.000Z</time>
      </trkpt>
      <trkpt lat="54.746196" lon="9.012649">
        <ele>84.023586</ele>
        <time>2021-07-31T11:52:08.000Z</time>
      </trkpt>
      <trkpt lat="54.746204" lon="9.012585">
        <ele>83.998413</ele>
        <time>2021-07-31T11:52:10.000Z</time>
      </trkpt>
      <trkpt lat="54.746202" lon="9.012406">
        <ele>83.929590</ele>
        <time>2021-07-31T11:52:15.000Z</time>
      </trkpt>
      <trkpt lat="54.746184" lon="9.012266">
        <ele>83.874452</ele>
        <time>2021-07-31T11:52:20.000Z</time>
      </trkpt>
      <trkpt lat="54.746179" lon="9.012241">
        <ele>83.864281</ele>
        <time>2021-07-31T11:52:21.000Z</time>
      </trkpt>
      <trkpt lat="54.746171" lon="9.012097">
        <ele>83.808670</ele>
        <time>2021-07-31T11:52:26.000Z</time>
      </trkpt>
      <trkpt lat="54.746184" lon="9.011945">
        <ele>83.749600</ele>
        <time>2021-07-31T11:52:32.000Z</time>
      </trkpt>
      <trkpt lat="54.746192" lon="9.011763">
        <ele>83.679434</ele>
        <time>2021-07-31T11:52:39.000Z</time>
      </trkpt>
      <trkpt lat="54.746190" lon="9.011584">
        <ele>83.610610</ele>
        <time>2021-07-31T11:52:46.000Z</time>
      </trkpt>
      <trkpt lat="54.746198" lon="9.011520">
        <ele>83.585437</ele>
        <time>2021-07-31T11:52:49.000Z</time>
      </trkpt>
      <trkpt lat="54.746193" lon="9.011444">
        <ele>83.556032</ele>
        <time>2021-07-31T11:52:52.000Z</time>
      </trkpt>
      <trkpt lat="54.746195" lon="9.011220">
        <ele>83.469913</ele>
        <time>2021-07-31T11:52:59.000Z</time>
      </trkpt>
      <trkpt lat="54.746210" lon="9.011061">
        <ele>83.407979</ele>
        <time>2021-07-31T11:53:05.000Z</time>
      </trkpt>
      <trkpt lat="54.746218" lon="9.010864">
        <ele>83.332062</ele>
        <time>2021-07-31T11:53:12.000Z</time>
      </trkpt>
      <trkpt lat="54.746211" lon="9.010710">
        <ele>83.272678</ele>
        <time>2021-07-31T11:53:17.000Z</time>
      </trkpt>
      <trkpt lat="54.746197" lon="9.010541">
        <ele>83.207046</ele>
        <time>2021-07-31T11:53:23.000Z</time>
      </trkpt>
      <trkpt lat="54.746202" lon="9.010395">
        <ele>83.150823</ele>
        <time>2021-07-31T11:53:29.000Z</time>
      </trkpt>
      <trkpt lat="54.746210" lon="9.010372">
        <ele>83.140500</ele>
        <time>2021-07-31T11:53:30.000Z</time>
      </trkpt>
      <trkpt lat="54.746216" lon="9.010324">
        <ele>83.121620</ele>
        <time>2021-07-31T11:53:32.000Z</time>
      </trkpt>
      <trkpt lat="54.746216" lon="9.010275">
        <ele>83.102784</ele>
        <time>2021-07-31T11:53:34.000Z</time>
      </trkpt>
      <trkpt lat="54.746221" lon="9.010253">
        <ele>83.093695</ele>
        <time>2021-07-31T11:53:35.000Z</time>
      </trkpt>
      <trkpt lat="54.746211" lon="9.010145">
        <ele>83.051647</ele>
        <time>2021-07-31T11:53:39.000Z</time>
      </trkpt>
      <trkpt lat="54.746204" lon="9.010109">
        <ele>83.037044</ele>
        <time>2021-07-31T11:53:40.000Z</time>
      </trkpt>
      <trkpt lat="54.746190" lon="9.010036">
        <ele>83.007473</ele>
        <time>2021-07-31T11:53:42.000Z</time>
      </trkpt>
      <trkpt lat="54.746182" lon="9.009918">
        <ele>82.922704</ele>
        <time>2021-07-31T11:53:46.000Z</time>
      </trkpt>
      <trkpt lat="54.746173" lon="9.009799">
        <ele>82.712946</ele>
        <time>2021-07-31T11:53:51.000Z</time>
      </trkpt>
      <trkpt lat="54.746168" lon="9.009743">
        <ele>82.613909</ele>
        <time>2021-07-31T11:53:54.000Z</time>
      </trkpt>
      <trkpt lat="54.746179" lon="9.009671">
        <ele>82.483738</ele>
        <time>2021-07-31T11:53:57.000Z</time>
      </trkpt>
      <trkpt lat="54.746179" lon="9.009649">
        <ele>82.445288</ele>
        <time>2021-07-31T11:53:58.000Z</time>
      </trkpt>
      <trkpt lat="54.746197" lon="9.009490">
        <ele>82.162105</ele>
        <time>2021-07-31T11:54:04.000Z</time>
      </trkpt>
      <trkpt lat="54.746196" lon="9.009394">
        <ele>81.994295</ele>
        <time>2021-07-31T11:54:07.000Z</time>
      </trkpt>
      <trkpt lat="54.746179" lon="9.009285">
        <ele>81.796960</ele>
        <time>2021-07-31T11:54:10.000Z</time>
      </trkpt>
      <trkpt lat="54.746165" lon="9.009221">
        <ele>81.677342</ele>
        <time>2021-07-31T11:54:12.000Z</time>
      </trkpt>
      <trkpt lat="54.746158" lon="9.009172">
        <ele>81.589119</ele>
        <time>2021-07-31T11:54:13.000Z</time>
      </trkpt>
      <trkpt lat="54.746160" lon="9.009110">
        <ele>81.480591</ele>
        <time>2021-07-31T11:54:15.000Z</time>
      </trkpt>
      <trkpt lat="54.746179" lon="9.008900">
        <ele>81.109085</ele>
        <time>2021-07-31T11:54:21.000Z</time>
      </trkpt>
      <trkpt lat="54.746165" lon="9.008757">
        <ele>80.855590</ele>
        <time>2021-07-31T11:54:27.000Z</time>
      </trkpt>
      <trkpt lat="54.746174" lon="9.008662">
        <ele>80.687334</ele>
        <time>2021-07-31T11:54:32.000Z</time>
      </trkpt>
      <trkpt lat="54.746178" lon="9.008621">
        <ele>80.614660</ele>
        <time>2021-07-31T11:54:34.000Z</time>
      </trkpt>
      <trkpt lat="54.746174" lon="9.008491">
        <ele>80.387133</ele>
        <time>2021-07-31T11:54:38.000Z</time>
      </trkpt>
      <trkpt lat="54.746171" lon="9.008458">
        <ele>80.328747</ele>
        <time>2021-07-31T11:54:39.000Z</time>
      </trkpt>
      <trkpt lat="54.746185" lon="9.008393">
        <ele>80.207492</ele>
        <time>2021-07-31T11:54:42.000Z</time>
      </trkpt>
      <trkpt lat="54.746198" lon="9.008320">
        <ele>80.073974</ele>
        <time>2021-07-31T11:54:45.000Z</time>
      </trkpt>
      <trkpt lat="54.746180" lon="9.008200">
        <ele>79.857280</ele>
        <time>2021-07-31T11:54:49.000Z</time>
      </trkpt>
      <trkpt lat="54.746182" lon="9.008174">
        <ele>79.811437</ele>
        <time>2021-07-31T11:54:50.000Z</time>
      </trkpt>
      <trkpt lat="54.746163" lon="9.008016">
        <ele>79.529366</ele>
        <time>2021-07-31T11:54:55.000Z</time>
      </trkpt>
      <trkpt lat="54.746155" lon="9.007957">
        <ele>79.423443</ele>
        <time>2021-07-31T11:54:57.000Z</time>
      </trkpt>
      <trkpt lat="54.746173" lon="9.007805">
        <ele>79.152254</ele>
        <time>2021-07-31T11:55:03.000Z</time>
      </trkpt>
      <trkpt lat="54.746165" lon="9.007744">
        <ele>79.042925</ele>
        <time>2021-07-31T11:55:05.000Z</time>
      </trkpt>
      <trkpt lat="54.746134" lon="9.007580">
        <ele>78.741318</ele>
        <time>2021-07-31T11:55:09.000Z</time>
      </trkpt>
      <trkpt lat="54.746142" lon="9.007520">
        <ele>78.633692</ele>
        <time>2021-07-31T11:55:11.000Z</time>
      </trkpt>
      <trkpt lat="54.746148" lon="9.007436">
        <ele>78.485763</ele>
        <time>2021-07-31T11:55:15.000Z</time>
      </trkpt>
      <trkpt lat="54.746149" lon="9.007303">
        <ele>78.253295</ele>
        <time>2021-07-31T11:55:20.000Z</time>
      </trkpt>
      <trkpt lat="54.746150" lon="9.007266">
        <ele>78.188558</ele>
        <time>2021-07-31T11:55:21.000Z</time>
      </trkpt>
      <trkpt lat="54.746152" lon="9.007229">
        <ele>78.123609</ele>
        <time>2021-07-31T11:55:22.000Z</time>
      </trkpt>
      <trkpt lat="54.746168" lon="9.007101">
        <ele>77.894713</ele>
        <time>2021-07-31T11:55:28.000Z</time>
      </trkpt>
      <trkpt lat="54.746190" lon="9.006905">
        <ele>77.545741</ele>
        <time>2021-07-31T11:55:36.000Z</time>
      </trkpt>
      <trkpt lat="54.746197" lon="9.006721">
        <ele>77.165207</ele>
        <time>2021-07-31T11:55:43.000Z</time>
      </trkpt>
      <trkpt lat="54.746161" lon="9.006491">
        <ele>76.668681</ele>
        <time>2021-07-31T11:55:50.000Z</time>
      </trkpt>
      <trkpt lat="54.746147" lon="9.006445">
        <ele>76.560329</ele>
        <time>2021-07-31T11:55:51.000Z</time>
      </trkpt>
      <trkpt lat="54.746145" lon="9.006418">
        <ele>76.503612</ele>
        <time>2021-07-31T11:55:52.000Z</time>
      </trkpt>
      <trkpt lat="54.746150" lon="9.006334">
        <ele>76.327664</ele>
        <time>2021-07-31T11:55:55.000Z</time>
      </trkpt>
      <trkpt lat="54.746149" lon="9.006308">
        <ele>76.273371</ele>
        <time>2021-07-31T11:55:56.000Z</time>
      </trkpt>
      <trkpt lat="54.746144" lon="9.006109">
        <ele>75.858349</ele>
        <time>2021-07-31T11:56:03.000Z</time>
      </trkpt>
      <trkpt lat="54.746142" lon="9.006080">
        <ele>75.797496</ele>
        <time>2021-07-31T11:56:04.000Z</time>
      </trkpt>
      <trkpt lat="54.746143" lon="9.006053">
        <ele>75.741124</ele>
        <time>2021-07-31T11:56:05.000Z</time>
      </trkpt>
      <trkpt lat="54.746153" lon="9.005951">
        <ele>75.525557</ele>
        <time>2021-07-31T11:56:09.000Z</time>
      </trkpt>
      <trkpt lat="54.746175" lon="9.005907">
        <ele>75.404266</ele>
        <time>2021-07-31T11:56:11.000Z</time>
      </trkpt>
      <trkpt lat="54.746183" lon="9.005829">
        <ele>75.239203</ele>
        <time>2021-07-31T11:56:14.000Z</time>
      </trkpt>
      <trkpt lat="54.746186" lon="9.005753">
        <ele>75.080482</ele>
        <time>2021-07-31T11:56:18.000Z</time>
      </trkpt>
      <trkpt lat="54.746187" lon="9.005730">
        <ele>75.032424</ele>
        <time>2021-07-31T11:56:19.000Z</time>
      </trkpt>
      <trkpt lat="54.746203" lon="9.005558">
        <ele>74.669428</ele>
        <time>2021-07-31T11:56:25.000Z</time>
      </trkpt>
      <trkpt lat="54.746195" lon="9.005502">
        <ele>74.549228</ele>
        <time>2021-07-31T11:56:26.000Z</time>
      </trkpt>
      <trkpt lat="54.746198" lon="9.005407">
        <ele>74.350993</ele>
        <time>2021-07-31T11:56:31.000Z</time>
      </trkpt>
      <trkpt lat="54.746211" lon="9.005376">
        <ele>74.271155</ele>
        <time>2021-07-31T11:56:33.000Z</time>
      </trkpt>
      <trkpt lat="54.746226" lon="9.005353">
        <ele>74.198848</ele>
        <time>2021-07-31T11:56:34.000Z</time>
      </trkpt>
      <trkpt lat="54.746258" lon="9.005284">
        <ele>74.014425</ele>
        <time>2021-07-31T11:56:38.000Z</time>
      </trkpt>
      <trkpt lat="54.746265" lon="9.005265">
        <ele>73.967461</ele>
        <time>2021-07-31T11:56:39.000Z</time>
      </trkpt>
      <trkpt lat="54.746292" lon="9.005209">
        <ele>73.815430</ele>
        <time>2021-07-31T11:56:42.000Z</time>
      </trkpt>
      <trkpt lat="54.746298" lon="9.005188">
        <ele>73.766608</ele>
        <time>2021-07-31T11:56:43.000Z</time>
      </trkpt>
      <trkpt lat="54.746305" lon="9.005164">
        <ele>73.710581</ele>
        <time>2021-07-31T11:56:44.000Z</time>
      </trkpt>
      <trkpt lat="54.746327" lon="9.005056">
        <ele>73.471955</ele>
        <time>2021-07-31T11:56:48.000Z</time>
      </trkpt>
      <trkpt lat="54.746368" lon="9.004984">
        <ele>73.261220</ele>
        <time>2021-07-31T11:56:51.000Z</time>
      </trkpt>
      <trkpt lat="54.746396" lon="9.004894">
        <ele>73.048196</ele>
        <time>2021-07-31T11:56:54.000Z</time>
      </trkpt>
      <trkpt lat="54.746440" lon="9.004820">
        <ele>72.826838</ele>
        <time>2021-07-31T11:56:58.000Z</time>
      </trkpt>
      <trkpt lat="54.746450" lon="9.004800">
        <ele>72.771706</ele>
        <time>2021-07-31T11:56:59.000Z</time>
      </trkpt>
      <trkpt lat="54.746492" lon="9.004712">
        <ele>72.533790</ele>
        <time>2021-07-31T11:57:03.000Z</time>
      </trkpt>
      <trkpt lat="54.746526" lon="9.004639">
        <ele>72.338349</ele>
        <time>2021-07-31T11:57:07.000Z</time>
      </trkpt>
      <trkpt lat="54.746579" lon="9.004539">
        <ele>72.055481</ele>
        <time>2021-07-31T11:57:12.000Z</time>
      </trkpt>
      <trkpt lat="54.746589" lon="9.004524">
        <ele>72.007734</ele>
        <time>2021-07-31T11:57:13.000Z</time>
      </trkpt>
      <trkpt lat="54.746609" lon="9.004491">
        <ele>71.908036</ele>
        <time>2021-07-31T11:57:15.000Z</time>
      </trkpt>
      <trkpt lat="54.746627" lon="9.004468">
        <ele>71.827300</ele>
        <time>2021-07-31T11:57:17.000Z</time>
      </trkpt>
      <trkpt lat="54.746720" lon="9.004292">
        <ele>71.330136</ele>
        <time>2021-07-31T11:57:25.000Z</time>
      </trkpt>
      <trkpt lat="54.746837" lon="9.004153">
        <ele>70.844193</ele>
        <time>2021-07-31T11:57:32.000Z</time>
      </trkpt>
      <trkpt lat="54.746867" lon="9.004085">
        <ele>70.687474</ele>
        <time>2021-07-31T11:57:35.000Z</time>
      </trkpt>
      <trkpt lat="54.746891" lon="9.004045">
        <ele>70.581827</ele>
        <time>2021-07-31T11:57:37.000Z</time>
      </trkpt>
      <trkpt lat="54.746974" lon="9.003922">
        <ele>70.235338</ele>
        <time>2021-07-31T11:57:42.000Z</time>
      </trkpt>
      <trkpt lat="54.746985" lon="9.003897">
        <ele>70.177777</ele>
        <time>2021-07-31T11:57:43.000Z</time>
      </trkpt>
      <trkpt lat="54.747042" lon="9.003802">
        <ele>69.926866</ele>
        <time>2021-07-31T11:57:48.000Z</time>
      </trkpt>
      <trkpt lat="54.747061" lon="9.003765">
        <ele>69.836185</ele>
        <time>2021-07-31T11:57:51.000Z</time>
      </trkpt>
      <trkpt lat="54.747081" lon="9.003698">
        <ele>69.698068</ele>
        <time>2021-07-31T11:57:55.000Z</time>
      </trkpt>
      <trkpt lat="54.747089" lon="9.003684">
        <ele>69.661996</ele>
        <time>2021-07-31T11:57:56.000Z</time>
      </trkpt>
      <trkpt lat="54.747133" lon="9.003606">
        <ele>69.462291</ele>
        <time>2021-07-31T11:58:00.000Z</time>
      </trkpt>
      <trkpt lat="54.747146" lon="9.003598">
        <ele>69.418526</ele>
        <time>2021-07-31T11:58:01.000Z</time>
      </trkpt>
      <trkpt lat="54.747158" lon="9.003603">
        <ele>69.379372</ele>
        <time>2021-07-31T11:58:02.000Z</time>
      </trkpt>
      <trkpt lat="54.747187" lon="9.003538">
        <ele>69.228942</ele>
        <time>2021-07-31T11:58:06.000Z</time>
      </trkpt>
      <trkpt lat="54.747241" lon="9.003534">
        <ele>69.057478</ele>
        <time>2021-07-31T11:58:09.000Z</time>
      </trkpt>
      <trkpt lat="54.747331" lon="9.003497">
        <ele>68.764036</ele>
        <time>2021-07-31T11:58:11.000Z</time>
      </trkpt>
      <trkpt lat="54.747376" lon="9.003507">
        <ele>68.620110</ele>
        <time>2021-07-31T11:58:14.000Z</time>
      </trkpt>
      <trkpt lat="54.747386" lon="9.003507">
        <ele>68.588386</ele>
        <time>2021-07-31T11:58:17.000Z</time>
      </trkpt>
      <trkpt lat="54.747403" lon="9.003542">
        <ele>68.504627</ele>
        <time>2021-07-31T11:58:21.000Z</time>
      </trkpt>
      <trkpt lat="54.747407" lon="9.003560">
        <ele>68.469310</ele>
        <time>2021-07-31T11:58:22.000Z</time>
      </trkpt>
      <trkpt lat="54.747410" lon="9.003580">
        <ele>68.431473</ele>
        <time>2021-07-31T11:58:23.000Z</time>
      </trkpt>
      <trkpt lat="54.747412" lon="9.003600">
        <ele>68.394306</ele>
        <time>2021-07-31T11:58:24.000Z</time>
      </trkpt>
      <trkpt lat="54.747428" lon="9.003696">
        <ele>68.211345</ele>
        <time>2021-07-31T11:58:28.000Z</time>
      </trkpt>
      <trkpt lat="54.747467" lon="9.003749">
        <ele>68.054103</ele>
        <time>2021-07-31T11:58:31.000Z</time>
      </trkpt>
      <trkpt lat="54.747475" lon="9.003757">
        <ele>68.024800</ele>
        <time>2021-07-31T11:58:32.000Z</time>
      </trkpt>
      <trkpt lat="54.747491" lon="9.003763">
        <ele>67.972867</ele>
        <time>2021-07-31T11:58:34.000Z</time>
      </trkpt>
      <trkpt lat="54.747502" lon="9.003767">
        <ele>67.937211</ele>
        <time>2021-07-31T11:58:35.000Z</time>
      </trkpt>
      <trkpt lat="54.747516" lon="9.003763">
        <ele>67.892197</ele>
        <time>2021-07-31T11:58:37.000Z</time>
      </trkpt>
      <trkpt lat="54.747531" lon="9.003782">
        <ele>67.833251</ele>
        <time>2021-07-31T11:58:40.000Z</time>
      </trkpt>
      <trkpt lat="54.747559" lon="9.003814">
        <ele>67.726840</ele>
        <time>2021-07-31T11:58:43.000Z</time>
      </trkpt>
      <trkpt lat="54.747577" lon="9.003817">
        <ele>67.669474</ele>
        <time>2021-07-31T11:58:44.000Z</time>
      </trkpt>
      <trkpt lat="54.747612" lon="9.003812">
        <ele>67.558064</ele>
        <time>2021-07-31T11:58:47.000Z</time>
      </trkpt>
      <trkpt lat="54.747637" lon="9.003765">
        <ele>67.441034</ele>
        <time>2021-07-31T11:58:51.000Z</time>
      </trkpt>
      <trkpt lat="54.747652" lon="9.003694">
        <ele>67.302595</ele>
        <time>2021-07-31T11:58:54.000Z</time>
      </trkpt>
      <trkpt lat="54.747657" lon="9.003678">
        <ele>67.269280</ele>
        <time>2021-07-31T11:58:55.000Z</time>
      </trkpt>
      <trkpt lat="54.747670" lon="9.003519">
        <ele>66.975241</ele>
        <time>2021-07-31T11:59:02.000Z</time>
      </trkpt>
      <trkpt lat="54.747691" lon="9.003403">
        <ele>66.752639</ele>
        <time>2021-07-31T11:59:07.000Z</time>
      </trkpt>
      <trkpt lat="54.747736" lon="9.003314">
        <ele>66.535992</ele>
        <time>2021-07-31T11:59:12.000Z</time>
      </trkpt>
      <trkpt lat="54.747754" lon="9.003304">
        <ele>66.476026</ele>
        <time>2021-07-31T11:59:13.000Z</time>
      </trkpt>
      <trkpt lat="54.747803" lon="9.003230">
        <ele>66.269816</ele>
        <time>2021-07-31T11:59:18.000Z</time>
      </trkpt>
      <trkpt lat="54.747832" lon="9.003175">
        <ele>66.133414</ele>
        <time>2021-07-31T11:59:21.000Z</time>
      </trkpt>
      <trkpt lat="54.747903" lon="9.003032">
        <ele>65.788029</ele>
        <time>2021-07-31T11:59:28.000Z</time>
      </trkpt>
      <trkpt lat="54.747968" lon="9.002958">
        <ele>65.541292</ele>
        <time>2021-07-31T11:59:33.000Z</time>
      </trkpt>
      <trkpt lat="54.747993" lon="9.002934">
        <ele>65.450622</ele>
        <time>2021-07-31T11:59:35.000Z</time>
      </trkpt>
      <trkpt lat="54.748103" lon="9.002833">
        <ele>65.149663</ele>
        <time>2021-07-31T11:59:43.000Z</time>
      </trkpt>
      <trkpt lat="54.748167" lon="9.002663">
        <ele>64.906306</ele>
        <time>2021-07-31T11:59:50.000Z</time>
      </trkpt>
      <trkpt lat="54.748192" lon="9.002587">
        <ele>64.801422</ele>
        <time>2021-07-31T11:59:53.000Z</time>
      </trkpt>
      <trkpt lat="54.748266" lon="9.002508">
        <ele>64.620858</ele>
        <time>2021-07-31T11:59:58.000Z</time>
      </trkpt>
      <trkpt lat="54.748365" lon="9.002428">
        <ele>64.393929</ele>
        <time>2021-07-31T12:00:05.000Z</time>
      </trkpt>
      <trkpt lat="54.748456" lon="9.002364">
        <ele>64.189908</ele>
        <time>2021-07-31T12:00:11.000Z</time>
      </trkpt>
      <trkpt lat="54.748531" lon="9.002275">
        <ele>64.001066</ele>
        <time>2021-07-31T12:00:17.000Z</time>
      </trkpt>
      <trkpt lat="54.748610" lon="9.002089">
        <ele>63.724178</ele>
        <time>2021-07-31T12:00:25.000Z</time>
      </trkpt>
      <trkpt lat="54.748670" lon="9.001941">
        <ele>63.507327</ele>
        <time>2021-07-31T12:00:31.000Z</time>
      </trkpt>
      <trkpt lat="54.748681" lon="9.001888">
        <ele>63.439798</ele>
        <time>2021-07-31T12:00:33.000Z</time>
      </trkpt>
      <trkpt lat="54.748693" lon="9.001836">
        <ele>63.372652</ele>
        <time>2021-07-31T12:00:35.000Z</time>
      </trkpt>
      <trkpt lat="54.748720" lon="9.001771">
        <ele>63.276633</ele>
        <time>2021-07-31T12:00:38.000Z</time>
      </trkpt>
      <trkpt lat="54.748745" lon="9.001695">
        <ele>63.171749</ele>
        <time>2021-07-31T12:00:41.000Z</time>
      </trkpt>
      <trkpt lat="54.748782" lon="9.001508">
        <ele>62.934731</ele>
        <time>2021-07-31T12:00:48.000Z</time>
      </trkpt>
      <trkpt lat="54.748806" lon="9.001435">
        <ele>62.834002</ele>
        <time>2021-07-31T12:00:51.000Z</time>
      </trkpt>
      <trkpt lat="54.748823" lon="9.001368">
        <ele>62.746250</ele>
        <time>2021-07-31T12:00:54.000Z</time>
      </trkpt>
      <trkpt lat="54.748871" lon="9.001245">
        <ele>62.568229</ele>
        <time>2021-07-31T12:01:00.000Z</time>
      </trkpt>
      <trkpt lat="54.748893" lon="9.001093">
        <ele>62.380342</ele>
        <time>2021-07-31T12:01:07.000Z</time>
      </trkpt>
      <trkpt lat="54.748896" lon="9.000983">
        <ele>62.248307</ele>
        <time>2021-07-31T12:01:12.000Z</time>
      </trkpt>
      <trkpt lat="54.748904" lon="9.000961">
        <ele>62.217131</ele>
        <time>2021-07-31T12:01:13.000Z</time>
      </trkpt>
      <trkpt lat="54.748933" lon="9.000914">
        <ele>62.134639</ele>
        <time>2021-07-31T12:01:16.000Z</time>
      </trkpt>
      <trkpt lat="54.748947" lon="9.000902">
        <ele>62.102192</ele>
        <time>2021-07-31T12:01:17.000Z</time>
      </trkpt>
      <trkpt lat="54.749018" lon="9.000855">
        <ele>61.944300</ele>
        <time>2021-07-31T12:01:22.000Z</time>
      </trkpt>
      <trkpt lat="54.749033" lon="9.000832">
        <ele>61.902690</ele>
        <time>2021-07-31T12:01:23.000Z</time>
      </trkpt>
      <trkpt lat="54.749098" lon="9.000729">
        <ele>61.719704</ele>
        <time>2021-07-31T12:01:28.000Z</time>
      </trkpt>
      <trkpt lat="54.749111" lon="9.000730">
        <ele>61.692672</ele>
        <time>2021-07-31T12:01:29.000Z</time>
      </trkpt>
      <trkpt lat="54.749144" lon="9.000644">
        <ele>61.611735</ele>
        <time>2021-07-31T12:01:34.000Z</time>
      </trkpt>
      <trkpt lat="54.749142" lon="9.000612">
        <ele>61.646204</ele>
        <time>2021-07-31T12:01:35.000Z</time>
      </trkpt>
      <trkpt lat="54.749134" lon="9.000591">
        <ele>61.673150</ele>
        <time>2021-07-31T12:01:36.000Z</time>
      </trkpt>
      <trkpt lat="54.749111" lon="9.000552">
        <ele>61.732862</ele>
        <time>2021-07-31T12:01:38.000Z</time>
      </trkpt>
      <trkpt lat="54.749104" lon="9.000543">
        <ele>61.749035</ele>
        <time>2021-07-31T12:01:39.000Z</time>
      </trkpt>
      <trkpt lat="54.749101" lon="9.000546">
        <ele>61.755462</ele>
        <time>2021-07-31T12:01:40.000Z</time>
      </trkpt>
      <trkpt lat="54.749095" lon="9.000557">
        <ele>61.771671</ele>
        <time>2021-07-31T12:01:42.000Z</time>
      </trkpt>
      <trkpt lat="54.749102" lon="9.000596">
        <ele>61.815409</ele>
        <time>2021-07-31T12:01:49.000Z</time>
      </trkpt>
      <trkpt lat="54.749041" lon="9.000566">
        <ele>61.933063</ele>
        <time>2021-07-31T12:01:55.000Z</time>
      </trkpt>
      <trkpt lat="54.748982" lon="9.000499">
        <ele>62.063954</ele>
        <time>2021-07-31T12:02:01.000Z</time>
      </trkpt>
      <trkpt lat="54.748978" lon="9.000494">
        <ele>62.073106</ele>
        <time>2021-07-31T12:02:02.000Z</time>
      </trkpt>
      <trkpt lat="54.748941" lon="9.000474">
        <ele>62.145021</ele>
        <time>2021-07-31T12:02:08.000Z</time>
      </trkpt>
      <trkpt lat="54.748932" lon="9.000473">
        <ele>62.161755</ele>
        <time>2021-07-31T12:02:09.000Z</time>
      </trkpt>
      <trkpt lat="54.748855" lon="9.000562">
        <ele>62.333499</ele>
        <time>2021-07-31T12:02:15.000Z</time>
      </trkpt>
      <trkpt lat="54.748827" lon="9.000592">
        <ele>62.394584</ele>
        <time>2021-07-31T12:02:18.000Z</time>
      </trkpt>
      <trkpt lat="54.748776" lon="9.000609">
        <ele>62.490948</ele>
        <time>2021-07-31T12:02:22.000Z</time>
      </trkpt>
      <trkpt lat="54.748748" lon="9.000595">
        <ele>62.545021</ele>
        <time>2021-07-31T12:02:24.000Z</time>
      </trkpt>
      <trkpt lat="54.748691" lon="9.000572">
        <ele>62.653613</ele>
        <time>2021-07-31T12:02:28.000Z</time>
      </trkpt>
      <trkpt lat="54.748637" lon="9.000563">
        <ele>62.754271</ele>
        <time>2021-07-31T12:02:31.000Z</time>
      </trkpt>
      <trkpt lat="54.748567" lon="9.000611">
        <ele>62.893955</ele>
        <time>2021-07-31T12:02:35.000Z</time>
      </trkpt>
      <trkpt lat="54.748492" lon="9.000626">
        <ele>63.034040</ele>
        <time>2021-07-31T12:02:41.000Z</time>
      </trkpt>
      <trkpt lat="54.748428" lon="9.000639">
        <ele>63.153603</ele>
        <time>2021-07-31T12:02:45.000Z</time>
      </trkpt>
      <trkpt lat="54.748396" lon="9.000641">
        <ele>63.213016</ele>
        <time>2021-07-31T12:02:47.000Z</time>
      </trkpt>
      <trkpt lat="54.748283" lon="9.000674">
        <ele>63.425642</ele>
        <time>2021-07-31T12:02:54.000Z</time>
      </trkpt>
      <trkpt lat="54.748219" lon="9.000724">
        <ele>63.555906</ele>
        <time>2021-07-31T12:02:59.000Z</time>
      </trkpt>
      <trkpt lat="54.748196" lon="9.000755">
        <ele>63.609974</ele>
        <time>2021-07-31T12:03:01.000Z</time>
      </trkpt>
      <trkpt lat="54.748154" lon="9.000822">
        <ele>63.715905</ele>
        <time>2021-07-31T12:03:07.000Z</time>
      </trkpt>
      <trkpt lat="54.748141" lon="9.000827">
        <ele>63.740613</ele>
        <time>2021-07-31T12:03:09.000Z</time>
      </trkpt>
      <trkpt lat="54.748119" lon="9.000829">
        <ele>63.781489</ele>
        <time>2021-07-31T12:03:12.000Z</time>
      </trkpt>
      <trkpt lat="54.748112" lon="9.000827">
        <ele>63.794653</ele>
        <time>2021-07-31T12:03:13.000Z</time>
      </trkpt>
      <trkpt lat="54.748099" lon="9.000827">
        <ele>63.818774</ele>
        <time>2021-07-31T12:03:14.000Z</time>
      </trkpt>
      <trkpt lat="54.748066" lon="9.000846">
        <ele>63.883297</ele>
        <time>2021-07-31T12:03:17.000Z</time>
      </trkpt>
      <trkpt lat="54.748054" lon="9.000840">
        <ele>63.906471</ele>
        <time>2021-07-31T12:03:18.000Z</time>
      </trkpt>
      <trkpt lat="54.748025" lon="9.000830">
        <ele>63.961335</ele>
        <time>2021-07-31T12:03:20.000Z</time>
      </trkpt>
      <trkpt lat="54.748004" lon="9.000826">
        <ele>64.000535</ele>
        <time>2021-07-31T12:03:21.000Z</time>
      </trkpt>
      <trkpt lat="54.747961" lon="9.000831">
        <ele>64.080499</ele>
        <time>2021-07-31T12:03:24.000Z</time>
      </trkpt>
      <trkpt lat="54.747951" lon="9.000839">
        <ele>64.100936</ele>
        <time>2021-07-31T12:03:25.000Z</time>
      </trkpt>
      <trkpt lat="54.747931" lon="9.000844">
        <ele>64.138430</ele>
        <time>2021-07-31T12:03:26.000Z</time>
      </trkpt>
      <trkpt lat="54.747844" lon="9.000860">
        <ele>64.300763</ele>
        <time>2021-07-31T12:03:32.000Z</time>
      </trkpt>
      <trkpt lat="54.747832" lon="9.000877">
        <ele>64.329524</ele>
        <time>2021-07-31T12:03:33.000Z</time>
      </trkpt>
      <trkpt lat="54.747766" lon="9.000933">
        <ele>64.465881</ele>
        <time>2021-07-31T12:03:36.000Z</time>
      </trkpt>
      <trkpt lat="54.747745" lon="9.000948">
        <ele>64.508027</ele>
        <time>2021-07-31T12:03:37.000Z</time>
      </trkpt>
      <trkpt lat="54.747719" lon="9.000959">
        <ele>64.557687</ele>
        <time>2021-07-31T12:03:39.000Z</time>
      </trkpt>
      <trkpt lat="54.747661" lon="9.000980">
        <ele>64.667629</ele>
        <time>2021-07-31T12:03:43.000Z</time>
      </trkpt>
      <trkpt lat="54.747646" lon="9.000988">
        <ele>64.696750</ele>
        <time>2021-07-31T12:03:44.000Z</time>
      </trkpt>
      <trkpt lat="54.747637" lon="9.000990">
        <ele>64.713586</ele>
        <time>2021-07-31T12:03:45.000Z</time>
      </trkpt>
      <trkpt lat="54.747574" lon="9.001020">
        <ele>64.834815</ele>
        <time>2021-07-31T12:03:48.000Z</time>
      </trkpt>
      <trkpt lat="54.747514" lon="9.001045">
        <ele>64.946791</ele>
        <time>2021-07-31T12:03:51.000Z</time>
      </trkpt>
      <trkpt lat="54.747397" lon="9.001075">
        <ele>65.139192</ele>
        <time>2021-07-31T12:03:59.000Z</time>
      </trkpt>
      <trkpt lat="54.747367" lon="9.001081">
        <ele>65.188318</ele>
        <time>2021-07-31T12:04:02.000Z</time>
      </trkpt>
      <trkpt lat="54.747345" lon="9.001092">
        <ele>65.225567</ele>
        <time>2021-07-31T12:04:04.000Z</time>
      </trkpt>
      <trkpt lat="54.747329" lon="9.001100">
        <ele>65.252657</ele>
        <time>2021-07-31T12:04:05.000Z</time>
      </trkpt>
      <trkpt lat="54.747299" lon="9.001120">
        <ele>65.304947</ele>
        <time>2021-07-31T12:04:07.000Z</time>
      </trkpt>
      <trkpt lat="54.747246" lon="9.001187">
        <ele>65.411674</ele>
        <time>2021-07-31T12:04:11.000Z</time>
      </trkpt>
      <trkpt lat="54.747233" lon="9.001201">
        <ele>65.436574</ele>
        <time>2021-07-31T12:04:12.000Z</time>
      </trkpt>
      <trkpt lat="54.747196" lon="9.001241">
        <ele>65.507520</ele>
        <time>2021-07-31T12:04:16.000Z</time>
      </trkpt>
      <trkpt lat="54.747160" lon="9.001250">
        <ele>65.566689</ele>
        <time>2021-07-31T12:04:19.000Z</time>
      </trkpt>
      <trkpt lat="54.747074" lon="9.001234">
        <ele>65.707392</ele>
        <time>2021-07-31T12:04:25.000Z</time>
      </trkpt>
      <trkpt lat="54.747067" lon="9.001232">
        <ele>65.718933</ele>
        <time>2021-07-31T12:04:26.000Z</time>
      </trkpt>
      <trkpt lat="54.747050" lon="9.001208">
        <ele>65.754606</ele>
        <time>2021-07-31T12:04:27.000Z</time>
      </trkpt>
      <trkpt lat="54.747017" lon="9.001171">
        <ele>65.818549</ele>
        <time>2021-07-31T12:04:30.000Z</time>
      </trkpt>
      <trkpt lat="54.747009" lon="9.001150">
        <ele>65.842174</ele>
        <time>2021-07-31T12:04:31.000Z</time>
      </trkpt>
      <trkpt lat="54.746968" lon="9.001040">
        <ele>65.965119</ele>
        <time>2021-07-31T12:04:36.000Z</time>
      </trkpt>
      <trkpt lat="54.746956" lon="9.001040">
        <ele>65.984640</ele>
        <time>2021-07-31T12:04:37.000Z</time>
      </trkpt>
      <trkpt lat="54.746952" lon="9.000914">
        <ele>66.103125</ele>
        <time>2021-07-31T12:04:42.000Z</time>
      </trkpt>
      <trkpt lat="54.746975" lon="9.000818">
        <ele>66.200719</ele>
        <time>2021-07-31T12:04:46.000Z</time>
      </trkpt>
      <trkpt lat="54.747004" lon="9.000749">
        <ele>66.280861</ele>
        <time>2021-07-31T12:04:48.000Z</time>
      </trkpt>
      <trkpt lat="54.747069" lon="9.000628">
        <ele>66.436063</ele>
        <time>2021-07-31T12:04:54.000Z</time>
      </trkpt>
      <trkpt lat="54.747154" lon="9.000399">
        <ele>66.691701</ele>
        <time>2021-07-31T12:05:01.000Z</time>
      </trkpt>
      <trkpt lat="54.747202" lon="9.000314">
        <ele>66.803354</ele>
        <time>2021-07-31T12:05:06.000Z</time>
      </trkpt>
      <trkpt lat="54.747231" lon="9.000269">
        <ele>66.866684</ele>
        <time>2021-07-31T12:05:08.000Z</time>
      </trkpt>
      <trkpt lat="54.747283" lon="9.000145">
        <ele>67.010596</ele>
        <time>2021-07-31T12:05:14.000Z</time>
      </trkpt>
      <trkpt lat="54.747361" lon="8.999966">
        <ele>67.221182</ele>
        <time>2021-07-31T12:05:22.000Z</time>
      </trkpt>
      <trkpt lat="54.747386" lon="8.999884">
        <ele>67.308255</ele>
        <time>2021-07-31T12:05:25.000Z</time>
      </trkpt>
      <trkpt lat="54.747405" lon="8.999805">
        <ele>67.388611</ele>
        <time>2021-07-31T12:05:28.000Z</time>
      </trkpt>
      <trkpt lat="54.747424" lon="8.999773">
        <ele>67.431716</ele>
        <time>2021-07-31T12:05:30.000Z</time>
      </trkpt>
      <trkpt lat="54.747462" lon="8.999669">
        <ele>67.547286</ele>
        <time>2021-07-31T12:05:34.000Z</time>
      </trkpt>
      <trkpt lat="54.747488" lon="8.999645">
        <ele>67.595209</ele>
        <time>2021-07-31T12:05:36.000Z</time>
      </trkpt>
      <trkpt lat="54.747526" lon="8.999571">
        <ele>67.688207</ele>
        <time>2021-07-31T12:05:40.000Z</time>
      </trkpt>
      <trkpt lat="54.747551" lon="8.999521">
        <ele>67.750319</ele>
        <time>2021-07-31T12:05:43.000Z</time>
      </trkpt>
      <trkpt lat="54.747561" lon="8.999451">
        <ele>67.818026</ele>
        <time>2021-07-31T12:05:46.000Z</time>
      </trkpt>
      <trkpt lat="54.747560" lon="8.999415">
        <ele>67.851866</ele>
        <time>2021-07-31T12:05:47.000Z</time>
      </trkpt>
      <trkpt lat="54.747593" lon="8.999326">
        <ele>67.821657</ele>
        <time>2021-07-31T12:05:51.000Z</time>
      </trkpt>
      <trkpt lat="54.747616" lon="8.999274">
        <ele>67.800559</ele>
        <time>2021-07-31T12:05:53.000Z</time>
      </trkpt>
      <trkpt lat="54.747649" lon="8.999203">
        <ele>67.771201</ele>
        <time>2021-07-31T12:05:56.000Z</time>
      </trkpt>
      <trkpt lat="54.747660" lon="8.999188">
        <ele>67.763390</ele>
        <time>2021-07-31T12:05:57.000Z</time>
      </trkpt>
      <trkpt lat="54.747732" lon="8.999054">
        <ele>67.704431</ele>
        <time>2021-07-31T12:06:03.000Z</time>
      </trkpt>
      <trkpt lat="54.747750" lon="8.999017">
        <ele>67.688847</ele>
        <time>2021-07-31T12:06:05.000Z</time>
      </trkpt>
      <trkpt lat="54.747774" lon="8.998938">
        <ele>67.660096</ele>
        <time>2021-07-31T12:06:08.000Z</time>
      </trkpt>
      <trkpt lat="54.747819" lon="8.998853">
        <ele>67.622950</ele>
        <time>2021-07-31T12:06:12.000Z</time>
      </trkpt>
      <trkpt lat="54.747844" lon="8.998773">
        <ele>67.593652</ele>
        <time>2021-07-31T12:06:15.000Z</time>
      </trkpt>
      <trkpt lat="54.747876" lon="8.998663">
        <ele>67.553982</ele>
        <time>2021-07-31T12:06:19.000Z</time>
      </trkpt>
      <trkpt lat="54.747901" lon="8.998621">
        <ele>67.534551</ele>
        <time>2021-07-31T12:06:21.000Z</time>
      </trkpt>
      <trkpt lat="54.747973" lon="8.998427">
        <ele>67.460272</ele>
        <time>2021-07-31T12:06:28.000Z</time>
      </trkpt>
      <trkpt lat="54.747985" lon="8.998397">
        <ele>67.448518</ele>
        <time>2021-07-31T12:06:29.000Z</time>
      </trkpt>
      <trkpt lat="54.748004" lon="8.998292">
        <ele>67.413080</ele>
        <time>2021-07-31T12:06:33.000Z</time>
      </trkpt>
      <trkpt lat="54.748009" lon="8.998265">
        <ele>67.403948</ele>
        <time>2021-07-31T12:06:34.000Z</time>
      </trkpt>
      <trkpt lat="54.748102" lon="8.998150">
        <ele>67.340196</ele>
        <time>2021-07-31T12:06:41.000Z</time>
      </trkpt>
      <trkpt lat="54.748161" lon="8.998034">
        <ele>67.290403</ele>
        <time>2021-07-31T12:06:47.000Z</time>
      </trkpt>
      <trkpt lat="54.748220" lon="8.997925">
        <ele>67.242278</ele>
        <time>2021-07-31T12:06:54.000Z</time>
      </trkpt>
      <trkpt lat="54.748281" lon="8.997826">
        <ele>67.195642</ele>
        <time>2021-07-31T12:06:59.000Z</time>
      </trkpt>
      <trkpt lat="54.748295" lon="8.997812">
        <ele>67.186623</ele>
        <time>2021-07-31T12:07:00.000Z</time>
      </trkpt>
      <trkpt lat="54.748334" lon="8.997725">
        <ele>67.151147</ele>
        <time>2021-07-31T12:07:04.000Z</time>
      </trkpt>
      <trkpt lat="54.748340" lon="8.997701">
        <ele>67.142724</ele>
        <time>2021-07-31T12:07:05.000Z</time>
      </trkpt>
      <trkpt lat="54.748372" lon="8.997601">
        <ele>67.105901</ele>
        <time>2021-07-31T12:07:10.000Z</time>
      </trkpt>
      <trkpt lat="54.748422" lon="8.997483">
        <ele>67.058758</ele>
        <time>2021-07-31T12:07:14.000Z</time>
      </trkpt>
      <trkpt lat="54.748438" lon="8.997419">
        <ele>67.036297</ele>
        <time>2021-07-31T12:07:16.000Z</time>
      </trkpt>
      <trkpt lat="54.748445" lon="8.997372">
        <ele>67.020665</ele>
        <time>2021-07-31T12:07:18.000Z</time>
      </trkpt>
      <trkpt lat="54.748441" lon="8.997299">
        <ele>66.997050</ele>
        <time>2021-07-31T12:07:21.000Z</time>
      </trkpt>
      <trkpt lat="54.748445" lon="8.997294">
        <ele>66.994298</ele>
        <time>2021-07-31T12:07:23.000Z</time>
      </trkpt>
      <trkpt lat="54.748436" lon="8.997297">
        <ele>66.989184</ele>
        <time>2021-07-31T12:07:25.000Z</time>
      </trkpt>
      <trkpt lat="54.748441" lon="8.997284">
        <ele>66.984153</ele>
        <time>2021-07-31T12:07:27.000Z</time>
      </trkpt>
      <trkpt lat="54.748446" lon="8.997273">
        <ele>66.979644</ele>
        <time>2021-07-31T12:07:28.000Z</time>
      </trkpt>
      <trkpt lat="54.748469" lon="8.997254">
        <ele>66.965427</ele>
        <time>2021-07-31T12:07:30.000Z</time>
      </trkpt>
      <trkpt lat="54.748517" lon="8.997151">
        <ele>66.922793</ele>
        <time>2021-07-31T12:07:36.000Z</time>
      </trkpt>
      <trkpt lat="54.748531" lon="8.997133">
        <ele>66.913066</ele>
        <time>2021-07-31T12:07:38.000Z</time>
      </trkpt>
      <trkpt lat="54.748572" lon="8.997093">
        <ele>66.886812</ele>
        <time>2021-07-31T12:07:42.000Z</time>
      </trkpt>
      <trkpt lat="54.748625" lon="8.996978">
        <ele>66.776312</ele>
        <time>2021-07-31T12:07:49.000Z</time>
      </trkpt>
      <trkpt lat="54.748633" lon="8.996958">
        <ele>66.726305</ele>
        <time>2021-07-31T12:07:50.000Z</time>
      </trkpt>
      <trkpt lat="54.748650" lon="8.996837">
        <ele>66.470387</ele>
        <time>2021-07-31T12:07:54.000Z</time>
      </trkpt>
      <trkpt lat="54.748673" lon="8.996810">
        <ele>66.371467</ele>
        <time>2021-07-31T12:07:56.000Z</time>
      </trkpt>
      <trkpt lat="54.748685" lon="8.996791">
        <ele>66.313587</ele>
        <time>2021-07-31T12:07:57.000Z</time>
      </trkpt>
      <trkpt lat="54.748706" lon="8.996756">
        <ele>66.209837</ele>
        <time>2021-07-31T12:07:59.000Z</time>
      </trkpt>
      <trkpt lat="54.748724" lon="8.996722">
        <ele>66.115025</ele>
        <time>2021-07-31T12:08:01.000Z</time>
      </trkpt>
      <trkpt lat="54.748739" lon="8.996711">
        <ele>66.057030</ele>
        <time>2021-07-31T12:08:02.000Z</time>
      </trkpt>
      <trkpt lat="54.748776" lon="8.996670">
        <ele>65.900650</ele>
        <time>2021-07-31T12:08:05.000Z</time>
      </trkpt>
      <trkpt lat="54.748809" lon="8.996631">
        <ele>65.758421</ele>
        <time>2021-07-31T12:08:08.000Z</time>
      </trkpt>
      <trkpt lat="54.748832" lon="8.996606">
        <ele>65.661747</ele>
        <time>2021-07-31T12:08:10.000Z</time>
      </trkpt>
      <trkpt lat="54.748864" lon="8.996559">
        <ele>65.512380</ele>
        <time>2021-07-31T12:08:13.000Z</time>
      </trkpt>
      <trkpt lat="54.748872" lon="8.996539">
        <ele>65.462374</ele>
        <time>2021-07-31T12:08:14.000Z</time>
      </trkpt>
      <trkpt lat="54.748929" lon="8.996406">
        <ele>65.121947</ele>
        <time>2021-07-31T12:08:21.000Z</time>
      </trkpt>
      <trkpt lat="54.748936" lon="8.996381">
        <ele>65.064845</ele>
        <time>2021-07-31T12:08:22.000Z</time>
      </trkpt>
      <trkpt lat="54.748960" lon="8.996336">
        <ele>64.938933</ele>
        <time>2021-07-31T12:08:24.000Z</time>
      </trkpt>
      <trkpt lat="54.748972" lon="8.996326">
        <ele>64.891521</ele>
        <time>2021-07-31T12:08:25.000Z</time>
      </trkpt>
      <trkpt lat="54.749009" lon="8.996261">
        <ele>64.703910</ele>
        <time>2021-07-31T12:08:28.000Z</time>
      </trkpt>
      <trkpt lat="54.749028" lon="8.996211">
        <ele>64.580889</ele>
        <time>2021-07-31T12:08:30.000Z</time>
      </trkpt>
      <trkpt lat="54.749080" lon="8.996153">
        <ele>64.360693</ele>
        <time>2021-07-31T12:08:34.000Z</time>
      </trkpt>
      <trkpt lat="54.749122" lon="8.996095">
        <ele>64.169462</ele>
        <time>2021-07-31T12:08:38.000Z</time>
      </trkpt>
      <trkpt lat="54.749141" lon="8.996059">
        <ele>64.069215</ele>
        <time>2021-07-31T12:08:40.000Z</time>
      </trkpt>
      <trkpt lat="54.749176" lon="8.995972">
        <ele>63.851284</ele>
        <time>2021-07-31T12:08:44.000Z</time>
      </trkpt>
      <trkpt lat="54.749209" lon="8.995918">
        <ele>63.689667</ele>
        <time>2021-07-31T12:08:47.000Z</time>
      </trkpt>
      <trkpt lat="54.749246" lon="8.995857">
        <ele>63.507817</ele>
        <time>2021-07-31T12:08:51.000Z</time>
      </trkpt>
      <trkpt lat="54.749261" lon="8.995833">
        <ele>63.435120</ele>
        <time>2021-07-31T12:08:53.000Z</time>
      </trkpt>
      <trkpt lat="54.749353" lon="8.995726">
        <ele>63.040594</ele>
        <time>2021-07-31T12:08:58.000Z</time>
      </trkpt>
      <trkpt lat="54.749373" lon="8.995712">
        <ele>62.963791</ele>
        <time>2021-07-31T12:08:59.000Z</time>
      </trkpt>
      <trkpt lat="54.749444" lon="8.995566">
        <ele>62.571459</ele>
        <time>2021-07-31T12:09:06.000Z</time>
      </trkpt>
      <trkpt lat="54.749465" lon="8.995432">
        <ele>62.286121</ele>
        <time>2021-07-31T12:09:11.000Z</time>
      </trkpt>
      <trkpt lat="54.749492" lon="8.995344">
        <ele>62.081318</ele>
        <time>2021-07-31T12:09:14.000Z</time>
      </trkpt>
      <trkpt lat="54.749498" lon="8.995312">
        <ele>62.012175</ele>
        <time>2021-07-31T12:09:15.000Z</time>
      </trkpt>
      <trkpt lat="54.749552" lon="8.995214">
        <ele>61.733743</ele>
        <time>2021-07-31T12:09:20.000Z</time>
      </trkpt>
      <trkpt lat="54.749590" lon="8.995101">
        <ele>61.464989</ele>
        <time>2021-07-31T12:09:25.000Z</time>
      </trkpt>
      <trkpt lat="54.749672" lon="8.995011">
        <ele>61.119375</ele>
        <time>2021-07-31T12:09:31.000Z</time>
      </trkpt>
      <trkpt lat="54.749712" lon="8.994919">
        <ele>60.882676</ele>
        <time>2021-07-31T12:09:35.000Z</time>
      </trkpt>
      <trkpt lat="54.749724" lon="8.994897">
        <ele>60.820471</ele>
        <time>2021-07-31T12:09:36.000Z</time>
      </trkpt>
      <trkpt lat="54.749737" lon="8.994871">
        <ele>60.749780</ele>
        <time>2021-07-31T12:09:37.000Z</time>
      </trkpt>
      <trkpt lat="54.749794" lon="8.994775">
        <ele>60.466748</ele>
        <time>2021-07-31T12:09:42.000Z</time>
      </trkpt>
      <trkpt lat="54.749866" lon="8.994631">
        <ele>60.238538</ele>
        <time>2021-07-31T12:09:48.000Z</time>
      </trkpt>
      <trkpt lat="54.749878" lon="8.994613">
        <ele>60.206850</ele>
        <time>2021-07-31T12:09:49.000Z</time>
      </trkpt>
      <trkpt lat="54.749967" lon="8.994474">
        <ele>59.967633</ele>
        <time>2021-07-31T12:09:57.000Z</time>
      </trkpt>
      <trkpt lat="54.750048" lon="8.994351">
        <ele>59.752603</ele>
        <time>2021-07-31T12:10:03.000Z</time>
      </trkpt>
      <trkpt lat="54.750085" lon="8.994275">
        <ele>59.638037</ele>
        <time>2021-07-31T12:10:07.000Z</time>
      </trkpt>
      <trkpt lat="54.750098" lon="8.994236">
        <ele>59.586142</ele>
        <time>2021-07-31T12:10:09.000Z</time>
      </trkpt>
      <trkpt lat="54.750103" lon="8.994183">
        <ele>59.524263</ele>
        <time>2021-07-31T12:10:11.000Z</time>
      </trkpt>
      <trkpt lat="54.750110" lon="8.994130">
        <ele>59.461615</ele>
        <time>2021-07-31T12:10:13.000Z</time>
      </trkpt>
      <trkpt lat="54.750131" lon="8.994077">
        <ele>59.387539</ele>
        <time>2021-07-31T12:10:15.000Z</time>
      </trkpt>
      <trkpt lat="54.750182" lon="8.993937">
        <ele>59.196778</ele>
        <time>2021-07-31T12:10:22.000Z</time>
      </trkpt>
      <trkpt lat="54.750224" lon="8.993851">
        <ele>59.066968</ele>
        <time>2021-07-31T12:10:26.000Z</time>
      </trkpt>
      <trkpt lat="54.750249" lon="8.993761">
        <ele>58.951880</ele>
        <time>2021-07-31T12:10:29.000Z</time>
      </trkpt>
      <trkpt lat="54.750261" lon="8.993736">
        <ele>58.914413</ele>
        <time>2021-07-31T12:10:30.000Z</time>
      </trkpt>
      <trkpt lat="54.750328" lon="8.993629">
        <ele>58.732498</ele>
        <time>2021-07-31T12:10:35.000Z</time>
      </trkpt>
      <trkpt lat="54.750396" lon="8.993523">
        <ele>58.549882</ele>
        <time>2021-07-31T12:10:41.000Z</time>
      </trkpt>
      <trkpt lat="54.750467" lon="8.993368">
        <ele>58.321869</ele>
        <time>2021-07-31T12:10:48.000Z</time>
      </trkpt>
      <trkpt lat="54.750530" lon="8.993218">
        <ele>58.108112</ele>
        <time>2021-07-31T12:10:55.000Z</time>
      </trkpt>
      <trkpt lat="54.750619" lon="8.993092">
        <ele>57.878656</ele>
        <time>2021-07-31T12:11:02.000Z</time>
      </trkpt>
      <trkpt lat="54.750642" lon="8.993049">
        <ele>57.811103</ele>
        <time>2021-07-31T12:11:04.000Z</time>
      </trkpt>
      <trkpt lat="54.750690" lon="8.992935">
        <ele>57.648507</ele>
        <time>2021-07-31T12:11:09.000Z</time>
      </trkpt>
      <trkpt lat="54.750706" lon="8.992863">
        <ele>57.559609</ele>
        <time>2021-07-31T12:11:12.000Z</time>
      </trkpt>
      <trkpt lat="54.750748" lon="8.992821">
        <ele>57.462794</ele>
        <time>2021-07-31T12:11:16.000Z</time>
      </trkpt>
      <trkpt lat="54.750776" lon="8.992788">
        <ele>57.395187</ele>
        <time>2021-07-31T12:11:18.000Z</time>
      </trkpt>
      <trkpt lat="54.750883" lon="8.992700">
        <ele>57.158722</ele>
        <time>2021-07-31T12:11:23.000Z</time>
      </trkpt>
      <trkpt lat="54.750989" lon="8.992618">
        <ele>56.926963</ele>
        <time>2021-07-31T12:11:29.000Z</time>
      </trkpt>
      <trkpt lat="54.751097" lon="8.992522">
        <ele>56.765042</ele>
        <time>2021-07-31T12:11:36.000Z</time>
      </trkpt>
      <trkpt lat="54.751133" lon="8.992472">
        <ele>56.716138</ele>
        <time>2021-07-31T12:11:39.000Z</time>
      </trkpt>
      <trkpt lat="54.751181" lon="8.992398">
        <ele>56.648038</ele>
        <time>2021-07-31T12:11:42.000Z</time>
      </trkpt>
      <trkpt lat="54.751198" lon="8.992374">
        <ele>56.624795</ele>
        <time>2021-07-31T12:11:43.000Z</time>
      </trkpt>
      <trkpt lat="54.751324" lon="8.992293">
        <ele>56.482346</ele>
        <time>2021-07-31T12:11:50.000Z</time>
      </trkpt>
      <trkpt lat="54.751414" lon="8.992243">
        <ele>56.382168</ele>
        <time>2021-07-31T12:11:56.000Z</time>
      </trkpt>
      <trkpt lat="54.751415" lon="8.992215">
        <ele>56.365007</ele>
        <time>2021-07-31T12:11:57.000Z</time>
      </trkpt>
      <trkpt lat="54.751434" lon="8.992139">
        <ele>56.314341</ele>
        <time>2021-07-31T12:12:01.000Z</time>
      </trkpt>
      <trkpt lat="54.751481" lon="8.992080">
        <ele>56.252824</ele>
        <time>2021-07-31T12:12:05.000Z</time>
      </trkpt>
      <trkpt lat="54.751523" lon="8.992039">
        <ele>56.201727</ele>
        <time>2021-07-31T12:12:08.000Z</time>
      </trkpt>
      <trkpt lat="54.751614" lon="8.991962">
        <ele>56.094386</ele>
        <time>2021-07-31T12:12:15.000Z</time>
      </trkpt>
      <trkpt lat="54.751663" lon="8.991909">
        <ele>56.033160</ele>
        <time>2021-07-31T12:12:18.000Z</time>
      </trkpt>
      <trkpt lat="54.751682" lon="8.991876">
        <ele>56.004645</ele>
        <time>2021-07-31T12:12:20.000Z</time>
      </trkpt>
      <trkpt lat="54.751767" lon="8.991754">
        <ele>55.887655</ele>
        <time>2021-07-31T12:12:26.000Z</time>
      </trkpt>
      <trkpt lat="54.751850" lon="8.991607">
        <ele>55.761855</ele>
        <time>2021-07-31T12:12:33.000Z</time>
      </trkpt>
      <trkpt lat="54.751894" lon="8.991436">
        <ele>55.647326</ele>
        <time>2021-07-31T12:12:39.000Z</time>
      </trkpt>
      <trkpt lat="54.751937" lon="8.991379">
        <ele>55.589941</ele>
        <time>2021-07-31T12:12:42.000Z</time>
      </trkpt>
      <trkpt lat="54.751992" lon="8.991253">
        <ele>55.493301</ele>
        <time>2021-07-31T12:12:46.000Z</time>
      </trkpt>
      <trkpt lat="54.752035" lon="8.991161">
        <ele>55.420882</ele>
        <time>2021-07-31T12:12:50.000Z</time>
      </trkpt>
      <trkpt lat="54.752061" lon="8.991119">
        <ele>55.383205</ele>
        <time>2021-07-31T12:12:52.000Z</time>
      </trkpt>
      <trkpt lat="54.752066" lon="8.991092">
        <ele>55.365860</ele>
        <time>2021-07-31T12:12:53.000Z</time>
      </trkpt>
      <trkpt lat="54.752099" lon="8.990984">
        <ele>55.291106</ele>
        <time>2021-07-31T12:12:57.000Z</time>
      </trkpt>
      <trkpt lat="54.752162" lon="8.990847">
        <ele>55.183951</ele>
        <time>2021-07-31T12:13:03.000Z</time>
      </trkpt>
      <trkpt lat="54.752174" lon="8.990833">
        <ele>55.168617</ele>
        <time>2021-07-31T12:13:04.000Z</time>
      </trkpt>
      <trkpt lat="54.752242" lon="8.990686">
        <ele>55.053375</ele>
        <time>2021-07-31T12:13:10.000Z</time>
      </trkpt>
      <trkpt lat="54.752316" lon="8.990557">
        <ele>54.944045</ele>
        <time>2021-07-31T12:13:16.000Z</time>
      </trkpt>
      <trkpt lat="54.752392" lon="8.990406">
        <ele>54.853143</ele>
        <time>2021-07-31T12:13:23.000Z</time>
      </trkpt>
      <trkpt lat="54.752447" lon="8.990241">
        <ele>54.766693</ele>
        <time>2021-07-31T12:13:29.000Z</time>
      </trkpt>
      <trkpt lat="54.752512" lon="8.990066">
        <ele>54.672274</ele>
        <time>2021-07-31T12:13:37.000Z</time>
      </trkpt>
      <trkpt lat="54.752520" lon="8.990046">
        <ele>54.661234</ele>
        <time>2021-07-31T12:13:38.000Z</time>
      </trkpt>
      <trkpt lat="54.752528" lon="8.990023">
        <ele>54.649050</ele>
        <time>2021-07-31T12:13:39.000Z</time>
      </trkpt>
      <trkpt lat="54.752568" lon="8.989896">
        <ele>54.583408</ele>
        <time>2021-07-31T12:13:44.000Z</time>
      </trkpt>
      <trkpt lat="54.752607" lon="8.989741">
        <ele>54.506693</ele>
        <time>2021-07-31T12:13:49.000Z</time>
      </trkpt>
      <trkpt lat="54.752661" lon="8.989569">
        <ele>54.417857</ele>
        <time>2021-07-31T12:13:56.000Z</time>
      </trkpt>
      <trkpt lat="54.752697" lon="8.989530">
        <ele>54.384480</ele>
        <time>2021-07-31T12:13:59.000Z</time>
      </trkpt>
      <trkpt lat="54.752729" lon="8.989475">
        <ele>54.349047</ele>
        <time>2021-07-31T12:14:03.000Z</time>
      </trkpt>
      <trkpt lat="54.752762" lon="8.989366">
        <ele>54.293202</ele>
        <time>2021-07-31T12:14:08.000Z</time>
      </trkpt>
      <trkpt lat="54.752825" lon="8.989167">
        <ele>54.190225</ele>
        <time>2021-07-31T12:14:15.000Z</time>
      </trkpt>
      <trkpt lat="54.752844" lon="8.989110">
        <ele>54.160361</ele>
        <time>2021-07-31T12:14:17.000Z</time>
      </trkpt>
      <trkpt lat="54.752910" lon="8.989017">
        <ele>54.093485</ele>
        <time>2021-07-31T12:14:21.000Z</time>
      </trkpt>
      <trkpt lat="54.752982" lon="8.988881">
        <ele>54.009753</ele>
        <time>2021-07-31T12:14:27.000Z</time>
      </trkpt>
      <trkpt lat="54.753032" lon="8.988737">
        <ele>53.933509</ele>
        <time>2021-07-31T12:14:33.000Z</time>
      </trkpt>
      <trkpt lat="54.753123" lon="8.988584">
        <ele>53.833828</ele>
        <time>2021-07-31T12:14:41.000Z</time>
      </trkpt>
      <trkpt lat="54.753150" lon="8.988463">
        <ele>53.774971</ele>
        <time>2021-07-31T12:14:47.000Z</time>
      </trkpt>
      <trkpt lat="54.753171" lon="8.988383">
        <ele>53.735097</ele>
        <time>2021-07-31T12:14:52.000Z</time>
      </trkpt>
      <trkpt lat="54.753184" lon="8.988290">
        <ele>53.691684</ele>
        <time>2021-07-31T12:14:55.000Z</time>
      </trkpt>
      <trkpt lat="54.753172" lon="8.988167">
        <ele>53.635089</ele>
        <time>2021-07-31T12:14:58.000Z</time>
      </trkpt>
      <trkpt lat="54.753155" lon="8.988006">
        <ele>53.560833</ele>
        <time>2021-07-31T12:15:04.000Z</time>
      </trkpt>
      <trkpt lat="54.753162" lon="8.987949">
        <ele>53.534770</ele>
        <time>2021-07-31T12:15:08.000Z</time>
      </trkpt>
      <trkpt lat="54.753166" lon="8.987899">
        <ele>53.519092</ele>
        <time>2021-07-31T12:15:10.000Z</time>
      </trkpt>
      <trkpt lat="54.753171" lon="8.987879">
        <ele>53.512322</ele>
        <time>2021-07-31T12:15:11.000Z</time>
      </trkpt>
      <trkpt lat="54.753181" lon="8.987785">
        <ele>53.482635</ele>
        <time>2021-07-31T12:15:15.000Z</time>
      </trkpt>
      <trkpt lat="54.753216" lon="8.987552">
        <ele>53.407856</ele>
        <time>2021-07-31T12:15:21.000Z</time>
      </trkpt>
      <trkpt lat="54.753220" lon="8.987398">
        <ele>53.359977</ele>
        <time>2021-07-31T12:15:26.000Z</time>
      </trkpt>
      <trkpt lat="54.753246" lon="8.987272">
        <ele>53.318416</ele>
        <time>2021-07-31T12:15:31.000Z</time>
      </trkpt>
      <trkpt lat="54.753241" lon="8.987242">
        <ele>53.308718</ele>
        <time>2021-07-31T12:15:32.000Z</time>
      </trkpt>
      <trkpt lat="54.753241" lon="8.987082">
        <ele>53.259024</ele>
        <time>2021-07-31T12:15:37.000Z</time>
      </trkpt>
      <trkpt lat="54.753236" lon="8.986963">
        <ele>53.221966</ele>
        <time>2021-07-31T12:15:42.000Z</time>
      </trkpt>
      <trkpt lat="54.753238" lon="8.986797">
        <ele>53.170397</ele>
        <time>2021-07-31T12:15:48.000Z</time>
      </trkpt>
      <trkpt lat="54.753228" lon="8.986743">
        <ele>53.152783</ele>
        <time>2021-07-31T12:15:50.000Z</time>
      </trkpt>
      <trkpt lat="54.753221" lon="8.986600">
        <ele>53.108209</ele>
        <time>2021-07-31T12:15:55.000Z</time>
      </trkpt>
      <trkpt lat="54.753224" lon="8.986447">
        <ele>53.060661</ele>
        <time>2021-07-31T12:16:01.000Z</time>
      </trkpt>
      <trkpt lat="54.753230" lon="8.986398">
        <ele>53.045104</ele>
        <time>2021-07-31T12:16:03.000Z</time>
      </trkpt>
      <trkpt lat="54.753209" lon="8.986258">
        <ele>53.000176</ele>
        <time>2021-07-31T12:16:07.000Z</time>
      </trkpt>
      <trkpt lat="54.753207" lon="8.986096">
        <ele>52.949849</ele>
        <time>2021-07-31T12:16:13.000Z</time>
      </trkpt>
      <trkpt lat="54.753205" lon="8.985860">
        <ele>52.876543</ele>
        <time>2021-07-31T12:16:21.000Z</time>
      </trkpt>
      <trkpt lat="54.753203" lon="8.985799">
        <ele>52.857566</ele>
        <time>2021-07-31T12:16:23.000Z</time>
      </trkpt>
      <trkpt lat="54.753207" lon="8.985707">
        <ele>52.828911</ele>
        <time>2021-07-31T12:16:26.000Z</time>
      </trkpt>
      <trkpt lat="54.753209" lon="8.985673">
        <ele>52.818296</ele>
        <time>2021-07-31T12:16:27.000Z</time>
      </trkpt>
      <trkpt lat="54.753209" lon="8.985424">
        <ele>52.740959</ele>
        <time>2021-07-31T12:16:33.000Z</time>
      </trkpt>
      <trkpt lat="54.753211" lon="8.985244">
        <ele>52.685043</ele>
        <time>2021-07-31T12:16:39.000Z</time>
      </trkpt>
      <trkpt lat="54.753201" lon="8.985191">
        <ele>52.667724</ele>
        <time>2021-07-31T12:16:40.000Z</time>
      </trkpt>
      <trkpt lat="54.753200" lon="8.985051">
        <ele>52.624239</ele>
        <time>2021-07-31T12:16:44.000Z</time>
      </trkpt>
      <trkpt lat="54.753207" lon="8.985023">
        <ele>52.614761</ele>
        <time>2021-07-31T12:16:45.000Z</time>
      </trkpt>
      <trkpt lat="54.753203" lon="8.984808">
        <ele>52.587622</ele>
        <time>2021-07-31T12:16:52.000Z</time>
      </trkpt>
      <trkpt lat="54.753189" lon="8.984674">
        <ele>52.630832</ele>
        <time>2021-07-31T12:16:56.000Z</time>
      </trkpt>
      <trkpt lat="54.753188" lon="8.984606">
        <ele>52.652415</ele>
        <time>2021-07-31T12:16:58.000Z</time>
      </trkpt>
      <trkpt lat="54.753187" lon="8.984547">
        <ele>52.671144</ele>
        <time>2021-07-31T12:17:00.000Z</time>
      </trkpt>
      <trkpt lat="54.753169" lon="8.984426">
        <ele>52.710793</ele>
        <time>2021-07-31T12:17:04.000Z</time>
      </trkpt>
      <trkpt lat="54.753180" lon="8.984327">
        <ele>52.742782</ele>
        <time>2021-07-31T12:17:08.000Z</time>
      </trkpt>
      <trkpt lat="54.753190" lon="8.984275">
        <ele>52.760174</ele>
        <time>2021-07-31T12:17:10.000Z</time>
      </trkpt>
      <trkpt lat="54.753206" lon="8.984079">
        <ele>52.822984</ele>
        <time>2021-07-31T12:17:17.000Z</time>
      </trkpt>
      <trkpt lat="54.753216" lon="8.983915">
        <ele>52.875311</ele>
        <time>2021-07-31T12:17:22.000Z</time>
      </trkpt>
      <trkpt lat="54.753225" lon="8.983857">
        <ele>52.894368</ele>
        <time>2021-07-31T12:17:24.000Z</time>
      </trkpt>
      <trkpt lat="54.753202" lon="8.983653">
        <ele>52.960321</ele>
        <time>2021-07-31T12:17:30.000Z</time>
      </trkpt>
      <trkpt lat="54.753182" lon="8.983470">
        <ele>53.019419</ele>
        <time>2021-07-31T12:17:37.000Z</time>
      </trkpt>
      <trkpt lat="54.753186" lon="8.983354">
        <ele>53.056292</ele>
        <time>2021-07-31T12:17:41.000Z</time>
      </trkpt>
      <trkpt lat="54.753183" lon="8.983294">
        <ele>53.075401</ele>
        <time>2021-07-31T12:17:43.000Z</time>
      </trkpt>
      <trkpt lat="54.753182" lon="8.983083">
        <ele>53.142354</ele>
        <time>2021-07-31T12:17:50.000Z</time>
      </trkpt>
      <trkpt lat="54.753192" lon="8.982920">
        <ele>53.194365</ele>
        <time>2021-07-31T12:17:56.000Z</time>
      </trkpt>
      <trkpt lat="54.753192" lon="8.982788">
        <ele>53.236249</ele>
        <time>2021-07-31T12:18:02.000Z</time>
      </trkpt>
      <trkpt lat="54.753199" lon="8.982597">
        <ele>53.296976</ele>
        <time>2021-07-31T12:18:09.000Z</time>
      </trkpt>
      <trkpt lat="54.753191" lon="8.982433">
        <ele>53.349198</ele>
        <time>2021-07-31T12:18:15.000Z</time>
      </trkpt>
      <trkpt lat="54.753186" lon="8.982210">
        <ele>53.420010</ele>
        <time>2021-07-31T12:18:23.000Z</time>
      </trkpt>
      <trkpt lat="54.753180" lon="8.982031">
        <ele>53.476903</ele>
        <time>2021-07-31T12:18:30.000Z</time>
      </trkpt>
      <trkpt lat="54.753204" lon="8.981871">
        <ele>53.529358</ele>
        <time>2021-07-31T12:18:35.000Z</time>
      </trkpt>
      <trkpt lat="54.753218" lon="8.981812">
        <ele>53.549599</ele>
        <time>2021-07-31T12:18:37.000Z</time>
      </trkpt>
      <trkpt lat="54.753203" lon="8.981573">
        <ele>53.524965</ele>
        <time>2021-07-31T12:18:44.000Z</time>
      </trkpt>
      <trkpt lat="54.753185" lon="8.981431">
        <ele>53.503994</ele>
        <time>2021-07-31T12:18:49.000Z</time>
      </trkpt>
      <trkpt lat="54.753193" lon="8.981249">
        <ele>53.477665</ele>
        <time>2021-07-31T12:18:56.000Z</time>
      </trkpt>
      <trkpt lat="54.753199" lon="8.981111">
        <ele>53.457703</ele>
        <time>2021-07-31T12:19:00.000Z</time>
      </trkpt>
      <trkpt lat="54.753211" lon="8.981048">
        <ele>53.448133</ele>
        <time>2021-07-31T12:19:02.000Z</time>
      </trkpt>
      <trkpt lat="54.753212" lon="8.981015">
        <ele>53.443367</ele>
        <time>2021-07-31T12:19:03.000Z</time>
      </trkpt>
      <trkpt lat="54.753224" lon="8.980896">
        <ele>53.425941</ele>
        <time>2021-07-31T12:19:07.000Z</time>
      </trkpt>
      <trkpt lat="54.753224" lon="8.980861">
        <ele>53.420893</ele>
        <time>2021-07-31T12:19:08.000Z</time>
      </trkpt>
      <trkpt lat="54.753222" lon="8.980667">
        <ele>53.392905</ele>
        <time>2021-07-31T12:19:14.000Z</time>
      </trkpt>
      <trkpt lat="54.753233" lon="8.980559">
        <ele>53.377086</ele>
        <time>2021-07-31T12:19:17.000Z</time>
      </trkpt>
      <trkpt lat="54.753238" lon="8.980435">
        <ele>53.359156</ele>
        <time>2021-07-31T12:19:21.000Z</time>
      </trkpt>
      <trkpt lat="54.753236" lon="8.980380">
        <ele>53.351207</ele>
        <time>2021-07-31T12:19:23.000Z</time>
      </trkpt>
      <trkpt lat="54.753239" lon="8.980364">
        <ele>53.348780</ele>
        <time>2021-07-31T12:19:24.000Z</time>
      </trkpt>
      <trkpt lat="54.753245" lon="8.980319">
        <ele>53.342118</ele>
        <time>2021-07-31T12:19:26.000Z</time>
      </trkpt>
      <trkpt lat="54.753248" lon="8.980247">
        <ele>53.331705</ele>
        <time>2021-07-31T12:19:30.000Z</time>
      </trkpt>
      <trkpt lat="54.753243" lon="8.980196">
        <ele>53.324243</ele>
        <time>2021-07-31T12:19:32.000Z</time>
      </trkpt>
      <trkpt lat="54.753249" lon="8.980114">
        <ele>53.312321</ele>
        <time>2021-07-31T12:19:35.000Z</time>
      </trkpt>
      <trkpt lat="54.753256" lon="8.979995">
        <ele>53.295066</ele>
        <time>2021-07-31T12:19:39.000Z</time>
      </trkpt>
      <trkpt lat="54.753252" lon="8.979780">
        <ele>53.264038</ele>
        <time>2021-07-31T12:19:47.000Z</time>
      </trkpt>
      <trkpt lat="54.753262" lon="8.979603">
        <ele>53.238384</ele>
        <time>2021-07-31T12:19:53.000Z</time>
      </trkpt>
      <trkpt lat="54.753272" lon="8.979514">
        <ele>53.225306</ele>
        <time>2021-07-31T12:19:57.000Z</time>
      </trkpt>
      <trkpt lat="54.753270" lon="8.979435">
        <ele>53.213899</ele>
        <time>2021-07-31T12:20:00.000Z</time>
      </trkpt>
      <trkpt lat="54.753257" lon="8.979227">
        <ele>53.183721</ele>
        <time>2021-07-31T12:20:07.000Z</time>
      </trkpt>
      <trkpt lat="54.753251" lon="8.979106">
        <ele>53.166203</ele>
        <time>2021-07-31T12:20:11.000Z</time>
      </trkpt>
      <trkpt lat="54.753256" lon="8.979047">
        <ele>53.157601</ele>
        <time>2021-07-31T12:20:13.000Z</time>
      </trkpt>
      <trkpt lat="54.753263" lon="8.979029">
        <ele>53.154470</ele>
        <time>2021-07-31T12:20:14.000Z</time>
      </trkpt>
      <trkpt lat="54.753313" lon="8.979024">
        <ele>53.141952</ele>
        <time>2021-07-31T12:20:19.000Z</time>
      </trkpt>
      <trkpt lat="54.753382" lon="8.979042">
        <ele>53.124511</ele>
        <time>2021-07-31T12:20:25.000Z</time>
      </trkpt>
      <trkpt lat="54.753462" lon="8.979062">
        <ele>53.102353</ele>
        <time>2021-07-31T12:20:31.000Z</time>
      </trkpt>
      <trkpt lat="54.753556" lon="8.979048">
        <ele>53.061222</ele>
        <time>2021-07-31T12:20:38.000Z</time>
      </trkpt>
      <trkpt lat="54.753662" lon="8.979041">
        <ele>53.014976</ele>
        <time>2021-07-31T12:20:44.000Z</time>
      </trkpt>
      <trkpt lat="54.753765" lon="8.979044">
        <ele>52.970066</ele>
        <time>2021-07-31T12:20:50.000Z</time>
      </trkpt>
      <trkpt lat="54.753779" lon="8.979047">
        <ele>52.963916</ele>
        <time>2021-07-31T12:20:51.000Z</time>
      </trkpt>
      <trkpt lat="54.753893" lon="8.979044">
        <ele>52.914211</ele>
        <time>2021-07-31T12:20:57.000Z</time>
      </trkpt>
      <trkpt lat="54.753907" lon="8.979043">
        <ele>52.908103</ele>
        <time>2021-07-31T12:20:58.000Z</time>
      </trkpt>
      <trkpt lat="54.754032" lon="8.979045">
        <ele>52.853605</ele>
        <time>2021-07-31T12:21:06.000Z</time>
      </trkpt>
      <trkpt lat="54.754067" lon="8.979042">
        <ele>52.838328</ele>
        <time>2021-07-31T12:21:08.000Z</time>
      </trkpt>
      <trkpt lat="54.754141" lon="8.979040">
        <ele>52.806063</ele>
        <time>2021-07-31T12:21:12.000Z</time>
      </trkpt>
      <trkpt lat="54.754203" lon="8.979046">
        <ele>52.778992</ele>
        <time>2021-07-31T12:21:16.000Z</time>
      </trkpt>
      <trkpt lat="54.754223" lon="8.979059">
        <ele>52.769679</ele>
        <time>2021-07-31T12:21:18.000Z</time>
      </trkpt>
      <trkpt lat="54.754278" lon="8.979083">
        <ele>52.744953</ele>
        <time>2021-07-31T12:21:22.000Z</time>
      </trkpt>
      <trkpt lat="54.754292" lon="8.979086">
        <ele>52.738803</ele>
        <time>2021-07-31T12:21:23.000Z</time>
      </trkpt>
      <trkpt lat="54.754332" lon="8.979097">
        <ele>52.721146</ele>
        <time>2021-07-31T12:21:25.000Z</time>
      </trkpt>
      <trkpt lat="54.754392" lon="8.979087">
        <ele>52.694868</ele>
        <time>2021-07-31T12:21:29.000Z</time>
      </trkpt>
      <trkpt lat="54.754441" lon="8.979080">
        <ele>52.673434</ele>
        <time>2021-07-31T12:21:31.000Z</time>
      </trkpt>
      <trkpt lat="54.754547" lon="8.979064">
        <ele>52.627047</ele>
        <time>2021-07-31T12:21:37.000Z</time>
      </trkpt>
      <trkpt lat="54.754607" lon="8.979068">
        <ele>52.600870</ele>
        <time>2021-07-31T12:21:40.000Z</time>
      </trkpt>
      <trkpt lat="54.754627" lon="8.979067">
        <ele>52.592147</ele>
        <time>2021-07-31T12:21:42.000Z</time>
      </trkpt>
      <trkpt lat="54.754636" lon="8.979064">
        <ele>52.588152</ele>
        <time>2021-07-31T12:21:43.000Z</time>
      </trkpt>
      <trkpt lat="54.754742" lon="8.979073">
        <ele>52.541885</ele>
        <time>2021-07-31T12:21:50.000Z</time>
      </trkpt>
      <trkpt lat="54.754846" lon="8.979072">
        <ele>52.496544</ele>
        <time>2021-07-31T12:21:56.000Z</time>
      </trkpt>
      <trkpt lat="54.754958" lon="8.979082">
        <ele>52.447652</ele>
        <time>2021-07-31T12:22:02.000Z</time>
      </trkpt>
      <trkpt lat="54.755071" lon="8.979108">
        <ele>52.397956</ele>
        <time>2021-07-31T12:22:08.000Z</time>
      </trkpt>
      <trkpt lat="54.755099" lon="8.979110">
        <ele>52.385739</ele>
        <time>2021-07-31T12:22:10.000Z</time>
      </trkpt>
      <trkpt lat="54.755139" lon="8.979098">
        <ele>52.368041</ele>
        <time>2021-07-31T12:22:13.000Z</time>
      </trkpt>
      <trkpt lat="54.755149" lon="8.979101">
        <ele>52.363617</ele>
        <time>2021-07-31T12:22:14.000Z</time>
      </trkpt>
      <trkpt lat="54.755214" lon="8.979093">
        <ele>52.335208</ele>
        <time>2021-07-31T12:22:18.000Z</time>
      </trkpt>
      <trkpt lat="54.755232" lon="8.979096">
        <ele>52.327325</ele>
        <time>2021-07-31T12:22:19.000Z</time>
      </trkpt>
      <trkpt lat="54.755276" lon="8.979093">
        <ele>52.257444</ele>
        <time>2021-07-31T12:22:22.000Z</time>
      </trkpt>
      <trkpt lat="54.755324" lon="8.979080">
        <ele>52.163107</ele>
        <time>2021-07-31T12:22:25.000Z</time>
      </trkpt>
      <trkpt lat="54.755383" lon="8.979078">
        <ele>52.048521</ele>
        <time>2021-07-31T12:22:29.000Z</time>
      </trkpt>
      <trkpt lat="54.755434" lon="8.979105">
        <ele>51.944972</ele>
        <time>2021-07-31T12:22:33.000Z</time>
      </trkpt>
      <trkpt lat="54.755531" lon="8.979103">
        <ele>51.756606</ele>
        <time>2021-07-31T12:22:39.000Z</time>
      </trkpt>
      <trkpt lat="54.755536" lon="8.979100">
        <ele>51.746332</ele>
        <time>2021-07-31T12:22:40.000Z</time>
      </trkpt>
      <trkpt lat="54.755558" lon="8.979098">
        <ele>51.703554</ele>
        <time>2021-07-31T12:22:42.000Z</time>
      </trkpt>
      <trkpt lat="54.755596" lon="8.979104">
        <ele>51.629461</ele>
        <time>2021-07-31T12:22:45.000Z</time>
      </trkpt>
      <trkpt lat="54.755624" lon="8.979101">
        <ele>51.574987</ele>
        <time>2021-07-31T12:22:47.000Z</time>
      </trkpt>
      <trkpt lat="54.755700" lon="8.979094">
        <ele>51.427204</ele>
        <time>2021-07-31T12:22:52.000Z</time>
      </trkpt>
      <trkpt lat="54.755802" lon="8.979091">
        <ele>51.229114</ele>
        <time>2021-07-31T12:22:58.000Z</time>
      </trkpt>
      <trkpt lat="54.755895" lon="8.979053">
        <ele>51.043577</ele>
        <time>2021-07-31T12:23:04.000Z</time>
      </trkpt>
      <trkpt lat="54.756042" lon="8.979061">
        <ele>50.757995</ele>
        <time>2021-07-31T12:23:12.000Z</time>
      </trkpt>
      <trkpt lat="54.756138" lon="8.979068">
        <ele>50.571419</ele>
        <time>2021-07-31T12:23:17.000Z</time>
      </trkpt>
      <trkpt lat="54.756192" lon="8.979085">
        <ele>50.464847</ele>
        <time>2021-07-31T12:23:20.000Z</time>
      </trkpt>
      <trkpt lat="54.756203" lon="8.979087">
        <ele>50.443371</ele>
        <time>2021-07-31T12:23:21.000Z</time>
      </trkpt>
      <trkpt lat="54.756242" lon="8.979101">
        <ele>50.366034</ele>
        <time>2021-07-31T12:23:24.000Z</time>
      </trkpt>
      <trkpt lat="54.756358" lon="8.979077">
        <ele>50.139188</ele>
        <time>2021-07-31T12:23:30.000Z</time>
      </trkpt>
      <trkpt lat="54.756437" lon="8.979071">
        <ele>49.985640</ele>
        <time>2021-07-31T12:23:34.000Z</time>
      </trkpt>
      <trkpt lat="54.756469" lon="8.979071">
        <ele>49.923503</ele>
        <time>2021-07-31T12:23:36.000Z</time>
      </trkpt>
      <trkpt lat="54.756487" lon="8.979072">
        <ele>49.888533</ele>
        <time>2021-07-31T12:23:37.000Z</time>
      </trkpt>
      <trkpt lat="54.756499" lon="8.979065">
        <ele>49.863947</ele>
        <time>2021-07-31T12:23:38.000Z</time>
      </trkpt>
      <trkpt lat="54.756563" lon="8.979038">
        <ele>49.736044</ele>
        <time>2021-07-31T12:23:42.000Z</time>
      </trkpt>
      <trkpt lat="54.756627" lon="8.979020">
        <ele>49.610144</ele>
        <time>2021-07-31T12:23:45.000Z</time>
      </trkpt>
      <trkpt lat="54.756689" lon="8.979023">
        <ele>49.489707</ele>
        <time>2021-07-31T12:23:49.000Z</time>
      </trkpt>
      <trkpt lat="54.756780" lon="8.978987">
        <ele>49.308460</ele>
        <time>2021-07-31T12:23:55.000Z</time>
      </trkpt>
      <trkpt lat="54.756796" lon="8.978982">
        <ele>49.276890</ele>
        <time>2021-07-31T12:23:56.000Z</time>
      </trkpt>
      <trkpt lat="54.756846" lon="8.978951">
        <ele>49.173775</ele>
        <time>2021-07-31T12:24:00.000Z</time>
      </trkpt>
      <trkpt lat="54.756916" lon="8.978902">
        <ele>49.027181</ele>
        <time>2021-07-31T12:24:04.000Z</time>
      </trkpt>
      <trkpt lat="54.756940" lon="8.978884">
        <ele>48.976401</ele>
        <time>2021-07-31T12:24:06.000Z</time>
      </trkpt>
      <trkpt lat="54.756968" lon="8.978868">
        <ele>48.919151</ele>
        <time>2021-07-31T12:24:08.000Z</time>
      </trkpt>
      <trkpt lat="54.757065" lon="8.978846">
        <ele>48.812374</ele>
        <time>2021-07-31T12:24:13.000Z</time>
      </trkpt>
      <trkpt lat="54.757119" lon="8.978812">
        <ele>48.792650</ele>
        <time>2021-07-31T12:24:16.000Z</time>
      </trkpt>
      <trkpt lat="54.757154" lon="8.978817">
        <ele>48.780594</ele>
        <time>2021-07-31T12:24:18.000Z</time>
      </trkpt>
      <trkpt lat="54.757249" lon="8.978804">
        <ele>48.747879</ele>
        <time>2021-07-31T12:24:24.000Z</time>
      </trkpt>
      <trkpt lat="54.757359" lon="8.978757">
        <ele>48.708985</ele>
        <time>2021-07-31T12:24:31.000Z</time>
      </trkpt>
      <trkpt lat="54.757470" lon="8.978739">
        <ele>48.670713</ele>
        <time>2021-07-31T12:24:37.000Z</time>
      </trkpt>
      <trkpt lat="54.757565" lon="8.978725">
        <ele>48.637982</ele>
        <time>2021-07-31T12:24:43.000Z</time>
      </trkpt>
      <trkpt lat="54.757676" lon="8.978702">
        <ele>48.599604</ele>
        <time>2021-07-31T12:24:50.000Z</time>
      </trkpt>
      <trkpt lat="54.757776" lon="8.978671">
        <ele>48.564729</ele>
        <time>2021-07-31T12:24:56.000Z</time>
      </trkpt>
      <trkpt lat="54.757812" lon="8.978632">
        <ele>48.550155</ele>
        <time>2021-07-31T12:24:59.000Z</time>
      </trkpt>
      <trkpt lat="54.757871" lon="8.978624">
        <ele>48.529838</ele>
        <time>2021-07-31T12:25:02.000Z</time>
      </trkpt>
      <trkpt lat="54.757950" lon="8.978611">
        <ele>48.502596</ele>
        <time>2021-07-31T12:25:07.000Z</time>
      </trkpt>
      <trkpt lat="54.758034" lon="8.978601">
        <ele>48.473691</ele>
        <time>2021-07-31T12:25:13.000Z</time>
      </trkpt>
      <trkpt lat="54.758122" lon="8.978575">
        <ele>48.443045</ele>
        <time>2021-07-31T12:25:19.000Z</time>
      </trkpt>
      <trkpt lat="54.758209" lon="8.978538">
        <ele>48.412291</ele>
        <time>2021-07-31T12:25:25.000Z</time>
      </trkpt>
      <trkpt lat="54.758305" lon="8.978547">
        <ele>48.379287</ele>
        <time>2021-07-31T12:25:30.000Z</time>
      </trkpt>
      <trkpt lat="54.758329" lon="8.978536">
        <ele>48.370764</ele>
        <time>2021-07-31T12:25:31.000Z</time>
      </trkpt>
      <trkpt lat="54.758365" lon="8.978517">
        <ele>48.357845</ele>
        <time>2021-07-31T12:25:33.000Z</time>
      </trkpt>
      <trkpt lat="54.758418" lon="8.978502">
        <ele>48.339409</ele>
        <time>2021-07-31T12:25:36.000Z</time>
      </trkpt>
      <trkpt lat="54.758438" lon="8.978499">
        <ele>48.332518</ele>
        <time>2021-07-31T12:25:37.000Z</time>
      </trkpt>
      <trkpt lat="54.758526" lon="8.978474">
        <ele>48.301904</ele>
        <time>2021-07-31T12:25:42.000Z</time>
      </trkpt>
      <trkpt lat="54.758583" lon="8.978443">
        <ele>48.281395</ele>
        <time>2021-07-31T12:25:46.000Z</time>
      </trkpt>
      <trkpt lat="54.758611" lon="8.978423">
        <ele>48.270998</ele>
        <time>2021-07-31T12:25:48.000Z</time>
      </trkpt>
      <trkpt lat="54.758727" lon="8.978393">
        <ele>48.230735</ele>
        <time>2021-07-31T12:25:55.000Z</time>
      </trkpt>
      <trkpt lat="54.758809" lon="8.978384">
        <ele>48.199107</ele>
        <time>2021-07-31T12:26:01.000Z</time>
      </trkpt>
      <trkpt lat="54.758921" lon="8.978415">
        <ele>48.147161</ele>
        <time>2021-07-31T12:26:08.000Z</time>
      </trkpt>
      <trkpt lat="54.758938" lon="8.978434">
        <ele>48.137896</ele>
        <time>2021-07-31T12:26:09.000Z</time>
      </trkpt>
      <trkpt lat="54.759002" lon="8.978438">
        <ele>48.108565</ele>
        <time>2021-07-31T12:26:13.000Z</time>
      </trkpt>
      <trkpt lat="54.759098" lon="8.978412">
        <ele>48.064063</ele>
        <time>2021-07-31T12:26:19.000Z</time>
      </trkpt>
      <trkpt lat="54.759185" lon="8.978392">
        <ele>48.023868</ele>
        <time>2021-07-31T12:26:26.000Z</time>
      </trkpt>
      <trkpt lat="54.759191" lon="8.978374">
        <ele>48.018375</ele>
        <time>2021-07-31T12:26:27.000Z</time>
      </trkpt>
      <trkpt lat="54.759244" lon="8.978394">
        <ele>47.993532</ele>
        <time>2021-07-31T12:26:31.000Z</time>
      </trkpt>
      <trkpt lat="54.759388" lon="8.978442">
        <ele>47.926371</ele>
        <time>2021-07-31T12:26:38.000Z</time>
      </trkpt>
      <trkpt lat="54.759488" lon="8.978442">
        <ele>47.880571</ele>
        <time>2021-07-31T12:26:43.000Z</time>
      </trkpt>
      <trkpt lat="54.759520" lon="8.978439">
        <ele>47.865893</ele>
        <time>2021-07-31T12:26:45.000Z</time>
      </trkpt>
      <trkpt lat="54.759626" lon="8.978475">
        <ele>47.816422</ele>
        <time>2021-07-31T12:26:51.000Z</time>
      </trkpt>
      <trkpt lat="54.759732" lon="8.978497">
        <ele>47.767527</ele>
        <time>2021-07-31T12:26:57.000Z</time>
      </trkpt>
      <trkpt lat="54.759803" lon="8.978500">
        <ele>47.734999</ele>
        <time>2021-07-31T12:27:01.000Z</time>
      </trkpt>
      <trkpt lat="54.759832" lon="8.978493">
        <ele>47.721589</ele>
        <time>2021-07-31T12:27:03.000Z</time>
      </trkpt>
      <trkpt lat="54.759929" lon="8.978489">
        <ele>47.677150</ele>
        <time>2021-07-31T12:27:10.000Z</time>
      </trkpt>
      <trkpt lat="54.760000" lon="8.978494">
        <ele>47.644605</ele>
        <time>2021-07-31T12:27:15.000Z</time>
      </trkpt>
      <trkpt lat="54.760119" lon="8.978546">
        <ele>47.588397</ele>
        <time>2021-07-31T12:27:22.000Z</time>
      </trkpt>
      <trkpt lat="54.760216" lon="8.978590">
        <ele>47.542475</ele>
        <time>2021-07-31T12:27:28.000Z</time>
      </trkpt>
      <trkpt lat="54.760303" lon="8.978628">
        <ele>47.501383</ele>
        <time>2021-07-31T12:27:34.000Z</time>
      </trkpt>
      <trkpt lat="54.760319" lon="8.978630">
        <ele>47.494036</ele>
        <time>2021-07-31T12:27:35.000Z</time>
      </trkpt>
      <trkpt lat="54.760408" lon="8.978620">
        <ele>47.453188</ele>
        <time>2021-07-31T12:27:40.000Z</time>
      </trkpt>
      <trkpt lat="54.760422" lon="8.978616">
        <ele>47.446690</ele>
        <time>2021-07-31T12:27:41.000Z</time>
      </trkpt>
      <trkpt lat="54.760450" lon="8.978610">
        <ele>47.433768</ele>
        <time>2021-07-31T12:27:43.000Z</time>
      </trkpt>
      <trkpt lat="54.760524" lon="8.978588">
        <ele>47.399381</ele>
        <time>2021-07-31T12:27:47.000Z</time>
      </trkpt>
      <trkpt lat="54.760580" lon="8.978592">
        <ele>47.380371</ele>
        <time>2021-07-31T12:27:50.000Z</time>
      </trkpt>
      <trkpt lat="54.760636" lon="8.978605">
        <ele>47.365776</ele>
        <time>2021-07-31T12:27:53.000Z</time>
      </trkpt>
      <trkpt lat="54.760722" lon="8.978660">
        <ele>47.342097</ele>
        <time>2021-07-31T12:27:59.000Z</time>
      </trkpt>
      <trkpt lat="54.760765" lon="8.978699">
        <ele>47.329560</ele>
        <time>2021-07-31T12:28:03.000Z</time>
      </trkpt>
      <trkpt lat="54.760793" lon="8.978736">
        <ele>47.320465</ele>
        <time>2021-07-31T12:28:05.000Z</time>
      </trkpt>
      <trkpt lat="54.760840" lon="8.978771">
        <ele>47.307251</ele>
        <time>2021-07-31T12:28:08.000Z</time>
      </trkpt>
      <trkpt lat="54.760898" lon="8.978783">
        <ele>47.292162</ele>
        <time>2021-07-31T12:28:11.000Z</time>
      </trkpt>
      <trkpt lat="54.760933" lon="8.978788">
        <ele>47.283090</ele>
        <time>2021-07-31T12:28:13.000Z</time>
      </trkpt>
      <trkpt lat="54.761011" lon="8.978796">
        <ele>47.262906</ele>
        <time>2021-07-31T12:28:17.000Z</time>
      </trkpt>
      <trkpt lat="54.761072" lon="8.978853">
        <ele>47.245005</ele>
        <time>2021-07-31T12:28:22.000Z</time>
      </trkpt>
      <trkpt lat="54.761088" lon="8.978856">
        <ele>47.240848</ele>
        <time>2021-07-31T12:28:23.000Z</time>
      </trkpt>
      <trkpt lat="54.761162" lon="8.978858">
        <ele>47.221730</ele>
        <time>2021-07-31T12:28:27.000Z</time>
      </trkpt>
      <trkpt lat="54.761177" lon="8.978849">
        <ele>47.217629</ele>
        <time>2021-07-31T12:28:28.000Z</time>
      </trkpt>
      <trkpt lat="54.761195" lon="8.978841">
        <ele>47.212829</ele>
        <time>2021-07-31T12:28:29.000Z</time>
      </trkpt>
      <trkpt lat="54.761323" lon="8.978821">
        <ele>47.179631</ele>
        <time>2021-07-31T12:28:34.000Z</time>
      </trkpt>
      <trkpt lat="54.761385" lon="8.978818">
        <ele>47.163609</ele>
        <time>2021-07-31T12:28:37.000Z</time>
      </trkpt>
      <trkpt lat="54.761411" lon="8.978827">
        <ele>47.156760</ele>
        <time>2021-07-31T12:28:39.000Z</time>
      </trkpt>
      <trkpt lat="54.761459" lon="8.978850">
        <ele>47.143896</ele>
        <time>2021-07-31T12:28:44.000Z</time>
      </trkpt>
      <trkpt lat="54.761469" lon="8.978846">
        <ele>47.141245</ele>
        <time>2021-07-31T12:28:45.000Z</time>
      </trkpt>
      <trkpt lat="54.761515" lon="8.978873">
        <ele>47.128699</ele>
        <time>2021-07-31T12:28:49.000Z</time>
      </trkpt>
      <trkpt lat="54.761574" lon="8.978871">
        <ele>47.113456</ele>
        <time>2021-07-31T12:28:54.000Z</time>
      </trkpt>
      <trkpt lat="54.761608" lon="8.978866">
        <ele>47.104641</ele>
        <time>2021-07-31T12:28:56.000Z</time>
      </trkpt>
      <trkpt lat="54.761645" lon="8.978863">
        <ele>47.095073</ele>
        <time>2021-07-31T12:28:58.000Z</time>
      </trkpt>
      <trkpt lat="54.761760" lon="8.978882">
        <ele>47.065232</ele>
        <time>2021-07-31T12:29:05.000Z</time>
      </trkpt>
      <trkpt lat="54.761769" lon="8.978886">
        <ele>47.062832</ele>
        <time>2021-07-31T12:29:06.000Z</time>
      </trkpt>
      <trkpt lat="54.761844" lon="8.978917">
        <ele>47.042915</ele>
        <time>2021-07-31T12:29:11.000Z</time>
      </trkpt>
      <trkpt lat="54.761886" lon="8.978959">
        <ele>47.030389</ele>
        <time>2021-07-31T12:29:15.000Z</time>
      </trkpt>
      <trkpt lat="54.761907" lon="8.978955">
        <ele>47.024932</ele>
        <time>2021-07-31T12:29:17.000Z</time>
      </trkpt>
      <trkpt lat="54.761926" lon="8.978948">
        <ele>47.019914</ele>
        <time>2021-07-31T12:29:18.000Z</time>
      </trkpt>
      <trkpt lat="54.761967" lon="8.978939">
        <ele>47.009239</ele>
        <time>2021-07-31T12:29:21.000Z</time>
      </trkpt>
      <trkpt lat="54.761994" lon="8.978939">
        <ele>47.002264</ele>
        <time>2021-07-31T12:29:23.000Z</time>
      </trkpt>
      <trkpt lat="54.762135" lon="8.978955">
        <ele>46.965763</ele>
        <time>2021-07-31T12:29:31.000Z</time>
      </trkpt>
      <trkpt lat="54.762227" lon="8.978924">
        <ele>46.941553</ele>
        <time>2021-07-31T12:29:36.000Z</time>
      </trkpt>
      <trkpt lat="54.762261" lon="8.978902">
        <ele>46.932179</ele>
        <time>2021-07-31T12:29:38.000Z</time>
      </trkpt>
      <trkpt lat="54.762314" lon="8.978841">
        <ele>46.917203</ele>
        <time>2021-07-31T12:29:41.000Z</time>
      </trkpt>
      <trkpt lat="54.762339" lon="8.978784">
        <ele>46.908337</ele>
        <time>2021-07-31T12:29:43.000Z</time>
      </trkpt>
      <trkpt lat="54.762351" lon="8.978752">
        <ele>46.903611</ele>
        <time>2021-07-31T12:29:44.000Z</time>
      </trkpt>
      <trkpt lat="54.762374" lon="8.978694">
        <ele>46.894896</ele>
        <time>2021-07-31T12:29:46.000Z</time>
      </trkpt>
      <trkpt lat="54.762405" lon="8.978604">
        <ele>46.881916</ele>
        <time>2021-07-31T12:29:49.000Z</time>
      </trkpt>
      <trkpt lat="54.762472" lon="8.978422">
        <ele>46.855182</ele>
        <time>2021-07-31T12:29:56.000Z</time>
      </trkpt>
      <trkpt lat="54.762509" lon="8.978329">
        <ele>46.841193</ele>
        <time>2021-07-31T12:30:01.000Z</time>
      </trkpt>
      <trkpt lat="54.762527" lon="8.978284">
        <ele>46.834413</ele>
        <time>2021-07-31T12:30:03.000Z</time>
      </trkpt>
      <trkpt lat="54.762597" lon="8.978073">
        <ele>46.804273</ele>
        <time>2021-07-31T12:30:12.000Z</time>
      </trkpt>
      <trkpt lat="54.762682" lon="8.977874">
        <ele>46.773613</ele>
        <time>2021-07-31T12:30:21.000Z</time>
      </trkpt>
      <trkpt lat="54.762718" lon="8.977816">
        <ele>46.763064</ele>
        <time>2021-07-31T12:30:24.000Z</time>
      </trkpt>
      <trkpt lat="54.762760" lon="8.977805">
        <ele>46.753948</ele>
        <time>2021-07-31T12:30:27.000Z</time>
      </trkpt>
      <trkpt lat="54.762803" lon="8.977752">
        <ele>46.742623</ele>
        <time>2021-07-31T12:30:30.000Z</time>
      </trkpt>
      <trkpt lat="54.762850" lon="8.977721">
        <ele>46.731830</ele>
        <time>2021-07-31T12:30:33.000Z</time>
      </trkpt>
      <trkpt lat="54.762870" lon="8.977735">
        <ele>46.727201</ele>
        <time>2021-07-31T12:30:34.000Z</time>
      </trkpt>
      <trkpt lat="54.762927" lon="8.977783">
        <ele>46.713600</ele>
        <time>2021-07-31T12:30:38.000Z</time>
      </trkpt>
      <trkpt lat="54.762940" lon="8.977798">
        <ele>46.710248</ele>
        <time>2021-07-31T12:30:39.000Z</time>
      </trkpt>
      <trkpt lat="54.762991" lon="8.977866">
        <ele>46.696438</ele>
        <time>2021-07-31T12:30:44.000Z</time>
      </trkpt>
      <trkpt lat="54.763013" lon="8.977884">
        <ele>46.691217</ele>
        <time>2021-07-31T12:30:46.000Z</time>
      </trkpt>
      <trkpt lat="54.763118" lon="8.977995">
        <ele>46.664821</ele>
        <time>2021-07-31T12:30:53.000Z</time>
      </trkpt>
      <trkpt lat="54.763191" lon="8.978076">
        <ele>46.646218</ele>
        <time>2021-07-31T12:30:58.000Z</time>
      </trkpt>
      <trkpt lat="54.763208" lon="8.978088">
        <ele>46.642278</ele>
        <time>2021-07-31T12:30:59.000Z</time>
      </trkpt>
      <trkpt lat="54.763222" lon="8.978097">
        <ele>46.639073</ele>
        <time>2021-07-31T12:31:00.000Z</time>
      </trkpt>
      <trkpt lat="54.763245" lon="8.978115">
        <ele>46.633657</ele>
        <time>2021-07-31T12:31:02.000Z</time>
      </trkpt>
      <trkpt lat="54.763266" lon="8.978154">
        <ele>46.627051</ele>
        <time>2021-07-31T12:31:05.000Z</time>
      </trkpt>
      <trkpt lat="54.763398" lon="8.978249">
        <ele>46.596376</ele>
        <time>2021-07-31T12:31:12.000Z</time>
      </trkpt>
      <trkpt lat="54.763508" lon="8.978335">
        <ele>46.570477</ele>
        <time>2021-07-31T12:31:17.000Z</time>
      </trkpt>
      <trkpt lat="54.763526" lon="8.978348">
        <ele>46.566292</ele>
        <time>2021-07-31T12:31:18.000Z</time>
      </trkpt>
      <trkpt lat="54.763601" lon="8.978400">
        <ele>46.548955</ele>
        <time>2021-07-31T12:31:23.000Z</time>
      </trkpt>
      <trkpt lat="54.763625" lon="8.978426">
        <ele>46.542881</ele>
        <time>2021-07-31T12:31:25.000Z</time>
      </trkpt>
      <trkpt lat="54.763656" lon="8.978477">
        <ele>46.538338</ele>
        <time>2021-07-31T12:31:29.000Z</time>
      </trkpt>
      <trkpt lat="54.763679" lon="8.978508">
        <ele>46.538338</ele>
        <time>2021-07-31T12:31:31.000Z</time>
      </trkpt>
      <trkpt lat="54.763778" lon="8.978619">
        <ele>46.538338</ele>
        <time>2021-07-31T12:31:36.000Z</time>
      </trkpt>
      <trkpt lat="54.763828" lon="8.978664">
        <ele>46.538338</ele>
        <time>2021-07-31T12:31:39.000Z</time>
      </trkpt>
      <trkpt lat="54.763893" lon="8.978729">
        <ele>46.538338</ele>
        <time>2021-07-31T12:31:44.000Z</time>
      </trkpt>
      <trkpt lat="54.763979" lon="8.978869">
        <ele>46.538338</ele>
        <time>2021-07-31T12:31:51.000Z</time>
      </trkpt>
      <trkpt lat="54.764084" lon="8.979031">
        <ele>46.538338</ele>
        <time>2021-07-31T12:31:59.000Z</time>
      </trkpt>
      <trkpt lat="54.764134" lon="8.979115">
        <ele>46.538338</ele>
        <time>2021-07-31T12:32:04.000Z</time>
      </trkpt>
      <trkpt lat="54.764154" lon="8.979153">
        <ele>46.538338</ele>
        <time>2021-07-31T12:32:06.000Z</time>
      </trkpt>
      <trkpt lat="54.764242" lon="8.979375">
        <ele>46.538338</ele>
        <time>2021-07-31T12:32:14.000Z</time>
      </trkpt>
      <trkpt lat="54.764313" lon="8.979550">
        <ele>46.538338</ele>
        <time>2021-07-31T12:32:22.000Z</time>
      </trkpt>
      <trkpt lat="54.764436" lon="8.979762">
        <ele>46.538338</ele>
        <time>2021-07-31T12:32:31.000Z</time>
      </trkpt>
      <trkpt lat="54.764520" lon="8.979842">
        <ele>46.538338</ele>
        <time>2021-07-31T12:32:37.000Z</time>
      </trkpt>
      <trkpt lat="54.764585" lon="8.979851">
        <ele>46.538338</ele>
        <time>2021-07-31T12:32:39.000Z</time>
      </trkpt>
      <trkpt lat="54.764619" lon="8.979848">
        <ele>46.538338</ele>
        <time>2021-07-31T12:32:42.000Z</time>
      </trkpt>
      <trkpt lat="54.764759" lon="8.979722">
        <ele>46.538338</ele>
        <time>2021-07-31T12:32:51.000Z</time>
      </trkpt>
      <trkpt lat="54.764855" lon="8.979636">
        <ele>46.538338</ele>
        <time>2021-07-31T12:32:57.000Z</time>
      </trkpt>
      <trkpt lat="54.764959" lon="8.979575">
        <ele>46.538338</ele>
        <time>2021-07-31T12:33:03.000Z</time>
      </trkpt>
      <trkpt lat="54.765018" lon="8.979537">
        <ele>46.538338</ele>
        <time>2021-07-31T12:33:08.000Z</time>
      </trkpt>
      <trkpt lat="54.765115" lon="8.979467">
        <ele>46.538338</ele>
        <time>2021-07-31T12:33:15.000Z</time>
      </trkpt>
      <trkpt lat="54.765111" lon="8.979424">
        <ele>46.538338</ele>
        <time>2021-07-31T12:33:18.000Z</time>
      </trkpt>
      <trkpt lat="54.765100" lon="8.979378">
        <ele>46.538338</ele>
        <time>2021-07-31T12:33:20.000Z</time>
      </trkpt>
      <trkpt lat="54.765088" lon="8.979316">
        <ele>46.538338</ele>
        <time>2021-07-31T12:33:22.000Z</time>
      </trkpt>
      <trkpt lat="54.765073" lon="8.979269">
        <ele>46.538338</ele>
        <time>2021-07-31T12:33:24.000Z</time>
      </trkpt>
      <trkpt lat="54.765016" lon="8.979084">
        <ele>46.538338</ele>
        <time>2021-07-31T12:33:31.000Z</time>
      </trkpt>
      <trkpt lat="54.765005" lon="8.979059">
        <ele>46.538338</ele>
        <time>2021-07-31T12:33:32.000Z</time>
      </trkpt>
      <trkpt lat="54.764985" lon="8.978982">
        <ele>46.538338</ele>
        <time>2021-07-31T12:33:35.000Z</time>
      </trkpt>
    </trkseg>
  </trk>
</gpx>