<?xml version='1.0' encoding='UTF-8'?>
<gpx version="1.1" creator="https://www.komoot.de" xmlns="http://www.topografix.com/GPX/1/1" xmlns:xsi="http://www.w3.org/2001/XMLSchema-instance" xsi:schemaLocation="http://www.topografix.com/GPX/1/1 http://www.topografix.com/GPX/1/1/gpx.xsd">
  <metadata>
    <name>Wanderung 31.01.2021 13:05</name>
    <author>
      <link href="https://www.komoot.de">
        <text>komoot</text>
        <type>text/html</type>
      </link>
    </author>
  </metadata>
  <trk>
    <name>Wanderung 31.01.2021 13:05</name>
    <trkseg>
      <trkpt lat="50.655953" lon="9.269448">
        <ele>402.452456</ele>
        <time>2021-01-31T09:19:55.929Z</time>
      </trkpt>
      <trkpt lat="50.655973" lon="9.269590">
        <ele>402.452456</ele>
        <time>2021-01-31T09:20:58.451Z</time>
      </trkpt>
      <trkpt lat="50.655922" lon="9.269725">
        <ele>402.452456</ele>
        <time>2021-01-31T09:21:10.455Z</time>
      </trkpt>
      <trkpt lat="50.655947" lon="9.269966">
        <ele>402.452456</ele>
        <time>2021-01-31T09:21:38.449Z</time>
      </trkpt>
      <trkpt lat="50.655987" lon="9.270099">
        <ele>402.452456</ele>
        <time>2021-01-31T09:21:51.442Z</time>
      </trkpt>
      <trkpt lat="50.656022" lon="9.270239">
        <ele>402.452456</ele>
        <time>2021-01-31T09:21:59.434Z</time>
      </trkpt>
      <trkpt lat="50.656090" lon="9.270454">
        <ele>402.452456</ele>
        <time>2021-01-31T09:22:36.438Z</time>
      </trkpt>
      <trkpt lat="50.656121" lon="9.270594">
        <ele>402.452456</ele>
        <time>2021-01-31T09:22:44.428Z</time>
      </trkpt>
      <trkpt lat="50.656168" lon="9.270743">
        <ele>402.452456</ele>
        <time>2021-01-31T09:22:53.422Z</time>
      </trkpt>
      <trkpt lat="50.656195" lon="9.270901">
        <ele>402.707055</ele>
        <time>2021-01-31T09:23:06.419Z</time>
      </trkpt>
      <trkpt lat="50.656155" lon="9.271042">
        <ele>402.979039</ele>
        <time>2021-01-31T09:23:19.420Z</time>
      </trkpt>
      <trkpt lat="50.656115" lon="9.271176">
        <ele>403.239822</ele>
        <time>2021-01-31T09:23:29.410Z</time>
      </trkpt>
      <trkpt lat="50.656127" lon="9.271325">
        <ele>403.504279</ele>
        <time>2021-01-31T09:23:39.417Z</time>
      </trkpt>
      <trkpt lat="50.656110" lon="9.271478">
        <ele>403.777777</ele>
        <time>2021-01-31T09:23:48.416Z</time>
      </trkpt>
      <trkpt lat="50.656079" lon="9.271626">
        <ele>404.052219</ele>
        <time>2021-01-31T09:23:57.425Z</time>
      </trkpt>
      <trkpt lat="50.656052" lon="9.271775">
        <ele>404.325074</ele>
        <time>2021-01-31T09:24:04.420Z</time>
      </trkpt>
      <trkpt lat="50.656010" lon="9.271902">
        <ele>404.577282</ele>
        <time>2021-01-31T09:24:11.415Z</time>
      </trkpt>
      <trkpt lat="50.655968" lon="9.272029">
        <ele>404.829491</ele>
        <time>2021-01-31T09:24:19.407Z</time>
      </trkpt>
      <trkpt lat="50.655927" lon="9.272166">
        <ele>405.096237</ele>
        <time>2021-01-31T09:24:27.399Z</time>
      </trkpt>
      <trkpt lat="50.655881" lon="9.272301">
        <ele>405.366093</ele>
        <time>2021-01-31T09:24:36.417Z</time>
      </trkpt>
      <trkpt lat="50.655830" lon="9.272436">
        <ele>405.642794</ele>
        <time>2021-01-31T09:24:45.409Z</time>
      </trkpt>
      <trkpt lat="50.655789" lon="9.272566">
        <ele>405.898450</ele>
        <time>2021-01-31T09:25:03.407Z</time>
      </trkpt>
      <trkpt lat="50.655737" lon="9.272690">
        <ele>406.160224</ele>
        <time>2021-01-31T09:25:13.387Z</time>
      </trkpt>
      <trkpt lat="50.655677" lon="9.272809">
        <ele>406.427937</ele>
        <time>2021-01-31T09:25:21.390Z</time>
      </trkpt>
      <trkpt lat="50.655621" lon="9.272933">
        <ele>406.696000</ele>
        <time>2021-01-31T09:25:29.383Z</time>
      </trkpt>
      <trkpt lat="50.655550" lon="9.273021">
        <ele>406.946781</ele>
        <time>2021-01-31T09:25:42.388Z</time>
      </trkpt>
      <trkpt lat="50.655462" lon="9.272980">
        <ele>407.201622</ele>
        <time>2021-01-31T09:25:56.474Z</time>
      </trkpt>
      <trkpt lat="50.655372" lon="9.273044">
        <ele>407.540569</ele>
        <time>2021-01-31T09:26:10.468Z</time>
      </trkpt>
      <trkpt lat="50.655280" lon="9.273115">
        <ele>408.483072</ele>
        <time>2021-01-31T09:26:20.457Z</time>
      </trkpt>
      <trkpt lat="50.655200" lon="9.273182">
        <ele>409.316584</ele>
        <time>2021-01-31T09:26:30.457Z</time>
      </trkpt>
      <trkpt lat="50.655052" lon="9.273172">
        <ele>410.679757</ele>
        <time>2021-01-31T09:27:10.439Z</time>
      </trkpt>
      <trkpt lat="50.654951" lon="9.273175">
        <ele>411.609343</ele>
        <time>2021-01-31T09:27:21.429Z</time>
      </trkpt>
      <trkpt lat="50.654859" lon="9.273174">
        <ele>412.455965</ele>
        <time>2021-01-31T09:27:30.436Z</time>
      </trkpt>
      <trkpt lat="50.654765" lon="9.273183">
        <ele>413.322563</ele>
        <time>2021-01-31T09:27:39.417Z</time>
      </trkpt>
      <trkpt lat="50.654671" lon="9.273189">
        <ele>414.188277</ele>
        <time>2021-01-31T09:27:48.419Z</time>
      </trkpt>
      <trkpt lat="50.654572" lon="9.273179">
        <ele>415.101161</ele>
        <time>2021-01-31T09:27:58.406Z</time>
      </trkpt>
      <trkpt lat="50.654480" lon="9.273177">
        <ele>415.947843</ele>
        <time>2021-01-31T09:28:06.410Z</time>
      </trkpt>
      <trkpt lat="50.654390" lon="9.273178">
        <ele>416.776061</ele>
        <time>2021-01-31T09:28:14.398Z</time>
      </trkpt>
      <trkpt lat="50.654293" lon="9.273174">
        <ele>417.668978</ele>
        <time>2021-01-31T09:28:24.399Z</time>
      </trkpt>
      <trkpt lat="50.654200" lon="9.273178">
        <ele>418.525100</ele>
        <time>2021-01-31T09:28:32.390Z</time>
      </trkpt>
      <trkpt lat="50.654100" lon="9.273170">
        <ele>419.446502</ele>
        <time>2021-01-31T09:28:45.376Z</time>
      </trkpt>
      <trkpt lat="50.653932" lon="9.273151">
        <ele>420.996440</ele>
        <time>2021-01-31T09:29:16.469Z</time>
      </trkpt>
      <trkpt lat="50.653837" lon="9.273138">
        <ele>421.873932</ele>
        <time>2021-01-31T09:29:25.464Z</time>
      </trkpt>
      <trkpt lat="50.653745" lon="9.273134">
        <ele>422.720855</ele>
        <time>2021-01-31T09:29:34.461Z</time>
      </trkpt>
      <trkpt lat="50.653652" lon="9.273132">
        <ele>423.576738</ele>
        <time>2021-01-31T09:29:43.457Z</time>
      </trkpt>
      <trkpt lat="50.653560" lon="9.273139">
        <ele>424.190111</ele>
        <time>2021-01-31T09:29:52.463Z</time>
      </trkpt>
      <trkpt lat="50.653462" lon="9.273138">
        <ele>424.595016</ele>
        <time>2021-01-31T09:30:00.445Z</time>
      </trkpt>
      <trkpt lat="50.653369" lon="9.273137">
        <ele>424.979264</ele>
        <time>2021-01-31T09:30:08.440Z</time>
      </trkpt>
      <trkpt lat="50.653271" lon="9.273143">
        <ele>425.384466</ele>
        <time>2021-01-31T09:30:18.437Z</time>
      </trkpt>
      <trkpt lat="50.653181" lon="9.273145">
        <ele>425.756347</ele>
        <time>2021-01-31T09:30:26.433Z</time>
      </trkpt>
      <trkpt lat="50.653088" lon="9.273137">
        <ele>426.141157</ele>
        <time>2021-01-31T09:30:34.429Z</time>
      </trkpt>
      <trkpt lat="50.652987" lon="9.273128">
        <ele>426.559114</ele>
        <time>2021-01-31T09:30:42.420Z</time>
      </trkpt>
      <trkpt lat="50.652886" lon="9.273143">
        <ele>426.978251</ele>
        <time>2021-01-31T09:30:51.415Z</time>
      </trkpt>
      <trkpt lat="50.652790" lon="9.273157">
        <ele>427.376577</ele>
        <time>2021-01-31T09:31:00.406Z</time>
      </trkpt>
      <trkpt lat="50.652697" lon="9.273187">
        <ele>427.768769</ele>
        <time>2021-01-31T09:31:11.403Z</time>
      </trkpt>
      <trkpt lat="50.652603" lon="9.273148">
        <ele>428.170352</ele>
        <time>2021-01-31T09:31:22.392Z</time>
      </trkpt>
      <trkpt lat="50.652507" lon="9.273172">
        <ele>428.571937</ele>
        <time>2021-01-31T09:31:31.399Z</time>
      </trkpt>
      <trkpt lat="50.652409" lon="9.273172">
        <ele>428.976834</ele>
        <time>2021-01-31T09:31:39.391Z</time>
      </trkpt>
      <trkpt lat="50.652315" lon="9.273186">
        <ele>429.366932</ele>
        <time>2021-01-31T09:31:47.375Z</time>
      </trkpt>
      <trkpt lat="50.652149" lon="9.273214">
        <ele>430.056688</ele>
        <time>2021-01-31T09:32:55.446Z</time>
      </trkpt>
      <trkpt lat="50.652057" lon="9.273221">
        <ele>430.437238</ele>
        <time>2021-01-31T09:33:03.442Z</time>
      </trkpt>
      <trkpt lat="50.651956" lon="9.273249">
        <ele>430.860926</ele>
        <time>2021-01-31T09:33:12.447Z</time>
      </trkpt>
      <trkpt lat="50.651864" lon="9.273274">
        <ele>431.246634</ele>
        <time>2021-01-31T09:33:21.436Z</time>
      </trkpt>
      <trkpt lat="50.651768" lon="9.273286">
        <ele>431.571913</ele>
        <time>2021-01-31T09:33:31.433Z</time>
      </trkpt>
      <trkpt lat="50.651676" lon="9.273292">
        <ele>431.823266</ele>
        <time>2021-01-31T09:33:39.425Z</time>
      </trkpt>
      <trkpt lat="50.651581" lon="9.273282">
        <ele>432.083171</ele>
        <time>2021-01-31T09:33:47.425Z</time>
      </trkpt>
      <trkpt lat="50.651483" lon="9.273324">
        <ele>432.360388</ele>
        <time>2021-01-31T09:33:56.425Z</time>
      </trkpt>
      <trkpt lat="50.651387" lon="9.273309">
        <ele>432.623729</ele>
        <time>2021-01-31T09:34:05.423Z</time>
      </trkpt>
      <trkpt lat="50.651295" lon="9.273357">
        <ele>432.888252</ele>
        <time>2021-01-31T09:34:14.415Z</time>
      </trkpt>
      <trkpt lat="50.651205" lon="9.273369">
        <ele>433.134807</ele>
        <time>2021-01-31T09:34:22.418Z</time>
      </trkpt>
      <trkpt lat="50.651110" lon="9.273376">
        <ele>433.394417</ele>
        <time>2021-01-31T09:34:30.395Z</time>
      </trkpt>
      <trkpt lat="50.651014" lon="9.273409">
        <ele>433.662627</ele>
        <time>2021-01-31T09:34:38.390Z</time>
      </trkpt>
      <trkpt lat="50.650921" lon="9.273432">
        <ele>433.919597</ele>
        <time>2021-01-31T09:34:46.386Z</time>
      </trkpt>
      <trkpt lat="50.650830" lon="9.273438">
        <ele>434.168223</ele>
        <time>2021-01-31T09:34:54.383Z</time>
      </trkpt>
      <trkpt lat="50.650738" lon="9.273449">
        <ele>434.420082</ele>
        <time>2021-01-31T09:35:02.386Z</time>
      </trkpt>
      <trkpt lat="50.650636" lon="9.273472">
        <ele>434.701349</ele>
        <time>2021-01-31T09:35:11.384Z</time>
      </trkpt>
      <trkpt lat="50.650535" lon="9.273489">
        <ele>434.978621</ele>
        <time>2021-01-31T09:35:19.371Z</time>
      </trkpt>
      <trkpt lat="50.650435" lon="9.273501">
        <ele>435.252386</ele>
        <time>2021-01-31T09:35:27.370Z</time>
      </trkpt>
      <trkpt lat="50.650337" lon="9.273514">
        <ele>435.520848</ele>
        <time>2021-01-31T09:35:35.463Z</time>
      </trkpt>
      <trkpt lat="50.650241" lon="9.273534">
        <ele>435.785182</ele>
        <time>2021-01-31T09:35:43.460Z</time>
      </trkpt>
      <trkpt lat="50.650143" lon="9.273546">
        <ele>436.053504</ele>
        <time>2021-01-31T09:35:51.449Z</time>
      </trkpt>
      <trkpt lat="50.650047" lon="9.273578">
        <ele>436.321350</ele>
        <time>2021-01-31T09:35:59.458Z</time>
      </trkpt>
      <trkpt lat="50.649958" lon="9.273549">
        <ele>436.595626</ele>
        <time>2021-01-31T09:36:19.440Z</time>
      </trkpt>
      <trkpt lat="50.649860" lon="9.273567">
        <ele>436.895758</ele>
        <time>2021-01-31T09:36:29.438Z</time>
      </trkpt>
      <trkpt lat="50.649762" lon="9.273597">
        <ele>437.199440</ele>
        <time>2021-01-31T09:36:37.434Z</time>
      </trkpt>
      <trkpt lat="50.649663" lon="9.273603">
        <ele>437.500821</ele>
        <time>2021-01-31T09:36:46.425Z</time>
      </trkpt>
      <trkpt lat="50.649567" lon="9.273614">
        <ele>437.793624</ele>
        <time>2021-01-31T09:36:54.426Z</time>
      </trkpt>
      <trkpt lat="50.649469" lon="9.273631">
        <ele>438.093539</ele>
        <time>2021-01-31T09:37:02.439Z</time>
      </trkpt>
      <trkpt lat="50.649367" lon="9.273649">
        <ele>438.405761</ele>
        <time>2021-01-31T09:37:11.406Z</time>
      </trkpt>
      <trkpt lat="50.649271" lon="9.273662">
        <ele>438.698869</ele>
        <time>2021-01-31T09:37:19.405Z</time>
      </trkpt>
      <trkpt lat="50.649172" lon="9.273680">
        <ele>439.002023</ele>
        <time>2021-01-31T09:37:27.405Z</time>
      </trkpt>
      <trkpt lat="50.649079" lon="9.273692">
        <ele>439.285875</ele>
        <time>2021-01-31T09:37:35.402Z</time>
      </trkpt>
      <trkpt lat="50.648984" lon="9.273721">
        <ele>439.580230</ele>
        <time>2021-01-31T09:37:43.403Z</time>
      </trkpt>
      <trkpt lat="50.648890" lon="9.273747">
        <ele>439.870544</ele>
        <time>2021-01-31T09:37:50.399Z</time>
      </trkpt>
      <trkpt lat="50.648798" lon="9.273749">
        <ele>440.150436</ele>
        <time>2021-01-31T09:37:58.396Z</time>
      </trkpt>
      <trkpt lat="50.648706" lon="9.273773">
        <ele>440.434104</ele>
        <time>2021-01-31T09:38:06.392Z</time>
      </trkpt>
      <trkpt lat="50.648609" lon="9.273771">
        <ele>440.729204</ele>
        <time>2021-01-31T09:38:14.394Z</time>
      </trkpt>
      <trkpt lat="50.648507" lon="9.273806">
        <ele>441.046749</ele>
        <time>2021-01-31T09:38:22.387Z</time>
      </trkpt>
      <trkpt lat="50.648408" lon="9.273803">
        <ele>441.347964</ele>
        <time>2021-01-31T09:38:30.385Z</time>
      </trkpt>
      <trkpt lat="50.648316" lon="9.273813">
        <ele>441.628493</ele>
        <time>2021-01-31T09:38:39.377Z</time>
      </trkpt>
      <trkpt lat="50.648216" lon="9.273822">
        <ele>441.745096</ele>
        <time>2021-01-31T09:38:51.372Z</time>
      </trkpt>
      <trkpt lat="50.648125" lon="9.273821">
        <ele>441.592569</ele>
        <time>2021-01-31T09:38:58.374Z</time>
      </trkpt>
      <trkpt lat="50.647976" lon="9.273840">
        <ele>441.342020</ele>
        <time>2021-01-31T09:39:19.461Z</time>
      </trkpt>
      <trkpt lat="50.647877" lon="9.273845">
        <ele>441.176003</ele>
        <time>2021-01-31T09:39:28.453Z</time>
      </trkpt>
      <trkpt lat="50.647785" lon="9.273856">
        <ele>441.021362</ele>
        <time>2021-01-31T09:39:36.447Z</time>
      </trkpt>
      <trkpt lat="50.647692" lon="9.273903">
        <ele>440.857680</ele>
        <time>2021-01-31T09:39:45.447Z</time>
      </trkpt>
      <trkpt lat="50.647613" lon="9.273979">
        <ele>440.702579</ele>
        <time>2021-01-31T09:39:55.445Z</time>
      </trkpt>
      <trkpt lat="50.647687" lon="9.273892">
        <ele>440.547878</ele>
        <time>2021-01-31T09:40:45.421Z</time>
      </trkpt>
      <trkpt lat="50.647741" lon="9.273762">
        <ele>440.382711</ele>
        <time>2021-01-31T09:40:53.419Z</time>
      </trkpt>
      <trkpt lat="50.647783" lon="9.273624">
        <ele>440.220029</ele>
        <time>2021-01-31T09:41:01.423Z</time>
      </trkpt>
      <trkpt lat="50.647840" lon="9.273488">
        <ele>440.046772</ele>
        <time>2021-01-31T09:41:09.407Z</time>
      </trkpt>
      <trkpt lat="50.647886" lon="9.273354">
        <ele>439.884829</ele>
        <time>2021-01-31T09:41:18.403Z</time>
      </trkpt>
      <trkpt lat="50.647942" lon="9.273232">
        <ele>439.724764</ele>
        <time>2021-01-31T09:41:26.401Z</time>
      </trkpt>
      <trkpt lat="50.647988" lon="9.273104">
        <ele>439.568400</ele>
        <time>2021-01-31T09:41:34.395Z</time>
      </trkpt>
      <trkpt lat="50.648040" lon="9.272977">
        <ele>439.407735</ele>
        <time>2021-01-31T09:41:42.389Z</time>
      </trkpt>
      <trkpt lat="50.648071" lon="9.272844">
        <ele>439.257139</ele>
        <time>2021-01-31T09:41:49.383Z</time>
      </trkpt>
      <trkpt lat="50.648100" lon="9.272702">
        <ele>439.098592</ele>
        <time>2021-01-31T09:41:57.389Z</time>
      </trkpt>
      <trkpt lat="50.648118" lon="9.272558">
        <ele>438.942608</ele>
        <time>2021-01-31T09:42:05.374Z</time>
      </trkpt>
      <trkpt lat="50.648165" lon="9.272431">
        <ele>438.806606</ele>
        <time>2021-01-31T09:42:18.374Z</time>
      </trkpt>
      <trkpt lat="50.648197" lon="9.272285">
        <ele>438.947009</ele>
        <time>2021-01-31T09:42:27.377Z</time>
      </trkpt>
      <trkpt lat="50.648221" lon="9.272134">
        <ele>439.088498</ele>
        <time>2021-01-31T09:42:35.363Z</time>
      </trkpt>
      <trkpt lat="50.648252" lon="9.271991">
        <ele>439.225857</ele>
        <time>2021-01-31T09:42:43.364Z</time>
      </trkpt>
      <trkpt lat="50.648267" lon="9.271839">
        <ele>439.365672</ele>
        <time>2021-01-31T09:42:51.446Z</time>
      </trkpt>
      <trkpt lat="50.648300" lon="9.271687">
        <ele>439.511698</ele>
        <time>2021-01-31T09:43:00.445Z</time>
      </trkpt>
      <trkpt lat="50.648321" lon="9.271538">
        <ele>439.650428</ele>
        <time>2021-01-31T09:43:08.452Z</time>
      </trkpt>
      <trkpt lat="50.648165" lon="9.271439">
        <ele>439.891466</ele>
        <time>2021-01-31T09:43:50.425Z</time>
      </trkpt>
      <trkpt lat="50.648066" lon="9.271413">
        <ele>440.035327</ele>
        <time>2021-01-31T09:43:59.420Z</time>
      </trkpt>
      <trkpt lat="50.647973" lon="9.271425">
        <ele>440.169080</ele>
        <time>2021-01-31T09:44:06.408Z</time>
      </trkpt>
      <trkpt lat="50.647875" lon="9.271423">
        <ele>440.309566</ele>
        <time>2021-01-31T09:44:15.405Z</time>
      </trkpt>
      <trkpt lat="50.647780" lon="9.271432">
        <ele>440.445985</ele>
        <time>2021-01-31T09:44:23.399Z</time>
      </trkpt>
      <trkpt lat="50.647689" lon="9.271419">
        <ele>440.576960</ele>
        <time>2021-01-31T09:44:30.396Z</time>
      </trkpt>
      <trkpt lat="50.647590" lon="9.271416">
        <ele>440.718894</ele>
        <time>2021-01-31T09:44:39.386Z</time>
      </trkpt>
      <trkpt lat="50.647489" lon="9.271394">
        <ele>440.865042</ele>
        <time>2021-01-31T09:44:47.377Z</time>
      </trkpt>
      <trkpt lat="50.647392" lon="9.271409">
        <ele>441.004750</ele>
        <time>2021-01-31T09:44:55.381Z</time>
      </trkpt>
      <trkpt lat="50.647299" lon="9.271418">
        <ele>441.138308</ele>
        <time>2021-01-31T09:45:05.373Z</time>
      </trkpt>
      <trkpt lat="50.647197" lon="9.271404">
        <ele>441.285069</ele>
        <time>2021-01-31T09:45:14.367Z</time>
      </trkpt>
      <trkpt lat="50.647099" lon="9.271388">
        <ele>441.506733</ele>
        <time>2021-01-31T09:45:24.367Z</time>
      </trkpt>
      <trkpt lat="50.647001" lon="9.271361">
        <ele>441.874958</ele>
        <time>2021-01-31T09:45:33.454Z</time>
      </trkpt>
      <trkpt lat="50.646911" lon="9.271334">
        <ele>442.214052</ele>
        <time>2021-01-31T09:45:40.444Z</time>
      </trkpt>
      <trkpt lat="50.646819" lon="9.271327">
        <ele>442.554972</ele>
        <time>2021-01-31T09:45:49.443Z</time>
      </trkpt>
      <trkpt lat="50.646730" lon="9.271301">
        <ele>442.889996</ele>
        <time>2021-01-31T09:45:57.434Z</time>
      </trkpt>
      <trkpt lat="50.646639" lon="9.271288">
        <ele>443.228197</ele>
        <time>2021-01-31T09:46:04.432Z</time>
      </trkpt>
      <trkpt lat="50.646532" lon="9.271271">
        <ele>443.626245</ele>
        <time>2021-01-31T09:46:12.430Z</time>
      </trkpt>
      <trkpt lat="50.646438" lon="9.271279">
        <ele>443.974678</ele>
        <time>2021-01-31T09:46:19.418Z</time>
      </trkpt>
      <trkpt lat="50.646349" lon="9.271262">
        <ele>444.306505</ele>
        <time>2021-01-31T09:46:28.408Z</time>
      </trkpt>
      <trkpt lat="50.646255" lon="9.271259">
        <ele>444.654502</ele>
        <time>2021-01-31T09:46:35.410Z</time>
      </trkpt>
      <trkpt lat="50.646159" lon="9.271265">
        <ele>445.010110</ele>
        <time>2021-01-31T09:46:44.406Z</time>
      </trkpt>
      <trkpt lat="50.646068" lon="9.271258">
        <ele>445.347332</ele>
        <time>2021-01-31T09:46:55.396Z</time>
      </trkpt>
      <trkpt lat="50.645976" lon="9.271259">
        <ele>445.687864</ele>
        <time>2021-01-31T09:47:03.403Z</time>
      </trkpt>
      <trkpt lat="50.645872" lon="9.271281">
        <ele>446.076251</ele>
        <time>2021-01-31T09:47:15.390Z</time>
      </trkpt>
      <trkpt lat="50.645776" lon="9.271278">
        <ele>446.431650</ele>
        <time>2021-01-31T09:47:25.375Z</time>
      </trkpt>
      <trkpt lat="50.645676" lon="9.271288">
        <ele>446.802527</ele>
        <time>2021-01-31T09:47:33.371Z</time>
      </trkpt>
      <trkpt lat="50.645582" lon="9.271274">
        <ele>447.152001</ele>
        <time>2021-01-31T09:47:41.359Z</time>
      </trkpt>
      <trkpt lat="50.645485" lon="9.271286">
        <ele>447.512135</ele>
        <time>2021-01-31T09:47:48.459Z</time>
      </trkpt>
      <trkpt lat="50.645384" lon="9.271285">
        <ele>447.885977</ele>
        <time>2021-01-31T09:47:57.462Z</time>
      </trkpt>
      <trkpt lat="50.645288" lon="9.271296">
        <ele>448.169693</ele>
        <time>2021-01-31T09:48:05.440Z</time>
      </trkpt>
      <trkpt lat="50.645191" lon="9.271289">
        <ele>448.404575</ele>
        <time>2021-01-31T09:48:14.436Z</time>
      </trkpt>
      <trkpt lat="50.645099" lon="9.271300">
        <ele>448.627755</ele>
        <time>2021-01-31T09:48:21.430Z</time>
      </trkpt>
      <trkpt lat="50.645010" lon="9.271282">
        <ele>448.844803</ele>
        <time>2021-01-31T09:48:29.433Z</time>
      </trkpt>
      <trkpt lat="50.644920" lon="9.271241">
        <ele>449.071408</ele>
        <time>2021-01-31T09:48:37.424Z</time>
      </trkpt>
      <trkpt lat="50.644827" lon="9.271251">
        <ele>449.296891</ele>
        <time>2021-01-31T09:48:46.415Z</time>
      </trkpt>
      <trkpt lat="50.644738" lon="9.271196">
        <ele>449.528116</ele>
        <time>2021-01-31T09:48:53.408Z</time>
      </trkpt>
      <trkpt lat="50.644649" lon="9.271178">
        <ele>449.745164</ele>
        <time>2021-01-31T09:49:00.409Z</time>
      </trkpt>
      <trkpt lat="50.644551" lon="9.271170">
        <ele>449.982537</ele>
        <time>2021-01-31T09:49:08.395Z</time>
      </trkpt>
      <trkpt lat="50.644457" lon="9.271148">
        <ele>450.212406</ele>
        <time>2021-01-31T09:49:18.387Z</time>
      </trkpt>
      <trkpt lat="50.644353" lon="9.271133">
        <ele>450.465025</ele>
        <time>2021-01-31T09:49:26.395Z</time>
      </trkpt>
      <trkpt lat="50.644263" lon="9.271103">
        <ele>450.687539</ele>
        <time>2021-01-31T09:49:33.383Z</time>
      </trkpt>
      <trkpt lat="50.644166" lon="9.271078">
        <ele>450.925288</ele>
        <time>2021-01-31T09:49:42.372Z</time>
      </trkpt>
      <trkpt lat="50.644071" lon="9.271065">
        <ele>451.155950</ele>
        <time>2021-01-31T09:49:50.379Z</time>
      </trkpt>
      <trkpt lat="50.643978" lon="9.271041">
        <ele>451.383903</ele>
        <time>2021-01-31T09:49:58.371Z</time>
      </trkpt>
      <trkpt lat="50.643884" lon="9.271015">
        <ele>451.614754</ele>
        <time>2021-01-31T09:50:05.370Z</time>
      </trkpt>
      <trkpt lat="50.643791" lon="9.270981">
        <ele>451.845681</ele>
        <time>2021-01-31T09:50:14.453Z</time>
      </trkpt>
      <trkpt lat="50.643696" lon="9.270965">
        <ele>452.076786</ele>
        <time>2021-01-31T09:50:21.445Z</time>
      </trkpt>
      <trkpt lat="50.643603" lon="9.270948">
        <ele>452.303253</ele>
        <time>2021-01-31T09:50:30.448Z</time>
      </trkpt>
      <trkpt lat="50.643503" lon="9.270903">
        <ele>452.650613</ele>
        <time>2021-01-31T09:50:38.437Z</time>
      </trkpt>
      <trkpt lat="50.643410" lon="9.270889">
        <ele>453.003093</ele>
        <time>2021-01-31T09:50:46.425Z</time>
      </trkpt>
      <trkpt lat="50.643314" lon="9.270871">
        <ele>453.367847</ele>
        <time>2021-01-31T09:50:54.428Z</time>
      </trkpt>
      <trkpt lat="50.643218" lon="9.270847">
        <ele>453.734574</ele>
        <time>2021-01-31T09:51:02.416Z</time>
      </trkpt>
      <trkpt lat="50.643126" lon="9.270826">
        <ele>454.085304</ele>
        <time>2021-01-31T09:51:10.419Z</time>
      </trkpt>
      <trkpt lat="50.643036" lon="9.270814">
        <ele>454.426081</ele>
        <time>2021-01-31T09:51:17.412Z</time>
      </trkpt>
      <trkpt lat="50.642944" lon="9.270786">
        <ele>454.779598</ele>
        <time>2021-01-31T09:51:25.408Z</time>
      </trkpt>
      <trkpt lat="50.642855" lon="9.270764">
        <ele>455.119492</ele>
        <time>2021-01-31T09:51:33.393Z</time>
      </trkpt>
      <trkpt lat="50.642757" lon="9.270751">
        <ele>455.490547</ele>
        <time>2021-01-31T09:51:41.392Z</time>
      </trkpt>
      <trkpt lat="50.642658" lon="9.270709">
        <ele>455.877351</ele>
        <time>2021-01-31T09:51:50.376Z</time>
      </trkpt>
      <trkpt lat="50.642575" lon="9.270649">
        <ele>456.221843</ele>
        <time>2021-01-31T09:51:58.377Z</time>
      </trkpt>
      <trkpt lat="50.642487" lon="9.270599">
        <ele>456.574758</ele>
        <time>2021-01-31T09:52:06.381Z</time>
      </trkpt>
      <trkpt lat="50.642394" lon="9.270546">
        <ele>456.947854</ele>
        <time>2021-01-31T09:52:14.365Z</time>
      </trkpt>
      <trkpt lat="50.642297" lon="9.270498">
        <ele>457.331428</ele>
        <time>2021-01-31T09:52:21.455Z</time>
      </trkpt>
      <trkpt lat="50.642214" lon="9.270446">
        <ele>457.668393</ele>
        <time>2021-01-31T09:52:28.452Z</time>
      </trkpt>
      <trkpt lat="50.642123" lon="9.270387">
        <ele>458.039620</ele>
        <time>2021-01-31T09:52:37.437Z</time>
      </trkpt>
      <trkpt lat="50.642027" lon="9.270331">
        <ele>458.425813</ele>
        <time>2021-01-31T09:52:46.438Z</time>
      </trkpt>
      <trkpt lat="50.641931" lon="9.270282">
        <ele>458.806518</ele>
        <time>2021-01-31T09:52:54.430Z</time>
      </trkpt>
      <trkpt lat="50.641847" lon="9.270208">
        <ele>459.169551</ele>
        <time>2021-01-31T09:53:02.428Z</time>
      </trkpt>
      <trkpt lat="50.641757" lon="9.270149">
        <ele>459.211744</ele>
        <time>2021-01-31T09:53:10.423Z</time>
      </trkpt>
      <trkpt lat="50.641666" lon="9.270096">
        <ele>459.253491</ele>
        <time>2021-01-31T09:53:18.418Z</time>
      </trkpt>
      <trkpt lat="50.641579" lon="9.270037">
        <ele>459.294246</ele>
        <time>2021-01-31T09:53:25.412Z</time>
      </trkpt>
      <trkpt lat="50.641491" lon="9.269991">
        <ele>459.334143</ele>
        <time>2021-01-31T09:53:32.412Z</time>
      </trkpt>
      <trkpt lat="50.641413" lon="9.269905">
        <ele>459.375101</ele>
        <time>2021-01-31T09:53:40.395Z</time>
      </trkpt>
      <trkpt lat="50.641327" lon="9.269843">
        <ele>459.415794</ele>
        <time>2021-01-31T09:54:00.383Z</time>
      </trkpt>
      <trkpt lat="50.641234" lon="9.269812">
        <ele>459.456701</ele>
        <time>2021-01-31T09:54:09.372Z</time>
      </trkpt>
      <trkpt lat="50.641143" lon="9.269769">
        <ele>459.497582</ele>
        <time>2021-01-31T09:54:18.374Z</time>
      </trkpt>
      <trkpt lat="50.641061" lon="9.269699">
        <ele>459.537709</ele>
        <time>2021-01-31T09:54:26.369Z</time>
      </trkpt>
      <trkpt lat="50.640970" lon="9.269633">
        <ele>459.580814</ele>
        <time>2021-01-31T09:54:34.367Z</time>
      </trkpt>
      <trkpt lat="50.640887" lon="9.269566">
        <ele>459.620941</ele>
        <time>2021-01-31T09:54:43.425Z</time>
      </trkpt>
      <trkpt lat="50.640802" lon="9.269517">
        <ele>459.659887</ele>
        <time>2021-01-31T09:54:52.451Z</time>
      </trkpt>
      <trkpt lat="50.640731" lon="9.269422">
        <ele>459.699959</ele>
        <time>2021-01-31T09:55:01.432Z</time>
      </trkpt>
      <trkpt lat="50.640721" lon="9.269281">
        <ele>459.738680</ele>
        <time>2021-01-31T09:55:10.427Z</time>
      </trkpt>
      <trkpt lat="50.640704" lon="9.269126">
        <ele>459.781610</ele>
        <time>2021-01-31T09:55:19.420Z</time>
      </trkpt>
      <trkpt lat="50.640712" lon="9.268979">
        <ele>459.821875</ele>
        <time>2021-01-31T09:55:28.413Z</time>
      </trkpt>
      <trkpt lat="50.640707" lon="9.268826">
        <ele>459.863687</ele>
        <time>2021-01-31T09:55:37.416Z</time>
      </trkpt>
      <trkpt lat="50.640704" lon="9.268684">
        <ele>459.902462</ele>
        <time>2021-01-31T09:55:46.414Z</time>
      </trkpt>
      <trkpt lat="50.640694" lon="9.268531">
        <ele>459.944486</ele>
        <time>2021-01-31T09:55:57.404Z</time>
      </trkpt>
      <trkpt lat="50.640707" lon="9.268379">
        <ele>459.989736</ele>
        <time>2021-01-31T09:56:04.398Z</time>
      </trkpt>
      <trkpt lat="50.640692" lon="9.268230">
        <ele>460.034245</ele>
        <time>2021-01-31T09:56:12.392Z</time>
      </trkpt>
      <trkpt lat="50.640701" lon="9.268087">
        <ele>460.076641</ele>
        <time>2021-01-31T09:56:21.375Z</time>
      </trkpt>
      <trkpt lat="50.640705" lon="9.267930">
        <ele>460.122997</ele>
        <time>2021-01-31T09:56:33.361Z</time>
      </trkpt>
      <trkpt lat="50.640711" lon="9.267782">
        <ele>460.166750</ele>
        <time>2021-01-31T09:56:41.353Z</time>
      </trkpt>
      <trkpt lat="50.640715" lon="9.267625">
        <ele>460.213106</ele>
        <time>2021-01-31T09:56:53.449Z</time>
      </trkpt>
      <trkpt lat="50.640703" lon="9.267478">
        <ele>460.256833</ele>
        <time>2021-01-31T09:57:03.440Z</time>
      </trkpt>
      <trkpt lat="50.640697" lon="9.267330">
        <ele>460.300585</ele>
        <time>2021-01-31T09:57:12.444Z</time>
      </trkpt>
      <trkpt lat="50.640697" lon="9.267184">
        <ele>460.343659</ele>
        <time>2021-01-31T09:57:22.439Z</time>
      </trkpt>
      <trkpt lat="50.640691" lon="9.267037">
        <ele>460.387118</ele>
        <time>2021-01-31T09:57:31.421Z</time>
      </trkpt>
      <trkpt lat="50.640687" lon="9.266895">
        <ele>460.429053</ele>
        <time>2021-01-31T09:57:39.418Z</time>
      </trkpt>
      <trkpt lat="50.640687" lon="9.266743">
        <ele>460.473896</ele>
        <time>2021-01-31T09:57:47.415Z</time>
      </trkpt>
      <trkpt lat="50.640679" lon="9.266590">
        <ele>460.519188</ele>
        <time>2021-01-31T09:57:55.406Z</time>
      </trkpt>
      <trkpt lat="50.640683" lon="9.266436">
        <ele>460.564660</ele>
        <time>2021-01-31T09:58:04.419Z</time>
      </trkpt>
      <trkpt lat="50.640690" lon="9.266285">
        <ele>460.609328</ele>
        <time>2021-01-31T09:58:13.417Z</time>
      </trkpt>
      <trkpt lat="50.640708" lon="9.266137">
        <ele>460.653788</ele>
        <time>2021-01-31T09:58:22.408Z</time>
      </trkpt>
      <trkpt lat="50.640710" lon="9.265987">
        <ele>460.698051</ele>
        <time>2021-01-31T09:58:31.405Z</time>
      </trkpt>
      <trkpt lat="50.640730" lon="9.265837">
        <ele>460.743272</ele>
        <time>2021-01-31T09:58:40.386Z</time>
      </trkpt>
      <trkpt lat="50.640770" lon="9.265708">
        <ele>460.764878</ele>
        <time>2021-01-31T09:58:47.387Z</time>
      </trkpt>
      <trkpt lat="50.640793" lon="9.265551">
        <ele>460.616426</ele>
        <time>2021-01-31T09:58:56.380Z</time>
      </trkpt>
      <trkpt lat="50.640803" lon="9.265407">
        <ele>460.482967</ele>
        <time>2021-01-31T09:59:04.377Z</time>
      </trkpt>
      <trkpt lat="50.640827" lon="9.265260">
        <ele>460.343121</ele>
        <time>2021-01-31T09:59:13.372Z</time>
      </trkpt>
      <trkpt lat="50.640846" lon="9.265104">
        <ele>460.196773</ele>
        <time>2021-01-31T09:59:22.363Z</time>
      </trkpt>
      <trkpt lat="50.640877" lon="9.264960">
        <ele>460.056671</ele>
        <time>2021-01-31T09:59:30.358Z</time>
      </trkpt>
      <trkpt lat="50.640907" lon="9.264827">
        <ele>459.926620</ele>
        <time>2021-01-31T09:59:38.445Z</time>
      </trkpt>
      <trkpt lat="50.640935" lon="9.264692">
        <ele>459.795763</ele>
        <time>2021-01-31T09:59:46.448Z</time>
      </trkpt>
      <trkpt lat="50.640956" lon="9.264553">
        <ele>459.664120</ele>
        <time>2021-01-31T09:59:54.438Z</time>
      </trkpt>
      <trkpt lat="50.640977" lon="9.264415">
        <ele>459.533373</ele>
        <time>2021-01-31T10:00:02.426Z</time>
      </trkpt>
      <trkpt lat="50.640993" lon="9.264271">
        <ele>459.398686</ele>
        <time>2021-01-31T10:00:08.426Z</time>
      </trkpt>
      <trkpt lat="50.641006" lon="9.264119">
        <ele>459.257383</ele>
        <time>2021-01-31T10:00:16.419Z</time>
      </trkpt>
      <trkpt lat="50.641025" lon="9.263974">
        <ele>459.120974</ele>
        <time>2021-01-31T10:00:26.413Z</time>
      </trkpt>
      <trkpt lat="50.641048" lon="9.263825">
        <ele>458.979694</ele>
        <time>2021-01-31T10:00:35.406Z</time>
      </trkpt>
      <trkpt lat="50.641074" lon="9.263673">
        <ele>458.834654</ele>
        <time>2021-01-31T10:00:43.390Z</time>
      </trkpt>
      <trkpt lat="50.641095" lon="9.263534">
        <ele>458.703012</ele>
        <time>2021-01-31T10:00:51.391Z</time>
      </trkpt>
      <trkpt lat="50.641135" lon="9.263384">
        <ele>458.553098</ele>
        <time>2021-01-31T10:00:59.381Z</time>
      </trkpt>
      <trkpt lat="50.641147" lon="9.263231">
        <ele>458.411068</ele>
        <time>2021-01-31T10:01:08.380Z</time>
      </trkpt>
      <trkpt lat="50.641165" lon="9.263087">
        <ele>458.275850</ele>
        <time>2021-01-31T10:01:16.374Z</time>
      </trkpt>
      <trkpt lat="50.641167" lon="9.262928">
        <ele>458.209765</ele>
        <time>2021-01-31T10:01:24.367Z</time>
      </trkpt>
      <trkpt lat="50.641188" lon="9.262791">
        <ele>458.352449</ele>
        <time>2021-01-31T10:01:32.358Z</time>
      </trkpt>
      <trkpt lat="50.641199" lon="9.262650">
        <ele>458.496264</ele>
        <time>2021-01-31T10:01:39.352Z</time>
      </trkpt>
      <trkpt lat="50.641219" lon="9.262497">
        <ele>458.654407</ele>
        <time>2021-01-31T10:01:48.448Z</time>
      </trkpt>
      <trkpt lat="50.641262" lon="9.262365">
        <ele>458.804633</ele>
        <time>2021-01-31T10:01:55.439Z</time>
      </trkpt>
      <trkpt lat="50.641269" lon="9.262221">
        <ele>458.950837</ele>
        <time>2021-01-31T10:02:03.427Z</time>
      </trkpt>
      <trkpt lat="50.641292" lon="9.262061">
        <ele>459.116919</ele>
        <time>2021-01-31T10:02:11.422Z</time>
      </trkpt>
      <trkpt lat="50.641324" lon="9.261916">
        <ele>459.272341</ele>
        <time>2021-01-31T10:02:18.422Z</time>
      </trkpt>
      <trkpt lat="50.641345" lon="9.261763">
        <ele>459.430814</ele>
        <time>2021-01-31T10:02:27.411Z</time>
      </trkpt>
      <trkpt lat="50.641370" lon="9.261610">
        <ele>459.590759</ele>
        <time>2021-01-31T10:02:36.419Z</time>
      </trkpt>
      <trkpt lat="50.641394" lon="9.261468">
        <ele>459.739527</ele>
        <time>2021-01-31T10:02:43.405Z</time>
      </trkpt>
      <trkpt lat="50.641430" lon="9.261323">
        <ele>459.897163</ele>
        <time>2021-01-31T10:02:51.399Z</time>
      </trkpt>
      <trkpt lat="50.641526" lon="9.261279">
        <ele>460.056750</ele>
        <time>2021-01-31T10:03:00.387Z</time>
      </trkpt>
      <trkpt lat="50.641618" lon="9.261333">
        <ele>460.213454</ele>
        <time>2021-01-31T10:03:08.380Z</time>
      </trkpt>
      <trkpt lat="50.641716" lon="9.261386">
        <ele>460.378836</ele>
        <time>2021-01-31T10:03:17.374Z</time>
      </trkpt>
      <trkpt lat="50.641815" lon="9.261413">
        <ele>460.539216</ele>
        <time>2021-01-31T10:03:26.376Z</time>
      </trkpt>
      <trkpt lat="50.641899" lon="9.261463">
        <ele>460.682541</ele>
        <time>2021-01-31T10:03:34.368Z</time>
      </trkpt>
      <trkpt lat="50.641991" lon="9.261490">
        <ele>460.831922</ele>
        <time>2021-01-31T10:03:42.357Z</time>
      </trkpt>
      <trkpt lat="50.642085" lon="9.261526">
        <ele>460.986337</ele>
        <time>2021-01-31T10:03:50.351Z</time>
      </trkpt>
      <trkpt lat="50.642179" lon="9.261570">
        <ele>460.861280</ele>
        <time>2021-01-31T10:03:58.446Z</time>
      </trkpt>
      <trkpt lat="50.642268" lon="9.261600">
        <ele>460.613317</ele>
        <time>2021-01-31T10:04:06.447Z</time>
      </trkpt>
      <trkpt lat="50.642358" lon="9.261638">
        <ele>460.359470</ele>
        <time>2021-01-31T10:04:14.431Z</time>
      </trkpt>
      <trkpt lat="50.642448" lon="9.261670">
        <ele>460.108106</ele>
        <time>2021-01-31T10:04:21.426Z</time>
      </trkpt>
      <trkpt lat="50.642536" lon="9.261720">
        <ele>459.853257</ele>
        <time>2021-01-31T10:04:29.420Z</time>
      </trkpt>
      <trkpt lat="50.642632" lon="9.261751">
        <ele>459.586273</ele>
        <time>2021-01-31T10:04:37.412Z</time>
      </trkpt>
      <trkpt lat="50.642728" lon="9.261776">
        <ele>459.321174</ele>
        <time>2021-01-31T10:04:45.406Z</time>
      </trkpt>
      <trkpt lat="50.642826" lon="9.261804">
        <ele>459.049821</ele>
        <time>2021-01-31T10:04:53.406Z</time>
      </trkpt>
      <trkpt lat="50.642921" lon="9.261833">
        <ele>458.786185</ele>
        <time>2021-01-31T10:05:02.392Z</time>
      </trkpt>
      <trkpt lat="50.643017" lon="9.261801">
        <ele>458.518849</ele>
        <time>2021-01-31T10:05:10.389Z</time>
      </trkpt>
      <trkpt lat="50.643081" lon="9.261688">
        <ele>458.257080</ele>
        <time>2021-01-31T10:05:19.382Z</time>
      </trkpt>
      <trkpt lat="50.643140" lon="9.261568">
        <ele>457.994732</ele>
        <time>2021-01-31T10:05:29.374Z</time>
      </trkpt>
      <trkpt lat="50.643182" lon="9.261439">
        <ele>457.744191</ele>
        <time>2021-01-31T10:05:40.372Z</time>
      </trkpt>
      <trkpt lat="50.643221" lon="9.261300">
        <ele>457.481575</ele>
        <time>2021-01-31T10:05:49.359Z</time>
      </trkpt>
      <trkpt lat="50.643263" lon="9.261162">
        <ele>457.217107</ele>
        <time>2021-01-31T10:05:55.354Z</time>
      </trkpt>
      <trkpt lat="50.643291" lon="9.261010">
        <ele>456.943631</ele>
        <time>2021-01-31T10:06:01.352Z</time>
      </trkpt>
      <trkpt lat="50.643324" lon="9.260863">
        <ele>456.674206</ele>
        <time>2021-01-31T10:06:12.447Z</time>
      </trkpt>
      <trkpt lat="50.643368" lon="9.260725">
        <ele>456.407335</ele>
        <time>2021-01-31T10:06:18.441Z</time>
      </trkpt>
      <trkpt lat="50.643407" lon="9.260591">
        <ele>456.152596</ele>
        <time>2021-01-31T10:06:24.438Z</time>
      </trkpt>
      <trkpt lat="50.643436" lon="9.260438">
        <ele>456.009885</ele>
        <time>2021-01-31T10:06:32.435Z</time>
      </trkpt>
      <trkpt lat="50.643469" lon="9.260298">
        <ele>455.883188</ele>
        <time>2021-01-31T10:06:39.420Z</time>
      </trkpt>
      <trkpt lat="50.643513" lon="9.260169">
        <ele>455.758935</ele>
        <time>2021-01-31T10:06:46.419Z</time>
      </trkpt>
      <trkpt lat="50.643542" lon="9.260021">
        <ele>455.627534</ele>
        <time>2021-01-31T10:06:55.419Z</time>
      </trkpt>
      <trkpt lat="50.643595" lon="9.259881">
        <ele>455.489223</ele>
        <time>2021-01-31T10:07:03.407Z</time>
      </trkpt>
      <trkpt lat="50.643639" lon="9.259750">
        <ele>455.363474</ele>
        <time>2021-01-31T10:07:10.405Z</time>
      </trkpt>
      <trkpt lat="50.643676" lon="9.259621">
        <ele>455.243375</ele>
        <time>2021-01-31T10:07:17.399Z</time>
      </trkpt>
      <trkpt lat="50.643718" lon="9.259479">
        <ele>455.110462</ele>
        <time>2021-01-31T10:07:25.392Z</time>
      </trkpt>
      <trkpt lat="50.643766" lon="9.259338">
        <ele>454.974711</ele>
        <time>2021-01-31T10:07:33.386Z</time>
      </trkpt>
      <trkpt lat="50.643810" lon="9.259202">
        <ele>454.845199</ele>
        <time>2021-01-31T10:07:42.380Z</time>
      </trkpt>
      <trkpt lat="50.643850" lon="9.259047">
        <ele>454.703247</ele>
        <time>2021-01-31T10:07:52.364Z</time>
      </trkpt>
      <trkpt lat="50.643892" lon="9.258904">
        <ele>454.569566</ele>
        <time>2021-01-31T10:08:00.366Z</time>
      </trkpt>
      <trkpt lat="50.643935" lon="9.258758">
        <ele>454.433013</ele>
        <time>2021-01-31T10:08:08.358Z</time>
      </trkpt>
      <trkpt lat="50.643983" lon="9.258624">
        <ele>454.302464</ele>
        <time>2021-01-31T10:08:17.345Z</time>
      </trkpt>
      <trkpt lat="50.644028" lon="9.258484">
        <ele>454.169322</ele>
        <time>2021-01-31T10:08:27.434Z</time>
      </trkpt>
      <trkpt lat="50.644071" lon="9.258359">
        <ele>454.048692</ele>
        <time>2021-01-31T10:08:35.430Z</time>
      </trkpt>
      <trkpt lat="50.644123" lon="9.258230">
        <ele>453.919029</ele>
        <time>2021-01-31T10:08:44.429Z</time>
      </trkpt>
      <trkpt lat="50.644153" lon="9.258083">
        <ele>453.788035</ele>
        <time>2021-01-31T10:08:53.415Z</time>
      </trkpt>
      <trkpt lat="50.644178" lon="9.257930">
        <ele>453.707963</ele>
        <time>2021-01-31T10:09:03.419Z</time>
      </trkpt>
      <trkpt lat="50.644179" lon="9.257774">
        <ele>453.666758</ele>
        <time>2021-01-31T10:09:09.421Z</time>
      </trkpt>
      <trkpt lat="50.644156" lon="9.257631">
        <ele>453.627792</ele>
        <time>2021-01-31T10:09:16.410Z</time>
      </trkpt>
      <trkpt lat="50.644114" lon="9.257497">
        <ele>453.588312</ele>
        <time>2021-01-31T10:09:23.406Z</time>
      </trkpt>
      <trkpt lat="50.644075" lon="9.257362">
        <ele>453.549129</ele>
        <time>2021-01-31T10:09:31.394Z</time>
      </trkpt>
      <trkpt lat="50.644038" lon="9.257228">
        <ele>453.510527</ele>
        <time>2021-01-31T10:09:40.390Z</time>
      </trkpt>
      <trkpt lat="50.644005" lon="9.257087">
        <ele>453.470830</ele>
        <time>2021-01-31T10:09:49.394Z</time>
      </trkpt>
      <trkpt lat="50.643958" lon="9.256949">
        <ele>453.429456</ele>
        <time>2021-01-31T10:09:56.382Z</time>
      </trkpt>
      <trkpt lat="50.643985" lon="9.256797">
        <ele>453.387764</ele>
        <time>2021-01-31T10:10:05.368Z</time>
      </trkpt>
      <trkpt lat="50.644045" lon="9.256682">
        <ele>453.348431</ele>
        <time>2021-01-31T10:10:12.364Z</time>
      </trkpt>
      <trkpt lat="50.644126" lon="9.256601">
        <ele>453.308482</ele>
        <time>2021-01-31T10:10:20.362Z</time>
      </trkpt>
      <trkpt lat="50.644196" lon="9.256511">
        <ele>453.270863</ele>
        <time>2021-01-31T10:10:27.359Z</time>
      </trkpt>
      <trkpt lat="50.644281" lon="9.256436">
        <ele>453.230295</ele>
        <time>2021-01-31T10:10:35.439Z</time>
      </trkpt>
      <trkpt lat="50.644365" lon="9.256346">
        <ele>453.187996</ele>
        <time>2021-01-31T10:10:43.437Z</time>
      </trkpt>
      <trkpt lat="50.644447" lon="9.256249">
        <ele>453.145301</ele>
        <time>2021-01-31T10:10:52.439Z</time>
      </trkpt>
      <trkpt lat="50.644535" lon="9.256193">
        <ele>453.105777</ele>
        <time>2021-01-31T10:11:01.427Z</time>
      </trkpt>
      <trkpt lat="50.644622" lon="9.256131">
        <ele>453.066012</ele>
        <time>2021-01-31T10:11:09.423Z</time>
      </trkpt>
      <trkpt lat="50.644701" lon="9.256040">
        <ele>453.025264</ele>
        <time>2021-01-31T10:11:17.408Z</time>
      </trkpt>
      <trkpt lat="50.644785" lon="9.255956">
        <ele>452.983836</ele>
        <time>2021-01-31T10:11:25.409Z</time>
      </trkpt>
      <trkpt lat="50.644864" lon="9.255880">
        <ele>453.404544</ele>
        <time>2021-01-31T10:11:34.406Z</time>
      </trkpt>
      <trkpt lat="50.644945" lon="9.255808">
        <ele>453.834962</ele>
        <time>2021-01-31T10:11:52.392Z</time>
      </trkpt>
      <trkpt lat="50.645008" lon="9.255701">
        <ele>454.263565</ele>
        <time>2021-01-31T10:12:00.392Z</time>
      </trkpt>
      <trkpt lat="50.645089" lon="9.255607">
        <ele>454.729105</ele>
        <time>2021-01-31T10:12:08.375Z</time>
      </trkpt>
      <trkpt lat="50.645174" lon="9.255522">
        <ele>455.195018</ele>
        <time>2021-01-31T10:12:16.363Z</time>
      </trkpt>
      <trkpt lat="50.645251" lon="9.255447">
        <ele>455.613965</ele>
        <time>2021-01-31T10:12:23.361Z</time>
      </trkpt>
      <trkpt lat="50.645331" lon="9.255351">
        <ele>456.079315</ele>
        <time>2021-01-31T10:12:31.365Z</time>
      </trkpt>
      <trkpt lat="50.645406" lon="9.255255">
        <ele>456.526466</ele>
        <time>2021-01-31T10:12:39.352Z</time>
      </trkpt>
      <trkpt lat="50.645485" lon="9.255157">
        <ele>456.991747</ele>
        <time>2021-01-31T10:12:48.347Z</time>
      </trkpt>
      <trkpt lat="50.645557" lon="9.255066">
        <ele>457.418874</ele>
        <time>2021-01-31T10:12:55.430Z</time>
      </trkpt>
      <trkpt lat="50.645636" lon="9.254983">
        <ele>457.858297</ele>
        <time>2021-01-31T10:13:03.422Z</time>
      </trkpt>
      <trkpt lat="50.645715" lon="9.254895">
        <ele>458.306024</ele>
        <time>2021-01-31T10:13:11.418Z</time>
      </trkpt>
      <trkpt lat="50.645767" lon="9.254769">
        <ele>458.747312</ele>
        <time>2021-01-31T10:13:20.416Z</time>
      </trkpt>
      <trkpt lat="50.645689" lon="9.254698">
        <ele>459.164211</ele>
        <time>2021-01-31T10:13:31.411Z</time>
      </trkpt>
      <trkpt lat="50.645605" lon="9.254612">
        <ele>459.627811</ele>
        <time>2021-01-31T10:13:41.415Z</time>
      </trkpt>
      <trkpt lat="50.645525" lon="9.254520">
        <ele>460.086146</ele>
        <time>2021-01-31T10:13:51.404Z</time>
      </trkpt>
      <trkpt lat="50.645448" lon="9.254433">
        <ele>460.524628</ele>
        <time>2021-01-31T10:14:01.400Z</time>
      </trkpt>
      <trkpt lat="50.645436" lon="9.254286">
        <ele>460.959689</ele>
        <time>2021-01-31T10:14:13.399Z</time>
      </trkpt>
      <trkpt lat="50.645397" lon="9.254143">
        <ele>461.339344</ele>
        <time>2021-01-31T10:14:21.380Z</time>
      </trkpt>
      <trkpt lat="50.645302" lon="9.254110">
        <ele>461.465522</ele>
        <time>2021-01-31T10:14:32.376Z</time>
      </trkpt>
      <trkpt lat="50.645237" lon="9.253999">
        <ele>461.589797</ele>
        <time>2021-01-31T10:14:40.368Z</time>
      </trkpt>
      <trkpt lat="50.645161" lon="9.253911">
        <ele>461.712096</ele>
        <time>2021-01-31T10:14:48.367Z</time>
      </trkpt>
      <trkpt lat="50.645086" lon="9.253804">
        <ele>461.843282</ele>
        <time>2021-01-31T10:14:56.361Z</time>
      </trkpt>
      <trkpt lat="50.645017" lon="9.253705">
        <ele>461.964282</ele>
        <time>2021-01-31T10:15:04.350Z</time>
      </trkpt>
      <trkpt lat="50.644952" lon="9.253607">
        <ele>462.080927</ele>
        <time>2021-01-31T10:15:12.451Z</time>
      </trkpt>
      <trkpt lat="50.644882" lon="9.253497">
        <ele>462.209108</ele>
        <time>2021-01-31T10:15:20.441Z</time>
      </trkpt>
      <trkpt lat="50.644817" lon="9.253388">
        <ele>462.332179</ele>
        <time>2021-01-31T10:15:28.427Z</time>
      </trkpt>
      <trkpt lat="50.644738" lon="9.253288">
        <ele>462.463579</ele>
        <time>2021-01-31T10:15:36.426Z</time>
      </trkpt>
      <trkpt lat="50.644666" lon="9.253190">
        <ele>462.586946</ele>
        <time>2021-01-31T10:15:44.427Z</time>
      </trkpt>
      <trkpt lat="50.644588" lon="9.253104">
        <ele>462.710397</ele>
        <time>2021-01-31T10:15:52.414Z</time>
      </trkpt>
      <trkpt lat="50.644510" lon="9.253020">
        <ele>462.832912</ele>
        <time>2021-01-31T10:15:59.415Z</time>
      </trkpt>
      <trkpt lat="50.644425" lon="9.252933">
        <ele>462.964353</ele>
        <time>2021-01-31T10:16:07.410Z</time>
      </trkpt>
      <trkpt lat="50.644344" lon="9.252865">
        <ele>463.083379</ele>
        <time>2021-01-31T10:16:15.405Z</time>
      </trkpt>
      <trkpt lat="50.644261" lon="9.252779">
        <ele>463.212199</ele>
        <time>2021-01-31T10:16:24.399Z</time>
      </trkpt>
      <trkpt lat="50.644172" lon="9.252718">
        <ele>463.338073</ele>
        <time>2021-01-31T10:16:33.388Z</time>
      </trkpt>
      <trkpt lat="50.644052" lon="9.252620">
        <ele>463.513360</ele>
        <time>2021-01-31T10:17:48.433Z</time>
      </trkpt>
      <trkpt lat="50.643967" lon="9.252569">
        <ele>463.631325</ele>
        <time>2021-01-31T10:17:58.423Z</time>
      </trkpt>
      <trkpt lat="50.643886" lon="9.252508">
        <ele>463.660109</ele>
        <time>2021-01-31T10:18:07.411Z</time>
      </trkpt>
      <trkpt lat="50.643803" lon="9.252444">
        <ele>463.680361</ele>
        <time>2021-01-31T10:18:16.414Z</time>
      </trkpt>
      <trkpt lat="50.643723" lon="9.252345">
        <ele>463.702651</ele>
        <time>2021-01-31T10:18:24.413Z</time>
      </trkpt>
      <trkpt lat="50.643608" lon="9.252278">
        <ele>463.729525</ele>
        <time>2021-01-31T10:19:14.364Z</time>
      </trkpt>
      <trkpt lat="50.643529" lon="9.252212">
        <ele>463.749121</ele>
        <time>2021-01-31T10:19:23.351Z</time>
      </trkpt>
      <trkpt lat="50.643481" lon="9.252086">
        <ele>463.769553</ele>
        <time>2021-01-31T10:19:32.349Z</time>
      </trkpt>
      <trkpt lat="50.643402" lon="9.252016">
        <ele>463.789416</ele>
        <time>2021-01-31T10:19:41.342Z</time>
      </trkpt>
      <trkpt lat="50.643315" lon="9.251948">
        <ele>463.810700</ele>
        <time>2021-01-31T10:19:49.435Z</time>
      </trkpt>
      <trkpt lat="50.643226" lon="9.251866">
        <ele>463.833294</ele>
        <time>2021-01-31T10:19:58.434Z</time>
      </trkpt>
      <trkpt lat="50.643149" lon="9.251786">
        <ele>463.853506</ele>
        <time>2021-01-31T10:20:06.428Z</time>
      </trkpt>
      <trkpt lat="50.643111" lon="9.251656">
        <ele>463.873404</ele>
        <time>2021-01-31T10:20:15.414Z</time>
      </trkpt>
      <trkpt lat="50.643126" lon="9.251503">
        <ele>463.894924</ele>
        <time>2021-01-31T10:20:23.407Z</time>
      </trkpt>
      <trkpt lat="50.643187" lon="9.251379">
        <ele>463.916739</ele>
        <time>2021-01-31T10:20:32.398Z</time>
      </trkpt>
      <trkpt lat="50.643251" lon="9.251260">
        <ele>463.938428</ele>
        <time>2021-01-31T10:20:40.400Z</time>
      </trkpt>
      <trkpt lat="50.643316" lon="9.251152">
        <ele>463.959125</ele>
        <time>2021-01-31T10:20:48.370Z</time>
      </trkpt>
      <trkpt lat="50.643376" lon="9.251045">
        <ele>463.978979</ele>
        <time>2021-01-31T10:20:55.362Z</time>
      </trkpt>
      <trkpt lat="50.643437" lon="9.250935">
        <ele>463.999291</ele>
        <time>2021-01-31T10:21:03.366Z</time>
      </trkpt>
      <trkpt lat="50.643504" lon="9.250836">
        <ele>464.019417</ele>
        <time>2021-01-31T10:21:12.379Z</time>
      </trkpt>
      <trkpt lat="50.643572" lon="9.250738">
        <ele>463.959447</ele>
        <time>2021-01-31T10:21:20.376Z</time>
      </trkpt>
      <trkpt lat="50.643634" lon="9.250622">
        <ele>463.429400</ele>
        <time>2021-01-31T10:21:28.373Z</time>
      </trkpt>
      <trkpt lat="50.643706" lon="9.250523">
        <ele>462.903083</ele>
        <time>2021-01-31T10:21:37.369Z</time>
      </trkpt>
      <trkpt lat="50.643768" lon="9.250420">
        <ele>462.406902</ele>
        <time>2021-01-31T10:21:46.360Z</time>
      </trkpt>
      <trkpt lat="50.643830" lon="9.250311">
        <ele>461.895314</ele>
        <time>2021-01-31T10:21:55.358Z</time>
      </trkpt>
      <trkpt lat="50.643893" lon="9.250207">
        <ele>461.392804</ele>
        <time>2021-01-31T10:22:03.352Z</time>
      </trkpt>
      <trkpt lat="50.643952" lon="9.250082">
        <ele>460.848373</ele>
        <time>2021-01-31T10:22:12.344Z</time>
      </trkpt>
      <trkpt lat="50.644013" lon="9.249970">
        <ele>460.332543</ele>
        <time>2021-01-31T10:22:22.430Z</time>
      </trkpt>
      <trkpt lat="50.644092" lon="9.249881">
        <ele>459.797618</ele>
        <time>2021-01-31T10:22:35.418Z</time>
      </trkpt>
      <trkpt lat="50.644145" lon="9.249751">
        <ele>459.257647</ele>
        <time>2021-01-31T10:22:46.413Z</time>
      </trkpt>
      <trkpt lat="50.644215" lon="9.249658">
        <ele>458.753342</ele>
        <time>2021-01-31T10:22:55.389Z</time>
      </trkpt>
      <trkpt lat="50.644273" lon="9.249550">
        <ele>458.258873</ele>
        <time>2021-01-31T10:23:04.390Z</time>
      </trkpt>
      <trkpt lat="50.644335" lon="9.249437">
        <ele>457.736801</ele>
        <time>2021-01-31T10:23:12.401Z</time>
      </trkpt>
      <trkpt lat="50.644392" lon="9.249326">
        <ele>457.237774</ele>
        <time>2021-01-31T10:23:20.390Z</time>
      </trkpt>
      <trkpt lat="50.644454" lon="9.249215">
        <ele>456.720967</ele>
        <time>2021-01-31T10:23:29.388Z</time>
      </trkpt>
      <trkpt lat="50.644520" lon="9.249096">
        <ele>456.168615</ele>
        <time>2021-01-31T10:23:38.377Z</time>
      </trkpt>
      <trkpt lat="50.644584" lon="9.248976">
        <ele>455.620786</ele>
        <time>2021-01-31T10:23:47.373Z</time>
      </trkpt>
      <trkpt lat="50.644642" lon="9.248842">
        <ele>455.053951</ele>
        <time>2021-01-31T10:23:56.356Z</time>
      </trkpt>
      <trkpt lat="50.644712" lon="9.248733">
        <ele>454.511943</ele>
        <time>2021-01-31T10:24:05.350Z</time>
      </trkpt>
      <trkpt lat="50.644778" lon="9.248614">
        <ele>453.971388</ele>
        <time>2021-01-31T10:24:14.350Z</time>
      </trkpt>
      <trkpt lat="50.644842" lon="9.248503">
        <ele>453.484238</ele>
        <time>2021-01-31T10:24:29.340Z</time>
      </trkpt>
      <trkpt lat="50.644947" lon="9.248322">
        <ele>452.687671</ele>
        <time>2021-01-31T10:24:56.425Z</time>
      </trkpt>
      <trkpt lat="50.645020" lon="9.248212">
        <ele>452.170646</ele>
        <time>2021-01-31T10:25:05.413Z</time>
      </trkpt>
      <trkpt lat="50.645079" lon="9.248083">
        <ele>451.654180</ele>
        <time>2021-01-31T10:25:14.408Z</time>
      </trkpt>
      <trkpt lat="50.645135" lon="9.247971">
        <ele>451.191047</ele>
        <time>2021-01-31T10:25:22.402Z</time>
      </trkpt>
      <trkpt lat="50.645207" lon="9.247868">
        <ele>450.693261</ele>
        <time>2021-01-31T10:25:31.391Z</time>
      </trkpt>
      <trkpt lat="50.645268" lon="9.247759">
        <ele>450.221201</ele>
        <time>2021-01-31T10:25:40.386Z</time>
      </trkpt>
      <trkpt lat="50.645332" lon="9.247638">
        <ele>449.709563</ele>
        <time>2021-01-31T10:25:48.380Z</time>
      </trkpt>
      <trkpt lat="50.645392" lon="9.247525">
        <ele>449.230992</ele>
        <time>2021-01-31T10:25:57.372Z</time>
      </trkpt>
      <trkpt lat="50.645450" lon="9.247413">
        <ele>448.761451</ele>
        <time>2021-01-31T10:26:07.374Z</time>
      </trkpt>
      <trkpt lat="50.645453" lon="9.247264">
        <ele>448.277388</ele>
        <time>2021-01-31T10:26:15.369Z</time>
      </trkpt>
      <trkpt lat="50.645393" lon="9.247157">
        <ele>447.813587</ele>
        <time>2021-01-31T10:26:23.364Z</time>
      </trkpt>
      <trkpt lat="50.645328" lon="9.247040">
        <ele>447.308495</ele>
        <time>2021-01-31T10:26:32.372Z</time>
      </trkpt>
      <trkpt lat="50.645271" lon="9.246928">
        <ele>446.842175</ele>
        <time>2021-01-31T10:26:40.359Z</time>
      </trkpt>
      <trkpt lat="50.645207" lon="9.246825">
        <ele>446.373921</ele>
        <time>2021-01-31T10:26:48.351Z</time>
      </trkpt>
      <trkpt lat="50.645138" lon="9.246712">
        <ele>445.864536</ele>
        <time>2021-01-31T10:26:57.345Z</time>
      </trkpt>
      <trkpt lat="50.645080" lon="9.246587">
        <ele>445.361588</ele>
        <time>2021-01-31T10:27:05.338Z</time>
      </trkpt>
      <trkpt lat="50.645021" lon="9.246476">
        <ele>444.908124</ele>
        <time>2021-01-31T10:27:13.440Z</time>
      </trkpt>
      <trkpt lat="50.644950" lon="9.246370">
        <ele>444.743043</ele>
        <time>2021-01-31T10:27:22.439Z</time>
      </trkpt>
      <trkpt lat="50.644880" lon="9.246259">
        <ele>444.575432</ele>
        <time>2021-01-31T10:27:30.430Z</time>
      </trkpt>
      <trkpt lat="50.644818" lon="9.246143">
        <ele>444.412999</ele>
        <time>2021-01-31T10:27:38.425Z</time>
      </trkpt>
      <trkpt lat="50.644754" lon="9.246025">
        <ele>444.246749</ele>
        <time>2021-01-31T10:27:47.386Z</time>
      </trkpt>
      <trkpt lat="50.644691" lon="9.245911">
        <ele>444.084843</ele>
        <time>2021-01-31T10:27:56.421Z</time>
      </trkpt>
      <trkpt lat="50.644618" lon="9.245805">
        <ele>443.917293</ele>
        <time>2021-01-31T10:28:05.401Z</time>
      </trkpt>
      <trkpt lat="50.644543" lon="9.245702">
        <ele>443.749371</ele>
        <time>2021-01-31T10:28:13.416Z</time>
      </trkpt>
      <trkpt lat="50.644485" lon="9.245594">
        <ele>443.597839</ele>
        <time>2021-01-31T10:28:21.399Z</time>
      </trkpt>
      <trkpt lat="50.644425" lon="9.245479">
        <ele>443.438390</ele>
        <time>2021-01-31T10:28:31.391Z</time>
      </trkpt>
      <trkpt lat="50.644368" lon="9.245354">
        <ele>443.273542</ele>
        <time>2021-01-31T10:28:39.386Z</time>
      </trkpt>
      <trkpt lat="50.644298" lon="9.245247">
        <ele>443.108938</ele>
        <time>2021-01-31T10:28:47.384Z</time>
      </trkpt>
      <trkpt lat="50.644240" lon="9.245129">
        <ele>442.949086</ele>
        <time>2021-01-31T10:28:55.381Z</time>
      </trkpt>
      <trkpt lat="50.644202" lon="9.244993">
        <ele>442.789962</ele>
        <time>2021-01-31T10:29:04.373Z</time>
      </trkpt>
      <trkpt lat="50.644236" lon="9.244853">
        <ele>442.629447</ele>
        <time>2021-01-31T10:29:15.368Z</time>
      </trkpt>
      <trkpt lat="50.644290" lon="9.244737">
        <ele>442.475372</ele>
        <time>2021-01-31T10:29:24.364Z</time>
      </trkpt>
      <trkpt lat="50.644360" lon="9.244646">
        <ele>442.322197</ele>
        <time>2021-01-31T10:29:32.346Z</time>
      </trkpt>
      <trkpt lat="50.644432" lon="9.244554">
        <ele>442.165730</ele>
        <time>2021-01-31T10:29:41.346Z</time>
      </trkpt>
      <trkpt lat="50.644502" lon="9.244464">
        <ele>442.013234</ele>
        <time>2021-01-31T10:29:49.355Z</time>
      </trkpt>
      <trkpt lat="50.644568" lon="9.244355">
        <ele>441.973252</ele>
        <time>2021-01-31T10:29:57.338Z</time>
      </trkpt>
      <trkpt lat="50.644634" lon="9.244256">
        <ele>442.495254</ele>
        <time>2021-01-31T10:30:05.423Z</time>
      </trkpt>
      <trkpt lat="50.644714" lon="9.244164">
        <ele>443.062666</ele>
        <time>2021-01-31T10:30:14.426Z</time>
      </trkpt>
      <trkpt lat="50.644786" lon="9.244076">
        <ele>443.584693</ele>
        <time>2021-01-31T10:30:23.405Z</time>
      </trkpt>
      <trkpt lat="50.644943" lon="9.243968">
        <ele>444.566286</ele>
        <time>2021-01-31T10:31:58.354Z</time>
      </trkpt>
      <trkpt lat="50.645013" lon="9.243880">
        <ele>445.079302</ele>
        <time>2021-01-31T10:32:50.412Z</time>
      </trkpt>
      <trkpt lat="50.645096" lon="9.243821">
        <ele>445.601039</ele>
        <time>2021-01-31T10:33:02.409Z</time>
      </trkpt>
      <trkpt lat="50.645175" lon="9.243744">
        <ele>446.133257</ele>
        <time>2021-01-31T10:33:13.402Z</time>
      </trkpt>
      <trkpt lat="50.645257" lon="9.243676">
        <ele>446.664184</ele>
        <time>2021-01-31T10:33:24.402Z</time>
      </trkpt>
      <trkpt lat="50.645342" lon="9.243617">
        <ele>447.196390</ele>
        <time>2021-01-31T10:33:35.384Z</time>
      </trkpt>
      <trkpt lat="50.645418" lon="9.243534">
        <ele>447.726165</ele>
        <time>2021-01-31T10:33:45.379Z</time>
      </trkpt>
      <trkpt lat="50.645495" lon="9.243441">
        <ele>448.281977</ele>
        <time>2021-01-31T10:33:55.368Z</time>
      </trkpt>
      <trkpt lat="50.645578" lon="9.243364">
        <ele>448.833824</ele>
        <time>2021-01-31T10:34:05.366Z</time>
      </trkpt>
      <trkpt lat="50.645658" lon="9.243293">
        <ele>449.359894</ele>
        <time>2021-01-31T10:34:16.364Z</time>
      </trkpt>
      <trkpt lat="50.645736" lon="9.243213">
        <ele>449.893108</ele>
        <time>2021-01-31T10:34:27.354Z</time>
      </trkpt>
      <trkpt lat="50.645815" lon="9.243126">
        <ele>450.445295</ele>
        <time>2021-01-31T10:34:38.344Z</time>
      </trkpt>
      <trkpt lat="50.645898" lon="9.243057">
        <ele>450.982985</ele>
        <time>2021-01-31T10:34:47.417Z</time>
      </trkpt>
      <trkpt lat="50.645976" lon="9.242983">
        <ele>451.504631</ele>
        <time>2021-01-31T10:34:57.419Z</time>
      </trkpt>
      <trkpt lat="50.646057" lon="9.242901">
        <ele>452.056229</ele>
        <time>2021-01-31T10:35:08.419Z</time>
      </trkpt>
      <trkpt lat="50.646141" lon="9.242835">
        <ele>452.884500</ele>
        <time>2021-01-31T10:35:18.409Z</time>
      </trkpt>
      <trkpt lat="50.646222" lon="9.242755">
        <ele>453.822993</ele>
        <time>2021-01-31T10:35:28.405Z</time>
      </trkpt>
      <trkpt lat="50.646298" lon="9.242673">
        <ele>454.727226</ele>
        <time>2021-01-31T10:35:40.396Z</time>
      </trkpt>
      <trkpt lat="50.646376" lon="9.242591">
        <ele>455.647735</ele>
        <time>2021-01-31T10:35:50.389Z</time>
      </trkpt>
      <trkpt lat="50.646453" lon="9.242510">
        <ele>456.556619</ele>
        <time>2021-01-31T10:35:59.372Z</time>
      </trkpt>
      <trkpt lat="50.646537" lon="9.242430">
        <ele>457.520204</ele>
        <time>2021-01-31T10:36:11.369Z</time>
      </trkpt>
      <trkpt lat="50.646616" lon="9.242340">
        <ele>458.477189</ele>
        <time>2021-01-31T10:36:22.358Z</time>
      </trkpt>
      <trkpt lat="50.646696" lon="9.242260">
        <ele>459.407372</ele>
        <time>2021-01-31T10:36:36.361Z</time>
      </trkpt>
      <trkpt lat="50.646782" lon="9.242188">
        <ele>460.363475</ele>
        <time>2021-01-31T10:36:48.344Z</time>
      </trkpt>
      <trkpt lat="50.646865" lon="9.242107">
        <ele>461.321928</ele>
        <time>2021-01-31T10:36:58.335Z</time>
      </trkpt>
      <trkpt lat="50.646949" lon="9.242010">
        <ele>462.344254</ele>
        <time>2021-01-31T10:37:16.427Z</time>
      </trkpt>
      <trkpt lat="50.647031" lon="9.241924">
        <ele>463.311256</ele>
        <time>2021-01-31T10:37:26.420Z</time>
      </trkpt>
      <trkpt lat="50.647110" lon="9.241853">
        <ele>464.204126</ele>
        <time>2021-01-31T10:37:34.421Z</time>
      </trkpt>
      <trkpt lat="50.647196" lon="9.241776">
        <ele>465.175214</ele>
        <time>2021-01-31T10:37:44.410Z</time>
      </trkpt>
      <trkpt lat="50.647267" lon="9.241686">
        <ele>466.069699</ele>
        <time>2021-01-31T10:37:54.398Z</time>
      </trkpt>
      <trkpt lat="50.647410" lon="9.241745">
        <ele>467.521153</ele>
        <time>2021-01-31T10:38:59.349Z</time>
      </trkpt>
      <trkpt lat="50.647485" lon="9.241828">
        <ele>468.420854</ele>
        <time>2021-01-31T10:39:12.343Z</time>
      </trkpt>
      <trkpt lat="50.647564" lon="9.241902">
        <ele>469.323117</ele>
        <time>2021-01-31T10:39:22.336Z</time>
      </trkpt>
      <trkpt lat="50.647642" lon="9.241993">
        <ele>469.938373</ele>
        <time>2021-01-31T10:39:31.329Z</time>
      </trkpt>
      <trkpt lat="50.647729" lon="9.242071">
        <ele>470.144458</ele>
        <time>2021-01-31T10:39:42.416Z</time>
      </trkpt>
      <trkpt lat="50.647820" lon="9.242137">
        <ele>470.350720</ele>
        <time>2021-01-31T10:39:51.408Z</time>
      </trkpt>
      <trkpt lat="50.647897" lon="9.242231">
        <ele>470.551241</ele>
        <time>2021-01-31T10:40:01.411Z</time>
      </trkpt>
      <trkpt lat="50.647977" lon="9.242311">
        <ele>470.746311</ele>
        <time>2021-01-31T10:40:21.393Z</time>
      </trkpt>
      <trkpt lat="50.648055" lon="9.242381">
        <ele>470.931121</ele>
        <time>2021-01-31T10:40:33.387Z</time>
      </trkpt>
      <trkpt lat="50.648143" lon="9.242458">
        <ele>471.138362</ele>
        <time>2021-01-31T10:40:46.378Z</time>
      </trkpt>
      <trkpt lat="50.648218" lon="9.242543">
        <ele>471.328552</ele>
        <time>2021-01-31T10:40:58.382Z</time>
      </trkpt>
      <trkpt lat="50.648302" lon="9.242624">
        <ele>471.531305</ele>
        <time>2021-01-31T10:41:10.377Z</time>
      </trkpt>
      <trkpt lat="50.648391" lon="9.242693">
        <ele>471.735529</ele>
        <time>2021-01-31T10:41:18.359Z</time>
      </trkpt>
      <trkpt lat="50.648478" lon="9.242767">
        <ele>471.939083</ele>
        <time>2021-01-31T10:41:27.351Z</time>
      </trkpt>
      <trkpt lat="50.648557" lon="9.242848">
        <ele>472.133125</ele>
        <time>2021-01-31T10:41:35.344Z</time>
      </trkpt>
      <trkpt lat="50.648642" lon="9.242913">
        <ele>472.327656</ele>
        <time>2021-01-31T10:41:43.350Z</time>
      </trkpt>
      <trkpt lat="50.648716" lon="9.242999">
        <ele>472.516949</ele>
        <time>2021-01-31T10:41:51.339Z</time>
      </trkpt>
      <trkpt lat="50.648809" lon="9.243057">
        <ele>472.722893</ele>
        <time>2021-01-31T10:42:01.338Z</time>
      </trkpt>
      <trkpt lat="50.648886" lon="9.243133">
        <ele>472.909951</ele>
        <time>2021-01-31T10:42:09.327Z</time>
      </trkpt>
      <trkpt lat="50.648971" lon="9.243221">
        <ele>473.119336</ele>
        <time>2021-01-31T10:42:17.423Z</time>
      </trkpt>
      <trkpt lat="50.649057" lon="9.243286">
        <ele>473.315722</ele>
        <time>2021-01-31T10:42:27.416Z</time>
      </trkpt>
      <trkpt lat="50.649134" lon="9.243373">
        <ele>473.510779</ele>
        <time>2021-01-31T10:42:37.412Z</time>
      </trkpt>
      <trkpt lat="50.649219" lon="9.243422">
        <ele>474.242462</ele>
        <time>2021-01-31T10:42:46.402Z</time>
      </trkpt>
      <trkpt lat="50.649303" lon="9.243494">
        <ele>475.182837</ele>
        <time>2021-01-31T10:42:56.404Z</time>
      </trkpt>
      <trkpt lat="50.649388" lon="9.243573">
        <ele>476.153285</ele>
        <time>2021-01-31T10:43:07.388Z</time>
      </trkpt>
      <trkpt lat="50.649458" lon="9.243661">
        <ele>477.033789</ele>
        <time>2021-01-31T10:43:15.382Z</time>
      </trkpt>
      <trkpt lat="50.649543" lon="9.243732">
        <ele>477.979881</ele>
        <time>2021-01-31T10:43:25.376Z</time>
      </trkpt>
      <trkpt lat="50.649610" lon="9.243841">
        <ele>478.926684</ele>
        <time>2021-01-31T10:43:35.366Z</time>
      </trkpt>
      <trkpt lat="50.649682" lon="9.243937">
        <ele>479.854055</ele>
        <time>2021-01-31T10:43:43.366Z</time>
      </trkpt>
      <trkpt lat="50.649769" lon="9.243975">
        <ele>480.742009</ele>
        <time>2021-01-31T10:43:52.361Z</time>
      </trkpt>
      <trkpt lat="50.649852" lon="9.244047">
        <ele>481.673751</ele>
        <time>2021-01-31T10:44:02.352Z</time>
      </trkpt>
      <trkpt lat="50.649939" lon="9.244104">
        <ele>482.600394</ele>
        <time>2021-01-31T10:44:10.352Z</time>
      </trkpt>
      <trkpt lat="50.650022" lon="9.244185">
        <ele>483.560446</ele>
        <time>2021-01-31T10:44:17.340Z</time>
      </trkpt>
      <trkpt lat="50.650112" lon="9.244256">
        <ele>484.550266</ele>
        <time>2021-01-31T10:44:26.348Z</time>
      </trkpt>
      <trkpt lat="50.650188" lon="9.244360">
        <ele>485.539971</ele>
        <time>2021-01-31T10:44:35.333Z</time>
      </trkpt>
      <trkpt lat="50.650286" lon="9.244369">
        <ele>486.505544</ele>
        <time>2021-01-31T10:44:45.326Z</time>
      </trkpt>
      <trkpt lat="50.650322" lon="9.244678">
        <ele>488.464918</ele>
        <time>2021-01-31T10:50:58.365Z</time>
      </trkpt>
      <trkpt lat="50.650390" lon="9.244818">
        <ele>489.564788</ele>
        <time>2021-01-31T10:51:07.361Z</time>
      </trkpt>
      <trkpt lat="50.650420" lon="9.245123">
        <ele>491.252347</ele>
        <time>2021-01-31T10:51:14.367Z</time>
      </trkpt>
      <trkpt lat="50.650385" lon="9.244888">
        <ele>491.301039</ele>
        <time>2021-01-31T10:51:17.349Z</time>
      </trkpt>
      <trkpt lat="50.650357" lon="9.244718">
        <ele>491.336468</ele>
        <time>2021-01-31T10:51:19.348Z</time>
      </trkpt>
      <trkpt lat="50.650424" lon="9.244342">
        <ele>491.415249</ele>
        <time>2021-01-31T11:06:56.409Z</time>
      </trkpt>
      <trkpt lat="50.650376" lon="9.244485">
        <ele>491.447886</ele>
        <time>2021-01-31T11:07:31.384Z</time>
      </trkpt>
      <trkpt lat="50.650581" lon="9.244112">
        <ele>491.547455</ele>
        <time>2021-01-31T11:08:58.371Z</time>
      </trkpt>
      <trkpt lat="50.650625" lon="9.243987">
        <ele>491.576293</ele>
        <time>2021-01-31T11:09:09.368Z</time>
      </trkpt>
      <trkpt lat="50.650707" lon="9.243917">
        <ele>491.605956</ele>
        <time>2021-01-31T11:09:23.369Z</time>
      </trkpt>
      <trkpt lat="50.650800" lon="9.243895">
        <ele>491.635873</ele>
        <time>2021-01-31T11:09:37.358Z</time>
      </trkpt>
      <trkpt lat="50.650883" lon="9.243966">
        <ele>491.665911</ele>
        <time>2021-01-31T11:09:51.359Z</time>
      </trkpt>
      <trkpt lat="50.650986" lon="9.243953">
        <ele>491.698783</ele>
        <time>2021-01-31T11:10:06.351Z</time>
      </trkpt>
      <trkpt lat="50.651087" lon="9.243906">
        <ele>491.732284</ele>
        <time>2021-01-31T11:10:16.349Z</time>
      </trkpt>
      <trkpt lat="50.651180" lon="9.243879">
        <ele>491.762367</ele>
        <time>2021-01-31T11:10:26.338Z</time>
      </trkpt>
      <trkpt lat="50.651272" lon="9.243857">
        <ele>491.791969</ele>
        <time>2021-01-31T11:10:34.315Z</time>
      </trkpt>
      <trkpt lat="50.651371" lon="9.243816">
        <ele>491.841694</ele>
        <time>2021-01-31T11:10:43.332Z</time>
      </trkpt>
      <trkpt lat="50.651469" lon="9.243810">
        <ele>491.940528</ele>
        <time>2021-01-31T11:10:51.325Z</time>
      </trkpt>
      <trkpt lat="50.651550" lon="9.243746">
        <ele>492.031825</ele>
        <time>2021-01-31T11:11:00.325Z</time>
      </trkpt>
      <trkpt lat="50.651643" lon="9.243698">
        <ele>492.130436</ele>
        <time>2021-01-31T11:11:11.320Z</time>
      </trkpt>
      <trkpt lat="50.651735" lon="9.243660">
        <ele>492.226275</ele>
        <time>2021-01-31T11:11:19.399Z</time>
      </trkpt>
      <trkpt lat="50.651826" lon="9.243608">
        <ele>492.323814</ele>
        <time>2021-01-31T11:11:26.405Z</time>
      </trkpt>
      <trkpt lat="50.651917" lon="9.243584">
        <ele>492.416792</ele>
        <time>2021-01-31T11:11:33.405Z</time>
      </trkpt>
      <trkpt lat="50.652005" lon="9.243548">
        <ele>492.508408</ele>
        <time>2021-01-31T11:11:42.408Z</time>
      </trkpt>
      <trkpt lat="50.652098" lon="9.243527">
        <ele>492.603084</ele>
        <time>2021-01-31T11:11:55.399Z</time>
      </trkpt>
      <trkpt lat="50.652186" lon="9.243487">
        <ele>492.695375</ele>
        <time>2021-01-31T11:12:01.392Z</time>
      </trkpt>
      <trkpt lat="50.652268" lon="9.243417">
        <ele>492.789338</ele>
        <time>2021-01-31T11:12:11.390Z</time>
      </trkpt>
      <trkpt lat="50.652370" lon="9.243371">
        <ele>492.896247</ele>
        <time>2021-01-31T11:12:21.386Z</time>
      </trkpt>
      <trkpt lat="50.652457" lon="9.243313">
        <ele>492.991431</ele>
        <time>2021-01-31T11:12:28.377Z</time>
      </trkpt>
      <trkpt lat="50.652562" lon="9.243238">
        <ele>493.107590</ele>
        <time>2021-01-31T11:12:39.381Z</time>
      </trkpt>
      <trkpt lat="50.652654" lon="9.243182">
        <ele>493.206967</ele>
        <time>2021-01-31T11:12:51.386Z</time>
      </trkpt>
      <trkpt lat="50.652744" lon="9.243122">
        <ele>493.305434</ele>
        <time>2021-01-31T11:12:58.370Z</time>
      </trkpt>
      <trkpt lat="50.652836" lon="9.243106">
        <ele>493.398708</ele>
        <time>2021-01-31T11:13:05.373Z</time>
      </trkpt>
      <trkpt lat="50.652934" lon="9.243077">
        <ele>493.499191</ele>
        <time>2021-01-31T11:13:13.370Z</time>
      </trkpt>
      <trkpt lat="50.653024" lon="9.243057">
        <ele>493.590784</ele>
        <time>2021-01-31T11:13:22.368Z</time>
      </trkpt>
      <trkpt lat="50.653119" lon="9.243032">
        <ele>493.213392</ele>
        <time>2021-01-31T11:13:32.360Z</time>
      </trkpt>
      <trkpt lat="50.653208" lon="9.243000">
        <ele>492.561246</ele>
        <time>2021-01-31T11:13:42.357Z</time>
      </trkpt>
      <trkpt lat="50.653298" lon="9.242981">
        <ele>491.912534</ele>
        <time>2021-01-31T11:13:49.351Z</time>
      </trkpt>
      <trkpt lat="50.653392" lon="9.242943">
        <ele>491.219273</ele>
        <time>2021-01-31T11:14:00.347Z</time>
      </trkpt>
      <trkpt lat="50.653485" lon="9.242933">
        <ele>490.553320</ele>
        <time>2021-01-31T11:14:09.332Z</time>
      </trkpt>
      <trkpt lat="50.653574" lon="9.242973">
        <ele>489.892176</ele>
        <time>2021-01-31T11:14:18.332Z</time>
      </trkpt>
      <trkpt lat="50.653643" lon="9.243085">
        <ele>489.184819</ele>
        <time>2021-01-31T11:14:28.333Z</time>
      </trkpt>
      <trkpt lat="50.653695" lon="9.243212">
        <ele>488.500045</ele>
        <time>2021-01-31T11:14:37.320Z</time>
      </trkpt>
      <trkpt lat="50.653754" lon="9.243327">
        <ele>487.829975</ele>
        <time>2021-01-31T11:14:48.322Z</time>
      </trkpt>
      <trkpt lat="50.653840" lon="9.243383">
        <ele>487.165275</ele>
        <time>2021-01-31T11:14:57.318Z</time>
      </trkpt>
      <trkpt lat="50.653935" lon="9.243397">
        <ele>486.483619</ele>
        <time>2021-01-31T11:15:06.310Z</time>
      </trkpt>
      <trkpt lat="50.654031" lon="9.243380">
        <ele>485.793467</ele>
        <time>2021-01-31T11:15:16.397Z</time>
      </trkpt>
      <trkpt lat="50.654129" lon="9.243379">
        <ele>485.093321</ele>
        <time>2021-01-31T11:15:26.397Z</time>
      </trkpt>
      <trkpt lat="50.654219" lon="9.243400">
        <ele>484.443345</ele>
        <time>2021-01-31T11:15:36.386Z</time>
      </trkpt>
      <trkpt lat="50.654316" lon="9.243417">
        <ele>483.746093</ele>
        <time>2021-01-31T11:15:45.384Z</time>
      </trkpt>
      <trkpt lat="50.654408" lon="9.243458">
        <ele>483.063095</ele>
        <time>2021-01-31T11:15:54.384Z</time>
      </trkpt>
      <trkpt lat="50.654484" lon="9.243560">
        <ele>482.350181</ele>
        <time>2021-01-31T11:16:03.378Z</time>
      </trkpt>
      <trkpt lat="50.654528" lon="9.243693">
        <ele>481.670689</ele>
        <time>2021-01-31T11:16:12.370Z</time>
      </trkpt>
      <trkpt lat="50.654549" lon="9.243845">
        <ele>480.966065</ele>
        <time>2021-01-31T11:16:21.364Z</time>
      </trkpt>
      <trkpt lat="50.654592" lon="9.243974">
        <ele>480.577319</ele>
        <time>2021-01-31T11:16:30.361Z</time>
      </trkpt>
      <trkpt lat="50.654592" lon="9.244119">
        <ele>480.297066</ele>
        <time>2021-01-31T11:16:39.367Z</time>
      </trkpt>
      <trkpt lat="50.654554" lon="9.244263">
        <ele>479.995599</ele>
        <time>2021-01-31T11:16:47.356Z</time>
      </trkpt>
      <trkpt lat="50.654513" lon="9.244401">
        <ele>479.701041</ele>
        <time>2021-01-31T11:16:55.354Z</time>
      </trkpt>
      <trkpt lat="50.654479" lon="9.244541">
        <ele>479.411278</ele>
        <time>2021-01-31T11:17:03.349Z</time>
      </trkpt>
      <trkpt lat="50.654453" lon="9.244686">
        <ele>479.120031</ele>
        <time>2021-01-31T11:17:11.343Z</time>
      </trkpt>
      <trkpt lat="50.654421" lon="9.244827">
        <ele>478.830574</ele>
        <time>2021-01-31T11:17:19.334Z</time>
      </trkpt>
      <trkpt lat="50.654399" lon="9.244972">
        <ele>478.542406</ele>
        <time>2021-01-31T11:17:27.334Z</time>
      </trkpt>
      <trkpt lat="50.654367" lon="9.245113">
        <ele>478.252948</ele>
        <time>2021-01-31T11:17:35.325Z</time>
      </trkpt>
      <trkpt lat="50.654337" lon="9.245258">
        <ele>477.958149</ele>
        <time>2021-01-31T11:17:44.322Z</time>
      </trkpt>
      <trkpt lat="50.654310" lon="9.245411">
        <ele>477.651190</ele>
        <time>2021-01-31T11:17:53.312Z</time>
      </trkpt>
      <trkpt lat="50.654286" lon="9.245556">
        <ele>477.361542</ele>
        <time>2021-01-31T11:18:01.312Z</time>
      </trkpt>
      <trkpt lat="50.654377" lon="9.245591">
        <ele>477.075993</ele>
        <time>2021-01-31T11:18:11.396Z</time>
      </trkpt>
      <trkpt lat="50.654473" lon="9.245597">
        <ele>476.783100</ele>
        <time>2021-01-31T11:18:20.411Z</time>
      </trkpt>
      <trkpt lat="50.654573" lon="9.245623">
        <ele>476.474128</ele>
        <time>2021-01-31T11:18:28.397Z</time>
      </trkpt>
      <trkpt lat="50.654667" lon="9.245645">
        <ele>476.184424</ele>
        <time>2021-01-31T11:18:36.382Z</time>
      </trkpt>
      <trkpt lat="50.654763" lon="9.245684">
        <ele>475.882210</ele>
        <time>2021-01-31T11:18:44.385Z</time>
      </trkpt>
      <trkpt lat="50.654866" lon="9.245706">
        <ele>475.565340</ele>
        <time>2021-01-31T11:18:53.369Z</time>
      </trkpt>
      <trkpt lat="50.654957" lon="9.245737">
        <ele>475.326100</ele>
        <time>2021-01-31T11:19:00.379Z</time>
      </trkpt>
      <trkpt lat="50.655054" lon="9.245766">
        <ele>475.950646</ele>
        <time>2021-01-31T11:19:08.370Z</time>
      </trkpt>
      <trkpt lat="50.655150" lon="9.245782">
        <ele>476.561322</ele>
        <time>2021-01-31T11:19:17.367Z</time>
      </trkpt>
      <trkpt lat="50.655243" lon="9.245772">
        <ele>477.151005</ele>
        <time>2021-01-31T11:19:27.366Z</time>
      </trkpt>
      <trkpt lat="50.655333" lon="9.245749">
        <ele>477.727768</ele>
        <time>2021-01-31T11:19:35.362Z</time>
      </trkpt>
      <trkpt lat="50.655428" lon="9.245690">
        <ele>478.373643</ele>
        <time>2021-01-31T11:19:44.360Z</time>
      </trkpt>
      <trkpt lat="50.655514" lon="9.245642">
        <ele>478.950733</ele>
        <time>2021-01-31T11:19:52.358Z</time>
      </trkpt>
      <trkpt lat="50.655604" lon="9.245611">
        <ele>479.533489</ele>
        <time>2021-01-31T11:20:00.348Z</time>
      </trkpt>
      <trkpt lat="50.655705" lon="9.245610">
        <ele>480.172427</ele>
        <time>2021-01-31T11:20:09.345Z</time>
      </trkpt>
      <trkpt lat="50.655795" lon="9.245660">
        <ele>480.776048</ele>
        <time>2021-01-31T11:20:17.343Z</time>
      </trkpt>
      <trkpt lat="50.655879" lon="9.245743">
        <ele>481.403083</ele>
        <time>2021-01-31T11:20:25.334Z</time>
      </trkpt>
      <trkpt lat="50.655958" lon="9.245828">
        <ele>482.008032</ele>
        <time>2021-01-31T11:20:33.332Z</time>
      </trkpt>
      <trkpt lat="50.656032" lon="9.245927">
        <ele>482.621857</ele>
        <time>2021-01-31T11:20:42.328Z</time>
      </trkpt>
      <trkpt lat="50.656104" lon="9.246014">
        <ele>483.195612</ele>
        <time>2021-01-31T11:20:49.324Z</time>
      </trkpt>
      <trkpt lat="50.656187" lon="9.246098">
        <ele>483.819451</ele>
        <time>2021-01-31T11:20:58.321Z</time>
      </trkpt>
      <trkpt lat="50.656265" lon="9.246201">
        <ele>484.462963</ele>
        <time>2021-01-31T11:21:06.314Z</time>
      </trkpt>
      <trkpt lat="50.656340" lon="9.246294">
        <ele>485.066463</ele>
        <time>2021-01-31T11:21:15.309Z</time>
      </trkpt>
      <trkpt lat="50.656412" lon="9.246390">
        <ele>485.662856</ele>
        <time>2021-01-31T11:21:22.301Z</time>
      </trkpt>
      <trkpt lat="50.656490" lon="9.246484">
        <ele>486.283814</ele>
        <time>2021-01-31T11:21:30.394Z</time>
      </trkpt>
      <trkpt lat="50.656562" lon="9.246578">
        <ele>486.737846</ele>
        <time>2021-01-31T11:21:38.390Z</time>
      </trkpt>
      <trkpt lat="50.656637" lon="9.246672">
        <ele>486.929822</ele>
        <time>2021-01-31T11:21:46.388Z</time>
      </trkpt>
      <trkpt lat="50.656715" lon="9.246769">
        <ele>487.128878</ele>
        <time>2021-01-31T11:21:55.382Z</time>
      </trkpt>
      <trkpt lat="50.656788" lon="9.246861">
        <ele>487.316136</ele>
        <time>2021-01-31T11:22:02.376Z</time>
      </trkpt>
      <trkpt lat="50.656861" lon="9.246946">
        <ele>487.497975</ele>
        <time>2021-01-31T11:22:10.370Z</time>
      </trkpt>
      <trkpt lat="50.656935" lon="9.247043">
        <ele>487.690800</ele>
        <time>2021-01-31T11:22:18.366Z</time>
      </trkpt>
      <trkpt lat="50.657018" lon="9.247139">
        <ele>487.897064</ele>
        <time>2021-01-31T11:22:26.364Z</time>
      </trkpt>
      <trkpt lat="50.657086" lon="9.247235">
        <ele>488.079951</ele>
        <time>2021-01-31T11:22:33.351Z</time>
      </trkpt>
      <trkpt lat="50.657155" lon="9.247326">
        <ele>488.260197</ele>
        <time>2021-01-31T11:22:40.356Z</time>
      </trkpt>
      <trkpt lat="50.657236" lon="9.247415">
        <ele>488.458028</ele>
        <time>2021-01-31T11:22:47.351Z</time>
      </trkpt>
      <trkpt lat="50.657306" lon="9.247505">
        <ele>488.639010</ele>
        <time>2021-01-31T11:22:55.349Z</time>
      </trkpt>
      <trkpt lat="50.657384" lon="9.247604">
        <ele>488.839648</ele>
        <time>2021-01-31T11:23:03.343Z</time>
      </trkpt>
      <trkpt lat="50.657460" lon="9.247696">
        <ele>489.031639</ele>
        <time>2021-01-31T11:23:10.335Z</time>
      </trkpt>
      <trkpt lat="50.657540" lon="9.247792">
        <ele>489.233085</ele>
        <time>2021-01-31T11:23:18.349Z</time>
      </trkpt>
      <trkpt lat="50.657614" lon="9.247888">
        <ele>489.425099</ele>
        <time>2021-01-31T11:23:26.328Z</time>
      </trkpt>
      <trkpt lat="50.657694" lon="9.247971">
        <ele>489.616995</ele>
        <time>2021-01-31T11:23:33.319Z</time>
      </trkpt>
      <trkpt lat="50.657775" lon="9.248069">
        <ele>489.821576</ele>
        <time>2021-01-31T11:23:41.316Z</time>
      </trkpt>
      <trkpt lat="50.657845" lon="9.248158">
        <ele>490.001758</ele>
        <time>2021-01-31T11:23:48.312Z</time>
      </trkpt>
      <trkpt lat="50.657924" lon="9.248258">
        <ele>490.204753</ele>
        <time>2021-01-31T11:23:57.303Z</time>
      </trkpt>
      <trkpt lat="50.658002" lon="9.248357">
        <ele>490.192161</ele>
        <time>2021-01-31T11:24:05.303Z</time>
      </trkpt>
      <trkpt lat="50.658076" lon="9.248442">
        <ele>490.066519</ele>
        <time>2021-01-31T11:24:12.404Z</time>
      </trkpt>
      <trkpt lat="50.658145" lon="9.248535">
        <ele>489.941952</ele>
        <time>2021-01-31T11:24:19.380Z</time>
      </trkpt>
      <trkpt lat="50.658220" lon="9.248616">
        <ele>489.817197</ele>
        <time>2021-01-31T11:24:27.382Z</time>
      </trkpt>
      <trkpt lat="50.658291" lon="9.248710">
        <ele>489.689973</ele>
        <time>2021-01-31T11:24:35.381Z</time>
      </trkpt>
      <trkpt lat="50.658366" lon="9.248790">
        <ele>489.565707</ele>
        <time>2021-01-31T11:24:42.379Z</time>
      </trkpt>
      <trkpt lat="50.658432" lon="9.248892">
        <ele>489.438890</ele>
        <time>2021-01-31T11:24:50.377Z</time>
      </trkpt>
      <trkpt lat="50.658503" lon="9.248981">
        <ele>489.314418</ele>
        <time>2021-01-31T11:24:58.378Z</time>
      </trkpt>
      <trkpt lat="50.658575" lon="9.249070">
        <ele>489.188869</ele>
        <time>2021-01-31T11:25:05.371Z</time>
      </trkpt>
      <trkpt lat="50.658653" lon="9.249161">
        <ele>489.055713</ele>
        <time>2021-01-31T11:25:12.362Z</time>
      </trkpt>
      <trkpt lat="50.658729" lon="9.249261">
        <ele>488.919875</ele>
        <time>2021-01-31T11:25:21.356Z</time>
      </trkpt>
      <trkpt lat="50.658804" lon="9.249347">
        <ele>488.792613</ele>
        <time>2021-01-31T11:25:28.353Z</time>
      </trkpt>
      <trkpt lat="50.658876" lon="9.249444">
        <ele>488.662655</ele>
        <time>2021-01-31T11:25:36.347Z</time>
      </trkpt>
      <trkpt lat="50.658980" lon="9.249552">
        <ele>488.491757</ele>
        <time>2021-01-31T11:26:04.337Z</time>
      </trkpt>
      <trkpt lat="50.659049" lon="9.249656">
        <ele>488.360771</ele>
        <time>2021-01-31T11:26:13.330Z</time>
      </trkpt>
      <trkpt lat="50.659124" lon="9.249750">
        <ele>488.229295</ele>
        <time>2021-01-31T11:26:21.307Z</time>
      </trkpt>
      <trkpt lat="50.659194" lon="9.249843">
        <ele>488.103683</ele>
        <time>2021-01-31T11:26:29.305Z</time>
      </trkpt>
      <trkpt lat="50.659275" lon="9.249928">
        <ele>487.970155</ele>
        <time>2021-01-31T11:26:37.308Z</time>
      </trkpt>
      <trkpt lat="50.659354" lon="9.250021">
        <ele>487.834860</ele>
        <time>2021-01-31T11:26:45.307Z</time>
      </trkpt>
      <trkpt lat="50.659428" lon="9.250133">
        <ele>487.368371</ele>
        <time>2021-01-31T11:26:54.390Z</time>
      </trkpt>
      <trkpt lat="50.659500" lon="9.250229">
        <ele>486.875766</ele>
        <time>2021-01-31T11:27:02.381Z</time>
      </trkpt>
      <trkpt lat="50.659580" lon="9.250314">
        <ele>486.371767</ele>
        <time>2021-01-31T11:27:11.380Z</time>
      </trkpt>
      <trkpt lat="50.659657" lon="9.250414">
        <ele>485.850613</ele>
        <time>2021-01-31T11:27:20.377Z</time>
      </trkpt>
      <trkpt lat="50.659739" lon="9.250512">
        <ele>485.313060</ele>
        <time>2021-01-31T11:27:28.372Z</time>
      </trkpt>
      <trkpt lat="50.659814" lon="9.250601">
        <ele>484.822662</ele>
        <time>2021-01-31T11:27:36.370Z</time>
      </trkpt>
      <trkpt lat="50.659891" lon="9.250710">
        <ele>484.282070</ele>
        <time>2021-01-31T11:27:45.360Z</time>
      </trkpt>
      <trkpt lat="50.659967" lon="9.250795">
        <ele>483.795268</ele>
        <time>2021-01-31T11:27:52.355Z</time>
      </trkpt>
      <trkpt lat="50.660042" lon="9.250892">
        <ele>483.288498</ele>
        <time>2021-01-31T11:28:01.350Z</time>
      </trkpt>
      <trkpt lat="50.660117" lon="9.250985">
        <ele>482.790023</ele>
        <time>2021-01-31T11:28:09.349Z</time>
      </trkpt>
      <trkpt lat="50.660192" lon="9.251081">
        <ele>482.285348</ele>
        <time>2021-01-31T11:28:18.338Z</time>
      </trkpt>
      <trkpt lat="50.660271" lon="9.251169">
        <ele>481.780011</ele>
        <time>2021-01-31T11:28:26.328Z</time>
      </trkpt>
      <trkpt lat="50.660348" lon="9.251262">
        <ele>481.273280</ele>
        <time>2021-01-31T11:28:34.331Z</time>
      </trkpt>
      <trkpt lat="50.660406" lon="9.251372">
        <ele>480.799353</ele>
        <time>2021-01-31T11:28:42.324Z</time>
      </trkpt>
      <trkpt lat="50.660371" lon="9.251508">
        <ele>480.313163</ele>
        <time>2021-01-31T11:28:51.326Z</time>
      </trkpt>
      <trkpt lat="50.660298" lon="9.251618">
        <ele>479.785662</ele>
        <time>2021-01-31T11:28:59.319Z</time>
      </trkpt>
      <trkpt lat="50.660232" lon="9.251716">
        <ele>479.312052</ele>
        <time>2021-01-31T11:29:07.311Z</time>
      </trkpt>
      <trkpt lat="50.660156" lon="9.251824">
        <ele>478.777562</ele>
        <time>2021-01-31T11:29:16.305Z</time>
      </trkpt>
      <trkpt lat="50.660087" lon="9.251915">
        <ele>478.400228</ele>
        <time>2021-01-31T11:29:24.400Z</time>
      </trkpt>
      <trkpt lat="50.660024" lon="9.252029">
        <ele>478.344641</ele>
        <time>2021-01-31T11:29:32.392Z</time>
      </trkpt>
      <trkpt lat="50.659957" lon="9.252136">
        <ele>478.289362</ele>
        <time>2021-01-31T11:29:40.388Z</time>
      </trkpt>
      <trkpt lat="50.659886" lon="9.252251">
        <ele>478.230359</ele>
        <time>2021-01-31T11:29:48.385Z</time>
      </trkpt>
      <trkpt lat="50.659825" lon="9.252376">
        <ele>478.172378</ele>
        <time>2021-01-31T11:29:57.384Z</time>
      </trkpt>
      <trkpt lat="50.659760" lon="9.252489">
        <ele>478.116295</ele>
        <time>2021-01-31T11:30:05.369Z</time>
      </trkpt>
      <trkpt lat="50.659711" lon="9.252620">
        <ele>478.060388</ele>
        <time>2021-01-31T11:30:13.360Z</time>
      </trkpt>
      <trkpt lat="50.659647" lon="9.252738">
        <ele>478.003309</ele>
        <time>2021-01-31T11:30:21.358Z</time>
      </trkpt>
      <trkpt lat="50.659590" lon="9.252847">
        <ele>477.951373</ele>
        <time>2021-01-31T11:30:28.360Z</time>
      </trkpt>
      <trkpt lat="50.659530" lon="9.252965">
        <ele>477.895773</ele>
        <time>2021-01-31T11:30:36.350Z</time>
      </trkpt>
      <trkpt lat="50.659463" lon="9.253082">
        <ele>477.837821</ele>
        <time>2021-01-31T11:30:45.363Z</time>
      </trkpt>
      <trkpt lat="50.659396" lon="9.253200">
        <ele>477.779596</ele>
        <time>2021-01-31T11:30:53.349Z</time>
      </trkpt>
      <trkpt lat="50.659344" lon="9.253315">
        <ele>477.727676</ele>
        <time>2021-01-31T11:31:00.347Z</time>
      </trkpt>
      <trkpt lat="50.659274" lon="9.253436">
        <ele>477.667466</ele>
        <time>2021-01-31T11:31:08.344Z</time>
      </trkpt>
      <trkpt lat="50.659208" lon="9.253554">
        <ele>477.609625</ele>
        <time>2021-01-31T11:31:16.337Z</time>
      </trkpt>
      <trkpt lat="50.659140" lon="9.253656">
        <ele>477.555219</ele>
        <time>2021-01-31T11:31:24.331Z</time>
      </trkpt>
      <trkpt lat="50.659070" lon="9.253768">
        <ele>477.497410</ele>
        <time>2021-01-31T11:31:33.323Z</time>
      </trkpt>
      <trkpt lat="50.658997" lon="9.253858">
        <ele>477.443690</ele>
        <time>2021-01-31T11:31:41.315Z</time>
      </trkpt>
      <trkpt lat="50.658925" lon="9.253966">
        <ele>477.386083</ele>
        <time>2021-01-31T11:31:49.287Z</time>
      </trkpt>
      <trkpt lat="50.658852" lon="9.254072">
        <ele>477.468639</ele>
        <time>2021-01-31T11:31:58.309Z</time>
      </trkpt>
      <trkpt lat="50.658768" lon="9.254154">
        <ele>477.610129</ele>
        <time>2021-01-31T11:32:07.310Z</time>
      </trkpt>
      <trkpt lat="50.658698" lon="9.254253">
        <ele>477.744789</ele>
        <time>2021-01-31T11:32:15.399Z</time>
      </trkpt>
      <trkpt lat="50.658681" lon="9.254392">
        <ele>477.873328</ele>
        <time>2021-01-31T11:32:30.394Z</time>
      </trkpt>
      <trkpt lat="50.658730" lon="9.254523">
        <ele>478.011439</ele>
        <time>2021-01-31T11:32:48.379Z</time>
      </trkpt>
      <trkpt lat="50.658787" lon="9.254640">
        <ele>478.145422</ele>
        <time>2021-01-31T11:32:59.368Z</time>
      </trkpt>
      <trkpt lat="50.658842" lon="9.254773">
        <ele>478.289609</ele>
        <time>2021-01-31T11:33:09.356Z</time>
      </trkpt>
      <trkpt lat="50.658897" lon="9.254906">
        <ele>478.433796</ele>
        <time>2021-01-31T11:33:19.353Z</time>
      </trkpt>
      <trkpt lat="50.658957" lon="9.255024">
        <ele>478.571147</ele>
        <time>2021-01-31T11:33:28.348Z</time>
      </trkpt>
      <trkpt lat="50.659009" lon="9.255151">
        <ele>478.708425</ele>
        <time>2021-01-31T11:33:37.340Z</time>
      </trkpt>
      <trkpt lat="50.659061" lon="9.255279">
        <ele>478.846466</ele>
        <time>2021-01-31T11:33:46.333Z</time>
      </trkpt>
      <trkpt lat="50.659110" lon="9.255409">
        <ele>478.983794</ele>
        <time>2021-01-31T11:33:55.327Z</time>
      </trkpt>
      <trkpt lat="50.659160" lon="9.255545">
        <ele>479.126545</ele>
        <time>2021-01-31T11:34:04.324Z</time>
      </trkpt>
      <trkpt lat="50.659203" lon="9.255669">
        <ele>479.254881</ele>
        <time>2021-01-31T11:34:12.315Z</time>
      </trkpt>
      <trkpt lat="50.659262" lon="9.255796">
        <ele>479.397846</ele>
        <time>2021-01-31T11:34:22.307Z</time>
      </trkpt>
      <trkpt lat="50.659315" lon="9.255925">
        <ele>479.537426</ele>
        <time>2021-01-31T11:34:31.303Z</time>
      </trkpt>
      <trkpt lat="50.659372" lon="9.256048">
        <ele>479.675768</ele>
        <time>2021-01-31T11:34:40.298Z</time>
      </trkpt>
      <trkpt lat="50.659424" lon="9.256165">
        <ele>479.805510</ele>
        <time>2021-01-31T11:34:49.389Z</time>
      </trkpt>
      <trkpt lat="50.659478" lon="9.256286">
        <ele>479.939872</ele>
        <time>2021-01-31T11:34:58.382Z</time>
      </trkpt>
      <trkpt lat="50.659532" lon="9.256414">
        <ele>480.167928</ele>
        <time>2021-01-31T11:35:07.376Z</time>
      </trkpt>
      <trkpt lat="50.659586" lon="9.256533">
        <ele>480.388307</ele>
        <time>2021-01-31T11:35:16.369Z</time>
      </trkpt>
      <trkpt lat="50.659642" lon="9.256660">
        <ele>480.621269</ele>
        <time>2021-01-31T11:35:25.356Z</time>
      </trkpt>
      <trkpt lat="50.659719" lon="9.256762">
        <ele>480.860119</ele>
        <time>2021-01-31T11:35:34.365Z</time>
      </trkpt>
      <trkpt lat="50.659772" lon="9.256887">
        <ele>481.086577</ele>
        <time>2021-01-31T11:35:42.349Z</time>
      </trkpt>
      <trkpt lat="50.659836" lon="9.257010">
        <ele>481.326202</ele>
        <time>2021-01-31T11:35:51.356Z</time>
      </trkpt>
      <trkpt lat="50.659885" lon="9.257131">
        <ele>481.542418</ele>
        <time>2021-01-31T11:35:59.343Z</time>
      </trkpt>
      <trkpt lat="50.659936" lon="9.257254">
        <ele>481.763742</ele>
        <time>2021-01-31T11:36:08.338Z</time>
      </trkpt>
      <trkpt lat="50.659985" lon="9.257374">
        <ele>481.978689</ele>
        <time>2021-01-31T11:36:16.332Z</time>
      </trkpt>
      <trkpt lat="50.660040" lon="9.257498">
        <ele>482.206586</ele>
        <time>2021-01-31T11:36:24.335Z</time>
      </trkpt>
      <trkpt lat="50.660094" lon="9.257616">
        <ele>482.425741</ele>
        <time>2021-01-31T11:36:32.331Z</time>
      </trkpt>
      <trkpt lat="50.660148" lon="9.257748">
        <ele>482.662311</ele>
        <time>2021-01-31T11:36:40.320Z</time>
      </trkpt>
      <trkpt lat="50.660208" lon="9.257865">
        <ele>482.888929</ele>
        <time>2021-01-31T11:36:48.312Z</time>
      </trkpt>
      <trkpt lat="50.660264" lon="9.257983">
        <ele>483.110898</ele>
        <time>2021-01-31T11:36:56.313Z</time>
      </trkpt>
      <trkpt lat="50.660310" lon="9.258107">
        <ele>483.327247</ele>
        <time>2021-01-31T11:37:05.312Z</time>
      </trkpt>
      <trkpt lat="50.660365" lon="9.258234">
        <ele>483.558859</ele>
        <time>2021-01-31T11:37:14.300Z</time>
      </trkpt>
      <trkpt lat="50.660399" lon="9.258388">
        <ele>483.804422</ele>
        <time>2021-01-31T11:37:46.374Z</time>
      </trkpt>
      <trkpt lat="50.660453" lon="9.258508">
        <ele>484.026025</ele>
        <time>2021-01-31T11:37:56.370Z</time>
      </trkpt>
      <trkpt lat="50.660481" lon="9.258652">
        <ele>484.245313</ele>
        <time>2021-01-31T11:38:05.359Z</time>
      </trkpt>
      <trkpt lat="50.660469" lon="9.258800">
        <ele>484.421751</ele>
        <time>2021-01-31T11:38:16.359Z</time>
      </trkpt>
      <trkpt lat="50.660394" lon="9.258897">
        <ele>484.602668</ele>
        <time>2021-01-31T11:38:27.351Z</time>
      </trkpt>
      <trkpt lat="50.660298" lon="9.258881">
        <ele>484.782745</ele>
        <time>2021-01-31T11:38:40.351Z</time>
      </trkpt>
      <trkpt lat="50.660209" lon="9.258828">
        <ele>484.960203</ele>
        <time>2021-01-31T11:38:52.339Z</time>
      </trkpt>
      <trkpt lat="50.660158" lon="9.258704">
        <ele>485.134994</ele>
        <time>2021-01-31T11:39:03.326Z</time>
      </trkpt>
      <trkpt lat="50.660095" lon="9.258599">
        <ele>485.305957</ele>
        <time>2021-01-31T11:39:14.321Z</time>
      </trkpt>
      <trkpt lat="50.660002" lon="9.258583">
        <ele>485.480469</ele>
        <time>2021-01-31T11:39:25.314Z</time>
      </trkpt>
      <trkpt lat="50.659921" lon="9.258666">
        <ele>485.660647</ele>
        <time>2021-01-31T11:39:36.308Z</time>
      </trkpt>
      <trkpt lat="50.659917" lon="9.258852">
        <ele>485.880724</ele>
        <time>2021-01-31T11:40:08.396Z</time>
      </trkpt>
      <trkpt lat="50.660009" lon="9.258872">
        <ele>486.053965</ele>
        <time>2021-01-31T11:40:20.374Z</time>
      </trkpt>
      <trkpt lat="50.659945" lon="9.258763">
        <ele>486.229655</ele>
        <time>2021-01-31T11:40:40.378Z</time>
      </trkpt>
      <trkpt lat="50.660027" lon="9.258824">
        <ele>486.398775</ele>
        <time>2021-01-31T11:41:30.339Z</time>
      </trkpt>
      <trkpt lat="50.659946" lon="9.258894">
        <ele>486.571062</ele>
        <time>2021-01-31T11:41:47.327Z</time>
      </trkpt>
      <trkpt lat="50.659893" lon="9.258769">
        <ele>486.748894</ele>
        <time>2021-01-31T11:42:10.322Z</time>
      </trkpt>
      <trkpt lat="50.659936" lon="9.258638">
        <ele>486.923341</ele>
        <time>2021-01-31T11:42:30.314Z</time>
      </trkpt>
      <trkpt lat="50.660017" lon="9.258562">
        <ele>487.099147</ele>
        <time>2021-01-31T11:42:41.299Z</time>
      </trkpt>
      <trkpt lat="50.660103" lon="9.258605">
        <ele>487.267439</ele>
        <time>2021-01-31T11:42:52.294Z</time>
      </trkpt>
      <trkpt lat="50.660162" lon="9.258725">
        <ele>487.447020</ele>
        <time>2021-01-31T11:43:03.380Z</time>
      </trkpt>
      <trkpt lat="50.660228" lon="9.258827">
        <ele>487.335281</ele>
        <time>2021-01-31T11:43:16.380Z</time>
      </trkpt>
      <trkpt lat="50.660316" lon="9.258862">
        <ele>486.467292</ele>
        <time>2021-01-31T11:43:27.366Z</time>
      </trkpt>
      <trkpt lat="50.660407" lon="9.258887">
        <ele>485.583850</ele>
        <time>2021-01-31T11:43:39.357Z</time>
      </trkpt>
      <trkpt lat="50.660503" lon="9.258862">
        <ele>484.653259</ele>
        <time>2021-01-31T11:43:49.353Z</time>
      </trkpt>
      <trkpt lat="50.660601" lon="9.258865">
        <ele>483.715790</ele>
        <time>2021-01-31T11:43:59.356Z</time>
      </trkpt>
      <trkpt lat="50.660672" lon="9.258959">
        <ele>482.829270</ele>
        <time>2021-01-31T11:44:08.346Z</time>
      </trkpt>
      <trkpt lat="50.660729" lon="9.259086">
        <ele>481.885833</ele>
        <time>2021-01-31T11:44:17.339Z</time>
      </trkpt>
      <trkpt lat="50.660786" lon="9.259196">
        <ele>481.024454</ele>
        <time>2021-01-31T11:44:25.334Z</time>
      </trkpt>
      <trkpt lat="50.660838" lon="9.259319">
        <ele>480.128095</ele>
        <time>2021-01-31T11:44:33.335Z</time>
      </trkpt>
      <trkpt lat="50.660897" lon="9.259436">
        <ele>479.221673</ele>
        <time>2021-01-31T11:44:41.324Z</time>
      </trkpt>
      <trkpt lat="50.660943" lon="9.259561">
        <ele>478.345373</ele>
        <time>2021-01-31T11:44:50.319Z</time>
      </trkpt>
      <trkpt lat="50.661001" lon="9.259681">
        <ele>477.430478</ele>
        <time>2021-01-31T11:44:59.314Z</time>
      </trkpt>
      <trkpt lat="50.661060" lon="9.259809">
        <ele>476.470968</ele>
        <time>2021-01-31T11:45:08.311Z</time>
      </trkpt>
      <trkpt lat="50.661123" lon="9.259931">
        <ele>475.516944</ele>
        <time>2021-01-31T11:45:17.302Z</time>
      </trkpt>
      <trkpt lat="50.661175" lon="9.260062">
        <ele>474.579851</ele>
        <time>2021-01-31T11:45:27.291Z</time>
      </trkpt>
      <trkpt lat="50.661225" lon="9.260189">
        <ele>473.673459</ele>
        <time>2021-01-31T11:45:36.392Z</time>
      </trkpt>
      <trkpt lat="50.661249" lon="9.260326">
        <ele>472.811723</ele>
        <time>2021-01-31T11:45:44.381Z</time>
      </trkpt>
      <trkpt lat="50.661243" lon="9.260479">
        <ele>471.882342</ele>
        <time>2021-01-31T11:45:53.370Z</time>
      </trkpt>
      <trkpt lat="50.661218" lon="9.260620">
        <ele>470.994679</ele>
        <time>2021-01-31T11:46:04.370Z</time>
      </trkpt>
      <trkpt lat="50.661185" lon="9.260758">
        <ele>470.167458</ele>
        <time>2021-01-31T11:46:14.368Z</time>
      </trkpt>
      <trkpt lat="50.661160" lon="9.260902">
        <ele>469.486913</ele>
        <time>2021-01-31T11:46:23.361Z</time>
      </trkpt>
      <trkpt lat="50.661123" lon="9.261047">
        <ele>468.774443</ele>
        <time>2021-01-31T11:46:37.353Z</time>
      </trkpt>
      <trkpt lat="50.661089" lon="9.261178">
        <ele>468.129214</ele>
        <time>2021-01-31T11:46:45.340Z</time>
      </trkpt>
      <trkpt lat="50.661047" lon="9.261304">
        <ele>467.480324</ele>
        <time>2021-01-31T11:46:56.339Z</time>
      </trkpt>
      <trkpt lat="50.661007" lon="9.261446">
        <ele>466.772037</ele>
        <time>2021-01-31T11:47:08.332Z</time>
      </trkpt>
      <trkpt lat="50.660951" lon="9.261567">
        <ele>466.089147</ele>
        <time>2021-01-31T11:47:20.336Z</time>
      </trkpt>
      <trkpt lat="50.660918" lon="9.261717">
        <ele>465.365416</ele>
        <time>2021-01-31T11:47:44.303Z</time>
      </trkpt>
      <trkpt lat="50.660874" lon="9.261841">
        <ele>464.717677</ele>
        <time>2021-01-31T11:47:52.300Z</time>
      </trkpt>
      <trkpt lat="50.660840" lon="9.261974">
        <ele>464.064000</ele>
        <time>2021-01-31T11:48:02.387Z</time>
      </trkpt>
      <trkpt lat="50.660793" lon="9.262100">
        <ele>463.397613</ele>
        <time>2021-01-31T11:48:13.371Z</time>
      </trkpt>
      <trkpt lat="50.660742" lon="9.262223">
        <ele>462.727674</ele>
        <time>2021-01-31T11:48:26.372Z</time>
      </trkpt>
      <trkpt lat="50.660694" lon="9.262370">
        <ele>461.973950</ele>
        <time>2021-01-31T11:48:34.377Z</time>
      </trkpt>
      <trkpt lat="50.660637" lon="9.262490">
        <ele>461.290446</ele>
        <time>2021-01-31T11:48:42.364Z</time>
      </trkpt>
      <trkpt lat="50.660563" lon="9.262589">
        <ele>460.592756</ele>
        <time>2021-01-31T11:48:50.358Z</time>
      </trkpt>
      <trkpt lat="50.660478" lon="9.262666">
        <ele>459.887949</ele>
        <time>2021-01-31T11:48:59.355Z</time>
      </trkpt>
      <trkpt lat="50.660401" lon="9.262745">
        <ele>459.227475</ele>
        <time>2021-01-31T11:49:07.351Z</time>
      </trkpt>
      <trkpt lat="50.660305" lon="9.262787">
        <ele>458.511123</ele>
        <time>2021-01-31T11:49:16.344Z</time>
      </trkpt>
      <trkpt lat="50.660220" lon="9.262848">
        <ele>457.839649</ele>
        <time>2021-01-31T11:49:24.342Z</time>
      </trkpt>
      <trkpt lat="50.660120" lon="9.262874">
        <ele>457.157308</ele>
        <time>2021-01-31T11:49:43.332Z</time>
      </trkpt>
      <trkpt lat="50.660024" lon="9.262880">
        <ele>456.564765</ele>
        <time>2021-01-31T11:49:52.320Z</time>
      </trkpt>
      <trkpt lat="50.659927" lon="9.262861">
        <ele>455.961925</ele>
        <time>2021-01-31T11:50:01.308Z</time>
      </trkpt>
      <trkpt lat="50.659833" lon="9.262846">
        <ele>455.379223</ele>
        <time>2021-01-31T11:50:10.306Z</time>
      </trkpt>
      <trkpt lat="50.659737" lon="9.262818">
        <ele>454.777109</ele>
        <time>2021-01-31T11:50:20.295Z</time>
      </trkpt>
      <trkpt lat="50.659645" lon="9.262796">
        <ele>454.203219</ele>
        <time>2021-01-31T11:50:28.294Z</time>
      </trkpt>
      <trkpt lat="50.659545" lon="9.262783">
        <ele>453.584380</ele>
        <time>2021-01-31T11:50:36.393Z</time>
      </trkpt>
      <trkpt lat="50.659448" lon="9.262778">
        <ele>452.985815</ele>
        <time>2021-01-31T11:50:52.382Z</time>
      </trkpt>
      <trkpt lat="50.659346" lon="9.262773">
        <ele>452.356428</ele>
        <time>2021-01-31T11:51:04.377Z</time>
      </trkpt>
      <trkpt lat="50.659256" lon="9.262728">
        <ele>451.774138</ele>
        <time>2021-01-31T11:51:12.340Z</time>
      </trkpt>
      <trkpt lat="50.659160" lon="9.262721">
        <ele>451.181428</ele>
        <time>2021-01-31T11:51:23.357Z</time>
      </trkpt>
      <trkpt lat="50.659066" lon="9.262712">
        <ele>450.600618</ele>
        <time>2021-01-31T11:51:31.356Z</time>
      </trkpt>
      <trkpt lat="50.658966" lon="9.262707">
        <ele>449.983560</ele>
        <time>2021-01-31T11:51:39.349Z</time>
      </trkpt>
      <trkpt lat="50.658866" lon="9.262703">
        <ele>449.366613</ele>
        <time>2021-01-31T11:51:48.356Z</time>
      </trkpt>
      <trkpt lat="50.658777" lon="9.262683">
        <ele>448.812166</ele>
        <time>2021-01-31T11:51:55.352Z</time>
      </trkpt>
      <trkpt lat="50.658684" lon="9.262655">
        <ele>448.228236</ele>
        <time>2021-01-31T11:52:03.345Z</time>
      </trkpt>
      <trkpt lat="50.658591" lon="9.262608">
        <ele>447.625943</ele>
        <time>2021-01-31T11:52:12.334Z</time>
      </trkpt>
      <trkpt lat="50.658503" lon="9.262577">
        <ele>447.069835</ele>
        <time>2021-01-31T11:52:20.330Z</time>
      </trkpt>
      <trkpt lat="50.658404" lon="9.262548">
        <ele>446.448816</ele>
        <time>2021-01-31T11:52:30.329Z</time>
      </trkpt>
      <trkpt lat="50.658306" lon="9.262533">
        <ele>445.619055</ele>
        <time>2021-01-31T11:52:38.317Z</time>
      </trkpt>
      <trkpt lat="50.658213" lon="9.262571">
        <ele>444.764165</ele>
        <time>2021-01-31T11:52:46.317Z</time>
      </trkpt>
      <trkpt lat="50.658118" lon="9.262562">
        <ele>443.917269</ele>
        <time>2021-01-31T11:52:55.311Z</time>
      </trkpt>
      <trkpt lat="50.658020" lon="9.262588">
        <ele>443.032951</ele>
        <time>2021-01-31T11:53:04.300Z</time>
      </trkpt>
      <trkpt lat="50.657930" lon="9.262617">
        <ele>442.215532</ele>
        <time>2021-01-31T11:53:14.299Z</time>
      </trkpt>
      <trkpt lat="50.657846" lon="9.262674">
        <ele>441.401815</ele>
        <time>2021-01-31T11:53:22.390Z</time>
      </trkpt>
      <trkpt lat="50.657755" lon="9.262711">
        <ele>440.565568</ele>
        <time>2021-01-31T11:53:37.369Z</time>
      </trkpt>
      <trkpt lat="50.657664" lon="9.262761">
        <ele>439.708070</ele>
        <time>2021-01-31T11:53:46.372Z</time>
      </trkpt>
      <trkpt lat="50.657565" lon="9.262771">
        <ele>438.825297</ele>
        <time>2021-01-31T11:53:54.367Z</time>
      </trkpt>
      <trkpt lat="50.657473" lon="9.262796">
        <ele>437.994561</ele>
        <time>2021-01-31T11:54:05.355Z</time>
      </trkpt>
      <trkpt lat="50.657377" lon="9.262801">
        <ele>437.139823</ele>
        <time>2021-01-31T11:54:14.352Z</time>
      </trkpt>
      <trkpt lat="50.657283" lon="9.262820">
        <ele>436.296509</ele>
        <time>2021-01-31T11:54:23.346Z</time>
      </trkpt>
      <trkpt lat="50.657192" lon="9.262843">
        <ele>435.476401</ele>
        <time>2021-01-31T11:54:30.337Z</time>
      </trkpt>
      <trkpt lat="50.657100" lon="9.262871">
        <ele>434.642624</ele>
        <time>2021-01-31T11:54:38.340Z</time>
      </trkpt>
      <trkpt lat="50.657006" lon="9.262911">
        <ele>433.776246</ele>
        <time>2021-01-31T11:54:47.333Z</time>
      </trkpt>
      <trkpt lat="50.656918" lon="9.262952">
        <ele>432.959719</ele>
        <time>2021-01-31T11:54:55.324Z</time>
      </trkpt>
      <trkpt lat="50.656815" lon="9.262989">
        <ele>432.019689</ele>
        <time>2021-01-31T11:55:06.320Z</time>
      </trkpt>
      <trkpt lat="50.656718" lon="9.262997">
        <ele>431.155339</ele>
        <time>2021-01-31T11:55:15.314Z</time>
      </trkpt>
      <trkpt lat="50.656628" lon="9.262992">
        <ele>430.353962</ele>
        <time>2021-01-31T11:55:24.304Z</time>
      </trkpt>
      <trkpt lat="50.656539" lon="9.263032">
        <ele>430.117124</ele>
        <time>2021-01-31T11:55:32.297Z</time>
      </trkpt>
      <trkpt lat="50.656507" lon="9.263175">
        <ele>429.882742</ele>
        <time>2021-01-31T11:55:46.294Z</time>
      </trkpt>
      <trkpt lat="50.656543" lon="9.263314">
        <ele>429.650671</ele>
        <time>2021-01-31T11:55:54.390Z</time>
      </trkpt>
      <trkpt lat="50.656565" lon="9.263466">
        <ele>429.409699</ele>
        <time>2021-01-31T11:56:02.374Z</time>
      </trkpt>
      <trkpt lat="50.656601" lon="9.263607">
        <ele>429.174764</ele>
        <time>2021-01-31T11:56:11.363Z</time>
      </trkpt>
      <trkpt lat="50.656606" lon="9.263750">
        <ele>428.953411</ele>
        <time>2021-01-31T11:56:21.362Z</time>
      </trkpt>
      <trkpt lat="50.656630" lon="9.263892">
        <ele>428.726275</ele>
        <time>2021-01-31T11:56:30.360Z</time>
      </trkpt>
      <trkpt lat="50.656686" lon="9.264019">
        <ele>428.487177</ele>
        <time>2021-01-31T11:56:39.354Z</time>
      </trkpt>
      <trkpt lat="50.656741" lon="9.264177">
        <ele>428.208586</ele>
        <time>2021-01-31T11:56:49.346Z</time>
      </trkpt>
      <trkpt lat="50.656769" lon="9.264321">
        <ele>427.975791</ele>
        <time>2021-01-31T11:56:55.330Z</time>
      </trkpt>
      <trkpt lat="50.656813" lon="9.264448">
        <ele>427.752106</ele>
        <time>2021-01-31T11:57:03.335Z</time>
      </trkpt>
      <trkpt lat="50.656866" lon="9.264569">
        <ele>427.524797</ele>
        <time>2021-01-31T11:57:12.299Z</time>
      </trkpt>
      <trkpt lat="50.656914" lon="9.264717">
        <ele>427.267858</ele>
        <time>2021-01-31T11:57:20.312Z</time>
      </trkpt>
      <trkpt lat="50.656955" lon="9.264845">
        <ele>427.046208</ele>
        <time>2021-01-31T11:57:26.319Z</time>
      </trkpt>
      <trkpt lat="50.656994" lon="9.264989">
        <ele>426.804189</ele>
        <time>2021-01-31T11:57:34.312Z</time>
      </trkpt>
      <trkpt lat="50.657041" lon="9.265119">
        <ele>426.572890</ele>
        <time>2021-01-31T11:57:45.296Z</time>
      </trkpt>
      <trkpt lat="50.657089" lon="9.265262">
        <ele>426.322807</ele>
        <time>2021-01-31T11:57:53.317Z</time>
      </trkpt>
      <trkpt lat="50.657135" lon="9.265401">
        <ele>426.080466</ele>
        <time>2021-01-31T11:58:00.326Z</time>
      </trkpt>
      <trkpt lat="50.657184" lon="9.265522">
        <ele>425.779351</ele>
        <time>2021-01-31T11:58:08.318Z</time>
      </trkpt>
      <trkpt lat="50.657192" lon="9.265678">
        <ele>425.335699</ele>
        <time>2021-01-31T11:58:16.325Z</time>
      </trkpt>
      <trkpt lat="50.657210" lon="9.265834">
        <ele>424.886227</ele>
        <time>2021-01-31T11:58:25.316Z</time>
      </trkpt>
      <trkpt lat="50.657231" lon="9.265991">
        <ele>424.431387</ele>
        <time>2021-01-31T11:58:34.317Z</time>
      </trkpt>
      <trkpt lat="50.657247" lon="9.266132">
        <ele>424.025348</ele>
        <time>2021-01-31T11:58:42.317Z</time>
      </trkpt>
      <trkpt lat="50.657250" lon="9.266288">
        <ele>423.582938</ele>
        <time>2021-01-31T11:58:51.309Z</time>
      </trkpt>
      <trkpt lat="50.657243" lon="9.266430">
        <ele>423.179201</ele>
        <time>2021-01-31T11:58:59.302Z</time>
      </trkpt>
      <trkpt lat="50.657243" lon="9.266583">
        <ele>422.745498</ele>
        <time>2021-01-31T11:59:10.298Z</time>
      </trkpt>
      <trkpt lat="50.657231" lon="9.266736">
        <ele>422.308489</ele>
        <time>2021-01-31T11:59:18.273Z</time>
      </trkpt>
      <trkpt lat="50.657225" lon="9.266889">
        <ele>421.873957</ele>
        <time>2021-01-31T11:59:26.295Z</time>
      </trkpt>
      <trkpt lat="50.657237" lon="9.267047">
        <ele>421.422878</ele>
        <time>2021-01-31T11:59:35.290Z</time>
      </trkpt>
      <trkpt lat="50.657242" lon="9.267190">
        <ele>421.016906</ele>
        <time>2021-01-31T11:59:43.401Z</time>
      </trkpt>
      <trkpt lat="50.657246" lon="9.267335">
        <ele>420.605491</ele>
        <time>2021-01-31T11:59:51.374Z</time>
      </trkpt>
      <trkpt lat="50.657266" lon="9.267489">
        <ele>420.159888</ele>
        <time>2021-01-31T11:59:59.368Z</time>
      </trkpt>
      <trkpt lat="50.657302" lon="9.267628">
        <ele>419.734258</ele>
        <time>2021-01-31T12:00:07.367Z</time>
      </trkpt>
      <trkpt lat="50.657313" lon="9.267776">
        <ele>419.311856</ele>
        <time>2021-01-31T12:00:16.362Z</time>
      </trkpt>
      <trkpt lat="50.657282" lon="9.267909">
        <ele>418.910173</ele>
        <time>2021-01-31T12:00:24.369Z</time>
      </trkpt>
      <trkpt lat="50.657242" lon="9.268046">
        <ele>418.482618</ele>
        <time>2021-01-31T12:00:32.359Z</time>
      </trkpt>
      <trkpt lat="50.657195" lon="9.268186">
        <ele>418.033556</ele>
        <time>2021-01-31T12:00:40.361Z</time>
      </trkpt>
      <trkpt lat="50.657147" lon="9.268319">
        <ele>417.911125</ele>
        <time>2021-01-31T12:00:48.351Z</time>
      </trkpt>
      <trkpt lat="50.657104" lon="9.268460">
        <ele>417.911125</ele>
        <time>2021-01-31T12:00:54.345Z</time>
      </trkpt>
      <trkpt lat="50.657079" lon="9.268609">
        <ele>417.911125</ele>
        <time>2021-01-31T12:01:03.338Z</time>
      </trkpt>
      <trkpt lat="50.657043" lon="9.268747">
        <ele>417.911125</ele>
        <time>2021-01-31T12:01:12.336Z</time>
      </trkpt>
      <trkpt lat="50.657025" lon="9.268890">
        <ele>417.911125</ele>
        <time>2021-01-31T12:01:22.320Z</time>
      </trkpt>
      <trkpt lat="50.657018" lon="9.269039">
        <ele>417.911125</ele>
        <time>2021-01-31T12:01:33.320Z</time>
      </trkpt>
      <trkpt lat="50.656992" lon="9.269177">
        <ele>417.911125</ele>
        <time>2021-01-31T12:01:40.308Z</time>
      </trkpt>
      <trkpt lat="50.656980" lon="9.269323">
        <ele>417.911125</ele>
        <time>2021-01-31T12:01:46.304Z</time>
      </trkpt>
      <trkpt lat="50.656990" lon="9.269488">
        <ele>417.911125</ele>
        <time>2021-01-31T12:01:55.298Z</time>
      </trkpt>
      <trkpt lat="50.656963" lon="9.269630">
        <ele>417.911125</ele>
        <time>2021-01-31T12:02:02.302Z</time>
      </trkpt>
      <trkpt lat="50.656907" lon="9.269760">
        <ele>417.911125</ele>
        <time>2021-01-31T12:02:15.379Z</time>
      </trkpt>
      <trkpt lat="50.656820" lon="9.269823">
        <ele>417.911125</ele>
        <time>2021-01-31T12:02:22.371Z</time>
      </trkpt>
      <trkpt lat="50.656727" lon="9.269800">
        <ele>417.911125</ele>
        <time>2021-01-31T12:02:31.359Z</time>
      </trkpt>
      <trkpt lat="50.656632" lon="9.269791">
        <ele>417.911125</ele>
        <time>2021-01-31T12:02:38.371Z</time>
      </trkpt>
      <trkpt lat="50.656541" lon="9.269834">
        <ele>417.911125</ele>
        <time>2021-01-31T12:02:47.402Z</time>
      </trkpt>
      <trkpt lat="50.656450" lon="9.269872">
        <ele>417.911125</ele>
        <time>2021-01-31T12:02:54.362Z</time>
      </trkpt>
      <trkpt lat="50.656359" lon="9.269906">
        <ele>417.911125</ele>
        <time>2021-01-31T12:03:03.335Z</time>
      </trkpt>
      <trkpt lat="50.656269" lon="9.269938">
        <ele>417.911125</ele>
        <time>2021-01-31T12:03:18.348Z</time>
      </trkpt>
      <trkpt lat="50.656185" lon="9.269995">
        <ele>417.911125</ele>
        <time>2021-01-31T12:03:27.335Z</time>
      </trkpt>
      <trkpt lat="50.656098" lon="9.270045">
        <ele>417.911125</ele>
        <time>2021-01-31T12:03:35.340Z</time>
      </trkpt>
      <trkpt lat="50.655999" lon="9.270074">
        <ele>417.911125</ele>
        <time>2021-01-31T12:03:42.328Z</time>
      </trkpt>
      <trkpt lat="50.655954" lon="9.269939">
        <ele>417.911125</ele>
        <time>2021-01-31T12:03:50.323Z</time>
      </trkpt>
      <trkpt lat="50.655939" lon="9.269795">
        <ele>417.911125</ele>
        <time>2021-01-31T12:04:00.318Z</time>
      </trkpt>
      <trkpt lat="50.655998" lon="9.269584">
        <ele>417.911125</ele>
        <time>2021-01-31T12:04:24.302Z</time>
      </trkpt>
      <trkpt lat="50.656053" lon="9.269469">
        <ele>417.911125</ele>
        <time>2021-01-31T12:04:33.302Z</time>
      </trkpt>
      <trkpt lat="50.656062" lon="9.269465">
        <ele>417.911125</ele>
        <time>2021-01-31T12:05:10.711Z</time>
      </trkpt>
    </trkseg>
  </trk>
</gpx>