<?xml version="1.0" encoding="utf-8" standalone="yes"?>
<gpx version="1.0" creator="CanWay - http://www.canwaygps.com" xmlns:xsi="http://www.w3.org/2001/XMLSchema-instance" xmlns="http://www.topografix.com/GPX/1/0" xsi:schemaLocation="http://www.topografix.com/GPX/1/0 http://www.topografix.com/GPX/1/0/gpx.xsd">
<time>2020-07-23T23:55:42Z</time>
<bounds minlat="48.846389" minlon="8.899158" maxlat="48.864036" maxlon="8.951606" />
<trk>
<name>2020-07-23 18-17_IVV-PW Flacht_Graf v. Kapfenhart</name>
<trkseg>
<trkpt lat="48.846499" lon="8.930180">
<ele>377.4</ele>
<time>2020-07-23T18:17:27Z</time>
<speed>0.0</speed>
</trkpt>
<trkpt lat="48.846502" lon="8.930188">
<ele>371.8</ele>
<time>2020-07-23T18:17:32Z</time>
<speed>0.0</speed>
</trkpt>
<trkpt lat="48.846510" lon="8.930177">
<ele>371.0</ele>
<time>2020-07-23T18:17:37Z</time>
<speed>0.0</speed>
</trkpt>
<trkpt lat="48.846513" lon="8.930154">
<ele>368.0</ele>
<time>2020-07-23T18:17:42Z</time>
<speed>0.0</speed>
</trkpt>
<trkpt lat="48.846526" lon="8.930157">
<ele>368.1</ele>
<time>2020-07-23T18:17:47Z</time>
<speed>0.0</speed>
</trkpt>
<trkpt lat="48.846540" lon="8.930145">
<ele>368.1</ele>
<time>2020-07-23T18:17:52Z</time>
<speed>0.0</speed>
</trkpt>
<trkpt lat="48.846552" lon="8.930145">
<ele>369.6</ele>
<time>2020-07-23T18:17:57Z</time>
<speed>0.0</speed>
</trkpt>
<trkpt lat="48.846566" lon="8.930102">
<ele>362.9</ele>
<time>2020-07-23T18:18:02Z</time>
<speed>0.0</speed>
</trkpt>
<trkpt lat="48.846566" lon="8.930102">
<ele>362.9</ele>
<time>2020-07-23T18:18:07Z</time>
<speed>0.0</speed>
</trkpt>
<trkpt lat="48.846560" lon="8.930102">
<ele>362.2</ele>
<time>2020-07-23T18:18:12Z</time>
<speed>0.0</speed>
</trkpt>
<trkpt lat="48.846560" lon="8.930102">
<ele>362.2</ele>
<time>2020-07-23T18:18:17Z</time>
<speed>0.0</speed>
</trkpt>
<trkpt lat="48.846560" lon="8.930102">
<ele>362.2</ele>
<time>2020-07-23T18:18:22Z</time>
<speed>0.0</speed>
</trkpt>
<trkpt lat="48.846560" lon="8.930102">
<ele>362.2</ele>
<time>2020-07-23T18:18:27Z</time>
<speed>0.0</speed>
</trkpt>
<trkpt lat="48.846560" lon="8.930102">
<ele>362.2</ele>
<time>2020-07-23T18:18:32Z</time>
<speed>0.0</speed>
</trkpt>
<trkpt lat="48.846560" lon="8.930102">
<ele>362.2</ele>
<time>2020-07-23T18:18:38Z</time>
<speed>0.3</speed>
</trkpt>
<trkpt lat="48.846529" lon="8.930098">
<ele>361.2</ele>
<time>2020-07-23T18:18:43Z</time>
<speed>0.0</speed>
</trkpt>
<trkpt lat="48.846514" lon="8.930123">
<ele>361.3</ele>
<time>2020-07-23T18:18:48Z</time>
<speed>0.6</speed>
</trkpt>
<trkpt lat="48.846497" lon="8.930174">
<ele>361.6</ele>
<time>2020-07-23T18:18:53Z</time>
<speed>0.8</speed>
</trkpt>
<trkpt lat="48.846474" lon="8.930143">
<ele>361.2</ele>
<time>2020-07-23T18:18:58Z</time>
<speed>0.0</speed>
</trkpt>
<trkpt lat="48.846496" lon="8.930205">
<ele>359.0</ele>
<time>2020-07-23T18:19:03Z</time>
<speed>0.8</speed>
</trkpt>
<trkpt lat="48.846520" lon="8.930254">
<ele>356.7</ele>
<time>2020-07-23T18:19:08Z</time>
<speed>0.6</speed>
</trkpt>
<trkpt lat="48.846542" lon="8.930314">
<ele>355.9</ele>
<time>2020-07-23T18:19:13Z</time>
<speed>0.8</speed>
</trkpt>
<trkpt lat="48.846556" lon="8.930401">
<ele>354.6</ele>
<time>2020-07-23T18:19:18Z</time>
<speed>0.8</speed>
</trkpt>
<trkpt lat="48.846556" lon="8.930500">
<ele>353.3</ele>
<time>2020-07-23T18:19:23Z</time>
<speed>0.8</speed>
</trkpt>
<trkpt lat="48.846563" lon="8.930585">
<ele>352.6</ele>
<time>2020-07-23T18:19:28Z</time>
<speed>1.1</speed>
</trkpt>
<trkpt lat="48.846551" lon="8.930666">
<ele>352.4</ele>
<time>2020-07-23T18:19:33Z</time>
<speed>0.8</speed>
</trkpt>
<trkpt lat="48.846559" lon="8.930737">
<ele>351.7</ele>
<time>2020-07-23T18:19:38Z</time>
<speed>0.8</speed>
</trkpt>
<trkpt lat="48.846559" lon="8.930820">
<ele>351.6</ele>
<time>2020-07-23T18:19:43Z</time>
<speed>1.1</speed>
</trkpt>
<trkpt lat="48.846564" lon="8.930916">
<ele>352.4</ele>
<time>2020-07-23T18:19:48Z</time>
<speed>1.1</speed>
</trkpt>
<trkpt lat="48.846570" lon="8.931013">
<ele>353.3</ele>
<time>2020-07-23T18:19:53Z</time>
<speed>1.1</speed>
</trkpt>
<trkpt lat="48.846569" lon="8.931109">
<ele>353.3</ele>
<time>2020-07-23T18:19:58Z</time>
<speed>1.1</speed>
</trkpt>
<trkpt lat="48.846515" lon="8.931206">
<ele>355.9</ele>
<time>2020-07-23T18:20:03Z</time>
<speed>1.4</speed>
</trkpt>
<trkpt lat="48.846484" lon="8.931285">
<ele>354.9</ele>
<time>2020-07-23T18:20:08Z</time>
<speed>1.1</speed>
</trkpt>
<trkpt lat="48.846497" lon="8.931370">
<ele>354.9</ele>
<time>2020-07-23T18:20:13Z</time>
<speed>1.1</speed>
</trkpt>
<trkpt lat="48.846507" lon="8.931428">
<ele>354.1</ele>
<time>2020-07-23T18:20:18Z</time>
<speed>0.6</speed>
</trkpt>
<trkpt lat="48.846533" lon="8.931501">
<ele>354.1</ele>
<time>2020-07-23T18:20:23Z</time>
<speed>1.1</speed>
</trkpt>
<trkpt lat="48.846564" lon="8.931602">
<ele>355.1</ele>
<time>2020-07-23T18:20:28Z</time>
<speed>1.1</speed>
</trkpt>
<trkpt lat="48.846576" lon="8.931685">
<ele>356.6</ele>
<time>2020-07-23T18:20:33Z</time>
<speed>1.1</speed>
</trkpt>
<trkpt lat="48.846606" lon="8.931785">
<ele>357.6</ele>
<time>2020-07-23T18:20:38Z</time>
<speed>0.8</speed>
</trkpt>
<trkpt lat="48.846622" lon="8.931893">
<ele>361.5</ele>
<time>2020-07-23T18:20:43Z</time>
<speed>1.1</speed>
</trkpt>
<trkpt lat="48.846564" lon="8.931997">
<ele>359.1</ele>
<time>2020-07-23T18:20:48Z</time>
<speed>1.1</speed>
</trkpt>
<trkpt lat="48.846519" lon="8.932084">
<ele>359.5</ele>
<time>2020-07-23T18:20:53Z</time>
<speed>1.1</speed>
</trkpt>
<trkpt lat="48.846441" lon="8.932099">
<ele>359.1</ele>
<time>2020-07-23T18:20:58Z</time>
<speed>0.8</speed>
</trkpt>
<trkpt lat="48.846462" lon="8.932089">
<ele>358.4</ele>
<time>2020-07-23T18:21:03Z</time>
<speed>0.8</speed>
</trkpt>
<trkpt lat="48.846508" lon="8.932152">
<ele>359.2</ele>
<time>2020-07-23T18:21:08Z</time>
<speed>1.1</speed>
</trkpt>
<trkpt lat="48.846535" lon="8.932225">
<ele>359.3</ele>
<time>2020-07-23T18:21:13Z</time>
<speed>0.8</speed>
</trkpt>
<trkpt lat="48.846577" lon="8.932326">
<ele>361.8</ele>
<time>2020-07-23T18:21:18Z</time>
<speed>1.1</speed>
</trkpt>
<trkpt lat="48.846600" lon="8.932438">
<ele>363.6</ele>
<time>2020-07-23T18:21:23Z</time>
<speed>1.1</speed>
</trkpt>
<trkpt lat="48.846613" lon="8.932507">
<ele>365.0</ele>
<time>2020-07-23T18:21:28Z</time>
<speed>0.8</speed>
</trkpt>
<trkpt lat="48.846612" lon="8.932604">
<ele>365.0</ele>
<time>2020-07-23T18:21:33Z</time>
<speed>1.1</speed>
</trkpt>
<trkpt lat="48.846623" lon="8.932633">
<ele>365.3</ele>
<time>2020-07-23T18:21:38Z</time>
<speed>0.0</speed>
</trkpt>
<trkpt lat="48.846610" lon="8.932630">
<ele>365.2</ele>
<time>2020-07-23T18:21:43Z</time>
<speed>0.0</speed>
</trkpt>
<trkpt lat="48.846622" lon="8.932646">
<ele>365.4</ele>
<time>2020-07-23T18:21:48Z</time>
<speed>0.6</speed>
</trkpt>
<trkpt lat="48.846643" lon="8.932706">
<ele>364.7</ele>
<time>2020-07-23T18:21:53Z</time>
<speed>1.1</speed>
</trkpt>
<trkpt lat="48.846628" lon="8.932778">
<ele>360.9</ele>
<time>2020-07-23T18:21:58Z</time>
<speed>1.1</speed>
</trkpt>
<trkpt lat="48.846648" lon="8.932865">
<ele>360.3</ele>
<time>2020-07-23T18:22:03Z</time>
<speed>1.1</speed>
</trkpt>
<trkpt lat="48.846681" lon="8.932941">
<ele>359.7</ele>
<time>2020-07-23T18:22:08Z</time>
<speed>1.1</speed>
</trkpt>
<trkpt lat="48.846683" lon="8.933012">
<ele>358.1</ele>
<time>2020-07-23T18:22:13Z</time>
<speed>1.1</speed>
</trkpt>
<trkpt lat="48.846692" lon="8.933086">
<ele>356.0</ele>
<time>2020-07-23T18:22:18Z</time>
<speed>1.1</speed>
</trkpt>
<trkpt lat="48.846681" lon="8.933169">
<ele>354.4</ele>
<time>2020-07-23T18:22:23Z</time>
<speed>1.1</speed>
</trkpt>
<trkpt lat="48.846675" lon="8.933251">
<ele>353.6</ele>
<time>2020-07-23T18:22:28Z</time>
<speed>1.1</speed>
</trkpt>
<trkpt lat="48.846681" lon="8.933350">
<ele>353.0</ele>
<time>2020-07-23T18:22:33Z</time>
<speed>1.1</speed>
</trkpt>
<trkpt lat="48.846694" lon="8.933435">
<ele>353.1</ele>
<time>2020-07-23T18:22:38Z</time>
<speed>1.1</speed>
</trkpt>
<trkpt lat="48.846687" lon="8.933529">
<ele>353.8</ele>
<time>2020-07-23T18:22:43Z</time>
<speed>1.1</speed>
</trkpt>
<trkpt lat="48.846667" lon="8.933623">
<ele>353.0</ele>
<time>2020-07-23T18:22:48Z</time>
<speed>1.1</speed>
</trkpt>
<trkpt lat="48.846667" lon="8.933720">
<ele>353.1</ele>
<time>2020-07-23T18:22:53Z</time>
<speed>1.1</speed>
</trkpt>
<trkpt lat="48.846654" lon="8.933814">
<ele>353.1</ele>
<time>2020-07-23T18:22:58Z</time>
<speed>1.1</speed>
</trkpt>
<trkpt lat="48.846654" lon="8.933897">
<ele>353.0</ele>
<time>2020-07-23T18:23:03Z</time>
<speed>1.1</speed>
</trkpt>
<trkpt lat="48.846647" lon="8.933991">
<ele>353.7</ele>
<time>2020-07-23T18:23:08Z</time>
<speed>1.1</speed>
</trkpt>
<trkpt lat="48.846638" lon="8.934099">
<ele>354.6</ele>
<time>2020-07-23T18:23:13Z</time>
<speed>1.1</speed>
</trkpt>
<trkpt lat="48.846625" lon="8.934177">
<ele>355.8</ele>
<time>2020-07-23T18:23:18Z</time>
<speed>1.1</speed>
</trkpt>
<trkpt lat="48.846618" lon="8.934271">
<ele>356.5</ele>
<time>2020-07-23T18:23:23Z</time>
<speed>0.8</speed>
</trkpt>
<trkpt lat="48.846624" lon="8.934354">
<ele>357.2</ele>
<time>2020-07-23T18:23:28Z</time>
<speed>0.8</speed>
</trkpt>
<trkpt lat="48.846618" lon="8.934435">
<ele>357.9</ele>
<time>2020-07-23T18:23:33Z</time>
<speed>0.8</speed>
</trkpt>
<trkpt lat="48.846611" lon="8.934531">
<ele>357.2</ele>
<time>2020-07-23T18:23:38Z</time>
<speed>0.8</speed>
</trkpt>
<trkpt lat="48.846612" lon="8.934616">
<ele>355.7</ele>
<time>2020-07-23T18:23:43Z</time>
<speed>0.8</speed>
</trkpt>
<trkpt lat="48.846606" lon="8.934713">
<ele>355.0</ele>
<time>2020-07-23T18:23:48Z</time>
<speed>1.1</speed>
</trkpt>
<trkpt lat="48.846604" lon="8.934822">
<ele>355.2</ele>
<time>2020-07-23T18:23:53Z</time>
<speed>1.1</speed>
</trkpt>
<trkpt lat="48.846603" lon="8.934917">
<ele>356.7</ele>
<time>2020-07-23T18:23:58Z</time>
<speed>0.6</speed>
</trkpt>
<trkpt lat="48.846605" lon="8.934973">
<ele>356.4</ele>
<time>2020-07-23T18:24:03Z</time>
<speed>0.8</speed>
</trkpt>
<trkpt lat="48.846593" lon="8.935038">
<ele>357.6</ele>
<time>2020-07-23T18:24:08Z</time>
<speed>0.8</speed>
</trkpt>
<trkpt lat="48.846592" lon="8.935134">
<ele>357.7</ele>
<time>2020-07-23T18:24:13Z</time>
<speed>0.8</speed>
</trkpt>
<trkpt lat="48.846599" lon="8.935217">
<ele>358.4</ele>
<time>2020-07-23T18:24:18Z</time>
<speed>0.8</speed>
</trkpt>
<trkpt lat="48.846612" lon="8.935304">
<ele>357.0</ele>
<time>2020-07-23T18:24:23Z</time>
<speed>1.1</speed>
</trkpt>
<trkpt lat="48.846625" lon="8.935405">
<ele>355.8</ele>
<time>2020-07-23T18:24:28Z</time>
<speed>1.1</speed>
</trkpt>
<trkpt lat="48.846652" lon="8.935494">
<ele>354.6</ele>
<time>2020-07-23T18:24:33Z</time>
<speed>0.8</speed>
</trkpt>
<trkpt lat="48.846683" lon="8.935581">
<ele>355.5</ele>
<time>2020-07-23T18:24:38Z</time>
<speed>1.1</speed>
</trkpt>
<trkpt lat="48.846709" lon="8.935668">
<ele>355.7</ele>
<time>2020-07-23T18:24:43Z</time>
<speed>1.1</speed>
</trkpt>
<trkpt lat="48.846728" lon="8.935755">
<ele>355.1</ele>
<time>2020-07-23T18:24:48Z</time>
<speed>1.1</speed>
</trkpt>
<trkpt lat="48.846749" lon="8.935829">
<ele>354.4</ele>
<time>2020-07-23T18:24:53Z</time>
<speed>1.1</speed>
</trkpt>
<trkpt lat="48.846775" lon="8.935916">
<ele>354.6</ele>
<time>2020-07-23T18:24:58Z</time>
<speed>1.1</speed>
</trkpt>
<trkpt lat="48.846788" lon="8.936001">
<ele>354.6</ele>
<time>2020-07-23T18:25:03Z</time>
<speed>1.1</speed>
</trkpt>
<trkpt lat="48.846812" lon="8.936101">
<ele>354.9</ele>
<time>2020-07-23T18:25:08Z</time>
<speed>1.1</speed>
</trkpt>
<trkpt lat="48.846825" lon="8.936186">
<ele>355.0</ele>
<time>2020-07-23T18:25:13Z</time>
<speed>1.1</speed>
</trkpt>
<trkpt lat="48.846831" lon="8.936285">
<ele>354.4</ele>
<time>2020-07-23T18:25:18Z</time>
<speed>1.1</speed>
</trkpt>
<trkpt lat="48.846832" lon="8.936370">
<ele>352.9</ele>
<time>2020-07-23T18:25:23Z</time>
<speed>1.1</speed>
</trkpt>
<trkpt lat="48.846832" lon="8.936466">
<ele>353.0</ele>
<time>2020-07-23T18:25:28Z</time>
<speed>1.1</speed>
</trkpt>
<trkpt lat="48.846839" lon="8.936551">
<ele>352.3</ele>
<time>2020-07-23T18:25:33Z</time>
<speed>1.1</speed>
</trkpt>
<trkpt lat="48.846845" lon="8.936650">
<ele>351.7</ele>
<time>2020-07-23T18:25:38Z</time>
<speed>1.1</speed>
</trkpt>
<trkpt lat="48.846838" lon="8.936746">
<ele>351.1</ele>
<time>2020-07-23T18:25:43Z</time>
<speed>1.1</speed>
</trkpt>
<trkpt lat="48.846837" lon="8.936842">
<ele>351.1</ele>
<time>2020-07-23T18:25:48Z</time>
<speed>1.1</speed>
</trkpt>
<trkpt lat="48.846838" lon="8.936925">
<ele>351.1</ele>
<time>2020-07-23T18:25:53Z</time>
<speed>1.4</speed>
</trkpt>
<trkpt lat="48.846844" lon="8.937024">
<ele>350.5</ele>
<time>2020-07-23T18:25:58Z</time>
<speed>1.1</speed>
</trkpt>
<trkpt lat="48.846844" lon="8.937106">
<ele>350.5</ele>
<time>2020-07-23T18:26:03Z</time>
<speed>1.1</speed>
</trkpt>
<trkpt lat="48.846856" lon="8.937205">
<ele>350.6</ele>
<time>2020-07-23T18:26:08Z</time>
<speed>1.1</speed>
</trkpt>
<trkpt lat="48.846869" lon="8.937290">
<ele>350.7</ele>
<time>2020-07-23T18:26:13Z</time>
<speed>1.1</speed>
</trkpt>
<trkpt lat="48.846876" lon="8.937375">
<ele>350.0</ele>
<time>2020-07-23T18:26:18Z</time>
<speed>1.1</speed>
</trkpt>
<trkpt lat="48.846876" lon="8.937471">
<ele>350.1</ele>
<time>2020-07-23T18:26:23Z</time>
<speed>1.1</speed>
</trkpt>
<trkpt lat="48.846877" lon="8.937556">
<ele>348.6</ele>
<time>2020-07-23T18:26:28Z</time>
<speed>1.1</speed>
</trkpt>
<trkpt lat="48.846876" lon="8.937653">
<ele>348.7</ele>
<time>2020-07-23T18:26:33Z</time>
<speed>1.1</speed>
</trkpt>
<trkpt lat="48.846889" lon="8.937738">
<ele>348.8</ele>
<time>2020-07-23T18:26:38Z</time>
<speed>1.1</speed>
</trkpt>
<trkpt lat="48.846901" lon="8.937836">
<ele>348.9</ele>
<time>2020-07-23T18:26:43Z</time>
<speed>1.1</speed>
</trkpt>
<trkpt lat="48.846908" lon="8.937921">
<ele>348.2</ele>
<time>2020-07-23T18:26:48Z</time>
<speed>1.1</speed>
</trkpt>
<trkpt lat="48.846921" lon="8.938006">
<ele>348.3</ele>
<time>2020-07-23T18:26:53Z</time>
<speed>1.1</speed>
</trkpt>
<trkpt lat="48.846934" lon="8.938091">
<ele>348.4</ele>
<time>2020-07-23T18:26:58Z</time>
<speed>1.1</speed>
</trkpt>
<trkpt lat="48.846953" lon="8.938176">
<ele>349.2</ele>
<time>2020-07-23T18:27:03Z</time>
<speed>1.1</speed>
</trkpt>
<trkpt lat="48.846966" lon="8.938261">
<ele>349.3</ele>
<time>2020-07-23T18:27:08Z</time>
<speed>1.1</speed>
</trkpt>
<trkpt lat="48.846972" lon="8.938359">
<ele>348.7</ele>
<time>2020-07-23T18:27:13Z</time>
<speed>1.1</speed>
</trkpt>
<trkpt lat="48.846988" lon="8.938404">
<ele>348.4</ele>
<time>2020-07-23T18:27:18Z</time>
<speed>0.3</speed>
</trkpt>
<trkpt lat="48.846995" lon="8.938390">
<ele>349.1</ele>
<time>2020-07-23T18:27:23Z</time>
<speed>0.0</speed>
</trkpt>
<trkpt lat="48.847005" lon="8.938420">
<ele>349.4</ele>
<time>2020-07-23T18:27:28Z</time>
<speed>1.1</speed>
</trkpt>
<trkpt lat="48.847018" lon="8.938504">
<ele>349.5</ele>
<time>2020-07-23T18:27:33Z</time>
<speed>1.1</speed>
</trkpt>
<trkpt lat="48.847018" lon="8.938601">
<ele>349.5</ele>
<time>2020-07-23T18:27:38Z</time>
<speed>1.1</speed>
</trkpt>
<trkpt lat="48.847024" lon="8.938699">
<ele>348.9</ele>
<time>2020-07-23T18:27:43Z</time>
<speed>1.4</speed>
</trkpt>
<trkpt lat="48.847017" lon="8.938796">
<ele>348.3</ele>
<time>2020-07-23T18:27:48Z</time>
<speed>1.4</speed>
</trkpt>
<trkpt lat="48.847016" lon="8.938892">
<ele>348.3</ele>
<time>2020-07-23T18:27:53Z</time>
<speed>1.4</speed>
</trkpt>
<trkpt lat="48.847010" lon="8.938988">
<ele>347.6</ele>
<time>2020-07-23T18:27:58Z</time>
<speed>1.4</speed>
</trkpt>
<trkpt lat="48.847009" lon="8.939085">
<ele>347.7</ele>
<time>2020-07-23T18:28:03Z</time>
<speed>1.4</speed>
</trkpt>
<trkpt lat="48.847003" lon="8.939181">
<ele>347.0</ele>
<time>2020-07-23T18:28:08Z</time>
<speed>1.1</speed>
</trkpt>
<trkpt lat="48.846996" lon="8.939277">
<ele>346.3</ele>
<time>2020-07-23T18:28:13Z</time>
<speed>1.1</speed>
</trkpt>
<trkpt lat="48.847002" lon="8.939360">
<ele>347.0</ele>
<time>2020-07-23T18:28:18Z</time>
<speed>1.4</speed>
</trkpt>
<trkpt lat="48.847008" lon="8.939459">
<ele>346.5</ele>
<time>2020-07-23T18:28:23Z</time>
<speed>1.1</speed>
</trkpt>
<trkpt lat="48.847014" lon="8.939557">
<ele>345.9</ele>
<time>2020-07-23T18:28:28Z</time>
<speed>1.1</speed>
</trkpt>
<trkpt lat="48.847020" lon="8.939653">
<ele>346.7</ele>
<time>2020-07-23T18:28:33Z</time>
<speed>1.1</speed>
</trkpt>
<trkpt lat="48.847033" lon="8.939738">
<ele>346.8</ele>
<time>2020-07-23T18:28:38Z</time>
<speed>1.4</speed>
</trkpt>
<trkpt lat="48.847044" lon="8.939837">
<ele>346.9</ele>
<time>2020-07-23T18:28:43Z</time>
<speed>1.4</speed>
</trkpt>
<trkpt lat="48.847051" lon="8.939935">
<ele>346.3</ele>
<time>2020-07-23T18:28:48Z</time>
<speed>1.1</speed>
</trkpt>
<trkpt lat="48.847057" lon="8.940018">
<ele>347.1</ele>
<time>2020-07-23T18:28:53Z</time>
<speed>1.1</speed>
</trkpt>
<trkpt lat="48.847069" lon="8.940117">
<ele>347.2</ele>
<time>2020-07-23T18:28:58Z</time>
<speed>1.1</speed>
</trkpt>
<trkpt lat="48.847075" lon="8.940215">
<ele>346.6</ele>
<time>2020-07-23T18:29:03Z</time>
<speed>1.1</speed>
</trkpt>
<trkpt lat="48.847080" lon="8.940311">
<ele>347.5</ele>
<time>2020-07-23T18:29:08Z</time>
<speed>1.1</speed>
</trkpt>
<trkpt lat="48.847093" lon="8.940396">
<ele>347.5</ele>
<time>2020-07-23T18:29:13Z</time>
<speed>1.4</speed>
</trkpt>
<trkpt lat="48.847099" lon="8.940495">
<ele>346.9</ele>
<time>2020-07-23T18:29:18Z</time>
<speed>1.1</speed>
</trkpt>
<trkpt lat="48.847105" lon="8.940578">
<ele>347.7</ele>
<time>2020-07-23T18:29:23Z</time>
<speed>1.1</speed>
</trkpt>
<trkpt lat="48.847119" lon="8.940665">
<ele>346.3</ele>
<time>2020-07-23T18:29:28Z</time>
<speed>1.1</speed>
</trkpt>
<trkpt lat="48.847126" lon="8.940750">
<ele>345.6</ele>
<time>2020-07-23T18:29:33Z</time>
<speed>1.1</speed>
</trkpt>
<trkpt lat="48.847138" lon="8.940848">
<ele>345.8</ele>
<time>2020-07-23T18:29:38Z</time>
<speed>1.1</speed>
</trkpt>
<trkpt lat="48.847165" lon="8.940922">
<ele>345.9</ele>
<time>2020-07-23T18:29:43Z</time>
<speed>1.1</speed>
</trkpt>
<trkpt lat="48.847184" lon="8.941009">
<ele>345.3</ele>
<time>2020-07-23T18:29:48Z</time>
<speed>1.1</speed>
</trkpt>
<trkpt lat="48.847210" lon="8.941096">
<ele>345.5</ele>
<time>2020-07-23T18:29:53Z</time>
<speed>1.1</speed>
</trkpt>
<trkpt lat="48.847235" lon="8.941183">
<ele>345.6</ele>
<time>2020-07-23T18:29:58Z</time>
<speed>1.1</speed>
</trkpt>
<trkpt lat="48.847261" lon="8.941270">
<ele>345.8</ele>
<time>2020-07-23T18:30:03Z</time>
<speed>1.1</speed>
</trkpt>
<trkpt lat="48.847281" lon="8.941357">
<ele>345.2</ele>
<time>2020-07-23T18:30:08Z</time>
<speed>1.1</speed>
</trkpt>
<trkpt lat="48.847306" lon="8.941444">
<ele>345.4</ele>
<time>2020-07-23T18:30:13Z</time>
<speed>1.1</speed>
</trkpt>
<trkpt lat="48.847332" lon="8.941531">
<ele>345.6</ele>
<time>2020-07-23T18:30:18Z</time>
<speed>1.1</speed>
</trkpt>
<trkpt lat="48.847353" lon="8.941605">
<ele>344.9</ele>
<time>2020-07-23T18:30:23Z</time>
<speed>1.1</speed>
</trkpt>
<trkpt lat="48.847372" lon="8.941690">
<ele>345.7</ele>
<time>2020-07-23T18:30:28Z</time>
<speed>1.1</speed>
</trkpt>
<trkpt lat="48.847397" lon="8.941777">
<ele>345.9</ele>
<time>2020-07-23T18:30:33Z</time>
<speed>1.1</speed>
</trkpt>
<trkpt lat="48.847416" lon="8.941878">
<ele>345.4</ele>
<time>2020-07-23T18:30:38Z</time>
<speed>1.1</speed>
</trkpt>
<trkpt lat="48.847429" lon="8.941963">
<ele>345.4</ele>
<time>2020-07-23T18:30:43Z</time>
<speed>1.1</speed>
</trkpt>
<trkpt lat="48.847454" lon="8.942050">
<ele>345.6</ele>
<time>2020-07-23T18:30:48Z</time>
<speed>1.1</speed>
</trkpt>
<trkpt lat="48.847474" lon="8.942137">
<ele>345.0</ele>
<time>2020-07-23T18:30:53Z</time>
<speed>1.1</speed>
</trkpt>
<trkpt lat="48.847480" lon="8.942235">
<ele>344.4</ele>
<time>2020-07-23T18:30:58Z</time>
<speed>1.1</speed>
</trkpt>
<trkpt lat="48.847493" lon="8.942320">
<ele>344.5</ele>
<time>2020-07-23T18:31:03Z</time>
<speed>1.1</speed>
</trkpt>
<trkpt lat="48.847506" lon="8.942405">
<ele>344.6</ele>
<time>2020-07-23T18:31:08Z</time>
<speed>1.1</speed>
</trkpt>
<trkpt lat="48.847518" lon="8.942504">
<ele>344.7</ele>
<time>2020-07-23T18:31:13Z</time>
<speed>1.1</speed>
</trkpt>
<trkpt lat="48.847518" lon="8.942587">
<ele>344.7</ele>
<time>2020-07-23T18:31:18Z</time>
<speed>1.1</speed>
</trkpt>
<trkpt lat="48.847531" lon="8.942672">
<ele>344.8</ele>
<time>2020-07-23T18:31:23Z</time>
<speed>1.1</speed>
</trkpt>
<trkpt lat="48.847537" lon="8.942770">
<ele>344.2</ele>
<time>2020-07-23T18:31:28Z</time>
<speed>1.1</speed>
</trkpt>
<trkpt lat="48.847544" lon="8.942853">
<ele>344.9</ele>
<time>2020-07-23T18:31:33Z</time>
<speed>1.1</speed>
</trkpt>
<trkpt lat="48.847555" lon="8.942951">
<ele>345.1</ele>
<time>2020-07-23T18:31:38Z</time>
<speed>1.1</speed>
</trkpt>
<trkpt lat="48.847557" lon="8.943036">
<ele>343.6</ele>
<time>2020-07-23T18:31:43Z</time>
<speed>1.1</speed>
</trkpt>
<trkpt lat="48.847569" lon="8.943135">
<ele>343.8</ele>
<time>2020-07-23T18:31:48Z</time>
<speed>1.1</speed>
</trkpt>
<trkpt lat="48.847581" lon="8.943220">
<ele>343.9</ele>
<time>2020-07-23T18:31:53Z</time>
<speed>1.4</speed>
</trkpt>
<trkpt lat="48.847587" lon="8.943318">
<ele>343.3</ele>
<time>2020-07-23T18:31:58Z</time>
<speed>1.4</speed>
</trkpt>
<trkpt lat="48.847587" lon="8.943415">
<ele>343.4</ele>
<time>2020-07-23T18:32:03Z</time>
<speed>1.4</speed>
</trkpt>
<trkpt lat="48.847586" lon="8.943511">
<ele>343.4</ele>
<time>2020-07-23T18:32:08Z</time>
<speed>1.1</speed>
</trkpt>
<trkpt lat="48.847612" lon="8.943598">
<ele>343.6</ele>
<time>2020-07-23T18:32:13Z</time>
<speed>1.1</speed>
</trkpt>
<trkpt lat="48.847667" lon="8.943636">
<ele>343.6</ele>
<time>2020-07-23T18:32:18Z</time>
<speed>1.1</speed>
</trkpt>
<trkpt lat="48.847741" lon="8.943662">
<ele>344.3</ele>
<time>2020-07-23T18:32:23Z</time>
<speed>1.1</speed>
</trkpt>
<trkpt lat="48.847804" lon="8.943672">
<ele>344.8</ele>
<time>2020-07-23T18:32:28Z</time>
<speed>0.8</speed>
</trkpt>
<trkpt lat="48.847817" lon="8.943674">
<ele>344.9</ele>
<time>2020-07-23T18:32:33Z</time>
<speed>0.0</speed>
</trkpt>
<trkpt lat="48.847817" lon="8.943674">
<ele>344.9</ele>
<time>2020-07-23T18:32:38Z</time>
<speed>0.0</speed>
</trkpt>
<trkpt lat="48.847817" lon="8.943674">
<ele>344.9</ele>
<time>2020-07-23T18:32:43Z</time>
<speed>0.0</speed>
</trkpt>
<trkpt lat="48.847817" lon="8.943674">
<ele>344.9</ele>
<time>2020-07-23T18:32:48Z</time>
<speed>0.0</speed>
</trkpt>
<trkpt lat="48.847817" lon="8.943674">
<ele>344.9</ele>
<time>2020-07-23T18:32:53Z</time>
<speed>0.0</speed>
</trkpt>
<trkpt lat="48.847817" lon="8.943674">
<ele>344.9</ele>
<time>2020-07-23T18:32:58Z</time>
<speed>0.0</speed>
</trkpt>
<trkpt lat="48.847817" lon="8.943674">
<ele>344.9</ele>
<time>2020-07-23T18:33:03Z</time>
<speed>0.0</speed>
</trkpt>
<trkpt lat="48.847798" lon="8.943672">
<ele>344.0</ele>
<time>2020-07-23T18:33:08Z</time>
<speed>0.3</speed>
</trkpt>
<trkpt lat="48.847805" lon="8.943674">
<ele>343.4</ele>
<time>2020-07-23T18:33:13Z</time>
<speed>0.0</speed>
</trkpt>
<trkpt lat="48.847805" lon="8.943674">
<ele>343.4</ele>
<time>2020-07-23T18:33:18Z</time>
<speed>0.0</speed>
</trkpt>
<trkpt lat="48.847798" lon="8.943672">
<ele>344.0</ele>
<time>2020-07-23T18:33:23Z</time>
<speed>0.0</speed>
</trkpt>
<trkpt lat="48.847798" lon="8.943672">
<ele>344.0</ele>
<time>2020-07-23T18:33:28Z</time>
<speed>0.0</speed>
</trkpt>
<trkpt lat="48.847798" lon="8.943672">
<ele>344.0</ele>
<time>2020-07-23T18:33:33Z</time>
<speed>0.0</speed>
</trkpt>
<trkpt lat="48.847798" lon="8.943672">
<ele>344.0</ele>
<time>2020-07-23T18:33:38Z</time>
<speed>0.0</speed>
</trkpt>
<trkpt lat="48.847798" lon="8.943672">
<ele>344.0</ele>
<time>2020-07-23T18:33:43Z</time>
<speed>0.0</speed>
</trkpt>
<trkpt lat="48.847798" lon="8.943672">
<ele>344.0</ele>
<time>2020-07-23T18:33:48Z</time>
<speed>0.0</speed>
</trkpt>
<trkpt lat="48.847792" lon="8.943672">
<ele>343.3</ele>
<time>2020-07-23T18:33:53Z</time>
<speed>0.0</speed>
</trkpt>
<trkpt lat="48.847792" lon="8.943672">
<ele>343.3</ele>
<time>2020-07-23T18:33:58Z</time>
<speed>0.0</speed>
</trkpt>
<trkpt lat="48.847792" lon="8.943672">
<ele>343.3</ele>
<time>2020-07-23T18:34:03Z</time>
<speed>0.0</speed>
</trkpt>
<trkpt lat="48.847792" lon="8.943672">
<ele>343.3</ele>
<time>2020-07-23T18:34:08Z</time>
<speed>0.0</speed>
</trkpt>
<trkpt lat="48.847792" lon="8.943672">
<ele>343.3</ele>
<time>2020-07-23T18:34:13Z</time>
<speed>0.0</speed>
</trkpt>
<trkpt lat="48.847792" lon="8.943672">
<ele>343.3</ele>
<time>2020-07-23T18:34:18Z</time>
<speed>0.0</speed>
</trkpt>
<trkpt lat="48.847792" lon="8.943672">
<ele>343.3</ele>
<time>2020-07-23T18:34:23Z</time>
<speed>0.0</speed>
</trkpt>
<trkpt lat="48.847788" lon="8.943659">
<ele>342.4</ele>
<time>2020-07-23T18:34:28Z</time>
<speed>0.0</speed>
</trkpt>
<trkpt lat="48.847788" lon="8.943659">
<ele>342.4</ele>
<time>2020-07-23T18:34:33Z</time>
<speed>0.0</speed>
</trkpt>
<trkpt lat="48.847749" lon="8.943666">
<ele>342.2</ele>
<time>2020-07-23T18:34:38Z</time>
<speed>1.1</speed>
</trkpt>
<trkpt lat="48.847697" lon="8.943671">
<ele>341.9</ele>
<time>2020-07-23T18:34:43Z</time>
<speed>1.1</speed>
</trkpt>
<trkpt lat="48.847639" lon="8.943674">
<ele>342.3</ele>
<time>2020-07-23T18:34:48Z</time>
<speed>1.1</speed>
</trkpt>
<trkpt lat="48.847586" lon="8.943706">
<ele>342.2</ele>
<time>2020-07-23T18:34:53Z</time>
<speed>1.1</speed>
</trkpt>
<trkpt lat="48.847560" lon="8.943798">
<ele>342.0</ele>
<time>2020-07-23T18:34:58Z</time>
<speed>1.1</speed>
</trkpt>
<trkpt lat="48.847560" lon="8.943881">
<ele>342.0</ele>
<time>2020-07-23T18:35:03Z</time>
<speed>1.1</speed>
</trkpt>
<trkpt lat="48.847539" lon="8.943986">
<ele>342.7</ele>
<time>2020-07-23T18:35:08Z</time>
<speed>1.1</speed>
</trkpt>
<trkpt lat="48.847532" lon="8.944083">
<ele>342.0</ele>
<time>2020-07-23T18:35:13Z</time>
<speed>1.4</speed>
</trkpt>
<trkpt lat="48.847533" lon="8.944165">
<ele>342.0</ele>
<time>2020-07-23T18:35:18Z</time>
<speed>1.1</speed>
</trkpt>
<trkpt lat="48.847519" lon="8.944260">
<ele>341.9</ele>
<time>2020-07-23T18:35:23Z</time>
<speed>1.1</speed>
</trkpt>
<trkpt lat="48.847514" lon="8.944343">
<ele>341.1</ele>
<time>2020-07-23T18:35:28Z</time>
<speed>1.1</speed>
</trkpt>
<trkpt lat="48.847501" lon="8.944437">
<ele>341.1</ele>
<time>2020-07-23T18:35:33Z</time>
<speed>1.1</speed>
</trkpt>
<trkpt lat="48.847481" lon="8.944529">
<ele>341.7</ele>
<time>2020-07-23T18:35:38Z</time>
<speed>1.4</speed>
</trkpt>
<trkpt lat="48.847467" lon="8.944623">
<ele>341.7</ele>
<time>2020-07-23T18:35:43Z</time>
<speed>1.1</speed>
</trkpt>
<trkpt lat="48.847455" lon="8.944704">
<ele>341.5</ele>
<time>2020-07-23T18:35:48Z</time>
<speed>1.1</speed>
</trkpt>
<trkpt lat="48.847449" lon="8.944800">
<ele>340.9</ele>
<time>2020-07-23T18:35:53Z</time>
<speed>1.1</speed>
</trkpt>
<trkpt lat="48.847435" lon="8.944894">
<ele>340.8</ele>
<time>2020-07-23T18:35:58Z</time>
<speed>1.1</speed>
</trkpt>
<trkpt lat="48.847428" lon="8.944989">
<ele>341.5</ele>
<time>2020-07-23T18:36:03Z</time>
<speed>1.1</speed>
</trkpt>
<trkpt lat="48.847422" lon="8.945071">
<ele>340.7</ele>
<time>2020-07-23T18:36:08Z</time>
<speed>1.4</speed>
</trkpt>
<trkpt lat="48.847422" lon="8.945168">
<ele>340.8</ele>
<time>2020-07-23T18:36:13Z</time>
<speed>1.1</speed>
</trkpt>
<trkpt lat="48.847427" lon="8.945264">
<ele>341.6</ele>
<time>2020-07-23T18:36:18Z</time>
<speed>1.1</speed>
</trkpt>
<trkpt lat="48.847420" lon="8.945360">
<ele>340.9</ele>
<time>2020-07-23T18:36:23Z</time>
<speed>1.1</speed>
</trkpt>
<trkpt lat="48.847427" lon="8.945443">
<ele>341.7</ele>
<time>2020-07-23T18:36:28Z</time>
<speed>1.1</speed>
</trkpt>
<trkpt lat="48.847426" lon="8.945540">
<ele>341.7</ele>
<time>2020-07-23T18:36:33Z</time>
<speed>1.1</speed>
</trkpt>
<trkpt lat="48.847426" lon="8.945622">
<ele>341.7</ele>
<time>2020-07-23T18:36:38Z</time>
<speed>1.1</speed>
</trkpt>
<trkpt lat="48.847426" lon="8.945719">
<ele>341.8</ele>
<time>2020-07-23T18:36:43Z</time>
<speed>1.1</speed>
</trkpt>
<trkpt lat="48.847425" lon="8.945815">
<ele>341.8</ele>
<time>2020-07-23T18:36:48Z</time>
<speed>1.1</speed>
</trkpt>
<trkpt lat="48.847412" lon="8.945909">
<ele>341.8</ele>
<time>2020-07-23T18:36:53Z</time>
<speed>1.1</speed>
</trkpt>
<trkpt lat="48.847405" lon="8.946006">
<ele>341.1</ele>
<time>2020-07-23T18:36:58Z</time>
<speed>1.1</speed>
</trkpt>
<trkpt lat="48.847393" lon="8.946086">
<ele>341.0</ele>
<time>2020-07-23T18:37:03Z</time>
<speed>1.1</speed>
</trkpt>
<trkpt lat="48.847380" lon="8.946181">
<ele>340.9</ele>
<time>2020-07-23T18:37:08Z</time>
<speed>1.1</speed>
</trkpt>
<trkpt lat="48.847366" lon="8.946275">
<ele>340.9</ele>
<time>2020-07-23T18:37:13Z</time>
<speed>1.4</speed>
</trkpt>
<trkpt lat="48.847353" lon="8.946369">
<ele>340.9</ele>
<time>2020-07-23T18:37:18Z</time>
<speed>1.1</speed>
</trkpt>
<trkpt lat="48.847341" lon="8.946450">
<ele>340.7</ele>
<time>2020-07-23T18:37:23Z</time>
<speed>1.1</speed>
</trkpt>
<trkpt lat="48.847327" lon="8.946544">
<ele>340.7</ele>
<time>2020-07-23T18:37:28Z</time>
<speed>1.1</speed>
</trkpt>
<trkpt lat="48.847314" lon="8.946638">
<ele>340.6</ele>
<time>2020-07-23T18:37:33Z</time>
<speed>1.1</speed>
</trkpt>
<trkpt lat="48.847307" lon="8.946732">
<ele>341.4</ele>
<time>2020-07-23T18:37:38Z</time>
<speed>1.4</speed>
</trkpt>
<trkpt lat="48.847293" lon="8.946827">
<ele>341.3</ele>
<time>2020-07-23T18:37:43Z</time>
<speed>1.4</speed>
</trkpt>
<trkpt lat="48.847280" lon="8.946921">
<ele>341.3</ele>
<time>2020-07-23T18:37:48Z</time>
<speed>1.1</speed>
</trkpt>
<trkpt lat="48.847280" lon="8.947017">
<ele>341.3</ele>
<time>2020-07-23T18:37:53Z</time>
<speed>1.1</speed>
</trkpt>
<trkpt lat="48.847266" lon="8.947111">
<ele>341.3</ele>
<time>2020-07-23T18:37:58Z</time>
<speed>1.1</speed>
</trkpt>
<trkpt lat="48.847261" lon="8.947194">
<ele>340.5</ele>
<time>2020-07-23T18:38:03Z</time>
<speed>1.1</speed>
</trkpt>
<trkpt lat="48.847260" lon="8.947291">
<ele>340.6</ele>
<time>2020-07-23T18:38:08Z</time>
<speed>1.1</speed>
</trkpt>
<trkpt lat="48.847259" lon="8.947387">
<ele>340.7</ele>
<time>2020-07-23T18:38:13Z</time>
<speed>1.4</speed>
</trkpt>
<trkpt lat="48.847247" lon="8.947468">
<ele>340.5</ele>
<time>2020-07-23T18:38:18Z</time>
<speed>1.4</speed>
</trkpt>
<trkpt lat="48.847245" lon="8.947577">
<ele>340.7</ele>
<time>2020-07-23T18:38:23Z</time>
<speed>1.4</speed>
</trkpt>
<trkpt lat="48.847246" lon="8.947660">
<ele>340.7</ele>
<time>2020-07-23T18:38:28Z</time>
<speed>1.4</speed>
</trkpt>
<trkpt lat="48.847232" lon="8.947755">
<ele>340.6</ele>
<time>2020-07-23T18:38:33Z</time>
<speed>1.1</speed>
</trkpt>
<trkpt lat="48.847232" lon="8.947851">
<ele>340.7</ele>
<time>2020-07-23T18:38:38Z</time>
<speed>1.1</speed>
</trkpt>
<trkpt lat="48.847225" lon="8.947947">
<ele>340.0</ele>
<time>2020-07-23T18:38:43Z</time>
<speed>1.1</speed>
</trkpt>
<trkpt lat="48.847218" lon="8.948041">
<ele>340.7</ele>
<time>2020-07-23T18:38:48Z</time>
<speed>1.1</speed>
</trkpt>
<trkpt lat="48.847217" lon="8.948138">
<ele>340.8</ele>
<time>2020-07-23T18:38:53Z</time>
<speed>1.1</speed>
</trkpt>
<trkpt lat="48.847212" lon="8.948221">
<ele>340.0</ele>
<time>2020-07-23T18:38:58Z</time>
<speed>1.1</speed>
</trkpt>
<trkpt lat="48.847204" lon="8.948315">
<ele>340.7</ele>
<time>2020-07-23T18:39:03Z</time>
<speed>1.1</speed>
</trkpt>
<trkpt lat="48.847203" lon="8.948411">
<ele>340.8</ele>
<time>2020-07-23T18:39:08Z</time>
<speed>1.1</speed>
</trkpt>
<trkpt lat="48.847203" lon="8.948507">
<ele>340.8</ele>
<time>2020-07-23T18:39:13Z</time>
<speed>1.4</speed>
</trkpt>
<trkpt lat="48.847196" lon="8.948604">
<ele>340.2</ele>
<time>2020-07-23T18:39:18Z</time>
<speed>1.4</speed>
</trkpt>
<trkpt lat="48.847201" lon="8.948700">
<ele>341.0</ele>
<time>2020-07-23T18:39:23Z</time>
<speed>1.1</speed>
</trkpt>
<trkpt lat="48.847208" lon="8.948785">
<ele>340.3</ele>
<time>2020-07-23T18:39:28Z</time>
<speed>1.1</speed>
</trkpt>
<trkpt lat="48.847209" lon="8.948868">
<ele>340.2</ele>
<time>2020-07-23T18:39:33Z</time>
<speed>1.1</speed>
</trkpt>
<trkpt lat="48.847221" lon="8.948966">
<ele>340.4</ele>
<time>2020-07-23T18:39:38Z</time>
<speed>1.1</speed>
</trkpt>
<trkpt lat="48.847234" lon="8.949051">
<ele>340.5</ele>
<time>2020-07-23T18:39:43Z</time>
<speed>1.1</speed>
</trkpt>
<trkpt lat="48.847247" lon="8.949136">
<ele>340.6</ele>
<time>2020-07-23T18:39:48Z</time>
<speed>1.1</speed>
</trkpt>
<trkpt lat="48.847265" lon="8.949237">
<ele>340.1</ele>
<time>2020-07-23T18:39:53Z</time>
<speed>1.1</speed>
</trkpt>
<trkpt lat="48.847278" lon="8.949322">
<ele>340.1</ele>
<time>2020-07-23T18:39:58Z</time>
<speed>1.1</speed>
</trkpt>
<trkpt lat="48.847291" lon="8.949407">
<ele>340.2</ele>
<time>2020-07-23T18:40:03Z</time>
<speed>1.1</speed>
</trkpt>
<trkpt lat="48.847304" lon="8.949492">
<ele>340.3</ele>
<time>2020-07-23T18:40:08Z</time>
<speed>1.1</speed>
</trkpt>
<trkpt lat="48.847317" lon="8.949577">
<ele>340.3</ele>
<time>2020-07-23T18:40:13Z</time>
<speed>1.1</speed>
</trkpt>
<trkpt lat="48.847336" lon="8.949677">
<ele>339.9</ele>
<time>2020-07-23T18:40:18Z</time>
<speed>1.1</speed>
</trkpt>
<trkpt lat="48.847362" lon="8.949751">
<ele>339.9</ele>
<time>2020-07-23T18:40:23Z</time>
<speed>1.1</speed>
</trkpt>
<trkpt lat="48.847388" lon="8.949838">
<ele>340.1</ele>
<time>2020-07-23T18:40:28Z</time>
<speed>1.1</speed>
</trkpt>
<trkpt lat="48.847415" lon="8.949912">
<ele>340.2</ele>
<time>2020-07-23T18:40:33Z</time>
<speed>1.1</speed>
</trkpt>
<trkpt lat="48.847454" lon="8.949988">
<ele>340.3</ele>
<time>2020-07-23T18:40:38Z</time>
<speed>1.1</speed>
</trkpt>
<trkpt lat="48.847501" lon="8.950052">
<ele>339.8</ele>
<time>2020-07-23T18:40:43Z</time>
<speed>1.1</speed>
</trkpt>
<trkpt lat="48.847541" lon="8.950114">
<ele>339.8</ele>
<time>2020-07-23T18:40:48Z</time>
<speed>1.1</speed>
</trkpt>
<trkpt lat="48.847580" lon="8.950190">
<ele>340.0</ele>
<time>2020-07-23T18:40:53Z</time>
<speed>1.1</speed>
</trkpt>
<trkpt lat="48.847613" lon="8.950264">
<ele>340.8</ele>
<time>2020-07-23T18:40:58Z</time>
<speed>1.1</speed>
</trkpt>
<trkpt lat="48.847633" lon="8.950351">
<ele>340.2</ele>
<time>2020-07-23T18:41:03Z</time>
<speed>1.1</speed>
</trkpt>
<trkpt lat="48.847652" lon="8.950438">
<ele>339.6</ele>
<time>2020-07-23T18:41:08Z</time>
<speed>1.1</speed>
</trkpt>
<trkpt lat="48.847665" lon="8.950523">
<ele>339.7</ele>
<time>2020-07-23T18:41:13Z</time>
<speed>1.1</speed>
</trkpt>
<trkpt lat="48.847685" lon="8.950610">
<ele>339.1</ele>
<time>2020-07-23T18:41:18Z</time>
<speed>1.1</speed>
</trkpt>
<trkpt lat="48.847698" lon="8.950695">
<ele>339.2</ele>
<time>2020-07-23T18:41:23Z</time>
<speed>1.1</speed>
</trkpt>
<trkpt lat="48.847705" lon="8.950780">
<ele>338.5</ele>
<time>2020-07-23T18:41:28Z</time>
<speed>1.1</speed>
</trkpt>
<trkpt lat="48.847712" lon="8.950865">
<ele>337.8</ele>
<time>2020-07-23T18:41:33Z</time>
<speed>1.1</speed>
</trkpt>
<trkpt lat="48.847725" lon="8.950950">
<ele>337.9</ele>
<time>2020-07-23T18:41:38Z</time>
<speed>1.1</speed>
</trkpt>
<trkpt lat="48.847719" lon="8.951033">
<ele>337.1</ele>
<time>2020-07-23T18:41:43Z</time>
<speed>0.8</speed>
</trkpt>
<trkpt lat="48.847740" lon="8.951107">
<ele>336.4</ele>
<time>2020-07-23T18:41:48Z</time>
<speed>0.8</speed>
</trkpt>
<trkpt lat="48.847745" lon="8.951136">
<ele>336.0</ele>
<time>2020-07-23T18:41:53Z</time>
<speed>0.0</speed>
</trkpt>
<trkpt lat="48.847745" lon="8.951136">
<ele>336.0</ele>
<time>2020-07-23T18:41:58Z</time>
<speed>0.0</speed>
</trkpt>
<trkpt lat="48.847758" lon="8.951124">
<ele>336.0</ele>
<time>2020-07-23T18:42:03Z</time>
<speed>0.8</speed>
</trkpt>
<trkpt lat="48.847806" lon="8.951175">
<ele>335.3</ele>
<time>2020-07-23T18:42:08Z</time>
<speed>0.8</speed>
</trkpt>
<trkpt lat="48.847857" lon="8.951199">
<ele>334.4</ele>
<time>2020-07-23T18:42:13Z</time>
<speed>0.8</speed>
</trkpt>
<trkpt lat="48.847906" lon="8.951237">
<ele>333.6</ele>
<time>2020-07-23T18:42:18Z</time>
<speed>1.1</speed>
</trkpt>
<trkpt lat="48.847961" lon="8.951274">
<ele>333.6</ele>
<time>2020-07-23T18:42:22Z</time>
<speed>1.1</speed>
</trkpt>
<trkpt lat="48.848002" lon="8.951323">
<ele>333.5</ele>
<time>2020-07-23T18:42:27Z</time>
<speed>1.1</speed>
</trkpt>
<trkpt lat="48.848049" lon="8.951388">
<ele>333.0</ele>
<time>2020-07-23T18:42:32Z</time>
<speed>0.8</speed>
</trkpt>
<trkpt lat="48.848089" lon="8.951450">
<ele>333.0</ele>
<time>2020-07-23T18:42:37Z</time>
<speed>1.1</speed>
</trkpt>
<trkpt lat="48.848150" lon="8.951487">
<ele>333.8</ele>
<time>2020-07-23T18:42:42Z</time>
<speed>1.1</speed>
</trkpt>
<trkpt lat="48.848201" lon="8.951496">
<ele>334.2</ele>
<time>2020-07-23T18:42:47Z</time>
<speed>1.1</speed>
</trkpt>
<trkpt lat="48.848265" lon="8.951493">
<ele>334.6</ele>
<time>2020-07-23T18:42:52Z</time>
<speed>1.1</speed>
</trkpt>
<trkpt lat="48.848327" lon="8.951517">
<ele>335.2</ele>
<time>2020-07-23T18:42:57Z</time>
<speed>0.8</speed>
</trkpt>
<trkpt lat="48.848375" lon="8.951553">
<ele>335.8</ele>
<time>2020-07-23T18:43:02Z</time>
<speed>0.8</speed>
</trkpt>
<trkpt lat="48.848423" lon="8.951588">
<ele>336.4</ele>
<time>2020-07-23T18:43:07Z</time>
<speed>1.1</speed>
</trkpt>
<trkpt lat="48.848442" lon="8.951606">
<ele>336.0</ele>
<time>2020-07-23T18:43:12Z</time>
<speed>0.6</speed>
</trkpt>
<trkpt lat="48.848481" lon="8.951601">
<ele>334.8</ele>
<time>2020-07-23T18:43:17Z</time>
<speed>0.8</speed>
</trkpt>
<trkpt lat="48.848521" lon="8.951580">
<ele>334.9</ele>
<time>2020-07-23T18:43:22Z</time>
<speed>0.8</speed>
</trkpt>
<trkpt lat="48.848548" lon="8.951557">
<ele>334.9</ele>
<time>2020-07-23T18:43:27Z</time>
<speed>0.6</speed>
</trkpt>
<trkpt lat="48.848578" lon="8.951508">
<ele>334.7</ele>
<time>2020-07-23T18:43:32Z</time>
<speed>0.8</speed>
</trkpt>
<trkpt lat="48.848608" lon="8.951445">
<ele>334.4</ele>
<time>2020-07-23T18:43:37Z</time>
<speed>0.6</speed>
</trkpt>
<trkpt lat="48.848619" lon="8.951377">
<ele>334.6</ele>
<time>2020-07-23T18:43:42Z</time>
<speed>0.8</speed>
</trkpt>
<trkpt lat="48.848619" lon="8.951377">
<ele>334.6</ele>
<time>2020-07-23T18:43:47Z</time>
<speed>0.0</speed>
</trkpt>
<trkpt lat="48.848621" lon="8.951364">
<ele>334.5</ele>
<time>2020-07-23T18:43:52Z</time>
<speed>0.3</speed>
</trkpt>
<trkpt lat="48.848624" lon="8.951292">
<ele>336.8</ele>
<time>2020-07-23T18:43:57Z</time>
<speed>0.8</speed>
</trkpt>
<trkpt lat="48.848637" lon="8.951212">
<ele>337.0</ele>
<time>2020-07-23T18:44:02Z</time>
<speed>0.8</speed>
</trkpt>
<trkpt lat="48.848647" lon="8.951142">
<ele>338.6</ele>
<time>2020-07-23T18:44:07Z</time>
<speed>0.6</speed>
</trkpt>
<trkpt lat="48.848651" lon="8.951088">
<ele>338.2</ele>
<time>2020-07-23T18:44:12Z</time>
<speed>0.6</speed>
</trkpt>
<trkpt lat="48.848637" lon="8.951017">
<ele>338.2</ele>
<time>2020-07-23T18:44:17Z</time>
<speed>0.8</speed>
</trkpt>
<trkpt lat="48.848615" lon="8.950957">
<ele>339.0</ele>
<time>2020-07-23T18:44:22Z</time>
<speed>0.6</speed>
</trkpt>
<trkpt lat="48.848589" lon="8.950883">
<ele>338.9</ele>
<time>2020-07-23T18:44:27Z</time>
<speed>0.6</speed>
</trkpt>
<trkpt lat="48.848580" lon="8.950825">
<ele>339.8</ele>
<time>2020-07-23T18:44:32Z</time>
<speed>0.6</speed>
</trkpt>
<trkpt lat="48.848577" lon="8.950769">
<ele>340.1</ele>
<time>2020-07-23T18:44:37Z</time>
<speed>0.6</speed>
</trkpt>
<trkpt lat="48.848581" lon="8.950713">
<ele>341.1</ele>
<time>2020-07-23T18:44:42Z</time>
<speed>0.6</speed>
</trkpt>
<trkpt lat="48.848578" lon="8.950657">
<ele>341.3</ele>
<time>2020-07-23T18:44:47Z</time>
<speed>0.6</speed>
</trkpt>
<trkpt lat="48.848583" lon="8.950588">
<ele>342.2</ele>
<time>2020-07-23T18:44:52Z</time>
<speed>0.6</speed>
</trkpt>
<trkpt lat="48.848580" lon="8.950532">
<ele>342.4</ele>
<time>2020-07-23T18:44:57Z</time>
<speed>0.3</speed>
</trkpt>
<trkpt lat="48.848581" lon="8.950503">
<ele>343.6</ele>
<time>2020-07-23T18:45:02Z</time>
<speed>0.0</speed>
</trkpt>
<trkpt lat="48.848585" lon="8.950462">
<ele>343.3</ele>
<time>2020-07-23T18:45:07Z</time>
<speed>0.6</speed>
</trkpt>
<trkpt lat="48.848588" lon="8.950406">
<ele>344.3</ele>
<time>2020-07-23T18:45:12Z</time>
<speed>0.3</speed>
</trkpt>
<trkpt lat="48.848579" lon="8.950348">
<ele>345.2</ele>
<time>2020-07-23T18:45:17Z</time>
<speed>0.6</speed>
</trkpt>
<trkpt lat="48.848576" lon="8.950292">
<ele>345.5</ele>
<time>2020-07-23T18:45:22Z</time>
<speed>0.6</speed>
</trkpt>
<trkpt lat="48.848586" lon="8.950239">
<ele>345.8</ele>
<time>2020-07-23T18:45:27Z</time>
<speed>0.6</speed>
</trkpt>
<trkpt lat="48.848584" lon="8.950183">
<ele>346.0</ele>
<time>2020-07-23T18:45:32Z</time>
<speed>0.6</speed>
</trkpt>
<trkpt lat="48.848586" lon="8.950140">
<ele>347.1</ele>
<time>2020-07-23T18:45:37Z</time>
<speed>0.3</speed>
</trkpt>
<trkpt lat="48.848586" lon="8.950140">
<ele>347.1</ele>
<time>2020-07-23T18:45:42Z</time>
<speed>0.0</speed>
</trkpt>
<trkpt lat="48.848587" lon="8.950127">
<ele>347.0</ele>
<time>2020-07-23T18:45:47Z</time>
<speed>0.0</speed>
</trkpt>
<trkpt lat="48.848598" lon="8.950073">
<ele>347.4</ele>
<time>2020-07-23T18:45:52Z</time>
<speed>0.6</speed>
</trkpt>
<trkpt lat="48.848608" lon="8.950003">
<ele>349.0</ele>
<time>2020-07-23T18:45:57Z</time>
<speed>0.6</speed>
</trkpt>
<trkpt lat="48.848617" lon="8.949963">
<ele>349.5</ele>
<time>2020-07-23T18:46:02Z</time>
<speed>0.6</speed>
</trkpt>
<trkpt lat="48.848628" lon="8.949896">
<ele>349.7</ele>
<time>2020-07-23T18:46:07Z</time>
<speed>0.8</speed>
</trkpt>
<trkpt lat="48.848645" lon="8.949828">
<ele>350.7</ele>
<time>2020-07-23T18:46:12Z</time>
<speed>0.8</speed>
</trkpt>
<trkpt lat="48.848661" lon="8.949775">
<ele>351.8</ele>
<time>2020-07-23T18:46:17Z</time>
<speed>0.8</speed>
</trkpt>
<trkpt lat="48.848677" lon="8.949721">
<ele>352.9</ele>
<time>2020-07-23T18:46:22Z</time>
<speed>0.6</speed>
</trkpt>
<trkpt lat="48.848687" lon="8.949680">
<ele>353.3</ele>
<time>2020-07-23T18:46:27Z</time>
<speed>0.0</speed>
</trkpt>
<trkpt lat="48.848687" lon="8.949680">
<ele>353.3</ele>
<time>2020-07-23T18:46:32Z</time>
<speed>0.0</speed>
</trkpt>
<trkpt lat="48.848701" lon="8.949656">
<ele>353.2</ele>
<time>2020-07-23T18:46:37Z</time>
<speed>0.6</speed>
</trkpt>
<trkpt lat="48.848718" lon="8.949588">
<ele>354.2</ele>
<time>2020-07-23T18:46:42Z</time>
<speed>0.6</speed>
</trkpt>
<trkpt lat="48.848734" lon="8.949534">
<ele>355.3</ele>
<time>2020-07-23T18:46:47Z</time>
<speed>0.6</speed>
</trkpt>
<trkpt lat="48.848751" lon="8.949467">
<ele>356.3</ele>
<time>2020-07-23T18:46:52Z</time>
<speed>0.8</speed>
</trkpt>
<trkpt lat="48.848773" lon="8.949413">
<ele>358.2</ele>
<time>2020-07-23T18:46:57Z</time>
<speed>0.8</speed>
</trkpt>
<trkpt lat="48.848809" lon="8.949364">
<ele>358.7</ele>
<time>2020-07-23T18:47:02Z</time>
<speed>0.8</speed>
</trkpt>
<trkpt lat="48.848842" lon="8.949341">
<ele>359.5</ele>
<time>2020-07-23T18:47:07Z</time>
<speed>0.8</speed>
</trkpt>
<trkpt lat="48.848883" lon="8.949307">
<ele>359.5</ele>
<time>2020-07-23T18:47:12Z</time>
<speed>0.8</speed>
</trkpt>
<trkpt lat="48.848916" lon="8.949284">
<ele>360.2</ele>
<time>2020-07-23T18:47:17Z</time>
<speed>0.8</speed>
</trkpt>
<trkpt lat="48.848951" lon="8.949248">
<ele>360.9</ele>
<time>2020-07-23T18:47:22Z</time>
<speed>0.6</speed>
</trkpt>
<trkpt lat="48.848957" lon="8.949250">
<ele>360.2</ele>
<time>2020-07-23T18:47:27Z</time>
<speed>0.0</speed>
</trkpt>
<trkpt lat="48.848977" lon="8.949239">
<ele>361.0</ele>
<time>2020-07-23T18:47:32Z</time>
<speed>0.6</speed>
</trkpt>
<trkpt lat="48.849017" lon="8.949203">
<ele>362.4</ele>
<time>2020-07-23T18:47:37Z</time>
<speed>0.8</speed>
</trkpt>
<trkpt lat="48.849058" lon="8.949169">
<ele>362.4</ele>
<time>2020-07-23T18:47:42Z</time>
<speed>0.8</speed>
</trkpt>
<trkpt lat="48.849096" lon="8.949160">
<ele>364.0</ele>
<time>2020-07-23T18:47:47Z</time>
<speed>0.8</speed>
</trkpt>
<trkpt lat="48.849146" lon="8.949168">
<ele>364.4</ele>
<time>2020-07-23T18:47:52Z</time>
<speed>0.8</speed>
</trkpt>
<trkpt lat="48.849177" lon="8.949188">
<ele>364.1</ele>
<time>2020-07-23T18:47:57Z</time>
<speed>0.3</speed>
</trkpt>
<trkpt lat="48.849177" lon="8.949188">
<ele>364.1</ele>
<time>2020-07-23T18:48:02Z</time>
<speed>0.0</speed>
</trkpt>
<trkpt lat="48.849177" lon="8.949188">
<ele>364.1</ele>
<time>2020-07-23T18:48:07Z</time>
<speed>0.0</speed>
</trkpt>
<trkpt lat="48.849177" lon="8.949188">
<ele>364.1</ele>
<time>2020-07-23T18:48:12Z</time>
<speed>0.0</speed>
</trkpt>
<trkpt lat="48.849177" lon="8.949188">
<ele>364.1</ele>
<time>2020-07-23T18:48:17Z</time>
<speed>0.0</speed>
</trkpt>
<trkpt lat="48.849177" lon="8.949188">
<ele>364.1</ele>
<time>2020-07-23T18:48:22Z</time>
<speed>0.0</speed>
</trkpt>
<trkpt lat="48.849177" lon="8.949188">
<ele>364.1</ele>
<time>2020-07-23T18:48:27Z</time>
<speed>0.0</speed>
</trkpt>
<trkpt lat="48.849177" lon="8.949188">
<ele>364.1</ele>
<time>2020-07-23T18:48:32Z</time>
<speed>0.0</speed>
</trkpt>
<trkpt lat="48.849177" lon="8.949188">
<ele>364.1</ele>
<time>2020-07-23T18:48:37Z</time>
<speed>0.0</speed>
</trkpt>
<trkpt lat="48.849177" lon="8.949188">
<ele>364.1</ele>
<time>2020-07-23T18:48:42Z</time>
<speed>0.0</speed>
</trkpt>
<trkpt lat="48.849177" lon="8.949188">
<ele>364.1</ele>
<time>2020-07-23T18:48:47Z</time>
<speed>0.0</speed>
</trkpt>
<trkpt lat="48.849177" lon="8.949188">
<ele>364.1</ele>
<time>2020-07-23T18:48:52Z</time>
<speed>0.0</speed>
</trkpt>
<trkpt lat="48.849177" lon="8.949188">
<ele>364.1</ele>
<time>2020-07-23T18:48:57Z</time>
<speed>0.0</speed>
</trkpt>
<trkpt lat="48.849177" lon="8.949188">
<ele>364.1</ele>
<time>2020-07-23T18:49:02Z</time>
<speed>0.0</speed>
</trkpt>
<trkpt lat="48.849177" lon="8.949188">
<ele>364.1</ele>
<time>2020-07-23T18:49:07Z</time>
<speed>0.0</speed>
</trkpt>
<trkpt lat="48.849177" lon="8.949188">
<ele>364.1</ele>
<time>2020-07-23T18:49:12Z</time>
<speed>0.0</speed>
</trkpt>
<trkpt lat="48.849177" lon="8.949188">
<ele>364.1</ele>
<time>2020-07-23T18:49:17Z</time>
<speed>0.0</speed>
</trkpt>
<trkpt lat="48.849177" lon="8.949188">
<ele>364.1</ele>
<time>2020-07-23T18:49:22Z</time>
<speed>0.0</speed>
</trkpt>
<trkpt lat="48.849177" lon="8.949188">
<ele>364.1</ele>
<time>2020-07-23T18:49:27Z</time>
<speed>0.0</speed>
</trkpt>
<trkpt lat="48.849177" lon="8.949188">
<ele>364.1</ele>
<time>2020-07-23T18:49:32Z</time>
<speed>0.0</speed>
</trkpt>
<trkpt lat="48.849177" lon="8.949188">
<ele>364.1</ele>
<time>2020-07-23T18:49:37Z</time>
<speed>0.0</speed>
</trkpt>
<trkpt lat="48.849177" lon="8.949188">
<ele>364.1</ele>
<time>2020-07-23T18:49:42Z</time>
<speed>0.0</speed>
</trkpt>
<trkpt lat="48.849177" lon="8.949188">
<ele>364.1</ele>
<time>2020-07-23T18:49:47Z</time>
<speed>0.0</speed>
</trkpt>
<trkpt lat="48.849177" lon="8.949188">
<ele>364.1</ele>
<time>2020-07-23T18:49:52Z</time>
<speed>0.0</speed>
</trkpt>
<trkpt lat="48.849177" lon="8.949188">
<ele>364.1</ele>
<time>2020-07-23T18:49:57Z</time>
<speed>0.0</speed>
</trkpt>
<trkpt lat="48.849177" lon="8.949188">
<ele>364.1</ele>
<time>2020-07-23T18:50:02Z</time>
<speed>0.0</speed>
</trkpt>
<trkpt lat="48.849177" lon="8.949188">
<ele>364.1</ele>
<time>2020-07-23T18:50:07Z</time>
<speed>0.0</speed>
</trkpt>
<trkpt lat="48.849177" lon="8.949188">
<ele>364.1</ele>
<time>2020-07-23T18:50:12Z</time>
<speed>0.0</speed>
</trkpt>
<trkpt lat="48.849177" lon="8.949188">
<ele>364.1</ele>
<time>2020-07-23T18:50:17Z</time>
<speed>0.0</speed>
</trkpt>
<trkpt lat="48.849177" lon="8.949188">
<ele>364.1</ele>
<time>2020-07-23T18:50:22Z</time>
<speed>0.0</speed>
</trkpt>
<trkpt lat="48.849183" lon="8.949188">
<ele>364.8</ele>
<time>2020-07-23T18:50:27Z</time>
<speed>0.0</speed>
</trkpt>
<trkpt lat="48.849177" lon="8.949188">
<ele>364.1</ele>
<time>2020-07-23T18:50:32Z</time>
<speed>0.0</speed>
</trkpt>
<trkpt lat="48.849183" lon="8.949188">
<ele>364.8</ele>
<time>2020-07-23T18:50:37Z</time>
<speed>0.0</speed>
</trkpt>
<trkpt lat="48.849183" lon="8.949188">
<ele>364.8</ele>
<time>2020-07-23T18:50:42Z</time>
<speed>0.0</speed>
</trkpt>
<trkpt lat="48.849170" lon="8.949199">
<ele>364.8</ele>
<time>2020-07-23T18:50:47Z</time>
<speed>0.0</speed>
</trkpt>
<trkpt lat="48.849157" lon="8.949197">
<ele>364.7</ele>
<time>2020-07-23T18:50:52Z</time>
<speed>0.3</speed>
</trkpt>
<trkpt lat="48.849130" lon="8.949124">
<ele>364.7</ele>
<time>2020-07-23T18:50:57Z</time>
<speed>1.1</speed>
</trkpt>
<trkpt lat="48.849138" lon="8.949097">
<ele>365.2</ele>
<time>2020-07-23T18:51:02Z</time>
<speed>0.6</speed>
</trkpt>
<trkpt lat="48.849185" lon="8.949063">
<ele>366.0</ele>
<time>2020-07-23T18:51:07Z</time>
<speed>0.8</speed>
</trkpt>
<trkpt lat="48.849239" lon="8.949031">
<ele>366.1</ele>
<time>2020-07-23T18:51:12Z</time>
<speed>0.8</speed>
</trkpt>
<trkpt lat="48.849285" lon="8.949010">
<ele>366.9</ele>
<time>2020-07-23T18:51:17Z</time>
<speed>0.8</speed>
</trkpt>
<trkpt lat="48.849332" lon="8.948976">
<ele>367.7</ele>
<time>2020-07-23T18:51:22Z</time>
<speed>0.3</speed>
</trkpt>
<trkpt lat="48.849332" lon="8.948976">
<ele>367.7</ele>
<time>2020-07-23T18:51:27Z</time>
<speed>0.8</speed>
</trkpt>
<trkpt lat="48.849378" lon="8.948942">
<ele>368.4</ele>
<time>2020-07-23T18:51:32Z</time>
<speed>0.8</speed>
</trkpt>
<trkpt lat="48.849426" lon="8.948895">
<ele>369.1</ele>
<time>2020-07-23T18:51:37Z</time>
<speed>0.8</speed>
</trkpt>
<trkpt lat="48.849462" lon="8.948845">
<ele>369.6</ele>
<time>2020-07-23T18:51:42Z</time>
<speed>1.1</speed>
</trkpt>
<trkpt lat="48.849510" lon="8.948798">
<ele>370.3</ele>
<time>2020-07-23T18:51:47Z</time>
<speed>0.8</speed>
</trkpt>
<trkpt lat="48.849539" lon="8.948748">
<ele>370.1</ele>
<time>2020-07-23T18:51:52Z</time>
<speed>0.8</speed>
</trkpt>
<trkpt lat="48.849586" lon="8.948714">
<ele>370.8</ele>
<time>2020-07-23T18:51:57Z</time>
<speed>1.1</speed>
</trkpt>
<trkpt lat="48.849621" lon="8.948664">
<ele>371.4</ele>
<time>2020-07-23T18:52:02Z</time>
<speed>1.1</speed>
</trkpt>
<trkpt lat="48.849669" lon="8.948617">
<ele>372.0</ele>
<time>2020-07-23T18:52:07Z</time>
<speed>0.8</speed>
</trkpt>
<trkpt lat="48.849717" lon="8.948569">
<ele>372.7</ele>
<time>2020-07-23T18:52:12Z</time>
<speed>1.1</speed>
</trkpt>
<trkpt lat="48.849752" lon="8.948533">
<ele>373.3</ele>
<time>2020-07-23T18:52:17Z</time>
<speed>0.3</speed>
</trkpt>
<trkpt lat="48.849753" lon="8.948520">
<ele>373.2</ele>
<time>2020-07-23T18:52:22Z</time>
<speed>0.8</speed>
</trkpt>
<trkpt lat="48.849794" lon="8.948486">
<ele>373.2</ele>
<time>2020-07-23T18:52:27Z</time>
<speed>1.1</speed>
</trkpt>
<trkpt lat="48.849839" lon="8.948463">
<ele>375.5</ele>
<time>2020-07-23T18:52:32Z</time>
<speed>1.1</speed>
</trkpt>
<trkpt lat="48.849890" lon="8.948458">
<ele>375.8</ele>
<time>2020-07-23T18:52:37Z</time>
<speed>0.8</speed>
</trkpt>
<trkpt lat="48.849934" lon="8.948464">
<ele>376.9</ele>
<time>2020-07-23T18:52:42Z</time>
<speed>0.8</speed>
</trkpt>
<trkpt lat="48.849984" lon="8.948473">
<ele>377.3</ele>
<time>2020-07-23T18:52:47Z</time>
<speed>0.8</speed>
</trkpt>
<trkpt lat="48.850022" lon="8.948479">
<ele>377.6</ele>
<time>2020-07-23T18:52:52Z</time>
<speed>0.0</speed>
</trkpt>
<trkpt lat="48.850047" lon="8.948484">
<ele>377.8</ele>
<time>2020-07-23T18:52:57Z</time>
<speed>0.8</speed>
</trkpt>
<trkpt lat="48.850098" lon="8.948492">
<ele>378.2</ele>
<time>2020-07-23T18:53:02Z</time>
<speed>0.8</speed>
</trkpt>
<trkpt lat="48.850147" lon="8.948498">
<ele>380.0</ele>
<time>2020-07-23T18:53:07Z</time>
<speed>0.8</speed>
</trkpt>
<trkpt lat="48.850199" lon="8.948493">
<ele>380.3</ele>
<time>2020-07-23T18:53:12Z</time>
<speed>0.8</speed>
</trkpt>
<trkpt lat="48.850251" lon="8.948475">
<ele>380.5</ele>
<time>2020-07-23T18:53:17Z</time>
<speed>1.1</speed>
</trkpt>
<trkpt lat="48.850304" lon="8.948441">
<ele>382.0</ele>
<time>2020-07-23T18:53:22Z</time>
<speed>1.1</speed>
</trkpt>
<trkpt lat="48.850358" lon="8.948409">
<ele>382.2</ele>
<time>2020-07-23T18:53:27Z</time>
<speed>1.1</speed>
</trkpt>
<trkpt lat="48.850405" lon="8.948375">
<ele>382.9</ele>
<time>2020-07-23T18:53:32Z</time>
<speed>1.1</speed>
</trkpt>
<trkpt lat="48.850417" lon="8.948377">
<ele>383.0</ele>
<time>2020-07-23T18:53:37Z</time>
<speed>0.0</speed>
</trkpt>
<trkpt lat="48.850432" lon="8.948352">
<ele>382.9</ele>
<time>2020-07-23T18:53:42Z</time>
<speed>0.8</speed>
</trkpt>
<trkpt lat="48.850486" lon="8.948320">
<ele>383.0</ele>
<time>2020-07-23T18:53:47Z</time>
<speed>0.8</speed>
</trkpt>
<trkpt lat="48.850531" lon="8.948300">
<ele>383.9</ele>
<time>2020-07-23T18:53:52Z</time>
<speed>1.1</speed>
</trkpt>
<trkpt lat="48.850585" lon="8.948268">
<ele>384.0</ele>
<time>2020-07-23T18:53:57Z</time>
<speed>1.1</speed>
</trkpt>
<trkpt lat="48.850639" lon="8.948236">
<ele>384.1</ele>
<time>2020-07-23T18:54:02Z</time>
<speed>1.1</speed>
</trkpt>
<trkpt lat="48.850685" lon="8.948202">
<ele>384.8</ele>
<time>2020-07-23T18:54:07Z</time>
<speed>1.1</speed>
</trkpt>
<trkpt lat="48.850738" lon="8.948184">
<ele>385.0</ele>
<time>2020-07-23T18:54:12Z</time>
<speed>1.1</speed>
</trkpt>
<trkpt lat="48.850752" lon="8.948172">
<ele>385.0</ele>
<time>2020-07-23T18:54:17Z</time>
<speed>0.0</speed>
</trkpt>
<trkpt lat="48.850764" lon="8.948174">
<ele>385.1</ele>
<time>2020-07-23T18:54:22Z</time>
<speed>0.8</speed>
</trkpt>
<trkpt lat="48.850789" lon="8.948179">
<ele>385.4</ele>
<time>2020-07-23T18:54:27Z</time>
<speed>0.0</speed>
</trkpt>
<trkpt lat="48.850789" lon="8.948179">
<ele>385.4</ele>
<time>2020-07-23T18:54:32Z</time>
<speed>0.0</speed>
</trkpt>
<trkpt lat="48.850771" lon="8.948177">
<ele>384.5</ele>
<time>2020-07-23T18:54:37Z</time>
<speed>0.8</speed>
</trkpt>
<trkpt lat="48.850751" lon="8.948186">
<ele>385.1</ele>
<time>2020-07-23T18:54:42Z</time>
<speed>0.3</speed>
</trkpt>
<trkpt lat="48.850751" lon="8.948186">
<ele>385.1</ele>
<time>2020-07-23T18:54:47Z</time>
<speed>0.0</speed>
</trkpt>
<trkpt lat="48.850751" lon="8.948186">
<ele>385.1</ele>
<time>2020-07-23T18:54:52Z</time>
<speed>0.0</speed>
</trkpt>
<trkpt lat="48.850764" lon="8.948174">
<ele>385.1</ele>
<time>2020-07-23T18:54:57Z</time>
<speed>0.6</speed>
</trkpt>
<trkpt lat="48.850778" lon="8.948163">
<ele>385.1</ele>
<time>2020-07-23T18:55:02Z</time>
<speed>0.3</speed>
</trkpt>
<trkpt lat="48.850784" lon="8.948163">
<ele>385.9</ele>
<time>2020-07-23T18:55:07Z</time>
<speed>0.0</speed>
</trkpt>
<trkpt lat="48.850784" lon="8.948163">
<ele>385.9</ele>
<time>2020-07-23T18:55:12Z</time>
<speed>0.0</speed>
</trkpt>
<trkpt lat="48.850784" lon="8.948163">
<ele>385.9</ele>
<time>2020-07-23T18:55:17Z</time>
<speed>0.0</speed>
</trkpt>
<trkpt lat="48.850784" lon="8.948163">
<ele>385.9</ele>
<time>2020-07-23T18:55:22Z</time>
<speed>0.0</speed>
</trkpt>
<trkpt lat="48.850790" lon="8.948165">
<ele>385.3</ele>
<time>2020-07-23T18:55:27Z</time>
<speed>0.0</speed>
</trkpt>
<trkpt lat="48.850790" lon="8.948165">
<ele>385.3</ele>
<time>2020-07-23T18:55:32Z</time>
<speed>0.0</speed>
</trkpt>
<trkpt lat="48.850790" lon="8.948165">
<ele>385.3</ele>
<time>2020-07-23T18:55:37Z</time>
<speed>0.0</speed>
</trkpt>
<trkpt lat="48.850790" lon="8.948165">
<ele>385.3</ele>
<time>2020-07-23T18:55:42Z</time>
<speed>0.0</speed>
</trkpt>
<trkpt lat="48.850790" lon="8.948165">
<ele>385.3</ele>
<time>2020-07-23T18:55:47Z</time>
<speed>0.0</speed>
</trkpt>
<trkpt lat="48.850790" lon="8.948165">
<ele>385.3</ele>
<time>2020-07-23T18:55:52Z</time>
<speed>0.0</speed>
</trkpt>
<trkpt lat="48.850790" lon="8.948165">
<ele>385.3</ele>
<time>2020-07-23T18:55:57Z</time>
<speed>0.0</speed>
</trkpt>
<trkpt lat="48.850790" lon="8.948165">
<ele>385.3</ele>
<time>2020-07-23T18:56:02Z</time>
<speed>0.0</speed>
</trkpt>
<trkpt lat="48.850790" lon="8.948165">
<ele>385.3</ele>
<time>2020-07-23T18:56:07Z</time>
<speed>0.0</speed>
</trkpt>
<trkpt lat="48.850790" lon="8.948165">
<ele>385.3</ele>
<time>2020-07-23T18:56:12Z</time>
<speed>0.0</speed>
</trkpt>
<trkpt lat="48.850790" lon="8.948165">
<ele>385.3</ele>
<time>2020-07-23T18:56:17Z</time>
<speed>0.0</speed>
</trkpt>
<trkpt lat="48.850790" lon="8.948165">
<ele>385.3</ele>
<time>2020-07-23T18:56:22Z</time>
<speed>0.0</speed>
</trkpt>
<trkpt lat="48.850790" lon="8.948165">
<ele>385.3</ele>
<time>2020-07-23T18:56:27Z</time>
<speed>0.0</speed>
</trkpt>
<trkpt lat="48.850790" lon="8.948165">
<ele>385.3</ele>
<time>2020-07-23T18:56:32Z</time>
<speed>0.0</speed>
</trkpt>
<trkpt lat="48.850790" lon="8.948165">
<ele>385.3</ele>
<time>2020-07-23T18:56:37Z</time>
<speed>0.0</speed>
</trkpt>
<trkpt lat="48.850790" lon="8.948165">
<ele>385.3</ele>
<time>2020-07-23T18:56:42Z</time>
<speed>0.0</speed>
</trkpt>
<trkpt lat="48.850790" lon="8.948165">
<ele>385.3</ele>
<time>2020-07-23T18:56:47Z</time>
<speed>0.0</speed>
</trkpt>
<trkpt lat="48.850783" lon="8.948179">
<ele>384.6</ele>
<time>2020-07-23T18:56:52Z</time>
<speed>0.0</speed>
</trkpt>
<trkpt lat="48.850783" lon="8.948179">
<ele>384.6</ele>
<time>2020-07-23T18:56:57Z</time>
<speed>0.0</speed>
</trkpt>
<trkpt lat="48.850783" lon="8.948179">
<ele>384.6</ele>
<time>2020-07-23T18:57:02Z</time>
<speed>0.0</speed>
</trkpt>
<trkpt lat="48.850783" lon="8.948179">
<ele>384.6</ele>
<time>2020-07-23T18:57:07Z</time>
<speed>0.0</speed>
</trkpt>
<trkpt lat="48.850783" lon="8.948179">
<ele>384.6</ele>
<time>2020-07-23T18:57:12Z</time>
<speed>0.0</speed>
</trkpt>
<trkpt lat="48.850783" lon="8.948179">
<ele>384.6</ele>
<time>2020-07-23T18:57:17Z</time>
<speed>0.0</speed>
</trkpt>
<trkpt lat="48.850783" lon="8.948179">
<ele>384.6</ele>
<time>2020-07-23T18:57:22Z</time>
<speed>0.0</speed>
</trkpt>
<trkpt lat="48.850783" lon="8.948179">
<ele>384.6</ele>
<time>2020-07-23T18:57:27Z</time>
<speed>0.0</speed>
</trkpt>
<trkpt lat="48.850783" lon="8.948179">
<ele>384.6</ele>
<time>2020-07-23T18:57:32Z</time>
<speed>0.0</speed>
</trkpt>
<trkpt lat="48.850783" lon="8.948179">
<ele>384.6</ele>
<time>2020-07-23T18:57:37Z</time>
<speed>0.0</speed>
</trkpt>
<trkpt lat="48.850783" lon="8.948179">
<ele>384.6</ele>
<time>2020-07-23T18:57:42Z</time>
<speed>0.0</speed>
</trkpt>
<trkpt lat="48.850783" lon="8.948179">
<ele>384.6</ele>
<time>2020-07-23T18:57:47Z</time>
<speed>0.0</speed>
</trkpt>
<trkpt lat="48.850783" lon="8.948179">
<ele>384.6</ele>
<time>2020-07-23T18:57:52Z</time>
<speed>0.0</speed>
</trkpt>
<trkpt lat="48.850783" lon="8.948179">
<ele>384.6</ele>
<time>2020-07-23T18:57:57Z</time>
<speed>0.0</speed>
</trkpt>
<trkpt lat="48.850783" lon="8.948179">
<ele>384.6</ele>
<time>2020-07-23T18:58:02Z</time>
<speed>0.0</speed>
</trkpt>
<trkpt lat="48.850783" lon="8.948179">
<ele>384.6</ele>
<time>2020-07-23T18:58:07Z</time>
<speed>0.0</speed>
</trkpt>
<trkpt lat="48.850783" lon="8.948179">
<ele>384.6</ele>
<time>2020-07-23T18:58:12Z</time>
<speed>0.0</speed>
</trkpt>
<trkpt lat="48.850783" lon="8.948179">
<ele>384.6</ele>
<time>2020-07-23T18:58:17Z</time>
<speed>0.0</speed>
</trkpt>
<trkpt lat="48.850783" lon="8.948179">
<ele>384.6</ele>
<time>2020-07-23T18:58:22Z</time>
<speed>0.0</speed>
</trkpt>
<trkpt lat="48.850783" lon="8.948179">
<ele>384.6</ele>
<time>2020-07-23T18:58:27Z</time>
<speed>0.0</speed>
</trkpt>
<trkpt lat="48.850783" lon="8.948179">
<ele>384.6</ele>
<time>2020-07-23T18:58:32Z</time>
<speed>0.0</speed>
</trkpt>
<trkpt lat="48.850812" lon="8.948142">
<ele>384.5</ele>
<time>2020-07-23T18:58:37Z</time>
<speed>1.1</speed>
</trkpt>
<trkpt lat="48.850860" lon="8.948095">
<ele>385.2</ele>
<time>2020-07-23T18:58:42Z</time>
<speed>1.1</speed>
</trkpt>
<trkpt lat="48.850913" lon="8.948063">
<ele>385.3</ele>
<time>2020-07-23T18:58:47Z</time>
<speed>1.1</speed>
</trkpt>
<trkpt lat="48.850979" lon="8.948047">
<ele>385.6</ele>
<time>2020-07-23T18:58:52Z</time>
<speed>1.1</speed>
</trkpt>
<trkpt lat="48.851031" lon="8.948028">
<ele>385.8</ele>
<time>2020-07-23T18:58:57Z</time>
<speed>1.1</speed>
</trkpt>
<trkpt lat="48.851085" lon="8.947996">
<ele>385.9</ele>
<time>2020-07-23T18:59:02Z</time>
<speed>1.1</speed>
</trkpt>
<trkpt lat="48.851143" lon="8.947994">
<ele>385.5</ele>
<time>2020-07-23T18:59:07Z</time>
<speed>1.1</speed>
</trkpt>
<trkpt lat="48.851195" lon="8.947975">
<ele>385.7</ele>
<time>2020-07-23T18:59:12Z</time>
<speed>1.1</speed>
</trkpt>
<trkpt lat="48.851258" lon="8.947986">
<ele>386.3</ele>
<time>2020-07-23T18:59:17Z</time>
<speed>1.1</speed>
</trkpt>
<trkpt lat="48.851311" lon="8.947983">
<ele>385.2</ele>
<time>2020-07-23T18:59:22Z</time>
<speed>1.1</speed>
</trkpt>
<trkpt lat="48.851362" lon="8.947978">
<ele>385.5</ele>
<time>2020-07-23T18:59:27Z</time>
<speed>1.1</speed>
</trkpt>
<trkpt lat="48.851420" lon="8.947975">
<ele>385.1</ele>
<time>2020-07-23T18:59:32Z</time>
<speed>1.1</speed>
</trkpt>
<trkpt lat="48.851478" lon="8.947972">
<ele>384.8</ele>
<time>2020-07-23T18:59:37Z</time>
<speed>1.1</speed>
</trkpt>
<trkpt lat="48.851529" lon="8.947981">
<ele>385.2</ele>
<time>2020-07-23T18:59:42Z</time>
<speed>1.1</speed>
</trkpt>
<trkpt lat="48.851587" lon="8.947978">
<ele>384.9</ele>
<time>2020-07-23T18:59:47Z</time>
<speed>1.1</speed>
</trkpt>
<trkpt lat="48.851645" lon="8.947975">
<ele>384.5</ele>
<time>2020-07-23T18:59:52Z</time>
<speed>1.1</speed>
</trkpt>
<trkpt lat="48.851709" lon="8.947972">
<ele>384.9</ele>
<time>2020-07-23T18:59:57Z</time>
<speed>1.1</speed>
</trkpt>
<trkpt lat="48.851761" lon="8.947969">
<ele>383.8</ele>
<time>2020-07-23T19:00:02Z</time>
<speed>1.1</speed>
</trkpt>
<trkpt lat="48.851826" lon="8.947966">
<ele>384.3</ele>
<time>2020-07-23T19:00:07Z</time>
<speed>1.1</speed>
</trkpt>
<trkpt lat="48.851878" lon="8.947963">
<ele>383.2</ele>
<time>2020-07-23T19:00:12Z</time>
<speed>1.1</speed>
</trkpt>
<trkpt lat="48.851935" lon="8.947958">
<ele>384.2</ele>
<time>2020-07-23T19:00:17Z</time>
<speed>1.1</speed>
</trkpt>
<trkpt lat="48.851994" lon="8.947942">
<ele>383.8</ele>
<time>2020-07-23T19:00:22Z</time>
<speed>1.1</speed>
</trkpt>
<trkpt lat="48.852053" lon="8.947939">
<ele>383.4</ele>
<time>2020-07-23T19:00:27Z</time>
<speed>1.1</speed>
</trkpt>
<trkpt lat="48.852104" lon="8.947934">
<ele>383.8</ele>
<time>2020-07-23T19:00:32Z</time>
<speed>1.1</speed>
</trkpt>
<trkpt lat="48.852157" lon="8.947916">
<ele>384.0</ele>
<time>2020-07-23T19:00:37Z</time>
<speed>1.1</speed>
</trkpt>
<trkpt lat="48.852216" lon="8.947900">
<ele>383.5</ele>
<time>2020-07-23T19:00:42Z</time>
<speed>1.1</speed>
</trkpt>
<trkpt lat="48.852280" lon="8.947897">
<ele>383.9</ele>
<time>2020-07-23T19:00:47Z</time>
<speed>1.1</speed>
</trkpt>
<trkpt lat="48.852338" lon="8.947894">
<ele>383.6</ele>
<time>2020-07-23T19:00:52Z</time>
<speed>1.1</speed>
</trkpt>
<trkpt lat="48.852397" lon="8.947877">
<ele>383.2</ele>
<time>2020-07-23T19:00:57Z</time>
<speed>1.1</speed>
</trkpt>
<trkpt lat="48.852449" lon="8.947875">
<ele>382.1</ele>
<time>2020-07-23T19:01:02Z</time>
<speed>1.1</speed>
</trkpt>
<trkpt lat="48.852502" lon="8.947856">
<ele>382.3</ele>
<time>2020-07-23T19:01:07Z</time>
<speed>1.1</speed>
</trkpt>
<trkpt lat="48.852556" lon="8.947826">
<ele>381.0</ele>
<time>2020-07-23T19:01:12Z</time>
<speed>1.1</speed>
</trkpt>
<trkpt lat="48.852610" lon="8.947794">
<ele>381.1</ele>
<time>2020-07-23T19:01:17Z</time>
<speed>1.1</speed>
</trkpt>
<trkpt lat="48.852652" lon="8.947747">
<ele>381.0</ele>
<time>2020-07-23T19:01:22Z</time>
<speed>1.1</speed>
</trkpt>
<trkpt lat="48.852696" lon="8.947688">
<ele>379.4</ele>
<time>2020-07-23T19:01:27Z</time>
<speed>1.1</speed>
</trkpt>
<trkpt lat="48.852738" lon="8.947641">
<ele>379.3</ele>
<time>2020-07-23T19:01:32Z</time>
<speed>1.1</speed>
</trkpt>
<trkpt lat="48.852775" lon="8.947580">
<ele>378.3</ele>
<time>2020-07-23T19:01:37Z</time>
<speed>1.1</speed>
</trkpt>
<trkpt lat="48.852818" lon="8.947519">
<ele>378.1</ele>
<time>2020-07-23T19:01:42Z</time>
<speed>1.1</speed>
</trkpt>
<trkpt lat="48.852855" lon="8.947458">
<ele>377.2</ele>
<time>2020-07-23T19:01:47Z</time>
<speed>1.1</speed>
</trkpt>
<trkpt lat="48.852892" lon="8.947397">
<ele>376.2</ele>
<time>2020-07-23T19:01:52Z</time>
<speed>1.1</speed>
</trkpt>
<trkpt lat="48.852935" lon="8.947336">
<ele>376.0</ele>
<time>2020-07-23T19:01:57Z</time>
<speed>1.1</speed>
</trkpt>
<trkpt lat="48.852973" lon="8.947275">
<ele>375.0</ele>
<time>2020-07-23T19:02:02Z</time>
<speed>1.1</speed>
</trkpt>
<trkpt lat="48.853009" lon="8.947212">
<ele>375.5</ele>
<time>2020-07-23T19:02:07Z</time>
<speed>1.1</speed>
</trkpt>
<trkpt lat="48.853046" lon="8.947151">
<ele>374.5</ele>
<time>2020-07-23T19:02:12Z</time>
<speed>1.1</speed>
</trkpt>
<trkpt lat="48.853083" lon="8.947090">
<ele>373.6</ele>
<time>2020-07-23T19:02:17Z</time>
<speed>1.1</speed>
</trkpt>
<trkpt lat="48.853125" lon="8.947043">
<ele>373.5</ele>
<time>2020-07-23T19:02:22Z</time>
<speed>1.1</speed>
</trkpt>
<trkpt lat="48.853168" lon="8.946982">
<ele>373.3</ele>
<time>2020-07-23T19:02:27Z</time>
<speed>1.1</speed>
</trkpt>
<trkpt lat="48.853206" lon="8.946921">
<ele>372.3</ele>
<time>2020-07-23T19:02:32Z</time>
<speed>1.1</speed>
</trkpt>
<trkpt lat="48.853243" lon="8.946860">
<ele>371.4</ele>
<time>2020-07-23T19:02:37Z</time>
<speed>1.1</speed>
</trkpt>
<trkpt lat="48.853279" lon="8.946797">
<ele>371.8</ele>
<time>2020-07-23T19:02:42Z</time>
<speed>1.1</speed>
</trkpt>
<trkpt lat="48.853316" lon="8.946736">
<ele>370.9</ele>
<time>2020-07-23T19:02:47Z</time>
<speed>1.1</speed>
</trkpt>
<trkpt lat="48.853358" lon="8.946688">
<ele>370.8</ele>
<time>2020-07-23T19:02:52Z</time>
<speed>1.1</speed>
</trkpt>
<trkpt lat="48.853396" lon="8.946627">
<ele>369.8</ele>
<time>2020-07-23T19:02:57Z</time>
<speed>1.1</speed>
</trkpt>
<trkpt lat="48.853439" lon="8.946566">
<ele>369.6</ele>
<time>2020-07-23T19:03:02Z</time>
<speed>0.8</speed>
</trkpt>
<trkpt lat="48.853432" lon="8.946484">
<ele>368.9</ele>
<time>2020-07-23T19:03:07Z</time>
<speed>1.1</speed>
</trkpt>
<trkpt lat="48.853418" lon="8.946428">
<ele>367.6</ele>
<time>2020-07-23T19:03:12Z</time>
<speed>0.3</speed>
</trkpt>
<trkpt lat="48.853406" lon="8.946412">
<ele>367.4</ele>
<time>2020-07-23T19:03:17Z</time>
<speed>0.0</speed>
</trkpt>
<trkpt lat="48.853406" lon="8.946412">
<ele>367.4</ele>
<time>2020-07-23T19:03:22Z</time>
<speed>0.0</speed>
</trkpt>
<trkpt lat="48.853406" lon="8.946412">
<ele>367.4</ele>
<time>2020-07-23T19:03:27Z</time>
<speed>0.0</speed>
</trkpt>
<trkpt lat="48.853406" lon="8.946412">
<ele>367.4</ele>
<time>2020-07-23T19:03:32Z</time>
<speed>0.0</speed>
</trkpt>
<trkpt lat="48.853406" lon="8.946412">
<ele>367.4</ele>
<time>2020-07-23T19:03:37Z</time>
<speed>0.0</speed>
</trkpt>
<trkpt lat="48.853406" lon="8.946412">
<ele>367.4</ele>
<time>2020-07-23T19:03:42Z</time>
<speed>0.0</speed>
</trkpt>
<trkpt lat="48.853419" lon="8.946414">
<ele>367.5</ele>
<time>2020-07-23T19:03:47Z</time>
<speed>0.0</speed>
</trkpt>
<trkpt lat="48.853450" lon="8.946450">
<ele>365.9</ele>
<time>2020-07-23T19:03:52Z</time>
<speed>0.8</speed>
</trkpt>
<trkpt lat="48.853489" lon="8.946442">
<ele>366.1</ele>
<time>2020-07-23T19:03:57Z</time>
<speed>0.8</speed>
</trkpt>
<trkpt lat="48.853529" lon="8.946408">
<ele>366.1</ele>
<time>2020-07-23T19:04:02Z</time>
<speed>1.1</speed>
</trkpt>
<trkpt lat="48.853566" lon="8.946361">
<ele>365.2</ele>
<time>2020-07-23T19:04:07Z</time>
<speed>0.8</speed>
</trkpt>
<trkpt lat="48.853609" lon="8.946300">
<ele>365.0</ele>
<time>2020-07-23T19:04:12Z</time>
<speed>1.1</speed>
</trkpt>
<trkpt lat="48.853639" lon="8.946237">
<ele>364.7</ele>
<time>2020-07-23T19:04:17Z</time>
<speed>1.1</speed>
</trkpt>
<trkpt lat="48.853681" lon="8.946189">
<ele>364.6</ele>
<time>2020-07-23T19:04:22Z</time>
<speed>1.1</speed>
</trkpt>
<trkpt lat="48.853718" lon="8.946128">
<ele>363.7</ele>
<time>2020-07-23T19:04:27Z</time>
<speed>1.1</speed>
</trkpt>
<trkpt lat="48.853760" lon="8.946081">
<ele>363.6</ele>
<time>2020-07-23T19:04:32Z</time>
<speed>1.1</speed>
</trkpt>
<trkpt lat="48.853804" lon="8.946022">
<ele>362.0</ele>
<time>2020-07-23T19:04:37Z</time>
<speed>1.1</speed>
</trkpt>
<trkpt lat="48.853853" lon="8.945977">
<ele>361.2</ele>
<time>2020-07-23T19:04:42Z</time>
<speed>1.1</speed>
</trkpt>
<trkpt lat="48.853896" lon="8.945916">
<ele>361.0</ele>
<time>2020-07-23T19:04:47Z</time>
<speed>1.1</speed>
</trkpt>
<trkpt lat="48.853945" lon="8.945871">
<ele>360.3</ele>
<time>2020-07-23T19:04:52Z</time>
<speed>1.1</speed>
</trkpt>
<trkpt lat="48.853999" lon="8.945825">
<ele>360.3</ele>
<time>2020-07-23T19:04:57Z</time>
<speed>1.1</speed>
</trkpt>
<trkpt lat="48.854041" lon="8.945778">
<ele>360.2</ele>
<time>2020-07-23T19:05:02Z</time>
<speed>1.1</speed>
</trkpt>
<trkpt lat="48.854091" lon="8.945719">
<ele>359.3</ele>
<time>2020-07-23T19:05:07Z</time>
<speed>1.1</speed>
</trkpt>
<trkpt lat="48.854140" lon="8.945673">
<ele>358.6</ele>
<time>2020-07-23T19:05:12Z</time>
<speed>1.1</speed>
</trkpt>
<trkpt lat="48.854182" lon="8.945626">
<ele>358.5</ele>
<time>2020-07-23T19:05:17Z</time>
<speed>1.1</speed>
</trkpt>
<trkpt lat="48.854238" lon="8.945567">
<ele>358.4</ele>
<time>2020-07-23T19:05:22Z</time>
<speed>1.1</speed>
</trkpt>
<trkpt lat="48.854286" lon="8.945522">
<ele>357.6</ele>
<time>2020-07-23T19:05:27Z</time>
<speed>1.1</speed>
</trkpt>
<trkpt lat="48.854329" lon="8.945461">
<ele>357.4</ele>
<time>2020-07-23T19:05:32Z</time>
<speed>1.1</speed>
</trkpt>
<trkpt lat="48.854384" lon="8.945415">
<ele>357.4</ele>
<time>2020-07-23T19:05:37Z</time>
<speed>1.1</speed>
</trkpt>
<trkpt lat="48.854433" lon="8.945370">
<ele>356.7</ele>
<time>2020-07-23T19:05:42Z</time>
<speed>1.1</speed>
</trkpt>
<trkpt lat="48.854493" lon="8.945325">
<ele>357.4</ele>
<time>2020-07-23T19:05:47Z</time>
<speed>1.1</speed>
</trkpt>
<trkpt lat="48.854535" lon="8.945374">
<ele>357.4</ele>
<time>2020-07-23T19:05:52Z</time>
<speed>1.4</speed>
</trkpt>
<trkpt lat="48.854552" lon="8.945472">
<ele>358.3</ele>
<time>2020-07-23T19:05:57Z</time>
<speed>1.1</speed>
</trkpt>
<trkpt lat="48.854552" lon="8.945568">
<ele>358.4</ele>
<time>2020-07-23T19:06:02Z</time>
<speed>1.4</speed>
</trkpt>
<trkpt lat="48.854565" lon="8.945653">
<ele>358.4</ele>
<time>2020-07-23T19:06:07Z</time>
<speed>1.1</speed>
</trkpt>
<trkpt lat="48.854557" lon="8.945748">
<ele>359.1</ele>
<time>2020-07-23T19:06:12Z</time>
<speed>1.1</speed>
</trkpt>
<trkpt lat="48.854564" lon="8.945833">
<ele>358.5</ele>
<time>2020-07-23T19:06:17Z</time>
<speed>1.1</speed>
</trkpt>
<trkpt lat="48.854565" lon="8.945916">
<ele>358.4</ele>
<time>2020-07-23T19:06:22Z</time>
<speed>1.1</speed>
</trkpt>
<trkpt lat="48.854571" lon="8.945998">
<ele>359.1</ele>
<time>2020-07-23T19:06:27Z</time>
<speed>1.1</speed>
</trkpt>
<trkpt lat="48.854578" lon="8.946083">
<ele>358.5</ele>
<time>2020-07-23T19:06:32Z</time>
<speed>1.1</speed>
</trkpt>
<trkpt lat="48.854579" lon="8.946166">
<ele>358.4</ele>
<time>2020-07-23T19:06:37Z</time>
<speed>1.1</speed>
</trkpt>
<trkpt lat="48.854578" lon="8.946263">
<ele>358.5</ele>
<time>2020-07-23T19:06:42Z</time>
<speed>1.1</speed>
</trkpt>
<trkpt lat="48.854578" lon="8.946345">
<ele>358.5</ele>
<time>2020-07-23T19:06:47Z</time>
<speed>1.1</speed>
</trkpt>
<trkpt lat="48.854579" lon="8.946428">
<ele>358.4</ele>
<time>2020-07-23T19:06:52Z</time>
<speed>1.1</speed>
</trkpt>
<trkpt lat="48.854585" lon="8.946511">
<ele>359.1</ele>
<time>2020-07-23T19:06:57Z</time>
<speed>1.1</speed>
</trkpt>
<trkpt lat="48.854579" lon="8.946592">
<ele>359.7</ele>
<time>2020-07-23T19:07:02Z</time>
<speed>1.1</speed>
</trkpt>
<trkpt lat="48.854579" lon="8.946675">
<ele>359.7</ele>
<time>2020-07-23T19:07:07Z</time>
<speed>1.1</speed>
</trkpt>
<trkpt lat="48.854566" lon="8.946769">
<ele>359.7</ele>
<time>2020-07-23T19:07:12Z</time>
<speed>1.1</speed>
</trkpt>
<trkpt lat="48.854579" lon="8.946854">
<ele>359.7</ele>
<time>2020-07-23T19:07:17Z</time>
<speed>1.1</speed>
</trkpt>
<trkpt lat="48.854593" lon="8.946926">
<ele>359.7</ele>
<time>2020-07-23T19:07:22Z</time>
<speed>0.8</speed>
</trkpt>
<trkpt lat="48.854593" lon="8.947009">
<ele>359.7</ele>
<time>2020-07-23T19:07:27Z</time>
<speed>0.8</speed>
</trkpt>
<trkpt lat="48.854588" lon="8.947076">
<ele>360.2</ele>
<time>2020-07-23T19:07:32Z</time>
<speed>0.8</speed>
</trkpt>
<trkpt lat="48.854588" lon="8.947159">
<ele>360.1</ele>
<time>2020-07-23T19:07:37Z</time>
<speed>0.8</speed>
</trkpt>
<trkpt lat="48.854589" lon="8.947242">
<ele>360.1</ele>
<time>2020-07-23T19:07:42Z</time>
<speed>0.8</speed>
</trkpt>
<trkpt lat="48.854602" lon="8.947311">
<ele>361.5</ele>
<time>2020-07-23T19:07:47Z</time>
<speed>0.8</speed>
</trkpt>
<trkpt lat="48.854616" lon="8.947398">
<ele>360.1</ele>
<time>2020-07-23T19:07:52Z</time>
<speed>0.8</speed>
</trkpt>
<trkpt lat="48.854634" lon="8.947483">
<ele>361.0</ele>
<time>2020-07-23T19:07:57Z</time>
<speed>0.8</speed>
</trkpt>
<trkpt lat="48.854647" lon="8.947568">
<ele>361.0</ele>
<time>2020-07-23T19:08:02Z</time>
<speed>0.6</speed>
</trkpt>
<trkpt lat="48.854660" lon="8.947653">
<ele>361.1</ele>
<time>2020-07-23T19:08:07Z</time>
<speed>0.6</speed>
</trkpt>
<trkpt lat="48.854653" lon="8.947747">
<ele>361.8</ele>
<time>2020-07-23T19:08:12Z</time>
<speed>1.1</speed>
</trkpt>
<trkpt lat="48.854674" lon="8.947821">
<ele>361.1</ele>
<time>2020-07-23T19:08:17Z</time>
<speed>0.3</speed>
</trkpt>
<trkpt lat="48.854681" lon="8.947890">
<ele>361.7</ele>
<time>2020-07-23T19:08:22Z</time>
<speed>0.6</speed>
</trkpt>
<trkpt lat="48.854688" lon="8.947960">
<ele>362.4</ele>
<time>2020-07-23T19:08:27Z</time>
<speed>0.6</speed>
</trkpt>
<trkpt lat="48.854688" lon="8.948056">
<ele>362.4</ele>
<time>2020-07-23T19:08:32Z</time>
<speed>0.6</speed>
</trkpt>
<trkpt lat="48.854700" lon="8.948155">
<ele>362.6</ele>
<time>2020-07-23T19:08:37Z</time>
<speed>0.8</speed>
</trkpt>
<trkpt lat="48.854707" lon="8.948240">
<ele>361.9</ele>
<time>2020-07-23T19:08:42Z</time>
<speed>0.8</speed>
</trkpt>
<trkpt lat="48.854714" lon="8.948325">
<ele>361.2</ele>
<time>2020-07-23T19:08:47Z</time>
<speed>0.8</speed>
</trkpt>
<trkpt lat="48.854720" lon="8.948423">
<ele>360.6</ele>
<time>2020-07-23T19:08:52Z</time>
<speed>0.8</speed>
</trkpt>
<trkpt lat="48.854726" lon="8.948522">
<ele>360.1</ele>
<time>2020-07-23T19:08:57Z</time>
<speed>0.8</speed>
</trkpt>
<trkpt lat="48.854757" lon="8.948609">
<ele>361.0</ele>
<time>2020-07-23T19:09:02Z</time>
<speed>0.8</speed>
</trkpt>
<trkpt lat="48.854774" lon="8.948721">
<ele>362.0</ele>
<time>2020-07-23T19:09:07Z</time>
<speed>0.8</speed>
</trkpt>
<trkpt lat="48.854774" lon="8.948804">
<ele>362.0</ele>
<time>2020-07-23T19:09:12Z</time>
<speed>0.8</speed>
</trkpt>
<trkpt lat="48.854788" lon="8.948875">
<ele>361.9</ele>
<time>2020-07-23T19:09:17Z</time>
<speed>0.8</speed>
</trkpt>
<trkpt lat="48.854781" lon="8.948969">
<ele>362.6</ele>
<time>2020-07-23T19:09:22Z</time>
<speed>0.8</speed>
</trkpt>
<trkpt lat="48.854788" lon="8.949054">
<ele>362.0</ele>
<time>2020-07-23T19:09:27Z</time>
<speed>0.8</speed>
</trkpt>
<trkpt lat="48.854806" lon="8.949153">
<ele>362.9</ele>
<time>2020-07-23T19:09:32Z</time>
<speed>0.8</speed>
</trkpt>
<trkpt lat="48.854800" lon="8.949236">
<ele>362.1</ele>
<time>2020-07-23T19:09:37Z</time>
<speed>0.8</speed>
</trkpt>
<trkpt lat="48.854787" lon="8.949330">
<ele>362.1</ele>
<time>2020-07-23T19:09:42Z</time>
<speed>0.8</speed>
</trkpt>
<trkpt lat="48.854801" lon="8.949417">
<ele>360.7</ele>
<time>2020-07-23T19:09:47Z</time>
<speed>0.8</speed>
</trkpt>
<trkpt lat="48.854814" lon="8.949502">
<ele>360.8</ele>
<time>2020-07-23T19:09:52Z</time>
<speed>0.6</speed>
</trkpt>
<trkpt lat="48.854821" lon="8.949571">
<ele>361.4</ele>
<time>2020-07-23T19:09:57Z</time>
<speed>0.6</speed>
</trkpt>
<trkpt lat="48.854843" lon="8.949549">
<ele>360.7</ele>
<time>2020-07-23T19:10:02Z</time>
<speed>0.8</speed>
</trkpt>
<trkpt lat="48.854853" lon="8.949497">
<ele>359.6</ele>
<time>2020-07-23T19:10:07Z</time>
<speed>0.6</speed>
</trkpt>
<trkpt lat="48.854860" lon="8.949416">
<ele>359.0</ele>
<time>2020-07-23T19:10:12Z</time>
<speed>0.8</speed>
</trkpt>
<trkpt lat="48.854879" lon="8.949338">
<ele>358.5</ele>
<time>2020-07-23T19:10:17Z</time>
<speed>0.8</speed>
</trkpt>
<trkpt lat="48.854866" lon="8.949253">
<ele>358.4</ele>
<time>2020-07-23T19:10:22Z</time>
<speed>0.6</speed>
</trkpt>
<trkpt lat="48.854876" lon="8.949199">
<ele>358.7</ele>
<time>2020-07-23T19:10:27Z</time>
<speed>0.6</speed>
</trkpt>
<trkpt lat="48.854879" lon="8.949143">
<ele>359.7</ele>
<time>2020-07-23T19:10:32Z</time>
<speed>0.0</speed>
</trkpt>
<trkpt lat="48.854879" lon="8.949143">
<ele>359.7</ele>
<time>2020-07-23T19:10:37Z</time>
<speed>0.0</speed>
</trkpt>
<trkpt lat="48.854880" lon="8.949129">
<ele>359.6</ele>
<time>2020-07-23T19:10:42Z</time>
<speed>0.6</speed>
</trkpt>
<trkpt lat="48.854892" lon="8.949062">
<ele>359.9</ele>
<time>2020-07-23T19:10:47Z</time>
<speed>0.8</speed>
</trkpt>
<trkpt lat="48.854896" lon="8.948993">
<ele>360.8</ele>
<time>2020-07-23T19:10:52Z</time>
<speed>0.8</speed>
</trkpt>
<trkpt lat="48.854881" lon="8.948935">
<ele>360.9</ele>
<time>2020-07-23T19:10:57Z</time>
<speed>0.8</speed>
</trkpt>
<trkpt lat="48.854875" lon="8.948852">
<ele>360.2</ele>
<time>2020-07-23T19:11:02Z</time>
<speed>0.8</speed>
</trkpt>
<trkpt lat="48.854873" lon="8.948782">
<ele>360.3</ele>
<time>2020-07-23T19:11:07Z</time>
<speed>0.8</speed>
</trkpt>
<trkpt lat="48.854872" lon="8.948713">
<ele>360.5</ele>
<time>2020-07-23T19:11:12Z</time>
<speed>1.1</speed>
</trkpt>
<trkpt lat="48.854864" lon="8.948643">
<ele>359.8</ele>
<time>2020-07-23T19:11:17Z</time>
<speed>0.8</speed>
</trkpt>
<trkpt lat="48.854876" lon="8.948576">
<ele>360.1</ele>
<time>2020-07-23T19:11:22Z</time>
<speed>0.8</speed>
</trkpt>
<trkpt lat="48.854880" lon="8.948507">
<ele>361.0</ele>
<time>2020-07-23T19:11:27Z</time>
<speed>0.6</speed>
</trkpt>
<trkpt lat="48.854917" lon="8.948444">
<ele>361.4</ele>
<time>2020-07-23T19:11:32Z</time>
<speed>0.8</speed>
</trkpt>
<trkpt lat="48.854962" lon="8.948423">
<ele>362.3</ele>
<time>2020-07-23T19:11:37Z</time>
<speed>0.3</speed>
</trkpt>
<trkpt lat="48.855006" lon="8.948445">
<ele>362.0</ele>
<time>2020-07-23T19:11:42Z</time>
<speed>0.8</speed>
</trkpt>
<trkpt lat="48.855061" lon="8.948482">
<ele>362.0</ele>
<time>2020-07-23T19:11:47Z</time>
<speed>0.6</speed>
</trkpt>
<trkpt lat="48.855094" lon="8.948543">
<ele>362.7</ele>
<time>2020-07-23T19:11:52Z</time>
<speed>0.3</speed>
</trkpt>
<trkpt lat="48.855147" lon="8.948605">
<ele>364.3</ele>
<time>2020-07-23T19:11:57Z</time>
<speed>0.6</speed>
</trkpt>
<trkpt lat="48.855204" lon="8.948714">
<ele>362.7</ele>
<time>2020-07-23T19:12:02Z</time>
<speed>0.8</speed>
</trkpt>
<trkpt lat="48.855244" lon="8.948761">
<ele>364.1</ele>
<time>2020-07-23T19:12:07Z</time>
<speed>0.0</speed>
</trkpt>
<trkpt lat="48.855261" lon="8.948790">
<ele>365.2</ele>
<time>2020-07-23T19:12:12Z</time>
<speed>0.6</speed>
</trkpt>
<trkpt lat="48.855282" lon="8.948848">
<ele>365.8</ele>
<time>2020-07-23T19:12:17Z</time>
<speed>0.3</speed>
</trkpt>
<trkpt lat="48.855297" lon="8.948890">
<ele>366.9</ele>
<time>2020-07-23T19:12:22Z</time>
<speed>0.3</speed>
</trkpt>
<trkpt lat="48.855344" lon="8.948939">
<ele>367.7</ele>
<time>2020-07-23T19:12:27Z</time>
<speed>0.8</speed>
</trkpt>
<trkpt lat="48.855365" lon="8.948997">
<ele>368.3</ele>
<time>2020-07-23T19:12:32Z</time>
<speed>0.6</speed>
</trkpt>
<trkpt lat="48.855395" lon="8.949031">
<ele>368.0</ele>
<time>2020-07-23T19:12:37Z</time>
<speed>0.6</speed>
</trkpt>
<trkpt lat="48.855437" lon="8.949079">
<ele>368.0</ele>
<time>2020-07-23T19:12:42Z</time>
<speed>0.8</speed>
</trkpt>
<trkpt lat="48.855479" lon="8.949115">
<ele>367.9</ele>
<time>2020-07-23T19:12:47Z</time>
<speed>0.8</speed>
</trkpt>
<trkpt lat="48.855527" lon="8.949166">
<ele>367.2</ele>
<time>2020-07-23T19:12:52Z</time>
<speed>0.8</speed>
</trkpt>
<trkpt lat="48.855563" lon="8.949199">
<ele>367.7</ele>
<time>2020-07-23T19:12:57Z</time>
<speed>0.8</speed>
</trkpt>
<trkpt lat="48.855619" lon="8.949241">
<ele>364.9</ele>
<time>2020-07-23T19:13:02Z</time>
<speed>0.8</speed>
</trkpt>
<trkpt lat="48.855663" lon="8.949263">
<ele>364.6</ele>
<time>2020-07-23T19:13:07Z</time>
<speed>0.6</speed>
</trkpt>
<trkpt lat="48.855700" lon="8.949269">
<ele>364.9</ele>
<time>2020-07-23T19:13:12Z</time>
<speed>0.8</speed>
</trkpt>
<trkpt lat="48.855756" lon="8.949276">
<ele>367.5</ele>
<time>2020-07-23T19:13:17Z</time>
<speed>0.8</speed>
</trkpt>
<trkpt lat="48.855811" lon="8.949298">
<ele>368.8</ele>
<time>2020-07-23T19:13:22Z</time>
<speed>0.6</speed>
</trkpt>
<trkpt lat="48.855867" lon="8.949319">
<ele>370.0</ele>
<time>2020-07-23T19:13:27Z</time>
<speed>0.6</speed>
</trkpt>
<trkpt lat="48.855937" lon="8.949317">
<ele>371.2</ele>
<time>2020-07-23T19:13:32Z</time>
<speed>0.6</speed>
</trkpt>
<trkpt lat="48.855994" lon="8.949327">
<ele>371.0</ele>
<time>2020-07-23T19:13:37Z</time>
<speed>0.8</speed>
</trkpt>
<trkpt lat="48.856044" lon="8.949336">
<ele>371.4</ele>
<time>2020-07-23T19:13:42Z</time>
<speed>0.6</speed>
</trkpt>
<trkpt lat="48.856094" lon="8.949342">
<ele>373.2</ele>
<time>2020-07-23T19:13:47Z</time>
<speed>0.6</speed>
</trkpt>
<trkpt lat="48.856152" lon="8.949324">
<ele>374.2</ele>
<time>2020-07-23T19:13:52Z</time>
<speed>0.8</speed>
</trkpt>
<trkpt lat="48.856198" lon="8.949303">
<ele>375.0</ele>
<time>2020-07-23T19:13:57Z</time>
<speed>0.8</speed>
</trkpt>
<trkpt lat="48.856251" lon="8.949285">
<ele>375.2</ele>
<time>2020-07-23T19:14:02Z</time>
<speed>0.8</speed>
</trkpt>
<trkpt lat="48.856303" lon="8.949251">
<ele>376.7</ele>
<time>2020-07-23T19:14:07Z</time>
<speed>0.8</speed>
</trkpt>
<trkpt lat="48.856350" lon="8.949217">
<ele>377.5</ele>
<time>2020-07-23T19:14:12Z</time>
<speed>0.3</speed>
</trkpt>
<trkpt lat="48.856369" lon="8.949219">
<ele>378.3</ele>
<time>2020-07-23T19:14:17Z</time>
<speed>0.0</speed>
</trkpt>
<trkpt lat="48.856381" lon="8.949203">
<ele>381.1</ele>
<time>2020-07-23T19:14:22Z</time>
<speed>0.6</speed>
</trkpt>
<trkpt lat="48.856440" lon="8.949169">
<ele>383.4</ele>
<time>2020-07-23T19:14:27Z</time>
<speed>0.8</speed>
</trkpt>
<trkpt lat="48.856504" lon="8.949151">
<ele>385.1</ele>
<time>2020-07-23T19:14:32Z</time>
<speed>0.8</speed>
</trkpt>
<trkpt lat="48.856576" lon="8.949121">
<ele>386.1</ele>
<time>2020-07-23T19:14:37Z</time>
<speed>0.8</speed>
</trkpt>
<trkpt lat="48.856629" lon="8.949087">
<ele>387.6</ele>
<time>2020-07-23T19:14:42Z</time>
<speed>0.8</speed>
</trkpt>
<trkpt lat="48.856683" lon="8.949039">
<ele>389.0</ele>
<time>2020-07-23T19:14:47Z</time>
<speed>0.8</speed>
</trkpt>
<trkpt lat="48.856730" lon="8.949005">
<ele>389.8</ele>
<time>2020-07-23T19:14:52Z</time>
<speed>0.8</speed>
</trkpt>
<trkpt lat="48.856783" lon="8.948973">
<ele>389.9</ele>
<time>2020-07-23T19:14:57Z</time>
<speed>0.8</speed>
</trkpt>
<trkpt lat="48.856837" lon="8.948926">
<ele>391.3</ele>
<time>2020-07-23T19:15:02Z</time>
<speed>1.1</speed>
</trkpt>
<trkpt lat="48.856892" lon="8.948881">
<ele>391.3</ele>
<time>2020-07-23T19:15:07Z</time>
<speed>1.1</speed>
</trkpt>
<trkpt lat="48.856945" lon="8.948849">
<ele>391.4</ele>
<time>2020-07-23T19:15:12Z</time>
<speed>1.1</speed>
</trkpt>
<trkpt lat="48.856982" lon="8.948788">
<ele>390.4</ele>
<time>2020-07-23T19:15:17Z</time>
<speed>1.1</speed>
</trkpt>
<trkpt lat="48.857024" lon="8.948740">
<ele>390.3</ele>
<time>2020-07-23T19:15:22Z</time>
<speed>0.8</speed>
</trkpt>
<trkpt lat="48.857073" lon="8.948695">
<ele>389.6</ele>
<time>2020-07-23T19:15:27Z</time>
<speed>1.1</speed>
</trkpt>
<trkpt lat="48.857094" lon="8.948670">
<ele>390.2</ele>
<time>2020-07-23T19:15:32Z</time>
<speed>0.0</speed>
</trkpt>
<trkpt lat="48.857094" lon="8.948670">
<ele>390.2</ele>
<time>2020-07-23T19:15:37Z</time>
<speed>0.3</speed>
</trkpt>
<trkpt lat="48.857117" lon="8.948618">
<ele>390.7</ele>
<time>2020-07-23T19:15:42Z</time>
<speed>1.1</speed>
</trkpt>
<trkpt lat="48.857153" lon="8.948555">
<ele>391.1</ele>
<time>2020-07-23T19:15:47Z</time>
<speed>0.8</speed>
</trkpt>
<trkpt lat="48.857176" lon="8.948504">
<ele>391.6</ele>
<time>2020-07-23T19:15:52Z</time>
<speed>0.8</speed>
</trkpt>
<trkpt lat="48.857205" lon="8.948454">
<ele>391.4</ele>
<time>2020-07-23T19:15:57Z</time>
<speed>0.6</speed>
</trkpt>
<trkpt lat="48.857235" lon="8.948406">
<ele>389.8</ele>
<time>2020-07-23T19:16:02Z</time>
<speed>0.8</speed>
</trkpt>
<trkpt lat="48.857259" lon="8.948357">
<ele>388.8</ele>
<time>2020-07-23T19:16:07Z</time>
<speed>0.8</speed>
</trkpt>
<trkpt lat="48.857290" lon="8.948280">
<ele>388.4</ele>
<time>2020-07-23T19:16:12Z</time>
<speed>0.8</speed>
</trkpt>
<trkpt lat="48.857309" lon="8.948202">
<ele>387.9</ele>
<time>2020-07-23T19:16:17Z</time>
<speed>1.1</speed>
</trkpt>
<trkpt lat="48.857328" lon="8.948107">
<ele>388.7</ele>
<time>2020-07-23T19:16:22Z</time>
<speed>1.1</speed>
</trkpt>
<trkpt lat="48.857358" lon="8.948058">
<ele>388.5</ele>
<time>2020-07-23T19:16:27Z</time>
<speed>1.1</speed>
</trkpt>
<trkpt lat="48.857382" lon="8.947995">
<ele>387.4</ele>
<time>2020-07-23T19:16:32Z</time>
<speed>0.8</speed>
</trkpt>
<trkpt lat="48.857388" lon="8.947927">
<ele>386.9</ele>
<time>2020-07-23T19:16:37Z</time>
<speed>0.8</speed>
</trkpt>
<trkpt lat="48.857394" lon="8.947847">
<ele>386.3</ele>
<time>2020-07-23T19:16:42Z</time>
<speed>1.1</speed>
</trkpt>
<trkpt lat="48.857419" lon="8.947752">
<ele>387.8</ele>
<time>2020-07-23T19:16:47Z</time>
<speed>0.8</speed>
</trkpt>
<trkpt lat="48.857431" lon="8.947672">
<ele>388.0</ele>
<time>2020-07-23T19:16:52Z</time>
<speed>1.1</speed>
</trkpt>
<trkpt lat="48.857438" lon="8.947591">
<ele>387.3</ele>
<time>2020-07-23T19:16:57Z</time>
<speed>0.8</speed>
</trkpt>
<trkpt lat="48.857457" lon="8.947512">
<ele>386.8</ele>
<time>2020-07-23T19:17:02Z</time>
<speed>0.8</speed>
</trkpt>
<trkpt lat="48.857459" lon="8.947485">
<ele>386.6</ele>
<time>2020-07-23T19:17:07Z</time>
<speed>0.0</speed>
</trkpt>
<trkpt lat="48.857465" lon="8.947485">
<ele>387.4</ele>
<time>2020-07-23T19:17:12Z</time>
<speed>0.0</speed>
</trkpt>
<trkpt lat="48.857469" lon="8.947432">
<ele>387.0</ele>
<time>2020-07-23T19:17:17Z</time>
<speed>0.6</speed>
</trkpt>
<trkpt lat="48.857474" lon="8.947364">
<ele>386.5</ele>
<time>2020-07-23T19:17:22Z</time>
<speed>0.8</speed>
</trkpt>
<trkpt lat="48.857467" lon="8.947279">
<ele>387.2</ele>
<time>2020-07-23T19:17:27Z</time>
<speed>0.8</speed>
</trkpt>
<trkpt lat="48.857472" lon="8.947212">
<ele>386.6</ele>
<time>2020-07-23T19:17:32Z</time>
<speed>0.8</speed>
</trkpt>
<trkpt lat="48.857466" lon="8.947129">
<ele>385.9</ele>
<time>2020-07-23T19:17:37Z</time>
<speed>0.8</speed>
</trkpt>
<trkpt lat="48.857465" lon="8.947060">
<ele>386.1</ele>
<time>2020-07-23T19:17:42Z</time>
<speed>0.8</speed>
</trkpt>
<trkpt lat="48.857470" lon="8.946977">
<ele>386.9</ele>
<time>2020-07-23T19:17:47Z</time>
<speed>0.8</speed>
</trkpt>
<trkpt lat="48.857470" lon="8.946894">
<ele>386.9</ele>
<time>2020-07-23T19:17:52Z</time>
<speed>1.1</speed>
</trkpt>
<trkpt lat="48.857469" lon="8.946811">
<ele>386.9</ele>
<time>2020-07-23T19:17:57Z</time>
<speed>0.8</speed>
</trkpt>
<trkpt lat="48.857469" lon="8.946712">
<ele>388.3</ele>
<time>2020-07-23T19:18:02Z</time>
<speed>1.4</speed>
</trkpt>
<trkpt lat="48.857469" lon="8.946645">
<ele>387.0</ele>
<time>2020-07-23T19:18:07Z</time>
<speed>0.8</speed>
</trkpt>
<trkpt lat="48.857462" lon="8.946562">
<ele>386.3</ele>
<time>2020-07-23T19:18:12Z</time>
<speed>0.8</speed>
</trkpt>
<trkpt lat="48.857462" lon="8.946479">
<ele>386.3</ele>
<time>2020-07-23T19:18:17Z</time>
<speed>0.8</speed>
</trkpt>
<trkpt lat="48.857467" lon="8.946412">
<ele>385.8</ele>
<time>2020-07-23T19:18:22Z</time>
<speed>0.6</speed>
</trkpt>
<trkpt lat="48.857473" lon="8.946329">
<ele>386.6</ele>
<time>2020-07-23T19:18:27Z</time>
<speed>0.8</speed>
</trkpt>
<trkpt lat="48.857472" lon="8.946246">
<ele>386.6</ele>
<time>2020-07-23T19:18:32Z</time>
<speed>0.8</speed>
</trkpt>
<trkpt lat="48.857478" lon="8.946163">
<ele>387.4</ele>
<time>2020-07-23T19:18:37Z</time>
<speed>0.8</speed>
</trkpt>
<trkpt lat="48.857479" lon="8.946067">
<ele>387.3</ele>
<time>2020-07-23T19:18:42Z</time>
<speed>1.1</speed>
</trkpt>
<trkpt lat="48.857498" lon="8.945973">
<ele>388.1</ele>
<time>2020-07-23T19:18:47Z</time>
<speed>0.8</speed>
</trkpt>
<trkpt lat="48.857492" lon="8.945874">
<ele>388.7</ele>
<time>2020-07-23T19:18:52Z</time>
<speed>1.1</speed>
</trkpt>
<trkpt lat="48.857477" lon="8.945816">
<ele>388.9</ele>
<time>2020-07-23T19:18:57Z</time>
<speed>0.3</speed>
</trkpt>
<trkpt lat="48.857470" lon="8.945814">
<ele>389.5</ele>
<time>2020-07-23T19:19:02Z</time>
<speed>0.0</speed>
</trkpt>
<trkpt lat="48.857478" lon="8.945803">
<ele>388.8</ele>
<time>2020-07-23T19:19:07Z</time>
<speed>0.0</speed>
</trkpt>
<trkpt lat="48.857484" lon="8.945803">
<ele>389.5</ele>
<time>2020-07-23T19:19:12Z</time>
<speed>0.0</speed>
</trkpt>
<trkpt lat="48.857518" lon="8.945767">
<ele>390.2</ele>
<time>2020-07-23T19:19:17Z</time>
<speed>0.8</speed>
</trkpt>
<trkpt lat="48.857544" lon="8.945675">
<ele>390.3</ele>
<time>2020-07-23T19:19:22Z</time>
<speed>1.1</speed>
</trkpt>
<trkpt lat="48.857576" lon="8.945583">
<ele>391.2</ele>
<time>2020-07-23T19:19:27Z</time>
<speed>1.1</speed>
</trkpt>
<trkpt lat="48.857589" lon="8.945473">
<ele>392.5</ele>
<time>2020-07-23T19:19:32Z</time>
<speed>0.8</speed>
</trkpt>
<trkpt lat="48.857614" lon="8.945378">
<ele>394.1</ele>
<time>2020-07-23T19:19:37Z</time>
<speed>1.1</speed>
</trkpt>
<trkpt lat="48.857639" lon="8.945298">
<ele>395.7</ele>
<time>2020-07-23T19:19:42Z</time>
<speed>0.8</speed>
</trkpt>
<trkpt lat="48.857658" lon="8.945188">
<ele>397.8</ele>
<time>2020-07-23T19:19:47Z</time>
<speed>1.1</speed>
</trkpt>
<trkpt lat="48.857683" lon="8.945109">
<ele>398.1</ele>
<time>2020-07-23T19:19:52Z</time>
<speed>0.8</speed>
</trkpt>
<trkpt lat="48.857708" lon="8.945033">
<ele>396.9</ele>
<time>2020-07-23T19:19:57Z</time>
<speed>1.1</speed>
</trkpt>
<trkpt lat="48.857720" lon="8.944950">
<ele>398.4</ele>
<time>2020-07-23T19:20:02Z</time>
<speed>0.8</speed>
</trkpt>
<trkpt lat="48.857756" lon="8.944887">
<ele>398.9</ele>
<time>2020-07-23T19:20:07Z</time>
<speed>0.8</speed>
</trkpt>
<trkpt lat="48.857782" lon="8.944810">
<ele>397.7</ele>
<time>2020-07-23T19:20:12Z</time>
<speed>0.8</speed>
</trkpt>
<trkpt lat="48.857814" lon="8.944718">
<ele>398.6</ele>
<time>2020-07-23T19:20:17Z</time>
<speed>1.1</speed>
</trkpt>
<trkpt lat="48.857858" lon="8.944644">
<ele>398.3</ele>
<time>2020-07-23T19:20:22Z</time>
<speed>1.1</speed>
</trkpt>
<trkpt lat="48.857888" lon="8.944547">
<ele>402.0</ele>
<time>2020-07-23T19:20:27Z</time>
<speed>0.8</speed>
</trkpt>
<trkpt lat="48.857912" lon="8.944498">
<ele>401.1</ele>
<time>2020-07-23T19:20:32Z</time>
<speed>0.8</speed>
</trkpt>
<trkpt lat="48.857955" lon="8.944437">
<ele>400.9</ele>
<time>2020-07-23T19:20:37Z</time>
<speed>1.1</speed>
</trkpt>
<trkpt lat="48.857990" lon="8.944387">
<ele>401.4</ele>
<time>2020-07-23T19:20:42Z</time>
<speed>0.8</speed>
</trkpt>
<trkpt lat="48.858045" lon="8.944326">
<ele>402.7</ele>
<time>2020-07-23T19:20:47Z</time>
<speed>1.1</speed>
</trkpt>
<trkpt lat="48.858092" lon="8.944261">
<ele>406.1</ele>
<time>2020-07-23T19:20:52Z</time>
<speed>1.1</speed>
</trkpt>
<trkpt lat="48.858135" lon="8.944182">
<ele>408.6</ele>
<time>2020-07-23T19:20:57Z</time>
<speed>1.1</speed>
</trkpt>
<trkpt lat="48.858184" lon="8.944106">
<ele>410.4</ele>
<time>2020-07-23T19:21:02Z</time>
<speed>1.1</speed>
</trkpt>
<trkpt lat="48.858233" lon="8.944045">
<ele>411.0</ele>
<time>2020-07-23T19:21:07Z</time>
<speed>1.1</speed>
</trkpt>
<trkpt lat="48.858281" lon="8.943982">
<ele>412.9</ele>
<time>2020-07-23T19:21:12Z</time>
<speed>1.1</speed>
</trkpt>
<trkpt lat="48.858317" lon="8.943932">
<ele>413.5</ele>
<time>2020-07-23T19:21:17Z</time>
<speed>1.1</speed>
</trkpt>
<trkpt lat="48.858359" lon="8.943900">
<ele>412.1</ele>
<time>2020-07-23T19:21:22Z</time>
<speed>0.8</speed>
</trkpt>
<trkpt lat="48.858413" lon="8.943855">
<ele>412.1</ele>
<time>2020-07-23T19:21:27Z</time>
<speed>1.1</speed>
</trkpt>
<trkpt lat="48.858461" lon="8.943823">
<ele>411.4</ele>
<time>2020-07-23T19:21:32Z</time>
<speed>0.8</speed>
</trkpt>
<trkpt lat="48.858469" lon="8.943812">
<ele>410.7</ele>
<time>2020-07-23T19:21:37Z</time>
<speed>0.0</speed>
</trkpt>
<trkpt lat="48.858497" lon="8.943791">
<ele>409.3</ele>
<time>2020-07-23T19:21:42Z</time>
<speed>0.8</speed>
</trkpt>
<trkpt lat="48.858539" lon="8.943746">
<ele>407.8</ele>
<time>2020-07-23T19:21:47Z</time>
<speed>0.8</speed>
</trkpt>
<trkpt lat="48.858587" lon="8.943698">
<ele>408.4</ele>
<time>2020-07-23T19:21:52Z</time>
<speed>0.8</speed>
</trkpt>
<trkpt lat="48.858648" lon="8.943653">
<ele>409.2</ele>
<time>2020-07-23T19:21:57Z</time>
<speed>0.8</speed>
</trkpt>
<trkpt lat="48.858702" lon="8.943605">
<ele>410.6</ele>
<time>2020-07-23T19:22:02Z</time>
<speed>1.1</speed>
</trkpt>
<trkpt lat="48.858738" lon="8.943542">
<ele>411.0</ele>
<time>2020-07-23T19:22:07Z</time>
<speed>0.8</speed>
</trkpt>
<trkpt lat="48.858776" lon="8.943466">
<ele>411.4</ele>
<time>2020-07-23T19:22:12Z</time>
<speed>1.1</speed>
</trkpt>
<trkpt lat="48.858819" lon="8.943405">
<ele>411.2</ele>
<time>2020-07-23T19:22:17Z</time>
<speed>1.1</speed>
</trkpt>
<trkpt lat="48.858866" lon="8.943373">
<ele>410.5</ele>
<time>2020-07-23T19:22:22Z</time>
<speed>0.8</speed>
</trkpt>
<trkpt lat="48.858901" lon="8.943337">
<ele>411.2</ele>
<time>2020-07-23T19:22:27Z</time>
<speed>0.6</speed>
</trkpt>
<trkpt lat="48.858943" lon="8.943289">
<ele>411.1</ele>
<time>2020-07-23T19:22:32Z</time>
<speed>0.8</speed>
</trkpt>
<trkpt lat="48.858984" lon="8.943255">
<ele>411.1</ele>
<time>2020-07-23T19:22:37Z</time>
<speed>0.8</speed>
</trkpt>
<trkpt lat="48.859014" lon="8.943192">
<ele>410.8</ele>
<time>2020-07-23T19:22:42Z</time>
<speed>1.1</speed>
</trkpt>
<trkpt lat="48.859062" lon="8.943145">
<ele>411.4</ele>
<time>2020-07-23T19:22:47Z</time>
<speed>0.8</speed>
</trkpt>
<trkpt lat="48.859082" lon="8.943133">
<ele>412.2</ele>
<time>2020-07-23T19:22:52Z</time>
<speed>0.0</speed>
</trkpt>
<trkpt lat="48.859082" lon="8.943133">
<ele>412.2</ele>
<time>2020-07-23T19:22:57Z</time>
<speed>0.0</speed>
</trkpt>
<trkpt lat="48.859111" lon="8.943084">
<ele>412.0</ele>
<time>2020-07-23T19:23:02Z</time>
<speed>0.8</speed>
</trkpt>
<trkpt lat="48.859153" lon="8.943036">
<ele>411.9</ele>
<time>2020-07-23T19:23:07Z</time>
<speed>0.8</speed>
</trkpt>
<trkpt lat="48.859175" lon="8.942998">
<ele>412.4</ele>
<time>2020-07-23T19:23:12Z</time>
<speed>0.8</speed>
</trkpt>
<trkpt lat="48.859232" lon="8.942926">
<ele>412.2</ele>
<time>2020-07-23T19:23:17Z</time>
<speed>0.8</speed>
</trkpt>
<trkpt lat="48.859281" lon="8.942865">
<ele>412.8</ele>
<time>2020-07-23T19:23:22Z</time>
<speed>0.8</speed>
</trkpt>
<trkpt lat="48.859328" lon="8.942817">
<ele>413.4</ele>
<time>2020-07-23T19:23:27Z</time>
<speed>0.8</speed>
</trkpt>
<trkpt lat="48.859376" lon="8.942770">
<ele>414.1</ele>
<time>2020-07-23T19:23:32Z</time>
<speed>1.1</speed>
</trkpt>
<trkpt lat="48.859421" lon="8.942695">
<ele>413.8</ele>
<time>2020-07-23T19:23:37Z</time>
<speed>1.1</speed>
</trkpt>
<trkpt lat="48.859468" lon="8.942648">
<ele>414.5</ele>
<time>2020-07-23T19:23:42Z</time>
<speed>1.1</speed>
</trkpt>
<trkpt lat="48.859506" lon="8.942587">
<ele>413.5</ele>
<time>2020-07-23T19:23:47Z</time>
<speed>1.1</speed>
</trkpt>
<trkpt lat="48.859549" lon="8.942526">
<ele>413.3</ele>
<time>2020-07-23T19:23:52Z</time>
<speed>1.1</speed>
</trkpt>
<trkpt lat="48.859587" lon="8.942452">
<ele>412.2</ele>
<time>2020-07-23T19:23:57Z</time>
<speed>1.1</speed>
</trkpt>
<trkpt lat="48.859623" lon="8.942404">
<ele>411.4</ele>
<time>2020-07-23T19:24:02Z</time>
<speed>0.8</speed>
</trkpt>
<trkpt lat="48.859654" lon="8.942343">
<ele>409.7</ele>
<time>2020-07-23T19:24:07Z</time>
<speed>0.8</speed>
</trkpt>
<trkpt lat="48.859686" lon="8.942251">
<ele>410.6</ele>
<time>2020-07-23T19:24:12Z</time>
<speed>1.1</speed>
</trkpt>
<trkpt lat="48.859711" lon="8.942188">
<ele>409.5</ele>
<time>2020-07-23T19:24:17Z</time>
<speed>0.8</speed>
</trkpt>
<trkpt lat="48.859741" lon="8.942140">
<ele>407.9</ele>
<time>2020-07-23T19:24:22Z</time>
<speed>1.1</speed>
</trkpt>
<trkpt lat="48.859778" lon="8.942079">
<ele>407.0</ele>
<time>2020-07-23T19:24:27Z</time>
<speed>1.1</speed>
</trkpt>
<trkpt lat="48.859809" lon="8.942019">
<ele>405.2</ele>
<time>2020-07-23T19:24:32Z</time>
<speed>0.8</speed>
</trkpt>
<trkpt lat="48.859821" lon="8.941953">
<ele>404.1</ele>
<time>2020-07-23T19:24:37Z</time>
<speed>0.8</speed>
</trkpt>
<trkpt lat="48.859852" lon="8.941890">
<ele>403.8</ele>
<time>2020-07-23T19:24:42Z</time>
<speed>0.8</speed>
</trkpt>
<trkpt lat="48.859871" lon="8.941812">
<ele>403.3</ele>
<time>2020-07-23T19:24:47Z</time>
<speed>0.8</speed>
</trkpt>
<trkpt lat="48.859896" lon="8.941720">
<ele>403.4</ele>
<time>2020-07-23T19:24:52Z</time>
<speed>1.1</speed>
</trkpt>
<trkpt lat="48.859921" lon="8.941641">
<ele>403.6</ele>
<time>2020-07-23T19:24:57Z</time>
<speed>1.1</speed>
</trkpt>
<trkpt lat="48.859946" lon="8.941562">
<ele>403.9</ele>
<time>2020-07-23T19:25:02Z</time>
<speed>1.1</speed>
</trkpt>
<trkpt lat="48.859965" lon="8.941484">
<ele>403.4</ele>
<time>2020-07-23T19:25:07Z</time>
<speed>1.1</speed>
</trkpt>
<trkpt lat="48.859996" lon="8.941420">
<ele>403.1</ele>
<time>2020-07-23T19:25:12Z</time>
<speed>0.8</speed>
</trkpt>
<trkpt lat="48.860014" lon="8.941340">
<ele>404.0</ele>
<time>2020-07-23T19:25:17Z</time>
<speed>0.8</speed>
</trkpt>
<trkpt lat="48.860039" lon="8.941261">
<ele>404.2</ele>
<time>2020-07-23T19:25:22Z</time>
<speed>1.1</speed>
</trkpt>
<trkpt lat="48.860057" lon="8.941180">
<ele>405.1</ele>
<time>2020-07-23T19:25:27Z</time>
<speed>0.8</speed>
</trkpt>
<trkpt lat="48.860076" lon="8.941102">
<ele>404.6</ele>
<time>2020-07-23T19:25:32Z</time>
<speed>0.8</speed>
</trkpt>
<trkpt lat="48.860094" lon="8.941021">
<ele>405.5</ele>
<time>2020-07-23T19:25:37Z</time>
<speed>1.1</speed>
</trkpt>
<trkpt lat="48.860120" lon="8.940929">
<ele>405.6</ele>
<time>2020-07-23T19:25:42Z</time>
<speed>1.1</speed>
</trkpt>
<trkpt lat="48.860144" lon="8.940850">
<ele>405.9</ele>
<time>2020-07-23T19:25:47Z</time>
<speed>1.1</speed>
</trkpt>
<trkpt lat="48.860170" lon="8.940756">
<ele>407.4</ele>
<time>2020-07-23T19:25:52Z</time>
<speed>0.8</speed>
</trkpt>
<trkpt lat="48.860182" lon="8.940675">
<ele>407.6</ele>
<time>2020-07-23T19:25:57Z</time>
<speed>0.8</speed>
</trkpt>
<trkpt lat="48.860211" lon="8.940610">
<ele>408.7</ele>
<time>2020-07-23T19:26:02Z</time>
<speed>1.1</speed>
</trkpt>
<trkpt lat="48.860230" lon="8.940531">
<ele>408.1</ele>
<time>2020-07-23T19:26:07Z</time>
<speed>0.8</speed>
</trkpt>
<trkpt lat="48.860249" lon="8.940450">
<ele>409.0</ele>
<time>2020-07-23T19:26:12Z</time>
<speed>0.8</speed>
</trkpt>
<trkpt lat="48.860274" lon="8.940374">
<ele>407.9</ele>
<time>2020-07-23T19:26:17Z</time>
<speed>0.8</speed>
</trkpt>
<trkpt lat="48.860299" lon="8.940311">
<ele>406.8</ele>
<time>2020-07-23T19:26:22Z</time>
<speed>0.8</speed>
</trkpt>
<trkpt lat="48.860324" lon="8.940232">
<ele>407.1</ele>
<time>2020-07-23T19:26:27Z</time>
<speed>1.1</speed>
</trkpt>
<trkpt lat="48.860342" lon="8.940151">
<ele>408.0</ele>
<time>2020-07-23T19:26:32Z</time>
<speed>1.1</speed>
</trkpt>
<trkpt lat="48.860362" lon="8.940059">
<ele>407.3</ele>
<time>2020-07-23T19:26:37Z</time>
<speed>1.1</speed>
</trkpt>
<trkpt lat="48.860387" lon="8.939981">
<ele>407.6</ele>
<time>2020-07-23T19:26:42Z</time>
<speed>1.1</speed>
</trkpt>
<trkpt lat="48.860418" lon="8.939889">
<ele>408.5</ele>
<time>2020-07-23T19:26:47Z</time>
<speed>1.1</speed>
</trkpt>
<trkpt lat="48.860443" lon="8.939825">
<ele>407.4</ele>
<time>2020-07-23T19:26:52Z</time>
<speed>0.8</speed>
</trkpt>
<trkpt lat="48.860456" lon="8.939731">
<ele>407.5</ele>
<time>2020-07-23T19:26:57Z</time>
<speed>1.1</speed>
</trkpt>
<trkpt lat="48.860475" lon="8.939653">
<ele>406.9</ele>
<time>2020-07-23T19:27:02Z</time>
<speed>1.1</speed>
</trkpt>
<trkpt lat="48.860494" lon="8.939574">
<ele>406.4</ele>
<time>2020-07-23T19:27:07Z</time>
<speed>1.1</speed>
</trkpt>
<trkpt lat="48.860507" lon="8.939495">
<ele>405.2</ele>
<time>2020-07-23T19:27:12Z</time>
<speed>1.1</speed>
</trkpt>
<trkpt lat="48.860526" lon="8.939417">
<ele>404.7</ele>
<time>2020-07-23T19:27:17Z</time>
<speed>1.1</speed>
</trkpt>
<trkpt lat="48.860538" lon="8.939336">
<ele>404.8</ele>
<time>2020-07-23T19:27:22Z</time>
<speed>1.1</speed>
</trkpt>
<trkpt lat="48.860552" lon="8.939244">
<ele>403.4</ele>
<time>2020-07-23T19:27:27Z</time>
<speed>1.1</speed>
</trkpt>
<trkpt lat="48.860565" lon="8.939149">
<ele>403.5</ele>
<time>2020-07-23T19:27:32Z</time>
<speed>1.1</speed>
</trkpt>
<trkpt lat="48.860573" lon="8.939055">
<ele>402.8</ele>
<time>2020-07-23T19:27:37Z</time>
<speed>1.1</speed>
</trkpt>
<trkpt lat="48.860574" lon="8.938959">
<ele>402.7</ele>
<time>2020-07-23T19:27:42Z</time>
<speed>1.1</speed>
</trkpt>
<trkpt lat="48.860573" lon="8.938876">
<ele>402.7</ele>
<time>2020-07-23T19:27:47Z</time>
<speed>1.1</speed>
</trkpt>
<trkpt lat="48.860591" lon="8.938795">
<ele>403.6</ele>
<time>2020-07-23T19:27:52Z</time>
<speed>0.0</speed>
</trkpt>
<trkpt lat="48.860601" lon="8.938757">
<ele>402.7</ele>
<time>2020-07-23T19:27:57Z</time>
<speed>1.1</speed>
</trkpt>
<trkpt lat="48.860607" lon="8.938676">
<ele>402.1</ele>
<time>2020-07-23T19:28:02Z</time>
<speed>1.1</speed>
</trkpt>
<trkpt lat="48.860613" lon="8.938578">
<ele>404.1</ele>
<time>2020-07-23T19:28:07Z</time>
<speed>1.1</speed>
</trkpt>
<trkpt lat="48.860626" lon="8.938481">
<ele>405.6</ele>
<time>2020-07-23T19:28:12Z</time>
<speed>1.1</speed>
</trkpt>
<trkpt lat="48.860639" lon="8.938387">
<ele>405.6</ele>
<time>2020-07-23T19:28:17Z</time>
<speed>0.8</speed>
</trkpt>
<trkpt lat="48.860645" lon="8.938304">
<ele>406.4</ele>
<time>2020-07-23T19:28:22Z</time>
<speed>1.1</speed>
</trkpt>
<trkpt lat="48.860668" lon="8.938237">
<ele>408.2</ele>
<time>2020-07-23T19:28:27Z</time>
<speed>0.8</speed>
</trkpt>
<trkpt lat="48.860681" lon="8.938143">
<ele>408.2</ele>
<time>2020-07-23T19:28:32Z</time>
<speed>0.8</speed>
</trkpt>
<trkpt lat="48.860699" lon="8.938062">
<ele>409.1</ele>
<time>2020-07-23T19:28:37Z</time>
<speed>0.8</speed>
</trkpt>
<trkpt lat="48.860717" lon="8.937981">
<ele>410.0</ele>
<time>2020-07-23T19:28:42Z</time>
<speed>0.8</speed>
</trkpt>
<trkpt lat="48.860735" lon="8.937900">
<ele>410.9</ele>
<time>2020-07-23T19:28:47Z</time>
<speed>0.8</speed>
</trkpt>
<trkpt lat="48.860760" lon="8.937822">
<ele>411.1</ele>
<time>2020-07-23T19:28:52Z</time>
<speed>0.6</speed>
</trkpt>
<trkpt lat="48.860785" lon="8.937743">
<ele>411.4</ele>
<time>2020-07-23T19:28:57Z</time>
<speed>0.8</speed>
</trkpt>
<trkpt lat="48.860816" lon="8.937667">
<ele>411.0</ele>
<time>2020-07-23T19:29:02Z</time>
<speed>0.8</speed>
</trkpt>
<trkpt lat="48.860842" lon="8.937574">
<ele>411.1</ele>
<time>2020-07-23T19:29:07Z</time>
<speed>1.1</speed>
</trkpt>
<trkpt lat="48.860867" lon="8.937480">
<ele>412.6</ele>
<time>2020-07-23T19:29:12Z</time>
<speed>1.1</speed>
</trkpt>
<trkpt lat="48.860906" lon="8.937390">
<ele>412.9</ele>
<time>2020-07-23T19:29:17Z</time>
<speed>1.1</speed>
</trkpt>
<trkpt lat="48.860942" lon="8.937327">
<ele>413.3</ele>
<time>2020-07-23T19:29:22Z</time>
<speed>0.8</speed>
</trkpt>
<trkpt lat="48.860968" lon="8.937251">
<ele>412.2</ele>
<time>2020-07-23T19:29:27Z</time>
<speed>0.8</speed>
</trkpt>
<trkpt lat="48.861000" lon="8.937176">
<ele>410.4</ele>
<time>2020-07-23T19:29:32Z</time>
<speed>1.1</speed>
</trkpt>
<trkpt lat="48.861032" lon="8.937100">
<ele>410.0</ele>
<time>2020-07-23T19:29:37Z</time>
<speed>0.8</speed>
</trkpt>
<trkpt lat="48.861063" lon="8.937023">
<ele>409.5</ele>
<time>2020-07-23T19:29:42Z</time>
<speed>1.1</speed>
</trkpt>
<trkpt lat="48.861112" lon="8.936962">
<ele>410.1</ele>
<time>2020-07-23T19:29:47Z</time>
<speed>0.8</speed>
</trkpt>
<trkpt lat="48.861137" lon="8.936883">
<ele>410.3</ele>
<time>2020-07-23T19:29:52Z</time>
<speed>0.8</speed>
</trkpt>
<trkpt lat="48.861169" lon="8.936791">
<ele>411.2</ele>
<time>2020-07-23T19:29:57Z</time>
<speed>1.1</speed>
</trkpt>
<trkpt lat="48.861206" lon="8.936713">
<ele>413.0</ele>
<time>2020-07-23T19:30:02Z</time>
<speed>1.1</speed>
</trkpt>
<trkpt lat="48.861237" lon="8.936636">
<ele>412.6</ele>
<time>2020-07-23T19:30:07Z</time>
<speed>1.1</speed>
</trkpt>
<trkpt lat="48.861268" lon="8.936557">
<ele>413.6</ele>
<time>2020-07-23T19:30:12Z</time>
<speed>1.1</speed>
</trkpt>
<trkpt lat="48.861300" lon="8.936465">
<ele>414.5</ele>
<time>2020-07-23T19:30:17Z</time>
<speed>1.1</speed>
</trkpt>
<trkpt lat="48.861330" lon="8.936387">
<ele>415.5</ele>
<time>2020-07-23T19:30:22Z</time>
<speed>1.1</speed>
</trkpt>
<trkpt lat="48.861361" lon="8.936324">
<ele>415.2</ele>
<time>2020-07-23T19:30:27Z</time>
<speed>0.8</speed>
</trkpt>
<trkpt lat="48.861392" lon="8.936247">
<ele>414.8</ele>
<time>2020-07-23T19:30:32Z</time>
<speed>0.8</speed>
</trkpt>
<trkpt lat="48.861410" lon="8.936182">
<ele>414.3</ele>
<time>2020-07-23T19:30:37Z</time>
<speed>0.8</speed>
</trkpt>
<trkpt lat="48.861422" lon="8.936117">
<ele>413.2</ele>
<time>2020-07-23T19:30:42Z</time>
<speed>0.8</speed>
</trkpt>
<trkpt lat="48.861434" lon="8.936036">
<ele>413.3</ele>
<time>2020-07-23T19:30:47Z</time>
<speed>1.1</speed>
</trkpt>
<trkpt lat="48.861453" lon="8.935957">
<ele>412.8</ele>
<time>2020-07-23T19:30:52Z</time>
<speed>1.1</speed>
</trkpt>
<trkpt lat="48.861479" lon="8.935881">
<ele>411.7</ele>
<time>2020-07-23T19:30:57Z</time>
<speed>0.8</speed>
</trkpt>
<trkpt lat="48.861502" lon="8.935831">
<ele>410.7</ele>
<time>2020-07-23T19:31:02Z</time>
<speed>0.8</speed>
</trkpt>
<trkpt lat="48.861547" lon="8.935757">
<ele>410.4</ele>
<time>2020-07-23T19:31:07Z</time>
<speed>1.1</speed>
</trkpt>
<trkpt lat="48.861582" lon="8.935691">
<ele>412.3</ele>
<time>2020-07-23T19:31:12Z</time>
<speed>0.8</speed>
</trkpt>
<trkpt lat="48.861570" lon="8.935624">
<ele>409.5</ele>
<time>2020-07-23T19:31:17Z</time>
<speed>1.1</speed>
</trkpt>
<trkpt lat="48.861537" lon="8.935566">
<ele>407.4</ele>
<time>2020-07-23T19:31:22Z</time>
<speed>0.3</speed>
</trkpt>
<trkpt lat="48.861506" lon="8.935546">
<ele>407.7</ele>
<time>2020-07-23T19:31:27Z</time>
<speed>0.8</speed>
</trkpt>
<trkpt lat="48.861465" lon="8.935500">
<ele>406.3</ele>
<time>2020-07-23T19:31:32Z</time>
<speed>0.8</speed>
</trkpt>
<trkpt lat="48.861426" lon="8.935439">
<ele>404.9</ele>
<time>2020-07-23T19:31:37Z</time>
<speed>1.1</speed>
</trkpt>
<trkpt lat="48.861410" lon="8.935395">
<ele>405.1</ele>
<time>2020-07-23T19:31:42Z</time>
<speed>0.6</speed>
</trkpt>
<trkpt lat="48.861389" lon="8.935321">
<ele>405.8</ele>
<time>2020-07-23T19:31:47Z</time>
<speed>0.8</speed>
</trkpt>
<trkpt lat="48.861354" lon="8.935274">
<ele>405.2</ele>
<time>2020-07-23T19:31:52Z</time>
<speed>0.6</speed>
</trkpt>
<trkpt lat="48.861337" lon="8.935243">
<ele>405.5</ele>
<time>2020-07-23T19:31:57Z</time>
<speed>0.0</speed>
</trkpt>
<trkpt lat="48.861345" lon="8.935232">
<ele>404.8</ele>
<time>2020-07-23T19:32:02Z</time>
<speed>0.6</speed>
</trkpt>
<trkpt lat="48.861310" lon="8.935183">
<ele>405.5</ele>
<time>2020-07-23T19:32:07Z</time>
<speed>0.6</speed>
</trkpt>
<trkpt lat="48.861274" lon="8.935134">
<ele>406.3</ele>
<time>2020-07-23T19:32:12Z</time>
<speed>0.6</speed>
</trkpt>
<trkpt lat="48.861213" lon="8.935079">
<ele>408.3</ele>
<time>2020-07-23T19:32:17Z</time>
<speed>0.6</speed>
</trkpt>
<trkpt lat="48.861178" lon="8.935017">
<ele>409.0</ele>
<time>2020-07-23T19:32:22Z</time>
<speed>0.8</speed>
</trkpt>
<trkpt lat="48.861149" lon="8.934983">
<ele>409.2</ele>
<time>2020-07-23T19:32:27Z</time>
<speed>0.6</speed>
</trkpt>
<trkpt lat="48.861100" lon="8.934932">
<ele>409.9</ele>
<time>2020-07-23T19:32:32Z</time>
<speed>0.6</speed>
</trkpt>
<trkpt lat="48.861058" lon="8.934897">
<ele>410.1</ele>
<time>2020-07-23T19:32:37Z</time>
<speed>0.8</speed>
</trkpt>
<trkpt lat="48.861035" lon="8.934850">
<ele>410.9</ele>
<time>2020-07-23T19:32:42Z</time>
<speed>0.8</speed>
</trkpt>
<trkpt lat="48.861006" lon="8.934803">
<ele>411.1</ele>
<time>2020-07-23T19:32:47Z</time>
<speed>0.8</speed>
</trkpt>
<trkpt lat="48.861001" lon="8.934788">
<ele>411.6</ele>
<time>2020-07-23T19:32:52Z</time>
<speed>0.0</speed>
</trkpt>
<trkpt lat="48.861001" lon="8.934788">
<ele>411.6</ele>
<time>2020-07-23T19:32:57Z</time>
<speed>0.0</speed>
</trkpt>
<trkpt lat="48.861002" lon="8.934774">
<ele>411.5</ele>
<time>2020-07-23T19:33:02Z</time>
<speed>0.0</speed>
</trkpt>
<trkpt lat="48.861002" lon="8.934774">
<ele>411.5</ele>
<time>2020-07-23T19:33:07Z</time>
<speed>0.0</speed>
</trkpt>
<trkpt lat="48.860999" lon="8.934734">
<ele>410.5</ele>
<time>2020-07-23T19:33:12Z</time>
<speed>0.6</speed>
</trkpt>
<trkpt lat="48.860990" lon="8.934692">
<ele>410.1</ele>
<time>2020-07-23T19:33:17Z</time>
<speed>0.6</speed>
</trkpt>
<trkpt lat="48.860961" lon="8.934645">
<ele>410.2</ele>
<time>2020-07-23T19:33:22Z</time>
<speed>0.6</speed>
</trkpt>
<trkpt lat="48.860938" lon="8.934598">
<ele>411.1</ele>
<time>2020-07-23T19:33:27Z</time>
<speed>0.6</speed>
</trkpt>
<trkpt lat="48.860922" lon="8.934553">
<ele>411.3</ele>
<time>2020-07-23T19:33:32Z</time>
<speed>0.6</speed>
</trkpt>
<trkpt lat="48.860894" lon="8.934493">
<ele>411.4</ele>
<time>2020-07-23T19:33:37Z</time>
<speed>0.8</speed>
</trkpt>
<trkpt lat="48.860852" lon="8.934442">
<ele>412.8</ele>
<time>2020-07-23T19:33:42Z</time>
<speed>0.8</speed>
</trkpt>
<trkpt lat="48.860830" lon="8.934398">
<ele>412.3</ele>
<time>2020-07-23T19:33:47Z</time>
<speed>0.6</speed>
</trkpt>
<trkpt lat="48.860788" lon="8.934347">
<ele>413.7</ele>
<time>2020-07-23T19:33:52Z</time>
<speed>0.6</speed>
</trkpt>
<trkpt lat="48.860758" lon="8.934298">
<ele>415.3</ele>
<time>2020-07-23T19:33:57Z</time>
<speed>0.6</speed>
</trkpt>
<trkpt lat="48.860729" lon="8.934265">
<ele>415.5</ele>
<time>2020-07-23T19:34:02Z</time>
<speed>0.6</speed>
</trkpt>
<trkpt lat="48.860694" lon="8.934218">
<ele>414.9</ele>
<time>2020-07-23T19:34:07Z</time>
<speed>0.0</speed>
</trkpt>
<trkpt lat="48.860694" lon="8.934218">
<ele>414.9</ele>
<time>2020-07-23T19:34:12Z</time>
<speed>0.0</speed>
</trkpt>
<trkpt lat="48.860694" lon="8.934218">
<ele>414.9</ele>
<time>2020-07-23T19:34:17Z</time>
<speed>0.0</speed>
</trkpt>
<trkpt lat="48.860688" lon="8.934202">
<ele>415.4</ele>
<time>2020-07-23T19:34:22Z</time>
<speed>0.6</speed>
</trkpt>
<trkpt lat="48.860641" lon="8.934153">
<ele>414.7</ele>
<time>2020-07-23T19:34:27Z</time>
<speed>0.6</speed>
</trkpt>
<trkpt lat="48.860607" lon="8.934093">
<ele>414.0</ele>
<time>2020-07-23T19:34:32Z</time>
<speed>0.6</speed>
</trkpt>
<trkpt lat="48.860572" lon="8.934044">
<ele>414.8</ele>
<time>2020-07-23T19:34:37Z</time>
<speed>0.6</speed>
</trkpt>
<trkpt lat="48.860539" lon="8.933986">
<ele>412.7</ele>
<time>2020-07-23T19:34:42Z</time>
<speed>0.6</speed>
</trkpt>
<trkpt lat="48.860509" lon="8.933953">
<ele>412.9</ele>
<time>2020-07-23T19:34:47Z</time>
<speed>0.3</speed>
</trkpt>
<trkpt lat="48.860458" lon="8.933875">
<ele>412.6</ele>
<time>2020-07-23T19:34:52Z</time>
<speed>0.8</speed>
</trkpt>
<trkpt lat="48.860422" lon="8.933826">
<ele>413.4</ele>
<time>2020-07-23T19:34:57Z</time>
<speed>0.8</speed>
</trkpt>
<trkpt lat="48.860380" lon="8.933775">
<ele>414.9</ele>
<time>2020-07-23T19:35:02Z</time>
<speed>0.8</speed>
</trkpt>
<trkpt lat="48.860352" lon="8.933715">
<ele>414.9</ele>
<time>2020-07-23T19:35:07Z</time>
<speed>0.8</speed>
</trkpt>
<trkpt lat="48.860319" lon="8.933639">
<ele>415.5</ele>
<time>2020-07-23T19:35:12Z</time>
<speed>0.8</speed>
</trkpt>
<trkpt lat="48.860278" lon="8.933590">
<ele>415.5</ele>
<time>2020-07-23T19:35:17Z</time>
<speed>0.6</speed>
</trkpt>
<trkpt lat="48.860272" lon="8.933575">
<ele>416.1</ele>
<time>2020-07-23T19:35:22Z</time>
<speed>0.0</speed>
</trkpt>
<trkpt lat="48.860272" lon="8.933575">
<ele>416.1</ele>
<time>2020-07-23T19:35:27Z</time>
<speed>0.0</speed>
</trkpt>
<trkpt lat="48.860248" lon="8.933542">
<ele>417.0</ele>
<time>2020-07-23T19:35:32Z</time>
<speed>0.6</speed>
</trkpt>
<trkpt lat="48.860214" lon="8.933479">
<ele>417.7</ele>
<time>2020-07-23T19:35:37Z</time>
<speed>0.8</speed>
</trkpt>
<trkpt lat="48.860166" lon="8.933428">
<ele>418.4</ele>
<time>2020-07-23T19:35:42Z</time>
<speed>0.8</speed>
</trkpt>
<trkpt lat="48.860137" lon="8.933366">
<ele>419.9</ele>
<time>2020-07-23T19:35:47Z</time>
<speed>0.8</speed>
</trkpt>
<trkpt lat="48.860098" lon="8.933306">
<ele>418.4</ele>
<time>2020-07-23T19:35:52Z</time>
<speed>0.8</speed>
</trkpt>
<trkpt lat="48.860065" lon="8.933232">
<ele>417.6</ele>
<time>2020-07-23T19:35:57Z</time>
<speed>0.8</speed>
</trkpt>
<trkpt lat="48.860031" lon="8.933170">
<ele>418.2</ele>
<time>2020-07-23T19:36:02Z</time>
<speed>0.8</speed>
</trkpt>
<trkpt lat="48.859996" lon="8.933108">
<ele>418.9</ele>
<time>2020-07-23T19:36:07Z</time>
<speed>0.8</speed>
</trkpt>
<trkpt lat="48.859955" lon="8.933059">
<ele>419.0</ele>
<time>2020-07-23T19:36:12Z</time>
<speed>0.8</speed>
</trkpt>
<trkpt lat="48.859914" lon="8.933012">
<ele>417.6</ele>
<time>2020-07-23T19:36:17Z</time>
<speed>0.6</speed>
</trkpt>
<trkpt lat="48.859866" lon="8.932977">
<ele>417.0</ele>
<time>2020-07-23T19:36:22Z</time>
<speed>0.8</speed>
</trkpt>
<trkpt lat="48.859823" lon="8.932955">
<ele>417.2</ele>
<time>2020-07-23T19:36:27Z</time>
<speed>0.3</speed>
</trkpt>
<trkpt lat="48.859823" lon="8.932955">
<ele>417.2</ele>
<time>2020-07-23T19:36:32Z</time>
<speed>0.0</speed>
</trkpt>
<trkpt lat="48.859792" lon="8.932935">
<ele>417.6</ele>
<time>2020-07-23T19:36:37Z</time>
<speed>0.8</speed>
</trkpt>
<trkpt lat="48.859755" lon="8.932915">
<ele>417.1</ele>
<time>2020-07-23T19:36:42Z</time>
<speed>0.6</speed>
</trkpt>
<trkpt lat="48.859700" lon="8.932878">
<ele>417.2</ele>
<time>2020-07-23T19:36:47Z</time>
<speed>0.8</speed>
</trkpt>
<trkpt lat="48.859638" lon="8.932838">
<ele>417.9</ele>
<time>2020-07-23T19:36:52Z</time>
<speed>0.6</speed>
</trkpt>
<trkpt lat="48.859601" lon="8.932816">
<ele>418.9</ele>
<time>2020-07-23T19:36:57Z</time>
<speed>0.8</speed>
</trkpt>
<trkpt lat="48.859544" lon="8.932790">
<ele>420.4</ele>
<time>2020-07-23T19:37:02Z</time>
<speed>0.8</speed>
</trkpt>
<trkpt lat="48.859488" lon="8.932750">
<ele>421.8</ele>
<time>2020-07-23T19:37:07Z</time>
<speed>0.6</speed>
</trkpt>
<trkpt lat="48.859444" lon="8.932726">
<ele>423.5</ele>
<time>2020-07-23T19:37:12Z</time>
<speed>0.6</speed>
</trkpt>
<trkpt lat="48.859408" lon="8.932693">
<ele>423.0</ele>
<time>2020-07-23T19:37:17Z</time>
<speed>0.6</speed>
</trkpt>
<trkpt lat="48.859351" lon="8.932667">
<ele>424.5</ele>
<time>2020-07-23T19:37:22Z</time>
<speed>0.6</speed>
</trkpt>
<trkpt lat="48.859309" lon="8.932631">
<ele>424.6</ele>
<time>2020-07-23T19:37:27Z</time>
<speed>0.8</speed>
</trkpt>
<trkpt lat="48.859291" lon="8.932614">
<ele>425.1</ele>
<time>2020-07-23T19:37:32Z</time>
<speed>0.0</speed>
</trkpt>
<trkpt lat="48.859291" lon="8.932614">
<ele>425.1</ele>
<time>2020-07-23T19:37:37Z</time>
<speed>0.0</speed>
</trkpt>
<trkpt lat="48.859291" lon="8.932614">
<ele>425.1</ele>
<time>2020-07-23T19:37:42Z</time>
<speed>0.0</speed>
</trkpt>
<trkpt lat="48.859292" lon="8.932600">
<ele>425.0</ele>
<time>2020-07-23T19:37:47Z</time>
<speed>0.3</speed>
</trkpt>
<trkpt lat="48.859249" lon="8.932563">
<ele>426.5</ele>
<time>2020-07-23T19:37:52Z</time>
<speed>0.8</speed>
</trkpt>
<trkpt lat="48.859193" lon="8.932539">
<ele>426.6</ele>
<time>2020-07-23T19:37:57Z</time>
<speed>0.6</speed>
</trkpt>
<trkpt lat="48.859142" lon="8.932515">
<ele>427.5</ele>
<time>2020-07-23T19:38:02Z</time>
<speed>0.6</speed>
</trkpt>
<trkpt lat="48.859086" lon="8.932491">
<ele>427.7</ele>
<time>2020-07-23T19:38:07Z</time>
<speed>0.6</speed>
</trkpt>
<trkpt lat="48.859050" lon="8.932455">
<ele>428.6</ele>
<time>2020-07-23T19:38:12Z</time>
<speed>0.6</speed>
</trkpt>
<trkpt lat="48.859001" lon="8.932418">
<ele>429.3</ele>
<time>2020-07-23T19:38:17Z</time>
<speed>0.6</speed>
</trkpt>
<trkpt lat="48.858958" lon="8.932382">
<ele>429.5</ele>
<time>2020-07-23T19:38:22Z</time>
<speed>0.6</speed>
</trkpt>
<trkpt lat="48.858953" lon="8.932367">
<ele>430.0</ele>
<time>2020-07-23T19:38:27Z</time>
<speed>0.0</speed>
</trkpt>
<trkpt lat="48.858921" lon="8.932360">
<ele>430.5</ele>
<time>2020-07-23T19:38:32Z</time>
<speed>0.6</speed>
</trkpt>
<trkpt lat="48.858867" lon="8.932325">
<ele>429.1</ele>
<time>2020-07-23T19:38:37Z</time>
<speed>0.3</speed>
</trkpt>
<trkpt lat="48.858825" lon="8.932276">
<ele>429.1</ele>
<time>2020-07-23T19:38:42Z</time>
<speed>0.8</speed>
</trkpt>
<trkpt lat="48.858771" lon="8.932225">
<ele>429.1</ele>
<time>2020-07-23T19:38:47Z</time>
<speed>0.8</speed>
</trkpt>
<trkpt lat="48.858723" lon="8.932190">
<ele>428.4</ele>
<time>2020-07-23T19:38:52Z</time>
<speed>0.8</speed>
</trkpt>
<trkpt lat="48.858676" lon="8.932141">
<ele>427.7</ele>
<time>2020-07-23T19:38:57Z</time>
<speed>0.6</speed>
</trkpt>
<trkpt lat="48.858634" lon="8.932092">
<ele>427.8</ele>
<time>2020-07-23T19:39:02Z</time>
<speed>0.6</speed>
</trkpt>
<trkpt lat="48.858579" lon="8.932055">
<ele>427.8</ele>
<time>2020-07-23T19:39:07Z</time>
<speed>0.8</speed>
</trkpt>
<trkpt lat="48.858540" lon="8.931979">
<ele>427.6</ele>
<time>2020-07-23T19:39:12Z</time>
<speed>0.8</speed>
</trkpt>
<trkpt lat="48.858486" lon="8.931928">
<ele>427.6</ele>
<time>2020-07-23T19:39:17Z</time>
<speed>0.8</speed>
</trkpt>
<trkpt lat="48.858454" lon="8.931921">
<ele>428.0</ele>
<time>2020-07-23T19:39:22Z</time>
<speed>0.0</speed>
</trkpt>
<trkpt lat="48.858453" lon="8.931935">
<ele>428.1</ele>
<time>2020-07-23T19:39:27Z</time>
<speed>0.0</speed>
</trkpt>
<trkpt lat="48.858453" lon="8.931935">
<ele>428.1</ele>
<time>2020-07-23T19:39:32Z</time>
<speed>0.0</speed>
</trkpt>
<trkpt lat="48.858461" lon="8.931924">
<ele>427.4</ele>
<time>2020-07-23T19:39:37Z</time>
<speed>0.0</speed>
</trkpt>
<trkpt lat="48.858461" lon="8.931908">
<ele>428.7</ele>
<time>2020-07-23T19:39:42Z</time>
<speed>0.0</speed>
</trkpt>
<trkpt lat="48.858456" lon="8.931895">
<ele>427.8</ele>
<time>2020-07-23T19:39:47Z</time>
<speed>0.3</speed>
</trkpt>
<trkpt lat="48.858457" lon="8.931881">
<ele>427.7</ele>
<time>2020-07-23T19:39:52Z</time>
<speed>0.0</speed>
</trkpt>
<trkpt lat="48.858457" lon="8.931881">
<ele>427.7</ele>
<time>2020-07-23T19:39:57Z</time>
<speed>0.0</speed>
</trkpt>
<trkpt lat="48.858470" lon="8.931883">
<ele>427.8</ele>
<time>2020-07-23T19:40:02Z</time>
<speed>0.0</speed>
</trkpt>
<trkpt lat="48.858464" lon="8.931883">
<ele>427.0</ele>
<time>2020-07-23T19:40:07Z</time>
<speed>0.0</speed>
</trkpt>
<trkpt lat="48.858464" lon="8.931883">
<ele>427.0</ele>
<time>2020-07-23T19:40:12Z</time>
<speed>0.0</speed>
</trkpt>
<trkpt lat="48.858464" lon="8.931883">
<ele>427.0</ele>
<time>2020-07-23T19:40:17Z</time>
<speed>0.0</speed>
</trkpt>
<trkpt lat="48.858464" lon="8.931883">
<ele>427.0</ele>
<time>2020-07-23T19:40:22Z</time>
<speed>0.0</speed>
</trkpt>
<trkpt lat="48.858464" lon="8.931883">
<ele>427.0</ele>
<time>2020-07-23T19:40:27Z</time>
<speed>0.0</speed>
</trkpt>
<trkpt lat="48.858464" lon="8.931883">
<ele>427.0</ele>
<time>2020-07-23T19:40:32Z</time>
<speed>0.0</speed>
</trkpt>
<trkpt lat="48.858464" lon="8.931883">
<ele>427.0</ele>
<time>2020-07-23T19:40:37Z</time>
<speed>0.0</speed>
</trkpt>
<trkpt lat="48.858458" lon="8.931883">
<ele>426.3</ele>
<time>2020-07-23T19:40:42Z</time>
<speed>0.0</speed>
</trkpt>
<trkpt lat="48.858458" lon="8.931883">
<ele>426.3</ele>
<time>2020-07-23T19:40:47Z</time>
<speed>0.0</speed>
</trkpt>
<trkpt lat="48.858458" lon="8.931883">
<ele>426.3</ele>
<time>2020-07-23T19:40:52Z</time>
<speed>0.0</speed>
</trkpt>
<trkpt lat="48.858458" lon="8.931883">
<ele>426.3</ele>
<time>2020-07-23T19:40:57Z</time>
<speed>0.0</speed>
</trkpt>
<trkpt lat="48.858458" lon="8.931883">
<ele>426.3</ele>
<time>2020-07-23T19:41:02Z</time>
<speed>0.0</speed>
</trkpt>
<trkpt lat="48.858470" lon="8.931899">
<ele>426.5</ele>
<time>2020-07-23T19:41:07Z</time>
<speed>0.0</speed>
</trkpt>
<trkpt lat="48.858472" lon="8.931872">
<ele>426.3</ele>
<time>2020-07-23T19:41:12Z</time>
<speed>0.3</speed>
</trkpt>
<trkpt lat="48.858450" lon="8.931827">
<ele>425.8</ele>
<time>2020-07-23T19:41:17Z</time>
<speed>0.6</speed>
</trkpt>
<trkpt lat="48.858410" lon="8.931765">
<ele>425.7</ele>
<time>2020-07-23T19:41:22Z</time>
<speed>0.8</speed>
</trkpt>
<trkpt lat="48.858387" lon="8.931720">
<ele>425.2</ele>
<time>2020-07-23T19:41:27Z</time>
<speed>0.3</speed>
</trkpt>
<trkpt lat="48.858349" lon="8.931647">
<ele>423.6</ele>
<time>2020-07-23T19:41:32Z</time>
<speed>0.8</speed>
</trkpt>
<trkpt lat="48.858297" lon="8.931569">
<ele>423.4</ele>
<time>2020-07-23T19:41:37Z</time>
<speed>0.8</speed>
</trkpt>
<trkpt lat="48.858278" lon="8.931484">
<ele>422.5</ele>
<time>2020-07-23T19:41:42Z</time>
<speed>0.8</speed>
</trkpt>
<trkpt lat="48.858260" lon="8.931385">
<ele>421.6</ele>
<time>2020-07-23T19:41:47Z</time>
<speed>1.1</speed>
</trkpt>
<trkpt lat="48.858250" lon="8.931273">
<ele>421.3</ele>
<time>2020-07-23T19:41:52Z</time>
<speed>0.0</speed>
</trkpt>
<trkpt lat="48.858256" lon="8.931275">
<ele>420.7</ele>
<time>2020-07-23T19:41:57Z</time>
<speed>0.0</speed>
</trkpt>
<trkpt lat="48.858258" lon="8.931249">
<ele>420.5</ele>
<time>2020-07-23T19:42:02Z</time>
<speed>0.0</speed>
</trkpt>
<trkpt lat="48.858258" lon="8.931249">
<ele>420.5</ele>
<time>2020-07-23T19:42:07Z</time>
<speed>0.0</speed>
</trkpt>
<trkpt lat="48.858258" lon="8.931249">
<ele>420.5</ele>
<time>2020-07-23T19:42:12Z</time>
<speed>0.0</speed>
</trkpt>
<trkpt lat="48.858258" lon="8.931249">
<ele>420.5</ele>
<time>2020-07-23T19:42:17Z</time>
<speed>0.0</speed>
</trkpt>
<trkpt lat="48.858258" lon="8.931249">
<ele>420.5</ele>
<time>2020-07-23T19:42:22Z</time>
<speed>0.0</speed>
</trkpt>
<trkpt lat="48.858252" lon="8.931246">
<ele>421.1</ele>
<time>2020-07-23T19:42:27Z</time>
<speed>0.0</speed>
</trkpt>
<trkpt lat="48.858254" lon="8.931220">
<ele>420.9</ele>
<time>2020-07-23T19:42:32Z</time>
<speed>0.0</speed>
</trkpt>
<trkpt lat="48.858253" lon="8.931233">
<ele>421.0</ele>
<time>2020-07-23T19:42:37Z</time>
<speed>0.0</speed>
</trkpt>
<trkpt lat="48.858248" lon="8.931220">
<ele>420.2</ele>
<time>2020-07-23T19:42:42Z</time>
<speed>0.3</speed>
</trkpt>
<trkpt lat="48.858230" lon="8.931202">
<ele>420.6</ele>
<time>2020-07-23T19:42:47Z</time>
<speed>0.6</speed>
</trkpt>
<trkpt lat="48.858221" lon="8.931130">
<ele>421.4</ele>
<time>2020-07-23T19:42:52Z</time>
<speed>0.8</speed>
</trkpt>
<trkpt lat="48.858196" lon="8.931043">
<ele>421.2</ele>
<time>2020-07-23T19:42:57Z</time>
<speed>1.1</speed>
</trkpt>
<trkpt lat="48.858175" lon="8.930954">
<ele>423.2</ele>
<time>2020-07-23T19:43:02Z</time>
<speed>1.1</speed>
</trkpt>
<trkpt lat="48.858156" lon="8.930867">
<ele>423.8</ele>
<time>2020-07-23T19:43:07Z</time>
<speed>0.8</speed>
</trkpt>
<trkpt lat="48.858123" lon="8.930793">
<ele>423.0</ele>
<time>2020-07-23T19:43:12Z</time>
<speed>1.1</speed>
</trkpt>
<trkpt lat="48.858092" lon="8.930690">
<ele>423.4</ele>
<time>2020-07-23T19:43:17Z</time>
<speed>1.1</speed>
</trkpt>
<trkpt lat="48.858060" lon="8.930601">
<ele>423.9</ele>
<time>2020-07-23T19:43:22Z</time>
<speed>1.1</speed>
</trkpt>
<trkpt lat="48.858026" lon="8.930525">
<ele>424.4</ele>
<time>2020-07-23T19:43:27Z</time>
<speed>1.1</speed>
</trkpt>
<trkpt lat="48.857993" lon="8.930450">
<ele>425.0</ele>
<time>2020-07-23T19:43:32Z</time>
<speed>0.8</speed>
</trkpt>
<trkpt lat="48.857965" lon="8.930387">
<ele>426.5</ele>
<time>2020-07-23T19:43:37Z</time>
<speed>1.1</speed>
</trkpt>
<trkpt lat="48.857958" lon="8.930305">
<ele>425.7</ele>
<time>2020-07-23T19:43:42Z</time>
<speed>0.8</speed>
</trkpt>
<trkpt lat="48.857990" lon="8.930228">
<ele>425.3</ele>
<time>2020-07-23T19:43:47Z</time>
<speed>0.8</speed>
</trkpt>
<trkpt lat="48.858037" lon="8.930196">
<ele>424.7</ele>
<time>2020-07-23T19:43:52Z</time>
<speed>0.6</speed>
</trkpt>
<trkpt lat="48.858085" lon="8.930164">
<ele>424.0</ele>
<time>2020-07-23T19:43:57Z</time>
<speed>0.3</speed>
</trkpt>
<trkpt lat="48.858064" lon="8.930189">
<ele>423.4</ele>
<time>2020-07-23T19:44:02Z</time>
<speed>0.8</speed>
</trkpt>
<trkpt lat="48.858030" lon="8.930210">
<ele>424.0</ele>
<time>2020-07-23T19:44:07Z</time>
<speed>0.3</speed>
</trkpt>
<trkpt lat="48.858076" lon="8.930205">
<ele>423.6</ele>
<time>2020-07-23T19:44:12Z</time>
<speed>0.8</speed>
</trkpt>
<trkpt lat="48.858143" lon="8.930161">
<ele>423.7</ele>
<time>2020-07-23T19:44:17Z</time>
<speed>0.8</speed>
</trkpt>
<trkpt lat="48.858184" lon="8.930127">
<ele>423.7</ele>
<time>2020-07-23T19:44:22Z</time>
<speed>1.1</speed>
</trkpt>
<trkpt lat="48.858240" lon="8.930068">
<ele>423.6</ele>
<time>2020-07-23T19:44:27Z</time>
<speed>1.1</speed>
</trkpt>
<trkpt lat="48.858288" lon="8.930021">
<ele>424.3</ele>
<time>2020-07-23T19:44:32Z</time>
<speed>1.1</speed>
</trkpt>
<trkpt lat="48.858336" lon="8.929973">
<ele>424.9</ele>
<time>2020-07-23T19:44:37Z</time>
<speed>1.1</speed>
</trkpt>
<trkpt lat="48.858379" lon="8.929912">
<ele>424.7</ele>
<time>2020-07-23T19:44:42Z</time>
<speed>1.1</speed>
</trkpt>
<trkpt lat="48.858433" lon="8.929867">
<ele>424.7</ele>
<time>2020-07-23T19:44:47Z</time>
<speed>1.1</speed>
</trkpt>
<trkpt lat="48.858487" lon="8.929835">
<ele>424.8</ele>
<time>2020-07-23T19:44:52Z</time>
<speed>1.1</speed>
</trkpt>
<trkpt lat="48.858541" lon="8.929803">
<ele>424.9</ele>
<time>2020-07-23T19:44:57Z</time>
<speed>1.1</speed>
</trkpt>
<trkpt lat="48.858601" lon="8.929773">
<ele>424.4</ele>
<time>2020-07-23T19:45:02Z</time>
<speed>1.1</speed>
</trkpt>
<trkpt lat="48.858654" lon="8.929741">
<ele>424.5</ele>
<time>2020-07-23T19:45:07Z</time>
<speed>1.1</speed>
</trkpt>
<trkpt lat="48.858713" lon="8.929723">
<ele>425.5</ele>
<time>2020-07-23T19:45:12Z</time>
<speed>1.1</speed>
</trkpt>
<trkpt lat="48.858772" lon="8.929691">
<ele>426.3</ele>
<time>2020-07-23T19:45:17Z</time>
<speed>1.1</speed>
</trkpt>
<trkpt lat="48.858824" lon="8.929686">
<ele>426.6</ele>
<time>2020-07-23T19:45:22Z</time>
<speed>1.1</speed>
</trkpt>
<trkpt lat="48.858882" lon="8.929683">
<ele>426.3</ele>
<time>2020-07-23T19:45:27Z</time>
<speed>1.1</speed>
</trkpt>
<trkpt lat="48.858934" lon="8.929663">
<ele>427.9</ele>
<time>2020-07-23T19:45:32Z</time>
<speed>1.1</speed>
</trkpt>
<trkpt lat="48.858992" lon="8.929644">
<ele>428.9</ele>
<time>2020-07-23T19:45:37Z</time>
<speed>1.1</speed>
</trkpt>
<trkpt lat="48.859057" lon="8.929626">
<ele>430.6</ele>
<time>2020-07-23T19:45:42Z</time>
<speed>1.1</speed>
</trkpt>
<trkpt lat="48.859109" lon="8.929607">
<ele>430.8</ele>
<time>2020-07-23T19:45:47Z</time>
<speed>1.1</speed>
</trkpt>
<trkpt lat="48.859172" lon="8.929602">
<ele>432.6</ele>
<time>2020-07-23T19:45:52Z</time>
<speed>1.1</speed>
</trkpt>
<trkpt lat="48.859231" lon="8.929584">
<ele>433.6</ele>
<time>2020-07-23T19:45:57Z</time>
<speed>1.1</speed>
</trkpt>
<trkpt lat="48.859283" lon="8.929563">
<ele>435.2</ele>
<time>2020-07-23T19:46:02Z</time>
<speed>1.1</speed>
</trkpt>
<trkpt lat="48.859327" lon="8.929572">
<ele>434.8</ele>
<time>2020-07-23T19:46:07Z</time>
<speed>0.6</speed>
</trkpt>
<trkpt lat="48.859371" lon="8.929578">
<ele>435.9</ele>
<time>2020-07-23T19:46:12Z</time>
<speed>0.8</speed>
</trkpt>
<trkpt lat="48.859445" lon="8.929604">
<ele>436.6</ele>
<time>2020-07-23T19:46:17Z</time>
<speed>0.8</speed>
</trkpt>
<trkpt lat="48.859507" lon="8.929626">
<ele>438.6</ele>
<time>2020-07-23T19:46:22Z</time>
<speed>1.1</speed>
</trkpt>
<trkpt lat="48.859556" lon="8.929648">
<ele>439.1</ele>
<time>2020-07-23T19:46:27Z</time>
<speed>0.8</speed>
</trkpt>
<trkpt lat="48.859624" lon="8.929688">
<ele>439.2</ele>
<time>2020-07-23T19:46:32Z</time>
<speed>0.8</speed>
</trkpt>
<trkpt lat="48.859699" lon="8.929716">
<ele>438.5</ele>
<time>2020-07-23T19:46:37Z</time>
<speed>1.1</speed>
</trkpt>
<trkpt lat="48.859736" lon="8.929736">
<ele>438.9</ele>
<time>2020-07-23T19:46:42Z</time>
<speed>0.8</speed>
</trkpt>
<trkpt lat="48.859802" lon="8.929773">
<ele>440.4</ele>
<time>2020-07-23T19:46:47Z</time>
<speed>1.4</speed>
</trkpt>
<trkpt lat="48.859828" lon="8.929777">
<ele>440.6</ele>
<time>2020-07-23T19:46:52Z</time>
<speed>0.0</speed>
</trkpt>
<trkpt lat="48.859863" lon="8.929811">
<ele>441.1</ele>
<time>2020-07-23T19:46:57Z</time>
<speed>0.6</speed>
</trkpt>
<trkpt lat="48.859930" lon="8.929848">
<ele>442.6</ele>
<time>2020-07-23T19:47:02Z</time>
<speed>1.4</speed>
</trkpt>
<trkpt lat="48.859992" lon="8.929872">
<ele>443.2</ele>
<time>2020-07-23T19:47:07Z</time>
<speed>1.1</speed>
</trkpt>
<trkpt lat="48.860053" lon="8.929894">
<ele>445.3</ele>
<time>2020-07-23T19:47:12Z</time>
<speed>0.8</speed>
</trkpt>
<trkpt lat="48.860108" lon="8.929932">
<ele>445.2</ele>
<time>2020-07-23T19:47:17Z</time>
<speed>0.8</speed>
</trkpt>
<trkpt lat="48.860172" lon="8.929944">
<ele>444.3</ele>
<time>2020-07-23T19:47:22Z</time>
<speed>0.8</speed>
</trkpt>
<trkpt lat="48.860219" lon="8.929941">
<ele>442.5</ele>
<time>2020-07-23T19:47:27Z</time>
<speed>0.3</speed>
</trkpt>
<trkpt lat="48.860225" lon="8.929944">
<ele>441.8</ele>
<time>2020-07-23T19:47:32Z</time>
<speed>0.0</speed>
</trkpt>
<trkpt lat="48.860232" lon="8.929946">
<ele>441.2</ele>
<time>2020-07-23T19:47:37Z</time>
<speed>0.0</speed>
</trkpt>
<trkpt lat="48.860232" lon="8.929946">
<ele>441.2</ele>
<time>2020-07-23T19:47:42Z</time>
<speed>0.0</speed>
</trkpt>
<trkpt lat="48.860240" lon="8.929934">
<ele>440.4</ele>
<time>2020-07-23T19:47:47Z</time>
<speed>0.0</speed>
</trkpt>
<trkpt lat="48.860299" lon="8.929918">
<ele>440.0</ele>
<time>2020-07-23T19:47:52Z</time>
<speed>0.8</speed>
</trkpt>
<trkpt lat="48.860346" lon="8.929884">
<ele>440.8</ele>
<time>2020-07-23T19:47:57Z</time>
<speed>0.6</speed>
</trkpt>
<trkpt lat="48.860389" lon="8.929839">
<ele>439.3</ele>
<time>2020-07-23T19:48:02Z</time>
<speed>0.6</speed>
</trkpt>
<trkpt lat="48.860437" lon="8.929793">
<ele>438.5</ele>
<time>2020-07-23T19:48:07Z</time>
<speed>0.8</speed>
</trkpt>
<trkpt lat="48.860481" lon="8.929734">
<ele>436.9</ele>
<time>2020-07-23T19:48:12Z</time>
<speed>0.8</speed>
</trkpt>
<trkpt lat="48.860518" lon="8.929671">
<ele>437.3</ele>
<time>2020-07-23T19:48:17Z</time>
<speed>0.8</speed>
</trkpt>
<trkpt lat="48.860554" lon="8.929608">
<ele>437.8</ele>
<time>2020-07-23T19:48:22Z</time>
<speed>0.8</speed>
</trkpt>
<trkpt lat="48.860589" lon="8.929574">
<ele>437.0</ele>
<time>2020-07-23T19:48:27Z</time>
<speed>0.6</speed>
</trkpt>
<trkpt lat="48.860625" lon="8.929511">
<ele>437.5</ele>
<time>2020-07-23T19:48:32Z</time>
<speed>0.8</speed>
</trkpt>
<trkpt lat="48.860668" lon="8.929450">
<ele>437.3</ele>
<time>2020-07-23T19:48:37Z</time>
<speed>0.8</speed>
</trkpt>
<trkpt lat="48.860699" lon="8.929387">
<ele>437.0</ele>
<time>2020-07-23T19:48:42Z</time>
<speed>0.8</speed>
</trkpt>
<trkpt lat="48.860741" lon="8.929324">
<ele>438.2</ele>
<time>2020-07-23T19:48:47Z</time>
<speed>1.1</speed>
</trkpt>
<trkpt lat="48.860771" lon="8.929259">
<ele>439.3</ele>
<time>2020-07-23T19:48:52Z</time>
<speed>0.8</speed>
</trkpt>
<trkpt lat="48.860802" lon="8.929180">
<ele>440.3</ele>
<time>2020-07-23T19:48:57Z</time>
<speed>0.8</speed>
</trkpt>
<trkpt lat="48.860832" lon="8.929101">
<ele>441.3</ele>
<time>2020-07-23T19:49:02Z</time>
<speed>0.8</speed>
</trkpt>
<trkpt lat="48.860862" lon="8.929021">
<ele>443.7</ele>
<time>2020-07-23T19:49:07Z</time>
<speed>1.1</speed>
</trkpt>
<trkpt lat="48.860886" lon="8.928955">
<ele>444.0</ele>
<time>2020-07-23T19:49:12Z</time>
<speed>1.1</speed>
</trkpt>
<trkpt lat="48.860924" lon="8.928879">
<ele>444.4</ele>
<time>2020-07-23T19:49:17Z</time>
<speed>0.8</speed>
</trkpt>
<trkpt lat="48.860947" lon="8.928814">
<ele>444.7</ele>
<time>2020-07-23T19:49:22Z</time>
<speed>0.8</speed>
</trkpt>
<trkpt lat="48.860977" lon="8.928748">
<ele>445.8</ele>
<time>2020-07-23T19:49:27Z</time>
<speed>0.8</speed>
</trkpt>
<trkpt lat="48.861014" lon="8.928672">
<ele>446.2</ele>
<time>2020-07-23T19:49:32Z</time>
<speed>0.8</speed>
</trkpt>
<trkpt lat="48.861044" lon="8.928622">
<ele>446.0</ele>
<time>2020-07-23T19:49:37Z</time>
<speed>0.8</speed>
</trkpt>
<trkpt lat="48.861074" lon="8.928575">
<ele>444.4</ele>
<time>2020-07-23T19:49:42Z</time>
<speed>0.0</speed>
</trkpt>
<trkpt lat="48.861074" lon="8.928575">
<ele>444.4</ele>
<time>2020-07-23T19:49:47Z</time>
<speed>0.0</speed>
</trkpt>
<trkpt lat="48.861105" lon="8.928529">
<ele>441.4</ele>
<time>2020-07-23T19:49:52Z</time>
<speed>0.8</speed>
</trkpt>
<trkpt lat="48.861143" lon="8.928439">
<ele>441.6</ele>
<time>2020-07-23T19:49:57Z</time>
<speed>1.1</speed>
</trkpt>
<trkpt lat="48.861180" lon="8.928361">
<ele>443.3</ele>
<time>2020-07-23T19:50:02Z</time>
<speed>1.1</speed>
</trkpt>
<trkpt lat="48.861204" lon="8.928296">
<ele>443.7</ele>
<time>2020-07-23T19:50:07Z</time>
<speed>1.1</speed>
</trkpt>
<trkpt lat="48.861236" lon="8.928206">
<ele>443.2</ele>
<time>2020-07-23T19:50:12Z</time>
<speed>0.8</speed>
</trkpt>
<trkpt lat="48.861259" lon="8.928154">
<ele>443.6</ele>
<time>2020-07-23T19:50:17Z</time>
<speed>0.6</speed>
</trkpt>
<trkpt lat="48.861283" lon="8.928104">
<ele>442.7</ele>
<time>2020-07-23T19:50:22Z</time>
<speed>0.8</speed>
</trkpt>
<trkpt lat="48.861301" lon="8.928023">
<ele>443.6</ele>
<time>2020-07-23T19:50:27Z</time>
<speed>0.8</speed>
</trkpt>
<trkpt lat="48.861314" lon="8.927929">
<ele>443.6</ele>
<time>2020-07-23T19:50:32Z</time>
<speed>0.8</speed>
</trkpt>
<trkpt lat="48.861332" lon="8.927848">
<ele>444.5</ele>
<time>2020-07-23T19:50:37Z</time>
<speed>0.8</speed>
</trkpt>
<trkpt lat="48.861337" lon="8.927781">
<ele>444.0</ele>
<time>2020-07-23T19:50:42Z</time>
<speed>1.1</speed>
</trkpt>
<trkpt lat="48.861343" lon="8.927698">
<ele>444.8</ele>
<time>2020-07-23T19:50:47Z</time>
<speed>1.1</speed>
</trkpt>
<trkpt lat="48.861336" lon="8.927613">
<ele>445.5</ele>
<time>2020-07-23T19:50:52Z</time>
<speed>1.1</speed>
</trkpt>
<trkpt lat="48.861336" lon="8.927530">
<ele>445.5</ele>
<time>2020-07-23T19:50:57Z</time>
<speed>1.1</speed>
</trkpt>
<trkpt lat="48.861329" lon="8.927447">
<ele>444.8</ele>
<time>2020-07-23T19:51:02Z</time>
<speed>1.1</speed>
</trkpt>
<trkpt lat="48.861316" lon="8.927362">
<ele>444.7</ele>
<time>2020-07-23T19:51:07Z</time>
<speed>1.1</speed>
</trkpt>
<trkpt lat="48.861316" lon="8.927295">
<ele>443.5</ele>
<time>2020-07-23T19:51:12Z</time>
<speed>1.1</speed>
</trkpt>
<trkpt lat="48.861302" lon="8.927224">
<ele>443.5</ele>
<time>2020-07-23T19:51:17Z</time>
<speed>0.8</speed>
</trkpt>
<trkpt lat="48.861294" lon="8.927139">
<ele>444.2</ele>
<time>2020-07-23T19:51:22Z</time>
<speed>1.1</speed>
</trkpt>
<trkpt lat="48.861288" lon="8.927040">
<ele>444.8</ele>
<time>2020-07-23T19:51:27Z</time>
<speed>1.1</speed>
</trkpt>
<trkpt lat="48.861275" lon="8.926955">
<ele>444.7</ele>
<time>2020-07-23T19:51:32Z</time>
<speed>1.1</speed>
</trkpt>
<trkpt lat="48.861277" lon="8.926861">
<ele>443.2</ele>
<time>2020-07-23T19:51:37Z</time>
<speed>1.1</speed>
</trkpt>
<trkpt lat="48.861277" lon="8.926762">
<ele>444.6</ele>
<time>2020-07-23T19:51:42Z</time>
<speed>0.8</speed>
</trkpt>
<trkpt lat="48.861277" lon="8.926664">
<ele>445.9</ele>
<time>2020-07-23T19:51:47Z</time>
<speed>1.1</speed>
</trkpt>
<trkpt lat="48.861266" lon="8.926619">
<ele>446.9</ele>
<time>2020-07-23T19:51:52Z</time>
<speed>0.0</speed>
</trkpt>
<trkpt lat="48.861257" lon="8.926561">
<ele>447.8</ele>
<time>2020-07-23T19:51:57Z</time>
<speed>0.8</speed>
</trkpt>
<trkpt lat="48.861252" lon="8.926465">
<ele>447.0</ele>
<time>2020-07-23T19:52:02Z</time>
<speed>1.1</speed>
</trkpt>
<trkpt lat="48.861252" lon="8.926366">
<ele>448.3</ele>
<time>2020-07-23T19:52:07Z</time>
<speed>0.8</speed>
</trkpt>
<trkpt lat="48.861246" lon="8.926283">
<ele>447.6</ele>
<time>2020-07-23T19:52:12Z</time>
<speed>0.8</speed>
</trkpt>
<trkpt lat="48.861258" lon="8.926187">
<ele>449.0</ele>
<time>2020-07-23T19:52:17Z</time>
<speed>0.8</speed>
</trkpt>
<trkpt lat="48.861270" lon="8.926104">
<ele>450.6</ele>
<time>2020-07-23T19:52:22Z</time>
<speed>0.8</speed>
</trkpt>
<trkpt lat="48.861261" lon="8.926033">
<ele>451.4</ele>
<time>2020-07-23T19:52:27Z</time>
<speed>0.8</speed>
</trkpt>
<trkpt lat="48.861254" lon="8.925948">
<ele>452.1</ele>
<time>2020-07-23T19:52:32Z</time>
<speed>1.1</speed>
</trkpt>
<trkpt lat="48.861253" lon="8.925894">
<ele>450.9</ele>
<time>2020-07-23T19:52:37Z</time>
<speed>0.0</speed>
</trkpt>
<trkpt lat="48.861259" lon="8.925894">
<ele>451.7</ele>
<time>2020-07-23T19:52:42Z</time>
<speed>0.3</speed>
</trkpt>
<trkpt lat="48.861258" lon="8.925811">
<ele>451.7</ele>
<time>2020-07-23T19:52:47Z</time>
<speed>0.8</speed>
</trkpt>
<trkpt lat="48.861258" lon="8.925728">
<ele>451.7</ele>
<time>2020-07-23T19:52:52Z</time>
<speed>0.8</speed>
</trkpt>
<trkpt lat="48.861263" lon="8.925645">
<ele>452.5</ele>
<time>2020-07-23T19:52:57Z</time>
<speed>0.6</speed>
</trkpt>
<trkpt lat="48.861277" lon="8.925551">
<ele>452.6</ele>
<time>2020-07-23T19:53:02Z</time>
<speed>0.6</speed>
</trkpt>
<trkpt lat="48.861289" lon="8.925486">
<ele>451.4</ele>
<time>2020-07-23T19:53:07Z</time>
<speed>0.6</speed>
</trkpt>
<trkpt lat="48.861315" lon="8.925396">
<ele>450.1</ele>
<time>2020-07-23T19:53:12Z</time>
<speed>0.8</speed>
</trkpt>
<trkpt lat="48.861335" lon="8.925304">
<ele>449.5</ele>
<time>2020-07-23T19:53:17Z</time>
<speed>0.8</speed>
</trkpt>
<trkpt lat="48.861372" lon="8.925225">
<ele>451.3</ele>
<time>2020-07-23T19:53:22Z</time>
<speed>0.8</speed>
</trkpt>
<trkpt lat="48.861413" lon="8.925175">
<ele>452.6</ele>
<time>2020-07-23T19:53:27Z</time>
<speed>0.6</speed>
</trkpt>
<trkpt lat="48.861449" lon="8.925112">
<ele>453.0</ele>
<time>2020-07-23T19:53:32Z</time>
<speed>1.1</speed>
</trkpt>
<trkpt lat="48.861491" lon="8.925063">
<ele>454.3</ele>
<time>2020-07-23T19:53:37Z</time>
<speed>0.6</speed>
</trkpt>
<trkpt lat="48.861557" lon="8.925002">
<ele>457.1</ele>
<time>2020-07-23T19:53:42Z</time>
<speed>1.1</speed>
</trkpt>
<trkpt lat="48.861610" lon="8.924983">
<ele>457.4</ele>
<time>2020-07-23T19:53:47Z</time>
<speed>0.8</speed>
</trkpt>
<trkpt lat="48.861649" lon="8.924960">
<ele>458.9</ele>
<time>2020-07-23T19:53:52Z</time>
<speed>0.6</speed>
</trkpt>
<trkpt lat="48.861675" lon="8.924949">
<ele>460.4</ele>
<time>2020-07-23T19:53:57Z</time>
<speed>0.3</speed>
</trkpt>
<trkpt lat="48.861731" lon="8.924958">
<ele>461.5</ele>
<time>2020-07-23T19:54:02Z</time>
<speed>0.8</speed>
</trkpt>
<trkpt lat="48.861800" lon="8.924968">
<ele>462.8</ele>
<time>2020-07-23T19:54:07Z</time>
<speed>1.1</speed>
</trkpt>
<trkpt lat="48.861856" lon="8.924992">
<ele>462.7</ele>
<time>2020-07-23T19:54:12Z</time>
<speed>0.8</speed>
</trkpt>
<trkpt lat="48.861926" lon="8.924989">
<ele>463.8</ele>
<time>2020-07-23T19:54:17Z</time>
<speed>1.1</speed>
</trkpt>
<trkpt lat="48.861990" lon="8.924986">
<ele>464.3</ele>
<time>2020-07-23T19:54:22Z</time>
<speed>1.1</speed>
</trkpt>
<trkpt lat="48.862053" lon="8.924997">
<ele>464.8</ele>
<time>2020-07-23T19:54:27Z</time>
<speed>1.1</speed>
</trkpt>
<trkpt lat="48.862117" lon="8.925010">
<ele>463.9</ele>
<time>2020-07-23T19:54:32Z</time>
<speed>0.8</speed>
</trkpt>
<trkpt lat="48.862181" lon="8.925022">
<ele>463.0</ele>
<time>2020-07-23T19:54:37Z</time>
<speed>1.1</speed>
</trkpt>
<trkpt lat="48.862233" lon="8.925019">
<ele>461.9</ele>
<time>2020-07-23T19:54:42Z</time>
<speed>1.1</speed>
</trkpt>
<trkpt lat="48.862292" lon="8.925003">
<ele>461.5</ele>
<time>2020-07-23T19:54:47Z</time>
<speed>1.1</speed>
</trkpt>
<trkpt lat="48.862339" lon="8.924985">
<ele>460.9</ele>
<time>2020-07-23T19:54:52Z</time>
<speed>0.8</speed>
</trkpt>
<trkpt lat="48.862381" lon="8.924937">
<ele>460.8</ele>
<time>2020-07-23T19:54:57Z</time>
<speed>0.8</speed>
</trkpt>
<trkpt lat="48.862417" lon="8.924905">
<ele>458.7</ele>
<time>2020-07-23T19:55:02Z</time>
<speed>1.1</speed>
</trkpt>
<trkpt lat="48.862465" lon="8.924844">
<ele>459.2</ele>
<time>2020-07-23T19:55:07Z</time>
<speed>0.8</speed>
</trkpt>
<trkpt lat="48.862519" lon="8.924797">
<ele>460.6</ele>
<time>2020-07-23T19:55:12Z</time>
<speed>0.8</speed>
</trkpt>
<trkpt lat="48.862572" lon="8.924763">
<ele>462.1</ele>
<time>2020-07-23T19:55:17Z</time>
<speed>0.8</speed>
</trkpt>
<trkpt lat="48.862626" lon="8.924731">
<ele>462.2</ele>
<time>2020-07-23T19:55:22Z</time>
<speed>0.8</speed>
</trkpt>
<trkpt lat="48.862681" lon="8.924670">
<ele>463.6</ele>
<time>2020-07-23T19:55:27Z</time>
<speed>0.8</speed>
</trkpt>
<trkpt lat="48.862729" lon="8.924622">
<ele>464.2</ele>
<time>2020-07-23T19:55:32Z</time>
<speed>1.1</speed>
</trkpt>
<trkpt lat="48.862788" lon="8.924606">
<ele>463.8</ele>
<time>2020-07-23T19:55:37Z</time>
<speed>1.1</speed>
</trkpt>
<trkpt lat="48.862835" lon="8.924572">
<ele>464.5</ele>
<time>2020-07-23T19:55:42Z</time>
<speed>0.8</speed>
</trkpt>
<trkpt lat="48.862882" lon="8.924540">
<ele>463.9</ele>
<time>2020-07-23T19:55:47Z</time>
<speed>0.8</speed>
</trkpt>
<trkpt lat="48.862930" lon="8.924477">
<ele>465.8</ele>
<time>2020-07-23T19:55:52Z</time>
<speed>1.1</speed>
</trkpt>
<trkpt lat="48.862985" lon="8.924431">
<ele>465.8</ele>
<time>2020-07-23T19:55:57Z</time>
<speed>0.8</speed>
</trkpt>
<trkpt lat="48.863033" lon="8.924399">
<ele>465.2</ele>
<time>2020-07-23T19:56:02Z</time>
<speed>0.8</speed>
</trkpt>
<trkpt lat="48.863095" lon="8.924358">
<ele>463.1</ele>
<time>2020-07-23T19:56:07Z</time>
<speed>1.1</speed>
</trkpt>
<trkpt lat="48.863157" lon="8.924317">
<ele>461.1</ele>
<time>2020-07-23T19:56:12Z</time>
<speed>1.1</speed>
</trkpt>
<trkpt lat="48.863205" lon="8.924285">
<ele>460.4</ele>
<time>2020-07-23T19:56:17Z</time>
<speed>0.8</speed>
</trkpt>
<trkpt lat="48.863247" lon="8.924240">
<ele>458.9</ele>
<time>2020-07-23T19:56:22Z</time>
<speed>0.8</speed>
</trkpt>
<trkpt lat="48.863303" lon="8.924181">
<ele>458.8</ele>
<time>2020-07-23T19:56:27Z</time>
<speed>1.1</speed>
</trkpt>
<trkpt lat="48.863353" lon="8.924138">
<ele>456.7</ele>
<time>2020-07-23T19:56:32Z</time>
<speed>1.1</speed>
</trkpt>
<trkpt lat="48.863395" lon="8.924092">
<ele>455.2</ele>
<time>2020-07-23T19:56:37Z</time>
<speed>0.8</speed>
</trkpt>
<trkpt lat="48.863444" lon="8.924047">
<ele>454.4</ele>
<time>2020-07-23T19:56:42Z</time>
<speed>0.8</speed>
</trkpt>
<trkpt lat="48.863491" lon="8.924028">
<ele>453.9</ele>
<time>2020-07-23T19:56:47Z</time>
<speed>0.8</speed>
</trkpt>
<trkpt lat="48.863539" lon="8.923983">
<ele>453.2</ele>
<time>2020-07-23T19:56:52Z</time>
<speed>0.8</speed>
</trkpt>
<trkpt lat="48.863569" lon="8.923933">
<ele>453.0</ele>
<time>2020-07-23T19:56:57Z</time>
<speed>0.8</speed>
</trkpt>
<trkpt lat="48.863617" lon="8.923888">
<ele>452.2</ele>
<time>2020-07-23T19:57:02Z</time>
<speed>0.8</speed>
</trkpt>
<trkpt lat="48.863648" lon="8.923825">
<ele>451.9</ele>
<time>2020-07-23T19:57:07Z</time>
<speed>0.8</speed>
</trkpt>
<trkpt lat="48.863685" lon="8.923764">
<ele>450.9</ele>
<time>2020-07-23T19:57:12Z</time>
<speed>0.8</speed>
</trkpt>
<trkpt lat="48.863715" lon="8.923714">
<ele>450.7</ele>
<time>2020-07-23T19:57:17Z</time>
<speed>0.8</speed>
</trkpt>
<trkpt lat="48.863745" lon="8.923636">
<ele>451.7</ele>
<time>2020-07-23T19:57:22Z</time>
<speed>0.8</speed>
</trkpt>
<trkpt lat="48.863769" lon="8.923570">
<ele>452.1</ele>
<time>2020-07-23T19:57:27Z</time>
<speed>0.8</speed>
</trkpt>
<trkpt lat="48.863794" lon="8.923507">
<ele>451.0</ele>
<time>2020-07-23T19:57:32Z</time>
<speed>0.8</speed>
</trkpt>
<trkpt lat="48.863811" lon="8.923442">
<ele>450.6</ele>
<time>2020-07-23T19:57:37Z</time>
<speed>1.1</speed>
</trkpt>
<trkpt lat="48.863830" lon="8.923363">
<ele>450.1</ele>
<time>2020-07-23T19:57:42Z</time>
<speed>1.1</speed>
</trkpt>
<trkpt lat="48.863856" lon="8.923302">
<ele>447.7</ele>
<time>2020-07-23T19:57:47Z</time>
<speed>1.1</speed>
</trkpt>
<trkpt lat="48.863875" lon="8.923224">
<ele>447.1</ele>
<time>2020-07-23T19:57:52Z</time>
<speed>1.1</speed>
</trkpt>
<trkpt lat="48.863888" lon="8.923145">
<ele>445.9</ele>
<time>2020-07-23T19:57:57Z</time>
<speed>1.1</speed>
</trkpt>
<trkpt lat="48.863906" lon="8.923066">
<ele>445.4</ele>
<time>2020-07-23T19:58:02Z</time>
<speed>1.1</speed>
</trkpt>
<trkpt lat="48.863919" lon="8.922988">
<ele>444.1</ele>
<time>2020-07-23T19:58:07Z</time>
<speed>1.1</speed>
</trkpt>
<trkpt lat="48.863932" lon="8.922907">
<ele>444.3</ele>
<time>2020-07-23T19:58:12Z</time>
<speed>1.1</speed>
</trkpt>
<trkpt lat="48.863938" lon="8.922826">
<ele>443.6</ele>
<time>2020-07-23T19:58:17Z</time>
<speed>0.8</speed>
</trkpt>
<trkpt lat="48.863944" lon="8.922745">
<ele>443.0</ele>
<time>2020-07-23T19:58:22Z</time>
<speed>1.1</speed>
</trkpt>
<trkpt lat="48.863950" lon="8.922663">
<ele>443.8</ele>
<time>2020-07-23T19:58:27Z</time>
<speed>1.1</speed>
</trkpt>
<trkpt lat="48.863957" lon="8.922568">
<ele>443.1</ele>
<time>2020-07-23T19:58:32Z</time>
<speed>1.1</speed>
</trkpt>
<trkpt lat="48.863963" lon="8.922488">
<ele>442.5</ele>
<time>2020-07-23T19:58:37Z</time>
<speed>1.1</speed>
</trkpt>
<trkpt lat="48.863970" lon="8.922407">
<ele>441.9</ele>
<time>2020-07-23T19:58:42Z</time>
<speed>0.8</speed>
</trkpt>
<trkpt lat="48.863996" lon="8.922317">
<ele>440.6</ele>
<time>2020-07-23T19:58:47Z</time>
<speed>0.8</speed>
</trkpt>
<trkpt lat="48.864021" lon="8.922238">
<ele>440.9</ele>
<time>2020-07-23T19:58:52Z</time>
<speed>1.1</speed>
</trkpt>
<trkpt lat="48.864029" lon="8.922144">
<ele>440.2</ele>
<time>2020-07-23T19:58:57Z</time>
<speed>1.1</speed>
</trkpt>
<trkpt lat="48.864036" lon="8.922050">
<ele>439.4</ele>
<time>2020-07-23T19:59:02Z</time>
<speed>1.1</speed>
</trkpt>
<trkpt lat="48.864024" lon="8.921951">
<ele>439.3</ele>
<time>2020-07-23T19:59:07Z</time>
<speed>1.1</speed>
</trkpt>
<trkpt lat="48.863998" lon="8.921864">
<ele>439.1</ele>
<time>2020-07-23T19:59:12Z</time>
<speed>1.1</speed>
</trkpt>
<trkpt lat="48.863973" lon="8.921777">
<ele>438.9</ele>
<time>2020-07-23T19:59:17Z</time>
<speed>0.8</speed>
</trkpt>
<trkpt lat="48.863940" lon="8.921703">
<ele>438.1</ele>
<time>2020-07-23T19:59:22Z</time>
<speed>1.1</speed>
</trkpt>
<trkpt lat="48.863914" lon="8.921614">
<ele>439.3</ele>
<time>2020-07-23T19:59:27Z</time>
<speed>1.1</speed>
</trkpt>
<trkpt lat="48.863894" lon="8.921527">
<ele>439.9</ele>
<time>2020-07-23T19:59:32Z</time>
<speed>1.1</speed>
</trkpt>
<trkpt lat="48.863875" lon="8.921442">
<ele>439.1</ele>
<time>2020-07-23T19:59:37Z</time>
<speed>1.1</speed>
</trkpt>
<trkpt lat="48.863856" lon="8.921355">
<ele>439.7</ele>
<time>2020-07-23T19:59:42Z</time>
<speed>1.1</speed>
</trkpt>
<trkpt lat="48.863838" lon="8.921256">
<ele>438.8</ele>
<time>2020-07-23T19:59:47Z</time>
<speed>1.1</speed>
</trkpt>
<trkpt lat="48.863850" lon="8.921175">
<ele>438.9</ele>
<time>2020-07-23T19:59:52Z</time>
<speed>1.1</speed>
</trkpt>
<trkpt lat="48.863831" lon="8.921090">
<ele>438.1</ele>
<time>2020-07-23T19:59:57Z</time>
<speed>1.1</speed>
</trkpt>
<trkpt lat="48.863825" lon="8.921008">
<ele>437.4</ele>
<time>2020-07-23T20:00:02Z</time>
<speed>1.1</speed>
</trkpt>
<trkpt lat="48.863799" lon="8.920920">
<ele>437.2</ele>
<time>2020-07-23T20:00:07Z</time>
<speed>1.1</speed>
</trkpt>
<trkpt lat="48.863786" lon="8.920835">
<ele>437.1</ele>
<time>2020-07-23T20:00:12Z</time>
<speed>1.1</speed>
</trkpt>
<trkpt lat="48.863761" lon="8.920748">
<ele>437.0</ele>
<time>2020-07-23T20:00:17Z</time>
<speed>1.1</speed>
</trkpt>
<trkpt lat="48.863735" lon="8.920661">
<ele>436.8</ele>
<time>2020-07-23T20:00:22Z</time>
<speed>1.1</speed>
</trkpt>
<trkpt lat="48.863696" lon="8.920585">
<ele>436.6</ele>
<time>2020-07-23T20:00:27Z</time>
<speed>1.1</speed>
</trkpt>
<trkpt lat="48.863676" lon="8.920498">
<ele>437.2</ele>
<time>2020-07-23T20:00:32Z</time>
<speed>1.1</speed>
</trkpt>
<trkpt lat="48.863649" lon="8.920423">
<ele>438.6</ele>
<time>2020-07-23T20:00:37Z</time>
<speed>1.1</speed>
</trkpt>
<trkpt lat="48.863621" lon="8.920347">
<ele>439.9</ele>
<time>2020-07-23T20:00:42Z</time>
<speed>0.8</speed>
</trkpt>
<trkpt lat="48.863588" lon="8.920271">
<ele>440.5</ele>
<time>2020-07-23T20:00:47Z</time>
<speed>1.1</speed>
</trkpt>
<trkpt lat="48.863556" lon="8.920182">
<ele>441.0</ele>
<time>2020-07-23T20:00:52Z</time>
<speed>0.8</speed>
</trkpt>
<trkpt lat="48.863556" lon="8.920182">
<ele>441.0</ele>
<time>2020-07-23T20:00:57Z</time>
<speed>0.0</speed>
</trkpt>
<trkpt lat="48.863540" lon="8.920122">
<ele>442.5</ele>
<time>2020-07-23T20:01:02Z</time>
<speed>0.8</speed>
</trkpt>
<trkpt lat="48.863501" lon="8.920032">
<ele>442.2</ele>
<time>2020-07-23T20:01:07Z</time>
<speed>1.1</speed>
</trkpt>
<trkpt lat="48.863468" lon="8.919957">
<ele>442.8</ele>
<time>2020-07-23T20:01:12Z</time>
<speed>1.1</speed>
</trkpt>
<trkpt lat="48.863401" lon="8.919901">
<ele>444.0</ele>
<time>2020-07-23T20:01:17Z</time>
<speed>1.1</speed>
</trkpt>
<trkpt lat="48.863388" lon="8.919816">
<ele>444.0</ele>
<time>2020-07-23T20:01:22Z</time>
<speed>0.8</speed>
</trkpt>
<trkpt lat="48.863354" lon="8.919738">
<ele>446.0</ele>
<time>2020-07-23T20:01:27Z</time>
<speed>1.1</speed>
</trkpt>
<trkpt lat="48.863334" lon="8.919667">
<ele>445.3</ele>
<time>2020-07-23T20:01:32Z</time>
<speed>1.1</speed>
</trkpt>
<trkpt lat="48.863314" lon="8.919580">
<ele>445.8</ele>
<time>2020-07-23T20:01:37Z</time>
<speed>1.1</speed>
</trkpt>
<trkpt lat="48.863294" lon="8.919491">
<ele>447.8</ele>
<time>2020-07-23T20:01:42Z</time>
<speed>0.8</speed>
</trkpt>
<trkpt lat="48.863281" lon="8.919406">
<ele>447.8</ele>
<time>2020-07-23T20:01:47Z</time>
<speed>0.8</speed>
</trkpt>
<trkpt lat="48.863262" lon="8.919321">
<ele>446.9</ele>
<time>2020-07-23T20:01:52Z</time>
<speed>0.8</speed>
</trkpt>
<trkpt lat="48.863249" lon="8.919236">
<ele>446.9</ele>
<time>2020-07-23T20:01:57Z</time>
<speed>0.8</speed>
</trkpt>
<trkpt lat="48.863242" lon="8.919168">
<ele>444.9</ele>
<time>2020-07-23T20:02:02Z</time>
<speed>0.0</speed>
</trkpt>
<trkpt lat="48.863251" lon="8.919143">
<ele>444.0</ele>
<time>2020-07-23T20:02:07Z</time>
<speed>0.6</speed>
</trkpt>
<trkpt lat="48.863230" lon="8.919070">
<ele>444.7</ele>
<time>2020-07-23T20:02:12Z</time>
<speed>1.1</speed>
</trkpt>
<trkpt lat="48.863198" lon="8.918996">
<ele>443.9</ele>
<time>2020-07-23T20:02:17Z</time>
<speed>1.1</speed>
</trkpt>
<trkpt lat="48.863173" lon="8.918896">
<ele>443.6</ele>
<time>2020-07-23T20:02:22Z</time>
<speed>0.8</speed>
</trkpt>
<trkpt lat="48.863146" lon="8.918822">
<ele>443.5</ele>
<time>2020-07-23T20:02:27Z</time>
<speed>1.1</speed>
</trkpt>
<trkpt lat="48.863134" lon="8.918739">
<ele>442.1</ele>
<time>2020-07-23T20:02:32Z</time>
<speed>0.8</speed>
</trkpt>
<trkpt lat="48.863113" lon="8.918681">
<ele>441.5</ele>
<time>2020-07-23T20:02:37Z</time>
<speed>0.6</speed>
</trkpt>
<trkpt lat="48.863119" lon="8.918600">
<ele>440.8</ele>
<time>2020-07-23T20:02:42Z</time>
<speed>0.8</speed>
</trkpt>
<trkpt lat="48.863106" lon="8.918513">
<ele>442.2</ele>
<time>2020-07-23T20:02:47Z</time>
<speed>1.1</speed>
</trkpt>
<trkpt lat="48.863105" lon="8.918412">
<ele>444.9</ele>
<time>2020-07-23T20:02:52Z</time>
<speed>0.8</speed>
</trkpt>
<trkpt lat="48.863092" lon="8.918312">
<ele>446.2</ele>
<time>2020-07-23T20:02:57Z</time>
<speed>0.8</speed>
</trkpt>
<trkpt lat="48.863090" lon="8.918256">
<ele>446.4</ele>
<time>2020-07-23T20:03:02Z</time>
<speed>0.0</speed>
</trkpt>
<trkpt lat="48.863095" lon="8.918189">
<ele>445.9</ele>
<time>2020-07-23T20:03:07Z</time>
<speed>0.8</speed>
</trkpt>
<trkpt lat="48.863113" lon="8.918108">
<ele>446.8</ele>
<time>2020-07-23T20:03:12Z</time>
<speed>1.1</speed>
</trkpt>
<trkpt lat="48.863119" lon="8.918027">
<ele>446.2</ele>
<time>2020-07-23T20:03:17Z</time>
<speed>0.8</speed>
</trkpt>
<trkpt lat="48.863125" lon="8.917929">
<ele>448.3</ele>
<time>2020-07-23T20:03:22Z</time>
<speed>1.1</speed>
</trkpt>
<trkpt lat="48.863131" lon="8.917846">
<ele>449.1</ele>
<time>2020-07-23T20:03:27Z</time>
<speed>1.1</speed>
</trkpt>
<trkpt lat="48.863125" lon="8.917830">
<ele>449.6</ele>
<time>2020-07-23T20:03:32Z</time>
<speed>0.0</speed>
</trkpt>
<trkpt lat="48.863129" lon="8.917776">
<ele>449.2</ele>
<time>2020-07-23T20:03:37Z</time>
<speed>0.8</speed>
</trkpt>
<trkpt lat="48.863153" lon="8.917711">
<ele>449.5</ele>
<time>2020-07-23T20:03:42Z</time>
<speed>1.1</speed>
</trkpt>
<trkpt lat="48.863164" lon="8.917644">
<ele>449.8</ele>
<time>2020-07-23T20:03:47Z</time>
<speed>0.8</speed>
</trkpt>
<trkpt lat="48.863183" lon="8.917549">
<ele>450.6</ele>
<time>2020-07-23T20:03:52Z</time>
<speed>0.8</speed>
</trkpt>
<trkpt lat="48.863189" lon="8.917467">
<ele>451.4</ele>
<time>2020-07-23T20:03:57Z</time>
<speed>0.8</speed>
</trkpt>
<trkpt lat="48.863182" lon="8.917382">
<ele>452.1</ele>
<time>2020-07-23T20:04:02Z</time>
<speed>0.8</speed>
</trkpt>
<trkpt lat="48.863189" lon="8.917287">
<ele>451.3</ele>
<time>2020-07-23T20:04:07Z</time>
<speed>0.8</speed>
</trkpt>
<trkpt lat="48.863190" lon="8.917191">
<ele>451.3</ele>
<time>2020-07-23T20:04:12Z</time>
<speed>0.8</speed>
</trkpt>
<trkpt lat="48.863190" lon="8.917095">
<ele>451.2</ele>
<time>2020-07-23T20:04:17Z</time>
<speed>1.1</speed>
</trkpt>
<trkpt lat="48.863198" lon="8.917000">
<ele>450.5</ele>
<time>2020-07-23T20:04:22Z</time>
<speed>1.1</speed>
</trkpt>
<trkpt lat="48.863183" lon="8.916927">
<ele>451.9</ele>
<time>2020-07-23T20:04:27Z</time>
<speed>0.8</speed>
</trkpt>
<trkpt lat="48.863170" lon="8.916842">
<ele>451.9</ele>
<time>2020-07-23T20:04:32Z</time>
<speed>1.1</speed>
</trkpt>
<trkpt lat="48.863156" lon="8.916755">
<ele>453.2</ele>
<time>2020-07-23T20:04:37Z</time>
<speed>1.1</speed>
</trkpt>
<trkpt lat="48.863143" lon="8.916670">
<ele>453.1</ele>
<time>2020-07-23T20:04:42Z</time>
<speed>1.1</speed>
</trkpt>
<trkpt lat="48.863136" lon="8.916600">
<ele>452.5</ele>
<time>2020-07-23T20:04:47Z</time>
<speed>1.1</speed>
</trkpt>
<trkpt lat="48.863123" lon="8.916515">
<ele>452.5</ele>
<time>2020-07-23T20:04:52Z</time>
<speed>1.1</speed>
</trkpt>
<trkpt lat="48.863104" lon="8.916430">
<ele>451.7</ele>
<time>2020-07-23T20:04:57Z</time>
<speed>1.1</speed>
</trkpt>
<trkpt lat="48.863085" lon="8.916345">
<ele>450.8</ele>
<time>2020-07-23T20:05:02Z</time>
<speed>1.1</speed>
</trkpt>
<trkpt lat="48.863072" lon="8.916260">
<ele>450.8</ele>
<time>2020-07-23T20:05:07Z</time>
<speed>1.1</speed>
</trkpt>
<trkpt lat="48.863053" lon="8.916175">
<ele>449.9</ele>
<time>2020-07-23T20:05:12Z</time>
<speed>1.1</speed>
</trkpt>
<trkpt lat="48.863041" lon="8.916077">
<ele>449.8</ele>
<time>2020-07-23T20:05:17Z</time>
<speed>1.1</speed>
</trkpt>
<trkpt lat="48.863020" lon="8.916003">
<ele>450.5</ele>
<time>2020-07-23T20:05:22Z</time>
<speed>1.1</speed>
</trkpt>
<trkpt lat="48.862995" lon="8.915916">
<ele>450.3</ele>
<time>2020-07-23T20:05:27Z</time>
<speed>0.8</speed>
</trkpt>
<trkpt lat="48.862954" lon="8.915854">
<ele>450.2</ele>
<time>2020-07-23T20:05:32Z</time>
<speed>1.1</speed>
</trkpt>
<trkpt lat="48.862929" lon="8.915766">
<ele>450.1</ele>
<time>2020-07-23T20:05:37Z</time>
<speed>1.1</speed>
</trkpt>
<trkpt lat="48.862901" lon="8.915691">
<ele>451.4</ele>
<time>2020-07-23T20:05:42Z</time>
<speed>1.1</speed>
</trkpt>
<trkpt lat="48.862868" lon="8.915630">
<ele>450.7</ele>
<time>2020-07-23T20:05:47Z</time>
<speed>1.1</speed>
</trkpt>
<trkpt lat="48.862822" lon="8.915553">
<ele>451.2</ele>
<time>2020-07-23T20:05:53Z</time>
<speed>1.1</speed>
</trkpt>
<trkpt lat="48.862801" lon="8.915479">
<ele>451.9</ele>
<time>2020-07-23T20:05:58Z</time>
<speed>0.8</speed>
</trkpt>
<trkpt lat="48.862760" lon="8.915430">
<ele>451.9</ele>
<time>2020-07-23T20:06:03Z</time>
<speed>1.1</speed>
</trkpt>
<trkpt lat="48.862725" lon="8.915368">
<ele>452.6</ele>
<time>2020-07-23T20:06:08Z</time>
<speed>0.8</speed>
</trkpt>
<trkpt lat="48.862696" lon="8.915319">
<ele>454.1</ele>
<time>2020-07-23T20:06:13Z</time>
<speed>1.1</speed>
</trkpt>
<trkpt lat="48.862661" lon="8.915257">
<ele>454.8</ele>
<time>2020-07-23T20:06:18Z</time>
<speed>0.8</speed>
</trkpt>
<trkpt lat="48.862640" lon="8.915199">
<ele>454.2</ele>
<time>2020-07-23T20:06:23Z</time>
<speed>0.8</speed>
</trkpt>
<trkpt lat="48.862618" lon="8.915154">
<ele>453.7</ele>
<time>2020-07-23T20:06:28Z</time>
<speed>0.8</speed>
</trkpt>
<trkpt lat="48.862578" lon="8.915092">
<ele>453.6</ele>
<time>2020-07-23T20:06:33Z</time>
<speed>1.1</speed>
</trkpt>
<trkpt lat="48.862531" lon="8.915027">
<ele>454.2</ele>
<time>2020-07-23T20:06:38Z</time>
<speed>0.8</speed>
</trkpt>
<trkpt lat="48.862483" lon="8.914976">
<ele>454.9</ele>
<time>2020-07-23T20:06:43Z</time>
<speed>1.1</speed>
</trkpt>
<trkpt lat="48.862442" lon="8.914912">
<ele>456.2</ele>
<time>2020-07-23T20:06:48Z</time>
<speed>0.8</speed>
</trkpt>
<trkpt lat="48.862388" lon="8.914861">
<ele>456.1</ele>
<time>2020-07-23T20:06:53Z</time>
<speed>0.8</speed>
</trkpt>
<trkpt lat="48.862359" lon="8.914814">
<ele>456.3</ele>
<time>2020-07-23T20:06:58Z</time>
<speed>0.6</speed>
</trkpt>
<trkpt lat="48.862317" lon="8.914763">
<ele>457.7</ele>
<time>2020-07-23T20:07:03Z</time>
<speed>1.1</speed>
</trkpt>
<trkpt lat="48.862263" lon="8.914712">
<ele>457.6</ele>
<time>2020-07-23T20:07:08Z</time>
<speed>1.1</speed>
</trkpt>
<trkpt lat="48.862208" lon="8.914675">
<ele>457.7</ele>
<time>2020-07-23T20:07:13Z</time>
<speed>0.8</speed>
</trkpt>
<trkpt lat="48.862146" lon="8.914635">
<ele>458.4</ele>
<time>2020-07-23T20:07:18Z</time>
<speed>0.8</speed>
</trkpt>
<trkpt lat="48.862104" lon="8.914600">
<ele>458.5</ele>
<time>2020-07-23T20:07:23Z</time>
<speed>0.8</speed>
</trkpt>
<trkpt lat="48.862057" lon="8.914551">
<ele>457.8</ele>
<time>2020-07-23T20:07:28Z</time>
<speed>0.8</speed>
</trkpt>
<trkpt lat="48.862002" lon="8.914514">
<ele>457.8</ele>
<time>2020-07-23T20:07:33Z</time>
<speed>0.6</speed>
</trkpt>
<trkpt lat="48.861951" lon="8.914490">
<ele>458.7</ele>
<time>2020-07-23T20:07:38Z</time>
<speed>0.8</speed>
</trkpt>
<trkpt lat="48.861889" lon="8.914463">
<ele>459.5</ele>
<time>2020-07-23T20:07:43Z</time>
<speed>0.8</speed>
</trkpt>
<trkpt lat="48.861846" lon="8.914444">
<ele>458.3</ele>
<time>2020-07-23T20:07:48Z</time>
<speed>0.8</speed>
</trkpt>
<trkpt lat="48.861797" lon="8.914422">
<ele>457.8</ele>
<time>2020-07-23T20:07:53Z</time>
<speed>0.8</speed>
</trkpt>
<trkpt lat="48.861761" lon="8.914388">
<ele>457.3</ele>
<time>2020-07-23T20:07:58Z</time>
<speed>0.8</speed>
</trkpt>
<trkpt lat="48.861685" lon="8.914376">
<ele>456.7</ele>
<time>2020-07-23T20:08:03Z</time>
<speed>0.8</speed>
</trkpt>
<trkpt lat="48.861634" lon="8.914365">
<ele>457.7</ele>
<time>2020-07-23T20:08:08Z</time>
<speed>0.8</speed>
</trkpt>
<trkpt lat="48.861577" lon="8.914355">
<ele>457.9</ele>
<time>2020-07-23T20:08:13Z</time>
<speed>0.6</speed>
</trkpt>
<trkpt lat="48.861527" lon="8.914331">
<ele>458.8</ele>
<time>2020-07-23T20:08:18Z</time>
<speed>0.8</speed>
</trkpt>
<trkpt lat="48.861449" lon="8.914327">
<ele>461.1</ele>
<time>2020-07-23T20:08:23Z</time>
<speed>0.8</speed>
</trkpt>
<trkpt lat="48.861396" lon="8.914330">
<ele>462.2</ele>
<time>2020-07-23T20:08:28Z</time>
<speed>0.6</speed>
</trkpt>
<trkpt lat="48.861340" lon="8.914304">
<ele>463.7</ele>
<time>2020-07-23T20:08:33Z</time>
<speed>0.8</speed>
</trkpt>
<trkpt lat="48.861264" lon="8.914276">
<ele>464.4</ele>
<time>2020-07-23T20:08:38Z</time>
<speed>1.1</speed>
</trkpt>
<trkpt lat="48.861214" lon="8.914252">
<ele>465.3</ele>
<time>2020-07-23T20:08:43Z</time>
<speed>0.0</speed>
</trkpt>
<trkpt lat="48.861164" lon="8.914228">
<ele>466.2</ele>
<time>2020-07-23T20:08:48Z</time>
<speed>0.8</speed>
</trkpt>
<trkpt lat="48.861117" lon="8.914181">
<ele>464.0</ele>
<time>2020-07-23T20:08:53Z</time>
<speed>0.8</speed>
</trkpt>
<trkpt lat="48.861065" lon="8.914134">
<ele>461.2</ele>
<time>2020-07-23T20:08:58Z</time>
<speed>1.1</speed>
</trkpt>
<trkpt lat="48.861013" lon="8.914072">
<ele>459.6</ele>
<time>2020-07-23T20:09:03Z</time>
<speed>0.8</speed>
</trkpt>
<trkpt lat="48.860962" lon="8.913996">
<ele>457.9</ele>
<time>2020-07-23T20:09:08Z</time>
<speed>0.8</speed>
</trkpt>
<trkpt lat="48.860900" lon="8.913941">
<ele>459.9</ele>
<time>2020-07-23T20:09:13Z</time>
<speed>0.8</speed>
</trkpt>
<trkpt lat="48.860850" lon="8.913850">
<ele>459.5</ele>
<time>2020-07-23T20:09:18Z</time>
<speed>0.8</speed>
</trkpt>
<trkpt lat="48.860811" lon="8.913760">
<ele>459.3</ele>
<time>2020-07-23T20:09:23Z</time>
<speed>1.1</speed>
</trkpt>
<trkpt lat="48.860801" lon="8.913651">
<ele>457.6</ele>
<time>2020-07-23T20:09:28Z</time>
<speed>1.1</speed>
</trkpt>
<trkpt lat="48.860799" lon="8.913529">
<ele>455.2</ele>
<time>2020-07-23T20:09:33Z</time>
<speed>0.8</speed>
</trkpt>
<trkpt lat="48.860819" lon="8.913422">
<ele>455.9</ele>
<time>2020-07-23T20:09:38Z</time>
<speed>0.8</speed>
</trkpt>
<trkpt lat="48.860840" lon="8.913316">
<ele>455.1</ele>
<time>2020-07-23T20:09:43Z</time>
<speed>0.8</speed>
</trkpt>
<trkpt lat="48.860878" lon="8.913226">
<ele>455.4</ele>
<time>2020-07-23T20:09:48Z</time>
<speed>0.6</speed>
</trkpt>
<trkpt lat="48.860937" lon="8.913142">
<ele>453.7</ele>
<time>2020-07-23T20:09:53Z</time>
<speed>0.8</speed>
</trkpt>
<trkpt lat="48.860976" lon="8.913055">
<ele>452.5</ele>
<time>2020-07-23T20:09:58Z</time>
<speed>0.8</speed>
</trkpt>
<trkpt lat="48.861014" lon="8.912980">
<ele>451.5</ele>
<time>2020-07-23T20:10:03Z</time>
<speed>0.6</speed>
</trkpt>
<trkpt lat="48.861066" lon="8.912910">
<ele>449.1</ele>
<time>2020-07-23T20:10:08Z</time>
<speed>0.8</speed>
</trkpt>
<trkpt lat="48.861108" lon="8.912878">
<ele>447.7</ele>
<time>2020-07-23T20:10:13Z</time>
<speed>0.8</speed>
</trkpt>
<trkpt lat="48.861152" lon="8.912819">
<ele>446.1</ele>
<time>2020-07-23T20:10:18Z</time>
<speed>0.6</speed>
</trkpt>
<trkpt lat="48.861195" lon="8.912758">
<ele>445.9</ele>
<time>2020-07-23T20:10:23Z</time>
<speed>0.6</speed>
</trkpt>
<trkpt lat="48.861233" lon="8.912699">
<ele>443.6</ele>
<time>2020-07-23T20:10:28Z</time>
<speed>0.6</speed>
</trkpt>
<trkpt lat="48.861275" lon="8.912652">
<ele>443.5</ele>
<time>2020-07-23T20:10:33Z</time>
<speed>0.6</speed>
</trkpt>
<trkpt lat="48.861283" lon="8.912625">
<ele>444.0</ele>
<time>2020-07-23T20:10:38Z</time>
<speed>0.0</speed>
</trkpt>
<trkpt lat="48.861290" lon="8.912611">
<ele>444.7</ele>
<time>2020-07-23T20:10:43Z</time>
<speed>0.3</speed>
</trkpt>
<trkpt lat="48.861333" lon="8.912550">
<ele>444.5</ele>
<time>2020-07-23T20:10:48Z</time>
<speed>0.6</speed>
</trkpt>
<trkpt lat="48.861368" lon="8.912485">
<ele>446.3</ele>
<time>2020-07-23T20:10:53Z</time>
<speed>0.6</speed>
</trkpt>
<trkpt lat="48.861397" lon="8.912433">
<ele>447.5</ele>
<time>2020-07-23T20:10:58Z</time>
<speed>0.6</speed>
</trkpt>
<trkpt lat="48.861420" lon="8.912366">
<ele>449.3</ele>
<time>2020-07-23T20:11:03Z</time>
<speed>0.6</speed>
</trkpt>
<trkpt lat="48.861453" lon="8.912328">
<ele>451.3</ele>
<time>2020-07-23T20:11:08Z</time>
<speed>0.6</speed>
</trkpt>
<trkpt lat="48.861476" lon="8.912260">
<ele>453.1</ele>
<time>2020-07-23T20:11:13Z</time>
<speed>0.6</speed>
</trkpt>
<trkpt lat="48.861505" lon="8.912193">
<ele>455.6</ele>
<time>2020-07-23T20:11:18Z</time>
<speed>0.6</speed>
</trkpt>
<trkpt lat="48.861528" lon="8.912157">
<ele>454.7</ele>
<time>2020-07-23T20:11:23Z</time>
<speed>0.6</speed>
</trkpt>
<trkpt lat="48.861557" lon="8.912090">
<ele>457.2</ele>
<time>2020-07-23T20:11:28Z</time>
<speed>0.3</speed>
</trkpt>
<trkpt lat="48.861605" lon="8.912044">
<ele>456.5</ele>
<time>2020-07-23T20:11:33Z</time>
<speed>0.3</speed>
</trkpt>
<trkpt lat="48.861605" lon="8.912044">
<ele>456.5</ele>
<time>2020-07-23T20:11:38Z</time>
<speed>0.0</speed>
</trkpt>
<trkpt lat="48.861626" lon="8.912004">
<ele>458.4</ele>
<time>2020-07-23T20:11:43Z</time>
<speed>0.3</speed>
</trkpt>
<trkpt lat="48.861654" lon="8.911950">
<ele>461.0</ele>
<time>2020-07-23T20:11:48Z</time>
<speed>0.6</speed>
</trkpt>
<trkpt lat="48.861683" lon="8.911900">
<ele>460.8</ele>
<time>2020-07-23T20:11:53Z</time>
<speed>0.6</speed>
</trkpt>
<trkpt lat="48.861728" lon="8.911844">
<ele>457.8</ele>
<time>2020-07-23T20:11:58Z</time>
<speed>0.3</speed>
</trkpt>
<trkpt lat="48.861753" lon="8.911781">
<ele>456.8</ele>
<time>2020-07-23T20:12:03Z</time>
<speed>0.6</speed>
</trkpt>
<trkpt lat="48.861776" lon="8.911715">
<ele>457.1</ele>
<time>2020-07-23T20:12:08Z</time>
<speed>0.3</speed>
</trkpt>
<trkpt lat="48.861800" lon="8.911666">
<ele>456.2</ele>
<time>2020-07-23T20:12:13Z</time>
<speed>0.8</speed>
</trkpt>
<trkpt lat="48.861824" lon="8.911585">
<ele>457.8</ele>
<time>2020-07-23T20:12:18Z</time>
<speed>0.8</speed>
</trkpt>
<trkpt lat="48.861848" lon="8.911504">
<ele>459.5</ele>
<time>2020-07-23T20:12:23Z</time>
<speed>0.6</speed>
</trkpt>
<trkpt lat="48.861873" lon="8.911425">
<ele>459.7</ele>
<time>2020-07-23T20:12:28Z</time>
<speed>0.8</speed>
</trkpt>
<trkpt lat="48.861890" lon="8.911358">
<ele>460.7</ele>
<time>2020-07-23T20:12:33Z</time>
<speed>0.6</speed>
</trkpt>
<trkpt lat="48.861920" lon="8.911295">
<ele>460.4</ele>
<time>2020-07-23T20:12:38Z</time>
<speed>0.0</speed>
</trkpt>
<trkpt lat="48.861920" lon="8.911295">
<ele>460.4</ele>
<time>2020-07-23T20:12:43Z</time>
<speed>0.0</speed>
</trkpt>
<trkpt lat="48.861920" lon="8.911295">
<ele>460.4</ele>
<time>2020-07-23T20:12:48Z</time>
<speed>0.0</speed>
</trkpt>
<trkpt lat="48.861943" lon="8.911243">
<ele>460.8</ele>
<time>2020-07-23T20:12:53Z</time>
<speed>0.8</speed>
</trkpt>
<trkpt lat="48.861961" lon="8.911178">
<ele>460.4</ele>
<time>2020-07-23T20:12:58Z</time>
<speed>0.6</speed>
</trkpt>
<trkpt lat="48.861986" lon="8.911099">
<ele>460.7</ele>
<time>2020-07-23T20:13:03Z</time>
<speed>0.6</speed>
</trkpt>
<trkpt lat="48.861998" lon="8.911034">
<ele>459.5</ele>
<time>2020-07-23T20:13:08Z</time>
<speed>0.3</speed>
</trkpt>
<trkpt lat="48.862002" lon="8.910965">
<ele>460.4</ele>
<time>2020-07-23T20:13:13Z</time>
<speed>0.6</speed>
</trkpt>
<trkpt lat="48.862002" lon="8.910884">
<ele>459.1</ele>
<time>2020-07-23T20:13:18Z</time>
<speed>0.3</speed>
</trkpt>
<trkpt lat="48.862021" lon="8.910803">
<ele>459.9</ele>
<time>2020-07-23T20:13:23Z</time>
<speed>0.8</speed>
</trkpt>
<trkpt lat="48.862032" lon="8.910720">
<ele>461.5</ele>
<time>2020-07-23T20:13:28Z</time>
<speed>0.6</speed>
</trkpt>
<trkpt lat="48.862037" lon="8.910651">
<ele>462.4</ele>
<time>2020-07-23T20:13:33Z</time>
<speed>0.8</speed>
</trkpt>
<trkpt lat="48.862035" lon="8.910566">
<ele>463.8</ele>
<time>2020-07-23T20:13:38Z</time>
<speed>0.8</speed>
</trkpt>
<trkpt lat="48.862033" lon="8.910510">
<ele>464.1</ele>
<time>2020-07-23T20:13:43Z</time>
<speed>0.6</speed>
</trkpt>
<trkpt lat="48.862005" lon="8.910434">
<ele>465.4</ele>
<time>2020-07-23T20:13:48Z</time>
<speed>0.8</speed>
</trkpt>
<trkpt lat="48.861991" lon="8.910363">
<ele>465.4</ele>
<time>2020-07-23T20:13:53Z</time>
<speed>0.8</speed>
</trkpt>
<trkpt lat="48.861957" lon="8.910300">
<ele>466.1</ele>
<time>2020-07-23T20:13:58Z</time>
<speed>0.8</speed>
</trkpt>
<trkpt lat="48.861923" lon="8.910238">
<ele>466.8</ele>
<time>2020-07-23T20:14:03Z</time>
<speed>0.8</speed>
</trkpt>
<trkpt lat="48.861888" lon="8.910176">
<ele>467.5</ele>
<time>2020-07-23T20:14:08Z</time>
<speed>0.8</speed>
</trkpt>
<trkpt lat="48.861838" lon="8.910136">
<ele>469.7</ele>
<time>2020-07-23T20:14:13Z</time>
<speed>0.8</speed>
</trkpt>
<trkpt lat="48.861791" lon="8.910072">
<ele>470.3</ele>
<time>2020-07-23T20:14:18Z</time>
<speed>0.8</speed>
</trkpt>
<trkpt lat="48.861750" lon="8.910023">
<ele>470.3</ele>
<time>2020-07-23T20:14:23Z</time>
<speed>0.6</speed>
</trkpt>
<trkpt lat="48.861702" lon="8.909972">
<ele>471.0</ele>
<time>2020-07-23T20:14:28Z</time>
<speed>0.6</speed>
</trkpt>
<trkpt lat="48.861673" lon="8.909910">
<ele>472.4</ele>
<time>2020-07-23T20:14:33Z</time>
<speed>0.6</speed>
</trkpt>
<trkpt lat="48.861639" lon="8.909832">
<ele>474.4</ele>
<time>2020-07-23T20:14:38Z</time>
<speed>0.8</speed>
</trkpt>
<trkpt lat="48.861610" lon="8.909733">
<ele>472.0</ele>
<time>2020-07-23T20:14:43Z</time>
<speed>0.6</speed>
</trkpt>
<trkpt lat="48.861616" lon="8.909733">
<ele>472.7</ele>
<time>2020-07-23T20:14:48Z</time>
<speed>0.0</speed>
</trkpt>
<trkpt lat="48.861612" lon="8.909706">
<ele>471.8</ele>
<time>2020-07-23T20:14:53Z</time>
<speed>0.3</speed>
</trkpt>
<trkpt lat="48.861591" lon="8.909633">
<ele>472.5</ele>
<time>2020-07-23T20:14:58Z</time>
<speed>0.6</speed>
</trkpt>
<trkpt lat="48.861571" lon="8.909561">
<ele>471.8</ele>
<time>2020-07-23T20:15:03Z</time>
<speed>0.6</speed>
</trkpt>
<trkpt lat="48.861558" lon="8.909476">
<ele>471.7</ele>
<time>2020-07-23T20:15:08Z</time>
<speed>0.8</speed>
</trkpt>
<trkpt lat="48.861526" lon="8.909389">
<ele>470.8</ele>
<time>2020-07-23T20:15:13Z</time>
<speed>0.8</speed>
</trkpt>
<trkpt lat="48.861501" lon="8.909302">
<ele>470.6</ele>
<time>2020-07-23T20:15:18Z</time>
<speed>0.8</speed>
</trkpt>
<trkpt lat="48.861473" lon="8.909242">
<ele>470.6</ele>
<time>2020-07-23T20:15:23Z</time>
<speed>0.8</speed>
</trkpt>
<trkpt lat="48.861446" lon="8.909168">
<ele>470.6</ele>
<time>2020-07-23T20:15:28Z</time>
<speed>0.6</speed>
</trkpt>
<trkpt lat="48.861423" lon="8.909119">
<ele>472.9</ele>
<time>2020-07-23T20:15:33Z</time>
<speed>0.8</speed>
</trkpt>
<trkpt lat="48.861369" lon="8.909068">
<ele>472.8</ele>
<time>2020-07-23T20:15:38Z</time>
<speed>0.8</speed>
</trkpt>
<trkpt lat="48.861314" lon="8.909031">
<ele>472.8</ele>
<time>2020-07-23T20:15:43Z</time>
<speed>0.8</speed>
</trkpt>
<trkpt lat="48.861264" lon="8.909007">
<ele>473.7</ele>
<time>2020-07-23T20:15:48Z</time>
<speed>0.6</speed>
</trkpt>
<trkpt lat="48.861215" lon="8.908969">
<ele>474.5</ele>
<time>2020-07-23T20:15:53Z</time>
<speed>0.8</speed>
</trkpt>
<trkpt lat="48.861145" lon="8.908941">
<ele>476.0</ele>
<time>2020-07-23T20:15:58Z</time>
<speed>0.8</speed>
</trkpt>
<trkpt lat="48.861111" lon="8.908894">
<ele>475.3</ele>
<time>2020-07-23T20:16:03Z</time>
<speed>0.6</speed>
</trkpt>
<trkpt lat="48.861086" lon="8.908875">
<ele>476.4</ele>
<time>2020-07-23T20:16:08Z</time>
<speed>0.0</speed>
</trkpt>
<trkpt lat="48.861092" lon="8.908875">
<ele>477.2</ele>
<time>2020-07-23T20:16:13Z</time>
<speed>0.0</speed>
</trkpt>
<trkpt lat="48.861054" lon="8.908853">
<ele>478.2</ele>
<time>2020-07-23T20:16:18Z</time>
<speed>0.6</speed>
</trkpt>
<trkpt lat="48.861005" lon="8.908815">
<ele>479.0</ele>
<time>2020-07-23T20:16:23Z</time>
<speed>0.6</speed>
</trkpt>
<trkpt lat="48.860967" lon="8.908793">
<ele>480.0</ele>
<time>2020-07-23T20:16:28Z</time>
<speed>0.6</speed>
</trkpt>
<trkpt lat="48.860932" lon="8.908760">
<ele>479.4</ele>
<time>2020-07-23T20:16:33Z</time>
<speed>0.6</speed>
</trkpt>
<trkpt lat="48.860878" lon="8.908711">
<ele>478.0</ele>
<time>2020-07-23T20:16:38Z</time>
<speed>0.8</speed>
</trkpt>
<trkpt lat="48.860816" lon="8.908685">
<ele>478.8</ele>
<time>2020-07-23T20:16:43Z</time>
<speed>0.8</speed>
</trkpt>
<trkpt lat="48.860780" lon="8.908652">
<ele>478.2</ele>
<time>2020-07-23T20:16:48Z</time>
<speed>0.6</speed>
</trkpt>
<trkpt lat="48.860736" lon="8.908630">
<ele>478.5</ele>
<time>2020-07-23T20:16:53Z</time>
<speed>0.8</speed>
</trkpt>
<trkpt lat="48.860689" lon="8.908581">
<ele>477.8</ele>
<time>2020-07-23T20:16:58Z</time>
<speed>0.8</speed>
</trkpt>
<trkpt lat="48.860633" lon="8.908557">
<ele>477.9</ele>
<time>2020-07-23T20:17:03Z</time>
<speed>0.8</speed>
</trkpt>
<trkpt lat="48.860571" lon="8.908518">
<ele>478.6</ele>
<time>2020-07-23T20:17:08Z</time>
<speed>0.6</speed>
</trkpt>
<trkpt lat="48.860522" lon="8.908480">
<ele>479.4</ele>
<time>2020-07-23T20:17:13Z</time>
<speed>1.1</speed>
</trkpt>
<trkpt lat="48.860490" lon="8.908422">
<ele>477.2</ele>
<time>2020-07-23T20:17:18Z</time>
<speed>0.8</speed>
</trkpt>
<trkpt lat="48.860436" lon="8.908371">
<ele>477.2</ele>
<time>2020-07-23T20:17:23Z</time>
<speed>0.8</speed>
</trkpt>
<trkpt lat="48.860430" lon="8.908371">
<ele>476.4</ele>
<time>2020-07-23T20:17:28Z</time>
<speed>0.0</speed>
</trkpt>
<trkpt lat="48.860401" lon="8.908324">
<ele>476.6</ele>
<time>2020-07-23T20:17:33Z</time>
<speed>1.1</speed>
</trkpt>
<trkpt lat="48.860404" lon="8.908284">
<ele>476.3</ele>
<time>2020-07-23T20:17:38Z</time>
<speed>0.6</speed>
</trkpt>
<trkpt lat="48.860376" lon="8.908224">
<ele>476.3</ele>
<time>2020-07-23T20:17:43Z</time>
<speed>0.6</speed>
</trkpt>
<trkpt lat="48.860390" lon="8.908130">
<ele>476.3</ele>
<time>2020-07-23T20:17:48Z</time>
<speed>1.1</speed>
</trkpt>
<trkpt lat="48.860410" lon="8.908037">
<ele>475.7</ele>
<time>2020-07-23T20:17:53Z</time>
<speed>0.6</speed>
</trkpt>
<trkpt lat="48.860451" lon="8.907938">
<ele>473.1</ele>
<time>2020-07-23T20:17:58Z</time>
<speed>0.6</speed>
</trkpt>
<trkpt lat="48.860476" lon="8.907862">
<ele>471.9</ele>
<time>2020-07-23T20:18:03Z</time>
<speed>0.6</speed>
</trkpt>
<trkpt lat="48.860485" lon="8.907756">
<ele>469.7</ele>
<time>2020-07-23T20:18:08Z</time>
<speed>0.6</speed>
</trkpt>
<trkpt lat="48.860488" lon="8.907633">
<ele>469.4</ele>
<time>2020-07-23T20:18:13Z</time>
<speed>0.6</speed>
</trkpt>
<trkpt lat="48.860502" lon="8.907541">
<ele>468.1</ele>
<time>2020-07-23T20:18:18Z</time>
<speed>0.8</speed>
</trkpt>
<trkpt lat="48.860516" lon="8.907433">
<ele>468.0</ele>
<time>2020-07-23T20:18:23Z</time>
<speed>0.8</speed>
</trkpt>
<trkpt lat="48.860529" lon="8.907352">
<ele>468.1</ele>
<time>2020-07-23T20:18:28Z</time>
<speed>0.8</speed>
</trkpt>
<trkpt lat="48.860542" lon="8.907258">
<ele>468.2</ele>
<time>2020-07-23T20:18:33Z</time>
<speed>0.8</speed>
</trkpt>
<trkpt lat="48.860561" lon="8.907179">
<ele>467.7</ele>
<time>2020-07-23T20:18:38Z</time>
<speed>0.8</speed>
</trkpt>
<trkpt lat="48.860586" lon="8.907101">
<ele>467.9</ele>
<time>2020-07-23T20:18:43Z</time>
<speed>0.8</speed>
</trkpt>
<trkpt lat="48.860603" lon="8.907033">
<ele>468.9</ele>
<time>2020-07-23T20:18:48Z</time>
<speed>0.8</speed>
</trkpt>
<trkpt lat="48.860622" lon="8.906955">
<ele>468.4</ele>
<time>2020-07-23T20:18:53Z</time>
<speed>0.8</speed>
</trkpt>
<trkpt lat="48.860633" lon="8.906872">
<ele>469.9</ele>
<time>2020-07-23T20:18:58Z</time>
<speed>0.8</speed>
</trkpt>
<trkpt lat="48.860644" lon="8.906804">
<ele>470.2</ele>
<time>2020-07-23T20:19:03Z</time>
<speed>1.1</speed>
</trkpt>
<trkpt lat="48.860662" lon="8.906724">
<ele>471.1</ele>
<time>2020-07-23T20:19:08Z</time>
<speed>0.8</speed>
</trkpt>
<trkpt lat="48.860667" lon="8.906654">
<ele>472.0</ele>
<time>2020-07-23T20:19:13Z</time>
<speed>0.8</speed>
</trkpt>
<trkpt lat="48.860685" lon="8.906589">
<ele>471.6</ele>
<time>2020-07-23T20:19:18Z</time>
<speed>0.6</speed>
</trkpt>
<trkpt lat="48.860672" lon="8.906504">
<ele>471.5</ele>
<time>2020-07-23T20:19:23Z</time>
<speed>0.8</speed>
</trkpt>
<trkpt lat="48.860666" lon="8.906408">
<ele>470.7</ele>
<time>2020-07-23T20:19:28Z</time>
<speed>0.8</speed>
</trkpt>
<trkpt lat="48.860660" lon="8.906309">
<ele>471.3</ele>
<time>2020-07-23T20:19:33Z</time>
<speed>0.8</speed>
</trkpt>
<trkpt lat="48.860667" lon="8.906228">
<ele>470.7</ele>
<time>2020-07-23T20:19:38Z</time>
<speed>0.8</speed>
</trkpt>
<trkpt lat="48.860666" lon="8.906145">
<ele>470.7</ele>
<time>2020-07-23T20:19:43Z</time>
<speed>0.6</speed>
</trkpt>
<trkpt lat="48.860642" lon="8.906047">
<ele>469.0</ele>
<time>2020-07-23T20:19:48Z</time>
<speed>1.1</speed>
</trkpt>
<trkpt lat="48.860618" lon="8.905962">
<ele>467.5</ele>
<time>2020-07-23T20:19:53Z</time>
<speed>0.8</speed>
</trkpt>
<trkpt lat="48.860606" lon="8.905864">
<ele>467.3</ele>
<time>2020-07-23T20:19:58Z</time>
<speed>0.8</speed>
</trkpt>
<trkpt lat="48.860573" lon="8.905790">
<ele>466.5</ele>
<time>2020-07-23T20:20:03Z</time>
<speed>0.8</speed>
</trkpt>
<trkpt lat="48.860541" lon="8.905703">
<ele>465.6</ele>
<time>2020-07-23T20:20:08Z</time>
<speed>0.8</speed>
</trkpt>
<trkpt lat="48.860515" lon="8.905629">
<ele>465.5</ele>
<time>2020-07-23T20:20:13Z</time>
<speed>0.8</speed>
</trkpt>
<trkpt lat="48.860490" lon="8.905544">
<ele>463.9</ele>
<time>2020-07-23T20:20:18Z</time>
<speed>1.1</speed>
</trkpt>
<trkpt lat="48.860458" lon="8.905457">
<ele>463.0</ele>
<time>2020-07-23T20:20:23Z</time>
<speed>0.8</speed>
</trkpt>
<trkpt lat="48.860445" lon="8.905372">
<ele>462.9</ele>
<time>2020-07-23T20:20:28Z</time>
<speed>0.8</speed>
</trkpt>
<trkpt lat="48.860432" lon="8.905287">
<ele>462.9</ele>
<time>2020-07-23T20:20:33Z</time>
<speed>1.1</speed>
</trkpt>
<trkpt lat="48.860400" lon="8.905198">
<ele>463.4</ele>
<time>2020-07-23T20:20:38Z</time>
<speed>0.8</speed>
</trkpt>
<trkpt lat="48.860367" lon="8.905122">
<ele>463.9</ele>
<time>2020-07-23T20:20:43Z</time>
<speed>0.8</speed>
</trkpt>
<trkpt lat="48.860341" lon="8.905035">
<ele>463.8</ele>
<time>2020-07-23T20:20:48Z</time>
<speed>0.8</speed>
</trkpt>
<trkpt lat="48.860321" lon="8.904948">
<ele>464.4</ele>
<time>2020-07-23T20:20:53Z</time>
<speed>0.8</speed>
</trkpt>
<trkpt lat="48.860303" lon="8.904863">
<ele>463.5</ele>
<time>2020-07-23T20:20:58Z</time>
<speed>0.8</speed>
</trkpt>
<trkpt lat="48.860283" lon="8.904776">
<ele>464.1</ele>
<time>2020-07-23T20:21:03Z</time>
<speed>1.1</speed>
</trkpt>
<trkpt lat="48.860263" lon="8.904689">
<ele>464.7</ele>
<time>2020-07-23T20:21:08Z</time>
<speed>0.8</speed>
</trkpt>
<trkpt lat="48.860242" lon="8.904615">
<ele>465.4</ele>
<time>2020-07-23T20:21:13Z</time>
<speed>1.1</speed>
</trkpt>
<trkpt lat="48.860210" lon="8.904526">
<ele>465.9</ele>
<time>2020-07-23T20:21:18Z</time>
<speed>1.1</speed>
</trkpt>
<trkpt lat="48.860183" lon="8.904452">
<ele>465.8</ele>
<time>2020-07-23T20:21:23Z</time>
<speed>1.1</speed>
</trkpt>
<trkpt lat="48.860144" lon="8.904376">
<ele>465.7</ele>
<time>2020-07-23T20:21:28Z</time>
<speed>1.1</speed>
</trkpt>
<trkpt lat="48.860124" lon="8.904289">
<ele>466.2</ele>
<time>2020-07-23T20:21:33Z</time>
<speed>0.8</speed>
</trkpt>
<trkpt lat="48.860097" lon="8.904229">
<ele>466.3</ele>
<time>2020-07-23T20:21:38Z</time>
<speed>1.1</speed>
</trkpt>
<trkpt lat="48.860056" lon="8.904167">
<ele>466.2</ele>
<time>2020-07-23T20:21:43Z</time>
<speed>0.8</speed>
</trkpt>
<trkpt lat="48.860022" lon="8.904120">
<ele>465.6</ele>
<time>2020-07-23T20:21:48Z</time>
<speed>1.1</speed>
</trkpt>
<trkpt lat="48.859995" lon="8.904046">
<ele>465.5</ele>
<time>2020-07-23T20:21:53Z</time>
<speed>1.1</speed>
</trkpt>
<trkpt lat="48.859968" lon="8.903973">
<ele>465.5</ele>
<time>2020-07-23T20:21:58Z</time>
<speed>1.1</speed>
</trkpt>
<trkpt lat="48.859929" lon="8.903897">
<ele>465.3</ele>
<time>2020-07-23T20:22:03Z</time>
<speed>1.1</speed>
</trkpt>
<trkpt lat="48.859890" lon="8.903821">
<ele>465.1</ele>
<time>2020-07-23T20:22:08Z</time>
<speed>1.1</speed>
</trkpt>
<trkpt lat="48.859857" lon="8.903746">
<ele>465.7</ele>
<time>2020-07-23T20:22:13Z</time>
<speed>1.1</speed>
</trkpt>
<trkpt lat="48.859811" lon="8.903668">
<ele>466.2</ele>
<time>2020-07-23T20:22:18Z</time>
<speed>1.1</speed>
</trkpt>
<trkpt lat="48.859777" lon="8.903592">
<ele>466.8</ele>
<time>2020-07-23T20:22:23Z</time>
<speed>1.1</speed>
</trkpt>
<trkpt lat="48.859730" lon="8.903528">
<ele>467.4</ele>
<time>2020-07-23T20:22:28Z</time>
<speed>1.1</speed>
</trkpt>
<trkpt lat="48.859698" lon="8.903454">
<ele>466.5</ele>
<time>2020-07-23T20:22:33Z</time>
<speed>1.1</speed>
</trkpt>
<trkpt lat="48.859662" lon="8.903405">
<ele>467.3</ele>
<time>2020-07-23T20:22:38Z</time>
<speed>0.8</speed>
</trkpt>
<trkpt lat="48.859621" lon="8.903356">
<ele>467.4</ele>
<time>2020-07-23T20:22:43Z</time>
<speed>1.1</speed>
</trkpt>
<trkpt lat="48.859573" lon="8.903305">
<ele>468.0</ele>
<time>2020-07-23T20:22:48Z</time>
<speed>0.8</speed>
</trkpt>
<trkpt lat="48.859531" lon="8.903256">
<ele>468.1</ele>
<time>2020-07-23T20:22:53Z</time>
<speed>1.1</speed>
</trkpt>
<trkpt lat="48.859504" lon="8.903196">
<ele>468.1</ele>
<time>2020-07-23T20:22:58Z</time>
<speed>0.8</speed>
</trkpt>
<trkpt lat="48.859455" lon="8.903159">
<ele>468.9</ele>
<time>2020-07-23T20:23:03Z</time>
<speed>0.8</speed>
</trkpt>
<trkpt lat="48.859413" lon="8.903108">
<ele>470.3</ele>
<time>2020-07-23T20:23:08Z</time>
<speed>0.8</speed>
</trkpt>
<trkpt lat="48.859376" lon="8.903073">
<ele>471.2</ele>
<time>2020-07-23T20:23:13Z</time>
<speed>0.8</speed>
</trkpt>
<trkpt lat="48.859327" lon="8.903020">
<ele>473.3</ele>
<time>2020-07-23T20:23:18Z</time>
<speed>0.8</speed>
</trkpt>
<trkpt lat="48.859278" lon="8.902966">
<ele>475.4</ele>
<time>2020-07-23T20:23:23Z</time>
<speed>0.8</speed>
</trkpt>
<trkpt lat="48.859242" lon="8.902931">
<ele>476.3</ele>
<time>2020-07-23T20:23:28Z</time>
<speed>0.8</speed>
</trkpt>
<trkpt lat="48.859207" lon="8.902884">
<ele>475.7</ele>
<time>2020-07-23T20:23:33Z</time>
<speed>0.8</speed>
</trkpt>
<trkpt lat="48.859166" lon="8.902836">
<ele>475.7</ele>
<time>2020-07-23T20:23:38Z</time>
<speed>0.6</speed>
</trkpt>
<trkpt lat="48.859129" lon="8.902800">
<ele>476.6</ele>
<time>2020-07-23T20:23:43Z</time>
<speed>0.8</speed>
</trkpt>
<trkpt lat="48.859094" lon="8.902767">
<ele>476.1</ele>
<time>2020-07-23T20:23:48Z</time>
<speed>0.6</speed>
</trkpt>
<trkpt lat="48.859071" lon="8.902736">
<ele>475.7</ele>
<time>2020-07-23T20:23:53Z</time>
<speed>0.0</speed>
</trkpt>
<trkpt lat="48.859071" lon="8.902736">
<ele>475.7</ele>
<time>2020-07-23T20:23:58Z</time>
<speed>0.0</speed>
</trkpt>
<trkpt lat="48.859071" lon="8.902736">
<ele>475.7</ele>
<time>2020-07-23T20:24:03Z</time>
<speed>0.0</speed>
</trkpt>
<trkpt lat="48.859046" lon="8.902716">
<ele>476.8</ele>
<time>2020-07-23T20:24:08Z</time>
<speed>0.6</speed>
</trkpt>
<trkpt lat="48.859017" lon="8.902669">
<ele>476.9</ele>
<time>2020-07-23T20:24:13Z</time>
<speed>0.6</speed>
</trkpt>
<trkpt lat="48.858982" lon="8.902623">
<ele>476.3</ele>
<time>2020-07-23T20:24:18Z</time>
<speed>0.6</speed>
</trkpt>
<trkpt lat="48.858955" lon="8.902549">
<ele>476.2</ele>
<time>2020-07-23T20:24:23Z</time>
<speed>0.6</speed>
</trkpt>
<trkpt lat="48.858921" lon="8.902487">
<ele>476.9</ele>
<time>2020-07-23T20:24:28Z</time>
<speed>0.8</speed>
</trkpt>
<trkpt lat="48.858892" lon="8.902440">
<ele>477.1</ele>
<time>2020-07-23T20:24:33Z</time>
<speed>0.6</speed>
</trkpt>
<trkpt lat="48.858865" lon="8.902382">
<ele>475.7</ele>
<time>2020-07-23T20:24:38Z</time>
<speed>0.6</speed>
</trkpt>
<trkpt lat="48.858831" lon="8.902320">
<ele>476.4</ele>
<time>2020-07-23T20:24:43Z</time>
<speed>0.8</speed>
</trkpt>
<trkpt lat="48.858776" lon="8.902282">
<ele>476.4</ele>
<time>2020-07-23T20:24:48Z</time>
<speed>0.8</speed>
</trkpt>
<trkpt lat="48.858721" lon="8.902229">
<ele>477.8</ele>
<time>2020-07-23T20:24:53Z</time>
<speed>1.1</speed>
</trkpt>
<trkpt lat="48.858692" lon="8.902182">
<ele>477.9</ele>
<time>2020-07-23T20:24:58Z</time>
<speed>0.0</speed>
</trkpt>
<trkpt lat="48.858692" lon="8.902182">
<ele>477.9</ele>
<time>2020-07-23T20:25:03Z</time>
<speed>0.0</speed>
</trkpt>
<trkpt lat="48.858705" lon="8.902184">
<ele>478.0</ele>
<time>2020-07-23T20:25:08Z</time>
<speed>0.0</speed>
</trkpt>
<trkpt lat="48.858691" lon="8.902129">
<ele>476.7</ele>
<time>2020-07-23T20:25:13Z</time>
<speed>0.8</speed>
</trkpt>
<trkpt lat="48.858651" lon="8.902053">
<ele>476.6</ele>
<time>2020-07-23T20:25:18Z</time>
<speed>0.8</speed>
</trkpt>
<trkpt lat="48.858597" lon="8.902000">
<ele>477.9</ele>
<time>2020-07-23T20:25:23Z</time>
<speed>1.1</speed>
</trkpt>
<trkpt lat="48.858562" lon="8.901937">
<ele>478.6</ele>
<time>2020-07-23T20:25:28Z</time>
<speed>0.6</speed>
</trkpt>
<trkpt lat="48.858535" lon="8.901877">
<ele>478.6</ele>
<time>2020-07-23T20:25:33Z</time>
<speed>0.8</speed>
</trkpt>
<trkpt lat="48.858513" lon="8.901833">
<ele>478.1</ele>
<time>2020-07-23T20:25:38Z</time>
<speed>0.8</speed>
</trkpt>
<trkpt lat="48.858477" lon="8.901784">
<ele>478.9</ele>
<time>2020-07-23T20:25:43Z</time>
<speed>0.8</speed>
</trkpt>
<trkpt lat="48.858442" lon="8.901735">
<ele>479.7</ele>
<time>2020-07-23T20:25:48Z</time>
<speed>0.8</speed>
</trkpt>
<trkpt lat="48.858415" lon="8.901661">
<ele>479.6</ele>
<time>2020-07-23T20:25:53Z</time>
<speed>0.8</speed>
</trkpt>
<trkpt lat="48.858391" lon="8.901628">
<ele>480.6</ele>
<time>2020-07-23T20:25:58Z</time>
<speed>0.0</speed>
</trkpt>
<trkpt lat="48.858374" lon="8.901597">
<ele>481.0</ele>
<time>2020-07-23T20:26:03Z</time>
<speed>0.8</speed>
</trkpt>
<trkpt lat="48.858341" lon="8.901523">
<ele>480.1</ele>
<time>2020-07-23T20:26:08Z</time>
<speed>0.6</speed>
</trkpt>
<trkpt lat="48.858302" lon="8.901463">
<ele>478.7</ele>
<time>2020-07-23T20:26:13Z</time>
<speed>0.6</speed>
</trkpt>
<trkpt lat="48.858247" lon="8.901426">
<ele>478.7</ele>
<time>2020-07-23T20:26:18Z</time>
<speed>1.4</speed>
</trkpt>
<trkpt lat="48.858198" lon="8.901388">
<ele>479.5</ele>
<time>2020-07-23T20:26:23Z</time>
<speed>0.8</speed>
</trkpt>
<trkpt lat="48.858136" lon="8.901349">
<ele>480.2</ele>
<time>2020-07-23T20:26:28Z</time>
<speed>1.1</speed>
</trkpt>
<trkpt lat="48.858074" lon="8.901309">
<ele>480.9</ele>
<time>2020-07-23T20:26:33Z</time>
<speed>1.1</speed>
</trkpt>
<trkpt lat="48.858038" lon="8.901274">
<ele>481.8</ele>
<time>2020-07-23T20:26:38Z</time>
<speed>0.6</speed>
</trkpt>
<trkpt lat="48.858008" lon="8.901240">
<ele>482.0</ele>
<time>2020-07-23T20:26:43Z</time>
<speed>0.8</speed>
</trkpt>
<trkpt lat="48.857965" lon="8.901203">
<ele>483.5</ele>
<time>2020-07-23T20:26:48Z</time>
<speed>0.8</speed>
</trkpt>
<trkpt lat="48.857908" lon="8.901177">
<ele>485.1</ele>
<time>2020-07-23T20:26:53Z</time>
<speed>1.1</speed>
</trkpt>
<trkpt lat="48.857851" lon="8.901151">
<ele>486.6</ele>
<time>2020-07-23T20:26:58Z</time>
<speed>0.8</speed>
</trkpt>
<trkpt lat="48.857786" lon="8.901152">
<ele>487.6</ele>
<time>2020-07-23T20:27:03Z</time>
<speed>0.8</speed>
</trkpt>
<trkpt lat="48.857729" lon="8.901125">
<ele>489.1</ele>
<time>2020-07-23T20:27:08Z</time>
<speed>1.1</speed>
</trkpt>
<trkpt lat="48.857677" lon="8.901128">
<ele>490.2</ele>
<time>2020-07-23T20:27:13Z</time>
<speed>0.8</speed>
</trkpt>
<trkpt lat="48.857612" lon="8.901127">
<ele>492.6</ele>
<time>2020-07-23T20:27:18Z</time>
<speed>0.8</speed>
</trkpt>
<trkpt lat="48.857534" lon="8.901126">
<ele>493.5</ele>
<time>2020-07-23T20:27:23Z</time>
<speed>1.1</speed>
</trkpt>
<trkpt lat="48.857475" lon="8.901127">
<ele>495.3</ele>
<time>2020-07-23T20:27:28Z</time>
<speed>1.1</speed>
</trkpt>
<trkpt lat="48.857410" lon="8.901125">
<ele>497.6</ele>
<time>2020-07-23T20:27:33Z</time>
<speed>1.1</speed>
</trkpt>
<trkpt lat="48.857410" lon="8.901125">
<ele>497.6</ele>
<time>2020-07-23T20:27:38Z</time>
<speed>0.0</speed>
</trkpt>
<trkpt lat="48.857385" lon="8.901106">
<ele>498.7</ele>
<time>2020-07-23T20:27:43Z</time>
<speed>0.6</speed>
</trkpt>
<trkpt lat="48.857347" lon="8.901084">
<ele>499.7</ele>
<time>2020-07-23T20:27:48Z</time>
<speed>0.6</speed>
</trkpt>
<trkpt lat="48.857310" lon="8.901062">
<ele>500.7</ele>
<time>2020-07-23T20:27:53Z</time>
<speed>0.8</speed>
</trkpt>
<trkpt lat="48.857254" lon="8.901024">
<ele>500.8</ele>
<time>2020-07-23T20:27:58Z</time>
<speed>0.8</speed>
</trkpt>
<trkpt lat="48.857220" lon="8.900978">
<ele>500.1</ele>
<time>2020-07-23T20:28:03Z</time>
<speed>0.3</speed>
</trkpt>
<trkpt lat="48.857231" lon="8.900926">
<ele>499.1</ele>
<time>2020-07-23T20:28:08Z</time>
<speed>0.0</speed>
</trkpt>
<trkpt lat="48.857195" lon="8.900877">
<ele>499.9</ele>
<time>2020-07-23T20:28:13Z</time>
<speed>0.8</speed>
</trkpt>
<trkpt lat="48.857141" lon="8.900826">
<ele>499.8</ele>
<time>2020-07-23T20:28:18Z</time>
<speed>0.8</speed>
</trkpt>
<trkpt lat="48.857086" lon="8.900789">
<ele>499.8</ele>
<time>2020-07-23T20:28:23Z</time>
<speed>0.8</speed>
</trkpt>
<trkpt lat="48.857038" lon="8.900738">
<ele>500.5</ele>
<time>2020-07-23T20:28:28Z</time>
<speed>0.8</speed>
</trkpt>
<trkpt lat="48.856978" lon="8.900687">
<ele>499.7</ele>
<time>2020-07-23T20:28:33Z</time>
<speed>1.1</speed>
</trkpt>
<trkpt lat="48.856911" lon="8.900647">
<ele>499.6</ele>
<time>2020-07-23T20:28:38Z</time>
<speed>0.8</speed>
</trkpt>
<trkpt lat="48.856852" lon="8.900598">
<ele>497.4</ele>
<time>2020-07-23T20:28:43Z</time>
<speed>1.1</speed>
</trkpt>
<trkpt lat="48.856810" lon="8.900550">
<ele>497.5</ele>
<time>2020-07-23T20:28:48Z</time>
<speed>0.6</speed>
</trkpt>
<trkpt lat="48.856749" lon="8.900510">
<ele>498.1</ele>
<time>2020-07-23T20:28:53Z</time>
<speed>0.6</speed>
</trkpt>
<trkpt lat="48.856694" lon="8.900475">
<ele>496.8</ele>
<time>2020-07-23T20:28:58Z</time>
<speed>0.6</speed>
</trkpt>
<trkpt lat="48.856640" lon="8.900424">
<ele>496.7</ele>
<time>2020-07-23T20:29:03Z</time>
<speed>0.8</speed>
</trkpt>
<trkpt lat="48.856591" lon="8.900386">
<ele>497.5</ele>
<time>2020-07-23T20:29:08Z</time>
<speed>0.6</speed>
</trkpt>
<trkpt lat="48.856548" lon="8.900364">
<ele>497.7</ele>
<time>2020-07-23T20:29:13Z</time>
<speed>0.6</speed>
</trkpt>
<trkpt lat="48.856495" lon="8.900318">
<ele>494.9</ele>
<time>2020-07-23T20:29:18Z</time>
<speed>0.6</speed>
</trkpt>
<trkpt lat="48.856450" lon="8.900257">
<ele>492.6</ele>
<time>2020-07-23T20:29:23Z</time>
<speed>0.8</speed>
</trkpt>
<trkpt lat="48.856404" lon="8.900195">
<ele>491.8</ele>
<time>2020-07-23T20:29:28Z</time>
<speed>0.6</speed>
</trkpt>
<trkpt lat="48.856358" lon="8.900117">
<ele>492.3</ele>
<time>2020-07-23T20:29:33Z</time>
<speed>0.3</speed>
</trkpt>
<trkpt lat="48.856328" lon="8.900034">
<ele>488.6</ele>
<time>2020-07-23T20:29:38Z</time>
<speed>0.8</speed>
</trkpt>
<trkpt lat="48.856288" lon="8.899974">
<ele>487.1</ele>
<time>2020-07-23T20:29:43Z</time>
<speed>0.6</speed>
</trkpt>
<trkpt lat="48.856263" lon="8.899889">
<ele>485.5</ele>
<time>2020-07-23T20:29:48Z</time>
<speed>0.8</speed>
</trkpt>
<trkpt lat="48.856236" lon="8.899831">
<ele>484.2</ele>
<time>2020-07-23T20:29:53Z</time>
<speed>0.8</speed>
</trkpt>
<trkpt lat="48.856216" lon="8.899760">
<ele>483.4</ele>
<time>2020-07-23T20:29:58Z</time>
<speed>0.8</speed>
</trkpt>
<trkpt lat="48.856178" lon="8.899670">
<ele>483.2</ele>
<time>2020-07-23T20:30:03Z</time>
<speed>0.8</speed>
</trkpt>
<trkpt lat="48.856158" lon="8.899583">
<ele>483.8</ele>
<time>2020-07-23T20:30:08Z</time>
<speed>0.8</speed>
</trkpt>
<trkpt lat="48.856118" lon="8.899505">
<ele>485.0</ele>
<time>2020-07-23T20:30:13Z</time>
<speed>0.8</speed>
</trkpt>
<trkpt lat="48.856091" lon="8.899445">
<ele>485.0</ele>
<time>2020-07-23T20:30:18Z</time>
<speed>0.8</speed>
</trkpt>
<trkpt lat="48.856064" lon="8.899372">
<ele>485.0</ele>
<time>2020-07-23T20:30:23Z</time>
<speed>0.8</speed>
</trkpt>
<trkpt lat="48.856050" lon="8.899316">
<ele>483.7</ele>
<time>2020-07-23T20:30:28Z</time>
<speed>0.8</speed>
</trkpt>
<trkpt lat="48.856029" lon="8.899242">
<ele>484.4</ele>
<time>2020-07-23T20:30:33Z</time>
<speed>0.8</speed>
</trkpt>
<trkpt lat="48.856013" lon="8.899197">
<ele>484.6</ele>
<time>2020-07-23T20:30:38Z</time>
<speed>0.3</speed>
</trkpt>
<trkpt lat="48.856022" lon="8.899173">
<ele>483.8</ele>
<time>2020-07-23T20:30:43Z</time>
<speed>0.0</speed>
</trkpt>
<trkpt lat="48.856016" lon="8.899173">
<ele>483.0</ele>
<time>2020-07-23T20:30:48Z</time>
<speed>0.6</speed>
</trkpt>
<trkpt lat="48.855984" lon="8.899166">
<ele>483.5</ele>
<time>2020-07-23T20:30:53Z</time>
<speed>0.8</speed>
</trkpt>
<trkpt lat="48.855939" lon="8.899158">
<ele>483.8</ele>
<time>2020-07-23T20:30:58Z</time>
<speed>0.8</speed>
</trkpt>
<trkpt lat="48.855918" lon="8.899181">
<ele>484.6</ele>
<time>2020-07-23T20:31:03Z</time>
<speed>0.3</speed>
</trkpt>
<trkpt lat="48.855918" lon="8.899181">
<ele>484.6</ele>
<time>2020-07-23T20:31:08Z</time>
<speed>0.0</speed>
</trkpt>
<trkpt lat="48.855958" lon="8.899176">
<ele>483.4</ele>
<time>2020-07-23T20:31:13Z</time>
<speed>0.6</speed>
</trkpt>
<trkpt lat="48.855997" lon="8.899171">
<ele>482.2</ele>
<time>2020-07-23T20:31:18Z</time>
<speed>0.8</speed>
</trkpt>
<trkpt lat="48.856032" lon="8.899217">
<ele>482.8</ele>
<time>2020-07-23T20:31:23Z</time>
<speed>0.6</speed>
</trkpt>
<trkpt lat="48.856090" lon="8.899280">
<ele>485.1</ele>
<time>2020-07-23T20:31:28Z</time>
<speed>1.1</speed>
</trkpt>
<trkpt lat="48.856135" lon="8.899340">
<ele>487.3</ele>
<time>2020-07-23T20:31:33Z</time>
<speed>0.8</speed>
</trkpt>
<trkpt lat="48.856175" lon="8.899400">
<ele>488.8</ele>
<time>2020-07-23T20:31:38Z</time>
<speed>0.0</speed>
</trkpt>
<trkpt lat="48.856197" lon="8.899445">
<ele>489.3</ele>
<time>2020-07-23T20:31:43Z</time>
<speed>0.6</speed>
</trkpt>
<trkpt lat="48.856235" lon="8.899518">
<ele>490.9</ele>
<time>2020-07-23T20:31:48Z</time>
<speed>0.8</speed>
</trkpt>
<trkpt lat="48.856255" lon="8.899590">
<ele>491.6</ele>
<time>2020-07-23T20:31:53Z</time>
<speed>0.6</speed>
</trkpt>
<trkpt lat="48.856302" lon="8.899652">
<ele>492.4</ele>
<time>2020-07-23T20:31:58Z</time>
<speed>0.8</speed>
</trkpt>
<trkpt lat="48.856336" lon="8.899699">
<ele>493.0</ele>
<time>2020-07-23T20:32:03Z</time>
<speed>0.6</speed>
</trkpt>
<trkpt lat="48.856358" lon="8.899743">
<ele>493.5</ele>
<time>2020-07-23T20:32:08Z</time>
<speed>0.8</speed>
</trkpt>
<trkpt lat="48.856326" lon="8.899784">
<ele>490.1</ele>
<time>2020-07-23T20:32:13Z</time>
<speed>0.6</speed>
</trkpt>
<trkpt lat="48.856253" lon="8.899681">
<ele>485.2</ele>
<time>2020-07-23T20:32:18Z</time>
<speed>1.1</speed>
</trkpt>
<trkpt lat="48.856195" lon="8.899603">
<ele>484.2</ele>
<time>2020-07-23T20:32:23Z</time>
<speed>0.8</speed>
</trkpt>
<trkpt lat="48.856150" lon="8.899527">
<ele>483.3</ele>
<time>2020-07-23T20:32:28Z</time>
<speed>0.8</speed>
</trkpt>
<trkpt lat="48.856116" lon="8.899465">
<ele>483.9</ele>
<time>2020-07-23T20:32:33Z</time>
<speed>0.8</speed>
</trkpt>
<trkpt lat="48.856076" lon="8.899389">
<ele>483.8</ele>
<time>2020-07-23T20:32:38Z</time>
<speed>1.1</speed>
</trkpt>
<trkpt lat="48.856051" lon="8.899318">
<ele>482.3</ele>
<time>2020-07-23T20:32:43Z</time>
<speed>0.8</speed>
</trkpt>
<trkpt lat="48.856008" lon="8.899282">
<ele>482.4</ele>
<time>2020-07-23T20:32:48Z</time>
<speed>0.8</speed>
</trkpt>
<trkpt lat="48.855973" lon="8.899234">
<ele>483.2</ele>
<time>2020-07-23T20:32:53Z</time>
<speed>0.6</speed>
</trkpt>
<trkpt lat="48.855951" lon="8.899189">
<ele>482.7</ele>
<time>2020-07-23T20:32:58Z</time>
<speed>0.8</speed>
</trkpt>
<trkpt lat="48.855921" lon="8.899171">
<ele>481.7</ele>
<time>2020-07-23T20:33:03Z</time>
<speed>0.6</speed>
</trkpt>
<trkpt lat="48.855903" lon="8.899237">
<ele>482.1</ele>
<time>2020-07-23T20:33:08Z</time>
<speed>0.8</speed>
</trkpt>
<trkpt lat="48.855902" lon="8.899333">
<ele>482.1</ele>
<time>2020-07-23T20:33:13Z</time>
<speed>0.8</speed>
</trkpt>
<trkpt lat="48.855902" lon="8.899414">
<ele>483.5</ele>
<time>2020-07-23T20:33:18Z</time>
<speed>0.6</speed>
</trkpt>
<trkpt lat="48.855883" lon="8.899492">
<ele>484.0</ele>
<time>2020-07-23T20:33:23Z</time>
<speed>0.8</speed>
</trkpt>
<trkpt lat="48.855851" lon="8.899569">
<ele>484.4</ele>
<time>2020-07-23T20:33:28Z</time>
<speed>0.8</speed>
</trkpt>
<trkpt lat="48.855808" lon="8.899630">
<ele>484.6</ele>
<time>2020-07-23T20:33:33Z</time>
<speed>0.8</speed>
</trkpt>
<trkpt lat="48.855772" lon="8.899693">
<ele>484.1</ele>
<time>2020-07-23T20:33:38Z</time>
<speed>0.8</speed>
</trkpt>
<trkpt lat="48.855717" lon="8.899738">
<ele>484.1</ele>
<time>2020-07-23T20:33:43Z</time>
<speed>1.1</speed>
</trkpt>
<trkpt lat="48.855681" lon="8.899802">
<ele>483.7</ele>
<time>2020-07-23T20:33:48Z</time>
<speed>1.1</speed>
</trkpt>
<trkpt lat="48.855643" lon="8.899878">
<ele>483.3</ele>
<time>2020-07-23T20:33:53Z</time>
<speed>1.1</speed>
</trkpt>
<trkpt lat="48.855619" lon="8.899957">
<ele>483.1</ele>
<time>2020-07-23T20:33:58Z</time>
<speed>1.1</speed>
</trkpt>
<trkpt lat="48.855594" lon="8.900035">
<ele>482.9</ele>
<time>2020-07-23T20:34:03Z</time>
<speed>1.1</speed>
</trkpt>
<trkpt lat="48.855594" lon="8.900118">
<ele>482.8</ele>
<time>2020-07-23T20:34:08Z</time>
<speed>1.1</speed>
</trkpt>
<trkpt lat="48.855594" lon="8.900215">
<ele>482.9</ele>
<time>2020-07-23T20:34:13Z</time>
<speed>1.1</speed>
</trkpt>
<trkpt lat="48.855601" lon="8.900300">
<ele>482.2</ele>
<time>2020-07-23T20:34:18Z</time>
<speed>1.1</speed>
</trkpt>
<trkpt lat="48.855634" lon="8.900375">
<ele>481.6</ele>
<time>2020-07-23T20:34:23Z</time>
<speed>1.1</speed>
</trkpt>
<trkpt lat="48.855660" lon="8.900462">
<ele>481.8</ele>
<time>2020-07-23T20:34:29Z</time>
<speed>1.1</speed>
</trkpt>
<trkpt lat="48.855686" lon="8.900552">
<ele>480.5</ele>
<time>2020-07-23T20:34:34Z</time>
<speed>1.1</speed>
</trkpt>
<trkpt lat="48.855719" lon="8.900627">
<ele>479.9</ele>
<time>2020-07-23T20:34:39Z</time>
<speed>1.1</speed>
</trkpt>
<trkpt lat="48.855746" lon="8.900701">
<ele>480.0</ele>
<time>2020-07-23T20:34:44Z</time>
<speed>1.1</speed>
</trkpt>
<trkpt lat="48.855772" lon="8.900790">
<ele>478.8</ele>
<time>2020-07-23T20:34:49Z</time>
<speed>1.1</speed>
</trkpt>
<trkpt lat="48.855813" lon="8.900853">
<ele>478.8</ele>
<time>2020-07-23T20:34:54Z</time>
<speed>1.1</speed>
</trkpt>
<trkpt lat="48.855839" lon="8.900926">
<ele>478.9</ele>
<time>2020-07-23T20:34:59Z</time>
<speed>1.1</speed>
</trkpt>
<trkpt lat="48.855873" lon="8.901002">
<ele>478.3</ele>
<time>2020-07-23T20:35:04Z</time>
<speed>1.1</speed>
</trkpt>
<trkpt lat="48.855905" lon="8.901076">
<ele>479.1</ele>
<time>2020-07-23T20:35:09Z</time>
<speed>1.1</speed>
</trkpt>
<trkpt lat="48.855945" lon="8.901151">
<ele>479.3</ele>
<time>2020-07-23T20:35:14Z</time>
<speed>1.1</speed>
</trkpt>
<trkpt lat="48.855985" lon="8.901214">
<ele>479.4</ele>
<time>2020-07-23T20:35:19Z</time>
<speed>1.4</speed>
</trkpt>
<trkpt lat="48.856024" lon="8.901289">
<ele>479.5</ele>
<time>2020-07-23T20:35:24Z</time>
<speed>1.1</speed>
</trkpt>
<trkpt lat="48.856051" lon="8.901363">
<ele>479.6</ele>
<time>2020-07-23T20:35:29Z</time>
<speed>1.1</speed>
</trkpt>
<trkpt lat="48.856084" lon="8.901439">
<ele>479.0</ele>
<time>2020-07-23T20:35:34Z</time>
<speed>1.1</speed>
</trkpt>
<trkpt lat="48.856111" lon="8.901512">
<ele>479.1</ele>
<time>2020-07-23T20:35:39Z</time>
<speed>1.1</speed>
</trkpt>
<trkpt lat="48.856132" lon="8.901586">
<ele>478.4</ele>
<time>2020-07-23T20:35:44Z</time>
<speed>1.1</speed>
</trkpt>
<trkpt lat="48.856171" lon="8.901662">
<ele>478.6</ele>
<time>2020-07-23T20:35:49Z</time>
<speed>1.4</speed>
</trkpt>
<trkpt lat="48.856203" lon="8.901751">
<ele>478.1</ele>
<time>2020-07-23T20:35:54Z</time>
<speed>1.1</speed>
</trkpt>
<trkpt lat="48.856244" lon="8.901813">
<ele>478.2</ele>
<time>2020-07-23T20:35:59Z</time>
<speed>1.1</speed>
</trkpt>
<trkpt lat="48.856270" lon="8.901887">
<ele>478.2</ele>
<time>2020-07-23T20:36:04Z</time>
<speed>1.1</speed>
</trkpt>
<trkpt lat="48.856304" lon="8.901963">
<ele>477.6</ele>
<time>2020-07-23T20:36:09Z</time>
<speed>1.1</speed>
</trkpt>
<trkpt lat="48.856330" lon="8.902036">
<ele>477.7</ele>
<time>2020-07-23T20:36:14Z</time>
<speed>1.1</speed>
</trkpt>
<trkpt lat="48.856351" lon="8.902110">
<ele>477.0</ele>
<time>2020-07-23T20:36:19Z</time>
<speed>1.1</speed>
</trkpt>
<trkpt lat="48.856384" lon="8.902186">
<ele>476.4</ele>
<time>2020-07-23T20:36:24Z</time>
<speed>1.1</speed>
</trkpt>
<trkpt lat="48.856416" lon="8.902273">
<ele>477.3</ele>
<time>2020-07-23T20:36:29Z</time>
<speed>1.1</speed>
</trkpt>
<trkpt lat="48.856449" lon="8.902348">
<ele>476.8</ele>
<time>2020-07-23T20:36:34Z</time>
<speed>1.1</speed>
</trkpt>
<trkpt lat="48.856483" lon="8.902409">
<ele>477.5</ele>
<time>2020-07-23T20:36:39Z</time>
<speed>1.1</speed>
</trkpt>
<trkpt lat="48.856502" lon="8.902496">
<ele>476.9</ele>
<time>2020-07-23T20:36:44Z</time>
<speed>1.1</speed>
</trkpt>
<trkpt lat="48.856536" lon="8.902571">
<ele>476.3</ele>
<time>2020-07-23T20:36:49Z</time>
<speed>1.1</speed>
</trkpt>
<trkpt lat="48.856563" lon="8.902645">
<ele>476.4</ele>
<time>2020-07-23T20:36:54Z</time>
<speed>1.1</speed>
</trkpt>
<trkpt lat="48.856602" lon="8.902721">
<ele>476.5</ele>
<time>2020-07-23T20:36:59Z</time>
<speed>1.1</speed>
</trkpt>
<trkpt lat="48.856629" lon="8.902781">
<ele>476.5</ele>
<time>2020-07-23T20:37:04Z</time>
<speed>1.1</speed>
</trkpt>
<trkpt lat="48.856655" lon="8.902868">
<ele>476.7</ele>
<time>2020-07-23T20:37:09Z</time>
<speed>1.1</speed>
</trkpt>
<trkpt lat="48.856695" lon="8.902930">
<ele>476.7</ele>
<time>2020-07-23T20:37:14Z</time>
<speed>1.4</speed>
</trkpt>
<trkpt lat="48.856735" lon="8.903006">
<ele>476.9</ele>
<time>2020-07-23T20:37:19Z</time>
<speed>1.1</speed>
</trkpt>
<trkpt lat="48.856761" lon="8.903080">
<ele>477.0</ele>
<time>2020-07-23T20:37:24Z</time>
<speed>1.1</speed>
</trkpt>
<trkpt lat="48.856795" lon="8.903156">
<ele>476.4</ele>
<time>2020-07-23T20:37:29Z</time>
<speed>1.1</speed>
</trkpt>
<trkpt lat="48.856821" lon="8.903229">
<ele>476.5</ele>
<time>2020-07-23T20:37:34Z</time>
<speed>1.1</speed>
</trkpt>
<trkpt lat="48.856848" lon="8.903303">
<ele>476.5</ele>
<time>2020-07-23T20:37:39Z</time>
<speed>1.1</speed>
</trkpt>
<trkpt lat="48.856875" lon="8.903376">
<ele>476.6</ele>
<time>2020-07-23T20:37:44Z</time>
<speed>1.1</speed>
</trkpt>
<trkpt lat="48.856889" lon="8.903448">
<ele>476.5</ele>
<time>2020-07-23T20:37:49Z</time>
<speed>1.1</speed>
</trkpt>
<trkpt lat="48.856914" lon="8.903535">
<ele>476.7</ele>
<time>2020-07-23T20:37:54Z</time>
<speed>1.1</speed>
</trkpt>
<trkpt lat="48.856948" lon="8.903611">
<ele>476.1</ele>
<time>2020-07-23T20:37:59Z</time>
<speed>1.1</speed>
</trkpt>
<trkpt lat="48.856979" lon="8.903698">
<ele>477.0</ele>
<time>2020-07-23T20:38:04Z</time>
<speed>1.4</speed>
</trkpt>
<trkpt lat="48.857007" lon="8.903774">
<ele>475.7</ele>
<time>2020-07-23T20:38:09Z</time>
<speed>1.1</speed>
</trkpt>
<trkpt lat="48.857032" lon="8.903861">
<ele>475.9</ele>
<time>2020-07-23T20:38:14Z</time>
<speed>1.1</speed>
</trkpt>
<trkpt lat="48.857066" lon="8.903937">
<ele>475.3</ele>
<time>2020-07-23T20:38:19Z</time>
<speed>1.1</speed>
</trkpt>
<trkpt lat="48.857073" lon="8.904022">
<ele>474.6</ele>
<time>2020-07-23T20:38:24Z</time>
<speed>1.1</speed>
</trkpt>
<trkpt lat="48.857099" lon="8.904095">
<ele>474.7</ele>
<time>2020-07-23T20:38:29Z</time>
<speed>1.1</speed>
</trkpt>
<trkpt lat="48.857119" lon="8.904182">
<ele>474.1</ele>
<time>2020-07-23T20:38:34Z</time>
<speed>1.1</speed>
</trkpt>
<trkpt lat="48.857158" lon="8.904258">
<ele>474.2</ele>
<time>2020-07-23T20:38:39Z</time>
<speed>1.1</speed>
</trkpt>
<trkpt lat="48.857184" lon="8.904345">
<ele>474.4</ele>
<time>2020-07-23T20:38:44Z</time>
<speed>1.1</speed>
</trkpt>
<trkpt lat="48.857217" lon="8.904419">
<ele>475.2</ele>
<time>2020-07-23T20:38:49Z</time>
<speed>1.1</speed>
</trkpt>
<trkpt lat="48.857237" lon="8.904492">
<ele>474.5</ele>
<time>2020-07-23T20:38:54Z</time>
<speed>1.1</speed>
</trkpt>
<trkpt lat="48.857264" lon="8.904566">
<ele>474.6</ele>
<time>2020-07-23T20:38:59Z</time>
<speed>1.1</speed>
</trkpt>
<trkpt lat="48.857291" lon="8.904640">
<ele>474.7</ele>
<time>2020-07-23T20:39:04Z</time>
<speed>1.1</speed>
</trkpt>
<trkpt lat="48.857324" lon="8.904715">
<ele>474.1</ele>
<time>2020-07-23T20:39:09Z</time>
<speed>1.1</speed>
</trkpt>
<trkpt lat="48.857344" lon="8.904803">
<ele>473.5</ele>
<time>2020-07-23T20:39:14Z</time>
<speed>1.1</speed>
</trkpt>
<trkpt lat="48.857357" lon="8.904887">
<ele>473.6</ele>
<time>2020-07-23T20:39:19Z</time>
<speed>1.1</speed>
</trkpt>
<trkpt lat="48.857376" lon="8.904975">
<ele>473.0</ele>
<time>2020-07-23T20:39:24Z</time>
<speed>1.1</speed>
</trkpt>
<trkpt lat="48.857396" lon="8.905062">
<ele>472.4</ele>
<time>2020-07-23T20:39:29Z</time>
<speed>1.1</speed>
</trkpt>
<trkpt lat="48.857423" lon="8.905135">
<ele>472.5</ele>
<time>2020-07-23T20:39:34Z</time>
<speed>1.1</speed>
</trkpt>
<trkpt lat="48.857442" lon="8.905220">
<ele>473.3</ele>
<time>2020-07-23T20:39:39Z</time>
<speed>1.1</speed>
</trkpt>
<trkpt lat="48.857461" lon="8.905307">
<ele>472.7</ele>
<time>2020-07-23T20:39:44Z</time>
<speed>1.1</speed>
</trkpt>
<trkpt lat="48.857475" lon="8.905379">
<ele>472.7</ele>
<time>2020-07-23T20:39:49Z</time>
<speed>1.1</speed>
</trkpt>
<trkpt lat="48.857501" lon="8.905466">
<ele>472.8</ele>
<time>2020-07-23T20:39:54Z</time>
<speed>1.1</speed>
</trkpt>
<trkpt lat="48.857521" lon="8.905553">
<ele>472.2</ele>
<time>2020-07-23T20:39:59Z</time>
<speed>1.1</speed>
</trkpt>
<trkpt lat="48.857535" lon="8.905625">
<ele>472.2</ele>
<time>2020-07-23T20:40:04Z</time>
<speed>1.1</speed>
</trkpt>
<trkpt lat="48.857549" lon="8.905696">
<ele>472.2</ele>
<time>2020-07-23T20:40:09Z</time>
<speed>1.1</speed>
</trkpt>
<trkpt lat="48.857568" lon="8.905783">
<ele>471.6</ele>
<time>2020-07-23T20:40:14Z</time>
<speed>1.1</speed>
</trkpt>
<trkpt lat="48.857552" lon="8.905837">
<ele>470.5</ele>
<time>2020-07-23T20:40:19Z</time>
<speed>0.3</speed>
</trkpt>
<trkpt lat="48.857552" lon="8.905837">
<ele>470.5</ele>
<time>2020-07-23T20:40:24Z</time>
<speed>0.0</speed>
</trkpt>
<trkpt lat="48.857552" lon="8.905837">
<ele>470.5</ele>
<time>2020-07-23T20:40:29Z</time>
<speed>0.0</speed>
</trkpt>
<trkpt lat="48.857552" lon="8.905837">
<ele>470.5</ele>
<time>2020-07-23T20:40:34Z</time>
<speed>0.0</speed>
</trkpt>
<trkpt lat="48.857552" lon="8.905837">
<ele>470.5</ele>
<time>2020-07-23T20:40:39Z</time>
<speed>0.0</speed>
</trkpt>
<trkpt lat="48.857552" lon="8.905837">
<ele>470.5</ele>
<time>2020-07-23T20:40:44Z</time>
<speed>0.0</speed>
</trkpt>
<trkpt lat="48.857552" lon="8.905837">
<ele>470.5</ele>
<time>2020-07-23T20:40:49Z</time>
<speed>0.0</speed>
</trkpt>
<trkpt lat="48.857564" lon="8.905853">
<ele>470.7</ele>
<time>2020-07-23T20:40:54Z</time>
<speed>0.8</speed>
</trkpt>
<trkpt lat="48.857593" lon="8.905899">
<ele>470.5</ele>
<time>2020-07-23T20:40:59Z</time>
<speed>0.8</speed>
</trkpt>
<trkpt lat="48.857619" lon="8.905973">
<ele>470.6</ele>
<time>2020-07-23T20:41:04Z</time>
<speed>1.1</speed>
</trkpt>
<trkpt lat="48.857638" lon="8.906058">
<ele>471.4</ele>
<time>2020-07-23T20:41:09Z</time>
<speed>1.1</speed>
</trkpt>
<trkpt lat="48.857664" lon="8.906145">
<ele>471.6</ele>
<time>2020-07-23T20:41:14Z</time>
<speed>1.1</speed>
</trkpt>
<trkpt lat="48.857677" lon="8.906230">
<ele>471.7</ele>
<time>2020-07-23T20:41:19Z</time>
<speed>1.1</speed>
</trkpt>
<trkpt lat="48.857703" lon="8.906317">
<ele>471.8</ele>
<time>2020-07-23T20:41:24Z</time>
<speed>1.1</speed>
</trkpt>
<trkpt lat="48.857722" lon="8.906404">
<ele>471.2</ele>
<time>2020-07-23T20:41:29Z</time>
<speed>1.1</speed>
</trkpt>
<trkpt lat="48.857748" lon="8.906492">
<ele>471.4</ele>
<time>2020-07-23T20:41:34Z</time>
<speed>1.1</speed>
</trkpt>
<trkpt lat="48.857773" lon="8.906577">
<ele>473.0</ele>
<time>2020-07-23T20:41:39Z</time>
<speed>1.1</speed>
</trkpt>
<trkpt lat="48.857798" lon="8.906664">
<ele>473.1</ele>
<time>2020-07-23T20:41:44Z</time>
<speed>1.1</speed>
</trkpt>
<trkpt lat="48.857825" lon="8.906737">
<ele>473.2</ele>
<time>2020-07-23T20:41:49Z</time>
<speed>1.1</speed>
</trkpt>
<trkpt lat="48.857838" lon="8.906822">
<ele>473.3</ele>
<time>2020-07-23T20:41:54Z</time>
<speed>1.1</speed>
</trkpt>
<trkpt lat="48.857852" lon="8.906909">
<ele>471.9</ele>
<time>2020-07-23T20:41:59Z</time>
<speed>1.1</speed>
</trkpt>
<trkpt lat="48.857859" lon="8.906994">
<ele>471.3</ele>
<time>2020-07-23T20:42:04Z</time>
<speed>1.1</speed>
</trkpt>
<trkpt lat="48.857879" lon="8.907081">
<ele>470.7</ele>
<time>2020-07-23T20:42:09Z</time>
<speed>1.1</speed>
</trkpt>
<trkpt lat="48.857898" lon="8.907169">
<ele>470.1</ele>
<time>2020-07-23T20:42:14Z</time>
<speed>1.1</speed>
</trkpt>
<trkpt lat="48.857911" lon="8.907254">
<ele>470.1</ele>
<time>2020-07-23T20:42:19Z</time>
<speed>1.1</speed>
</trkpt>
<trkpt lat="48.857919" lon="8.907325">
<ele>469.4</ele>
<time>2020-07-23T20:42:24Z</time>
<speed>1.1</speed>
</trkpt>
<trkpt lat="48.857945" lon="8.907412">
<ele>469.5</ele>
<time>2020-07-23T20:42:29Z</time>
<speed>1.1</speed>
</trkpt>
<trkpt lat="48.857958" lon="8.907497">
<ele>469.6</ele>
<time>2020-07-23T20:42:34Z</time>
<speed>1.1</speed>
</trkpt>
<trkpt lat="48.857984" lon="8.907584">
<ele>469.8</ele>
<time>2020-07-23T20:42:39Z</time>
<speed>1.1</speed>
</trkpt>
<trkpt lat="48.858003" lon="8.907671">
<ele>469.2</ele>
<time>2020-07-23T20:42:44Z</time>
<speed>1.1</speed>
</trkpt>
<trkpt lat="48.858024" lon="8.907745">
<ele>468.5</ele>
<time>2020-07-23T20:42:49Z</time>
<speed>1.1</speed>
</trkpt>
<trkpt lat="48.858030" lon="8.907843">
<ele>467.9</ele>
<time>2020-07-23T20:42:54Z</time>
<speed>1.1</speed>
</trkpt>
<trkpt lat="48.858056" lon="8.907931">
<ele>468.1</ele>
<time>2020-07-23T20:42:59Z</time>
<speed>1.1</speed>
</trkpt>
<trkpt lat="48.858069" lon="8.908018">
<ele>466.7</ele>
<time>2020-07-23T20:43:04Z</time>
<speed>1.1</speed>
</trkpt>
<trkpt lat="48.858082" lon="8.908103">
<ele>466.8</ele>
<time>2020-07-23T20:43:09Z</time>
<speed>1.1</speed>
</trkpt>
<trkpt lat="48.858089" lon="8.908201">
<ele>466.2</ele>
<time>2020-07-23T20:43:14Z</time>
<speed>1.1</speed>
</trkpt>
<trkpt lat="48.858102" lon="8.908286">
<ele>466.3</ele>
<time>2020-07-23T20:43:19Z</time>
<speed>1.1</speed>
</trkpt>
<trkpt lat="48.858113" lon="8.908385">
<ele>466.4</ele>
<time>2020-07-23T20:43:24Z</time>
<speed>1.1</speed>
</trkpt>
<trkpt lat="48.858125" lon="8.908483">
<ele>466.6</ele>
<time>2020-07-23T20:43:29Z</time>
<speed>1.1</speed>
</trkpt>
<trkpt lat="48.858138" lon="8.908568">
<ele>466.7</ele>
<time>2020-07-23T20:43:34Z</time>
<speed>1.1</speed>
</trkpt>
<trkpt lat="48.858151" lon="8.908653">
<ele>466.7</ele>
<time>2020-07-23T20:43:39Z</time>
<speed>1.1</speed>
</trkpt>
<trkpt lat="48.858164" lon="8.908738">
<ele>466.8</ele>
<time>2020-07-23T20:43:44Z</time>
<speed>1.1</speed>
</trkpt>
<trkpt lat="48.858184" lon="8.908825">
<ele>466.2</ele>
<time>2020-07-23T20:43:49Z</time>
<speed>1.1</speed>
</trkpt>
<trkpt lat="48.858203" lon="8.908910">
<ele>467.0</ele>
<time>2020-07-23T20:43:54Z</time>
<speed>1.1</speed>
</trkpt>
<trkpt lat="48.858223" lon="8.908997">
<ele>466.4</ele>
<time>2020-07-23T20:43:59Z</time>
<speed>1.1</speed>
</trkpt>
<trkpt lat="48.858242" lon="8.909084">
<ele>465.8</ele>
<time>2020-07-23T20:44:04Z</time>
<speed>1.1</speed>
</trkpt>
<trkpt lat="48.858262" lon="8.909171">
<ele>465.3</ele>
<time>2020-07-23T20:44:09Z</time>
<speed>1.1</speed>
</trkpt>
<trkpt lat="48.858269" lon="8.909256">
<ele>464.6</ele>
<time>2020-07-23T20:44:14Z</time>
<speed>1.1</speed>
</trkpt>
<trkpt lat="48.858288" lon="8.909357">
<ele>464.1</ele>
<time>2020-07-23T20:44:19Z</time>
<speed>1.1</speed>
</trkpt>
<trkpt lat="48.858288" lon="8.909440">
<ele>464.1</ele>
<time>2020-07-23T20:44:24Z</time>
<speed>1.1</speed>
</trkpt>
<trkpt lat="48.858283" lon="8.909523">
<ele>463.3</ele>
<time>2020-07-23T20:44:29Z</time>
<speed>1.1</speed>
</trkpt>
<trkpt lat="48.858295" lon="8.909621">
<ele>463.4</ele>
<time>2020-07-23T20:44:34Z</time>
<speed>1.1</speed>
</trkpt>
<trkpt lat="48.858302" lon="8.909706">
<ele>462.7</ele>
<time>2020-07-23T20:44:39Z</time>
<speed>1.1</speed>
</trkpt>
<trkpt lat="48.858302" lon="8.909789">
<ele>462.7</ele>
<time>2020-07-23T20:44:44Z</time>
<speed>1.1</speed>
</trkpt>
<trkpt lat="48.858308" lon="8.909872">
<ele>463.4</ele>
<time>2020-07-23T20:44:49Z</time>
<speed>1.1</speed>
</trkpt>
<trkpt lat="48.858315" lon="8.909970">
<ele>462.8</ele>
<time>2020-07-23T20:44:54Z</time>
<speed>1.1</speed>
</trkpt>
<trkpt lat="48.858315" lon="8.910053">
<ele>462.8</ele>
<time>2020-07-23T20:44:59Z</time>
<speed>1.1</speed>
</trkpt>
<trkpt lat="48.858315" lon="8.910136">
<ele>462.8</ele>
<time>2020-07-23T20:45:04Z</time>
<speed>1.1</speed>
</trkpt>
<trkpt lat="48.858316" lon="8.910219">
<ele>462.7</ele>
<time>2020-07-23T20:45:09Z</time>
<speed>1.1</speed>
</trkpt>
<trkpt lat="48.858323" lon="8.910304">
<ele>462.0</ele>
<time>2020-07-23T20:45:14Z</time>
<speed>0.8</speed>
</trkpt>
<trkpt lat="48.858281" lon="8.910352">
<ele>462.1</ele>
<time>2020-07-23T20:45:19Z</time>
<speed>1.1</speed>
</trkpt>
<trkpt lat="48.858217" lon="8.910355">
<ele>461.7</ele>
<time>2020-07-23T20:45:24Z</time>
<speed>1.1</speed>
</trkpt>
<trkpt lat="48.858162" lon="8.910400">
<ele>461.7</ele>
<time>2020-07-23T20:45:29Z</time>
<speed>1.1</speed>
</trkpt>
<trkpt lat="48.858114" lon="8.910447">
<ele>461.0</ele>
<time>2020-07-23T20:45:34Z</time>
<speed>1.1</speed>
</trkpt>
<trkpt lat="48.858060" lon="8.910493">
<ele>461.0</ele>
<time>2020-07-23T20:45:39Z</time>
<speed>1.1</speed>
</trkpt>
<trkpt lat="48.858013" lon="8.910527">
<ele>460.3</ele>
<time>2020-07-23T20:45:44Z</time>
<speed>1.1</speed>
</trkpt>
<trkpt lat="48.857970" lon="8.910588">
<ele>460.5</ele>
<time>2020-07-23T20:45:49Z</time>
<speed>1.1</speed>
</trkpt>
<trkpt lat="48.857922" lon="8.910635">
<ele>459.8</ele>
<time>2020-07-23T20:45:54Z</time>
<speed>1.1</speed>
</trkpt>
<trkpt lat="48.857875" lon="8.910669">
<ele>459.1</ele>
<time>2020-07-23T20:45:59Z</time>
<speed>1.1</speed>
</trkpt>
<trkpt lat="48.857826" lon="8.910730">
<ele>458.5</ele>
<time>2020-07-23T20:46:04Z</time>
<speed>1.1</speed>
</trkpt>
<trkpt lat="48.857773" lon="8.910765">
<ele>457.0</ele>
<time>2020-07-23T20:46:09Z</time>
<speed>1.1</speed>
</trkpt>
<trkpt lat="48.857725" lon="8.910812">
<ele>456.4</ele>
<time>2020-07-23T20:46:14Z</time>
<speed>1.1</speed>
</trkpt>
<trkpt lat="48.857677" lon="8.910860">
<ele>455.7</ele>
<time>2020-07-23T20:46:19Z</time>
<speed>1.1</speed>
</trkpt>
<trkpt lat="48.857623" lon="8.910905">
<ele>455.7</ele>
<time>2020-07-23T20:46:24Z</time>
<speed>1.1</speed>
</trkpt>
<trkpt lat="48.857575" lon="8.910952">
<ele>455.0</ele>
<time>2020-07-23T20:46:29Z</time>
<speed>1.1</speed>
</trkpt>
<trkpt lat="48.857527" lon="8.911000">
<ele>454.4</ele>
<time>2020-07-23T20:46:34Z</time>
<speed>1.1</speed>
</trkpt>
<trkpt lat="48.857479" lon="8.911048">
<ele>453.7</ele>
<time>2020-07-23T20:46:39Z</time>
<speed>1.1</speed>
</trkpt>
<trkpt lat="48.857437" lon="8.911111">
<ele>452.5</ele>
<time>2020-07-23T20:46:44Z</time>
<speed>1.1</speed>
</trkpt>
<trkpt lat="48.857393" lon="8.911172">
<ele>452.7</ele>
<time>2020-07-23T20:46:49Z</time>
<speed>1.1</speed>
</trkpt>
<trkpt lat="48.857350" lon="8.911233">
<ele>452.9</ele>
<time>2020-07-23T20:46:54Z</time>
<speed>1.1</speed>
</trkpt>
<trkpt lat="48.857302" lon="8.911280">
<ele>452.3</ele>
<time>2020-07-23T20:46:59Z</time>
<speed>1.1</speed>
</trkpt>
<trkpt lat="48.857260" lon="8.911343">
<ele>451.1</ele>
<time>2020-07-23T20:47:04Z</time>
<speed>1.1</speed>
</trkpt>
<trkpt lat="48.857217" lon="8.911404">
<ele>451.3</ele>
<time>2020-07-23T20:47:09Z</time>
<speed>1.1</speed>
</trkpt>
<trkpt lat="48.857180" lon="8.911481">
<ele>450.9</ele>
<time>2020-07-23T20:47:14Z</time>
<speed>1.1</speed>
</trkpt>
<trkpt lat="48.857131" lon="8.911542">
<ele>450.4</ele>
<time>2020-07-23T20:47:19Z</time>
<speed>1.1</speed>
</trkpt>
<trkpt lat="48.857100" lon="8.911605">
<ele>450.7</ele>
<time>2020-07-23T20:47:24Z</time>
<speed>1.1</speed>
</trkpt>
<trkpt lat="48.857062" lon="8.911695">
<ele>450.4</ele>
<time>2020-07-23T20:47:29Z</time>
<speed>1.4</speed>
</trkpt>
<trkpt lat="48.857030" lon="8.911771">
<ele>450.8</ele>
<time>2020-07-23T20:47:34Z</time>
<speed>1.1</speed>
</trkpt>
<trkpt lat="48.856993" lon="8.911848">
<ele>450.5</ele>
<time>2020-07-23T20:47:39Z</time>
<speed>1.1</speed>
</trkpt>
<trkpt lat="48.856962" lon="8.911911">
<ele>450.8</ele>
<time>2020-07-23T20:47:44Z</time>
<speed>1.1</speed>
</trkpt>
<trkpt lat="48.856925" lon="8.911988">
<ele>450.4</ele>
<time>2020-07-23T20:47:49Z</time>
<speed>1.1</speed>
</trkpt>
<trkpt lat="48.856881" lon="8.912062">
<ele>450.8</ele>
<time>2020-07-23T20:47:54Z</time>
<speed>1.1</speed>
</trkpt>
<trkpt lat="48.856850" lon="8.912125">
<ele>451.1</ele>
<time>2020-07-23T20:47:59Z</time>
<speed>1.1</speed>
</trkpt>
<trkpt lat="48.856813" lon="8.912202">
<ele>450.7</ele>
<time>2020-07-23T20:48:04Z</time>
<speed>1.1</speed>
</trkpt>
<trkpt lat="48.856776" lon="8.912278">
<ele>450.4</ele>
<time>2020-07-23T20:48:09Z</time>
<speed>1.1</speed>
</trkpt>
<trkpt lat="48.856739" lon="8.912341">
<ele>449.9</ele>
<time>2020-07-23T20:48:14Z</time>
<speed>1.1</speed>
</trkpt>
<trkpt lat="48.856703" lon="8.912404">
<ele>449.5</ele>
<time>2020-07-23T20:48:19Z</time>
<speed>1.1</speed>
</trkpt>
<trkpt lat="48.856671" lon="8.912481">
<ele>449.9</ele>
<time>2020-07-23T20:48:24Z</time>
<speed>1.1</speed>
</trkpt>
<trkpt lat="48.856635" lon="8.912544">
<ele>449.4</ele>
<time>2020-07-23T20:48:29Z</time>
<speed>1.1</speed>
</trkpt>
<trkpt lat="48.856598" lon="8.912620">
<ele>449.1</ele>
<time>2020-07-23T20:48:34Z</time>
<speed>1.1</speed>
</trkpt>
<trkpt lat="48.856566" lon="8.912697">
<ele>449.5</ele>
<time>2020-07-23T20:48:39Z</time>
<speed>1.1</speed>
</trkpt>
<trkpt lat="48.856529" lon="8.912774">
<ele>449.1</ele>
<time>2020-07-23T20:48:44Z</time>
<speed>1.1</speed>
</trkpt>
<trkpt lat="48.856504" lon="8.912852">
<ele>448.9</ele>
<time>2020-07-23T20:48:49Z</time>
<speed>1.1</speed>
</trkpt>
<trkpt lat="48.856480" lon="8.912917">
<ele>448.5</ele>
<time>2020-07-23T20:48:54Z</time>
<speed>1.1</speed>
</trkpt>
<trkpt lat="48.856449" lon="8.912994">
<ele>448.9</ele>
<time>2020-07-23T20:48:59Z</time>
<speed>1.1</speed>
</trkpt>
<trkpt lat="48.856418" lon="8.913073">
<ele>447.9</ele>
<time>2020-07-23T20:49:04Z</time>
<speed>1.1</speed>
</trkpt>
<trkpt lat="48.856386" lon="8.913149">
<ele>448.3</ele>
<time>2020-07-23T20:49:09Z</time>
<speed>1.1</speed>
</trkpt>
<trkpt lat="48.856361" lon="8.913228">
<ele>448.1</ele>
<time>2020-07-23T20:49:14Z</time>
<speed>1.1</speed>
</trkpt>
<trkpt lat="48.856343" lon="8.913307">
<ele>448.6</ele>
<time>2020-07-23T20:49:19Z</time>
<speed>1.1</speed>
</trkpt>
<trkpt lat="48.856324" lon="8.913387">
<ele>447.7</ele>
<time>2020-07-23T20:49:24Z</time>
<speed>1.1</speed>
</trkpt>
<trkpt lat="48.856306" lon="8.913466">
<ele>448.2</ele>
<time>2020-07-23T20:49:29Z</time>
<speed>1.1</speed>
</trkpt>
<trkpt lat="48.856287" lon="8.913547">
<ele>447.3</ele>
<time>2020-07-23T20:49:34Z</time>
<speed>1.1</speed>
</trkpt>
<trkpt lat="48.856269" lon="8.913628">
<ele>446.4</ele>
<time>2020-07-23T20:49:39Z</time>
<speed>1.1</speed>
</trkpt>
<trkpt lat="48.856250" lon="8.913706">
<ele>446.9</ele>
<time>2020-07-23T20:49:44Z</time>
<speed>1.1</speed>
</trkpt>
<trkpt lat="48.856226" lon="8.913785">
<ele>446.7</ele>
<time>2020-07-23T20:49:49Z</time>
<speed>0.8</speed>
</trkpt>
<trkpt lat="48.856213" lon="8.913866">
<ele>446.6</ele>
<time>2020-07-23T20:49:54Z</time>
<speed>1.1</speed>
</trkpt>
<trkpt lat="48.856214" lon="8.913948">
<ele>446.5</ele>
<time>2020-07-23T20:49:59Z</time>
<speed>1.1</speed>
</trkpt>
<trkpt lat="48.856202" lon="8.914029">
<ele>446.4</ele>
<time>2020-07-23T20:50:04Z</time>
<speed>1.1</speed>
</trkpt>
<trkpt lat="48.856190" lon="8.914097">
<ele>446.1</ele>
<time>2020-07-23T20:50:09Z</time>
<speed>0.8</speed>
</trkpt>
<trkpt lat="48.856185" lon="8.914179">
<ele>445.3</ele>
<time>2020-07-23T20:50:14Z</time>
<speed>1.1</speed>
</trkpt>
<trkpt lat="48.856173" lon="8.914260">
<ele>445.2</ele>
<time>2020-07-23T20:50:19Z</time>
<speed>1.1</speed>
</trkpt>
<trkpt lat="48.856160" lon="8.914341">
<ele>445.1</ele>
<time>2020-07-23T20:50:24Z</time>
<speed>1.1</speed>
</trkpt>
<trkpt lat="48.856155" lon="8.914424">
<ele>444.3</ele>
<time>2020-07-23T20:50:29Z</time>
<speed>1.1</speed>
</trkpt>
<trkpt lat="48.856137" lon="8.914505">
<ele>443.4</ele>
<time>2020-07-23T20:50:34Z</time>
<speed>0.8</speed>
</trkpt>
<trkpt lat="48.856141" lon="8.914534">
<ele>442.9</ele>
<time>2020-07-23T20:50:39Z</time>
<speed>0.0</speed>
</trkpt>
<trkpt lat="48.856141" lon="8.914534">
<ele>442.9</ele>
<time>2020-07-23T20:50:44Z</time>
<speed>0.0</speed>
</trkpt>
<trkpt lat="48.856141" lon="8.914534">
<ele>442.9</ele>
<time>2020-07-23T20:50:49Z</time>
<speed>0.0</speed>
</trkpt>
<trkpt lat="48.856147" lon="8.914534">
<ele>443.7</ele>
<time>2020-07-23T20:50:54Z</time>
<speed>0.0</speed>
</trkpt>
<trkpt lat="48.856147" lon="8.914534">
<ele>443.7</ele>
<time>2020-07-23T20:50:59Z</time>
<speed>0.0</speed>
</trkpt>
<trkpt lat="48.856141" lon="8.914534">
<ele>442.9</ele>
<time>2020-07-23T20:51:04Z</time>
<speed>0.0</speed>
</trkpt>
<trkpt lat="48.856149" lon="8.914522">
<ele>442.2</ele>
<time>2020-07-23T20:51:09Z</time>
<speed>0.0</speed>
</trkpt>
<trkpt lat="48.856142" lon="8.914520">
<ele>442.8</ele>
<time>2020-07-23T20:51:14Z</time>
<speed>0.0</speed>
</trkpt>
<trkpt lat="48.856149" lon="8.914522">
<ele>442.2</ele>
<time>2020-07-23T20:51:19Z</time>
<speed>0.0</speed>
</trkpt>
<trkpt lat="48.856149" lon="8.914522">
<ele>442.2</ele>
<time>2020-07-23T20:51:24Z</time>
<speed>0.0</speed>
</trkpt>
<trkpt lat="48.856149" lon="8.914522">
<ele>442.2</ele>
<time>2020-07-23T20:51:29Z</time>
<speed>0.0</speed>
</trkpt>
<trkpt lat="48.856149" lon="8.914522">
<ele>442.2</ele>
<time>2020-07-23T20:51:34Z</time>
<speed>0.0</speed>
</trkpt>
<trkpt lat="48.856132" lon="8.914574">
<ele>442.5</ele>
<time>2020-07-23T20:51:39Z</time>
<speed>1.1</speed>
</trkpt>
<trkpt lat="48.856109" lon="8.914639">
<ele>442.1</ele>
<time>2020-07-23T20:51:44Z</time>
<speed>1.1</speed>
</trkpt>
<trkpt lat="48.856085" lon="8.914704">
<ele>441.8</ele>
<time>2020-07-23T20:51:49Z</time>
<speed>1.1</speed>
</trkpt>
<trkpt lat="48.856060" lon="8.914783">
<ele>441.5</ele>
<time>2020-07-23T20:51:54Z</time>
<speed>1.1</speed>
</trkpt>
<trkpt lat="48.856042" lon="8.914864">
<ele>440.7</ele>
<time>2020-07-23T20:51:59Z</time>
<speed>1.1</speed>
</trkpt>
<trkpt lat="48.856012" lon="8.914929">
<ele>439.6</ele>
<time>2020-07-23T20:52:04Z</time>
<speed>1.1</speed>
</trkpt>
<trkpt lat="48.855975" lon="8.915006">
<ele>439.2</ele>
<time>2020-07-23T20:52:09Z</time>
<speed>1.1</speed>
</trkpt>
<trkpt lat="48.855938" lon="8.915069">
<ele>438.8</ele>
<time>2020-07-23T20:52:14Z</time>
<speed>1.1</speed>
</trkpt>
<trkpt lat="48.855902" lon="8.915132">
<ele>438.3</ele>
<time>2020-07-23T20:52:19Z</time>
<speed>1.1</speed>
</trkpt>
<trkpt lat="48.855866" lon="8.915195">
<ele>437.9</ele>
<time>2020-07-23T20:52:24Z</time>
<speed>1.1</speed>
</trkpt>
<trkpt lat="48.855822" lon="8.915271">
<ele>436.8</ele>
<time>2020-07-23T20:52:29Z</time>
<speed>1.1</speed>
</trkpt>
<trkpt lat="48.855787" lon="8.915321">
<ele>436.2</ele>
<time>2020-07-23T20:52:34Z</time>
<speed>1.1</speed>
</trkpt>
<trkpt lat="48.855738" lon="8.915382">
<ele>435.7</ele>
<time>2020-07-23T20:52:39Z</time>
<speed>1.1</speed>
</trkpt>
<trkpt lat="48.855697" lon="8.915416">
<ele>435.7</ele>
<time>2020-07-23T20:52:44Z</time>
<speed>0.8</speed>
</trkpt>
<trkpt lat="48.855655" lon="8.915464">
<ele>435.7</ele>
<time>2020-07-23T20:52:49Z</time>
<speed>0.8</speed>
</trkpt>
<trkpt lat="48.855614" lon="8.915513">
<ele>434.4</ele>
<time>2020-07-23T20:52:54Z</time>
<speed>0.8</speed>
</trkpt>
<trkpt lat="48.855566" lon="8.915561">
<ele>433.8</ele>
<time>2020-07-23T20:52:59Z</time>
<speed>1.1</speed>
</trkpt>
<trkpt lat="48.855525" lon="8.915610">
<ele>432.5</ele>
<time>2020-07-23T20:53:04Z</time>
<speed>1.1</speed>
</trkpt>
<trkpt lat="48.855477" lon="8.915658">
<ele>431.8</ele>
<time>2020-07-23T20:53:09Z</time>
<speed>0.8</speed>
</trkpt>
<trkpt lat="48.855435" lon="8.915705">
<ele>431.9</ele>
<time>2020-07-23T20:53:14Z</time>
<speed>1.1</speed>
</trkpt>
<trkpt lat="48.855380" lon="8.915751">
<ele>431.9</ele>
<time>2020-07-23T20:53:19Z</time>
<speed>1.1</speed>
</trkpt>
<trkpt lat="48.855332" lon="8.915798">
<ele>431.3</ele>
<time>2020-07-23T20:53:24Z</time>
<speed>1.1</speed>
</trkpt>
<trkpt lat="48.855284" lon="8.915846">
<ele>430.6</ele>
<time>2020-07-23T20:53:29Z</time>
<speed>1.1</speed>
</trkpt>
<trkpt lat="48.855230" lon="8.915891">
<ele>430.6</ele>
<time>2020-07-23T20:53:34Z</time>
<speed>1.1</speed>
</trkpt>
<trkpt lat="48.855183" lon="8.915925">
<ele>429.9</ele>
<time>2020-07-23T20:53:39Z</time>
<speed>1.1</speed>
</trkpt>
<trkpt lat="48.855128" lon="8.915971">
<ele>429.9</ele>
<time>2020-07-23T20:53:44Z</time>
<speed>1.1</speed>
</trkpt>
<trkpt lat="48.855069" lon="8.916003">
<ele>429.0</ele>
<time>2020-07-23T20:53:49Z</time>
<speed>1.1</speed>
</trkpt>
<trkpt lat="48.855015" lon="8.916034">
<ele>428.9</ele>
<time>2020-07-23T20:53:54Z</time>
<speed>1.1</speed>
</trkpt>
<trkpt lat="48.854954" lon="8.916078">
<ele>429.5</ele>
<time>2020-07-23T20:53:59Z</time>
<speed>1.1</speed>
</trkpt>
<trkpt lat="48.854900" lon="8.916110">
<ele>429.4</ele>
<time>2020-07-23T20:54:04Z</time>
<speed>1.1</speed>
</trkpt>
<trkpt lat="48.854835" lon="8.916126">
<ele>429.1</ele>
<time>2020-07-23T20:54:09Z</time>
<speed>1.1</speed>
</trkpt>
<trkpt lat="48.854781" lon="8.916158">
<ele>429.0</ele>
<time>2020-07-23T20:54:14Z</time>
<speed>1.1</speed>
</trkpt>
<trkpt lat="48.854722" lon="8.916174">
<ele>429.5</ele>
<time>2020-07-23T20:54:19Z</time>
<speed>1.1</speed>
</trkpt>
<trkpt lat="48.854656" lon="8.916204">
<ele>429.2</ele>
<time>2020-07-23T20:54:24Z</time>
<speed>1.1</speed>
</trkpt>
<trkpt lat="48.854601" lon="8.916250">
<ele>429.2</ele>
<time>2020-07-23T20:54:29Z</time>
<speed>1.1</speed>
</trkpt>
<trkpt lat="48.854548" lon="8.916282">
<ele>429.1</ele>
<time>2020-07-23T20:54:34Z</time>
<speed>1.1</speed>
</trkpt>
<trkpt lat="48.854483" lon="8.916298">
<ele>428.8</ele>
<time>2020-07-23T20:54:39Z</time>
<speed>1.1</speed>
</trkpt>
<trkpt lat="48.854423" lon="8.916314">
<ele>429.3</ele>
<time>2020-07-23T20:54:44Z</time>
<speed>1.1</speed>
</trkpt>
<trkpt lat="48.854359" lon="8.916317">
<ele>428.9</ele>
<time>2020-07-23T20:54:49Z</time>
<speed>1.1</speed>
</trkpt>
<trkpt lat="48.854295" lon="8.916320">
<ele>428.4</ele>
<time>2020-07-23T20:54:54Z</time>
<speed>1.1</speed>
</trkpt>
<trkpt lat="48.854237" lon="8.916323">
<ele>428.8</ele>
<time>2020-07-23T20:54:59Z</time>
<speed>1.1</speed>
</trkpt>
<trkpt lat="48.854167" lon="8.916310">
<ele>428.9</ele>
<time>2020-07-23T20:55:04Z</time>
<speed>1.1</speed>
</trkpt>
<trkpt lat="48.854103" lon="8.916313">
<ele>428.5</ele>
<time>2020-07-23T20:55:09Z</time>
<speed>1.1</speed>
</trkpt>
<trkpt lat="48.854046" lon="8.916303">
<ele>428.7</ele>
<time>2020-07-23T20:55:14Z</time>
<speed>1.1</speed>
</trkpt>
<trkpt lat="48.853983" lon="8.916292">
<ele>428.2</ele>
<time>2020-07-23T20:55:19Z</time>
<speed>1.1</speed>
</trkpt>
<trkpt lat="48.853926" lon="8.916282">
<ele>428.5</ele>
<time>2020-07-23T20:55:24Z</time>
<speed>1.1</speed>
</trkpt>
<trkpt lat="48.853869" lon="8.916271">
<ele>428.7</ele>
<time>2020-07-23T20:55:29Z</time>
<speed>1.1</speed>
</trkpt>
<trkpt lat="48.853806" lon="8.916260">
<ele>428.2</ele>
<time>2020-07-23T20:55:34Z</time>
<speed>1.1</speed>
</trkpt>
<trkpt lat="48.853761" lon="8.916252">
<ele>428.5</ele>
<time>2020-07-23T20:55:39Z</time>
<speed>1.1</speed>
</trkpt>
<trkpt lat="48.853703" lon="8.916255">
<ele>428.9</ele>
<time>2020-07-23T20:55:44Z</time>
<speed>0.8</speed>
</trkpt>
<trkpt lat="48.853678" lon="8.916235">
<ele>430.0</ele>
<time>2020-07-23T20:55:49Z</time>
<speed>0.3</speed>
</trkpt>
<trkpt lat="48.853679" lon="8.916222">
<ele>429.9</ele>
<time>2020-07-23T20:55:54Z</time>
<speed>0.0</speed>
</trkpt>
<trkpt lat="48.853679" lon="8.916222">
<ele>429.9</ele>
<time>2020-07-23T20:55:59Z</time>
<speed>0.0</speed>
</trkpt>
<trkpt lat="48.853679" lon="8.916222">
<ele>429.9</ele>
<time>2020-07-23T20:56:04Z</time>
<speed>0.0</speed>
</trkpt>
<trkpt lat="48.853679" lon="8.916222">
<ele>429.9</ele>
<time>2020-07-23T20:56:09Z</time>
<speed>0.0</speed>
</trkpt>
<trkpt lat="48.853679" lon="8.916222">
<ele>429.9</ele>
<time>2020-07-23T20:56:14Z</time>
<speed>0.0</speed>
</trkpt>
<trkpt lat="48.853679" lon="8.916222">
<ele>429.9</ele>
<time>2020-07-23T20:56:19Z</time>
<speed>0.0</speed>
</trkpt>
<trkpt lat="48.853679" lon="8.916222">
<ele>429.9</ele>
<time>2020-07-23T20:56:24Z</time>
<speed>0.0</speed>
</trkpt>
<trkpt lat="48.853679" lon="8.916222">
<ele>429.9</ele>
<time>2020-07-23T20:56:29Z</time>
<speed>0.0</speed>
</trkpt>
<trkpt lat="48.853673" lon="8.916219">
<ele>430.5</ele>
<time>2020-07-23T20:56:34Z</time>
<speed>0.0</speed>
</trkpt>
<trkpt lat="48.853671" lon="8.916246">
<ele>430.7</ele>
<time>2020-07-23T20:56:39Z</time>
<speed>0.8</speed>
</trkpt>
<trkpt lat="48.853631" lon="8.916269">
<ele>429.2</ele>
<time>2020-07-23T20:56:44Z</time>
<speed>0.8</speed>
</trkpt>
<trkpt lat="48.853578" lon="8.916301">
<ele>429.1</ele>
<time>2020-07-23T20:56:49Z</time>
<speed>0.8</speed>
</trkpt>
<trkpt lat="48.853524" lon="8.916333">
<ele>429.0</ele>
<time>2020-07-23T20:56:54Z</time>
<speed>0.8</speed>
</trkpt>
<trkpt lat="48.853478" lon="8.916351">
<ele>429.5</ele>
<time>2020-07-23T20:56:59Z</time>
<speed>1.1</speed>
</trkpt>
<trkpt lat="48.853429" lon="8.916412">
<ele>429.0</ele>
<time>2020-07-23T20:57:04Z</time>
<speed>0.8</speed>
</trkpt>
<trkpt lat="48.853382" lon="8.916446">
<ele>428.2</ele>
<time>2020-07-23T20:57:09Z</time>
<speed>0.8</speed>
</trkpt>
<trkpt lat="48.853328" lon="8.916478">
<ele>428.1</ele>
<time>2020-07-23T20:57:14Z</time>
<speed>1.1</speed>
</trkpt>
<trkpt lat="48.853274" lon="8.916524">
<ele>428.1</ele>
<time>2020-07-23T20:57:19Z</time>
<speed>1.1</speed>
</trkpt>
<trkpt lat="48.853225" lon="8.916569">
<ele>428.9</ele>
<time>2020-07-23T20:57:24Z</time>
<speed>1.1</speed>
</trkpt>
<trkpt lat="48.853189" lon="8.916632">
<ele>428.4</ele>
<time>2020-07-23T20:57:29Z</time>
<speed>1.1</speed>
</trkpt>
<trkpt lat="48.853140" lon="8.916693">
<ele>427.9</ele>
<time>2020-07-23T20:57:34Z</time>
<speed>1.1</speed>
</trkpt>
<trkpt lat="48.853091" lon="8.916754">
<ele>427.3</ele>
<time>2020-07-23T20:57:39Z</time>
<speed>1.1</speed>
</trkpt>
<trkpt lat="48.853067" lon="8.916819">
<ele>427.0</ele>
<time>2020-07-23T20:57:44Z</time>
<speed>0.8</speed>
</trkpt>
<trkpt lat="48.853032" lon="8.916869">
<ele>426.4</ele>
<time>2020-07-23T20:57:49Z</time>
<speed>0.8</speed>
</trkpt>
<trkpt lat="48.853008" lon="8.916934">
<ele>426.1</ele>
<time>2020-07-23T20:57:54Z</time>
<speed>0.8</speed>
</trkpt>
<trkpt lat="48.852971" lon="8.916997">
<ele>425.6</ele>
<time>2020-07-23T20:57:59Z</time>
<speed>1.1</speed>
</trkpt>
<trkpt lat="48.852928" lon="8.917058">
<ele>425.8</ele>
<time>2020-07-23T20:58:04Z</time>
<speed>1.1</speed>
</trkpt>
<trkpt lat="48.852892" lon="8.917121">
<ele>425.4</ele>
<time>2020-07-23T20:58:09Z</time>
<speed>1.1</speed>
</trkpt>
<trkpt lat="48.852849" lon="8.917182">
<ele>425.6</ele>
<time>2020-07-23T20:58:14Z</time>
<speed>1.1</speed>
</trkpt>
<trkpt lat="48.852807" lon="8.917245">
<ele>424.4</ele>
<time>2020-07-23T20:58:19Z</time>
<speed>1.1</speed>
</trkpt>
<trkpt lat="48.852764" lon="8.917306">
<ele>424.6</ele>
<time>2020-07-23T20:58:24Z</time>
<speed>1.1</speed>
</trkpt>
<trkpt lat="48.852720" lon="8.917367">
<ele>424.8</ele>
<time>2020-07-23T20:58:29Z</time>
<speed>1.4</speed>
</trkpt>
<trkpt lat="48.852677" lon="8.917428">
<ele>425.0</ele>
<time>2020-07-23T20:58:34Z</time>
<speed>1.1</speed>
</trkpt>
<trkpt lat="48.852627" lon="8.917503">
<ele>424.5</ele>
<time>2020-07-23T20:58:39Z</time>
<speed>1.1</speed>
</trkpt>
<trkpt lat="48.852584" lon="8.917564">
<ele>424.7</ele>
<time>2020-07-23T20:58:44Z</time>
<speed>1.1</speed>
</trkpt>
<trkpt lat="48.852541" lon="8.917625">
<ele>424.9</ele>
<time>2020-07-23T20:58:49Z</time>
<speed>1.1</speed>
</trkpt>
<trkpt lat="48.852499" lon="8.917688">
<ele>423.7</ele>
<time>2020-07-23T20:58:54Z</time>
<speed>1.1</speed>
</trkpt>
<trkpt lat="48.852457" lon="8.917735">
<ele>423.8</ele>
<time>2020-07-23T20:58:59Z</time>
<speed>1.1</speed>
</trkpt>
<trkpt lat="48.852426" lon="8.917814">
<ele>422.8</ele>
<time>2020-07-23T20:59:04Z</time>
<speed>1.1</speed>
</trkpt>
<trkpt lat="48.852390" lon="8.917877">
<ele>422.4</ele>
<time>2020-07-23T20:59:09Z</time>
<speed>1.1</speed>
</trkpt>
<trkpt lat="48.852347" lon="8.917938">
<ele>422.6</ele>
<time>2020-07-23T20:59:14Z</time>
<speed>0.8</speed>
</trkpt>
<trkpt lat="48.852310" lon="8.918001">
<ele>422.1</ele>
<time>2020-07-23T20:59:19Z</time>
<speed>1.1</speed>
</trkpt>
<trkpt lat="48.852267" lon="8.918062">
<ele>422.3</ele>
<time>2020-07-23T20:59:24Z</time>
<speed>1.1</speed>
</trkpt>
<trkpt lat="48.852218" lon="8.918123">
<ele>421.8</ele>
<time>2020-07-23T20:59:29Z</time>
<speed>1.1</speed>
</trkpt>
<trkpt lat="48.852182" lon="8.918186">
<ele>421.3</ele>
<time>2020-07-23T20:59:34Z</time>
<speed>1.1</speed>
</trkpt>
<trkpt lat="48.852139" lon="8.918247">
<ele>421.5</ele>
<time>2020-07-23T20:59:39Z</time>
<speed>1.1</speed>
</trkpt>
<trkpt lat="48.852101" lon="8.918324">
<ele>421.2</ele>
<time>2020-07-23T20:59:44Z</time>
<speed>1.1</speed>
</trkpt>
<trkpt lat="48.852070" lon="8.918400">
<ele>421.6</ele>
<time>2020-07-23T20:59:49Z</time>
<speed>1.1</speed>
</trkpt>
<trkpt lat="48.852027" lon="8.918461">
<ele>421.8</ele>
<time>2020-07-23T20:59:54Z</time>
<speed>1.1</speed>
</trkpt>
<trkpt lat="48.851991" lon="8.918524">
<ele>421.3</ele>
<time>2020-07-23T20:59:59Z</time>
<speed>1.1</speed>
</trkpt>
<trkpt lat="48.851960" lon="8.918603">
<ele>420.3</ele>
<time>2020-07-23T21:00:04Z</time>
<speed>1.1</speed>
</trkpt>
<trkpt lat="48.851911" lon="8.918664">
<ele>419.8</ele>
<time>2020-07-23T21:00:09Z</time>
<speed>1.1</speed>
</trkpt>
<trkpt lat="48.851875" lon="8.918713">
<ele>419.2</ele>
<time>2020-07-23T21:00:14Z</time>
<speed>0.3</speed>
</trkpt>
<trkpt lat="48.851874" lon="8.918727">
<ele>419.3</ele>
<time>2020-07-23T21:00:19Z</time>
<speed>0.3</speed>
</trkpt>
<trkpt lat="48.851857" lon="8.918792">
<ele>419.8</ele>
<time>2020-07-23T21:00:24Z</time>
<speed>1.1</speed>
</trkpt>
<trkpt lat="48.851812" lon="8.918866">
<ele>420.1</ele>
<time>2020-07-23T21:00:29Z</time>
<speed>1.1</speed>
</trkpt>
<trkpt lat="48.851789" lon="8.918932">
<ele>419.7</ele>
<time>2020-07-23T21:00:34Z</time>
<speed>1.1</speed>
</trkpt>
<trkpt lat="48.851751" lon="8.919008">
<ele>419.4</ele>
<time>2020-07-23T21:00:39Z</time>
<speed>1.1</speed>
</trkpt>
<trkpt lat="48.851708" lon="8.919069">
<ele>419.6</ele>
<time>2020-07-23T21:00:44Z</time>
<speed>1.1</speed>
</trkpt>
<trkpt lat="48.851672" lon="8.919132">
<ele>419.1</ele>
<time>2020-07-23T21:00:49Z</time>
<speed>1.1</speed>
</trkpt>
<trkpt lat="48.851654" lon="8.919213">
<ele>418.2</ele>
<time>2020-07-23T21:00:54Z</time>
<speed>1.1</speed>
</trkpt>
<trkpt lat="48.851623" lon="8.919276">
<ele>418.5</ele>
<time>2020-07-23T21:00:59Z</time>
<speed>0.8</speed>
</trkpt>
<trkpt lat="48.851594" lon="8.919341">
<ele>417.4</ele>
<time>2020-07-23T21:01:04Z</time>
<speed>0.8</speed>
</trkpt>
<trkpt lat="48.851576" lon="8.919406">
<ele>417.8</ele>
<time>2020-07-23T21:01:09Z</time>
<speed>1.1</speed>
</trkpt>
<trkpt lat="48.851563" lon="8.919487">
<ele>417.7</ele>
<time>2020-07-23T21:01:14Z</time>
<speed>1.1</speed>
</trkpt>
<trkpt lat="48.851534" lon="8.919552">
<ele>416.6</ele>
<time>2020-07-23T21:01:19Z</time>
<speed>1.1</speed>
</trkpt>
<trkpt lat="48.851498" lon="8.919602">
<ele>416.0</ele>
<time>2020-07-23T21:01:24Z</time>
<speed>0.8</speed>
</trkpt>
<trkpt lat="48.851488" lon="8.919656">
<ele>415.7</ele>
<time>2020-07-23T21:01:29Z</time>
<speed>0.6</speed>
</trkpt>
<trkpt lat="48.851477" lon="8.919723">
<ele>415.5</ele>
<time>2020-07-23T21:01:34Z</time>
<speed>0.8</speed>
</trkpt>
<trkpt lat="48.851442" lon="8.919773">
<ele>414.9</ele>
<time>2020-07-23T21:01:39Z</time>
<speed>0.8</speed>
</trkpt>
<trkpt lat="48.851401" lon="8.919822">
<ele>413.6</ele>
<time>2020-07-23T21:01:44Z</time>
<speed>0.3</speed>
</trkpt>
<trkpt lat="48.851372" lon="8.919859">
<ele>413.7</ele>
<time>2020-07-23T21:01:49Z</time>
<speed>0.8</speed>
</trkpt>
<trkpt lat="48.851329" lon="8.919919">
<ele>413.9</ele>
<time>2020-07-23T21:01:54Z</time>
<speed>0.8</speed>
</trkpt>
<trkpt lat="48.851281" lon="8.919967">
<ele>413.2</ele>
<time>2020-07-23T21:01:59Z</time>
<speed>1.1</speed>
</trkpt>
<trkpt lat="48.851233" lon="8.920014">
<ele>412.6</ele>
<time>2020-07-23T21:02:04Z</time>
<speed>0.8</speed>
</trkpt>
<trkpt lat="48.851185" lon="8.920062">
<ele>411.9</ele>
<time>2020-07-23T21:02:09Z</time>
<speed>0.8</speed>
</trkpt>
<trkpt lat="48.851150" lon="8.920112">
<ele>411.4</ele>
<time>2020-07-23T21:02:14Z</time>
<speed>1.1</speed>
</trkpt>
<trkpt lat="48.851103" lon="8.920146">
<ele>410.6</ele>
<time>2020-07-23T21:02:19Z</time>
<speed>1.1</speed>
</trkpt>
<trkpt lat="48.851056" lon="8.920180">
<ele>409.9</ele>
<time>2020-07-23T21:02:24Z</time>
<speed>0.8</speed>
</trkpt>
<trkpt lat="48.851002" lon="8.920225">
<ele>409.9</ele>
<time>2020-07-23T21:02:29Z</time>
<speed>1.1</speed>
</trkpt>
<trkpt lat="48.850954" lon="8.920273">
<ele>409.2</ele>
<time>2020-07-23T21:02:34Z</time>
<speed>1.1</speed>
</trkpt>
<trkpt lat="48.850905" lon="8.920334">
<ele>408.7</ele>
<time>2020-07-23T21:02:39Z</time>
<speed>1.1</speed>
</trkpt>
<trkpt lat="48.850856" lon="8.920379">
<ele>409.4</ele>
<time>2020-07-23T21:02:44Z</time>
<speed>0.8</speed>
</trkpt>
<trkpt lat="48.850814" lon="8.920426">
<ele>409.5</ele>
<time>2020-07-23T21:02:49Z</time>
<speed>1.1</speed>
</trkpt>
<trkpt lat="48.850759" lon="8.920472">
<ele>409.5</ele>
<time>2020-07-23T21:02:54Z</time>
<speed>1.1</speed>
</trkpt>
<trkpt lat="48.850714" lon="8.920492">
<ele>408.7</ele>
<time>2020-07-23T21:02:59Z</time>
<speed>1.1</speed>
</trkpt>
<trkpt lat="48.850672" lon="8.920542">
<ele>407.4</ele>
<time>2020-07-23T21:03:04Z</time>
<speed>0.8</speed>
</trkpt>
<trkpt lat="48.850617" lon="8.920601">
<ele>407.5</ele>
<time>2020-07-23T21:03:09Z</time>
<speed>1.1</speed>
</trkpt>
<trkpt lat="48.850589" lon="8.920639">
<ele>406.2</ele>
<time>2020-07-23T21:03:14Z</time>
<speed>0.0</speed>
</trkpt>
<trkpt lat="48.850547" lon="8.920687">
<ele>406.2</ele>
<time>2020-07-23T21:03:19Z</time>
<speed>1.1</speed>
</trkpt>
<trkpt lat="48.850499" lon="8.920734">
<ele>405.6</ele>
<time>2020-07-23T21:03:24Z</time>
<speed>1.1</speed>
</trkpt>
<trkpt lat="48.850457" lon="8.920782">
<ele>405.7</ele>
<time>2020-07-23T21:03:29Z</time>
<speed>0.8</speed>
</trkpt>
<trkpt lat="48.850410" lon="8.920816">
<ele>404.9</ele>
<time>2020-07-23T21:03:34Z</time>
<speed>0.8</speed>
</trkpt>
<trkpt lat="48.850361" lon="8.920877">
<ele>404.4</ele>
<time>2020-07-23T21:03:39Z</time>
<speed>1.1</speed>
</trkpt>
<trkpt lat="48.850318" lon="8.920938">
<ele>404.6</ele>
<time>2020-07-23T21:03:44Z</time>
<speed>1.1</speed>
</trkpt>
<trkpt lat="48.850270" lon="8.920985">
<ele>403.9</ele>
<time>2020-07-23T21:03:49Z</time>
<speed>0.8</speed>
</trkpt>
<trkpt lat="48.850228" lon="8.921048">
<ele>402.7</ele>
<time>2020-07-23T21:03:54Z</time>
<speed>1.1</speed>
</trkpt>
<trkpt lat="48.850174" lon="8.921078">
<ele>404.0</ele>
<time>2020-07-23T21:03:59Z</time>
<speed>1.1</speed>
</trkpt>
<trkpt lat="48.850124" lon="8.921137">
<ele>404.9</ele>
<time>2020-07-23T21:04:04Z</time>
<speed>1.1</speed>
</trkpt>
<trkpt lat="48.850086" lon="8.921213">
<ele>404.5</ele>
<time>2020-07-23T21:04:09Z</time>
<speed>1.1</speed>
</trkpt>
<trkpt lat="48.850050" lon="8.921276">
<ele>404.1</ele>
<time>2020-07-23T21:04:14Z</time>
<speed>1.1</speed>
</trkpt>
<trkpt lat="48.849983" lon="8.921320">
<ele>404.0</ele>
<time>2020-07-23T21:04:19Z</time>
<speed>1.4</speed>
</trkpt>
<trkpt lat="48.849924" lon="8.921354">
<ele>401.7</ele>
<time>2020-07-23T21:04:24Z</time>
<speed>1.1</speed>
</trkpt>
<trkpt lat="48.849888" lon="8.921417">
<ele>401.3</ele>
<time>2020-07-23T21:04:29Z</time>
<speed>1.4</speed>
</trkpt>
<trkpt lat="48.849864" lon="8.921498">
<ele>399.6</ele>
<time>2020-07-23T21:04:34Z</time>
<speed>1.1</speed>
</trkpt>
<trkpt lat="48.849840" lon="8.921563">
<ele>399.3</ele>
<time>2020-07-23T21:04:39Z</time>
<speed>0.8</speed>
</trkpt>
<trkpt lat="48.849810" lon="8.921628">
<ele>398.2</ele>
<time>2020-07-23T21:04:44Z</time>
<speed>0.8</speed>
</trkpt>
<trkpt lat="48.849781" lon="8.921693">
<ele>397.1</ele>
<time>2020-07-23T21:04:49Z</time>
<speed>0.8</speed>
</trkpt>
<trkpt lat="48.849745" lon="8.921743">
<ele>396.5</ele>
<time>2020-07-23T21:04:54Z</time>
<speed>0.8</speed>
</trkpt>
<trkpt lat="48.849710" lon="8.921792">
<ele>396.0</ele>
<time>2020-07-23T21:04:59Z</time>
<speed>0.6</speed>
</trkpt>
<trkpt lat="48.849676" lon="8.921829">
<ele>395.3</ele>
<time>2020-07-23T21:05:04Z</time>
<speed>0.6</speed>
</trkpt>
<trkpt lat="48.849638" lon="8.921890">
<ele>396.3</ele>
<time>2020-07-23T21:05:09Z</time>
<speed>0.8</speed>
</trkpt>
<trkpt lat="48.849609" lon="8.921955">
<ele>395.2</ele>
<time>2020-07-23T21:05:14Z</time>
<speed>0.8</speed>
</trkpt>
<trkpt lat="48.849560" lon="8.922016">
<ele>394.6</ele>
<time>2020-07-23T21:05:19Z</time>
<speed>1.1</speed>
</trkpt>
<trkpt lat="48.849517" lon="8.922077">
<ele>394.8</ele>
<time>2020-07-23T21:05:24Z</time>
<speed>0.8</speed>
</trkpt>
<trkpt lat="48.849479" lon="8.922169">
<ele>393.2</ele>
<time>2020-07-23T21:05:29Z</time>
<speed>1.1</speed>
</trkpt>
<trkpt lat="48.849443" lon="8.922232">
<ele>392.7</ele>
<time>2020-07-23T21:05:34Z</time>
<speed>1.1</speed>
</trkpt>
<trkpt lat="48.849412" lon="8.922295">
<ele>393.0</ele>
<time>2020-07-23T21:05:39Z</time>
<speed>0.6</speed>
</trkpt>
<trkpt lat="48.849376" lon="8.922358">
<ele>392.6</ele>
<time>2020-07-23T21:05:44Z</time>
<speed>1.1</speed>
</trkpt>
<trkpt lat="48.849332" lon="8.922432">
<ele>392.9</ele>
<time>2020-07-23T21:05:49Z</time>
<speed>0.6</speed>
</trkpt>
<trkpt lat="48.849294" lon="8.922509">
<ele>392.6</ele>
<time>2020-07-23T21:05:54Z</time>
<speed>0.8</speed>
</trkpt>
<trkpt lat="48.849277" lon="8.922561">
<ele>392.9</ele>
<time>2020-07-23T21:05:59Z</time>
<speed>1.1</speed>
</trkpt>
<trkpt lat="48.849254" lon="8.922628">
<ele>391.1</ele>
<time>2020-07-23T21:06:04Z</time>
<speed>1.1</speed>
</trkpt>
<trkpt lat="48.849237" lon="8.922695">
<ele>390.1</ele>
<time>2020-07-23T21:06:09Z</time>
<speed>1.1</speed>
</trkpt>
<trkpt lat="48.849207" lon="8.922758">
<ele>390.4</ele>
<time>2020-07-23T21:06:14Z</time>
<speed>0.8</speed>
</trkpt>
<trkpt lat="48.849161" lon="8.922794">
<ele>388.3</ele>
<time>2020-07-23T21:06:19Z</time>
<speed>1.1</speed>
</trkpt>
<trkpt lat="48.849120" lon="8.922828">
<ele>388.3</ele>
<time>2020-07-23T21:06:24Z</time>
<speed>1.1</speed>
</trkpt>
<trkpt lat="48.849113" lon="8.922925">
<ele>387.6</ele>
<time>2020-07-23T21:06:29Z</time>
<speed>1.1</speed>
</trkpt>
<trkpt lat="48.849076" lon="8.923001">
<ele>387.2</ele>
<time>2020-07-23T21:06:34Z</time>
<speed>1.1</speed>
</trkpt>
<trkpt lat="48.849046" lon="8.923067">
<ele>386.1</ele>
<time>2020-07-23T21:06:39Z</time>
<speed>0.8</speed>
</trkpt>
<trkpt lat="48.849024" lon="8.923120">
<ele>384.3</ele>
<time>2020-07-23T21:06:44Z</time>
<speed>0.8</speed>
</trkpt>
<trkpt lat="48.848988" lon="8.923183">
<ele>383.8</ele>
<time>2020-07-23T21:06:49Z</time>
<speed>1.1</speed>
</trkpt>
<trkpt lat="48.848965" lon="8.923251">
<ele>382.1</ele>
<time>2020-07-23T21:06:54Z</time>
<speed>1.1</speed>
</trkpt>
<trkpt lat="48.848947" lon="8.923331">
<ele>381.2</ele>
<time>2020-07-23T21:06:59Z</time>
<speed>1.1</speed>
</trkpt>
<trkpt lat="48.848935" lon="8.923399">
<ele>380.9</ele>
<time>2020-07-23T21:07:04Z</time>
<speed>1.1</speed>
</trkpt>
<trkpt lat="48.848937" lon="8.923484">
<ele>379.5</ele>
<time>2020-07-23T21:07:09Z</time>
<speed>1.1</speed>
</trkpt>
<trkpt lat="48.848913" lon="8.923549">
<ele>379.2</ele>
<time>2020-07-23T21:07:14Z</time>
<speed>0.8</speed>
</trkpt>
<trkpt lat="48.848895" lon="8.923614">
<ele>379.6</ele>
<time>2020-07-23T21:07:19Z</time>
<speed>0.8</speed>
</trkpt>
<trkpt lat="48.848859" lon="8.923677">
<ele>379.1</ele>
<time>2020-07-23T21:07:24Z</time>
<speed>1.1</speed>
</trkpt>
<trkpt lat="48.848840" lon="8.923758">
<ele>378.2</ele>
<time>2020-07-23T21:07:29Z</time>
<speed>1.1</speed>
</trkpt>
<trkpt lat="48.848817" lon="8.923823">
<ele>377.9</ele>
<time>2020-07-23T21:07:34Z</time>
<speed>0.8</speed>
</trkpt>
<trkpt lat="48.848804" lon="8.923904">
<ele>377.7</ele>
<time>2020-07-23T21:07:39Z</time>
<speed>1.1</speed>
</trkpt>
<trkpt lat="48.848786" lon="8.923985">
<ele>376.8</ele>
<time>2020-07-23T21:07:44Z</time>
<speed>0.8</speed>
</trkpt>
<trkpt lat="48.848768" lon="8.924065">
<ele>375.9</ele>
<time>2020-07-23T21:07:49Z</time>
<speed>0.8</speed>
</trkpt>
<trkpt lat="48.848751" lon="8.924133">
<ele>374.9</ele>
<time>2020-07-23T21:07:54Z</time>
<speed>0.8</speed>
</trkpt>
<trkpt lat="48.848726" lon="8.924211">
<ele>374.7</ele>
<time>2020-07-23T21:07:59Z</time>
<speed>1.1</speed>
</trkpt>
<trkpt lat="48.848714" lon="8.924308">
<ele>373.3</ele>
<time>2020-07-23T21:08:04Z</time>
<speed>1.1</speed>
</trkpt>
<trkpt lat="48.848697" lon="8.924375">
<ele>372.3</ele>
<time>2020-07-23T21:08:09Z</time>
<speed>0.8</speed>
</trkpt>
<trkpt lat="48.848717" lon="8.924447">
<ele>373.0</ele>
<time>2020-07-23T21:08:14Z</time>
<speed>0.8</speed>
</trkpt>
<trkpt lat="48.848690" lon="8.924537">
<ele>374.2</ele>
<time>2020-07-23T21:08:19Z</time>
<speed>1.1</speed>
</trkpt>
<trkpt lat="48.848657" lon="8.924626">
<ele>374.8</ele>
<time>2020-07-23T21:08:24Z</time>
<speed>1.1</speed>
</trkpt>
<trkpt lat="48.848608" lon="8.924685">
<ele>375.6</ele>
<time>2020-07-23T21:08:29Z</time>
<speed>0.8</speed>
</trkpt>
<trkpt lat="48.848569" lon="8.924775">
<ele>375.4</ele>
<time>2020-07-23T21:08:34Z</time>
<speed>0.8</speed>
</trkpt>
<trkpt lat="48.848545" lon="8.924841">
<ele>375.0</ele>
<time>2020-07-23T21:08:39Z</time>
<speed>1.1</speed>
</trkpt>
<trkpt lat="48.848539" lon="8.924937">
<ele>374.3</ele>
<time>2020-07-23T21:08:44Z</time>
<speed>0.8</speed>
</trkpt>
<trkpt lat="48.848527" lon="8.925018">
<ele>374.2</ele>
<time>2020-07-23T21:08:49Z</time>
<speed>1.1</speed>
</trkpt>
<trkpt lat="48.848502" lon="8.925096">
<ele>373.9</ele>
<time>2020-07-23T21:08:54Z</time>
<speed>0.8</speed>
</trkpt>
<trkpt lat="48.848490" lon="8.925179">
<ele>372.4</ele>
<time>2020-07-23T21:08:59Z</time>
<speed>1.1</speed>
</trkpt>
<trkpt lat="48.848466" lon="8.925258">
<ele>372.2</ele>
<time>2020-07-23T21:09:04Z</time>
<speed>1.1</speed>
</trkpt>
<trkpt lat="48.848460" lon="8.925341">
<ele>371.4</ele>
<time>2020-07-23T21:09:09Z</time>
<speed>1.1</speed>
</trkpt>
<trkpt lat="48.848448" lon="8.925421">
<ele>371.2</ele>
<time>2020-07-23T21:09:14Z</time>
<speed>1.1</speed>
</trkpt>
<trkpt lat="48.848442" lon="8.925504">
<ele>370.4</ele>
<time>2020-07-23T21:09:19Z</time>
<speed>1.1</speed>
</trkpt>
<trkpt lat="48.848424" lon="8.925585">
<ele>369.5</ele>
<time>2020-07-23T21:09:24Z</time>
<speed>1.1</speed>
</trkpt>
<trkpt lat="48.848411" lon="8.925679">
<ele>369.5</ele>
<time>2020-07-23T21:09:29Z</time>
<speed>0.8</speed>
</trkpt>
<trkpt lat="48.848400" lon="8.925747">
<ele>369.3</ele>
<time>2020-07-23T21:09:34Z</time>
<speed>0.8</speed>
</trkpt>
<trkpt lat="48.848388" lon="8.925829">
<ele>367.7</ele>
<time>2020-07-23T21:09:39Z</time>
<speed>1.1</speed>
</trkpt>
<trkpt lat="48.848375" lon="8.925924">
<ele>367.7</ele>
<time>2020-07-23T21:09:44Z</time>
<speed>1.1</speed>
</trkpt>
<trkpt lat="48.848358" lon="8.925991">
<ele>366.7</ele>
<time>2020-07-23T21:09:49Z</time>
<speed>1.1</speed>
</trkpt>
<trkpt lat="48.848359" lon="8.926076">
<ele>365.2</ele>
<time>2020-07-23T21:09:54Z</time>
<speed>1.1</speed>
</trkpt>
<trkpt lat="48.848339" lon="8.926168">
<ele>365.9</ele>
<time>2020-07-23T21:09:59Z</time>
<speed>1.1</speed>
</trkpt>
<trkpt lat="48.848327" lon="8.926249">
<ele>365.7</ele>
<time>2020-07-23T21:10:04Z</time>
<speed>1.1</speed>
</trkpt>
<trkpt lat="48.848320" lon="8.926345">
<ele>365.0</ele>
<time>2020-07-23T21:10:09Z</time>
<speed>1.1</speed>
</trkpt>
<trkpt lat="48.848289" lon="8.926422">
<ele>365.4</ele>
<time>2020-07-23T21:10:14Z</time>
<speed>1.1</speed>
</trkpt>
<trkpt lat="48.848276" lon="8.926516">
<ele>365.4</ele>
<time>2020-07-23T21:10:19Z</time>
<speed>1.4</speed>
</trkpt>
<trkpt lat="48.848263" lon="8.926597">
<ele>365.3</ele>
<time>2020-07-23T21:10:24Z</time>
<speed>1.1</speed>
</trkpt>
<trkpt lat="48.848250" lon="8.926691">
<ele>365.2</ele>
<time>2020-07-23T21:10:29Z</time>
<speed>1.1</speed>
</trkpt>
<trkpt lat="48.848237" lon="8.926785">
<ele>365.2</ele>
<time>2020-07-23T21:10:34Z</time>
<speed>1.1</speed>
</trkpt>
<trkpt lat="48.848231" lon="8.926868">
<ele>364.4</ele>
<time>2020-07-23T21:10:39Z</time>
<speed>1.1</speed>
</trkpt>
<trkpt lat="48.848218" lon="8.926962">
<ele>364.4</ele>
<time>2020-07-23T21:10:44Z</time>
<speed>0.8</speed>
</trkpt>
<trkpt lat="48.848201" lon="8.927029">
<ele>363.4</ele>
<time>2020-07-23T21:10:49Z</time>
<speed>1.1</speed>
</trkpt>
<trkpt lat="48.848194" lon="8.927126">
<ele>362.7</ele>
<time>2020-07-23T21:10:54Z</time>
<speed>1.1</speed>
</trkpt>
<trkpt lat="48.848174" lon="8.927218">
<ele>363.3</ele>
<time>2020-07-23T21:10:59Z</time>
<speed>1.1</speed>
</trkpt>
<trkpt lat="48.848155" lon="8.927296">
<ele>363.8</ele>
<time>2020-07-23T21:11:04Z</time>
<speed>1.1</speed>
</trkpt>
<trkpt lat="48.848142" lon="8.927391">
<ele>363.8</ele>
<time>2020-07-23T21:11:09Z</time>
<speed>1.4</speed>
</trkpt>
<trkpt lat="48.848129" lon="8.927485">
<ele>363.7</ele>
<time>2020-07-23T21:11:14Z</time>
<speed>1.1</speed>
</trkpt>
<trkpt lat="48.848116" lon="8.927579">
<ele>363.7</ele>
<time>2020-07-23T21:11:19Z</time>
<speed>1.1</speed>
</trkpt>
<trkpt lat="48.848091" lon="8.927658">
<ele>363.4</ele>
<time>2020-07-23T21:11:24Z</time>
<speed>1.1</speed>
</trkpt>
<trkpt lat="48.848053" lon="8.927734">
<ele>363.1</ele>
<time>2020-07-23T21:11:29Z</time>
<speed>0.8</speed>
</trkpt>
<trkpt lat="48.848017" lon="8.927797">
<ele>362.6</ele>
<time>2020-07-23T21:11:34Z</time>
<speed>1.1</speed>
</trkpt>
<trkpt lat="48.847952" lon="8.927798">
<ele>363.6</ele>
<time>2020-07-23T21:11:39Z</time>
<speed>1.1</speed>
</trkpt>
<trkpt lat="48.847905" lon="8.927817">
<ele>364.2</ele>
<time>2020-07-23T21:11:44Z</time>
<speed>0.3</speed>
</trkpt>
<trkpt lat="48.847911" lon="8.927832">
<ele>363.6</ele>
<time>2020-07-23T21:11:49Z</time>
<speed>0.0</speed>
</trkpt>
<trkpt lat="48.847911" lon="8.927832">
<ele>363.6</ele>
<time>2020-07-23T21:11:54Z</time>
<speed>0.0</speed>
</trkpt>
<trkpt lat="48.847911" lon="8.927832">
<ele>363.6</ele>
<time>2020-07-23T21:11:59Z</time>
<speed>0.0</speed>
</trkpt>
<trkpt lat="48.847911" lon="8.927832">
<ele>363.6</ele>
<time>2020-07-23T21:12:04Z</time>
<speed>0.0</speed>
</trkpt>
<trkpt lat="48.847905" lon="8.927817">
<ele>364.2</ele>
<time>2020-07-23T21:12:09Z</time>
<speed>0.8</speed>
</trkpt>
<trkpt lat="48.847856" lon="8.927795">
<ele>363.7</ele>
<time>2020-07-23T21:12:14Z</time>
<speed>0.8</speed>
</trkpt>
<trkpt lat="48.847800" lon="8.927771">
<ele>363.8</ele>
<time>2020-07-23T21:12:19Z</time>
<speed>0.8</speed>
</trkpt>
<trkpt lat="48.847733" lon="8.927733">
<ele>362.3</ele>
<time>2020-07-23T21:12:24Z</time>
<speed>1.1</speed>
</trkpt>
<trkpt lat="48.847678" lon="8.927696">
<ele>362.4</ele>
<time>2020-07-23T21:12:29Z</time>
<speed>1.1</speed>
</trkpt>
<trkpt lat="48.847617" lon="8.927658">
<ele>361.6</ele>
<time>2020-07-23T21:12:34Z</time>
<speed>0.8</speed>
</trkpt>
<trkpt lat="48.847567" lon="8.927650">
<ele>361.2</ele>
<time>2020-07-23T21:12:39Z</time>
<speed>1.1</speed>
</trkpt>
<trkpt lat="48.847511" lon="8.927626">
<ele>361.4</ele>
<time>2020-07-23T21:12:44Z</time>
<speed>0.8</speed>
</trkpt>
<trkpt lat="48.847436" lon="8.927600">
<ele>360.6</ele>
<time>2020-07-23T21:12:49Z</time>
<speed>1.1</speed>
</trkpt>
<trkpt lat="48.847388" lon="8.927580">
<ele>358.7</ele>
<time>2020-07-23T21:12:54Z</time>
<speed>0.8</speed>
</trkpt>
<trkpt lat="48.847336" lon="8.927585">
<ele>358.4</ele>
<time>2020-07-23T21:12:59Z</time>
<speed>1.1</speed>
</trkpt>
<trkpt lat="48.847279" lon="8.927574">
<ele>358.7</ele>
<time>2020-07-23T21:13:04Z</time>
<speed>0.8</speed>
</trkpt>
<trkpt lat="48.847237" lon="8.927539">
<ele>358.8</ele>
<time>2020-07-23T21:13:09Z</time>
<speed>1.1</speed>
</trkpt>
<trkpt lat="48.847181" lon="8.927515">
<ele>358.9</ele>
<time>2020-07-23T21:13:14Z</time>
<speed>1.1</speed>
</trkpt>
<trkpt lat="48.847112" lon="8.927489">
<ele>359.0</ele>
<time>2020-07-23T21:13:19Z</time>
<speed>1.1</speed>
</trkpt>
<trkpt lat="48.847071" lon="8.927523">
<ele>359.0</ele>
<time>2020-07-23T21:13:24Z</time>
<speed>1.1</speed>
</trkpt>
<trkpt lat="48.847010" lon="8.927568">
<ele>358.2</ele>
<time>2020-07-23T21:13:29Z</time>
<speed>0.8</speed>
</trkpt>
<trkpt lat="48.846961" lon="8.927627">
<ele>359.1</ele>
<time>2020-07-23T21:13:34Z</time>
<speed>1.1</speed>
</trkpt>
<trkpt lat="48.846898" lon="8.927684">
<ele>359.8</ele>
<time>2020-07-23T21:13:39Z</time>
<speed>1.1</speed>
</trkpt>
<trkpt lat="48.846856" lon="8.927747">
<ele>358.6</ele>
<time>2020-07-23T21:13:44Z</time>
<speed>1.1</speed>
</trkpt>
<trkpt lat="48.846807" lon="8.927792">
<ele>359.4</ele>
<time>2020-07-23T21:13:49Z</time>
<speed>1.1</speed>
</trkpt>
<trkpt lat="48.846760" lon="8.927824">
<ele>360.0</ele>
<time>2020-07-23T21:13:54Z</time>
<speed>0.6</speed>
</trkpt>
<trkpt lat="48.846704" lon="8.927883">
<ele>360.1</ele>
<time>2020-07-23T21:13:59Z</time>
<speed>1.1</speed>
</trkpt>
<trkpt lat="48.846646" lon="8.927953">
<ele>361.7</ele>
<time>2020-07-23T21:14:04Z</time>
<speed>1.1</speed>
</trkpt>
<trkpt lat="48.846622" lon="8.928032">
<ele>361.5</ele>
<time>2020-07-23T21:14:09Z</time>
<speed>0.8</speed>
</trkpt>
<trkpt lat="48.846605" lon="8.928099">
<ele>360.5</ele>
<time>2020-07-23T21:14:14Z</time>
<speed>1.1</speed>
</trkpt>
<trkpt lat="48.846562" lon="8.928146">
<ele>360.6</ele>
<time>2020-07-23T21:14:19Z</time>
<speed>1.4</speed>
</trkpt>
<trkpt lat="48.846525" lon="8.928223">
<ele>360.2</ele>
<time>2020-07-23T21:14:24Z</time>
<speed>1.4</speed>
</trkpt>
<trkpt lat="48.846505" lon="8.928315">
<ele>360.8</ele>
<time>2020-07-23T21:14:29Z</time>
<speed>1.1</speed>
</trkpt>
<trkpt lat="48.846507" lon="8.928387">
<ele>359.3</ele>
<time>2020-07-23T21:14:34Z</time>
<speed>1.4</speed>
</trkpt>
<trkpt lat="48.846500" lon="8.928481">
<ele>360.0</ele>
<time>2020-07-23T21:14:39Z</time>
<speed>1.1</speed>
</trkpt>
<trkpt lat="48.846480" lon="8.928573">
<ele>360.6</ele>
<time>2020-07-23T21:14:44Z</time>
<speed>1.7</speed>
</trkpt>
<trkpt lat="48.846481" lon="8.928642">
<ele>360.5</ele>
<time>2020-07-23T21:14:49Z</time>
<speed>1.1</speed>
</trkpt>
<trkpt lat="48.846474" lon="8.928736">
<ele>361.2</ele>
<time>2020-07-23T21:14:54Z</time>
<speed>1.1</speed>
</trkpt>
<trkpt lat="48.846468" lon="8.928817">
<ele>361.8</ele>
<time>2020-07-23T21:14:59Z</time>
<speed>0.8</speed>
</trkpt>
<trkpt lat="48.846449" lon="8.928911">
<ele>361.0</ele>
<time>2020-07-23T21:15:04Z</time>
<speed>1.4</speed>
</trkpt>
<trkpt lat="48.846436" lon="8.928990">
<ele>362.3</ele>
<time>2020-07-23T21:15:09Z</time>
<speed>1.4</speed>
</trkpt>
<trkpt lat="48.846423" lon="8.929071">
<ele>362.1</ele>
<time>2020-07-23T21:15:14Z</time>
<speed>1.1</speed>
</trkpt>
<trkpt lat="48.846403" lon="8.929163">
<ele>362.8</ele>
<time>2020-07-23T21:15:19Z</time>
<speed>1.4</speed>
</trkpt>
<trkpt lat="48.846389" lon="8.929271">
<ele>362.8</ele>
<time>2020-07-23T21:15:24Z</time>
<speed>1.1</speed>
</trkpt>
<trkpt lat="48.846409" lon="8.929358">
<ele>362.2</ele>
<time>2020-07-23T21:15:29Z</time>
<speed>1.1</speed>
</trkpt>
<trkpt lat="48.846414" lon="8.929454">
<ele>363.1</ele>
<time>2020-07-23T21:15:34Z</time>
<speed>1.1</speed>
</trkpt>
<trkpt lat="48.846459" lon="8.929545">
<ele>362.7</ele>
<time>2020-07-23T21:15:39Z</time>
<speed>1.4</speed>
</trkpt>
<trkpt lat="48.846491" lon="8.929619">
<ele>363.5</ele>
<time>2020-07-23T21:15:44Z</time>
<speed>1.1</speed>
</trkpt>
<trkpt lat="48.846500" lon="8.929690">
<ele>362.7</ele>
<time>2020-07-23T21:15:49Z</time>
<speed>1.1</speed>
</trkpt>
<trkpt lat="48.846479" lon="8.929796">
<ele>363.4</ele>
<time>2020-07-23T21:15:54Z</time>
<speed>1.7</speed>
</trkpt>
<trkpt lat="48.846460" lon="8.929877">
<ele>362.5</ele>
<time>2020-07-23T21:15:59Z</time>
<speed>1.7</speed>
</trkpt>
<trkpt lat="48.846466" lon="8.929973">
<ele>363.3</ele>
<time>2020-07-23T21:16:04Z</time>
<speed>1.1</speed>
</trkpt>
<trkpt lat="48.846462" lon="8.930029">
<ele>362.4</ele>
<time>2020-07-23T21:16:09Z</time>
<speed>1.1</speed>
</trkpt>
<trkpt lat="48.846482" lon="8.930116">
<ele>361.8</ele>
<time>2020-07-23T21:16:14Z</time>
<speed>0.8</speed>
</trkpt>
<trkpt lat="48.846467" lon="8.930141">
<ele>361.9</ele>
<time>2020-07-23T21:16:19Z</time>
<speed>0.8</speed>
</trkpt>
<trkpt lat="48.846469" lon="8.930114">
<ele>361.7</ele>
<time>2020-07-23T21:16:24Z</time>
<speed>0.3</speed>
</trkpt>
</trkseg>
</trk>
<wpt lat="48.846560" lon="8.930102">
<ele>362.2</ele>
<time>2020-07-23T18:18:33Z</time>
<name>POI1</name>
<speed>0.0</speed>
</wpt>
</gpx>
