<?xml version="1.0" encoding="UTF-8" standalone="no" ?>
<gpx xmlns="http://www.topografix.com/GPX/1/1" xmlns:gpxtpx="http://www.garmin.com/xmlschemas/TrackPointExtension/v1" creator="OruxMaps v.7.2.7" version="1.1" xmlns:xsi="http://www.w3.org/2001/XMLSchema-instance" xsi:schemaLocation="http://www.topografix.com/GPX/1/1 http://www.topografix.com/GPX/1/1/gpx.xsd">
<metadata>
<name><![CDATA[02-17 08:34 Strecke Mariental]]></name>
<link href="http://www.oruxmaps.com">
<text>OruxMaps</text>
</link>
<time>2019-02-17T07:34:29Z</time><bounds maxlat="49.4032243" maxlon="9.1914462" minlat="49.3804977" minlon="9.1650163"/>
</metadata>
<wpt lat="49.3898022" lon="9.1747519">
<ele>198.49</ele>
<time>2019-02-17T07:56:31Z</time>
<name><![CDATA[Grottensteig Abzweig]]></name>
<sym>Waypoint</sym>
<type>Wegpunkt</type>
<extensions>
<om:oruxmapsextensions xmlns:om="http://www.oruxmaps.com/oruxmapsextensions/1/0">
<om:ext type="ICON" subtype="0">1</om:ext>
</om:oruxmapsextensions>
</extensions>
</wpt>
<wpt lat="49.3917887" lon="9.1735767">
<ele>199.81</ele>
<time>2019-02-17T08:00:16Z</time>
<name><![CDATA[Grottensteig Einmündung]]></name>
<sym>Waypoint</sym>
<type>Wegpunkt</type>
<extensions>
<om:oruxmapsextensions xmlns:om="http://www.oruxmaps.com/oruxmapsextensions/1/0">
<om:ext type="ICON" subtype="0">1</om:ext>
</om:oruxmapsextensions>
</extensions>
</wpt>
<trk>
<name><![CDATA[02-17 08:34 Strecke Mariental]]></name>
<desc><![CDATA[<p>Startzeit: 02/17/2019 08:34<br/>Zielzeit: 02/17/2019 10:40<br/>Strecke: 10,1 km (02:06)<br/>Bewegungszeit: 01:54<br/>Ø-Geschwindigkeit: 4,8 km/h<br/>Netto-Geschwindigkeit: 5,31 km/h<br/>Max. Geschwindigkeit: 10,48 km/h<br/>Minimale Höhe: 177 m<br/>Maximale Höhe: 317 m<br/>Steig-Geschw.: 211,7 m/h<br/>Sink-Geschw.: -236,9 m/h<br/>Aufstieg: 228 m<br/>Abstieg: -221 m<br/>Steigzeit: 01:04<br/>Sinkzeit: 00:56<br/></p><hr align="center" width="480" style="height: 2px; width: 517px"/>]]></desc>
<type>Lauf/ Laufen</type>
<extensions>
<om:oruxmapsextensions xmlns:om="http://www.oruxmaps.com/oruxmapsextensions/1/0">
<om:ext type="TYPE" subtype="0">9</om:ext>
<om:ext type="DIFFICULTY">0</om:ext>
</om:oruxmapsextensions>
</extensions>
<trkseg>
<trkpt lat="49.3850490" lon="9.1914462">
<ele>179.41</ele>
<time>2019-02-17T07:34:31Z</time>
</trkpt>
<trkpt lat="49.3850979" lon="9.1914267">
<ele>180.40</ele>
<time>2019-02-17T07:35:04Z</time>
</trkpt>
<trkpt lat="49.3851481" lon="9.1913777">
<ele>181.10</ele>
<time>2019-02-17T07:35:09Z</time>
</trkpt>
<trkpt lat="49.3851983" lon="9.1913232">
<ele>182.29</ele>
<time>2019-02-17T07:35:14Z</time>
</trkpt>
<trkpt lat="49.3852568" lon="9.1912666">
<ele>182.67</ele>
<time>2019-02-17T07:35:20Z</time>
</trkpt>
<trkpt lat="49.3853058" lon="9.1912287">
<ele>183.13</ele>
<time>2019-02-17T07:35:24Z</time>
</trkpt>
<trkpt lat="49.3853503" lon="9.1911727">
<ele>183.38</ele>
<time>2019-02-17T07:35:28Z</time>
</trkpt>
<trkpt lat="49.3853964" lon="9.1911811">
<ele>183.40</ele>
<time>2019-02-17T07:35:32Z</time>
</trkpt>
<trkpt lat="49.3854427" lon="9.1911499">
<ele>185.71</ele>
<time>2019-02-17T07:35:36Z</time>
</trkpt>
<trkpt lat="49.3854998" lon="9.1911134">
<ele>187.95</ele>
<time>2019-02-17T07:35:40Z</time>
</trkpt>
<trkpt lat="49.3855530" lon="9.1910700">
<ele>188.57</ele>
<time>2019-02-17T07:35:44Z</time>
</trkpt>
<trkpt lat="49.3855900" lon="9.1909772">
<ele>189.12</ele>
<time>2019-02-17T07:35:48Z</time>
</trkpt>
<trkpt lat="49.3856334" lon="9.1909555">
<ele>188.47</ele>
<time>2019-02-17T07:35:52Z</time>
</trkpt>
<trkpt lat="49.3856739" lon="9.1909132">
<ele>188.41</ele>
<time>2019-02-17T07:35:56Z</time>
</trkpt>
<trkpt lat="49.3857099" lon="9.1908666">
<ele>188.40</ele>
<time>2019-02-17T07:35:58Z</time>
</trkpt>
<trkpt lat="49.3857466" lon="9.1908091">
<ele>187.70</ele>
<time>2019-02-17T07:36:00Z</time>
</trkpt>
<trkpt lat="49.3857924" lon="9.1907313">
<ele>184.00</ele>
<time>2019-02-17T07:36:04Z</time>
</trkpt>
<trkpt lat="49.3858304" lon="9.1906484">
<ele>182.55</ele>
<time>2019-02-17T07:36:08Z</time>
</trkpt>
<trkpt lat="49.3858681" lon="9.1905750">
<ele>183.40</ele>
<time>2019-02-17T07:36:26Z</time>
</trkpt>
<trkpt lat="49.3859211" lon="9.1904958">
<ele>182.70</ele>
<time>2019-02-17T07:36:30Z</time>
</trkpt>
<trkpt lat="49.3859612" lon="9.1904343">
<ele>180.82</ele>
<time>2019-02-17T07:36:34Z</time>
</trkpt>
<trkpt lat="49.3860041" lon="9.1903228">
<ele>182.05</ele>
<time>2019-02-17T07:36:39Z</time>
</trkpt>
<trkpt lat="49.3860537" lon="9.1902455">
<ele>181.25</ele>
<time>2019-02-17T07:36:43Z</time>
</trkpt>
<trkpt lat="49.3861091" lon="9.1901867">
<ele>183.21</ele>
<time>2019-02-17T07:36:47Z</time>
</trkpt>
<trkpt lat="49.3861206" lon="9.1901089">
<ele>183.60</ele>
<time>2019-02-17T07:36:51Z</time>
</trkpt>
<trkpt lat="49.3861779" lon="9.1900588">
<ele>182.72</ele>
<time>2019-02-17T07:36:55Z</time>
</trkpt>
<trkpt lat="49.3862207" lon="9.1899808">
<ele>181.50</ele>
<time>2019-02-17T07:37:01Z</time>
</trkpt>
<trkpt lat="49.3862612" lon="9.1899138">
<ele>180.92</ele>
<time>2019-02-17T07:37:05Z</time>
</trkpt>
<trkpt lat="49.3863050" lon="9.1898295">
<ele>182.06</ele>
<time>2019-02-17T07:37:09Z</time>
</trkpt>
<trkpt lat="49.3863505" lon="9.1897638">
<ele>180.45</ele>
<time>2019-02-17T07:37:15Z</time>
</trkpt>
<trkpt lat="49.3863752" lon="9.1896880">
<ele>182.65</ele>
<time>2019-02-17T07:37:21Z</time>
</trkpt>
<trkpt lat="49.3864220" lon="9.1896298">
<ele>183.34</ele>
<time>2019-02-17T07:37:25Z</time>
</trkpt>
<trkpt lat="49.3864601" lon="9.1895707">
<ele>182.49</ele>
<time>2019-02-17T07:37:29Z</time>
</trkpt>
<trkpt lat="49.3865095" lon="9.1895023">
<ele>184.02</ele>
<time>2019-02-17T07:37:35Z</time>
</trkpt>
<trkpt lat="49.3865539" lon="9.1894484">
<ele>183.46</ele>
<time>2019-02-17T07:37:39Z</time>
</trkpt>
<trkpt lat="49.3865801" lon="9.1893844">
<ele>182.01</ele>
<time>2019-02-17T07:37:43Z</time>
</trkpt>
<trkpt lat="49.3865908" lon="9.1893154">
<ele>182.37</ele>
<time>2019-02-17T07:37:47Z</time>
</trkpt>
<trkpt lat="49.3865662" lon="9.1892544">
<ele>182.77</ele>
<time>2019-02-17T07:38:11Z</time>
</trkpt>
<trkpt lat="49.3865414" lon="9.1891783">
<ele>181.22</ele>
<time>2019-02-17T07:38:17Z</time>
</trkpt>
<trkpt lat="49.3865256" lon="9.1890858">
<ele>180.36</ele>
<time>2019-02-17T07:38:23Z</time>
</trkpt>
<trkpt lat="49.3865040" lon="9.1890068">
<ele>181.80</ele>
<time>2019-02-17T07:38:27Z</time>
</trkpt>
<trkpt lat="49.3864954" lon="9.1889229">
<ele>182.56</ele>
<time>2019-02-17T07:38:31Z</time>
</trkpt>
<trkpt lat="49.3864794" lon="9.1888402">
<ele>182.63</ele>
<time>2019-02-17T07:38:35Z</time>
</trkpt>
<trkpt lat="49.3864856" lon="9.1887395">
<ele>182.42</ele>
<time>2019-02-17T07:38:39Z</time>
</trkpt>
<trkpt lat="49.3864657" lon="9.1886712">
<ele>181.70</ele>
<time>2019-02-17T07:38:43Z</time>
</trkpt>
<trkpt lat="49.3864534" lon="9.1885953">
<ele>182.83</ele>
<time>2019-02-17T07:38:47Z</time>
</trkpt>
<trkpt lat="49.3864437" lon="9.1885121">
<ele>184.75</ele>
<time>2019-02-17T07:38:51Z</time>
</trkpt>
<trkpt lat="49.3864396" lon="9.1884375">
<ele>186.04</ele>
<time>2019-02-17T07:38:55Z</time>
</trkpt>
<trkpt lat="49.3864261" lon="9.1883506">
<ele>186.37</ele>
<time>2019-02-17T07:38:59Z</time>
</trkpt>
<trkpt lat="49.3864009" lon="9.1882441">
<ele>185.70</ele>
<time>2019-02-17T07:39:03Z</time>
</trkpt>
<trkpt lat="49.3863778" lon="9.1881643">
<ele>184.77</ele>
<time>2019-02-17T07:39:09Z</time>
</trkpt>
<trkpt lat="49.3863522" lon="9.1880761">
<ele>185.35</ele>
<time>2019-02-17T07:39:13Z</time>
</trkpt>
<trkpt lat="49.3863202" lon="9.1879909">
<ele>184.49</ele>
<time>2019-02-17T07:39:17Z</time>
</trkpt>
<trkpt lat="49.3862941" lon="9.1879224">
<ele>185.11</ele>
<time>2019-02-17T07:39:21Z</time>
</trkpt>
<trkpt lat="49.3862963" lon="9.1878252">
<ele>183.77</ele>
<time>2019-02-17T07:39:25Z</time>
</trkpt>
<trkpt lat="49.3862793" lon="9.1877388">
<ele>184.14</ele>
<time>2019-02-17T07:39:29Z</time>
</trkpt>
<trkpt lat="49.3862959" lon="9.1876710">
<ele>184.38</ele>
<time>2019-02-17T07:39:33Z</time>
</trkpt>
<trkpt lat="49.3862909" lon="9.1875867">
<ele>186.71</ele>
<time>2019-02-17T07:39:37Z</time>
</trkpt>
<trkpt lat="49.3862849" lon="9.1874901">
<ele>186.43</ele>
<time>2019-02-17T07:39:41Z</time>
</trkpt>
<trkpt lat="49.3863009" lon="9.1873982">
<ele>186.83</ele>
<time>2019-02-17T07:39:45Z</time>
</trkpt>
<trkpt lat="49.3862773" lon="9.1872970">
<ele>187.35</ele>
<time>2019-02-17T07:39:49Z</time>
</trkpt>
<trkpt lat="49.3862676" lon="9.1872101">
<ele>187.61</ele>
<time>2019-02-17T07:39:53Z</time>
</trkpt>
<trkpt lat="49.3862603" lon="9.1871150">
<ele>186.02</ele>
<time>2019-02-17T07:39:57Z</time>
</trkpt>
<trkpt lat="49.3862844" lon="9.1870335">
<ele>184.55</ele>
<time>2019-02-17T07:40:01Z</time>
</trkpt>
<trkpt lat="49.3863124" lon="9.1869540">
<ele>184.42</ele>
<time>2019-02-17T07:40:05Z</time>
</trkpt>
<trkpt lat="49.3863306" lon="9.1868794">
<ele>183.49</ele>
<time>2019-02-17T07:40:09Z</time>
</trkpt>
<trkpt lat="49.3863513" lon="9.1867993">
<ele>185.23</ele>
<time>2019-02-17T07:40:13Z</time>
</trkpt>
<trkpt lat="49.3863555" lon="9.1867082">
<ele>187.42</ele>
<time>2019-02-17T07:40:17Z</time>
</trkpt>
<trkpt lat="49.3863747" lon="9.1866343">
<ele>187.19</ele>
<time>2019-02-17T07:40:21Z</time>
</trkpt>
<trkpt lat="49.3864185" lon="9.1865279">
<ele>184.93</ele>
<time>2019-02-17T07:40:30Z</time>
</trkpt>
<trkpt lat="49.3864382" lon="9.1864458">
<ele>185.57</ele>
<time>2019-02-17T07:40:34Z</time>
</trkpt>
<trkpt lat="49.3864778" lon="9.1863518">
<ele>187.03</ele>
<time>2019-02-17T07:40:39Z</time>
</trkpt>
<trkpt lat="49.3865103" lon="9.1862870">
<ele>187.37</ele>
<time>2019-02-17T07:40:43Z</time>
</trkpt>
<trkpt lat="49.3865444" lon="9.1862270">
<ele>187.40</ele>
<time>2019-02-17T07:40:47Z</time>
</trkpt>
<trkpt lat="49.3865693" lon="9.1861561">
<ele>187.40</ele>
<time>2019-02-17T07:40:51Z</time>
</trkpt>
<trkpt lat="49.3865965" lon="9.1860846">
<ele>187.40</ele>
<time>2019-02-17T07:40:55Z</time>
</trkpt>
<trkpt lat="49.3865961" lon="9.1859976">
<ele>187.40</ele>
<time>2019-02-17T07:40:59Z</time>
</trkpt>
<trkpt lat="49.3865618" lon="9.1859370">
<ele>188.10</ele>
<time>2019-02-17T07:41:03Z</time>
</trkpt>
<trkpt lat="49.3865200" lon="9.1858519">
<ele>188.38</ele>
<time>2019-02-17T07:41:07Z</time>
</trkpt>
<trkpt lat="49.3864699" lon="9.1858202">
<ele>189.10</ele>
<time>2019-02-17T07:41:11Z</time>
</trkpt>
<trkpt lat="49.3864177" lon="9.1857888">
<ele>189.38</ele>
<time>2019-02-17T07:41:15Z</time>
</trkpt>
<trkpt lat="49.3863821" lon="9.1857157">
<ele>189.19</ele>
<time>2019-02-17T07:41:21Z</time>
</trkpt>
<trkpt lat="49.3863166" lon="9.1857242">
<ele>189.38</ele>
<time>2019-02-17T07:41:25Z</time>
</trkpt>
<trkpt lat="49.3862648" lon="9.1856774">
<ele>188.70</ele>
<time>2019-02-17T07:41:29Z</time>
</trkpt>
<trkpt lat="49.3861951" lon="9.1856656">
<ele>189.34</ele>
<time>2019-02-17T07:41:33Z</time>
</trkpt>
<trkpt lat="49.3861285" lon="9.1856682">
<ele>190.10</ele>
<time>2019-02-17T07:41:37Z</time>
</trkpt>
<trkpt lat="49.3860858" lon="9.1856377">
<ele>190.87</ele>
<time>2019-02-17T07:41:41Z</time>
</trkpt>
<trkpt lat="49.3860521" lon="9.1855585">
<ele>191.35</ele>
<time>2019-02-17T07:41:45Z</time>
</trkpt>
<trkpt lat="49.3859943" lon="9.1854879">
<ele>191.64</ele>
<time>2019-02-17T07:42:09Z</time>
</trkpt>
<trkpt lat="49.3859357" lon="9.1854731">
<ele>192.54</ele>
<time>2019-02-17T07:42:13Z</time>
</trkpt>
<trkpt lat="49.3859015" lon="9.1853976">
<ele>190.60</ele>
<time>2019-02-17T07:42:17Z</time>
</trkpt>
<trkpt lat="49.3858413" lon="9.1853655">
<ele>187.90</ele>
<time>2019-02-17T07:42:21Z</time>
</trkpt>
<trkpt lat="49.3857839" lon="9.1853021">
<ele>189.06</ele>
<time>2019-02-17T07:42:25Z</time>
</trkpt>
<trkpt lat="49.3857564" lon="9.1852439">
<ele>189.58</ele>
<time>2019-02-17T07:42:29Z</time>
</trkpt>
<trkpt lat="49.3857001" lon="9.1851907">
<ele>190.17</ele>
<time>2019-02-17T07:42:35Z</time>
</trkpt>
<trkpt lat="49.3856672" lon="9.1851268">
<ele>191.78</ele>
<time>2019-02-17T07:42:39Z</time>
</trkpt>
<trkpt lat="49.3856169" lon="9.1850831">
<ele>191.44</ele>
<time>2019-02-17T07:42:43Z</time>
</trkpt>
<trkpt lat="49.3855689" lon="9.1850254">
<ele>192.11</ele>
<time>2019-02-17T07:42:47Z</time>
</trkpt>
<trkpt lat="49.3855311" lon="9.1849580">
<ele>193.78</ele>
<time>2019-02-17T07:42:51Z</time>
</trkpt>
<trkpt lat="49.3854973" lon="9.1849048">
<ele>192.74</ele>
<time>2019-02-17T07:42:55Z</time>
</trkpt>
<trkpt lat="49.3854565" lon="9.1848507">
<ele>191.52</ele>
<time>2019-02-17T07:42:59Z</time>
</trkpt>
<trkpt lat="49.3854078" lon="9.1847938">
<ele>190.71</ele>
<time>2019-02-17T07:43:03Z</time>
</trkpt>
<trkpt lat="49.3853711" lon="9.1847294">
<ele>190.22</ele>
<time>2019-02-17T07:43:07Z</time>
</trkpt>
<trkpt lat="49.3853348" lon="9.1846852">
<ele>189.69</ele>
<time>2019-02-17T07:43:11Z</time>
</trkpt>
<trkpt lat="49.3853292" lon="9.1846158">
<ele>189.92</ele>
<time>2019-02-17T07:43:15Z</time>
</trkpt>
<trkpt lat="49.3853218" lon="9.1845256">
<ele>189.69</ele>
<time>2019-02-17T07:43:21Z</time>
</trkpt>
<trkpt lat="49.3853209" lon="9.1844392">
<ele>190.13</ele>
<time>2019-02-17T07:43:25Z</time>
</trkpt>
<trkpt lat="49.3853321" lon="9.1843641">
<ele>191.29</ele>
<time>2019-02-17T07:43:29Z</time>
</trkpt>
<trkpt lat="49.3853338" lon="9.1842816">
<ele>191.39</ele>
<time>2019-02-17T07:43:33Z</time>
</trkpt>
<trkpt lat="49.3853372" lon="9.1842068">
<ele>191.61</ele>
<time>2019-02-17T07:43:37Z</time>
</trkpt>
<trkpt lat="49.3853431" lon="9.1841354">
<ele>192.12</ele>
<time>2019-02-17T07:43:41Z</time>
</trkpt>
<trkpt lat="49.3853563" lon="9.1840497">
<ele>192.38</ele>
<time>2019-02-17T07:43:45Z</time>
</trkpt>
<trkpt lat="49.3853675" lon="9.1839688">
<ele>192.40</ele>
<time>2019-02-17T07:43:49Z</time>
</trkpt>
<trkpt lat="49.3853760" lon="9.1838822">
<ele>193.31</ele>
<time>2019-02-17T07:43:53Z</time>
</trkpt>
<trkpt lat="49.3853857" lon="9.1838054">
<ele>193.39</ele>
<time>2019-02-17T07:43:57Z</time>
</trkpt>
<trkpt lat="49.3853966" lon="9.1837239">
<ele>193.40</ele>
<time>2019-02-17T07:44:01Z</time>
</trkpt>
<trkpt lat="49.3854026" lon="9.1836412">
<ele>192.49</ele>
<time>2019-02-17T07:44:05Z</time>
</trkpt>
<trkpt lat="49.3854134" lon="9.1835627">
<ele>192.41</ele>
<time>2019-02-17T07:44:09Z</time>
</trkpt>
<trkpt lat="49.3854225" lon="9.1834779">
<ele>193.31</ele>
<time>2019-02-17T07:44:13Z</time>
</trkpt>
<trkpt lat="49.3854369" lon="9.1833990">
<ele>193.39</ele>
<time>2019-02-17T07:44:17Z</time>
</trkpt>
<trkpt lat="49.3854604" lon="9.1833191">
<ele>193.40</ele>
<time>2019-02-17T07:44:21Z</time>
</trkpt>
<trkpt lat="49.3854707" lon="9.1832387">
<ele>193.40</ele>
<time>2019-02-17T07:44:25Z</time>
</trkpt>
<trkpt lat="49.3854871" lon="9.1831493">
<ele>194.31</ele>
<time>2019-02-17T07:44:29Z</time>
</trkpt>
<trkpt lat="49.3855063" lon="9.1830580">
<ele>193.69</ele>
<time>2019-02-17T07:44:33Z</time>
</trkpt>
<trkpt lat="49.3855102" lon="9.1829633">
<ele>193.68</ele>
<time>2019-02-17T07:44:39Z</time>
</trkpt>
<trkpt lat="49.3854978" lon="9.1828869">
<ele>193.43</ele>
<time>2019-02-17T07:44:43Z</time>
</trkpt>
<trkpt lat="49.3855037" lon="9.1827787">
<ele>197.05</ele>
<time>2019-02-17T07:44:47Z</time>
</trkpt>
<trkpt lat="49.3855102" lon="9.1827072">
<ele>199.89</ele>
<time>2019-02-17T07:44:51Z</time>
</trkpt>
<trkpt lat="49.3855172" lon="9.1826106">
<ele>200.36</ele>
<time>2019-02-17T07:44:55Z</time>
</trkpt>
<trkpt lat="49.3854940" lon="9.1825279">
<ele>199.49</ele>
<time>2019-02-17T07:44:59Z</time>
</trkpt>
<trkpt lat="49.3854610" lon="9.1824642">
<ele>199.41</ele>
<time>2019-02-17T07:45:03Z</time>
</trkpt>
<trkpt lat="49.3854349" lon="9.1824028">
<ele>198.70</ele>
<time>2019-02-17T07:45:07Z</time>
</trkpt>
<trkpt lat="49.3854284" lon="9.1823103">
<ele>197.45</ele>
<time>2019-02-17T07:45:11Z</time>
</trkpt>
<trkpt lat="49.3854052" lon="9.1822427">
<ele>198.27</ele>
<time>2019-02-17T07:45:19Z</time>
</trkpt>
<trkpt lat="49.3853778" lon="9.1821517">
<ele>198.10</ele>
<time>2019-02-17T07:46:09Z</time>
</trkpt>
<trkpt lat="49.3853530" lon="9.1820884">
<ele>199.37</ele>
<time>2019-02-17T07:46:15Z</time>
</trkpt>
<trkpt lat="49.3853322" lon="9.1819876">
<ele>201.29</ele>
<time>2019-02-17T07:46:21Z</time>
</trkpt>
<trkpt lat="49.3853239" lon="9.1819022">
<ele>201.39</ele>
<time>2019-02-17T07:46:25Z</time>
</trkpt>
<trkpt lat="49.3853142" lon="9.1818313">
<ele>201.40</ele>
<time>2019-02-17T07:46:29Z</time>
</trkpt>
<trkpt lat="49.3853068" lon="9.1817577">
<ele>202.10</ele>
<time>2019-02-17T07:46:33Z</time>
</trkpt>
<trkpt lat="49.3853011" lon="9.1816709">
<ele>202.38</ele>
<time>2019-02-17T07:46:37Z</time>
</trkpt>
<trkpt lat="49.3852972" lon="9.1815823">
<ele>202.40</ele>
<time>2019-02-17T07:46:41Z</time>
</trkpt>
<trkpt lat="49.3852997" lon="9.1815002">
<ele>201.70</ele>
<time>2019-02-17T07:46:45Z</time>
</trkpt>
<trkpt lat="49.3853069" lon="9.1814112">
<ele>201.64</ele>
<time>2019-02-17T07:46:49Z</time>
</trkpt>
<trkpt lat="49.3853189" lon="9.1813182">
<ele>200.51</ele>
<time>2019-02-17T07:46:53Z</time>
</trkpt>
<trkpt lat="49.3853378" lon="9.1812406">
<ele>199.50</ele>
<time>2019-02-17T07:46:57Z</time>
</trkpt>
<trkpt lat="49.3853432" lon="9.1811505">
<ele>199.62</ele>
<time>2019-02-17T07:47:01Z</time>
</trkpt>
<trkpt lat="49.3853609" lon="9.1810608">
<ele>199.42</ele>
<time>2019-02-17T07:47:05Z</time>
</trkpt>
<trkpt lat="49.3853837" lon="9.1809706">
<ele>200.31</ele>
<time>2019-02-17T07:47:09Z</time>
</trkpt>
<trkpt lat="49.3854018" lon="9.1808960">
<ele>200.40</ele>
<time>2019-02-17T07:47:13Z</time>
</trkpt>
<trkpt lat="49.3854335" lon="9.1808017">
<ele>202.50</ele>
<time>2019-02-17T07:47:17Z</time>
</trkpt>
<trkpt lat="49.3854640" lon="9.1807262">
<ele>200.38</ele>
<time>2019-02-17T07:47:21Z</time>
</trkpt>
<trkpt lat="49.3855100" lon="9.1806470">
<ele>202.01</ele>
<time>2019-02-17T07:47:25Z</time>
</trkpt>
<trkpt lat="49.3855452" lon="9.1805696">
<ele>201.46</ele>
<time>2019-02-17T07:47:29Z</time>
</trkpt>
<trkpt lat="49.3855955" lon="9.1804944">
<ele>201.40</ele>
<time>2019-02-17T07:47:35Z</time>
</trkpt>
<trkpt lat="49.3856342" lon="9.1804314">
<ele>200.98</ele>
<time>2019-02-17T07:47:39Z</time>
</trkpt>
<trkpt lat="49.3856782" lon="9.1803443">
<ele>200.04</ele>
<time>2019-02-17T07:47:43Z</time>
</trkpt>
<trkpt lat="49.3857293" lon="9.1802966">
<ele>200.58</ele>
<time>2019-02-17T07:47:47Z</time>
</trkpt>
<trkpt lat="49.3857825" lon="9.1802349">
<ele>201.12</ele>
<time>2019-02-17T07:47:51Z</time>
</trkpt>
<trkpt lat="49.3858401" lon="9.1802099">
<ele>200.68</ele>
<time>2019-02-17T07:47:55Z</time>
</trkpt>
<trkpt lat="49.3858958" lon="9.1801839">
<ele>200.43</ele>
<time>2019-02-17T07:47:59Z</time>
</trkpt>
<trkpt lat="49.3859443" lon="9.1801532">
<ele>199.71</ele>
<time>2019-02-17T07:48:03Z</time>
</trkpt>
<trkpt lat="49.3859900" lon="9.1801219">
<ele>199.43</ele>
<time>2019-02-17T07:48:07Z</time>
</trkpt>
<trkpt lat="49.3860327" lon="9.1800911">
<ele>199.99</ele>
<time>2019-02-17T07:48:17Z</time>
</trkpt>
<trkpt lat="49.3861197" lon="9.1800606">
<ele>199.46</ele>
<time>2019-02-17T07:48:23Z</time>
</trkpt>
<trkpt lat="49.3861681" lon="9.1800462">
<ele>196.89</ele>
<time>2019-02-17T07:48:27Z</time>
</trkpt>
<trkpt lat="49.3862180" lon="9.1800327">
<ele>195.05</ele>
<time>2019-02-17T07:48:31Z</time>
</trkpt>
<trkpt lat="49.3862782" lon="9.1799966">
<ele>190.99</ele>
<time>2019-02-17T07:48:37Z</time>
</trkpt>
<trkpt lat="49.3863358" lon="9.1799744">
<ele>191.37</ele>
<time>2019-02-17T07:48:41Z</time>
</trkpt>
<trkpt lat="49.3863785" lon="9.1799293">
<ele>192.10</ele>
<time>2019-02-17T07:48:45Z</time>
</trkpt>
<trkpt lat="49.3864252" lon="9.1798981">
<ele>193.78</ele>
<time>2019-02-17T07:48:49Z</time>
</trkpt>
<trkpt lat="49.3864840" lon="9.1798739">
<ele>195.47</ele>
<time>2019-02-17T07:48:53Z</time>
</trkpt>
<trkpt lat="49.3865288" lon="9.1798415">
<ele>193.80</ele>
<time>2019-02-17T07:48:57Z</time>
</trkpt>
<trkpt lat="49.3865934" lon="9.1798248">
<ele>192.74</ele>
<time>2019-02-17T07:49:01Z</time>
</trkpt>
<trkpt lat="49.3866495" lon="9.1798503">
<ele>189.71</ele>
<time>2019-02-17T07:49:18Z</time>
</trkpt>
<trkpt lat="49.3866831" lon="9.1798040">
<ele>190.20</ele>
<time>2019-02-17T07:49:21Z</time>
</trkpt>
<trkpt lat="49.3867356" lon="9.1797710">
<ele>191.08</ele>
<time>2019-02-17T07:49:26Z</time>
</trkpt>
<trkpt lat="49.3867875" lon="9.1797004">
<ele>188.60</ele>
<time>2019-02-17T07:49:32Z</time>
</trkpt>
<trkpt lat="49.3868391" lon="9.1796667">
<ele>188.42</ele>
<time>2019-02-17T07:49:36Z</time>
</trkpt>
<trkpt lat="49.3869057" lon="9.1796373">
<ele>187.07</ele>
<time>2019-02-17T07:49:42Z</time>
</trkpt>
<trkpt lat="49.3869521" lon="9.1796310">
<ele>185.76</ele>
<time>2019-02-17T07:49:46Z</time>
</trkpt>
<trkpt lat="49.3870025" lon="9.1796327">
<ele>185.44</ele>
<time>2019-02-17T07:49:50Z</time>
</trkpt>
<trkpt lat="49.3870638" lon="9.1796025">
<ele>185.41</ele>
<time>2019-02-17T07:49:54Z</time>
</trkpt>
<trkpt lat="49.3871035" lon="9.1795213">
<ele>185.40</ele>
<time>2019-02-17T07:49:58Z</time>
</trkpt>
<trkpt lat="49.3871391" lon="9.1794518">
<ele>187.29</ele>
<time>2019-02-17T07:50:04Z</time>
</trkpt>
<trkpt lat="49.3871878" lon="9.1794272">
<ele>189.49</ele>
<time>2019-02-17T07:50:08Z</time>
</trkpt>
<trkpt lat="49.3872482" lon="9.1793946">
<ele>190.11</ele>
<time>2019-02-17T07:50:12Z</time>
</trkpt>
<trkpt lat="49.3872942" lon="9.1793488">
<ele>191.08</ele>
<time>2019-02-17T07:50:16Z</time>
</trkpt>
<trkpt lat="49.3873434" lon="9.1792770">
<ele>189.97</ele>
<time>2019-02-17T07:50:20Z</time>
</trkpt>
<trkpt lat="49.3874113" lon="9.1792320">
<ele>189.36</ele>
<time>2019-02-17T07:50:26Z</time>
</trkpt>
<trkpt lat="49.3874652" lon="9.1791645">
<ele>189.40</ele>
<time>2019-02-17T07:50:30Z</time>
</trkpt>
<trkpt lat="49.3875314" lon="9.1791062">
<ele>188.49</ele>
<time>2019-02-17T07:50:34Z</time>
</trkpt>
<trkpt lat="49.3875915" lon="9.1790737">
<ele>185.40</ele>
<time>2019-02-17T07:50:38Z</time>
</trkpt>
<trkpt lat="49.3876306" lon="9.1790045">
<ele>184.28</ele>
<time>2019-02-17T07:50:42Z</time>
</trkpt>
<trkpt lat="49.3876884" lon="9.1789547">
<ele>186.91</ele>
<time>2019-02-17T07:50:46Z</time>
</trkpt>
<trkpt lat="49.3877209" lon="9.1788980">
<ele>187.85</ele>
<time>2019-02-17T07:50:50Z</time>
</trkpt>
<trkpt lat="49.3877479" lon="9.1788360">
<ele>189.05</ele>
<time>2019-02-17T07:50:54Z</time>
</trkpt>
<trkpt lat="49.3877835" lon="9.1787721">
<ele>192.17</ele>
<time>2019-02-17T07:50:58Z</time>
</trkpt>
<trkpt lat="49.3878275" lon="9.1787215">
<ele>192.38</ele>
<time>2019-02-17T07:51:02Z</time>
</trkpt>
<trkpt lat="49.3878747" lon="9.1786841">
<ele>190.73</ele>
<time>2019-02-17T07:51:08Z</time>
</trkpt>
<trkpt lat="49.3879129" lon="9.1786081">
<ele>189.17</ele>
<time>2019-02-17T07:51:14Z</time>
</trkpt>
<trkpt lat="49.3879583" lon="9.1785319">
<ele>189.38</ele>
<time>2019-02-17T07:51:18Z</time>
</trkpt>
<trkpt lat="49.3880040" lon="9.1784939">
<ele>188.70</ele>
<time>2019-02-17T07:51:22Z</time>
</trkpt>
<trkpt lat="49.3880543" lon="9.1784267">
<ele>188.22</ele>
<time>2019-02-17T07:51:27Z</time>
</trkpt>
<trkpt lat="49.3880913" lon="9.1783624">
<ele>187.48</ele>
<time>2019-02-17T07:51:31Z</time>
</trkpt>
<trkpt lat="49.3881332" lon="9.1783105">
<ele>187.41</ele>
<time>2019-02-17T07:51:35Z</time>
</trkpt>
<trkpt lat="49.3881798" lon="9.1782595">
<ele>187.40</ele>
<time>2019-02-17T07:51:39Z</time>
</trkpt>
<trkpt lat="49.3882253" lon="9.1782028">
<ele>186.49</ele>
<time>2019-02-17T07:51:43Z</time>
</trkpt>
<trkpt lat="49.3882677" lon="9.1781594">
<ele>185.50</ele>
<time>2019-02-17T07:51:47Z</time>
</trkpt>
<trkpt lat="49.3882999" lon="9.1780825">
<ele>186.32</ele>
<time>2019-02-17T07:51:51Z</time>
</trkpt>
<trkpt lat="49.3883370" lon="9.1780283">
<ele>187.31</ele>
<time>2019-02-17T07:51:55Z</time>
</trkpt>
<trkpt lat="49.3883686" lon="9.1779786">
<ele>187.39</ele>
<time>2019-02-17T07:51:59Z</time>
</trkpt>
<trkpt lat="49.3884046" lon="9.1779335">
<ele>187.40</ele>
<time>2019-02-17T07:52:03Z</time>
</trkpt>
<trkpt lat="49.3884385" lon="9.1778820">
<ele>188.10</ele>
<time>2019-02-17T07:52:07Z</time>
</trkpt>
<trkpt lat="49.3884892" lon="9.1778222">
<ele>188.39</ele>
<time>2019-02-17T07:52:13Z</time>
</trkpt>
<trkpt lat="49.3885218" lon="9.1777562">
<ele>188.40</ele>
<time>2019-02-17T07:52:17Z</time>
</trkpt>
<trkpt lat="49.3885539" lon="9.1776872">
<ele>189.10</ele>
<time>2019-02-17T07:52:21Z</time>
</trkpt>
<trkpt lat="49.3885820" lon="9.1776166">
<ele>189.38</ele>
<time>2019-02-17T07:52:25Z</time>
</trkpt>
<trkpt lat="49.3886123" lon="9.1775550">
<ele>189.61</ele>
<time>2019-02-17T07:52:29Z</time>
</trkpt>
<trkpt lat="49.3886367" lon="9.1774868">
<ele>191.03</ele>
<time>2019-02-17T07:52:33Z</time>
</trkpt>
<trkpt lat="49.3886592" lon="9.1774008">
<ele>191.37</ele>
<time>2019-02-17T07:52:37Z</time>
</trkpt>
<trkpt lat="49.3886946" lon="9.1773193">
<ele>193.01</ele>
<time>2019-02-17T07:52:41Z</time>
</trkpt>
<trkpt lat="49.3887466" lon="9.1772438">
<ele>194.07</ele>
<time>2019-02-17T07:52:45Z</time>
</trkpt>
<trkpt lat="49.3887886" lon="9.1771673">
<ele>193.46</ele>
<time>2019-02-17T07:52:49Z</time>
</trkpt>
<trkpt lat="49.3888165" lon="9.1770747">
<ele>195.93</ele>
<time>2019-02-17T07:52:53Z</time>
</trkpt>
<trkpt lat="49.3888499" lon="9.1770110">
<ele>196.36</ele>
<time>2019-02-17T07:52:57Z</time>
</trkpt>
<trkpt lat="49.3888950" lon="9.1769406">
<ele>197.10</ele>
<time>2019-02-17T07:53:01Z</time>
</trkpt>
<trkpt lat="49.3889492" lon="9.1768543">
<ele>197.59</ele>
<time>2019-02-17T07:53:05Z</time>
</trkpt>
<trkpt lat="49.3890101" lon="9.1767748">
<ele>200.64</ele>
<time>2019-02-17T07:53:09Z</time>
</trkpt>
<trkpt lat="49.3890658" lon="9.1767074">
<ele>201.54</ele>
<time>2019-02-17T07:53:13Z</time>
</trkpt>
<trkpt lat="49.3891048" lon="9.1766572">
<ele>202.12</ele>
<time>2019-02-17T07:53:17Z</time>
</trkpt>
<trkpt lat="49.3891319" lon="9.1766008">
<ele>201.89</ele>
<time>2019-02-17T07:53:21Z</time>
</trkpt>
<trkpt lat="49.3891583" lon="9.1765325">
<ele>203.27</ele>
<time>2019-02-17T07:53:25Z</time>
</trkpt>
<trkpt lat="49.3891949" lon="9.1764318">
<ele>201.57</ele>
<time>2019-02-17T07:53:29Z</time>
</trkpt>
<trkpt lat="49.3892110" lon="9.1763599">
<ele>201.42</ele>
<time>2019-02-17T07:53:33Z</time>
</trkpt>
<trkpt lat="49.3892024" lon="9.1762911">
<ele>205.04</ele>
<time>2019-02-17T07:53:37Z</time>
</trkpt>
<trkpt lat="49.3892243" lon="9.1762086">
<ele>203.55</ele>
<time>2019-02-17T07:53:41Z</time>
</trkpt>
<trkpt lat="49.3891936" lon="9.1761299">
<ele>201.81</ele>
<time>2019-02-17T07:53:45Z</time>
</trkpt>
<trkpt lat="49.3892098" lon="9.1760476">
<ele>198.92</ele>
<time>2019-02-17T07:53:49Z</time>
</trkpt>
<trkpt lat="49.3892455" lon="9.1759624">
<ele>200.06</ele>
<time>2019-02-17T07:53:53Z</time>
</trkpt>
<trkpt lat="49.3892773" lon="9.1759029">
<ele>201.98</ele>
<time>2019-02-17T07:53:57Z</time>
</trkpt>
<trkpt lat="49.3893079" lon="9.1758433">
<ele>200.55</ele>
<time>2019-02-17T07:54:01Z</time>
</trkpt>
<trkpt lat="49.3893362" lon="9.1757742">
<ele>197.41</ele>
<time>2019-02-17T07:54:05Z</time>
</trkpt>
<trkpt lat="49.3893551" lon="9.1756903">
<ele>194.67</ele>
<time>2019-02-17T07:54:09Z</time>
</trkpt>
<trkpt lat="49.3893666" lon="9.1756146">
<ele>194.41</ele>
<time>2019-02-17T07:54:15Z</time>
</trkpt>
<trkpt lat="49.3894078" lon="9.1755479">
<ele>196.01</ele>
<time>2019-02-17T07:54:19Z</time>
</trkpt>
<trkpt lat="49.3894590" lon="9.1755001">
<ele>196.37</ele>
<time>2019-02-17T07:54:23Z</time>
</trkpt>
<trkpt lat="49.3894900" lon="9.1754362">
<ele>196.89</ele>
<time>2019-02-17T07:54:27Z</time>
</trkpt>
<trkpt lat="49.3895361" lon="9.1753576">
<ele>197.15</ele>
<time>2019-02-17T07:54:31Z</time>
</trkpt>
<trkpt lat="49.3895797" lon="9.1752910">
<ele>199.69</ele>
<time>2019-02-17T07:54:35Z</time>
</trkpt>
<trkpt lat="49.3896319" lon="9.1752355">
<ele>200.55</ele>
<time>2019-02-17T07:54:39Z</time>
</trkpt>
<trkpt lat="49.3896839" lon="9.1751525">
<ele>200.63</ele>
<time>2019-02-17T07:54:43Z</time>
</trkpt>
<trkpt lat="49.3897412" lon="9.1751139">
<ele>199.30</ele>
<time>2019-02-17T07:54:47Z</time>
</trkpt>
<trkpt lat="49.3897787" lon="9.1750655">
<ele>200.30</ele>
<time>2019-02-17T07:54:51Z</time>
</trkpt>
<trkpt lat="49.3898214" lon="9.1749939">
<ele>202.49</ele>
<time>2019-02-17T07:54:55Z</time>
</trkpt>
<trkpt lat="49.3898535" lon="9.1749083">
<ele>202.26</ele>
<time>2019-02-17T07:55:01Z</time>
</trkpt>
<trkpt lat="49.3898591" lon="9.1748069">
<ele>201.48</ele>
<time>2019-02-17T07:55:05Z</time>
</trkpt>
<trkpt lat="49.3898856" lon="9.1747344">
<ele>201.41</ele>
<time>2019-02-17T07:55:09Z</time>
</trkpt>
<trkpt lat="49.3898343" lon="9.1747798">
<ele>200.89</ele>
<time>2019-02-17T07:55:15Z</time>
</trkpt>
<trkpt lat="49.3897883" lon="9.1747812">
<ele>197.85</ele>
<time>2019-02-17T07:56:17Z</time>
</trkpt>
<trkpt lat="49.3898205" lon="9.1746885">
<ele>196.79</ele>
<time>2019-02-17T07:56:53Z</time>
</trkpt>
<trkpt lat="49.3898311" lon="9.1745902">
<ele>195.74</ele>
<time>2019-02-17T07:56:57Z</time>
</trkpt>
<trkpt lat="49.3898291" lon="9.1745212">
<ele>196.20</ele>
<time>2019-02-17T07:57:00Z</time>
</trkpt>
<trkpt lat="49.3898393" lon="9.1744408">
<ele>196.60</ele>
<time>2019-02-17T07:57:04Z</time>
</trkpt>
<trkpt lat="49.3898504" lon="9.1743622">
<ele>197.12</ele>
<time>2019-02-17T07:57:08Z</time>
</trkpt>
<trkpt lat="49.3898712" lon="9.1742796">
<ele>199.69</ele>
<time>2019-02-17T07:57:12Z</time>
</trkpt>
<trkpt lat="49.3898834" lon="9.1741979">
<ele>202.65</ele>
<time>2019-02-17T07:57:16Z</time>
</trkpt>
<trkpt lat="49.3899163" lon="9.1740879">
<ele>205.65</ele>
<time>2019-02-17T07:57:20Z</time>
</trkpt>
<trkpt lat="49.3899616" lon="9.1740298">
<ele>207.24</ele>
<time>2019-02-17T07:57:24Z</time>
</trkpt>
<trkpt lat="49.3900164" lon="9.1740065">
<ele>208.30</ele>
<time>2019-02-17T07:57:28Z</time>
</trkpt>
<trkpt lat="49.3900696" lon="9.1739969">
<ele>206.08</ele>
<time>2019-02-17T07:57:32Z</time>
</trkpt>
<trkpt lat="49.3901376" lon="9.1739920">
<ele>206.37</ele>
<time>2019-02-17T07:57:36Z</time>
</trkpt>
<trkpt lat="49.3902024" lon="9.1740018">
<ele>206.40</ele>
<time>2019-02-17T07:57:40Z</time>
</trkpt>
<trkpt lat="49.3902595" lon="9.1739824">
<ele>206.40</ele>
<time>2019-02-17T07:57:44Z</time>
</trkpt>
<trkpt lat="49.3903102" lon="9.1739432">
<ele>206.89</ele>
<time>2019-02-17T07:57:48Z</time>
</trkpt>
<trkpt lat="49.3903764" lon="9.1739613">
<ele>206.45</ele>
<time>2019-02-17T07:57:52Z</time>
</trkpt>
<trkpt lat="49.3904222" lon="9.1739588">
<ele>205.92</ele>
<time>2019-02-17T07:57:56Z</time>
</trkpt>
<trkpt lat="49.3904893" lon="9.1739483">
<ele>205.45</ele>
<time>2019-02-17T07:58:00Z</time>
</trkpt>
<trkpt lat="49.3905465" lon="9.1739075">
<ele>205.41</ele>
<time>2019-02-17T07:58:04Z</time>
</trkpt>
<trkpt lat="49.3906335" lon="9.1739116">
<ele>207.01</ele>
<time>2019-02-17T07:58:08Z</time>
</trkpt>
<trkpt lat="49.3906983" lon="9.1739097">
<ele>205.55</ele>
<time>2019-02-17T07:58:12Z</time>
</trkpt>
<trkpt lat="49.3907638" lon="9.1738916">
<ele>205.42</ele>
<time>2019-02-17T07:58:15Z</time>
</trkpt>
<trkpt lat="49.3908446" lon="9.1738570">
<ele>202.74</ele>
<time>2019-02-17T07:58:24Z</time>
</trkpt>
<trkpt lat="49.3909180" lon="9.1738557">
<ele>201.73</ele>
<time>2019-02-17T07:58:29Z</time>
</trkpt>
<trkpt lat="49.3909835" lon="9.1738394">
<ele>202.34</ele>
<time>2019-02-17T07:58:33Z</time>
</trkpt>
<trkpt lat="49.3910508" lon="9.1738132">
<ele>200.58</ele>
<time>2019-02-17T07:58:37Z</time>
</trkpt>
<trkpt lat="49.3911065" lon="9.1737862">
<ele>199.72</ele>
<time>2019-02-17T07:58:41Z</time>
</trkpt>
<trkpt lat="49.3911541" lon="9.1737696">
<ele>200.13</ele>
<time>2019-02-17T07:58:45Z</time>
</trkpt>
<trkpt lat="49.3912014" lon="9.1737351">
<ele>201.29</ele>
<time>2019-02-17T07:58:49Z</time>
</trkpt>
<trkpt lat="49.3912493" lon="9.1737075">
<ele>201.40</ele>
<time>2019-02-17T07:58:55Z</time>
</trkpt>
<trkpt lat="49.3911907" lon="9.1737390">
<ele>201.40</ele>
<time>2019-02-17T07:58:59Z</time>
</trkpt>
<trkpt lat="49.3911415" lon="9.1737143">
<ele>201.40</ele>
<time>2019-02-17T07:59:03Z</time>
</trkpt>
<trkpt lat="49.3911864" lon="9.1736401">
<ele>202.10</ele>
<time>2019-02-17T07:59:07Z</time>
</trkpt>
<trkpt lat="49.3911217" lon="9.1737089">
<ele>198.70</ele>
<time>2019-02-17T07:59:34Z</time>
</trkpt>
<trkpt lat="49.3911834" lon="9.1737410">
<ele>197.71</ele>
<time>2019-02-17T07:59:41Z</time>
</trkpt>
<trkpt lat="49.3912398" lon="9.1737077">
<ele>197.43</ele>
<time>2019-02-17T07:59:45Z</time>
</trkpt>
<trkpt lat="49.3913057" lon="9.1736540">
<ele>198.81</ele>
<time>2019-02-17T07:59:49Z</time>
</trkpt>
<trkpt lat="49.3913877" lon="9.1736176">
<ele>200.54</ele>
<time>2019-02-17T07:59:53Z</time>
</trkpt>
<trkpt lat="49.3914369" lon="9.1736082">
<ele>199.74</ele>
<time>2019-02-17T07:59:55Z</time>
</trkpt>
<trkpt lat="49.3915052" lon="9.1736038">
<ele>202.44</ele>
<time>2019-02-17T07:59:59Z</time>
</trkpt>
<trkpt lat="49.3915596" lon="9.1736189">
<ele>203.11</ele>
<time>2019-02-17T08:00:03Z</time>
</trkpt>
<trkpt lat="49.3916205" lon="9.1736238">
<ele>199.67</ele>
<time>2019-02-17T08:00:07Z</time>
</trkpt>
<trkpt lat="49.3916933" lon="9.1736132">
<ele>198.73</ele>
<time>2019-02-17T08:00:11Z</time>
</trkpt>
<trkpt lat="49.3917575" lon="9.1735876">
<ele>198.43</ele>
<time>2019-02-17T08:00:15Z</time>
</trkpt>
<trkpt lat="49.3918073" lon="9.1735512">
<ele>200.23</ele>
<time>2019-02-17T08:00:19Z</time>
</trkpt>
<trkpt lat="49.3918439" lon="9.1735055">
<ele>199.69</ele>
<time>2019-02-17T08:00:23Z</time>
</trkpt>
<trkpt lat="49.3918867" lon="9.1734837">
<ele>200.83</ele>
<time>2019-02-17T08:00:27Z</time>
</trkpt>
<trkpt lat="49.3919362" lon="9.1734461">
<ele>202.51</ele>
<time>2019-02-17T08:00:33Z</time>
</trkpt>
<trkpt lat="49.3919894" lon="9.1734274">
<ele>202.41</ele>
<time>2019-02-17T08:00:37Z</time>
</trkpt>
<trkpt lat="49.3920475" lon="9.1734241">
<ele>201.49</ele>
<time>2019-02-17T08:00:41Z</time>
</trkpt>
<trkpt lat="49.3921015" lon="9.1734234">
<ele>201.41</ele>
<time>2019-02-17T08:00:45Z</time>
</trkpt>
<trkpt lat="49.3921608" lon="9.1734262">
<ele>202.31</ele>
<time>2019-02-17T08:00:49Z</time>
</trkpt>
<trkpt lat="49.3922196" lon="9.1734431">
<ele>203.30</ele>
<time>2019-02-17T08:00:53Z</time>
</trkpt>
<trkpt lat="49.3922749" lon="9.1734753">
<ele>203.39</ele>
<time>2019-02-17T08:00:57Z</time>
</trkpt>
<trkpt lat="49.3923324" lon="9.1735080">
<ele>203.40</ele>
<time>2019-02-17T08:01:01Z</time>
</trkpt>
<trkpt lat="49.3923873" lon="9.1735499">
<ele>204.31</ele>
<time>2019-02-17T08:01:05Z</time>
</trkpt>
<trkpt lat="49.3924436" lon="9.1735622">
<ele>205.09</ele>
<time>2019-02-17T08:01:09Z</time>
</trkpt>
<trkpt lat="49.3925081" lon="9.1735209">
<ele>204.47</ele>
<time>2019-02-17T08:01:13Z</time>
</trkpt>
<trkpt lat="49.3925668" lon="9.1735137">
<ele>206.02</ele>
<time>2019-02-17T08:01:17Z</time>
</trkpt>
<trkpt lat="49.3926290" lon="9.1734859">
<ele>206.37</ele>
<time>2019-02-17T08:01:21Z</time>
</trkpt>
<trkpt lat="49.3926869" lon="9.1734929">
<ele>205.70</ele>
<time>2019-02-17T08:01:25Z</time>
</trkpt>
<trkpt lat="49.3927338" lon="9.1735081">
<ele>205.64</ele>
<time>2019-02-17T08:01:29Z</time>
</trkpt>
<trkpt lat="49.3927985" lon="9.1735212">
<ele>207.99</ele>
<time>2019-02-17T08:01:35Z</time>
</trkpt>
<trkpt lat="49.3928700" lon="9.1735131">
<ele>208.39</ele>
<time>2019-02-17T08:01:41Z</time>
</trkpt>
<trkpt lat="49.3929309" lon="9.1735167">
<ele>208.40</ele>
<time>2019-02-17T08:01:45Z</time>
</trkpt>
<trkpt lat="49.3929969" lon="9.1735313">
<ele>208.40</ele>
<time>2019-02-17T08:01:49Z</time>
</trkpt>
<trkpt lat="49.3930525" lon="9.1735578">
<ele>208.40</ele>
<time>2019-02-17T08:01:53Z</time>
</trkpt>
<trkpt lat="49.3931160" lon="9.1735870">
<ele>209.31</ele>
<time>2019-02-17T08:01:57Z</time>
</trkpt>
<trkpt lat="49.3931651" lon="9.1736129">
<ele>210.09</ele>
<time>2019-02-17T08:02:01Z</time>
</trkpt>
<trkpt lat="49.3932166" lon="9.1736311">
<ele>210.38</ele>
<time>2019-02-17T08:02:05Z</time>
</trkpt>
<trkpt lat="49.3932736" lon="9.1736249">
<ele>210.40</ele>
<time>2019-02-17T08:02:09Z</time>
</trkpt>
<trkpt lat="49.3933314" lon="9.1736147">
<ele>209.70</ele>
<time>2019-02-17T08:02:13Z</time>
</trkpt>
<trkpt lat="49.3933958" lon="9.1736265">
<ele>210.34</ele>
<time>2019-02-17T08:02:17Z</time>
</trkpt>
<trkpt lat="49.3934451" lon="9.1736283">
<ele>211.10</ele>
<time>2019-02-17T08:02:21Z</time>
</trkpt>
<trkpt lat="49.3935000" lon="9.1736169">
<ele>210.68</ele>
<time>2019-02-17T08:02:25Z</time>
</trkpt>
<trkpt lat="49.3935559" lon="9.1736747">
<ele>210.43</ele>
<time>2019-02-17T08:02:29Z</time>
</trkpt>
<trkpt lat="49.3936166" lon="9.1737246">
<ele>210.41</ele>
<time>2019-02-17T08:02:33Z</time>
</trkpt>
<trkpt lat="49.3936815" lon="9.1737449">
<ele>211.10</ele>
<time>2019-02-17T08:02:37Z</time>
</trkpt>
<trkpt lat="49.3937334" lon="9.1737859">
<ele>211.17</ele>
<time>2019-02-17T08:02:41Z</time>
</trkpt>
<trkpt lat="49.3937945" lon="9.1738344">
<ele>211.38</ele>
<time>2019-02-17T08:02:45Z</time>
</trkpt>
<trkpt lat="49.3938475" lon="9.1738833">
<ele>211.40</ele>
<time>2019-02-17T08:02:49Z</time>
</trkpt>
<trkpt lat="49.3938990" lon="9.1739079">
<ele>212.31</ele>
<time>2019-02-17T08:02:53Z</time>
</trkpt>
<trkpt lat="49.3939528" lon="9.1739266">
<ele>211.48</ele>
<time>2019-02-17T08:02:57Z</time>
</trkpt>
<trkpt lat="49.3940130" lon="9.1739341">
<ele>211.41</ele>
<time>2019-02-17T08:03:01Z</time>
</trkpt>
<trkpt lat="49.3940551" lon="9.1739755">
<ele>211.40</ele>
<time>2019-02-17T08:03:05Z</time>
</trkpt>
<trkpt lat="49.3941048" lon="9.1739814">
<ele>211.40</ele>
<time>2019-02-17T08:03:11Z</time>
</trkpt>
<trkpt lat="49.3941809" lon="9.1740165">
<ele>210.70</ele>
<time>2019-02-17T08:03:17Z</time>
</trkpt>
<trkpt lat="49.3942622" lon="9.1740740">
<ele>210.43</ele>
<time>2019-02-17T08:03:21Z</time>
</trkpt>
<trkpt lat="49.3943330" lon="9.1741688">
<ele>211.11</ele>
<time>2019-02-17T08:03:25Z</time>
</trkpt>
<trkpt lat="49.3943963" lon="9.1742373">
<ele>211.59</ele>
<time>2019-02-17T08:03:29Z</time>
</trkpt>
<trkpt lat="49.3944296" lon="9.1743016">
<ele>208.62</ele>
<time>2019-02-17T08:03:33Z</time>
</trkpt>
<trkpt lat="49.3944359" lon="9.1744023">
<ele>209.10</ele>
<time>2019-02-17T08:03:39Z</time>
</trkpt>
<trkpt lat="49.3944910" lon="9.1744717">
<ele>210.08</ele>
<time>2019-02-17T08:03:43Z</time>
</trkpt>
<trkpt lat="49.3945310" lon="9.1745477">
<ele>208.76</ele>
<time>2019-02-17T08:03:47Z</time>
</trkpt>
<trkpt lat="49.3945344" lon="9.1746226">
<ele>209.63</ele>
<time>2019-02-17T08:03:51Z</time>
</trkpt>
<trkpt lat="49.3946008" lon="9.1747104">
<ele>211.21</ele>
<time>2019-02-17T08:03:57Z</time>
</trkpt>
<trkpt lat="49.3946564" lon="9.1747052">
<ele>210.69</ele>
<time>2019-02-17T08:04:01Z</time>
</trkpt>
<trkpt lat="49.3946867" lon="9.1748283">
<ele>234.37</ele>
<time>2019-02-17T08:04:05Z</time>
</trkpt>
<trkpt lat="49.3947141" lon="9.1749520">
<ele>226.49</ele>
<time>2019-02-17T08:04:09Z</time>
</trkpt>
<trkpt lat="49.3947574" lon="9.1750385">
<ele>217.24</ele>
<time>2019-02-17T08:04:13Z</time>
</trkpt>
<trkpt lat="49.3948262" lon="9.1750451">
<ele>214.66</ele>
<time>2019-02-17T08:04:17Z</time>
</trkpt>
<trkpt lat="49.3948630" lon="9.1751066">
<ele>212.61</ele>
<time>2019-02-17T08:04:21Z</time>
</trkpt>
<trkpt lat="49.3948559" lon="9.1751950">
<ele>209.20</ele>
<time>2019-02-17T08:04:25Z</time>
</trkpt>
<trkpt lat="49.3948814" lon="9.1752835">
<ele>204.34</ele>
<time>2019-02-17T08:04:29Z</time>
</trkpt>
<trkpt lat="49.3949443" lon="9.1753319">
<ele>206.92</ele>
<time>2019-02-17T08:04:33Z</time>
</trkpt>
<trkpt lat="49.3949951" lon="9.1753874">
<ele>208.27</ele>
<time>2019-02-17T08:04:37Z</time>
</trkpt>
<trkpt lat="49.3950313" lon="9.1754629">
<ele>209.51</ele>
<time>2019-02-17T08:04:41Z</time>
</trkpt>
<trkpt lat="49.3950719" lon="9.1755281">
<ele>208.71</ele>
<time>2019-02-17T08:04:45Z</time>
</trkpt>
<trkpt lat="49.3950818" lon="9.1756266">
<ele>209.66</ele>
<time>2019-02-17T08:04:51Z</time>
</trkpt>
<trkpt lat="49.3950893" lon="9.1757277">
<ele>210.13</ele>
<time>2019-02-17T08:04:55Z</time>
</trkpt>
<trkpt lat="49.3951396" lon="9.1757663">
<ele>208.07</ele>
<time>2019-02-17T08:04:59Z</time>
</trkpt>
<trkpt lat="49.3951737" lon="9.1758758">
<ele>206.76</ele>
<time>2019-02-17T08:05:03Z</time>
</trkpt>
<trkpt lat="49.3952351" lon="9.1759317">
<ele>206.65</ele>
<time>2019-02-17T08:05:07Z</time>
</trkpt>
<trkpt lat="49.3952720" lon="9.1759821">
<ele>203.20</ele>
<time>2019-02-17T08:05:11Z</time>
</trkpt>
<trkpt lat="49.3953146" lon="9.1760576">
<ele>202.48</ele>
<time>2019-02-17T08:05:15Z</time>
</trkpt>
<trkpt lat="49.3953679" lon="9.1760982">
<ele>201.29</ele>
<time>2019-02-17T08:05:19Z</time>
</trkpt>
<trkpt lat="49.3954197" lon="9.1761625">
<ele>198.87</ele>
<time>2019-02-17T08:05:23Z</time>
</trkpt>
<trkpt lat="49.3954859" lon="9.1762336">
<ele>200.97</ele>
<time>2019-02-17T08:05:27Z</time>
</trkpt>
<trkpt lat="49.3955435" lon="9.1762547">
<ele>202.06</ele>
<time>2019-02-17T08:05:31Z</time>
</trkpt>
<trkpt lat="49.3955945" lon="9.1763110">
<ele>205.19</ele>
<time>2019-02-17T08:05:37Z</time>
</trkpt>
<trkpt lat="49.3956426" lon="9.1763369">
<ele>205.40</ele>
<time>2019-02-17T08:05:43Z</time>
</trkpt>
<trkpt lat="49.3956831" lon="9.1763686">
<ele>206.31</ele>
<time>2019-02-17T08:05:47Z</time>
</trkpt>
<trkpt lat="49.3957276" lon="9.1764194">
<ele>206.39</ele>
<time>2019-02-17T08:05:51Z</time>
</trkpt>
<trkpt lat="49.3957692" lon="9.1764817">
<ele>205.00</ele>
<time>2019-02-17T08:05:55Z</time>
</trkpt>
<trkpt lat="49.3958294" lon="9.1765048">
<ele>206.07</ele>
<time>2019-02-17T08:05:59Z</time>
</trkpt>
<trkpt lat="49.3958875" lon="9.1765549">
<ele>206.58</ele>
<time>2019-02-17T08:06:03Z</time>
</trkpt>
<trkpt lat="49.3959484" lon="9.1765482">
<ele>207.33</ele>
<time>2019-02-17T08:06:07Z</time>
</trkpt>
<trkpt lat="49.3959262" lon="9.1764706">
<ele>205.30</ele>
<time>2019-02-17T08:06:13Z</time>
</trkpt>
<trkpt lat="49.3959972" lon="9.1765186">
<ele>206.29</ele>
<time>2019-02-17T08:06:21Z</time>
</trkpt>
<trkpt lat="49.3960376" lon="9.1765747">
<ele>204.57</ele>
<time>2019-02-17T08:06:25Z</time>
</trkpt>
<trkpt lat="49.3960952" lon="9.1766433">
<ele>205.82</ele>
<time>2019-02-17T08:06:30Z</time>
</trkpt>
<trkpt lat="49.3961466" lon="9.1766887">
<ele>206.35</ele>
<time>2019-02-17T08:06:34Z</time>
</trkpt>
<trkpt lat="49.3962002" lon="9.1767132">
<ele>206.40</ele>
<time>2019-02-17T08:06:38Z</time>
</trkpt>
<trkpt lat="49.3962492" lon="9.1767543">
<ele>210.81</ele>
<time>2019-02-17T08:06:42Z</time>
</trkpt>
<trkpt lat="49.3962927" lon="9.1768062">
<ele>206.80</ele>
<time>2019-02-17T08:06:46Z</time>
</trkpt>
<trkpt lat="49.3963288" lon="9.1768554">
<ele>206.44</ele>
<time>2019-02-17T08:06:50Z</time>
</trkpt>
<trkpt lat="49.3963785" lon="9.1768984">
<ele>208.23</ele>
<time>2019-02-17T08:06:54Z</time>
</trkpt>
<trkpt lat="49.3964282" lon="9.1769310">
<ele>208.39</ele>
<time>2019-02-17T08:06:58Z</time>
</trkpt>
<trkpt lat="49.3964713" lon="9.1769611">
<ele>209.31</ele>
<time>2019-02-17T08:07:02Z</time>
</trkpt>
<trkpt lat="49.3965142" lon="9.1769921">
<ele>209.39</ele>
<time>2019-02-17T08:07:06Z</time>
</trkpt>
<trkpt lat="49.3965569" lon="9.1770292">
<ele>209.40</ele>
<time>2019-02-17T08:07:10Z</time>
</trkpt>
<trkpt lat="49.3966012" lon="9.1770633">
<ele>209.40</ele>
<time>2019-02-17T08:07:14Z</time>
</trkpt>
<trkpt lat="49.3966515" lon="9.1770650">
<ele>208.70</ele>
<time>2019-02-17T08:07:18Z</time>
</trkpt>
<trkpt lat="49.3967235" lon="9.1771163">
<ele>205.76</ele>
<time>2019-02-17T08:07:26Z</time>
</trkpt>
<trkpt lat="49.3967701" lon="9.1771251">
<ele>205.44</ele>
<time>2019-02-17T08:07:30Z</time>
</trkpt>
<trkpt lat="49.3968226" lon="9.1771554">
<ele>205.41</ele>
<time>2019-02-17T08:07:34Z</time>
</trkpt>
<trkpt lat="49.3968875" lon="9.1771558">
<ele>203.79</ele>
<time>2019-02-17T08:07:38Z</time>
</trkpt>
<trkpt lat="49.3969300" lon="9.1772224">
<ele>205.26</ele>
<time>2019-02-17T08:07:42Z</time>
</trkpt>
<trkpt lat="49.3969457" lon="9.1773041">
<ele>205.60</ele>
<time>2019-02-17T08:07:46Z</time>
</trkpt>
<trkpt lat="49.3970032" lon="9.1773333">
<ele>206.12</ele>
<time>2019-02-17T08:07:50Z</time>
</trkpt>
<trkpt lat="49.3970702" lon="9.1773359">
<ele>206.19</ele>
<time>2019-02-17T08:07:56Z</time>
</trkpt>
<trkpt lat="49.3971290" lon="9.1773628">
<ele>207.50</ele>
<time>2019-02-17T08:08:00Z</time>
</trkpt>
<trkpt lat="49.3971616" lon="9.1774168">
<ele>207.41</ele>
<time>2019-02-17T08:08:04Z</time>
</trkpt>
<trkpt lat="49.3972126" lon="9.1773844">
<ele>209.56</ele>
<time>2019-02-17T08:08:10Z</time>
</trkpt>
<trkpt lat="49.3972641" lon="9.1773442">
<ele>207.60</ele>
<time>2019-02-17T08:08:28Z</time>
</trkpt>
<trkpt lat="49.3973140" lon="9.1772944">
<ele>209.03</ele>
<time>2019-02-17T08:08:32Z</time>
</trkpt>
<trkpt lat="49.3973491" lon="9.1772419">
<ele>209.37</ele>
<time>2019-02-17T08:08:36Z</time>
</trkpt>
<trkpt lat="49.3973983" lon="9.1771823">
<ele>210.39</ele>
<time>2019-02-17T08:08:44Z</time>
</trkpt>
<trkpt lat="49.3974363" lon="9.1771147">
<ele>211.38</ele>
<time>2019-02-17T08:08:50Z</time>
</trkpt>
<trkpt lat="49.3974854" lon="9.1770573">
<ele>212.59</ele>
<time>2019-02-17T08:08:56Z</time>
</trkpt>
<trkpt lat="49.3975351" lon="9.1770204">
<ele>213.82</ele>
<time>2019-02-17T08:09:00Z</time>
</trkpt>
<trkpt lat="49.3975841" lon="9.1769808">
<ele>213.44</ele>
<time>2019-02-17T08:09:04Z</time>
</trkpt>
<trkpt lat="49.3976320" lon="9.1769334">
<ele>214.32</ele>
<time>2019-02-17T08:09:08Z</time>
</trkpt>
<trkpt lat="49.3976915" lon="9.1768821">
<ele>216.71</ele>
<time>2019-02-17T08:09:12Z</time>
</trkpt>
<trkpt lat="49.3977477" lon="9.1768421">
<ele>217.38</ele>
<time>2019-02-17T08:09:18Z</time>
</trkpt>
<trkpt lat="49.3978020" lon="9.1768294">
<ele>219.99</ele>
<time>2019-02-17T08:09:24Z</time>
</trkpt>
<trkpt lat="49.3978546" lon="9.1768093">
<ele>224.01</ele>
<time>2019-02-17T08:09:32Z</time>
</trkpt>
<trkpt lat="49.3979013" lon="9.1768117">
<ele>225.98</ele>
<time>2019-02-17T08:09:36Z</time>
</trkpt>
<trkpt lat="49.3979467" lon="9.1768287">
<ele>226.81</ele>
<time>2019-02-17T08:09:42Z</time>
</trkpt>
<trkpt lat="49.3980084" lon="9.1768087">
<ele>231.37</ele>
<time>2019-02-17T08:09:48Z</time>
</trkpt>
<trkpt lat="49.3980606" lon="9.1768173">
<ele>234.62</ele>
<time>2019-02-17T08:09:52Z</time>
</trkpt>
<trkpt lat="49.3981033" lon="9.1767701">
<ele>233.51</ele>
<time>2019-02-17T08:09:56Z</time>
</trkpt>
<trkpt lat="49.3981614" lon="9.1767684">
<ele>233.41</ele>
<time>2019-02-17T08:10:02Z</time>
</trkpt>
<trkpt lat="49.3982170" lon="9.1767315">
<ele>235.41</ele>
<time>2019-02-17T08:10:08Z</time>
</trkpt>
<trkpt lat="49.3982536" lon="9.1766802">
<ele>234.21</ele>
<time>2019-02-17T08:10:12Z</time>
</trkpt>
<trkpt lat="49.3983069" lon="9.1766756">
<ele>235.94</ele>
<time>2019-02-17T08:10:22Z</time>
</trkpt>
<trkpt lat="49.3983704" lon="9.1766469">
<ele>233.26</ele>
<time>2019-02-17T08:10:28Z</time>
</trkpt>
<trkpt lat="49.3984202" lon="9.1766443">
<ele>233.89</ele>
<time>2019-02-17T08:10:34Z</time>
</trkpt>
<trkpt lat="49.3984752" lon="9.1766325">
<ele>236.00</ele>
<time>2019-02-17T08:10:40Z</time>
</trkpt>
<trkpt lat="49.3985469" lon="9.1766013">
<ele>237.03</ele>
<time>2019-02-17T08:10:46Z</time>
</trkpt>
<trkpt lat="49.3986101" lon="9.1765889">
<ele>238.07</ele>
<time>2019-02-17T08:10:50Z</time>
</trkpt>
<trkpt lat="49.3986634" lon="9.1765892">
<ele>237.82</ele>
<time>2019-02-17T08:10:56Z</time>
</trkpt>
<trkpt lat="49.3987085" lon="9.1765698">
<ele>240.14</ele>
<time>2019-02-17T08:11:02Z</time>
</trkpt>
<trkpt lat="49.3987556" lon="9.1765594">
<ele>241.31</ele>
<time>2019-02-17T08:11:08Z</time>
</trkpt>
<trkpt lat="49.3988083" lon="9.1765146">
<ele>241.11</ele>
<time>2019-02-17T08:11:16Z</time>
</trkpt>
<trkpt lat="49.3988577" lon="9.1764979">
<ele>240.49</ele>
<time>2019-02-17T08:11:26Z</time>
</trkpt>
<trkpt lat="49.3989058" lon="9.1764439">
<ele>241.10</ele>
<time>2019-02-17T08:11:36Z</time>
</trkpt>
<trkpt lat="49.3989490" lon="9.1764039">
<ele>241.40</ele>
<time>2019-02-17T08:11:50Z</time>
</trkpt>
<trkpt lat="49.3989951" lon="9.1763971">
<ele>241.61</ele>
<time>2019-02-17T08:11:54Z</time>
</trkpt>
<trkpt lat="49.3989743" lon="9.1765010">
<ele>242.89</ele>
<time>2019-02-17T08:12:18Z</time>
</trkpt>
<trkpt lat="49.3989263" lon="9.1765475">
<ele>244.27</ele>
<time>2019-02-17T08:12:22Z</time>
</trkpt>
<trkpt lat="49.3988944" lon="9.1764979">
<ele>244.99</ele>
<time>2019-02-17T08:14:24Z</time>
</trkpt>
<trkpt lat="49.3989411" lon="9.1764732">
<ele>246.34</ele>
<time>2019-02-17T08:14:44Z</time>
</trkpt>
<trkpt lat="49.3989758" lon="9.1765176">
<ele>249.24</ele>
<time>2019-02-17T08:14:58Z</time>
</trkpt>
<trkpt lat="49.3990404" lon="9.1764862">
<ele>251.55</ele>
<time>2019-02-17T08:15:14Z</time>
</trkpt>
<trkpt lat="49.3990924" lon="9.1764433">
<ele>249.59</ele>
<time>2019-02-17T08:15:20Z</time>
</trkpt>
<trkpt lat="49.3991510" lon="9.1764157">
<ele>249.42</ele>
<time>2019-02-17T08:15:24Z</time>
</trkpt>
<trkpt lat="49.3992335" lon="9.1764000">
<ele>253.60</ele>
<time>2019-02-17T08:15:30Z</time>
</trkpt>
<trkpt lat="49.3993033" lon="9.1764001">
<ele>252.51</ele>
<time>2019-02-17T08:15:34Z</time>
</trkpt>
<trkpt lat="49.3993495" lon="9.1763946">
<ele>255.24</ele>
<time>2019-02-17T08:15:36Z</time>
</trkpt>
<trkpt lat="49.3994069" lon="9.1763617">
<ele>254.77</ele>
<time>2019-02-17T08:15:47Z</time>
</trkpt>
<trkpt lat="49.3994870" lon="9.1763536">
<ele>252.83</ele>
<time>2019-02-17T08:15:52Z</time>
</trkpt>
<trkpt lat="49.3995473" lon="9.1763361">
<ele>251.53</ele>
<time>2019-02-17T08:15:56Z</time>
</trkpt>
<trkpt lat="49.3996273" lon="9.1762981">
<ele>248.47</ele>
<time>2019-02-17T08:16:00Z</time>
</trkpt>
<trkpt lat="49.3996734" lon="9.1763070">
<ele>247.92</ele>
<time>2019-02-17T08:16:04Z</time>
</trkpt>
<trkpt lat="49.3997327" lon="9.1762843">
<ele>253.83</ele>
<time>2019-02-17T08:16:10Z</time>
</trkpt>
<trkpt lat="49.3997813" lon="9.1762468">
<ele>254.23</ele>
<time>2019-02-17T08:16:12Z</time>
</trkpt>
<trkpt lat="49.3998545" lon="9.1762244">
<ele>254.81</ele>
<time>2019-02-17T08:16:16Z</time>
</trkpt>
<trkpt lat="49.3999120" lon="9.1762297">
<ele>255.14</ele>
<time>2019-02-17T08:16:20Z</time>
</trkpt>
<trkpt lat="49.3999587" lon="9.1762084">
<ele>255.17</ele>
<time>2019-02-17T08:16:24Z</time>
</trkpt>
<trkpt lat="49.4000167" lon="9.1761444">
<ele>254.63</ele>
<time>2019-02-17T08:16:30Z</time>
</trkpt>
<trkpt lat="49.4000731" lon="9.1761182">
<ele>246.66</ele>
<time>2019-02-17T08:16:36Z</time>
</trkpt>
<trkpt lat="49.4001164" lon="9.1760980">
<ele>248.95</ele>
<time>2019-02-17T08:16:40Z</time>
</trkpt>
<trkpt lat="49.4001741" lon="9.1760219">
<ele>248.90</ele>
<time>2019-02-17T08:16:48Z</time>
</trkpt>
<trkpt lat="49.4002320" lon="9.1760004">
<ele>249.85</ele>
<time>2019-02-17T08:16:52Z</time>
</trkpt>
<trkpt lat="49.4002811" lon="9.1759970">
<ele>248.95</ele>
<time>2019-02-17T08:16:56Z</time>
</trkpt>
<trkpt lat="49.4003325" lon="9.1759662">
<ele>253.49</ele>
<time>2019-02-17T08:17:00Z</time>
</trkpt>
<trkpt lat="49.4003897" lon="9.1759319">
<ele>256.63</ele>
<time>2019-02-17T08:17:04Z</time>
</trkpt>
<trkpt lat="49.4004427" lon="9.1759109">
<ele>258.73</ele>
<time>2019-02-17T08:17:08Z</time>
</trkpt>
<trkpt lat="49.4005128" lon="9.1758627">
<ele>258.35</ele>
<time>2019-02-17T08:17:14Z</time>
</trkpt>
<trkpt lat="49.4005541" lon="9.1758089">
<ele>254.81</ele>
<time>2019-02-17T08:17:22Z</time>
</trkpt>
<trkpt lat="49.4006320" lon="9.1758177">
<ele>252.83</ele>
<time>2019-02-17T08:17:26Z</time>
</trkpt>
<trkpt lat="49.4006874" lon="9.1758278">
<ele>255.45</ele>
<time>2019-02-17T08:17:30Z</time>
</trkpt>
<trkpt lat="49.4007417" lon="9.1758454">
<ele>257.62</ele>
<time>2019-02-17T08:17:36Z</time>
</trkpt>
<trkpt lat="49.4008026" lon="9.1758229">
<ele>255.11</ele>
<time>2019-02-17T08:17:42Z</time>
</trkpt>
<trkpt lat="49.4008492" lon="9.1758091">
<ele>256.99</ele>
<time>2019-02-17T08:17:46Z</time>
</trkpt>
<trkpt lat="49.4008957" lon="9.1757716">
<ele>256.88</ele>
<time>2019-02-17T08:17:50Z</time>
</trkpt>
<trkpt lat="49.4009476" lon="9.1757711">
<ele>253.23</ele>
<time>2019-02-17T08:17:54Z</time>
</trkpt>
<trkpt lat="49.4010152" lon="9.1757668">
<ele>254.79</ele>
<time>2019-02-17T08:17:58Z</time>
</trkpt>
<trkpt lat="49.4010628" lon="9.1757893">
<ele>255.81</ele>
<time>2019-02-17T08:18:04Z</time>
</trkpt>
<trkpt lat="49.4011283" lon="9.1757816">
<ele>256.44</ele>
<time>2019-02-17T08:18:10Z</time>
</trkpt>
<trkpt lat="49.4012033" lon="9.1757873">
<ele>254.80</ele>
<time>2019-02-17T08:18:14Z</time>
</trkpt>
<trkpt lat="49.4012530" lon="9.1757398">
<ele>258.12</ele>
<time>2019-02-17T08:18:20Z</time>
</trkpt>
<trkpt lat="49.4012937" lon="9.1757038">
<ele>261.77</ele>
<time>2019-02-17T08:18:28Z</time>
</trkpt>
<trkpt lat="49.4013675" lon="9.1756568">
<ele>262.81</ele>
<time>2019-02-17T08:18:34Z</time>
</trkpt>
<trkpt lat="49.4014167" lon="9.1756470">
<ele>254.04</ele>
<time>2019-02-17T08:18:38Z</time>
</trkpt>
<trkpt lat="49.4014693" lon="9.1756545">
<ele>251.22</ele>
<time>2019-02-17T08:18:42Z</time>
</trkpt>
<trkpt lat="49.4015056" lon="9.1757313">
<ele>253.22</ele>
<time>2019-02-17T08:18:48Z</time>
</trkpt>
<trkpt lat="49.4015754" lon="9.1757250">
<ele>257.73</ele>
<time>2019-02-17T08:18:52Z</time>
</trkpt>
<trkpt lat="49.4016259" lon="9.1757087">
<ele>258.15</ele>
<time>2019-02-17T08:18:58Z</time>
</trkpt>
<trkpt lat="49.4016787" lon="9.1757011">
<ele>255.79</ele>
<time>2019-02-17T08:19:02Z</time>
</trkpt>
<trkpt lat="49.4017601" lon="9.1756773">
<ele>257.05</ele>
<time>2019-02-17T08:19:06Z</time>
</trkpt>
<trkpt lat="49.4018220" lon="9.1756645">
<ele>258.28</ele>
<time>2019-02-17T08:19:10Z</time>
</trkpt>
<trkpt lat="49.4018633" lon="9.1756937">
<ele>258.25</ele>
<time>2019-02-17T08:19:14Z</time>
</trkpt>
<trkpt lat="49.4019138" lon="9.1757352">
<ele>256.63</ele>
<time>2019-02-17T08:19:20Z</time>
</trkpt>
<trkpt lat="49.4019878" lon="9.1757555">
<ele>262.37</ele>
<time>2019-02-17T08:19:24Z</time>
</trkpt>
<trkpt lat="49.4020330" lon="9.1757630">
<ele>262.39</ele>
<time>2019-02-17T08:19:26Z</time>
</trkpt>
<trkpt lat="49.4021055" lon="9.1757522">
<ele>258.83</ele>
<time>2019-02-17T08:19:30Z</time>
</trkpt>
<trkpt lat="49.4021537" lon="9.1757086">
<ele>261.38</ele>
<time>2019-02-17T08:19:34Z</time>
</trkpt>
<trkpt lat="49.4021890" lon="9.1756601">
<ele>266.33</ele>
<time>2019-02-17T08:19:40Z</time>
</trkpt>
<trkpt lat="49.4021521" lon="9.1755867">
<ele>271.18</ele>
<time>2019-02-17T08:19:48Z</time>
</trkpt>
<trkpt lat="49.4021335" lon="9.1755238">
<ele>271.38</ele>
<time>2019-02-17T08:19:52Z</time>
</trkpt>
<trkpt lat="49.4020851" lon="9.1755004">
<ele>272.10</ele>
<time>2019-02-17T08:19:56Z</time>
</trkpt>
<trkpt lat="49.4020352" lon="9.1754625">
<ele>269.18</ele>
<time>2019-02-17T08:20:02Z</time>
</trkpt>
<trkpt lat="49.4020030" lon="9.1754070">
<ele>270.31</ele>
<time>2019-02-17T08:20:08Z</time>
</trkpt>
<trkpt lat="49.4019762" lon="9.1753496">
<ele>271.10</ele>
<time>2019-02-17T08:20:14Z</time>
</trkpt>
<trkpt lat="49.4019383" lon="9.1753100">
<ele>267.40</ele>
<time>2019-02-17T08:20:20Z</time>
</trkpt>
<trkpt lat="49.4018936" lon="9.1752423">
<ele>269.73</ele>
<time>2019-02-17T08:20:26Z</time>
</trkpt>
<trkpt lat="49.4018619" lon="9.1751829">
<ele>272.16</ele>
<time>2019-02-17T08:20:30Z</time>
</trkpt>
<trkpt lat="49.4018128" lon="9.1751628">
<ele>273.08</ele>
<time>2019-02-17T08:20:34Z</time>
</trkpt>
<trkpt lat="49.4017647" lon="9.1751316">
<ele>273.37</ele>
<time>2019-02-17T08:20:38Z</time>
</trkpt>
<trkpt lat="49.4017246" lon="9.1750913">
<ele>273.40</ele>
<time>2019-02-17T08:20:42Z</time>
</trkpt>
<trkpt lat="49.4016853" lon="9.1750100">
<ele>274.31</ele>
<time>2019-02-17T08:20:48Z</time>
</trkpt>
<trkpt lat="49.4016310" lon="9.1749760">
<ele>276.07</ele>
<time>2019-02-17T08:20:54Z</time>
</trkpt>
<trkpt lat="49.4016034" lon="9.1749215">
<ele>275.67</ele>
<time>2019-02-17T08:20:58Z</time>
</trkpt>
<trkpt lat="49.4015319" lon="9.1749185">
<ele>275.55</ele>
<time>2019-02-17T08:21:06Z</time>
</trkpt>
<trkpt lat="49.4014738" lon="9.1749299">
<ele>276.12</ele>
<time>2019-02-17T08:21:10Z</time>
</trkpt>
<trkpt lat="49.4014219" lon="9.1749046">
<ele>277.08</ele>
<time>2019-02-17T08:21:14Z</time>
</trkpt>
<trkpt lat="49.4013442" lon="9.1748931">
<ele>276.25</ele>
<time>2019-02-17T08:21:18Z</time>
</trkpt>
<trkpt lat="49.4012945" lon="9.1749004">
<ele>274.43</ele>
<time>2019-02-17T08:21:29Z</time>
</trkpt>
<trkpt lat="49.4012413" lon="9.1749180">
<ele>275.11</ele>
<time>2019-02-17T08:21:31Z</time>
</trkpt>
<trkpt lat="49.4011906" lon="9.1749209">
<ele>273.22</ele>
<time>2019-02-17T08:21:33Z</time>
</trkpt>
<trkpt lat="49.4011260" lon="9.1749359">
<ele>271.25</ele>
<time>2019-02-17T08:21:35Z</time>
</trkpt>
<trkpt lat="49.4010636" lon="9.1749335">
<ele>271.18</ele>
<time>2019-02-17T08:21:40Z</time>
</trkpt>
<trkpt lat="49.4010100" lon="9.1749405">
<ele>271.38</ele>
<time>2019-02-17T08:21:44Z</time>
</trkpt>
<trkpt lat="49.4009602" lon="9.1748763">
<ele>271.12</ele>
<time>2019-02-17T08:21:50Z</time>
</trkpt>
<trkpt lat="49.4009154" lon="9.1748677">
<ele>270.62</ele>
<time>2019-02-17T08:21:52Z</time>
</trkpt>
<trkpt lat="49.4008553" lon="9.1748797">
<ele>270.95</ele>
<time>2019-02-17T08:21:58Z</time>
</trkpt>
<trkpt lat="49.4007917" lon="9.1748325">
<ele>269.44</ele>
<time>2019-02-17T08:22:04Z</time>
</trkpt>
<trkpt lat="49.4007202" lon="9.1748332">
<ele>271.72</ele>
<time>2019-02-17T08:22:08Z</time>
</trkpt>
<trkpt lat="49.4006834" lon="9.1747749">
<ele>270.94</ele>
<time>2019-02-17T08:22:12Z</time>
</trkpt>
<trkpt lat="49.4006044" lon="9.1747904">
<ele>268.84</ele>
<time>2019-02-17T08:22:16Z</time>
</trkpt>
<trkpt lat="49.4005421" lon="9.1748128">
<ele>268.93</ele>
<time>2019-02-17T08:22:20Z</time>
</trkpt>
<trkpt lat="49.4004765" lon="9.1748287">
<ele>268.66</ele>
<time>2019-02-17T08:22:24Z</time>
</trkpt>
<trkpt lat="49.4004115" lon="9.1747867">
<ele>270.36</ele>
<time>2019-02-17T08:22:30Z</time>
</trkpt>
<trkpt lat="49.4003523" lon="9.1747557">
<ele>270.40</ele>
<time>2019-02-17T08:22:34Z</time>
</trkpt>
<trkpt lat="49.4003320" lon="9.1746712">
<ele>269.49</ele>
<time>2019-02-17T08:22:38Z</time>
</trkpt>
<trkpt lat="49.4003074" lon="9.1746082">
<ele>269.41</ele>
<time>2019-02-17T08:22:42Z</time>
</trkpt>
<trkpt lat="49.4003064" lon="9.1745369">
<ele>270.10</ele>
<time>2019-02-17T08:22:46Z</time>
</trkpt>
<trkpt lat="49.4003236" lon="9.1744552">
<ele>271.29</ele>
<time>2019-02-17T08:22:50Z</time>
</trkpt>
<trkpt lat="49.4003436" lon="9.1743933">
<ele>272.30</ele>
<time>2019-02-17T08:22:54Z</time>
</trkpt>
<trkpt lat="49.4003503" lon="9.1743229">
<ele>274.08</ele>
<time>2019-02-17T08:23:20Z</time>
</trkpt>
<trkpt lat="49.4003578" lon="9.1742459">
<ele>275.28</ele>
<time>2019-02-17T08:23:24Z</time>
</trkpt>
<trkpt lat="49.4003810" lon="9.1741851">
<ele>275.60</ele>
<time>2019-02-17T08:23:28Z</time>
</trkpt>
<trkpt lat="49.4004077" lon="9.1741121">
<ele>288.16</ele>
<time>2019-02-17T08:23:32Z</time>
</trkpt>
<trkpt lat="49.4004284" lon="9.1740330">
<ele>277.95</ele>
<time>2019-02-17T08:23:38Z</time>
</trkpt>
<trkpt lat="49.4004587" lon="9.1739547">
<ele>277.35</ele>
<time>2019-02-17T08:23:44Z</time>
</trkpt>
<trkpt lat="49.4004567" lon="9.1738827">
<ele>277.40</ele>
<time>2019-02-17T08:23:48Z</time>
</trkpt>
<trkpt lat="49.4004655" lon="9.1737776">
<ele>277.68</ele>
<time>2019-02-17T08:23:54Z</time>
</trkpt>
<trkpt lat="49.4004654" lon="9.1737059">
<ele>277.64</ele>
<time>2019-02-17T08:23:58Z</time>
</trkpt>
<trkpt lat="49.4004704" lon="9.1736260">
<ele>277.42</ele>
<time>2019-02-17T08:24:02Z</time>
</trkpt>
<trkpt lat="49.4004909" lon="9.1735492">
<ele>278.10</ele>
<time>2019-02-17T08:24:06Z</time>
</trkpt>
<trkpt lat="49.4005047" lon="9.1734696">
<ele>278.38</ele>
<time>2019-02-17T08:24:10Z</time>
</trkpt>
<trkpt lat="49.4005187" lon="9.1733782">
<ele>277.91</ele>
<time>2019-02-17T08:24:14Z</time>
</trkpt>
<trkpt lat="49.4005086" lon="9.1733055">
<ele>279.06</ele>
<time>2019-02-17T08:24:18Z</time>
</trkpt>
<trkpt lat="49.4005152" lon="9.1732211">
<ele>281.68</ele>
<time>2019-02-17T08:24:22Z</time>
</trkpt>
<trkpt lat="49.4005497" lon="9.1731525">
<ele>280.24</ele>
<time>2019-02-17T08:24:26Z</time>
</trkpt>
<trkpt lat="49.4005576" lon="9.1730745">
<ele>279.48</ele>
<time>2019-02-17T08:24:30Z</time>
</trkpt>
<trkpt lat="49.4005587" lon="9.1730002">
<ele>278.99</ele>
<time>2019-02-17T08:24:34Z</time>
</trkpt>
<trkpt lat="49.4005497" lon="9.1728938">
<ele>277.97</ele>
<time>2019-02-17T08:24:38Z</time>
</trkpt>
<trkpt lat="49.4005860" lon="9.1728224">
<ele>275.84</ele>
<time>2019-02-17T08:24:42Z</time>
</trkpt>
<trkpt lat="49.4005934" lon="9.1727408">
<ele>274.57</ele>
<time>2019-02-17T08:24:48Z</time>
</trkpt>
<trkpt lat="49.4006286" lon="9.1726565">
<ele>275.12</ele>
<time>2019-02-17T08:24:52Z</time>
</trkpt>
<trkpt lat="49.4005983" lon="9.1725551">
<ele>276.65</ele>
<time>2019-02-17T08:24:58Z</time>
</trkpt>
<trkpt lat="49.4006031" lon="9.1724594">
<ele>275.94</ele>
<time>2019-02-17T08:25:02Z</time>
</trkpt>
<trkpt lat="49.4005817" lon="9.1723530">
<ele>275.17</ele>
<time>2019-02-17T08:25:06Z</time>
</trkpt>
<trkpt lat="49.4005856" lon="9.1722318">
<ele>275.38</ele>
<time>2019-02-17T08:25:10Z</time>
</trkpt>
<trkpt lat="49.4005547" lon="9.1721130">
<ele>274.49</ele>
<time>2019-02-17T08:25:14Z</time>
</trkpt>
<trkpt lat="49.4005119" lon="9.1720753">
<ele>275.11</ele>
<time>2019-02-17T08:25:18Z</time>
</trkpt>
<trkpt lat="49.4005450" lon="9.1719864">
<ele>275.38</ele>
<time>2019-02-17T08:25:22Z</time>
</trkpt>
<trkpt lat="49.4005509" lon="9.1718658">
<ele>275.19</ele>
<time>2019-02-17T08:25:26Z</time>
</trkpt>
<trkpt lat="49.4005723" lon="9.1717563">
<ele>276.99</ele>
<time>2019-02-17T08:25:30Z</time>
</trkpt>
<trkpt lat="49.4005756" lon="9.1716438">
<ele>277.58</ele>
<time>2019-02-17T08:25:34Z</time>
</trkpt>
<trkpt lat="49.4005748" lon="9.1715384">
<ele>279.03</ele>
<time>2019-02-17T08:25:38Z</time>
</trkpt>
<trkpt lat="49.4005812" lon="9.1714478">
<ele>278.04</ele>
<time>2019-02-17T08:25:42Z</time>
</trkpt>
<trkpt lat="49.4005840" lon="9.1713724">
<ele>280.68</ele>
<time>2019-02-17T08:25:46Z</time>
</trkpt>
<trkpt lat="49.4005986" lon="9.1712996">
<ele>281.55</ele>
<time>2019-02-17T08:25:50Z</time>
</trkpt>
<trkpt lat="49.4006187" lon="9.1712297">
<ele>281.42</ele>
<time>2019-02-17T08:25:54Z</time>
</trkpt>
<trkpt lat="49.4006127" lon="9.1711541">
<ele>280.70</ele>
<time>2019-02-17T08:25:58Z</time>
</trkpt>
<trkpt lat="49.4006257" lon="9.1710830">
<ele>281.34</ele>
<time>2019-02-17T08:26:02Z</time>
</trkpt>
<trkpt lat="49.4006329" lon="9.1710046">
<ele>280.43</ele>
<time>2019-02-17T08:26:08Z</time>
</trkpt>
<trkpt lat="49.4006431" lon="9.1709209">
<ele>279.50</ele>
<time>2019-02-17T08:26:12Z</time>
</trkpt>
<trkpt lat="49.4006489" lon="9.1708480">
<ele>279.41</ele>
<time>2019-02-17T08:26:16Z</time>
</trkpt>
<trkpt lat="49.4006450" lon="9.1707654">
<ele>280.31</ele>
<time>2019-02-17T08:26:20Z</time>
</trkpt>
<trkpt lat="49.4006491" lon="9.1706795">
<ele>280.18</ele>
<time>2019-02-17T08:26:24Z</time>
</trkpt>
<trkpt lat="49.4006437" lon="9.1705983">
<ele>280.38</ele>
<time>2019-02-17T08:26:28Z</time>
</trkpt>
<trkpt lat="49.4006505" lon="9.1705236">
<ele>280.40</ele>
<time>2019-02-17T08:26:32Z</time>
</trkpt>
<trkpt lat="49.4006582" lon="9.1704449">
<ele>280.40</ele>
<time>2019-02-17T08:26:36Z</time>
</trkpt>
<trkpt lat="49.4006763" lon="9.1703572">
<ele>279.70</ele>
<time>2019-02-17T08:26:40Z</time>
</trkpt>
<trkpt lat="49.4007026" lon="9.1702853">
<ele>277.82</ele>
<time>2019-02-17T08:26:44Z</time>
</trkpt>
<trkpt lat="49.4007321" lon="9.1702286">
<ele>276.74</ele>
<time>2019-02-17T08:26:48Z</time>
</trkpt>
<trkpt lat="49.4007815" lon="9.1701712">
<ele>275.52</ele>
<time>2019-02-17T08:26:52Z</time>
</trkpt>
<trkpt lat="49.4008325" lon="9.1701420">
<ele>275.41</ele>
<time>2019-02-17T08:26:56Z</time>
</trkpt>
<trkpt lat="49.4008842" lon="9.1701170">
<ele>275.61</ele>
<time>2019-02-17T08:27:00Z</time>
</trkpt>
<trkpt lat="49.4009047" lon="9.1700361">
<ele>275.19</ele>
<time>2019-02-17T08:27:08Z</time>
</trkpt>
<trkpt lat="49.4009517" lon="9.1700218">
<ele>277.09</ele>
<time>2019-02-17T08:27:54Z</time>
</trkpt>
<trkpt lat="49.4009862" lon="9.1699562">
<ele>277.45</ele>
<time>2019-02-17T08:28:00Z</time>
</trkpt>
<trkpt lat="49.4010483" lon="9.1699536">
<ele>278.35</ele>
<time>2019-02-17T08:28:10Z</time>
</trkpt>
<trkpt lat="49.4011075" lon="9.1699090">
<ele>280.71</ele>
<time>2019-02-17T08:28:14Z</time>
</trkpt>
<trkpt lat="49.4011579" lon="9.1698986">
<ele>278.68</ele>
<time>2019-02-17T08:28:18Z</time>
</trkpt>
<trkpt lat="49.4012036" lon="9.1698711">
<ele>277.52</ele>
<time>2019-02-17T08:28:22Z</time>
</trkpt>
<trkpt lat="49.4012795" lon="9.1698873">
<ele>283.64</ele>
<time>2019-02-17T08:28:26Z</time>
</trkpt>
<trkpt lat="49.4013346" lon="9.1698629">
<ele>290.00</ele>
<time>2019-02-17T08:28:30Z</time>
</trkpt>
<trkpt lat="49.4014032" lon="9.1698660">
<ele>285.19</ele>
<time>2019-02-17T08:28:34Z</time>
</trkpt>
<trkpt lat="49.4014507" lon="9.1698415">
<ele>285.87</ele>
<time>2019-02-17T08:28:38Z</time>
</trkpt>
<trkpt lat="49.4015023" lon="9.1697839">
<ele>290.98</ele>
<time>2019-02-17T08:28:42Z</time>
</trkpt>
<trkpt lat="49.4015567" lon="9.1697328">
<ele>294.58</ele>
<time>2019-02-17T08:28:46Z</time>
</trkpt>
<trkpt lat="49.4015681" lon="9.1696451">
<ele>296.03</ele>
<time>2019-02-17T08:28:50Z</time>
</trkpt>
<trkpt lat="49.4016442" lon="9.1696316">
<ele>295.67</ele>
<time>2019-02-17T08:28:54Z</time>
</trkpt>
<trkpt lat="49.4017025" lon="9.1695965">
<ele>296.53</ele>
<time>2019-02-17T08:29:00Z</time>
</trkpt>
<trkpt lat="49.4017570" lon="9.1695418">
<ele>296.38</ele>
<time>2019-02-17T08:29:08Z</time>
</trkpt>
<trkpt lat="49.4018106" lon="9.1695445">
<ele>297.52</ele>
<time>2019-02-17T08:29:12Z</time>
</trkpt>
<trkpt lat="49.4018856" lon="9.1694570">
<ele>299.30</ele>
<time>2019-02-17T08:29:16Z</time>
</trkpt>
<trkpt lat="49.4019196" lon="9.1693892">
<ele>302.17</ele>
<time>2019-02-17T08:29:18Z</time>
</trkpt>
<trkpt lat="49.4019643" lon="9.1693407">
<ele>303.29</ele>
<time>2019-02-17T08:29:22Z</time>
</trkpt>
<trkpt lat="49.4020126" lon="9.1692786">
<ele>302.78</ele>
<time>2019-02-17T08:29:30Z</time>
</trkpt>
<trkpt lat="49.4020585" lon="9.1692754">
<ele>302.23</ele>
<time>2019-02-17T08:29:34Z</time>
</trkpt>
<trkpt lat="49.4021017" lon="9.1692250">
<ele>302.04</ele>
<time>2019-02-17T08:29:40Z</time>
</trkpt>
<trkpt lat="49.4021618" lon="9.1691837">
<ele>302.16</ele>
<time>2019-02-17T08:29:44Z</time>
</trkpt>
<trkpt lat="49.4022015" lon="9.1691081">
<ele>300.98</ele>
<time>2019-02-17T08:29:48Z</time>
</trkpt>
<trkpt lat="49.4022409" lon="9.1690259">
<ele>301.37</ele>
<time>2019-02-17T08:29:52Z</time>
</trkpt>
<trkpt lat="49.4022781" lon="9.1689709">
<ele>297.97</ele>
<time>2019-02-17T08:29:56Z</time>
</trkpt>
<trkpt lat="49.4023183" lon="9.1688963">
<ele>297.84</ele>
<time>2019-02-17T08:30:02Z</time>
</trkpt>
<trkpt lat="49.4023666" lon="9.1687955">
<ele>301.52</ele>
<time>2019-02-17T08:30:08Z</time>
</trkpt>
<trkpt lat="49.4024126" lon="9.1687406">
<ele>300.71</ele>
<time>2019-02-17T08:30:12Z</time>
</trkpt>
<trkpt lat="49.4024724" lon="9.1686771">
<ele>300.43</ele>
<time>2019-02-17T08:30:16Z</time>
</trkpt>
<trkpt lat="49.4025162" lon="9.1686115">
<ele>299.22</ele>
<time>2019-02-17T08:30:20Z</time>
</trkpt>
<trkpt lat="49.4025603" lon="9.1685508">
<ele>300.24</ele>
<time>2019-02-17T08:30:28Z</time>
</trkpt>
<trkpt lat="49.4026031" lon="9.1684588">
<ele>301.85</ele>
<time>2019-02-17T08:30:34Z</time>
</trkpt>
<trkpt lat="49.4026350" lon="9.1683736">
<ele>301.44</ele>
<time>2019-02-17T08:30:38Z</time>
</trkpt>
<trkpt lat="49.4026787" lon="9.1683015">
<ele>302.53</ele>
<time>2019-02-17T08:30:42Z</time>
</trkpt>
<trkpt lat="49.4027113" lon="9.1682509">
<ele>305.42</ele>
<time>2019-02-17T08:30:46Z</time>
</trkpt>
<trkpt lat="49.4027694" lon="9.1682188">
<ele>309.39</ele>
<time>2019-02-17T08:30:52Z</time>
</trkpt>
<trkpt lat="49.4028131" lon="9.1681805">
<ele>308.89</ele>
<time>2019-02-17T08:30:58Z</time>
</trkpt>
<trkpt lat="49.4027808" lon="9.1680696">
<ele>310.27</ele>
<time>2019-02-17T08:31:02Z</time>
</trkpt>
<trkpt lat="49.4027816" lon="9.1679908">
<ele>307.66</ele>
<time>2019-02-17T08:31:06Z</time>
</trkpt>
<trkpt lat="49.4028041" lon="9.1679130">
<ele>306.94</ele>
<time>2019-02-17T08:31:10Z</time>
</trkpt>
<trkpt lat="49.4028302" lon="9.1678177">
<ele>312.49</ele>
<time>2019-02-17T08:31:16Z</time>
</trkpt>
<trkpt lat="49.4028762" lon="9.1677132">
<ele>312.90</ele>
<time>2019-02-17T08:31:22Z</time>
</trkpt>
<trkpt lat="49.4029019" lon="9.1676232">
<ele>313.15</ele>
<time>2019-02-17T08:31:26Z</time>
</trkpt>
<trkpt lat="49.4029150" lon="9.1675389">
<ele>311.93</ele>
<time>2019-02-17T08:31:28Z</time>
</trkpt>
<trkpt lat="49.4029221" lon="9.1674549">
<ele>311.03</ele>
<time>2019-02-17T08:31:32Z</time>
</trkpt>
<trkpt lat="49.4029646" lon="9.1674034">
<ele>311.16</ele>
<time>2019-02-17T08:31:36Z</time>
</trkpt>
<trkpt lat="49.4029683" lon="9.1673233">
<ele>309.98</ele>
<time>2019-02-17T08:31:40Z</time>
</trkpt>
<trkpt lat="49.4029956" lon="9.1672659">
<ele>309.67</ele>
<time>2019-02-17T08:31:44Z</time>
</trkpt>
<trkpt lat="49.4030231" lon="9.1671521">
<ele>306.21</ele>
<time>2019-02-17T08:31:48Z</time>
</trkpt>
<trkpt lat="49.4030137" lon="9.1670651">
<ele>310.02</ele>
<time>2019-02-17T08:31:56Z</time>
</trkpt>
<trkpt lat="49.4030390" lon="9.1669652">
<ele>309.97</ele>
<time>2019-02-17T08:32:02Z</time>
</trkpt>
<trkpt lat="49.4030620" lon="9.1668926">
<ele>311.06</ele>
<time>2019-02-17T08:32:06Z</time>
</trkpt>
<trkpt lat="49.4030893" lon="9.1667950">
<ele>307.45</ele>
<time>2019-02-17T08:32:10Z</time>
</trkpt>
<trkpt lat="49.4031004" lon="9.1666993">
<ele>309.93</ele>
<time>2019-02-17T08:32:14Z</time>
</trkpt>
<trkpt lat="49.4031043" lon="9.1666224">
<ele>311.06</ele>
<time>2019-02-17T08:32:18Z</time>
</trkpt>
<trkpt lat="49.4030908" lon="9.1665334">
<ele>314.47</ele>
<time>2019-02-17T08:32:24Z</time>
</trkpt>
<trkpt lat="49.4030560" lon="9.1664386">
<ele>314.96</ele>
<time>2019-02-17T08:32:30Z</time>
</trkpt>
<trkpt lat="49.4030653" lon="9.1663666">
<ele>317.18</ele>
<time>2019-02-17T08:32:34Z</time>
</trkpt>
<trkpt lat="49.4030362" lon="9.1662474">
<ele>313.95</ele>
<time>2019-02-17T08:32:38Z</time>
</trkpt>
<trkpt lat="49.4030528" lon="9.1661364">
<ele>315.76</ele>
<time>2019-02-17T08:32:42Z</time>
</trkpt>
<trkpt lat="49.4030409" lon="9.1660603">
<ele>316.39</ele>
<time>2019-02-17T08:32:48Z</time>
</trkpt>
<trkpt lat="49.4030687" lon="9.1659914">
<ele>317.31</ele>
<time>2019-02-17T08:32:52Z</time>
</trkpt>
<trkpt lat="49.4031054" lon="9.1659040">
<ele>317.13</ele>
<time>2019-02-17T08:32:58Z</time>
</trkpt>
<trkpt lat="49.4031361" lon="9.1658242">
<ele>316.89</ele>
<time>2019-02-17T08:33:02Z</time>
</trkpt>
<trkpt lat="49.4031185" lon="9.1657558">
<ele>315.85</ele>
<time>2019-02-17T08:33:04Z</time>
</trkpt>
<trkpt lat="49.4031468" lon="9.1656306">
<ele>313.83</ele>
<time>2019-02-17T08:33:08Z</time>
</trkpt>
<trkpt lat="49.4031784" lon="9.1655323">
<ele>311.43</ele>
<time>2019-02-17T08:33:10Z</time>
</trkpt>
<trkpt lat="49.4031983" lon="9.1654513">
<ele>310.01</ele>
<time>2019-02-17T08:33:12Z</time>
</trkpt>
<trkpt lat="49.4032243" lon="9.1653791">
<ele>311.69</ele>
<time>2019-02-17T08:33:14Z</time>
</trkpt>
<trkpt lat="49.4032095" lon="9.1654849">
<ele>308.69</ele>
<time>2019-02-17T08:33:16Z</time>
</trkpt>
<trkpt lat="49.4031858" lon="9.1653703">
<ele>300.89</ele>
<time>2019-02-17T08:33:26Z</time>
</trkpt>
<trkpt lat="49.4031771" lon="9.1652540">
<ele>300.94</ele>
<time>2019-02-17T08:33:31Z</time>
</trkpt>
<trkpt lat="49.4031658" lon="9.1651863">
<ele>301.36</ele>
<time>2019-02-17T08:33:35Z</time>
</trkpt>
<trkpt lat="49.4031178" lon="9.1651087">
<ele>301.31</ele>
<time>2019-02-17T08:35:01Z</time>
</trkpt>
<trkpt lat="49.4031070" lon="9.1650272">
<ele>302.79</ele>
<time>2019-02-17T08:35:05Z</time>
</trkpt>
<trkpt lat="49.4030649" lon="9.1650868">
<ele>309.26</ele>
<time>2019-02-17T08:35:30Z</time>
</trkpt>
<trkpt lat="49.4030417" lon="9.1650163">
<ele>304.74</ele>
<time>2019-02-17T08:35:37Z</time>
</trkpt>
<trkpt lat="49.4029744" lon="9.1650237">
<ele>304.40</ele>
<time>2019-02-17T08:35:55Z</time>
</trkpt>
<trkpt lat="49.4029177" lon="9.1650481">
<ele>305.31</ele>
<time>2019-02-17T08:35:59Z</time>
</trkpt>
<trkpt lat="49.4028609" lon="9.1650767">
<ele>304.48</ele>
<time>2019-02-17T08:36:03Z</time>
</trkpt>
<trkpt lat="49.4028123" lon="9.1650903">
<ele>306.46</ele>
<time>2019-02-17T08:36:15Z</time>
</trkpt>
<trkpt lat="49.4027515" lon="9.1651075">
<ele>305.29</ele>
<time>2019-02-17T08:36:19Z</time>
</trkpt>
<trkpt lat="49.4026854" lon="9.1651073">
<ele>303.99</ele>
<time>2019-02-17T08:36:23Z</time>
</trkpt>
<trkpt lat="49.4026429" lon="9.1651301">
<ele>302.76</ele>
<time>2019-02-17T08:36:27Z</time>
</trkpt>
<trkpt lat="49.4025963" lon="9.1651136">
<ele>303.34</ele>
<time>2019-02-17T08:36:31Z</time>
</trkpt>
<trkpt lat="49.4025393" lon="9.1650958">
<ele>304.10</ele>
<time>2019-02-17T08:36:35Z</time>
</trkpt>
<trkpt lat="49.4024622" lon="9.1650781">
<ele>305.99</ele>
<time>2019-02-17T08:36:39Z</time>
</trkpt>
<trkpt lat="49.4023863" lon="9.1650860">
<ele>307.07</ele>
<time>2019-02-17T08:36:43Z</time>
</trkpt>
<trkpt lat="49.4023241" lon="9.1651022">
<ele>307.37</ele>
<time>2019-02-17T08:36:47Z</time>
</trkpt>
<trkpt lat="49.4022738" lon="9.1651544">
<ele>304.95</ele>
<time>2019-02-17T08:36:53Z</time>
</trkpt>
<trkpt lat="49.4022339" lon="9.1652135">
<ele>301.62</ele>
<time>2019-02-17T08:36:59Z</time>
</trkpt>
<trkpt lat="49.4021757" lon="9.1652420">
<ele>300.02</ele>
<time>2019-02-17T08:37:03Z</time>
</trkpt>
<trkpt lat="49.4021226" lon="9.1652678">
<ele>298.55</ele>
<time>2019-02-17T08:37:07Z</time>
</trkpt>
<trkpt lat="49.4020499" lon="9.1652595">
<ele>298.41</ele>
<time>2019-02-17T08:37:13Z</time>
</trkpt>
<trkpt lat="49.4019873" lon="9.1652681">
<ele>300.01</ele>
<time>2019-02-17T08:37:17Z</time>
</trkpt>
<trkpt lat="49.4019058" lon="9.1652870">
<ele>302.68</ele>
<time>2019-02-17T08:37:21Z</time>
</trkpt>
<trkpt lat="49.4018644" lon="9.1653179">
<ele>303.19</ele>
<time>2019-02-17T08:37:23Z</time>
</trkpt>
<trkpt lat="49.4018124" lon="9.1653231">
<ele>302.64</ele>
<time>2019-02-17T08:37:25Z</time>
</trkpt>
<trkpt lat="49.4017463" lon="9.1653640">
<ele>302.63</ele>
<time>2019-02-17T08:37:29Z</time>
</trkpt>
<trkpt lat="49.4016993" lon="9.1653966">
<ele>302.00</ele>
<time>2019-02-17T08:37:33Z</time>
</trkpt>
<trkpt lat="49.4016447" lon="9.1654457">
<ele>303.28</ele>
<time>2019-02-17T08:37:37Z</time>
</trkpt>
<trkpt lat="49.4016073" lon="9.1654871">
<ele>300.87</ele>
<time>2019-02-17T08:37:41Z</time>
</trkpt>
<trkpt lat="49.4015535" lon="9.1655107">
<ele>301.15</ele>
<time>2019-02-17T08:37:45Z</time>
</trkpt>
<trkpt lat="49.4014857" lon="9.1655438">
<ele>299.77</ele>
<time>2019-02-17T08:37:49Z</time>
</trkpt>
<trkpt lat="49.4014211" lon="9.1655175">
<ele>297.10</ele>
<time>2019-02-17T08:37:55Z</time>
</trkpt>
<trkpt lat="49.4013682" lon="9.1655135">
<ele>299.90</ele>
<time>2019-02-17T08:37:59Z</time>
</trkpt>
<trkpt lat="49.4013214" lon="9.1655425">
<ele>299.87</ele>
<time>2019-02-17T08:38:03Z</time>
</trkpt>
<trkpt lat="49.4012593" lon="9.1655428">
<ele>298.53</ele>
<time>2019-02-17T08:38:07Z</time>
</trkpt>
<trkpt lat="49.4011840" lon="9.1655590">
<ele>298.41</ele>
<time>2019-02-17T08:38:11Z</time>
</trkpt>
<trkpt lat="49.4011182" lon="9.1656003">
<ele>294.97</ele>
<time>2019-02-17T08:38:15Z</time>
</trkpt>
<trkpt lat="49.4010469" lon="9.1656159">
<ele>294.24</ele>
<time>2019-02-17T08:38:19Z</time>
</trkpt>
<trkpt lat="49.4009847" lon="9.1656238">
<ele>295.16</ele>
<time>2019-02-17T08:38:25Z</time>
</trkpt>
<trkpt lat="49.4009288" lon="9.1656412">
<ele>296.29</ele>
<time>2019-02-17T08:38:29Z</time>
</trkpt>
<trkpt lat="49.4008643" lon="9.1656355">
<ele>296.11</ele>
<time>2019-02-17T08:38:33Z</time>
</trkpt>
<trkpt lat="49.4007995" lon="9.1656267">
<ele>295.47</ele>
<time>2019-02-17T08:38:37Z</time>
</trkpt>
<trkpt lat="49.4007524" lon="9.1655911">
<ele>297.72</ele>
<time>2019-02-17T08:38:41Z</time>
</trkpt>
<trkpt lat="49.4006961" lon="9.1656379">
<ele>299.84</ele>
<time>2019-02-17T08:38:47Z</time>
</trkpt>
<trkpt lat="49.4006496" lon="9.1656809">
<ele>298.53</ele>
<time>2019-02-17T08:38:51Z</time>
</trkpt>
<trkpt lat="49.4006007" lon="9.1656888">
<ele>296.10</ele>
<time>2019-02-17T08:38:55Z</time>
</trkpt>
<trkpt lat="49.4005366" lon="9.1656993">
<ele>294.56</ele>
<time>2019-02-17T08:38:59Z</time>
</trkpt>
<trkpt lat="49.4004514" lon="9.1657391">
<ele>295.33</ele>
<time>2019-02-17T08:39:03Z</time>
</trkpt>
<trkpt lat="49.4003955" lon="9.1657186">
<ele>293.41</ele>
<time>2019-02-17T08:39:13Z</time>
</trkpt>
<trkpt lat="49.4003312" lon="9.1657128">
<ele>296.69</ele>
<time>2019-02-17T08:39:19Z</time>
</trkpt>
<trkpt lat="49.4002805" lon="9.1657439">
<ele>297.13</ele>
<time>2019-02-17T08:39:23Z</time>
</trkpt>
<trkpt lat="49.4002208" lon="9.1657565">
<ele>297.17</ele>
<time>2019-02-17T08:39:27Z</time>
</trkpt>
<trkpt lat="49.4001682" lon="9.1657812">
<ele>295.45</ele>
<time>2019-02-17T08:39:33Z</time>
</trkpt>
<trkpt lat="49.4001163" lon="9.1657843">
<ele>296.38</ele>
<time>2019-02-17T08:39:39Z</time>
</trkpt>
<trkpt lat="49.4000713" lon="9.1658059">
<ele>295.70</ele>
<time>2019-02-17T08:39:43Z</time>
</trkpt>
<trkpt lat="49.4000158" lon="9.1658324">
<ele>295.64</ele>
<time>2019-02-17T08:39:47Z</time>
</trkpt>
<trkpt lat="49.3999705" lon="9.1658573">
<ele>297.24</ele>
<time>2019-02-17T08:39:51Z</time>
</trkpt>
<trkpt lat="49.3999268" lon="9.1658203">
<ele>296.34</ele>
<time>2019-02-17T08:39:57Z</time>
</trkpt>
<trkpt lat="49.3998683" lon="9.1658183">
<ele>294.09</ele>
<time>2019-02-17T08:40:01Z</time>
</trkpt>
<trkpt lat="49.3997905" lon="9.1658528">
<ele>290.73</ele>
<time>2019-02-17T08:40:05Z</time>
</trkpt>
<trkpt lat="49.3997245" lon="9.1658789">
<ele>292.25</ele>
<time>2019-02-17T08:40:09Z</time>
</trkpt>
<trkpt lat="49.3996738" lon="9.1659105">
<ele>294.21</ele>
<time>2019-02-17T08:40:13Z</time>
</trkpt>
<trkpt lat="49.3996261" lon="9.1659149">
<ele>295.79</ele>
<time>2019-02-17T08:40:17Z</time>
</trkpt>
<trkpt lat="49.3995743" lon="9.1659479">
<ele>297.75</ele>
<time>2019-02-17T08:40:21Z</time>
</trkpt>
<trkpt lat="49.3995178" lon="9.1659508">
<ele>298.34</ele>
<time>2019-02-17T08:40:25Z</time>
</trkpt>
<trkpt lat="49.3994600" lon="9.1659388">
<ele>296.79</ele>
<time>2019-02-17T08:40:29Z</time>
</trkpt>
<trkpt lat="49.3993828" lon="9.1659577">
<ele>298.05</ele>
<time>2019-02-17T08:40:33Z</time>
</trkpt>
<trkpt lat="49.3993028" lon="9.1659605">
<ele>298.16</ele>
<time>2019-02-17T08:40:37Z</time>
</trkpt>
<trkpt lat="49.3992408" lon="9.1660064">
<ele>298.82</ele>
<time>2019-02-17T08:40:43Z</time>
</trkpt>
<trkpt lat="49.3991787" lon="9.1660340">
<ele>298.86</ele>
<time>2019-02-17T08:40:47Z</time>
</trkpt>
<trkpt lat="49.3991226" lon="9.1660320">
<ele>299.35</ele>
<time>2019-02-17T08:40:51Z</time>
</trkpt>
<trkpt lat="49.3990831" lon="9.1660857">
<ele>300.10</ele>
<time>2019-02-17T08:40:55Z</time>
</trkpt>
<trkpt lat="49.3990372" lon="9.1660741">
<ele>303.81</ele>
<time>2019-02-17T08:40:59Z</time>
</trkpt>
<trkpt lat="49.3989770" lon="9.1660989">
<ele>304.56</ele>
<time>2019-02-17T08:41:03Z</time>
</trkpt>
<trkpt lat="49.3989303" lon="9.1661054">
<ele>302.81</ele>
<time>2019-02-17T08:41:07Z</time>
</trkpt>
<trkpt lat="49.3988762" lon="9.1661250">
<ele>302.93</ele>
<time>2019-02-17T08:41:11Z</time>
</trkpt>
<trkpt lat="49.3988202" lon="9.1661459">
<ele>303.57</ele>
<time>2019-02-17T08:41:15Z</time>
</trkpt>
<trkpt lat="49.3987540" lon="9.1661614">
<ele>302.02</ele>
<time>2019-02-17T08:41:19Z</time>
</trkpt>
<trkpt lat="49.3986969" lon="9.1661681">
<ele>302.16</ele>
<time>2019-02-17T08:41:23Z</time>
</trkpt>
<trkpt lat="49.3986302" lon="9.1661523">
<ele>302.12</ele>
<time>2019-02-17T08:41:29Z</time>
</trkpt>
<trkpt lat="49.3985667" lon="9.1661599">
<ele>301.68</ele>
<time>2019-02-17T08:41:33Z</time>
</trkpt>
<trkpt lat="49.3985184" lon="9.1661980">
<ele>301.64</ele>
<time>2019-02-17T08:41:37Z</time>
</trkpt>
<trkpt lat="49.3984604" lon="9.1662242">
<ele>299.81</ele>
<time>2019-02-17T08:41:41Z</time>
</trkpt>
<trkpt lat="49.3983885" lon="9.1662682">
<ele>300.77</ele>
<time>2019-02-17T08:41:45Z</time>
</trkpt>
<trkpt lat="49.3983189" lon="9.1662881">
<ele>300.65</ele>
<time>2019-02-17T08:41:49Z</time>
</trkpt>
<trkpt lat="49.3982616" lon="9.1662890">
<ele>299.72</ele>
<time>2019-02-17T08:41:53Z</time>
</trkpt>
<trkpt lat="49.3982049" lon="9.1662932">
<ele>300.13</ele>
<time>2019-02-17T08:41:57Z</time>
</trkpt>
<trkpt lat="49.3981433" lon="9.1662752">
<ele>299.47</ele>
<time>2019-02-17T08:42:01Z</time>
</trkpt>
<trkpt lat="49.3980949" lon="9.1662726">
<ele>298.01</ele>
<time>2019-02-17T08:42:05Z</time>
</trkpt>
<trkpt lat="49.3980310" lon="9.1662986">
<ele>297.67</ele>
<time>2019-02-17T08:42:09Z</time>
</trkpt>
<trkpt lat="49.3979729" lon="9.1663441">
<ele>297.85</ele>
<time>2019-02-17T08:42:13Z</time>
</trkpt>
<trkpt lat="49.3979215" lon="9.1663982">
<ele>296.04</ele>
<time>2019-02-17T08:42:17Z</time>
</trkpt>
<trkpt lat="49.3978685" lon="9.1664199">
<ele>296.37</ele>
<time>2019-02-17T08:42:21Z</time>
</trkpt>
<trkpt lat="49.3977956" lon="9.1664446">
<ele>293.67</ele>
<time>2019-02-17T08:42:25Z</time>
</trkpt>
<trkpt lat="49.3977412" lon="9.1664391">
<ele>293.43</ele>
<time>2019-02-17T08:42:29Z</time>
</trkpt>
<trkpt lat="49.3976868" lon="9.1664134">
<ele>290.55</ele>
<time>2019-02-17T08:42:35Z</time>
</trkpt>
<trkpt lat="49.3976378" lon="9.1664447">
<ele>289.93</ele>
<time>2019-02-17T08:42:39Z</time>
</trkpt>
<trkpt lat="49.3975723" lon="9.1664598">
<ele>289.45</ele>
<time>2019-02-17T08:42:43Z</time>
</trkpt>
<trkpt lat="49.3975060" lon="9.1664913">
<ele>290.32</ele>
<time>2019-02-17T08:42:47Z</time>
</trkpt>
<trkpt lat="49.3974528" lon="9.1664973">
<ele>292.48</ele>
<time>2019-02-17T08:42:49Z</time>
</trkpt>
<trkpt lat="49.3973872" lon="9.1665167">
<ele>294.02</ele>
<time>2019-02-17T08:42:53Z</time>
</trkpt>
<trkpt lat="49.3973231" lon="9.1665066">
<ele>294.16</ele>
<time>2019-02-17T08:42:57Z</time>
</trkpt>
<trkpt lat="49.3972597" lon="9.1665549">
<ele>295.29</ele>
<time>2019-02-17T08:43:01Z</time>
</trkpt>
<trkpt lat="49.3971862" lon="9.1665841">
<ele>294.69</ele>
<time>2019-02-17T08:43:05Z</time>
</trkpt>
<trkpt lat="49.3971270" lon="9.1665896">
<ele>294.43</ele>
<time>2019-02-17T08:43:09Z</time>
</trkpt>
<trkpt lat="49.3970501" lon="9.1665780">
<ele>293.78</ele>
<time>2019-02-17T08:43:13Z</time>
</trkpt>
<trkpt lat="49.3969927" lon="9.1666084">
<ele>294.63</ele>
<time>2019-02-17T08:43:17Z</time>
</trkpt>
<trkpt lat="49.3969559" lon="9.1666661">
<ele>294.84</ele>
<time>2019-02-17T08:43:21Z</time>
</trkpt>
<trkpt lat="49.3968967" lon="9.1666311">
<ele>289.92</ele>
<time>2019-02-17T08:43:29Z</time>
</trkpt>
<trkpt lat="49.3968442" lon="9.1666175">
<ele>287.96</ele>
<time>2019-02-17T08:43:35Z</time>
</trkpt>
<trkpt lat="49.3967822" lon="9.1666424">
<ele>288.57</ele>
<time>2019-02-17T08:43:39Z</time>
</trkpt>
<trkpt lat="49.3967141" lon="9.1666955">
<ele>287.72</ele>
<time>2019-02-17T08:43:43Z</time>
</trkpt>
<trkpt lat="49.3966526" lon="9.1666921">
<ele>287.22</ele>
<time>2019-02-17T08:43:47Z</time>
</trkpt>
<trkpt lat="49.3965979" lon="9.1666900">
<ele>287.88</ele>
<time>2019-02-17T08:43:53Z</time>
</trkpt>
<trkpt lat="49.3965481" lon="9.1667207">
<ele>288.36</ele>
<time>2019-02-17T08:43:57Z</time>
</trkpt>
<trkpt lat="49.3964791" lon="9.1667337">
<ele>287.70</ele>
<time>2019-02-17T08:44:03Z</time>
</trkpt>
<trkpt lat="49.3964200" lon="9.1667650">
<ele>287.43</ele>
<time>2019-02-17T08:44:07Z</time>
</trkpt>
<trkpt lat="49.3963728" lon="9.1667893">
<ele>288.11</ele>
<time>2019-02-17T08:44:11Z</time>
</trkpt>
<trkpt lat="49.3963191" lon="9.1668263">
<ele>289.29</ele>
<time>2019-02-17T08:44:15Z</time>
</trkpt>
<trkpt lat="49.3962630" lon="9.1668281">
<ele>290.30</ele>
<time>2019-02-17T08:44:19Z</time>
</trkpt>
<trkpt lat="49.3962108" lon="9.1668393">
<ele>291.30</ele>
<time>2019-02-17T08:44:23Z</time>
</trkpt>
<trkpt lat="49.3961528" lon="9.1668779">
<ele>291.39</ele>
<time>2019-02-17T08:44:27Z</time>
</trkpt>
<trkpt lat="49.3960838" lon="9.1669064">
<ele>293.22</ele>
<time>2019-02-17T08:44:31Z</time>
</trkpt>
<trkpt lat="49.3960332" lon="9.1669644">
<ele>294.09</ele>
<time>2019-02-17T08:44:35Z</time>
</trkpt>
<trkpt lat="49.3959700" lon="9.1669822">
<ele>293.48</ele>
<time>2019-02-17T08:44:41Z</time>
</trkpt>
<trkpt lat="49.3959078" lon="9.1669767">
<ele>293.41</ele>
<time>2019-02-17T08:44:45Z</time>
</trkpt>
<trkpt lat="49.3958530" lon="9.1669720">
<ele>297.67</ele>
<time>2019-02-17T08:44:49Z</time>
</trkpt>
<trkpt lat="49.3957786" lon="9.1669472">
<ele>293.37</ele>
<time>2019-02-17T08:44:55Z</time>
</trkpt>
<trkpt lat="49.3957365" lon="9.1670200">
<ele>279.40</ele>
<time>2019-02-17T08:44:59Z</time>
</trkpt>
<trkpt lat="49.3956808" lon="9.1670395">
<ele>280.80</ele>
<time>2019-02-17T08:45:01Z</time>
</trkpt>
<trkpt lat="49.3956311" lon="9.1670486">
<ele>282.62</ele>
<time>2019-02-17T08:45:03Z</time>
</trkpt>
<trkpt lat="49.3955472" lon="9.1670688">
<ele>286.55</ele>
<time>2019-02-17T08:45:07Z</time>
</trkpt>
<trkpt lat="49.3954679" lon="9.1671064">
<ele>291.74</ele>
<time>2019-02-17T08:45:11Z</time>
</trkpt>
<trkpt lat="49.3954027" lon="9.1671249">
<ele>296.47</ele>
<time>2019-02-17T08:45:15Z</time>
</trkpt>
<trkpt lat="49.3953415" lon="9.1671047">
<ele>298.23</ele>
<time>2019-02-17T08:45:19Z</time>
</trkpt>
<trkpt lat="49.3952889" lon="9.1671202">
<ele>297.48</ele>
<time>2019-02-17T08:45:23Z</time>
</trkpt>
<trkpt lat="49.3952417" lon="9.1671468">
<ele>296.71</ele>
<time>2019-02-17T08:45:27Z</time>
</trkpt>
<trkpt lat="49.3951747" lon="9.1671478">
<ele>280.05</ele>
<time>2019-02-17T08:45:31Z</time>
</trkpt>
<trkpt lat="49.3951050" lon="9.1671500">
<ele>281.56</ele>
<time>2019-02-17T08:45:35Z</time>
</trkpt>
<trkpt lat="49.3950746" lon="9.1672085">
<ele>291.03</ele>
<time>2019-02-17T08:45:41Z</time>
</trkpt>
<trkpt lat="49.3950179" lon="9.1672066">
<ele>291.37</ele>
<time>2019-02-17T08:45:45Z</time>
</trkpt>
<trkpt lat="49.3949699" lon="9.1671776">
<ele>292.80</ele>
<time>2019-02-17T08:45:49Z</time>
</trkpt>
<trkpt lat="49.3949107" lon="9.1671678">
<ele>292.48</ele>
<time>2019-02-17T08:45:55Z</time>
</trkpt>
<trkpt lat="49.3948630" lon="9.1672202">
<ele>291.22</ele>
<time>2019-02-17T08:45:59Z</time>
</trkpt>
<trkpt lat="49.3948044" lon="9.1672430">
<ele>289.57</ele>
<time>2019-02-17T08:46:03Z</time>
</trkpt>
<trkpt lat="49.3947525" lon="9.1672879">
<ele>290.82</ele>
<time>2019-02-17T08:46:07Z</time>
</trkpt>
<trkpt lat="49.3947023" lon="9.1672804">
<ele>294.57</ele>
<time>2019-02-17T08:46:11Z</time>
</trkpt>
<trkpt lat="49.3946355" lon="9.1672373">
<ele>296.24</ele>
<time>2019-02-17T08:46:15Z</time>
</trkpt>
<trkpt lat="49.3945753" lon="9.1672558">
<ele>296.39</ele>
<time>2019-02-17T08:46:19Z</time>
</trkpt>
<trkpt lat="49.3945242" lon="9.1672691">
<ele>297.52</ele>
<time>2019-02-17T08:46:23Z</time>
</trkpt>
<trkpt lat="49.3944886" lon="9.1673156">
<ele>296.01</ele>
<time>2019-02-17T08:46:27Z</time>
</trkpt>
<trkpt lat="49.3944414" lon="9.1673207">
<ele>295.97</ele>
<time>2019-02-17T08:46:33Z</time>
</trkpt>
<trkpt lat="49.3943993" lon="9.1673540">
<ele>294.75</ele>
<time>2019-02-17T08:46:37Z</time>
</trkpt>
<trkpt lat="49.3943357" lon="9.1673315">
<ele>293.52</ele>
<time>2019-02-17T08:46:41Z</time>
</trkpt>
<trkpt lat="49.3942838" lon="9.1673353">
<ele>295.02</ele>
<time>2019-02-17T08:46:45Z</time>
</trkpt>
<trkpt lat="49.3942187" lon="9.1673275">
<ele>296.16</ele>
<time>2019-02-17T08:46:51Z</time>
</trkpt>
<trkpt lat="49.3941501" lon="9.1673357">
<ele>296.12</ele>
<time>2019-02-17T08:46:57Z</time>
</trkpt>
<trkpt lat="49.3940973" lon="9.1673474">
<ele>298.22</ele>
<time>2019-02-17T08:47:03Z</time>
</trkpt>
<trkpt lat="49.3940518" lon="9.1673035">
<ele>296.32</ele>
<time>2019-02-17T08:47:15Z</time>
</trkpt>
<trkpt lat="49.3940223" lon="9.1673564">
<ele>295.91</ele>
<time>2019-02-17T08:47:19Z</time>
</trkpt>
<trkpt lat="49.3940149" lon="9.1674573">
<ele>292.56</ele>
<time>2019-02-17T08:47:25Z</time>
</trkpt>
<trkpt lat="49.3939473" lon="9.1674623">
<ele>293.82</ele>
<time>2019-02-17T08:47:29Z</time>
</trkpt>
<trkpt lat="49.3938718" lon="9.1674611">
<ele>293.16</ele>
<time>2019-02-17T08:47:33Z</time>
</trkpt>
<trkpt lat="49.3938195" lon="9.1675027">
<ele>289.50</ele>
<time>2019-02-17T08:47:39Z</time>
</trkpt>
<trkpt lat="49.3937742" lon="9.1675455">
<ele>288.71</ele>
<time>2019-02-17T08:47:43Z</time>
</trkpt>
<trkpt lat="49.3937285" lon="9.1675260">
<ele>287.52</ele>
<time>2019-02-17T08:47:47Z</time>
</trkpt>
<trkpt lat="49.3936635" lon="9.1674824">
<ele>287.83</ele>
<time>2019-02-17T08:47:51Z</time>
</trkpt>
<trkpt lat="49.3935970" lon="9.1675249">
<ele>287.65</ele>
<time>2019-02-17T08:47:55Z</time>
</trkpt>
<trkpt lat="49.3935428" lon="9.1675605">
<ele>287.43</ele>
<time>2019-02-17T08:47:59Z</time>
</trkpt>
<trkpt lat="49.3934924" lon="9.1675296">
<ele>285.46</ele>
<time>2019-02-17T08:48:05Z</time>
</trkpt>
<trkpt lat="49.3934226" lon="9.1675425">
<ele>289.75</ele>
<time>2019-02-17T08:48:09Z</time>
</trkpt>
<trkpt lat="49.3933526" lon="9.1675975">
<ele>288.24</ele>
<time>2019-02-17T08:48:13Z</time>
</trkpt>
<trkpt lat="49.3932866" lon="9.1676123">
<ele>284.96</ele>
<time>2019-02-17T08:48:17Z</time>
</trkpt>
<trkpt lat="49.3932289" lon="9.1676488">
<ele>285.40</ele>
<time>2019-02-17T08:48:25Z</time>
</trkpt>
<trkpt lat="49.3931684" lon="9.1676448">
<ele>284.70</ele>
<time>2019-02-17T08:48:29Z</time>
</trkpt>
<trkpt lat="49.3931220" lon="9.1676322">
<ele>281.91</ele>
<time>2019-02-17T08:48:33Z</time>
</trkpt>
<trkpt lat="49.3930588" lon="9.1676468">
<ele>279.84</ele>
<time>2019-02-17T08:48:37Z</time>
</trkpt>
<trkpt lat="49.3929984" lon="9.1676745">
<ele>279.23</ele>
<time>2019-02-17T08:48:41Z</time>
</trkpt>
<trkpt lat="49.3929521" lon="9.1676916">
<ele>280.09</ele>
<time>2019-02-17T08:48:45Z</time>
</trkpt>
<trkpt lat="49.3928848" lon="9.1677257">
<ele>279.46</ele>
<time>2019-02-17T08:48:49Z</time>
</trkpt>
<trkpt lat="49.3928295" lon="9.1677210">
<ele>281.93</ele>
<time>2019-02-17T08:48:53Z</time>
</trkpt>
<trkpt lat="49.3927560" lon="9.1677232">
<ele>281.66</ele>
<time>2019-02-17T08:48:57Z</time>
</trkpt>
<trkpt lat="49.3927004" lon="9.1677275">
<ele>278.13</ele>
<time>2019-02-17T08:49:03Z</time>
</trkpt>
<trkpt lat="49.3926455" lon="9.1677731">
<ele>277.89</ele>
<time>2019-02-17T08:49:07Z</time>
</trkpt>
<trkpt lat="49.3925900" lon="9.1677770">
<ele>277.45</ele>
<time>2019-02-17T08:49:11Z</time>
</trkpt>
<trkpt lat="49.3925335" lon="9.1677735">
<ele>275.73</ele>
<time>2019-02-17T08:49:17Z</time>
</trkpt>
<trkpt lat="49.3924637" lon="9.1678122">
<ele>276.47</ele>
<time>2019-02-17T08:49:23Z</time>
</trkpt>
<trkpt lat="49.3923955" lon="9.1678366">
<ele>274.80</ele>
<time>2019-02-17T08:49:27Z</time>
</trkpt>
<trkpt lat="49.3923435" lon="9.1678631">
<ele>273.53</ele>
<time>2019-02-17T08:49:31Z</time>
</trkpt>
<trkpt lat="49.3922880" lon="9.1678819">
<ele>276.84</ele>
<time>2019-02-17T08:49:35Z</time>
</trkpt>
<trkpt lat="49.3922339" lon="9.1678935">
<ele>277.35</ele>
<time>2019-02-17T08:49:39Z</time>
</trkpt>
<trkpt lat="49.3921816" lon="9.1678906">
<ele>276.49</ele>
<time>2019-02-17T08:49:43Z</time>
</trkpt>
<trkpt lat="49.3921367" lon="9.1678751">
<ele>275.98</ele>
<time>2019-02-17T08:49:49Z</time>
</trkpt>
<trkpt lat="49.3920905" lon="9.1679277">
<ele>275.91</ele>
<time>2019-02-17T08:49:55Z</time>
</trkpt>
<trkpt lat="49.3920357" lon="9.1679217">
<ele>278.31</ele>
<time>2019-02-17T08:50:05Z</time>
</trkpt>
<trkpt lat="49.3919557" lon="9.1679737">
<ele>276.78</ele>
<time>2019-02-17T08:50:09Z</time>
</trkpt>
<trkpt lat="49.3918822" lon="9.1679645">
<ele>274.62</ele>
<time>2019-02-17T08:50:13Z</time>
</trkpt>
<trkpt lat="49.3918266" lon="9.1679694">
<ele>274.42</ele>
<time>2019-02-17T08:50:17Z</time>
</trkpt>
<trkpt lat="49.3917532" lon="9.1680069">
<ele>273.00</ele>
<time>2019-02-17T08:50:21Z</time>
</trkpt>
<trkpt lat="49.3916902" lon="9.1680249">
<ele>272.46</ele>
<time>2019-02-17T08:50:25Z</time>
</trkpt>
<trkpt lat="49.3916467" lon="9.1680600">
<ele>271.71</ele>
<time>2019-02-17T08:50:29Z</time>
</trkpt>
<trkpt lat="49.3915989" lon="9.1680811">
<ele>270.52</ele>
<time>2019-02-17T08:50:33Z</time>
</trkpt>
<trkpt lat="49.3915388" lon="9.1680880">
<ele>269.43</ele>
<time>2019-02-17T08:50:39Z</time>
</trkpt>
<trkpt lat="49.3914926" lon="9.1680927">
<ele>269.41</ele>
<time>2019-02-17T08:50:43Z</time>
</trkpt>
<trkpt lat="49.3914275" lon="9.1681033">
<ele>269.40</ele>
<time>2019-02-17T08:50:49Z</time>
</trkpt>
<trkpt lat="49.3913727" lon="9.1680929">
<ele>269.40</ele>
<time>2019-02-17T08:50:53Z</time>
</trkpt>
<trkpt lat="49.3913169" lon="9.1681045">
<ele>269.40</ele>
<time>2019-02-17T08:50:57Z</time>
</trkpt>
<trkpt lat="49.3912627" lon="9.1681043">
<ele>269.19</ele>
<time>2019-02-17T08:51:01Z</time>
</trkpt>
<trkpt lat="49.3912113" lon="9.1681279">
<ele>269.61</ele>
<time>2019-02-17T08:51:07Z</time>
</trkpt>
<trkpt lat="49.3911507" lon="9.1681438">
<ele>269.42</ele>
<time>2019-02-17T08:51:11Z</time>
</trkpt>
<trkpt lat="49.3911040" lon="9.1681601">
<ele>270.10</ele>
<time>2019-02-17T08:51:15Z</time>
</trkpt>
<trkpt lat="49.3910602" lon="9.1681943">
<ele>270.17</ele>
<time>2019-02-17T08:51:19Z</time>
</trkpt>
<trkpt lat="49.3910032" lon="9.1682100">
<ele>270.38</ele>
<time>2019-02-17T08:51:23Z</time>
</trkpt>
<trkpt lat="49.3909426" lon="9.1682297">
<ele>270.40</ele>
<time>2019-02-17T08:51:27Z</time>
</trkpt>
<trkpt lat="49.3908947" lon="9.1682412">
<ele>270.40</ele>
<time>2019-02-17T08:51:31Z</time>
</trkpt>
<trkpt lat="49.3908465" lon="9.1682416">
<ele>270.40</ele>
<time>2019-02-17T08:51:35Z</time>
</trkpt>
<trkpt lat="49.3907987" lon="9.1682693">
<ele>271.31</ele>
<time>2019-02-17T08:51:39Z</time>
</trkpt>
<trkpt lat="49.3907320" lon="9.1682746">
<ele>270.43</ele>
<time>2019-02-17T08:51:45Z</time>
</trkpt>
<trkpt lat="49.3906710" lon="9.1682898">
<ele>270.41</ele>
<time>2019-02-17T08:51:49Z</time>
</trkpt>
<trkpt lat="49.3906077" lon="9.1682993">
<ele>270.40</ele>
<time>2019-02-17T08:51:53Z</time>
</trkpt>
<trkpt lat="49.3905597" lon="9.1683335">
<ele>270.40</ele>
<time>2019-02-17T08:51:57Z</time>
</trkpt>
<trkpt lat="49.3905054" lon="9.1683268">
<ele>269.49</ele>
<time>2019-02-17T08:52:01Z</time>
</trkpt>
<trkpt lat="49.3904356" lon="9.1683352">
<ele>270.38</ele>
<time>2019-02-17T08:52:07Z</time>
</trkpt>
<trkpt lat="49.3903769" lon="9.1683559">
<ele>270.61</ele>
<time>2019-02-17T08:52:11Z</time>
</trkpt>
<trkpt lat="49.3903256" lon="9.1683957">
<ele>271.54</ele>
<time>2019-02-17T08:52:15Z</time>
</trkpt>
<trkpt lat="49.3902632" lon="9.1684032">
<ele>270.72</ele>
<time>2019-02-17T08:52:19Z</time>
</trkpt>
<trkpt lat="49.3901982" lon="9.1683945">
<ele>269.73</ele>
<time>2019-02-17T08:52:23Z</time>
</trkpt>
<trkpt lat="49.3901318" lon="9.1683873">
<ele>269.43</ele>
<time>2019-02-17T08:52:27Z</time>
</trkpt>
<trkpt lat="49.3900764" lon="9.1684045">
<ele>268.22</ele>
<time>2019-02-17T08:52:31Z</time>
</trkpt>
<trkpt lat="49.3900060" lon="9.1684035">
<ele>266.72</ele>
<time>2019-02-17T08:52:37Z</time>
</trkpt>
<trkpt lat="49.3899481" lon="9.1684134">
<ele>265.73</ele>
<time>2019-02-17T08:52:41Z</time>
</trkpt>
<trkpt lat="49.3898848" lon="9.1684213">
<ele>265.22</ele>
<time>2019-02-17T08:52:45Z</time>
</trkpt>
<trkpt lat="49.3898312" lon="9.1684529">
<ele>266.30</ele>
<time>2019-02-17T08:52:49Z</time>
</trkpt>
<trkpt lat="49.3897678" lon="9.1684620">
<ele>268.37</ele>
<time>2019-02-17T08:52:57Z</time>
</trkpt>
<trkpt lat="49.3897297" lon="9.1685078">
<ele>269.10</ele>
<time>2019-02-17T08:53:01Z</time>
</trkpt>
<trkpt lat="49.3896571" lon="9.1685292">
<ele>268.68</ele>
<time>2019-02-17T08:53:05Z</time>
</trkpt>
<trkpt lat="49.3895947" lon="9.1685551">
<ele>270.25</ele>
<time>2019-02-17T08:53:09Z</time>
</trkpt>
<trkpt lat="49.3895356" lon="9.1685435">
<ele>269.48</ele>
<time>2019-02-17T08:53:13Z</time>
</trkpt>
<trkpt lat="49.3894645" lon="9.1685277">
<ele>270.32</ele>
<time>2019-02-17T08:53:17Z</time>
</trkpt>
<trkpt lat="49.3893999" lon="9.1685595">
<ele>269.70</ele>
<time>2019-02-17T08:53:21Z</time>
</trkpt>
<trkpt lat="49.3893376" lon="9.1686089">
<ele>270.55</ele>
<time>2019-02-17T08:53:25Z</time>
</trkpt>
<trkpt lat="49.3892777" lon="9.1686471">
<ele>268.81</ele>
<time>2019-02-17T08:53:29Z</time>
</trkpt>
<trkpt lat="49.3892143" lon="9.1686530">
<ele>268.69</ele>
<time>2019-02-17T08:53:35Z</time>
</trkpt>
<trkpt lat="49.3891488" lon="9.1686679">
<ele>268.68</ele>
<time>2019-02-17T08:53:41Z</time>
</trkpt>
<trkpt lat="49.3890969" lon="9.1686701">
<ele>269.34</ele>
<time>2019-02-17T08:53:45Z</time>
</trkpt>
<trkpt lat="49.3890474" lon="9.1686852">
<ele>269.19</ele>
<time>2019-02-17T08:53:49Z</time>
</trkpt>
<trkpt lat="49.3889937" lon="9.1687015">
<ele>269.17</ele>
<time>2019-02-17T08:53:53Z</time>
</trkpt>
<trkpt lat="49.3889457" lon="9.1687119">
<ele>270.08</ele>
<time>2019-02-17T08:53:57Z</time>
</trkpt>
<trkpt lat="49.3888973" lon="9.1687415">
<ele>270.37</ele>
<time>2019-02-17T08:54:01Z</time>
</trkpt>
<trkpt lat="49.3888271" lon="9.1687531">
<ele>271.10</ele>
<time>2019-02-17T08:54:05Z</time>
</trkpt>
<trkpt lat="49.3887653" lon="9.1687651">
<ele>271.38</ele>
<time>2019-02-17T08:54:09Z</time>
</trkpt>
<trkpt lat="49.3887133" lon="9.1687633">
<ele>271.61</ele>
<time>2019-02-17T08:54:13Z</time>
</trkpt>
<trkpt lat="49.3886582" lon="9.1687716">
<ele>271.42</ele>
<time>2019-02-17T08:54:17Z</time>
</trkpt>
<trkpt lat="49.3885963" lon="9.1688168">
<ele>271.40</ele>
<time>2019-02-17T08:54:23Z</time>
</trkpt>
<trkpt lat="49.3885439" lon="9.1688424">
<ele>271.40</ele>
<time>2019-02-17T08:54:31Z</time>
</trkpt>
<trkpt lat="49.3884919" lon="9.1688370">
<ele>271.40</ele>
<time>2019-02-17T08:54:35Z</time>
</trkpt>
<trkpt lat="49.3884400" lon="9.1688317">
<ele>271.40</ele>
<time>2019-02-17T08:54:39Z</time>
</trkpt>
<trkpt lat="49.3883790" lon="9.1688755">
<ele>271.40</ele>
<time>2019-02-17T08:54:43Z</time>
</trkpt>
<trkpt lat="49.3883108" lon="9.1688497">
<ele>270.64</ele>
<time>2019-02-17T08:54:51Z</time>
</trkpt>
<trkpt lat="49.3882656" lon="9.1688264">
<ele>271.81</ele>
<time>2019-02-17T08:54:57Z</time>
</trkpt>
<trkpt lat="49.3882156" lon="9.1688505">
<ele>272.92</ele>
<time>2019-02-17T08:54:59Z</time>
</trkpt>
<trkpt lat="49.3881709" lon="9.1688200">
<ele>273.26</ele>
<time>2019-02-17T08:55:02Z</time>
</trkpt>
<trkpt lat="49.3880871" lon="9.1688338">
<ele>272.69</ele>
<time>2019-02-17T08:55:06Z</time>
</trkpt>
<trkpt lat="49.3880217" lon="9.1689193">
<ele>272.64</ele>
<time>2019-02-17T08:55:10Z</time>
</trkpt>
<trkpt lat="49.3879568" lon="9.1689283">
<ele>273.33</ele>
<time>2019-02-17T08:55:14Z</time>
</trkpt>
<trkpt lat="49.3878831" lon="9.1689914">
<ele>273.40</ele>
<time>2019-02-17T08:55:18Z</time>
</trkpt>
<trkpt lat="49.3878233" lon="9.1689793">
<ele>273.19</ele>
<time>2019-02-17T08:55:22Z</time>
</trkpt>
<trkpt lat="49.3877474" lon="9.1689758">
<ele>274.08</ele>
<time>2019-02-17T08:55:26Z</time>
</trkpt>
<trkpt lat="49.3876813" lon="9.1689463">
<ele>274.37</ele>
<time>2019-02-17T08:55:30Z</time>
</trkpt>
<trkpt lat="49.3876331" lon="9.1689240">
<ele>274.89</ele>
<time>2019-02-17T08:55:34Z</time>
</trkpt>
<trkpt lat="49.3875776" lon="9.1689415">
<ele>272.81</ele>
<time>2019-02-17T08:55:40Z</time>
</trkpt>
<trkpt lat="49.3875204" lon="9.1689196">
<ele>271.50</ele>
<time>2019-02-17T08:55:46Z</time>
</trkpt>
<trkpt lat="49.3874577" lon="9.1688872">
<ele>269.80</ele>
<time>2019-02-17T08:55:50Z</time>
</trkpt>
<trkpt lat="49.3874027" lon="9.1688384">
<ele>268.53</ele>
<time>2019-02-17T08:55:54Z</time>
</trkpt>
<trkpt lat="49.3873563" lon="9.1687910">
<ele>266.80</ele>
<time>2019-02-17T08:55:58Z</time>
</trkpt>
<trkpt lat="49.3872913" lon="9.1687854">
<ele>265.53</ele>
<time>2019-02-17T08:56:02Z</time>
</trkpt>
<trkpt lat="49.3872382" lon="9.1687548">
<ele>265.41</ele>
<time>2019-02-17T08:56:06Z</time>
</trkpt>
<trkpt lat="49.3871869" lon="9.1687287">
<ele>265.19</ele>
<time>2019-02-17T08:56:10Z</time>
</trkpt>
<trkpt lat="49.3871414" lon="9.1686882">
<ele>262.86</ele>
<time>2019-02-17T08:56:14Z</time>
</trkpt>
<trkpt lat="49.3870810" lon="9.1686534">
<ele>261.53</ele>
<time>2019-02-17T08:56:18Z</time>
</trkpt>
<trkpt lat="49.3870341" lon="9.1686342">
<ele>261.41</ele>
<time>2019-02-17T08:56:22Z</time>
</trkpt>
<trkpt lat="49.3869840" lon="9.1686206">
<ele>261.40</ele>
<time>2019-02-17T08:56:26Z</time>
</trkpt>
<trkpt lat="49.3869324" lon="9.1686080">
<ele>261.40</ele>
<time>2019-02-17T08:56:30Z</time>
</trkpt>
<trkpt lat="49.3868809" lon="9.1686098">
<ele>261.40</ele>
<time>2019-02-17T08:56:34Z</time>
</trkpt>
<trkpt lat="49.3868189" lon="9.1686107">
<ele>260.49</ele>
<time>2019-02-17T08:56:38Z</time>
</trkpt>
<trkpt lat="49.3867546" lon="9.1686194">
<ele>260.41</ele>
<time>2019-02-17T08:56:42Z</time>
</trkpt>
<trkpt lat="49.3866921" lon="9.1686176">
<ele>260.40</ele>
<time>2019-02-17T08:56:46Z</time>
</trkpt>
<trkpt lat="49.3866261" lon="9.1686070">
<ele>258.09</ele>
<time>2019-02-17T08:56:50Z</time>
</trkpt>
<trkpt lat="49.3865532" lon="9.1686132">
<ele>257.47</ele>
<time>2019-02-17T08:56:54Z</time>
</trkpt>
<trkpt lat="49.3864919" lon="9.1686154">
<ele>257.41</ele>
<time>2019-02-17T08:56:58Z</time>
</trkpt>
<trkpt lat="49.3864178" lon="9.1685965">
<ele>257.40</ele>
<time>2019-02-17T08:57:02Z</time>
</trkpt>
<trkpt lat="49.3863690" lon="9.1685507">
<ele>253.90</ele>
<time>2019-02-17T08:57:04Z</time>
</trkpt>
<trkpt lat="49.3863152" lon="9.1684787">
<ele>254.25</ele>
<time>2019-02-17T08:57:06Z</time>
</trkpt>
<trkpt lat="49.3862781" lon="9.1684280">
<ele>255.06</ele>
<time>2019-02-17T08:57:08Z</time>
</trkpt>
<trkpt lat="49.3862248" lon="9.1684182">
<ele>255.16</ele>
<time>2019-02-17T08:57:12Z</time>
</trkpt>
<trkpt lat="49.3861539" lon="9.1683970">
<ele>257.20</ele>
<time>2019-02-17T08:57:16Z</time>
</trkpt>
<trkpt lat="49.3860979" lon="9.1683243">
<ele>253.46</ele>
<time>2019-02-17T08:57:20Z</time>
</trkpt>
<trkpt lat="49.3860580" lon="9.1682831">
<ele>251.59</ele>
<time>2019-02-17T08:57:24Z</time>
</trkpt>
<trkpt lat="49.3860218" lon="9.1682055">
<ele>252.82</ele>
<time>2019-02-17T08:57:28Z</time>
</trkpt>
<trkpt lat="49.3859722" lon="9.1681628">
<ele>251.53</ele>
<time>2019-02-17T08:57:32Z</time>
</trkpt>
<trkpt lat="49.3859185" lon="9.1681381">
<ele>252.81</ele>
<time>2019-02-17T08:57:36Z</time>
</trkpt>
<trkpt lat="49.3858678" lon="9.1680922">
<ele>252.23</ele>
<time>2019-02-17T08:57:40Z</time>
</trkpt>
<trkpt lat="49.3858317" lon="9.1680395">
<ele>250.57</ele>
<time>2019-02-17T08:57:44Z</time>
</trkpt>
<trkpt lat="49.3857878" lon="9.1679744">
<ele>250.21</ele>
<time>2019-02-17T08:57:48Z</time>
</trkpt>
<trkpt lat="49.3857147" lon="9.1679498">
<ele>250.60</ele>
<time>2019-02-17T08:57:52Z</time>
</trkpt>
<trkpt lat="49.3856465" lon="9.1679153">
<ele>250.84</ele>
<time>2019-02-17T08:57:56Z</time>
</trkpt>
<trkpt lat="49.3855941" lon="9.1678878">
<ele>251.14</ele>
<time>2019-02-17T08:58:00Z</time>
</trkpt>
<trkpt lat="49.3855487" lon="9.1678521">
<ele>251.38</ele>
<time>2019-02-17T08:58:04Z</time>
</trkpt>
<trkpt lat="49.3855036" lon="9.1678301">
<ele>251.89</ele>
<time>2019-02-17T08:58:08Z</time>
</trkpt>
<trkpt lat="49.3854504" lon="9.1677844">
<ele>249.35</ele>
<time>2019-02-17T08:58:12Z</time>
</trkpt>
<trkpt lat="49.3853922" lon="9.1677518">
<ele>248.70</ele>
<time>2019-02-17T08:58:16Z</time>
</trkpt>
<trkpt lat="49.3853215" lon="9.1677275">
<ele>247.50</ele>
<time>2019-02-17T08:58:22Z</time>
</trkpt>
<trkpt lat="49.3852715" lon="9.1677005">
<ele>247.41</ele>
<time>2019-02-17T08:58:26Z</time>
</trkpt>
<trkpt lat="49.3852276" lon="9.1676814">
<ele>247.40</ele>
<time>2019-02-17T08:58:30Z</time>
</trkpt>
<trkpt lat="49.3851749" lon="9.1676774">
<ele>247.40</ele>
<time>2019-02-17T08:58:34Z</time>
</trkpt>
<trkpt lat="49.3851137" lon="9.1675858">
<ele>247.47</ele>
<time>2019-02-17T08:58:38Z</time>
</trkpt>
<trkpt lat="49.3850531" lon="9.1675310">
<ele>246.92</ele>
<time>2019-02-17T08:58:42Z</time>
</trkpt>
<trkpt lat="49.3849765" lon="9.1675069">
<ele>246.66</ele>
<time>2019-02-17T08:58:46Z</time>
</trkpt>
<trkpt lat="49.3849052" lon="9.1675011">
<ele>243.91</ele>
<time>2019-02-17T08:58:50Z</time>
</trkpt>
<trkpt lat="49.3848221" lon="9.1674818">
<ele>244.36</ele>
<time>2019-02-17T08:58:54Z</time>
</trkpt>
<trkpt lat="49.3847533" lon="9.1674720">
<ele>246.92</ele>
<time>2019-02-17T08:58:58Z</time>
</trkpt>
<trkpt lat="49.3846838" lon="9.1674723">
<ele>246.66</ele>
<time>2019-02-17T08:59:02Z</time>
</trkpt>
<trkpt lat="49.3846325" lon="9.1674599">
<ele>247.76</ele>
<time>2019-02-17T08:59:06Z</time>
</trkpt>
<trkpt lat="49.3845759" lon="9.1674556">
<ele>246.03</ele>
<time>2019-02-17T08:59:10Z</time>
</trkpt>
<trkpt lat="49.3845406" lon="9.1673530">
<ele>246.37</ele>
<time>2019-02-17T08:59:14Z</time>
</trkpt>
<trkpt lat="49.3844882" lon="9.1672951">
<ele>247.10</ele>
<time>2019-02-17T08:59:18Z</time>
</trkpt>
<trkpt lat="49.3844392" lon="9.1672769">
<ele>248.08</ele>
<time>2019-02-17T08:59:22Z</time>
</trkpt>
<trkpt lat="49.3843963" lon="9.1672022">
<ele>249.28</ele>
<time>2019-02-17T08:59:26Z</time>
</trkpt>
<trkpt lat="49.3843414" lon="9.1671456">
<ele>249.81</ele>
<time>2019-02-17T08:59:30Z</time>
</trkpt>
<trkpt lat="49.3842792" lon="9.1670949">
<ele>248.53</ele>
<time>2019-02-17T08:59:34Z</time>
</trkpt>
<trkpt lat="49.3842236" lon="9.1670431">
<ele>250.72</ele>
<time>2019-02-17T08:59:38Z</time>
</trkpt>
<trkpt lat="49.3841487" lon="9.1670132">
<ele>252.25</ele>
<time>2019-02-17T08:59:42Z</time>
</trkpt>
<trkpt lat="49.3840959" lon="9.1669350">
<ele>250.84</ele>
<time>2019-02-17T08:59:52Z</time>
</trkpt>
<trkpt lat="49.3840479" lon="9.1668672">
<ele>248.74</ele>
<time>2019-02-17T08:59:58Z</time>
</trkpt>
<trkpt lat="49.3840065" lon="9.1668272">
<ele>247.73</ele>
<time>2019-02-17T09:00:03Z</time>
</trkpt>
<trkpt lat="49.3839642" lon="9.1667804">
<ele>246.73</ele>
<time>2019-02-17T09:00:07Z</time>
</trkpt>
<trkpt lat="49.3839202" lon="9.1667338">
<ele>246.43</ele>
<time>2019-02-17T09:00:11Z</time>
</trkpt>
<trkpt lat="49.3838694" lon="9.1667032">
<ele>245.50</ele>
<time>2019-02-17T09:00:15Z</time>
</trkpt>
<trkpt lat="49.3838231" lon="9.1666711">
<ele>244.50</ele>
<time>2019-02-17T09:00:19Z</time>
</trkpt>
<trkpt lat="49.3837745" lon="9.1666304">
<ele>244.41</ele>
<time>2019-02-17T09:00:23Z</time>
</trkpt>
<trkpt lat="49.3837330" lon="9.1665887">
<ele>244.40</ele>
<time>2019-02-17T09:00:27Z</time>
</trkpt>
<trkpt lat="49.3836916" lon="9.1665565">
<ele>244.19</ele>
<time>2019-02-17T09:00:31Z</time>
</trkpt>
<trkpt lat="49.3836302" lon="9.1665370">
<ele>243.42</ele>
<time>2019-02-17T09:00:37Z</time>
</trkpt>
<trkpt lat="49.3835803" lon="9.1665188">
<ele>243.40</ele>
<time>2019-02-17T09:00:41Z</time>
</trkpt>
<trkpt lat="49.3835182" lon="9.1665080">
<ele>243.40</ele>
<time>2019-02-17T09:01:01Z</time>
</trkpt>
<trkpt lat="49.3834743" lon="9.1664749">
<ele>242.49</ele>
<time>2019-02-17T09:01:05Z</time>
</trkpt>
<trkpt lat="49.3834339" lon="9.1664306">
<ele>242.41</ele>
<time>2019-02-17T09:01:09Z</time>
</trkpt>
<trkpt lat="49.3833914" lon="9.1663959">
<ele>243.10</ele>
<time>2019-02-17T09:01:13Z</time>
</trkpt>
<trkpt lat="49.3833408" lon="9.1663811">
<ele>241.77</ele>
<time>2019-02-17T09:01:17Z</time>
</trkpt>
<trkpt lat="49.3832977" lon="9.1663453">
<ele>242.35</ele>
<time>2019-02-17T09:01:21Z</time>
</trkpt>
<trkpt lat="49.3832538" lon="9.1662783">
<ele>240.46</ele>
<time>2019-02-17T09:01:27Z</time>
</trkpt>
<trkpt lat="49.3831878" lon="9.1662517">
<ele>239.43</ele>
<time>2019-02-17T09:01:33Z</time>
</trkpt>
<trkpt lat="49.3831331" lon="9.1662353">
<ele>238.71</ele>
<time>2019-02-17T09:01:37Z</time>
</trkpt>
<trkpt lat="49.3830892" lon="9.1661926">
<ele>239.34</ele>
<time>2019-02-17T09:01:41Z</time>
</trkpt>
<trkpt lat="49.3830370" lon="9.1661534">
<ele>241.92</ele>
<time>2019-02-17T09:01:45Z</time>
</trkpt>
<trkpt lat="49.3829763" lon="9.1661017">
<ele>242.36</ele>
<time>2019-02-17T09:01:49Z</time>
</trkpt>
<trkpt lat="49.3829204" lon="9.1660800">
<ele>240.79</ele>
<time>2019-02-17T09:01:53Z</time>
</trkpt>
<trkpt lat="49.3828697" lon="9.1660595">
<ele>240.44</ele>
<time>2019-02-17T09:01:57Z</time>
</trkpt>
<trkpt lat="49.3828134" lon="9.1660119">
<ele>239.50</ele>
<time>2019-02-17T09:02:01Z</time>
</trkpt>
<trkpt lat="49.3827648" lon="9.1659915">
<ele>240.11</ele>
<time>2019-02-17T09:02:05Z</time>
</trkpt>
<trkpt lat="49.3827103" lon="9.1660009">
<ele>240.59</ele>
<time>2019-02-17T09:02:09Z</time>
</trkpt>
<trkpt lat="49.3826515" lon="9.1660011">
<ele>240.42</ele>
<time>2019-02-17T09:02:13Z</time>
</trkpt>
<trkpt lat="49.3825840" lon="9.1659920">
<ele>239.91</ele>
<time>2019-02-17T09:02:17Z</time>
</trkpt>
<trkpt lat="49.3825100" lon="9.1659872">
<ele>240.36</ele>
<time>2019-02-17T09:02:21Z</time>
</trkpt>
<trkpt lat="49.3824502" lon="9.1659759">
<ele>241.52</ele>
<time>2019-02-17T09:02:25Z</time>
</trkpt>
<trkpt lat="49.3823923" lon="9.1659763">
<ele>241.41</ele>
<time>2019-02-17T09:02:29Z</time>
</trkpt>
<trkpt lat="49.3823521" lon="9.1659243">
<ele>240.49</ele>
<time>2019-02-17T09:02:33Z</time>
</trkpt>
<trkpt lat="49.3823185" lon="9.1658590">
<ele>240.62</ele>
<time>2019-02-17T09:02:37Z</time>
</trkpt>
<trkpt lat="49.3822737" lon="9.1658089">
<ele>240.42</ele>
<time>2019-02-17T09:02:41Z</time>
</trkpt>
<trkpt lat="49.3822252" lon="9.1657632">
<ele>239.70</ele>
<time>2019-02-17T09:02:45Z</time>
</trkpt>
<trkpt lat="49.3821805" lon="9.1657185">
<ele>237.12</ele>
<time>2019-02-17T09:02:49Z</time>
</trkpt>
<trkpt lat="49.3821490" lon="9.1656587">
<ele>233.31</ele>
<time>2019-02-17T09:02:57Z</time>
</trkpt>
<trkpt lat="49.3821168" lon="9.1656060">
<ele>235.01</ele>
<time>2019-02-17T09:03:03Z</time>
</trkpt>
<trkpt lat="49.3820641" lon="9.1655346">
<ele>236.45</ele>
<time>2019-02-17T09:03:09Z</time>
</trkpt>
<trkpt lat="49.3820279" lon="9.1654892">
<ele>237.32</ele>
<time>2019-02-17T09:03:13Z</time>
</trkpt>
<trkpt lat="49.3819713" lon="9.1654514">
<ele>235.37</ele>
<time>2019-02-17T09:03:17Z</time>
</trkpt>
<trkpt lat="49.3819234" lon="9.1654281">
<ele>234.91</ele>
<time>2019-02-17T09:03:21Z</time>
</trkpt>
<trkpt lat="49.3818782" lon="9.1654075">
<ele>235.15</ele>
<time>2019-02-17T09:03:25Z</time>
</trkpt>
<trkpt lat="49.3818115" lon="9.1653670">
<ele>232.94</ele>
<time>2019-02-17T09:03:31Z</time>
</trkpt>
<trkpt lat="49.3817389" lon="9.1653662">
<ele>233.15</ele>
<time>2019-02-17T09:03:35Z</time>
</trkpt>
<trkpt lat="49.3816772" lon="9.1653428">
<ele>233.87</ele>
<time>2019-02-17T09:03:39Z</time>
</trkpt>
<trkpt lat="49.3816221" lon="9.1653126">
<ele>232.75</ele>
<time>2019-02-17T09:03:43Z</time>
</trkpt>
<trkpt lat="49.3815756" lon="9.1652706">
<ele>234.04</ele>
<time>2019-02-17T09:03:47Z</time>
</trkpt>
<trkpt lat="49.3815243" lon="9.1652334">
<ele>234.37</ele>
<time>2019-02-17T09:03:51Z</time>
</trkpt>
<trkpt lat="49.3814625" lon="9.1652219">
<ele>233.00</ele>
<time>2019-02-17T09:03:55Z</time>
</trkpt>
<trkpt lat="49.3814001" lon="9.1652106">
<ele>232.88</ele>
<time>2019-02-17T09:03:59Z</time>
</trkpt>
<trkpt lat="49.3813340" lon="9.1651921">
<ele>232.35</ele>
<time>2019-02-17T09:04:05Z</time>
</trkpt>
<trkpt lat="49.3812901" lon="9.1652077">
<ele>232.40</ele>
<time>2019-02-17T09:04:09Z</time>
</trkpt>
<trkpt lat="49.3812427" lon="9.1652269">
<ele>228.97</ele>
<time>2019-02-17T09:04:13Z</time>
</trkpt>
<trkpt lat="49.3811892" lon="9.1652728">
<ele>228.45</ele>
<time>2019-02-17T09:04:17Z</time>
</trkpt>
<trkpt lat="49.3811390" lon="9.1652876">
<ele>228.41</ele>
<time>2019-02-17T09:04:21Z</time>
</trkpt>
<trkpt lat="49.3810758" lon="9.1652740">
<ele>227.70</ele>
<time>2019-02-17T09:04:27Z</time>
</trkpt>
<trkpt lat="49.3810318" lon="9.1652545">
<ele>225.82</ele>
<time>2019-02-17T09:04:31Z</time>
</trkpt>
<trkpt lat="49.3809837" lon="9.1652550">
<ele>224.50</ele>
<time>2019-02-17T09:04:37Z</time>
</trkpt>
<trkpt lat="49.3809648" lon="9.1653382">
<ele>223.71</ele>
<time>2019-02-17T09:04:43Z</time>
</trkpt>
<trkpt lat="49.3810117" lon="9.1653975">
<ele>223.41</ele>
<time>2019-02-17T09:04:49Z</time>
</trkpt>
<trkpt lat="49.3810602" lon="9.1654579">
<ele>224.10</ele>
<time>2019-02-17T09:04:55Z</time>
</trkpt>
<trkpt lat="49.3811047" lon="9.1655280">
<ele>224.33</ele>
<time>2019-02-17T09:05:01Z</time>
</trkpt>
<trkpt lat="49.3811168" lon="9.1656049">
<ele>225.10</ele>
<time>2019-02-17T09:05:05Z</time>
</trkpt>
<trkpt lat="49.3811116" lon="9.1657058">
<ele>225.39</ele>
<time>2019-02-17T09:05:11Z</time>
</trkpt>
<trkpt lat="49.3810787" lon="9.1657631">
<ele>226.10</ele>
<time>2019-02-17T09:05:15Z</time>
</trkpt>
<trkpt lat="49.3810317" lon="9.1658129">
<ele>226.17</ele>
<time>2019-02-17T09:05:19Z</time>
</trkpt>
<trkpt lat="49.3810050" lon="9.1658850">
<ele>229.11</ele>
<time>2019-02-17T09:05:23Z</time>
</trkpt>
<trkpt lat="49.3809700" lon="9.1659320">
<ele>230.08</ele>
<time>2019-02-17T09:05:27Z</time>
</trkpt>
<trkpt lat="49.3809239" lon="9.1659705">
<ele>231.07</ele>
<time>2019-02-17T09:05:31Z</time>
</trkpt>
<trkpt lat="49.3808697" lon="9.1660186">
<ele>232.68</ele>
<time>2019-02-17T09:05:48Z</time>
</trkpt>
<trkpt lat="49.3808246" lon="9.1660799">
<ele>233.13</ele>
<time>2019-02-17T09:05:52Z</time>
</trkpt>
<trkpt lat="49.3807924" lon="9.1661317">
<ele>234.02</ele>
<time>2019-02-17T09:05:55Z</time>
</trkpt>
<trkpt lat="49.3807789" lon="9.1662169">
<ele>229.49</ele>
<time>2019-02-17T09:06:03Z</time>
</trkpt>
<trkpt lat="49.3807882" lon="9.1662959">
<ele>226.89</ele>
<time>2019-02-17T09:06:07Z</time>
</trkpt>
<trkpt lat="49.3808061" lon="9.1663690">
<ele>225.33</ele>
<time>2019-02-17T09:06:11Z</time>
</trkpt>
<trkpt lat="49.3808466" lon="9.1664452">
<ele>227.92</ele>
<time>2019-02-17T09:06:15Z</time>
</trkpt>
<trkpt lat="49.3808715" lon="9.1665069">
<ele>229.06</ele>
<time>2019-02-17T09:06:19Z</time>
</trkpt>
<trkpt lat="49.3808941" lon="9.1666065">
<ele>230.30</ele>
<time>2019-02-17T09:06:25Z</time>
</trkpt>
<trkpt lat="49.3809327" lon="9.1666975">
<ele>230.46</ele>
<time>2019-02-17T09:06:31Z</time>
</trkpt>
<trkpt lat="49.3809785" lon="9.1667740">
<ele>231.11</ele>
<time>2019-02-17T09:06:35Z</time>
</trkpt>
<trkpt lat="49.3810237" lon="9.1668160">
<ele>232.08</ele>
<time>2019-02-17T09:06:39Z</time>
</trkpt>
<trkpt lat="49.3810850" lon="9.1668341">
<ele>232.58</ele>
<time>2019-02-17T09:06:43Z</time>
</trkpt>
<trkpt lat="49.3811335" lon="9.1668806">
<ele>232.42</ele>
<time>2019-02-17T09:06:47Z</time>
</trkpt>
<trkpt lat="49.3811529" lon="9.1669679">
<ele>231.28</ele>
<time>2019-02-17T09:06:51Z</time>
</trkpt>
<trkpt lat="49.3811862" lon="9.1670161">
<ele>230.69</ele>
<time>2019-02-17T09:06:55Z</time>
</trkpt>
<trkpt lat="49.3812230" lon="9.1670791">
<ele>231.34</ele>
<time>2019-02-17T09:06:59Z</time>
</trkpt>
<trkpt lat="49.3812571" lon="9.1671363">
<ele>232.52</ele>
<time>2019-02-17T09:07:03Z</time>
</trkpt>
<trkpt lat="49.3812957" lon="9.1672020">
<ele>233.11</ele>
<time>2019-02-17T09:07:07Z</time>
</trkpt>
<trkpt lat="49.3813268" lon="9.1672658">
<ele>234.08</ele>
<time>2019-02-17T09:07:11Z</time>
</trkpt>
<trkpt lat="49.3813534" lon="9.1673513">
<ele>233.48</ele>
<time>2019-02-17T09:07:17Z</time>
</trkpt>
<trkpt lat="49.3813778" lon="9.1674175">
<ele>234.60</ele>
<time>2019-02-17T09:07:21Z</time>
</trkpt>
<trkpt lat="49.3814049" lon="9.1674868">
<ele>234.21</ele>
<time>2019-02-17T09:07:25Z</time>
</trkpt>
<trkpt lat="49.3814321" lon="9.1675515">
<ele>233.69</ele>
<time>2019-02-17T09:07:29Z</time>
</trkpt>
<trkpt lat="49.3814473" lon="9.1676230">
<ele>233.43</ele>
<time>2019-02-17T09:07:33Z</time>
</trkpt>
<trkpt lat="49.3814697" lon="9.1676853">
<ele>234.11</ele>
<time>2019-02-17T09:07:37Z</time>
</trkpt>
<trkpt lat="49.3814950" lon="9.1677792">
<ele>234.33</ele>
<time>2019-02-17T09:07:43Z</time>
</trkpt>
<trkpt lat="49.3815171" lon="9.1678440">
<ele>234.40</ele>
<time>2019-02-17T09:07:47Z</time>
</trkpt>
<trkpt lat="49.3815406" lon="9.1679105">
<ele>234.40</ele>
<time>2019-02-17T09:07:51Z</time>
</trkpt>
<trkpt lat="49.3815661" lon="9.1679822">
<ele>234.40</ele>
<time>2019-02-17T09:07:55Z</time>
</trkpt>
<trkpt lat="49.3815946" lon="9.1680501">
<ele>233.70</ele>
<time>2019-02-17T09:07:59Z</time>
</trkpt>
<trkpt lat="49.3816038" lon="9.1681219">
<ele>234.13</ele>
<time>2019-02-17T09:08:03Z</time>
</trkpt>
<trkpt lat="49.3816353" lon="9.1682222">
<ele>234.40</ele>
<time>2019-02-17T09:08:22Z</time>
</trkpt>
<trkpt lat="49.3816670" lon="9.1682840">
<ele>234.19</ele>
<time>2019-02-17T09:08:26Z</time>
</trkpt>
<trkpt lat="49.3816937" lon="9.1683475">
<ele>234.38</ele>
<time>2019-02-17T09:08:30Z</time>
</trkpt>
<trkpt lat="49.3817178" lon="9.1684134">
<ele>233.49</ele>
<time>2019-02-17T09:08:34Z</time>
</trkpt>
<trkpt lat="49.3817466" lon="9.1684820">
<ele>233.41</ele>
<time>2019-02-17T09:08:38Z</time>
</trkpt>
<trkpt lat="49.3817721" lon="9.1685629">
<ele>232.70</ele>
<time>2019-02-17T09:08:42Z</time>
</trkpt>
<trkpt lat="49.3817983" lon="9.1686352">
<ele>232.43</ele>
<time>2019-02-17T09:08:46Z</time>
</trkpt>
<trkpt lat="49.3818208" lon="9.1687045">
<ele>232.41</ele>
<time>2019-02-17T09:08:50Z</time>
</trkpt>
<trkpt lat="49.3818439" lon="9.1687751">
<ele>231.70</ele>
<time>2019-02-17T09:08:54Z</time>
</trkpt>
<trkpt lat="49.3818745" lon="9.1688448">
<ele>231.43</ele>
<time>2019-02-17T09:08:58Z</time>
</trkpt>
<trkpt lat="49.3818947" lon="9.1689193">
<ele>230.71</ele>
<time>2019-02-17T09:09:02Z</time>
</trkpt>
<trkpt lat="49.3819289" lon="9.1689714">
<ele>230.22</ele>
<time>2019-02-17T09:09:06Z</time>
</trkpt>
<trkpt lat="49.3819586" lon="9.1690336">
<ele>229.69</ele>
<time>2019-02-17T09:09:10Z</time>
</trkpt>
<trkpt lat="49.3819843" lon="9.1690987">
<ele>228.52</ele>
<time>2019-02-17T09:09:14Z</time>
</trkpt>
<trkpt lat="49.3820051" lon="9.1691889">
<ele>229.32</ele>
<time>2019-02-17T09:09:18Z</time>
</trkpt>
<trkpt lat="49.3820294" lon="9.1692600">
<ele>228.70</ele>
<time>2019-02-17T09:09:22Z</time>
</trkpt>
<trkpt lat="49.3820673" lon="9.1693116">
<ele>228.43</ele>
<time>2019-02-17T09:09:26Z</time>
</trkpt>
<trkpt lat="49.3820975" lon="9.1693724">
<ele>227.50</ele>
<time>2019-02-17T09:09:30Z</time>
</trkpt>
<trkpt lat="49.3821404" lon="9.1694365">
<ele>227.41</ele>
<time>2019-02-17T09:09:34Z</time>
</trkpt>
<trkpt lat="49.3821866" lon="9.1694963">
<ele>228.31</ele>
<time>2019-02-17T09:09:38Z</time>
</trkpt>
<trkpt lat="49.3822237" lon="9.1695588">
<ele>229.09</ele>
<time>2019-02-17T09:09:42Z</time>
</trkpt>
<trkpt lat="49.3822549" lon="9.1696157">
<ele>229.17</ele>
<time>2019-02-17T09:09:46Z</time>
</trkpt>
<trkpt lat="49.3822720" lon="9.1696883">
<ele>229.38</ele>
<time>2019-02-17T09:09:50Z</time>
</trkpt>
<trkpt lat="49.3822995" lon="9.1697545">
<ele>228.49</ele>
<time>2019-02-17T09:09:54Z</time>
</trkpt>
<trkpt lat="49.3823251" lon="9.1698215">
<ele>228.41</ele>
<time>2019-02-17T09:09:58Z</time>
</trkpt>
<trkpt lat="49.3823490" lon="9.1698893">
<ele>228.40</ele>
<time>2019-02-17T09:10:02Z</time>
</trkpt>
<trkpt lat="49.3823739" lon="9.1699674">
<ele>228.40</ele>
<time>2019-02-17T09:10:06Z</time>
</trkpt>
<trkpt lat="49.3824179" lon="9.1700120">
<ele>228.40</ele>
<time>2019-02-17T09:10:10Z</time>
</trkpt>
<trkpt lat="49.3824549" lon="9.1700891">
<ele>229.10</ele>
<time>2019-02-17T09:10:14Z</time>
</trkpt>
<trkpt lat="49.3824723" lon="9.1701824">
<ele>228.68</ele>
<time>2019-02-17T09:10:18Z</time>
</trkpt>
<trkpt lat="49.3824851" lon="9.1702502">
<ele>226.61</ele>
<time>2019-02-17T09:10:22Z</time>
</trkpt>
<trkpt lat="49.3825207" lon="9.1702974">
<ele>225.72</ele>
<time>2019-02-17T09:10:26Z</time>
</trkpt>
<trkpt lat="49.3825507" lon="9.1703826">
<ele>226.13</ele>
<time>2019-02-17T09:10:30Z</time>
</trkpt>
<trkpt lat="49.3825819" lon="9.1704614">
<ele>226.38</ele>
<time>2019-02-17T09:10:34Z</time>
</trkpt>
<trkpt lat="49.3826028" lon="9.1705420">
<ele>225.49</ele>
<time>2019-02-17T09:10:38Z</time>
</trkpt>
<trkpt lat="49.3826111" lon="9.1706288">
<ele>225.41</ele>
<time>2019-02-17T09:10:42Z</time>
</trkpt>
<trkpt lat="49.3826310" lon="9.1707011">
<ele>225.61</ele>
<time>2019-02-17T09:10:46Z</time>
</trkpt>
<trkpt lat="49.3826572" lon="9.1707608">
<ele>224.72</ele>
<time>2019-02-17T09:10:50Z</time>
</trkpt>
<trkpt lat="49.3826823" lon="9.1708379">
<ele>224.64</ele>
<time>2019-02-17T09:10:54Z</time>
</trkpt>
<trkpt lat="49.3827117" lon="9.1709161">
<ele>223.72</ele>
<time>2019-02-17T09:10:58Z</time>
</trkpt>
<trkpt lat="49.3827475" lon="9.1709900">
<ele>223.43</ele>
<time>2019-02-17T09:11:02Z</time>
</trkpt>
<trkpt lat="49.3827827" lon="9.1710609">
<ele>223.20</ele>
<time>2019-02-17T09:11:06Z</time>
</trkpt>
<trkpt lat="49.3828080" lon="9.1711240">
<ele>221.77</ele>
<time>2019-02-17T09:11:10Z</time>
</trkpt>
<trkpt lat="49.3828437" lon="9.1711768">
<ele>220.38</ele>
<time>2019-02-17T09:11:34Z</time>
</trkpt>
<trkpt lat="49.3829016" lon="9.1711615">
<ele>220.13</ele>
<time>2019-02-17T09:11:40Z</time>
</trkpt>
<trkpt lat="49.3829626" lon="9.1711184">
<ele>220.40</ele>
<time>2019-02-17T09:11:46Z</time>
</trkpt>
<trkpt lat="49.3830242" lon="9.1710939">
<ele>220.40</ele>
<time>2019-02-17T09:11:52Z</time>
</trkpt>
<trkpt lat="49.3830871" lon="9.1710775">
<ele>221.31</ele>
<time>2019-02-17T09:11:58Z</time>
</trkpt>
<trkpt lat="49.3831330" lon="9.1710674">
<ele>222.09</ele>
<time>2019-02-17T09:12:02Z</time>
</trkpt>
<trkpt lat="49.3831806" lon="9.1710471">
<ele>222.17</ele>
<time>2019-02-17T09:12:06Z</time>
</trkpt>
<trkpt lat="49.3832281" lon="9.1710370">
<ele>222.38</ele>
<time>2019-02-17T09:12:10Z</time>
</trkpt>
<trkpt lat="49.3832731" lon="9.1710242">
<ele>222.40</ele>
<time>2019-02-17T09:12:14Z</time>
</trkpt>
<trkpt lat="49.3833176" lon="9.1710095">
<ele>222.40</ele>
<time>2019-02-17T09:12:18Z</time>
</trkpt>
<trkpt lat="49.3833818" lon="9.1710132">
<ele>223.31</ele>
<time>2019-02-17T09:12:24Z</time>
</trkpt>
<trkpt lat="49.3834083" lon="9.1710732">
<ele>224.09</ele>
<time>2019-02-17T09:12:28Z</time>
</trkpt>
<trkpt lat="49.3834364" lon="9.1711712">
<ele>223.69</ele>
<time>2019-02-17T09:12:34Z</time>
</trkpt>
<trkpt lat="49.3834919" lon="9.1712217">
<ele>222.52</ele>
<time>2019-02-17T09:12:38Z</time>
</trkpt>
<trkpt lat="49.3835384" lon="9.1712769">
<ele>221.50</ele>
<time>2019-02-17T09:12:42Z</time>
</trkpt>
<trkpt lat="49.3835775" lon="9.1713386">
<ele>221.41</ele>
<time>2019-02-17T09:12:46Z</time>
</trkpt>
<trkpt lat="49.3835970" lon="9.1714290">
<ele>221.40</ele>
<time>2019-02-17T09:12:50Z</time>
</trkpt>
<trkpt lat="49.3836269" lon="9.1715148">
<ele>220.49</ele>
<time>2019-02-17T09:12:54Z</time>
</trkpt>
<trkpt lat="49.3836620" lon="9.1715814">
<ele>220.41</ele>
<time>2019-02-17T09:12:58Z</time>
</trkpt>
<trkpt lat="49.3836666" lon="9.1716622">
<ele>220.40</ele>
<time>2019-02-17T09:13:02Z</time>
</trkpt>
<trkpt lat="49.3836960" lon="9.1717325">
<ele>220.40</ele>
<time>2019-02-17T09:13:06Z</time>
</trkpt>
<trkpt lat="49.3837245" lon="9.1717990">
<ele>220.40</ele>
<time>2019-02-17T09:13:10Z</time>
</trkpt>
<trkpt lat="49.3837451" lon="9.1718767">
<ele>220.40</ele>
<time>2019-02-17T09:13:14Z</time>
</trkpt>
<trkpt lat="49.3837365" lon="9.1719508">
<ele>220.40</ele>
<time>2019-02-17T09:13:18Z</time>
</trkpt>
<trkpt lat="49.3837353" lon="9.1720264">
<ele>220.19</ele>
<time>2019-02-17T09:13:22Z</time>
</trkpt>
<trkpt lat="49.3837770" lon="9.1721140">
<ele>220.38</ele>
<time>2019-02-17T09:13:26Z</time>
</trkpt>
<trkpt lat="49.3838226" lon="9.1721925">
<ele>220.40</ele>
<time>2019-02-17T09:13:30Z</time>
</trkpt>
<trkpt lat="49.3838632" lon="9.1722738">
<ele>220.40</ele>
<time>2019-02-17T09:13:34Z</time>
</trkpt>
<trkpt lat="49.3839002" lon="9.1723524">
<ele>220.61</ele>
<time>2019-02-17T09:13:38Z</time>
</trkpt>
<trkpt lat="49.3839377" lon="9.1724252">
<ele>219.51</ele>
<time>2019-02-17T09:13:42Z</time>
</trkpt>
<trkpt lat="49.3839708" lon="9.1725022">
<ele>218.50</ele>
<time>2019-02-17T09:13:46Z</time>
</trkpt>
<trkpt lat="49.3839976" lon="9.1725812">
<ele>218.41</ele>
<time>2019-02-17T09:13:50Z</time>
</trkpt>
<trkpt lat="49.3840161" lon="9.1726562">
<ele>218.40</ele>
<time>2019-02-17T09:13:54Z</time>
</trkpt>
<trkpt lat="49.3840317" lon="9.1727279">
<ele>218.40</ele>
<time>2019-02-17T09:13:58Z</time>
</trkpt>
<trkpt lat="49.3840470" lon="9.1728055">
<ele>217.70</ele>
<time>2019-02-17T09:14:02Z</time>
</trkpt>
<trkpt lat="49.3840700" lon="9.1728770">
<ele>218.34</ele>
<time>2019-02-17T09:14:06Z</time>
</trkpt>
<trkpt lat="49.3841062" lon="9.1729327">
<ele>219.10</ele>
<time>2019-02-17T09:14:10Z</time>
</trkpt>
<trkpt lat="49.3841500" lon="9.1729877">
<ele>219.59</ele>
<time>2019-02-17T09:14:14Z</time>
</trkpt>
<trkpt lat="49.3841971" lon="9.1730314">
<ele>219.42</ele>
<time>2019-02-17T09:14:18Z</time>
</trkpt>
<trkpt lat="49.3842323" lon="9.1730826">
<ele>219.40</ele>
<time>2019-02-17T09:14:22Z</time>
</trkpt>
<trkpt lat="49.3842851" lon="9.1731395">
<ele>220.31</ele>
<time>2019-02-17T09:14:27Z</time>
</trkpt>
<trkpt lat="49.3843289" lon="9.1732221">
<ele>219.48</ele>
<time>2019-02-17T09:14:31Z</time>
</trkpt>
<trkpt lat="49.3843676" lon="9.1732873">
<ele>220.32</ele>
<time>2019-02-17T09:14:35Z</time>
</trkpt>
<trkpt lat="49.3843985" lon="9.1733629">
<ele>220.89</ele>
<time>2019-02-17T09:14:39Z</time>
</trkpt>
<trkpt lat="49.3844366" lon="9.1734309">
<ele>220.66</ele>
<time>2019-02-17T09:14:43Z</time>
</trkpt>
<trkpt lat="49.3844864" lon="9.1734930">
<ele>221.34</ele>
<time>2019-02-17T09:14:47Z</time>
</trkpt>
<trkpt lat="49.3845475" lon="9.1735312">
<ele>221.40</ele>
<time>2019-02-17T09:14:51Z</time>
</trkpt>
<trkpt lat="49.3846006" lon="9.1735750">
<ele>221.40</ele>
<time>2019-02-17T09:14:55Z</time>
</trkpt>
<trkpt lat="49.3846544" lon="9.1736127">
<ele>220.49</ele>
<time>2019-02-17T09:14:59Z</time>
</trkpt>
<trkpt lat="49.3847018" lon="9.1736748">
<ele>220.41</ele>
<time>2019-02-17T09:15:03Z</time>
</trkpt>
<trkpt lat="49.3847435" lon="9.1737456">
<ele>220.40</ele>
<time>2019-02-17T09:15:07Z</time>
</trkpt>
<trkpt lat="49.3847866" lon="9.1738119">
<ele>220.40</ele>
<time>2019-02-17T09:15:11Z</time>
</trkpt>
<trkpt lat="49.3848271" lon="9.1738766">
<ele>219.70</ele>
<time>2019-02-17T09:15:15Z</time>
</trkpt>
<trkpt lat="49.3848820" lon="9.1739377">
<ele>218.38</ele>
<time>2019-02-17T09:15:21Z</time>
</trkpt>
<trkpt lat="49.3849192" lon="9.1739886">
<ele>219.31</ele>
<time>2019-02-17T09:15:25Z</time>
</trkpt>
<trkpt lat="49.3849653" lon="9.1740295">
<ele>220.09</ele>
<time>2019-02-17T09:15:29Z</time>
</trkpt>
<trkpt lat="49.3850057" lon="9.1740705">
<ele>220.38</ele>
<time>2019-02-17T09:15:33Z</time>
</trkpt>
<trkpt lat="49.3850420" lon="9.1741226">
<ele>220.40</ele>
<time>2019-02-17T09:15:37Z</time>
</trkpt>
<trkpt lat="49.3850868" lon="9.1741679">
<ele>220.40</ele>
<time>2019-02-17T09:15:41Z</time>
</trkpt>
<trkpt lat="49.3851361" lon="9.1741859">
<ele>220.40</ele>
<time>2019-02-17T09:15:45Z</time>
</trkpt>
<trkpt lat="49.3851812" lon="9.1741933">
<ele>219.49</ele>
<time>2019-02-17T09:15:49Z</time>
</trkpt>
<trkpt lat="49.3852191" lon="9.1742530">
<ele>218.99</ele>
<time>2019-02-17T09:15:53Z</time>
</trkpt>
<trkpt lat="49.3852787" lon="9.1742919">
<ele>220.07</ele>
<time>2019-02-17T09:15:57Z</time>
</trkpt>
<trkpt lat="49.3853257" lon="9.1743406">
<ele>220.37</ele>
<time>2019-02-17T09:16:01Z</time>
</trkpt>
<trkpt lat="49.3853494" lon="9.1744235">
<ele>220.19</ele>
<time>2019-02-17T09:16:05Z</time>
</trkpt>
<trkpt lat="49.3853948" lon="9.1744601">
<ele>221.08</ele>
<time>2019-02-17T09:16:09Z</time>
</trkpt>
<trkpt lat="49.3854449" lon="9.1745087">
<ele>219.06</ele>
<time>2019-02-17T09:16:13Z</time>
</trkpt>
<trkpt lat="49.3854902" lon="9.1745440">
<ele>218.18</ele>
<time>2019-02-17T09:16:17Z</time>
</trkpt>
<trkpt lat="49.3855462" lon="9.1745247">
<ele>217.28</ele>
<time>2019-02-17T09:16:23Z</time>
</trkpt>
<trkpt lat="49.3856066" lon="9.1745783">
<ele>218.30</ele>
<time>2019-02-17T09:16:27Z</time>
</trkpt>
<trkpt lat="49.3856580" lon="9.1746149">
<ele>218.88</ele>
<time>2019-02-17T09:16:31Z</time>
</trkpt>
<trkpt lat="49.3857030" lon="9.1746825">
<ele>219.15</ele>
<time>2019-02-17T09:16:35Z</time>
</trkpt>
<trkpt lat="49.3857567" lon="9.1747295">
<ele>220.78</ele>
<time>2019-02-17T09:16:39Z</time>
</trkpt>
<trkpt lat="49.3858099" lon="9.1747727">
<ele>222.96</ele>
<time>2019-02-17T09:16:43Z</time>
</trkpt>
<trkpt lat="49.3858590" lon="9.1748209">
<ele>223.64</ele>
<time>2019-02-17T09:16:47Z</time>
</trkpt>
<trkpt lat="49.3859069" lon="9.1748475">
<ele>223.42</ele>
<time>2019-02-17T09:16:51Z</time>
</trkpt>
<trkpt lat="49.3859486" lon="9.1748764">
<ele>223.40</ele>
<time>2019-02-17T09:16:55Z</time>
</trkpt>
<trkpt lat="49.3860119" lon="9.1748928">
<ele>223.61</ele>
<time>2019-02-17T09:17:01Z</time>
</trkpt>
<trkpt lat="49.3860725" lon="9.1748997">
<ele>222.65</ele>
<time>2019-02-17T09:17:07Z</time>
</trkpt>
<trkpt lat="49.3861337" lon="9.1749559">
<ele>223.11</ele>
<time>2019-02-17T09:17:13Z</time>
</trkpt>
<trkpt lat="49.3861795" lon="9.1749853">
<ele>223.38</ele>
<time>2019-02-17T09:17:17Z</time>
</trkpt>
<trkpt lat="49.3862267" lon="9.1750206">
<ele>224.31</ele>
<time>2019-02-17T09:17:21Z</time>
</trkpt>
<trkpt lat="49.3862779" lon="9.1750436">
<ele>224.39</ele>
<time>2019-02-17T09:17:25Z</time>
</trkpt>
<trkpt lat="49.3863364" lon="9.1750648">
<ele>225.38</ele>
<time>2019-02-17T09:17:31Z</time>
</trkpt>
<trkpt lat="49.3864068" lon="9.1750766">
<ele>225.13</ele>
<time>2019-02-17T09:17:37Z</time>
</trkpt>
<trkpt lat="49.3864706" lon="9.1750739">
<ele>226.08</ele>
<time>2019-02-17T09:17:41Z</time>
</trkpt>
<trkpt lat="49.3865308" lon="9.1750789">
<ele>227.28</ele>
<time>2019-02-17T09:17:45Z</time>
</trkpt>
<trkpt lat="49.3865754" lon="9.1750938">
<ele>227.39</ele>
<time>2019-02-17T09:17:49Z</time>
</trkpt>
<trkpt lat="49.3865978" lon="9.1751747">
<ele>228.31</ele>
<time>2019-02-17T09:17:55Z</time>
</trkpt>
<trkpt lat="49.3866311" lon="9.1752465">
<ele>228.39</ele>
<time>2019-02-17T09:17:59Z</time>
</trkpt>
<trkpt lat="49.3866444" lon="9.1753340">
<ele>228.40</ele>
<time>2019-02-17T09:18:03Z</time>
</trkpt>
<trkpt lat="49.3866298" lon="9.1754255">
<ele>227.70</ele>
<time>2019-02-17T09:18:07Z</time>
</trkpt>
<trkpt lat="49.3866264" lon="9.1755020">
<ele>228.13</ele>
<time>2019-02-17T09:18:11Z</time>
</trkpt>
<trkpt lat="49.3866254" lon="9.1755770">
<ele>228.38</ele>
<time>2019-02-17T09:18:15Z</time>
</trkpt>
<trkpt lat="49.3866008" lon="9.1756714">
<ele>228.40</ele>
<time>2019-02-17T09:18:19Z</time>
</trkpt>
<trkpt lat="49.3865780" lon="9.1757604">
<ele>228.40</ele>
<time>2019-02-17T09:18:23Z</time>
</trkpt>
<trkpt lat="49.3865612" lon="9.1758432">
<ele>227.70</ele>
<time>2019-02-17T09:18:27Z</time>
</trkpt>
<trkpt lat="49.3865183" lon="9.1758831">
<ele>224.13</ele>
<time>2019-02-17T09:18:33Z</time>
</trkpt>
<trkpt lat="49.3864686" lon="9.1759488">
<ele>221.75</ele>
<time>2019-02-17T09:18:39Z</time>
</trkpt>
<trkpt lat="49.3864405" lon="9.1760086">
<ele>220.73</ele>
<time>2019-02-17T09:18:43Z</time>
</trkpt>
<trkpt lat="49.3864199" lon="9.1760828">
<ele>219.73</ele>
<time>2019-02-17T09:18:47Z</time>
</trkpt>
<trkpt lat="49.3863873" lon="9.1761719">
<ele>218.73</ele>
<time>2019-02-17T09:18:51Z</time>
</trkpt>
<trkpt lat="49.3863529" lon="9.1762224">
<ele>218.43</ele>
<time>2019-02-17T09:18:55Z</time>
</trkpt>
<trkpt lat="49.3863299" lon="9.1763080">
<ele>216.52</ele>
<time>2019-02-17T09:19:01Z</time>
</trkpt>
<trkpt lat="49.3862958" lon="9.1764064">
<ele>213.89</ele>
<time>2019-02-17T09:19:05Z</time>
</trkpt>
<trkpt lat="49.3862838" lon="9.1765046">
<ele>214.33</ele>
<time>2019-02-17T09:19:11Z</time>
</trkpt>
<trkpt lat="49.3862763" lon="9.1766178">
<ele>213.43</ele>
<time>2019-02-17T09:19:17Z</time>
</trkpt>
<trkpt lat="49.3862943" lon="9.1767075">
<ele>210.12</ele>
<time>2019-02-17T09:19:23Z</time>
</trkpt>
<trkpt lat="49.3863338" lon="9.1767566">
<ele>210.46</ele>
<time>2019-02-17T09:19:30Z</time>
</trkpt>
<trkpt lat="49.3863298" lon="9.1768420">
<ele>209.71</ele>
<time>2019-02-17T09:19:34Z</time>
</trkpt>
<trkpt lat="49.3863073" lon="9.1769466">
<ele>208.79</ele>
<time>2019-02-17T09:19:36Z</time>
</trkpt>
<trkpt lat="49.3862742" lon="9.1770310">
<ele>209.92</ele>
<time>2019-02-17T09:19:38Z</time>
</trkpt>
<trkpt lat="49.3862527" lon="9.1771122">
<ele>210.26</ele>
<time>2019-02-17T09:19:40Z</time>
</trkpt>
<trkpt lat="49.3862378" lon="9.1772039">
<ele>208.78</ele>
<time>2019-02-17T09:19:44Z</time>
</trkpt>
<trkpt lat="49.3862203" lon="9.1773067">
<ele>208.23</ele>
<time>2019-02-17T09:19:48Z</time>
</trkpt>
<trkpt lat="49.3861977" lon="9.1774200">
<ele>208.60</ele>
<time>2019-02-17T09:19:52Z</time>
</trkpt>
<trkpt lat="49.3861838" lon="9.1775063">
<ele>208.41</ele>
<time>2019-02-17T09:19:58Z</time>
</trkpt>
<trkpt lat="49.3861896" lon="9.1776138">
<ele>208.40</ele>
<time>2019-02-17T09:20:02Z</time>
</trkpt>
<trkpt lat="49.3861739" lon="9.1776882">
<ele>207.70</ele>
<time>2019-02-17T09:20:06Z</time>
</trkpt>
<trkpt lat="49.3861850" lon="9.1777895">
<ele>206.03</ele>
<time>2019-02-17T09:20:10Z</time>
</trkpt>
<trkpt lat="49.3861389" lon="9.1778779">
<ele>206.86</ele>
<time>2019-02-17T09:20:14Z</time>
</trkpt>
<trkpt lat="49.3861504" lon="9.1779898">
<ele>207.35</ele>
<time>2019-02-17T09:20:18Z</time>
</trkpt>
<trkpt lat="49.3861770" lon="9.1780716">
<ele>207.19</ele>
<time>2019-02-17T09:20:22Z</time>
</trkpt>
<trkpt lat="49.3861592" lon="9.1781465">
<ele>205.98</ele>
<time>2019-02-17T09:20:26Z</time>
</trkpt>
<trkpt lat="49.3861388" lon="9.1782132">
<ele>202.63</ele>
<time>2019-02-17T09:20:32Z</time>
</trkpt>
<trkpt lat="49.3861405" lon="9.1783284">
<ele>198.50</ele>
<time>2019-02-17T09:20:36Z</time>
</trkpt>
<trkpt lat="49.3861252" lon="9.1784026">
<ele>196.59</ele>
<time>2019-02-17T09:20:40Z</time>
</trkpt>
<trkpt lat="49.3860952" lon="9.1784635">
<ele>195.76</ele>
<time>2019-02-17T09:20:42Z</time>
</trkpt>
<trkpt lat="49.3860222" lon="9.1785294">
<ele>195.39</ele>
<time>2019-02-17T09:21:01Z</time>
</trkpt>
<trkpt lat="49.3859550" lon="9.1785804">
<ele>196.31</ele>
<time>2019-02-17T09:21:05Z</time>
</trkpt>
<trkpt lat="49.3858875" lon="9.1786222">
<ele>198.00</ele>
<time>2019-02-17T09:21:10Z</time>
</trkpt>
<trkpt lat="49.3858443" lon="9.1787103">
<ele>192.76</ele>
<time>2019-02-17T09:21:25Z</time>
</trkpt>
<trkpt lat="49.3857844" lon="9.1787717">
<ele>191.73</ele>
<time>2019-02-17T09:21:30Z</time>
</trkpt>
<trkpt lat="49.3857275" lon="9.1787971">
<ele>191.08</ele>
<time>2019-02-17T09:21:36Z</time>
</trkpt>
<trkpt lat="49.3856816" lon="9.1788068">
<ele>190.46</ele>
<time>2019-02-17T09:21:40Z</time>
</trkpt>
<trkpt lat="49.3856370" lon="9.1788284">
<ele>191.11</ele>
<time>2019-02-17T09:21:44Z</time>
</trkpt>
<trkpt lat="49.3855872" lon="9.1788616">
<ele>190.47</ele>
<time>2019-02-17T09:21:48Z</time>
</trkpt>
<trkpt lat="49.3855349" lon="9.1788915">
<ele>190.41</ele>
<time>2019-02-17T09:21:52Z</time>
</trkpt>
<trkpt lat="49.3854872" lon="9.1789187">
<ele>190.40</ele>
<time>2019-02-17T09:21:56Z</time>
</trkpt>
<trkpt lat="49.3854320" lon="9.1789815">
<ele>190.13</ele>
<time>2019-02-17T09:22:02Z</time>
</trkpt>
<trkpt lat="49.3854077" lon="9.1790624">
<ele>190.17</ele>
<time>2019-02-17T09:22:06Z</time>
</trkpt>
<trkpt lat="49.3853843" lon="9.1791460">
<ele>191.08</ele>
<time>2019-02-17T09:22:10Z</time>
</trkpt>
<trkpt lat="49.3853531" lon="9.1792237">
<ele>191.58</ele>
<time>2019-02-17T09:22:14Z</time>
</trkpt>
<trkpt lat="49.3853323" lon="9.1793068">
<ele>192.12</ele>
<time>2019-02-17T09:22:18Z</time>
</trkpt>
<trkpt lat="49.3852973" lon="9.1793737">
<ele>192.38</ele>
<time>2019-02-17T09:22:22Z</time>
</trkpt>
<trkpt lat="49.3852694" lon="9.1794341">
<ele>193.31</ele>
<time>2019-02-17T09:22:26Z</time>
</trkpt>
<trkpt lat="49.3852539" lon="9.1795083">
<ele>192.69</ele>
<time>2019-02-17T09:22:30Z</time>
</trkpt>
<trkpt lat="49.3852345" lon="9.1795760">
<ele>189.62</ele>
<time>2019-02-17T09:22:36Z</time>
</trkpt>
<trkpt lat="49.3852023" lon="9.1796305">
<ele>190.05</ele>
<time>2019-02-17T09:22:42Z</time>
</trkpt>
<trkpt lat="49.3851528" lon="9.1796954">
<ele>190.37</ele>
<time>2019-02-17T09:22:46Z</time>
</trkpt>
<trkpt lat="49.3850918" lon="9.1797300">
<ele>189.70</ele>
<time>2019-02-17T09:22:50Z</time>
</trkpt>
<trkpt lat="49.3850396" lon="9.1797720">
<ele>190.34</ele>
<time>2019-02-17T09:22:54Z</time>
</trkpt>
<trkpt lat="49.3849897" lon="9.1797951">
<ele>188.79</ele>
<time>2019-02-17T09:22:58Z</time>
</trkpt>
<trkpt lat="49.3849352" lon="9.1798047">
<ele>189.35</ele>
<time>2019-02-17T09:23:02Z</time>
</trkpt>
<trkpt lat="49.3848766" lon="9.1798316">
<ele>188.43</ele>
<time>2019-02-17T09:23:08Z</time>
</trkpt>
<trkpt lat="49.3848245" lon="9.1798432">
<ele>187.71</ele>
<time>2019-02-17T09:23:12Z</time>
</trkpt>
<trkpt lat="49.3847766" lon="9.1798584">
<ele>186.24</ele>
<time>2019-02-17T09:23:16Z</time>
</trkpt>
<trkpt lat="49.3847145" lon="9.1798707">
<ele>186.67</ele>
<time>2019-02-17T09:23:22Z</time>
</trkpt>
<trkpt lat="49.3846642" lon="9.1798705">
<ele>186.43</ele>
<time>2019-02-17T09:23:26Z</time>
</trkpt>
<trkpt lat="49.3846040" lon="9.1798779">
<ele>185.01</ele>
<time>2019-02-17T09:23:30Z</time>
</trkpt>
<trkpt lat="49.3845428" lon="9.1799048">
<ele>184.25</ele>
<time>2019-02-17T09:23:34Z</time>
</trkpt>
<trkpt lat="49.3844800" lon="9.1799652">
<ele>183.92</ele>
<time>2019-02-17T09:23:40Z</time>
</trkpt>
<trkpt lat="49.3844204" lon="9.1799559">
<ele>186.18</ele>
<time>2019-02-17T09:23:44Z</time>
</trkpt>
<trkpt lat="49.3843669" lon="9.1799772">
<ele>184.79</ele>
<time>2019-02-17T09:23:50Z</time>
</trkpt>
<trkpt lat="49.3843139" lon="9.1799880">
<ele>185.69</ele>
<time>2019-02-17T09:23:58Z</time>
</trkpt>
<trkpt lat="49.3842646" lon="9.1800400">
<ele>184.73</ele>
<time>2019-02-17T09:24:02Z</time>
</trkpt>
<trkpt lat="49.3842136" lon="9.1800620">
<ele>184.22</ele>
<time>2019-02-17T09:24:06Z</time>
</trkpt>
<trkpt lat="49.3841599" lon="9.1801034">
<ele>184.39</ele>
<time>2019-02-17T09:24:10Z</time>
</trkpt>
<trkpt lat="49.3841068" lon="9.1801507">
<ele>185.10</ele>
<time>2019-02-17T09:24:14Z</time>
</trkpt>
<trkpt lat="49.3840379" lon="9.1801931">
<ele>184.47</ele>
<time>2019-02-17T09:24:18Z</time>
</trkpt>
<trkpt lat="49.3840014" lon="9.1802430">
<ele>184.20</ele>
<time>2019-02-17T09:24:22Z</time>
</trkpt>
<trkpt lat="49.3839486" lon="9.1802341">
<ele>185.99</ele>
<time>2019-02-17T09:24:26Z</time>
</trkpt>
<trkpt lat="49.3839121" lon="9.1801809">
<ele>183.85</ele>
<time>2019-02-17T09:24:30Z</time>
</trkpt>
<trkpt lat="49.3838652" lon="9.1802269">
<ele>182.74</ele>
<time>2019-02-17T09:24:34Z</time>
</trkpt>
<trkpt lat="49.3837949" lon="9.1802998">
<ele>181.52</ele>
<time>2019-02-17T09:24:38Z</time>
</trkpt>
<trkpt lat="49.3837384" lon="9.1803560">
<ele>183.93</ele>
<time>2019-02-17T09:24:42Z</time>
</trkpt>
<trkpt lat="49.3836645" lon="9.1804306">
<ele>184.94</ele>
<time>2019-02-17T09:24:48Z</time>
</trkpt>
<trkpt lat="49.3836014" lon="9.1804908">
<ele>186.06</ele>
<time>2019-02-17T09:24:52Z</time>
</trkpt>
<trkpt lat="49.3835411" lon="9.1805294">
<ele>188.19</ele>
<time>2019-02-17T09:24:56Z</time>
</trkpt>
<trkpt lat="49.3834954" lon="9.1805256">
<ele>185.82</ele>
<time>2019-02-17T09:25:04Z</time>
</trkpt>
<trkpt lat="49.3834302" lon="9.1805459">
<ele>186.32</ele>
<time>2019-02-17T09:25:10Z</time>
</trkpt>
<trkpt lat="49.3833779" lon="9.1805619">
<ele>185.49</ele>
<time>2019-02-17T09:25:14Z</time>
</trkpt>
<trkpt lat="49.3833189" lon="9.1805901">
<ele>185.20</ele>
<time>2019-02-17T09:25:18Z</time>
</trkpt>
<trkpt lat="49.3832560" lon="9.1806346">
<ele>183.77</ele>
<time>2019-02-17T09:25:22Z</time>
</trkpt>
<trkpt lat="49.3832077" lon="9.1806666">
<ele>183.44</ele>
<time>2019-02-17T09:25:26Z</time>
</trkpt>
<trkpt lat="49.3831671" lon="9.1806995">
<ele>185.02</ele>
<time>2019-02-17T09:25:30Z</time>
</trkpt>
<trkpt lat="49.3831058" lon="9.1807329">
<ele>184.46</ele>
<time>2019-02-17T09:25:34Z</time>
</trkpt>
<trkpt lat="49.3830586" lon="9.1807550">
<ele>184.41</ele>
<time>2019-02-17T09:25:38Z</time>
</trkpt>
<trkpt lat="49.3829834" lon="9.1807982">
<ele>184.89</ele>
<time>2019-02-17T09:25:44Z</time>
</trkpt>
<trkpt lat="49.3829235" lon="9.1808474">
<ele>185.36</ele>
<time>2019-02-17T09:25:48Z</time>
</trkpt>
<trkpt lat="49.3828621" lon="9.1808864">
<ele>185.19</ele>
<time>2019-02-17T09:25:52Z</time>
</trkpt>
<trkpt lat="49.3828093" lon="9.1809153">
<ele>185.38</ele>
<time>2019-02-17T09:25:56Z</time>
</trkpt>
<trkpt lat="49.3827567" lon="9.1809592">
<ele>187.01</ele>
<time>2019-02-17T09:26:00Z</time>
</trkpt>
<trkpt lat="49.3827127" lon="9.1810249">
<ele>186.88</ele>
<time>2019-02-17T09:26:04Z</time>
</trkpt>
<trkpt lat="49.3826849" lon="9.1810934">
<ele>184.84</ele>
<time>2019-02-17T09:26:08Z</time>
</trkpt>
<trkpt lat="49.3826749" lon="9.1811789">
<ele>185.14</ele>
<time>2019-02-17T09:26:12Z</time>
</trkpt>
<trkpt lat="49.3826903" lon="9.1812464">
<ele>184.47</ele>
<time>2019-02-17T09:26:16Z</time>
</trkpt>
<trkpt lat="49.3826994" lon="9.1813292">
<ele>186.02</ele>
<time>2019-02-17T09:26:20Z</time>
</trkpt>
<trkpt lat="49.3827052" lon="9.1813978">
<ele>184.55</ele>
<time>2019-02-17T09:26:24Z</time>
</trkpt>
<trkpt lat="49.3827088" lon="9.1814714">
<ele>184.42</ele>
<time>2019-02-17T09:26:28Z</time>
</trkpt>
<trkpt lat="49.3827183" lon="9.1815514">
<ele>185.10</ele>
<time>2019-02-17T09:26:32Z</time>
</trkpt>
<trkpt lat="49.3827283" lon="9.1816295">
<ele>185.38</ele>
<time>2019-02-17T09:26:36Z</time>
</trkpt>
<trkpt lat="49.3827272" lon="9.1817154">
<ele>185.40</ele>
<time>2019-02-17T09:26:40Z</time>
</trkpt>
<trkpt lat="49.3827376" lon="9.1817971">
<ele>185.40</ele>
<time>2019-02-17T09:26:44Z</time>
</trkpt>
<trkpt lat="49.3827482" lon="9.1818809">
<ele>185.40</ele>
<time>2019-02-17T09:26:48Z</time>
</trkpt>
<trkpt lat="49.3827500" lon="9.1819575">
<ele>185.40</ele>
<time>2019-02-17T09:26:52Z</time>
</trkpt>
<trkpt lat="49.3827575" lon="9.1820343">
<ele>185.40</ele>
<time>2019-02-17T09:26:56Z</time>
</trkpt>
<trkpt lat="49.3827660" lon="9.1821160">
<ele>185.40</ele>
<time>2019-02-17T09:27:00Z</time>
</trkpt>
<trkpt lat="49.3827804" lon="9.1821953">
<ele>185.40</ele>
<time>2019-02-17T09:27:04Z</time>
</trkpt>
<trkpt lat="49.3827947" lon="9.1822837">
<ele>186.31</ele>
<time>2019-02-17T09:27:08Z</time>
</trkpt>
<trkpt lat="49.3828036" lon="9.1823654">
<ele>186.39</ele>
<time>2019-02-17T09:27:12Z</time>
</trkpt>
<trkpt lat="49.3828105" lon="9.1824415">
<ele>186.40</ele>
<time>2019-02-17T09:27:16Z</time>
</trkpt>
<trkpt lat="49.3828047" lon="9.1825181">
<ele>186.40</ele>
<time>2019-02-17T09:27:20Z</time>
</trkpt>
<trkpt lat="49.3828009" lon="9.1826035">
<ele>187.10</ele>
<time>2019-02-17T09:27:24Z</time>
</trkpt>
<trkpt lat="49.3827782" lon="9.1826672">
<ele>186.47</ele>
<time>2019-02-17T09:27:28Z</time>
</trkpt>
<trkpt lat="49.3827385" lon="9.1827231">
<ele>186.41</ele>
<time>2019-02-17T09:27:32Z</time>
</trkpt>
<trkpt lat="49.3827160" lon="9.1827924">
<ele>186.40</ele>
<time>2019-02-17T09:27:36Z</time>
</trkpt>
<trkpt lat="49.3827439" lon="9.1828552">
<ele>186.40</ele>
<time>2019-02-17T09:27:40Z</time>
</trkpt>
<trkpt lat="49.3826982" lon="9.1828529">
<ele>187.31</ele>
<time>2019-02-17T09:27:46Z</time>
</trkpt>
<trkpt lat="49.3826417" lon="9.1828352">
<ele>186.69</ele>
<time>2019-02-17T09:27:50Z</time>
</trkpt>
<trkpt lat="49.3825859" lon="9.1827861">
<ele>187.34</ele>
<time>2019-02-17T09:27:54Z</time>
</trkpt>
<trkpt lat="49.3825220" lon="9.1827635">
<ele>186.70</ele>
<time>2019-02-17T09:27:58Z</time>
</trkpt>
<trkpt lat="49.3824734" lon="9.1827097">
<ele>184.82</ele>
<time>2019-02-17T09:28:02Z</time>
</trkpt>
<trkpt lat="49.3824343" lon="9.1826586">
<ele>185.35</ele>
<time>2019-02-17T09:28:06Z</time>
</trkpt>
<trkpt lat="49.3823889" lon="9.1825931">
<ele>185.34</ele>
<time>2019-02-17T09:28:12Z</time>
</trkpt>
<trkpt lat="49.3823237" lon="9.1825989">
<ele>187.67</ele>
<time>2019-02-17T09:28:29Z</time>
</trkpt>
<trkpt lat="49.3822718" lon="9.1826322">
<ele>187.43</ele>
<time>2019-02-17T09:28:33Z</time>
</trkpt>
<trkpt lat="49.3822240" lon="9.1826555">
<ele>185.80</ele>
<time>2019-02-17T09:28:37Z</time>
</trkpt>
<trkpt lat="49.3821702" lon="9.1827124">
<ele>184.44</ele>
<time>2019-02-17T09:28:43Z</time>
</trkpt>
<trkpt lat="49.3821238" lon="9.1827891">
<ele>184.41</ele>
<time>2019-02-17T09:28:48Z</time>
</trkpt>
<trkpt lat="49.3820844" lon="9.1828492">
<ele>185.31</ele>
<time>2019-02-17T09:28:52Z</time>
</trkpt>
<trkpt lat="49.3820494" lon="9.1829161">
<ele>185.39</ele>
<time>2019-02-17T09:28:56Z</time>
</trkpt>
<trkpt lat="49.3820103" lon="9.1829683">
<ele>184.49</ele>
<time>2019-02-17T09:29:00Z</time>
</trkpt>
<trkpt lat="49.3819673" lon="9.1830210">
<ele>185.11</ele>
<time>2019-02-17T09:29:06Z</time>
</trkpt>
<trkpt lat="49.3819222" lon="9.1830367">
<ele>184.68</ele>
<time>2019-02-17T09:29:10Z</time>
</trkpt>
<trkpt lat="49.3818720" lon="9.1830925">
<ele>183.52</ele>
<time>2019-02-17T09:29:14Z</time>
</trkpt>
<trkpt lat="49.3818160" lon="9.1831399">
<ele>184.44</ele>
<time>2019-02-17T09:29:20Z</time>
</trkpt>
<trkpt lat="49.3817558" lon="9.1831581">
<ele>181.82</ele>
<time>2019-02-17T09:29:26Z</time>
</trkpt>
<trkpt lat="49.3817175" lon="9.1832541">
<ele>182.14</ele>
<time>2019-02-17T09:29:30Z</time>
</trkpt>
<trkpt lat="49.3816966" lon="9.1833351">
<ele>180.45</ele>
<time>2019-02-17T09:29:36Z</time>
</trkpt>
<trkpt lat="49.3816666" lon="9.1833884">
<ele>180.41</ele>
<time>2019-02-17T09:29:40Z</time>
</trkpt>
<trkpt lat="49.3816255" lon="9.1834385">
<ele>180.40</ele>
<time>2019-02-17T09:29:44Z</time>
</trkpt>
<trkpt lat="49.3815762" lon="9.1835061">
<ele>180.89</ele>
<time>2019-02-17T09:29:48Z</time>
</trkpt>
<trkpt lat="49.3815215" lon="9.1835640">
<ele>181.36</ele>
<time>2019-02-17T09:29:52Z</time>
</trkpt>
<trkpt lat="49.3814684" lon="9.1835769">
<ele>182.10</ele>
<time>2019-02-17T09:29:56Z</time>
</trkpt>
<trkpt lat="49.3814321" lon="9.1836538">
<ele>181.68</ele>
<time>2019-02-17T09:30:00Z</time>
</trkpt>
<trkpt lat="49.3813906" lon="9.1837135">
<ele>181.01</ele>
<time>2019-02-17T09:30:04Z</time>
</trkpt>
<trkpt lat="49.3813487" lon="9.1837687">
<ele>180.46</ele>
<time>2019-02-17T09:30:08Z</time>
</trkpt>
<trkpt lat="49.3813103" lon="9.1838396">
<ele>179.50</ele>
<time>2019-02-17T09:30:12Z</time>
</trkpt>
<trkpt lat="49.3812752" lon="9.1838871">
<ele>179.41</ele>
<time>2019-02-17T09:30:16Z</time>
</trkpt>
<trkpt lat="49.3812196" lon="9.1839343">
<ele>177.79</ele>
<time>2019-02-17T09:30:20Z</time>
</trkpt>
<trkpt lat="49.3811802" lon="9.1840064">
<ele>177.93</ele>
<time>2019-02-17T09:30:24Z</time>
</trkpt>
<trkpt lat="49.3811357" lon="9.1840587">
<ele>179.27</ele>
<time>2019-02-17T09:30:28Z</time>
</trkpt>
<trkpt lat="49.3810809" lon="9.1840865">
<ele>179.86</ele>
<time>2019-02-17T09:30:34Z</time>
</trkpt>
<trkpt lat="49.3810411" lon="9.1841687">
<ele>178.51</ele>
<time>2019-02-17T09:30:40Z</time>
</trkpt>
<trkpt lat="49.3809981" lon="9.1842316">
<ele>180.93</ele>
<time>2019-02-17T09:30:44Z</time>
</trkpt>
<trkpt lat="49.3809731" lon="9.1842924">
<ele>183.06</ele>
<time>2019-02-17T09:30:50Z</time>
</trkpt>
<trkpt lat="49.3809135" lon="9.1843108">
<ele>184.10</ele>
<time>2019-02-17T09:31:04Z</time>
</trkpt>
<trkpt lat="49.3808712" lon="9.1843665">
<ele>184.31</ele>
<time>2019-02-17T09:31:07Z</time>
</trkpt>
<trkpt lat="49.3808361" lon="9.1844163">
<ele>184.39</ele>
<time>2019-02-17T09:31:11Z</time>
</trkpt>
<trkpt lat="49.3807906" lon="9.1844554">
<ele>184.89</ele>
<time>2019-02-17T09:31:15Z</time>
</trkpt>
<trkpt lat="49.3807314" lon="9.1845107">
<ele>184.48</ele>
<time>2019-02-17T09:31:21Z</time>
</trkpt>
<trkpt lat="49.3806961" lon="9.1845589">
<ele>185.53</ele>
<time>2019-02-17T09:31:25Z</time>
</trkpt>
<trkpt lat="49.3806330" lon="9.1846186">
<ele>185.41</ele>
<time>2019-02-17T09:31:29Z</time>
</trkpt>
<trkpt lat="49.3806017" lon="9.1846808">
<ele>185.61</ele>
<time>2019-02-17T09:31:33Z</time>
</trkpt>
<trkpt lat="49.3805570" lon="9.1847306">
<ele>185.91</ele>
<time>2019-02-17T09:31:37Z</time>
</trkpt>
<trkpt lat="49.3805176" lon="9.1848030">
<ele>184.75</ele>
<time>2019-02-17T09:31:41Z</time>
</trkpt>
<trkpt lat="49.3804977" lon="9.1848661">
<ele>185.34</ele>
<time>2019-02-17T09:31:45Z</time>
</trkpt>
<trkpt lat="49.3805061" lon="9.1849389">
<ele>183.09</ele>
<time>2019-02-17T09:31:49Z</time>
</trkpt>
<trkpt lat="49.3805310" lon="9.1850133">
<ele>183.58</ele>
<time>2019-02-17T09:31:53Z</time>
</trkpt>
<trkpt lat="49.3805550" lon="9.1850892">
<ele>184.33</ele>
<time>2019-02-17T09:31:57Z</time>
</trkpt>
<trkpt lat="49.3805743" lon="9.1851933">
<ele>184.46</ele>
<time>2019-02-17T09:32:03Z</time>
</trkpt>
<trkpt lat="49.3805713" lon="9.1852816">
<ele>185.32</ele>
<time>2019-02-17T09:32:07Z</time>
</trkpt>
<trkpt lat="49.3805767" lon="9.1853642">
<ele>185.61</ele>
<time>2019-02-17T09:32:11Z</time>
</trkpt>
<trkpt lat="49.3805882" lon="9.1854447">
<ele>184.72</ele>
<time>2019-02-17T09:32:15Z</time>
</trkpt>
<trkpt lat="49.3806150" lon="9.1855204">
<ele>185.34</ele>
<time>2019-02-17T09:32:19Z</time>
</trkpt>
<trkpt lat="49.3806428" lon="9.1855847">
<ele>185.40</ele>
<time>2019-02-17T09:32:23Z</time>
</trkpt>
<trkpt lat="49.3806669" lon="9.1856446">
<ele>184.70</ele>
<time>2019-02-17T09:32:27Z</time>
</trkpt>
<trkpt lat="49.3806983" lon="9.1856957">
<ele>184.64</ele>
<time>2019-02-17T09:32:31Z</time>
</trkpt>
<trkpt lat="49.3807402" lon="9.1857612">
<ele>184.21</ele>
<time>2019-02-17T09:32:35Z</time>
</trkpt>
<trkpt lat="49.3807635" lon="9.1858411">
<ele>185.30</ele>
<time>2019-02-17T09:32:39Z</time>
</trkpt>
<trkpt lat="49.3807886" lon="9.1859119">
<ele>184.48</ele>
<time>2019-02-17T09:32:43Z</time>
</trkpt>
<trkpt lat="49.3808250" lon="9.1859689">
<ele>183.50</ele>
<time>2019-02-17T09:32:47Z</time>
</trkpt>
<trkpt lat="49.3808632" lon="9.1860221">
<ele>185.02</ele>
<time>2019-02-17T09:32:51Z</time>
</trkpt>
<trkpt lat="49.3809069" lon="9.1860799">
<ele>186.07</ele>
<time>2019-02-17T09:32:55Z</time>
</trkpt>
<trkpt lat="49.3809536" lon="9.1861294">
<ele>187.77</ele>
<time>2019-02-17T09:32:59Z</time>
</trkpt>
<trkpt lat="49.3810126" lon="9.1861840">
<ele>186.71</ele>
<time>2019-02-17T09:33:05Z</time>
</trkpt>
<trkpt lat="49.3810352" lon="9.1862481">
<ele>184.82</ele>
<time>2019-02-17T09:33:09Z</time>
</trkpt>
<trkpt lat="49.3810896" lon="9.1863035">
<ele>181.22</ele>
<time>2019-02-17T09:33:13Z</time>
</trkpt>
<trkpt lat="49.3811440" lon="9.1863530">
<ele>183.91</ele>
<time>2019-02-17T09:33:17Z</time>
</trkpt>
<trkpt lat="49.3811876" lon="9.1864024">
<ele>183.03</ele>
<time>2019-02-17T09:33:21Z</time>
</trkpt>
<trkpt lat="49.3812281" lon="9.1864442">
<ele>184.28</ele>
<time>2019-02-17T09:33:25Z</time>
</trkpt>
<trkpt lat="49.3812559" lon="9.1865245">
<ele>183.69</ele>
<time>2019-02-17T09:33:29Z</time>
</trkpt>
<trkpt lat="49.3812988" lon="9.1865780">
<ele>184.62</ele>
<time>2019-02-17T09:33:33Z</time>
</trkpt>
<trkpt lat="49.3813574" lon="9.1866211">
<ele>185.12</ele>
<time>2019-02-17T09:33:37Z</time>
</trkpt>
<trkpt lat="49.3813980" lon="9.1866683">
<ele>184.68</ele>
<time>2019-02-17T09:33:41Z</time>
</trkpt>
<trkpt lat="49.3814254" lon="9.1867266">
<ele>184.43</ele>
<time>2019-02-17T09:33:45Z</time>
</trkpt>
<trkpt lat="49.3814552" lon="9.1868185">
<ele>183.71</ele>
<time>2019-02-17T09:33:49Z</time>
</trkpt>
<trkpt lat="49.3814924" lon="9.1868849">
<ele>184.13</ele>
<time>2019-02-17T09:33:53Z</time>
</trkpt>
<trkpt lat="49.3815487" lon="9.1869316">
<ele>184.38</ele>
<time>2019-02-17T09:33:57Z</time>
</trkpt>
<trkpt lat="49.3815928" lon="9.1869749">
<ele>185.10</ele>
<time>2019-02-17T09:34:01Z</time>
</trkpt>
<trkpt lat="49.3816373" lon="9.1870394">
<ele>186.03</ele>
<time>2019-02-17T09:34:07Z</time>
</trkpt>
<trkpt lat="49.3816841" lon="9.1870851">
<ele>185.46</ele>
<time>2019-02-17T09:34:11Z</time>
</trkpt>
<trkpt lat="49.3817259" lon="9.1871395">
<ele>185.41</ele>
<time>2019-02-17T09:34:15Z</time>
</trkpt>
<trkpt lat="49.3817500" lon="9.1872057">
<ele>185.40</ele>
<time>2019-02-17T09:34:19Z</time>
</trkpt>
<trkpt lat="49.3817994" lon="9.1872334">
<ele>188.13</ele>
<time>2019-02-17T09:34:23Z</time>
</trkpt>
<trkpt lat="49.3818654" lon="9.1872705">
<ele>187.89</ele>
<time>2019-02-17T09:34:27Z</time>
</trkpt>
<trkpt lat="49.3819014" lon="9.1873596">
<ele>189.03</ele>
<time>2019-02-17T09:34:33Z</time>
</trkpt>
<trkpt lat="49.3819725" lon="9.1874163">
<ele>188.29</ele>
<time>2019-02-17T09:34:39Z</time>
</trkpt>
<trkpt lat="49.3820183" lon="9.1874623">
<ele>187.48</ele>
<time>2019-02-17T09:34:43Z</time>
</trkpt>
<trkpt lat="49.3820559" lon="9.1875411">
<ele>185.73</ele>
<time>2019-02-17T09:34:49Z</time>
</trkpt>
<trkpt lat="49.3821117" lon="9.1875832">
<ele>184.52</ele>
<time>2019-02-17T09:34:53Z</time>
</trkpt>
<trkpt lat="49.3821669" lon="9.1876105">
<ele>186.23</ele>
<time>2019-02-17T09:34:57Z</time>
</trkpt>
<trkpt lat="49.3821437" lon="9.1876700">
<ele>186.73</ele>
<time>2019-02-17T09:35:13Z</time>
</trkpt>
<trkpt lat="49.3821697" lon="9.1877595">
<ele>187.94</ele>
<time>2019-02-17T09:35:19Z</time>
</trkpt>
<trkpt lat="49.3822173" lon="9.1877945">
<ele>186.75</ele>
<time>2019-02-17T09:35:23Z</time>
</trkpt>
<trkpt lat="49.3822781" lon="9.1878473">
<ele>188.74</ele>
<time>2019-02-17T09:35:27Z</time>
</trkpt>
<trkpt lat="49.3823462" lon="9.1878839">
<ele>187.03</ele>
<time>2019-02-17T09:35:31Z</time>
</trkpt>
<trkpt lat="49.3823971" lon="9.1879486">
<ele>186.04</ele>
<time>2019-02-17T09:35:35Z</time>
</trkpt>
<trkpt lat="49.3824512" lon="9.1880096">
<ele>187.77</ele>
<time>2019-02-17T09:35:39Z</time>
</trkpt>
<trkpt lat="49.3824883" lon="9.1880499">
<ele>188.56</ele>
<time>2019-02-17T09:35:43Z</time>
</trkpt>
<trkpt lat="49.3825209" lon="9.1881071">
<ele>189.12</ele>
<time>2019-02-17T09:35:47Z</time>
</trkpt>
<trkpt lat="49.3825836" lon="9.1881170">
<ele>190.99</ele>
<time>2019-02-17T09:35:51Z</time>
</trkpt>
<trkpt lat="49.3826360" lon="9.1880950">
<ele>191.16</ele>
<time>2019-02-17T09:35:55Z</time>
</trkpt>
<trkpt lat="49.3826789" lon="9.1881602">
<ele>190.47</ele>
<time>2019-02-17T09:35:59Z</time>
</trkpt>
<trkpt lat="49.3827133" lon="9.1882339">
<ele>189.78</ele>
<time>2019-02-17T09:36:03Z</time>
</trkpt>
<trkpt lat="49.3827559" lon="9.1883135">
<ele>190.35</ele>
<time>2019-02-17T09:36:07Z</time>
</trkpt>
<trkpt lat="49.3828024" lon="9.1883797">
<ele>190.40</ele>
<time>2019-02-17T09:36:11Z</time>
</trkpt>
<trkpt lat="49.3828456" lon="9.1884241">
<ele>188.51</ele>
<time>2019-02-17T09:36:15Z</time>
</trkpt>
<trkpt lat="49.3829064" lon="9.1884882">
<ele>187.43</ele>
<time>2019-02-17T09:36:21Z</time>
</trkpt>
<trkpt lat="49.3829400" lon="9.1885678">
<ele>188.32</ele>
<time>2019-02-17T09:36:25Z</time>
</trkpt>
<trkpt lat="49.3829751" lon="9.1886282">
<ele>189.31</ele>
<time>2019-02-17T09:36:29Z</time>
</trkpt>
<trkpt lat="49.3830320" lon="9.1886964">
<ele>191.84</ele>
<time>2019-02-17T09:36:35Z</time>
</trkpt>
<trkpt lat="49.3830821" lon="9.1887435">
<ele>190.53</ele>
<time>2019-02-17T09:36:39Z</time>
</trkpt>
<trkpt lat="49.3830972" lon="9.1888299">
<ele>188.10</ele>
<time>2019-02-17T09:36:43Z</time>
</trkpt>
<trkpt lat="49.3831318" lon="9.1888745">
<ele>185.86</ele>
<time>2019-02-17T09:36:47Z</time>
</trkpt>
<trkpt lat="49.3831658" lon="9.1889599">
<ele>187.51</ele>
<time>2019-02-17T09:36:53Z</time>
</trkpt>
<trkpt lat="49.3832087" lon="9.1890035">
<ele>189.02</ele>
<time>2019-02-17T09:36:57Z</time>
</trkpt>
<trkpt lat="49.3832705" lon="9.1890388">
<ele>187.06</ele>
<time>2019-02-17T09:37:01Z</time>
</trkpt>
<trkpt lat="49.3833009" lon="9.1890937">
<ele>188.28</ele>
<time>2019-02-17T09:37:05Z</time>
</trkpt>
<trkpt lat="49.3833352" lon="9.1891628">
<ele>189.30</ele>
<time>2019-02-17T09:37:09Z</time>
</trkpt>
<trkpt lat="49.3833695" lon="9.1892110">
<ele>190.37</ele>
<time>2019-02-17T09:37:13Z</time>
</trkpt>
<trkpt lat="49.3833796" lon="9.1892982">
<ele>189.98</ele>
<time>2019-02-17T09:37:17Z</time>
</trkpt>
<trkpt lat="49.3834092" lon="9.1893666">
<ele>190.36</ele>
<time>2019-02-17T09:37:21Z</time>
</trkpt>
<trkpt lat="49.3834695" lon="9.1893861">
<ele>194.23</ele>
<time>2019-02-17T09:37:27Z</time>
</trkpt>
<trkpt lat="49.3834952" lon="9.1894591">
<ele>191.87</ele>
<time>2019-02-17T09:37:31Z</time>
</trkpt>
<trkpt lat="49.3835393" lon="9.1894852">
<ele>191.49</ele>
<time>2019-02-17T09:38:01Z</time>
</trkpt>
<trkpt lat="49.3835966" lon="9.1895409">
<ele>191.47</ele>
<time>2019-02-17T09:38:13Z</time>
</trkpt>
<trkpt lat="49.3836372" lon="9.1895889">
<ele>190.71</ele>
<time>2019-02-17T09:38:17Z</time>
</trkpt>
<trkpt lat="49.3836753" lon="9.1896360">
<ele>190.43</ele>
<time>2019-02-17T09:38:21Z</time>
</trkpt>
<trkpt lat="49.3837192" lon="9.1896970">
<ele>189.49</ele>
<time>2019-02-17T09:38:27Z</time>
</trkpt>
<trkpt lat="49.3837720" lon="9.1897411">
<ele>189.41</ele>
<time>2019-02-17T09:38:33Z</time>
</trkpt>
<trkpt lat="49.3838067" lon="9.1897893">
<ele>189.40</ele>
<time>2019-02-17T09:38:37Z</time>
</trkpt>
<trkpt lat="49.3838573" lon="9.1898471">
<ele>190.10</ele>
<time>2019-02-17T09:38:43Z</time>
</trkpt>
<trkpt lat="49.3838959" lon="9.1898864">
<ele>191.29</ele>
<time>2019-02-17T09:38:47Z</time>
</trkpt>
<trkpt lat="49.3839481" lon="9.1899099">
<ele>189.78</ele>
<time>2019-02-17T09:38:51Z</time>
</trkpt>
<trkpt lat="49.3840155" lon="9.1899300">
<ele>189.86</ele>
<time>2019-02-17T09:38:55Z</time>
</trkpt>
<trkpt lat="49.3840702" lon="9.1899714">
<ele>188.53</ele>
<time>2019-02-17T09:38:59Z</time>
</trkpt>
<trkpt lat="49.3841185" lon="9.1900399">
<ele>186.80</ele>
<time>2019-02-17T09:39:03Z</time>
</trkpt>
<trkpt lat="49.3841363" lon="9.1901276">
<ele>187.35</ele>
<time>2019-02-17T09:39:07Z</time>
</trkpt>
<trkpt lat="49.3841849" lon="9.1901923">
<ele>188.37</ele>
<time>2019-02-17T09:39:13Z</time>
</trkpt>
<trkpt lat="49.3842250" lon="9.1902431">
<ele>187.49</ele>
<time>2019-02-17T09:39:17Z</time>
</trkpt>
<trkpt lat="49.3842612" lon="9.1903044">
<ele>188.32</ele>
<time>2019-02-17T09:39:21Z</time>
</trkpt>
<trkpt lat="49.3843014" lon="9.1903640">
<ele>188.40</ele>
<time>2019-02-17T09:39:25Z</time>
</trkpt>
<trkpt lat="49.3843443" lon="9.1904319">
<ele>189.10</ele>
<time>2019-02-17T09:39:29Z</time>
</trkpt>
<trkpt lat="49.3843884" lon="9.1904829">
<ele>189.59</ele>
<time>2019-02-17T09:39:33Z</time>
</trkpt>
<trkpt lat="49.3844337" lon="9.1905229">
<ele>187.60</ele>
<time>2019-02-17T09:39:37Z</time>
</trkpt>
<trkpt lat="49.3844944" lon="9.1905896">
<ele>189.29</ele>
<time>2019-02-17T09:39:43Z</time>
</trkpt>
<trkpt lat="49.3845326" lon="9.1906542">
<ele>189.39</ele>
<time>2019-02-17T09:39:47Z</time>
</trkpt>
<trkpt lat="49.3845733" lon="9.1907262">
<ele>187.16</ele>
<time>2019-02-17T09:39:53Z</time>
</trkpt>
<trkpt lat="49.3846202" lon="9.1907816">
<ele>185.77</ele>
<time>2019-02-17T09:39:57Z</time>
</trkpt>
<trkpt lat="49.3846493" lon="9.1908612">
<ele>186.35</ele>
<time>2019-02-17T09:40:01Z</time>
</trkpt>
<trkpt lat="49.3846983" lon="9.1909156">
<ele>186.61</ele>
<time>2019-02-17T09:40:05Z</time>
</trkpt>
<trkpt lat="49.3847398" lon="9.1909713">
<ele>187.12</ele>
<time>2019-02-17T09:40:09Z</time>
</trkpt>
<trkpt lat="49.3847752" lon="9.1910218">
<ele>189.48</ele>
<time>2019-02-17T09:40:13Z</time>
</trkpt>
<trkpt lat="49.3848117" lon="9.1910946">
<ele>190.17</ele>
<time>2019-02-17T09:40:19Z</time>
</trkpt>
<trkpt lat="49.3848582" lon="9.1911210">
<ele>188.77</ele>
<time>2019-02-17T09:40:23Z</time>
</trkpt>
<trkpt lat="49.3848950" lon="9.1911909">
<ele>192.47</ele>
<time>2019-02-17T09:40:41Z</time>
</trkpt>
</trkseg>
</trk>
</gpx>
