<?xml version='1.0' encoding='UTF-8'?>
<gpx version="1.1" creator="https://www.komoot.de" xmlns="http://www.topografix.com/GPX/1/1" xmlns:xsi="http://www.w3.org/2001/XMLSchema-instance" xsi:schemaLocation="http://www.topografix.com/GPX/1/1 http://www.topografix.com/GPX/1/1/gpx.xsd">
  <metadata>
    <name>PW 416 Saar "Schaumbergblick", 11 Km</name>
    <author>
      <link href="https://www.komoot.de">
        <text>komoot</text>
        <type>text/html</type>
      </link>
    </author>
  </metadata>
  <trk>
    <name>PW 416 Saar "Schaumbergblick", 11 Km</name>
    <trkseg>
      <trkpt lat="49.510720" lon="7.022023">
        <ele>407.478902</ele>
        <time>2021-08-20T12:17:11.631Z</time>
      </trkpt>
      <trkpt lat="49.510762" lon="7.021660">
        <ele>407.478902</ele>
        <time>2021-08-20T12:17:13.252Z</time>
      </trkpt>
      <trkpt lat="49.510783" lon="7.021928">
        <ele>407.478902</ele>
        <time>2021-08-20T12:17:14.256Z</time>
      </trkpt>
      <trkpt lat="49.510748" lon="7.022097">
        <ele>407.478902</ele>
        <time>2021-08-20T12:17:15.256Z</time>
      </trkpt>
      <trkpt lat="49.510707" lon="7.021927">
        <ele>407.478902</ele>
        <time>2021-08-20T12:17:24.845Z</time>
      </trkpt>
      <trkpt lat="49.510705" lon="7.021777">
        <ele>407.478902</ele>
        <time>2021-08-20T12:17:30.869Z</time>
      </trkpt>
      <trkpt lat="49.510645" lon="7.021650">
        <ele>407.478902</ele>
        <time>2021-08-20T12:17:39.848Z</time>
      </trkpt>
      <trkpt lat="49.510598" lon="7.021507">
        <ele>407.652043</ele>
        <time>2021-08-20T12:17:47.863Z</time>
      </trkpt>
      <trkpt lat="49.510573" lon="7.021370">
        <ele>407.961129</ele>
        <time>2021-08-20T12:17:55.870Z</time>
      </trkpt>
      <trkpt lat="49.510525" lon="7.021253">
        <ele>408.261723</ele>
        <time>2021-08-20T12:18:02.852Z</time>
      </trkpt>
      <trkpt lat="49.510507" lon="7.021105">
        <ele>408.588763</ele>
        <time>2021-08-20T12:18:11.850Z</time>
      </trkpt>
      <trkpt lat="49.510473" lon="7.020960">
        <ele>408.923604</ele>
        <time>2021-08-20T12:18:21.849Z</time>
      </trkpt>
      <trkpt lat="49.510432" lon="7.020825">
        <ele>409.247308</ele>
        <time>2021-08-20T12:18:26.847Z</time>
      </trkpt>
      <trkpt lat="49.510447" lon="7.020668">
        <ele>409.591978</ele>
        <time>2021-08-20T12:19:07.871Z</time>
      </trkpt>
      <trkpt lat="49.510468" lon="7.020533">
        <ele>409.893490</ele>
        <time>2021-08-20T12:19:16.848Z</time>
      </trkpt>
      <trkpt lat="49.510468" lon="7.020395">
        <ele>410.193221</ele>
        <time>2021-08-20T12:19:25.870Z</time>
      </trkpt>
      <trkpt lat="49.510502" lon="7.020260">
        <ele>410.507720</ele>
        <time>2021-08-20T12:19:31.846Z</time>
      </trkpt>
      <trkpt lat="49.510522" lon="7.020112">
        <ele>410.836058</ele>
        <time>2021-08-20T12:19:41.872Z</time>
      </trkpt>
      <trkpt lat="49.510492" lon="7.019978">
        <ele>411.143915</ele>
        <time>2021-08-20T12:19:49.856Z</time>
      </trkpt>
      <trkpt lat="49.510480" lon="7.019838">
        <ele>411.450628</ele>
        <time>2021-08-20T12:20:00.865Z</time>
      </trkpt>
      <trkpt lat="49.510482" lon="7.019697">
        <ele>411.756948</ele>
        <time>2021-08-20T12:20:09.849Z</time>
      </trkpt>
      <trkpt lat="49.510473" lon="7.019543">
        <ele>412.092782</ele>
        <time>2021-08-20T12:20:17.866Z</time>
      </trkpt>
      <trkpt lat="49.510453" lon="7.019398">
        <ele>412.414744</ele>
        <time>2021-08-20T12:20:24.853Z</time>
      </trkpt>
      <trkpt lat="49.510418" lon="7.019268">
        <ele>412.720409</ele>
        <time>2021-08-20T12:20:32.857Z</time>
      </trkpt>
      <trkpt lat="49.510368" lon="7.019135">
        <ele>413.054206</ele>
        <time>2021-08-20T12:20:42.850Z</time>
      </trkpt>
      <trkpt lat="49.510295" lon="7.019052">
        <ele>413.357728</ele>
        <time>2021-08-20T12:20:50.862Z</time>
      </trkpt>
      <trkpt lat="49.510207" lon="7.018962">
        <ele>414.360100</ele>
        <time>2021-08-20T12:20:58.858Z</time>
      </trkpt>
      <trkpt lat="49.510120" lon="7.018898">
        <ele>415.653207</ele>
        <time>2021-08-20T12:21:03.884Z</time>
      </trkpt>
      <trkpt lat="49.510057" lon="7.018785">
        <ele>416.950247</ele>
        <time>2021-08-20T12:21:12.855Z</time>
      </trkpt>
      <trkpt lat="49.509982" lon="7.018707">
        <ele>418.164008</ele>
        <time>2021-08-20T12:21:19.866Z</time>
      </trkpt>
      <trkpt lat="49.509908" lon="7.018617">
        <ele>419.428643</ele>
        <time>2021-08-20T12:21:26.846Z</time>
      </trkpt>
      <trkpt lat="49.509840" lon="7.018502">
        <ele>420.783163</ele>
        <time>2021-08-20T12:21:34.850Z</time>
      </trkpt>
      <trkpt lat="49.509785" lon="7.018392">
        <ele>421.992205</ele>
        <time>2021-08-20T12:21:43.866Z</time>
      </trkpt>
      <trkpt lat="49.509713" lon="7.018300">
        <ele>423.246952</ele>
        <time>2021-08-20T12:21:53.865Z</time>
      </trkpt>
      <trkpt lat="49.509642" lon="7.018207">
        <ele>424.497032</ele>
        <time>2021-08-20T12:22:03.877Z</time>
      </trkpt>
      <trkpt lat="49.509590" lon="7.018087">
        <ele>425.753408</ele>
        <time>2021-08-20T12:22:11.861Z</time>
      </trkpt>
      <trkpt lat="49.509535" lon="7.017977">
        <ele>426.962453</ele>
        <time>2021-08-20T12:22:20.853Z</time>
      </trkpt>
      <trkpt lat="49.509470" lon="7.017865">
        <ele>428.270628</ele>
        <time>2021-08-20T12:22:30.859Z</time>
      </trkpt>
      <trkpt lat="49.509422" lon="7.017745">
        <ele>429.498038</ele>
        <time>2021-08-20T12:22:36.872Z</time>
      </trkpt>
      <trkpt lat="49.509360" lon="7.017627">
        <ele>430.819950</ele>
        <time>2021-08-20T12:22:42.860Z</time>
      </trkpt>
      <trkpt lat="49.509290" lon="7.017538">
        <ele>432.037380</ele>
        <time>2021-08-20T12:22:49.846Z</time>
      </trkpt>
      <trkpt lat="49.509208" lon="7.017465">
        <ele>433.307677</ele>
        <time>2021-08-20T12:22:58.874Z</time>
      </trkpt>
      <trkpt lat="49.509118" lon="7.017390">
        <ele>434.680126</ele>
        <time>2021-08-20T12:23:06.839Z</time>
      </trkpt>
      <trkpt lat="49.509042" lon="7.017298">
        <ele>435.976619</ele>
        <time>2021-08-20T12:23:14.844Z</time>
      </trkpt>
      <trkpt lat="49.508960" lon="7.017227">
        <ele>437.238291</ele>
        <time>2021-08-20T12:23:21.877Z</time>
      </trkpt>
      <trkpt lat="49.508878" lon="7.017158">
        <ele>437.511858</ele>
        <time>2021-08-20T12:23:29.867Z</time>
      </trkpt>
      <trkpt lat="49.508792" lon="7.017077">
        <ele>437.346573</ele>
        <time>2021-08-20T12:23:37.858Z</time>
      </trkpt>
      <trkpt lat="49.508703" lon="7.016995">
        <ele>437.176528</ele>
        <time>2021-08-20T12:23:48.847Z</time>
      </trkpt>
      <trkpt lat="49.508633" lon="7.016878">
        <ele>437.007151</ele>
        <time>2021-08-20T12:23:59.856Z</time>
      </trkpt>
      <trkpt lat="49.508593" lon="7.016752">
        <ele>436.857832</ele>
        <time>2021-08-20T12:24:06.874Z</time>
      </trkpt>
      <trkpt lat="49.508543" lon="7.016637">
        <ele>436.710486</ele>
        <time>2021-08-20T12:24:12.849Z</time>
      </trkpt>
      <trkpt lat="49.508487" lon="7.016518">
        <ele>436.554021</ele>
        <time>2021-08-20T12:24:22.863Z</time>
      </trkpt>
      <trkpt lat="49.508410" lon="7.016407">
        <ele>436.381092</ele>
        <time>2021-08-20T12:24:32.847Z</time>
      </trkpt>
      <trkpt lat="49.508380" lon="7.016265">
        <ele>436.222111</ele>
        <time>2021-08-20T12:24:39.848Z</time>
      </trkpt>
      <trkpt lat="49.508357" lon="7.016118">
        <ele>436.061128</ele>
        <time>2021-08-20T12:24:49.859Z</time>
      </trkpt>
      <trkpt lat="49.508307" lon="7.015973">
        <ele>435.886337</ele>
        <time>2021-08-20T12:24:59.851Z</time>
      </trkpt>
      <trkpt lat="49.508273" lon="7.015842">
        <ele>435.736139</ele>
        <time>2021-08-20T12:25:07.852Z</time>
      </trkpt>
      <trkpt lat="49.508232" lon="7.015713">
        <ele>435.583230</ele>
        <time>2021-08-20T12:25:16.851Z</time>
      </trkpt>
      <trkpt lat="49.508160" lon="7.015602">
        <ele>435.416191</ele>
        <time>2021-08-20T12:25:24.853Z</time>
      </trkpt>
      <trkpt lat="49.508075" lon="7.015518">
        <ele>435.250600</ele>
        <time>2021-08-20T12:25:30.864Z</time>
      </trkpt>
      <trkpt lat="49.508033" lon="7.015392">
        <ele>435.099810</ele>
        <time>2021-08-20T12:25:38.871Z</time>
      </trkpt>
      <trkpt lat="49.508023" lon="7.015245">
        <ele>434.942449</ele>
        <time>2021-08-20T12:25:44.853Z</time>
      </trkpt>
      <trkpt lat="49.507983" lon="7.015112">
        <ele>434.786399</ele>
        <time>2021-08-20T12:25:52.858Z</time>
      </trkpt>
      <trkpt lat="49.507932" lon="7.014980">
        <ele>434.825938</ele>
        <time>2021-08-20T12:26:03.854Z</time>
      </trkpt>
      <trkpt lat="49.507832" lon="7.014930">
        <ele>435.403796</ele>
        <time>2021-08-20T12:26:11.855Z</time>
      </trkpt>
      <trkpt lat="49.507745" lon="7.014847">
        <ele>435.966279</ele>
        <time>2021-08-20T12:26:16.852Z</time>
      </trkpt>
      <trkpt lat="49.507647" lon="7.014812">
        <ele>436.519197</ele>
        <time>2021-08-20T12:26:21.868Z</time>
      </trkpt>
      <trkpt lat="49.507537" lon="7.014793">
        <ele>437.127564</ele>
        <time>2021-08-20T12:26:26.858Z</time>
      </trkpt>
      <trkpt lat="49.507443" lon="7.014747">
        <ele>437.669660</ele>
        <time>2021-08-20T12:26:34.837Z</time>
      </trkpt>
      <trkpt lat="49.507342" lon="7.014725">
        <ele>438.230296</ele>
        <time>2021-08-20T12:26:41.857Z</time>
      </trkpt>
      <trkpt lat="49.507258" lon="7.014650">
        <ele>438.763956</ele>
        <time>2021-08-20T12:26:51.851Z</time>
      </trkpt>
      <trkpt lat="49.507172" lon="7.014598">
        <ele>439.271753</ele>
        <time>2021-08-20T12:26:59.856Z</time>
      </trkpt>
      <trkpt lat="49.507075" lon="7.014605">
        <ele>439.805465</ele>
        <time>2021-08-20T12:27:08.848Z</time>
      </trkpt>
      <trkpt lat="49.507047" lon="7.014473">
        <ele>440.301065</ele>
        <time>2021-08-20T12:27:21.848Z</time>
      </trkpt>
      <trkpt lat="49.507007" lon="7.014340">
        <ele>440.824176</ele>
        <time>2021-08-20T12:27:31.845Z</time>
      </trkpt>
      <trkpt lat="49.506952" lon="7.014220">
        <ele>441.348388</ele>
        <time>2021-08-20T12:27:39.875Z</time>
      </trkpt>
      <trkpt lat="49.506915" lon="7.014077">
        <ele>441.897772</ele>
        <time>2021-08-20T12:27:53.856Z</time>
      </trkpt>
      <trkpt lat="49.506917" lon="7.013933">
        <ele>442.411820</ele>
        <time>2021-08-20T12:28:02.856Z</time>
      </trkpt>
      <trkpt lat="49.506907" lon="7.013795">
        <ele>442.907394</ele>
        <time>2021-08-20T12:28:13.871Z</time>
      </trkpt>
      <trkpt lat="49.506922" lon="7.013655">
        <ele>443.413804</ele>
        <time>2021-08-20T12:28:24.854Z</time>
      </trkpt>
      <trkpt lat="49.506955" lon="7.013508">
        <ele>443.968908</ele>
        <time>2021-08-20T12:28:33.874Z</time>
      </trkpt>
      <trkpt lat="49.506922" lon="7.013363">
        <ele>444.517271</ele>
        <time>2021-08-20T12:28:42.847Z</time>
      </trkpt>
      <trkpt lat="49.506870" lon="7.013240">
        <ele>444.796084</ele>
        <time>2021-08-20T12:28:51.852Z</time>
      </trkpt>
      <trkpt lat="49.506775" lon="7.013192">
        <ele>445.068543</ele>
        <time>2021-08-20T12:28:59.864Z</time>
      </trkpt>
      <trkpt lat="49.506668" lon="7.013178">
        <ele>445.361175</ele>
        <time>2021-08-20T12:29:08.867Z</time>
      </trkpt>
      <trkpt lat="49.506582" lon="7.013135">
        <ele>445.607573</ele>
        <time>2021-08-20T12:29:17.845Z</time>
      </trkpt>
      <trkpt lat="49.506490" lon="7.013117">
        <ele>445.860294</ele>
        <time>2021-08-20T12:29:29.848Z</time>
      </trkpt>
      <trkpt lat="49.506403" lon="7.013060">
        <ele>446.117939</ele>
        <time>2021-08-20T12:29:37.855Z</time>
      </trkpt>
      <trkpt lat="49.506310" lon="7.013015">
        <ele>446.383585</ele>
        <time>2021-08-20T12:29:47.847Z</time>
      </trkpt>
      <trkpt lat="49.506218" lon="7.012995">
        <ele>446.636776</ele>
        <time>2021-08-20T12:29:56.863Z</time>
      </trkpt>
      <trkpt lat="49.506113" lon="7.012953">
        <ele>446.932403</ele>
        <time>2021-08-20T12:30:03.855Z</time>
      </trkpt>
      <trkpt lat="49.506022" lon="7.012905">
        <ele>447.194527</ele>
        <time>2021-08-20T12:30:10.845Z</time>
      </trkpt>
      <trkpt lat="49.505930" lon="7.012912">
        <ele>447.445538</ele>
        <time>2021-08-20T12:30:18.876Z</time>
      </trkpt>
      <trkpt lat="49.505818" lon="7.012872">
        <ele>447.758846</ele>
        <time>2021-08-20T12:30:26.875Z</time>
      </trkpt>
      <trkpt lat="49.505725" lon="7.012835">
        <ele>448.020597</ele>
        <time>2021-08-20T12:30:31.849Z</time>
      </trkpt>
      <trkpt lat="49.505635" lon="7.012785">
        <ele>448.281325</ele>
        <time>2021-08-20T12:30:40.853Z</time>
      </trkpt>
      <trkpt lat="49.505547" lon="7.012745">
        <ele>448.531359</ele>
        <time>2021-08-20T12:30:49.865Z</time>
      </trkpt>
      <trkpt lat="49.505450" lon="7.012710">
        <ele>448.802849</ele>
        <time>2021-08-20T12:30:58.842Z</time>
      </trkpt>
      <trkpt lat="49.505370" lon="7.012643">
        <ele>449.051008</ele>
        <time>2021-08-20T12:31:05.858Z</time>
      </trkpt>
      <trkpt lat="49.505277" lon="7.012642">
        <ele>449.304445</ele>
        <time>2021-08-20T12:31:11.870Z</time>
      </trkpt>
      <trkpt lat="49.505153" lon="7.012628">
        <ele>449.226763</ele>
        <time>2021-08-20T12:31:16.851Z</time>
      </trkpt>
      <trkpt lat="49.505055" lon="7.012628">
        <ele>448.898059</ele>
        <time>2021-08-20T12:31:21.854Z</time>
      </trkpt>
      <trkpt lat="49.504960" lon="7.012615">
        <ele>448.578162</ele>
        <time>2021-08-20T12:31:30.850Z</time>
      </trkpt>
      <trkpt lat="49.504870" lon="7.012613">
        <ele>448.276260</ele>
        <time>2021-08-20T12:31:38.858Z</time>
      </trkpt>
      <trkpt lat="49.504780" lon="7.012568">
        <ele>447.958876</ele>
        <time>2021-08-20T12:31:44.858Z</time>
      </trkpt>
      <trkpt lat="49.504688" lon="7.012585">
        <ele>447.648083</ele>
        <time>2021-08-20T12:31:52.847Z</time>
      </trkpt>
      <trkpt lat="49.504605" lon="7.012648">
        <ele>447.337709</ele>
        <time>2021-08-20T12:31:59.870Z</time>
      </trkpt>
      <trkpt lat="49.504570" lon="7.012637">
        <ele>447.217895</ele>
        <time>2021-08-20T12:32:17.784Z</time>
      </trkpt>
      <trkpt lat="49.504477" lon="7.012618">
        <ele>446.903229</ele>
        <time>2021-08-20T12:33:10.856Z</time>
      </trkpt>
      <trkpt lat="49.504395" lon="7.012552">
        <ele>446.592888</ele>
        <time>2021-08-20T12:33:17.847Z</time>
      </trkpt>
      <trkpt lat="49.504308" lon="7.012500">
        <ele>446.279869</ele>
        <time>2021-08-20T12:33:28.861Z</time>
      </trkpt>
      <trkpt lat="49.504228" lon="7.012425">
        <ele>445.965724</ele>
        <time>2021-08-20T12:33:37.845Z</time>
      </trkpt>
      <trkpt lat="49.504140" lon="7.012342">
        <ele>445.619596</ele>
        <time>2021-08-20T12:33:44.852Z</time>
      </trkpt>
      <trkpt lat="49.504048" lon="7.012350">
        <ele>445.310526</ele>
        <time>2021-08-20T12:33:56.851Z</time>
      </trkpt>
      <trkpt lat="49.503978" lon="7.012438">
        <ele>445.007432</ele>
        <time>2021-08-20T12:34:04.848Z</time>
      </trkpt>
      <trkpt lat="49.503903" lon="7.012525">
        <ele>444.692485</ele>
        <time>2021-08-20T12:34:11.863Z</time>
      </trkpt>
      <trkpt lat="49.503837" lon="7.012618">
        <ele>444.392419</ele>
        <time>2021-08-20T12:34:18.859Z</time>
      </trkpt>
      <trkpt lat="49.503752" lon="7.012710">
        <ele>444.043939</ele>
        <time>2021-08-20T12:34:26.860Z</time>
      </trkpt>
      <trkpt lat="49.503697" lon="7.012830">
        <ele>443.724016</ele>
        <time>2021-08-20T12:34:33.857Z</time>
      </trkpt>
      <trkpt lat="49.503610" lon="7.012918">
        <ele>443.424946</ele>
        <time>2021-08-20T12:34:42.852Z</time>
      </trkpt>
      <trkpt lat="49.503532" lon="7.013010">
        <ele>443.433375</ele>
        <time>2021-08-20T12:34:50.858Z</time>
      </trkpt>
      <trkpt lat="49.503460" lon="7.013098">
        <ele>443.441262</ele>
        <time>2021-08-20T12:34:58.852Z</time>
      </trkpt>
      <trkpt lat="49.503372" lon="7.013178">
        <ele>443.450030</ele>
        <time>2021-08-20T12:35:06.845Z</time>
      </trkpt>
      <trkpt lat="49.503275" lon="7.013205">
        <ele>443.458487</ele>
        <time>2021-08-20T12:35:13.847Z</time>
      </trkpt>
      <trkpt lat="49.503183" lon="7.013232">
        <ele>443.466523</ele>
        <time>2021-08-20T12:35:21.857Z</time>
      </trkpt>
      <trkpt lat="49.503088" lon="7.013262">
        <ele>443.474843</ele>
        <time>2021-08-20T12:35:29.853Z</time>
      </trkpt>
      <trkpt lat="49.503003" lon="7.013327">
        <ele>443.482986</ele>
        <time>2021-08-20T12:35:37.853Z</time>
      </trkpt>
      <trkpt lat="49.502920" lon="7.013382">
        <ele>443.490739</ele>
        <time>2021-08-20T12:35:45.873Z</time>
      </trkpt>
      <trkpt lat="49.502822" lon="7.013413">
        <ele>443.499322</ele>
        <time>2021-08-20T12:35:56.850Z</time>
      </trkpt>
      <trkpt lat="49.502722" lon="7.013433">
        <ele>443.507974</ele>
        <time>2021-08-20T12:36:05.875Z</time>
      </trkpt>
      <trkpt lat="49.502638" lon="7.013488">
        <ele>443.515806</ele>
        <time>2021-08-20T12:36:12.868Z</time>
      </trkpt>
      <trkpt lat="49.502545" lon="7.013530">
        <ele>443.524121</ele>
        <time>2021-08-20T12:36:21.874Z</time>
      </trkpt>
      <trkpt lat="49.502445" lon="7.013573">
        <ele>443.533029</ele>
        <time>2021-08-20T12:36:29.873Z</time>
      </trkpt>
      <trkpt lat="49.502353" lon="7.013597">
        <ele>443.541035</ele>
        <time>2021-08-20T12:36:37.862Z</time>
      </trkpt>
      <trkpt lat="49.502272" lon="7.013660">
        <ele>443.548821</ele>
        <time>2021-08-20T12:36:44.870Z</time>
      </trkpt>
      <trkpt lat="49.502178" lon="7.013737">
        <ele>443.557956</ele>
        <time>2021-08-20T12:36:53.879Z</time>
      </trkpt>
      <trkpt lat="49.502080" lon="7.013782">
        <ele>443.566730</ele>
        <time>2021-08-20T12:37:01.878Z</time>
      </trkpt>
      <trkpt lat="49.502002" lon="7.013852">
        <ele>443.574476</ele>
        <time>2021-08-20T12:37:08.855Z</time>
      </trkpt>
      <trkpt lat="49.501912" lon="7.013912">
        <ele>443.451546</ele>
        <time>2021-08-20T12:37:16.870Z</time>
      </trkpt>
      <trkpt lat="49.501813" lon="7.013922">
        <ele>443.230638</ele>
        <time>2021-08-20T12:37:23.858Z</time>
      </trkpt>
      <trkpt lat="49.501722" lon="7.013975">
        <ele>443.014007</ele>
        <time>2021-08-20T12:37:31.866Z</time>
      </trkpt>
      <trkpt lat="49.501643" lon="7.014047">
        <ele>442.809602</ele>
        <time>2021-08-20T12:37:40.850Z</time>
      </trkpt>
      <trkpt lat="49.501562" lon="7.013972">
        <ele>442.599150</ele>
        <time>2021-08-20T12:37:49.856Z</time>
      </trkpt>
      <trkpt lat="49.501528" lon="7.013838">
        <ele>442.391119</ele>
        <time>2021-08-20T12:37:57.855Z</time>
      </trkpt>
      <trkpt lat="49.501490" lon="7.013712">
        <ele>442.190233</ele>
        <time>2021-08-20T12:38:04.869Z</time>
      </trkpt>
      <trkpt lat="49.501470" lon="7.013565">
        <ele>441.973052</ele>
        <time>2021-08-20T12:38:12.848Z</time>
      </trkpt>
      <trkpt lat="49.501442" lon="7.013427">
        <ele>441.763988</ele>
        <time>2021-08-20T12:38:20.848Z</time>
      </trkpt>
      <trkpt lat="49.501403" lon="7.013293">
        <ele>441.551652</ele>
        <time>2021-08-20T12:38:28.869Z</time>
      </trkpt>
      <trkpt lat="49.501372" lon="7.013150">
        <ele>441.333654</ele>
        <time>2021-08-20T12:38:36.848Z</time>
      </trkpt>
      <trkpt lat="49.501332" lon="7.013013">
        <ele>441.116448</ele>
        <time>2021-08-20T12:38:44.861Z</time>
      </trkpt>
      <trkpt lat="49.501325" lon="7.012875">
        <ele>440.916288</ele>
        <time>2021-08-20T12:38:52.849Z</time>
      </trkpt>
      <trkpt lat="49.501372" lon="7.012750">
        <ele>440.707425</ele>
        <time>2021-08-20T12:39:00.868Z</time>
      </trkpt>
      <trkpt lat="49.501418" lon="7.012618">
        <ele>440.490806</ele>
        <time>2021-08-20T12:39:09.853Z</time>
      </trkpt>
      <trkpt lat="49.501475" lon="7.012502">
        <ele>440.280462</ele>
        <time>2021-08-20T12:39:17.852Z</time>
      </trkpt>
      <trkpt lat="49.501520" lon="7.012368">
        <ele>440.062322</ele>
        <time>2021-08-20T12:39:26.855Z</time>
      </trkpt>
      <trkpt lat="49.501552" lon="7.012238">
        <ele>439.861289</ele>
        <time>2021-08-20T12:39:32.875Z</time>
      </trkpt>
      <trkpt lat="49.501578" lon="7.012102">
        <ele>439.656285</ele>
        <time>2021-08-20T12:39:38.864Z</time>
      </trkpt>
      <trkpt lat="49.501567" lon="7.011952">
        <ele>439.571859</ele>
        <time>2021-08-20T12:39:45.847Z</time>
      </trkpt>
      <trkpt lat="49.501562" lon="7.011805">
        <ele>439.569844</ele>
        <time>2021-08-20T12:39:52.860Z</time>
      </trkpt>
      <trkpt lat="49.501567" lon="7.011657">
        <ele>439.567816</ele>
        <time>2021-08-20T12:40:00.860Z</time>
      </trkpt>
      <trkpt lat="49.501562" lon="7.011507">
        <ele>439.565760</ele>
        <time>2021-08-20T12:40:08.863Z</time>
      </trkpt>
      <trkpt lat="49.501562" lon="7.011367">
        <ele>439.563844</ele>
        <time>2021-08-20T12:40:16.863Z</time>
      </trkpt>
      <trkpt lat="49.501542" lon="7.011223">
        <ele>439.561828</ele>
        <time>2021-08-20T12:40:23.842Z</time>
      </trkpt>
      <trkpt lat="49.501508" lon="7.011078">
        <ele>439.559718</ele>
        <time>2021-08-20T12:40:31.841Z</time>
      </trkpt>
      <trkpt lat="49.501497" lon="7.010940">
        <ele>439.557815</ele>
        <time>2021-08-20T12:40:38.872Z</time>
      </trkpt>
      <trkpt lat="49.501477" lon="7.010793">
        <ele>439.555760</ele>
        <time>2021-08-20T12:40:47.859Z</time>
      </trkpt>
      <trkpt lat="49.501457" lon="7.010642">
        <ele>439.553650</ele>
        <time>2021-08-20T12:40:55.859Z</time>
      </trkpt>
      <trkpt lat="49.501423" lon="7.010513">
        <ele>439.551745</ele>
        <time>2021-08-20T12:41:06.846Z</time>
      </trkpt>
      <trkpt lat="49.501423" lon="7.010513">
        <ele>439.551745</ele>
        <time>2021-08-20T12:41:08.179Z</time>
      </trkpt>
      <trkpt lat="49.501412" lon="7.010353">
        <ele>439.549543</ele>
        <time>2021-08-20T12:41:54.845Z</time>
      </trkpt>
      <trkpt lat="49.501373" lon="7.010228">
        <ele>439.547645</ele>
        <time>2021-08-20T12:42:01.859Z</time>
      </trkpt>
      <trkpt lat="49.501360" lon="7.010090">
        <ele>439.545736</ele>
        <time>2021-08-20T12:42:08.867Z</time>
      </trkpt>
      <trkpt lat="49.501357" lon="7.009940">
        <ele>439.543682</ele>
        <time>2021-08-20T12:42:15.863Z</time>
      </trkpt>
      <trkpt lat="49.501340" lon="7.009780">
        <ele>439.541463</ele>
        <time>2021-08-20T12:42:23.856Z</time>
      </trkpt>
      <trkpt lat="49.501310" lon="7.009642">
        <ele>439.539471</ele>
        <time>2021-08-20T12:42:30.847Z</time>
      </trkpt>
      <trkpt lat="49.501268" lon="7.009512">
        <ele>439.537484</ele>
        <time>2021-08-20T12:42:37.855Z</time>
      </trkpt>
      <trkpt lat="49.501238" lon="7.009378">
        <ele>439.535544</ele>
        <time>2021-08-20T12:42:45.856Z</time>
      </trkpt>
      <trkpt lat="49.501183" lon="7.009258">
        <ele>439.191118</ele>
        <time>2021-08-20T12:42:53.874Z</time>
      </trkpt>
      <trkpt lat="49.501123" lon="7.009143">
        <ele>438.781745</ele>
        <time>2021-08-20T12:43:02.847Z</time>
      </trkpt>
      <trkpt lat="49.501072" lon="7.009027">
        <ele>438.392999</ele>
        <time>2021-08-20T12:43:09.853Z</time>
      </trkpt>
      <trkpt lat="49.501042" lon="7.008880">
        <ele>437.965385</ele>
        <time>2021-08-20T12:43:18.883Z</time>
      </trkpt>
      <trkpt lat="49.501017" lon="7.008732">
        <ele>437.540999</ele>
        <time>2021-08-20T12:43:26.856Z</time>
      </trkpt>
      <trkpt lat="49.500983" lon="7.008588">
        <ele>437.115788</ele>
        <time>2021-08-20T12:43:34.863Z</time>
      </trkpt>
      <trkpt lat="49.500950" lon="7.008457">
        <ele>436.725853</ele>
        <time>2021-08-20T12:43:42.861Z</time>
      </trkpt>
      <trkpt lat="49.500932" lon="7.008315">
        <ele>436.324347</ele>
        <time>2021-08-20T12:43:48.874Z</time>
      </trkpt>
      <trkpt lat="49.500883" lon="7.008187">
        <ele>435.912009</ele>
        <time>2021-08-20T12:43:56.861Z</time>
      </trkpt>
      <trkpt lat="49.500858" lon="7.008052">
        <ele>435.522431</ele>
        <time>2021-08-20T12:44:03.882Z</time>
      </trkpt>
      <trkpt lat="49.500843" lon="7.007912">
        <ele>435.128658</ele>
        <time>2021-08-20T12:44:11.866Z</time>
      </trkpt>
      <trkpt lat="49.500772" lon="7.007817">
        <ele>434.726720</ele>
        <time>2021-08-20T12:44:19.858Z</time>
      </trkpt>
      <trkpt lat="49.500678" lon="7.007772">
        <ele>434.306078</ele>
        <time>2021-08-20T12:44:26.866Z</time>
      </trkpt>
      <trkpt lat="49.500590" lon="7.007718">
        <ele>433.901279</ele>
        <time>2021-08-20T12:44:33.857Z</time>
      </trkpt>
      <trkpt lat="49.500505" lon="7.007670">
        <ele>433.514404</ele>
        <time>2021-08-20T12:44:42.845Z</time>
      </trkpt>
      <trkpt lat="49.500410" lon="7.007632">
        <ele>433.094979</ele>
        <time>2021-08-20T12:44:52.862Z</time>
      </trkpt>
      <trkpt lat="49.500322" lon="7.007598">
        <ele>432.707284</ele>
        <time>2021-08-20T12:44:59.869Z</time>
      </trkpt>
      <trkpt lat="49.500230" lon="7.007545">
        <ele>432.287539</ele>
        <time>2021-08-20T12:45:07.855Z</time>
      </trkpt>
      <trkpt lat="49.500133" lon="7.007512">
        <ele>431.863046</ele>
        <time>2021-08-20T12:45:15.876Z</time>
      </trkpt>
      <trkpt lat="49.500033" lon="7.007490">
        <ele>431.821506</ele>
        <time>2021-08-20T12:45:22.847Z</time>
      </trkpt>
      <trkpt lat="49.499938" lon="7.007453">
        <ele>431.793622</ele>
        <time>2021-08-20T12:45:31.872Z</time>
      </trkpt>
      <trkpt lat="49.499838" lon="7.007435">
        <ele>431.764972</ele>
        <time>2021-08-20T12:45:40.851Z</time>
      </trkpt>
      <trkpt lat="49.499758" lon="7.007360">
        <ele>431.738320</ele>
        <time>2021-08-20T12:45:49.854Z</time>
      </trkpt>
      <trkpt lat="49.499665" lon="7.007310">
        <ele>431.710290</ele>
        <time>2021-08-20T12:45:57.870Z</time>
      </trkpt>
      <trkpt lat="49.499580" lon="7.007263">
        <ele>431.684590</ele>
        <time>2021-08-20T12:46:04.852Z</time>
      </trkpt>
      <trkpt lat="49.499517" lon="7.007152">
        <ele>431.657347</ele>
        <time>2021-08-20T12:46:12.867Z</time>
      </trkpt>
      <trkpt lat="49.499450" lon="7.007028">
        <ele>431.627538</ele>
        <time>2021-08-20T12:46:21.846Z</time>
      </trkpt>
      <trkpt lat="49.499392" lon="7.006908">
        <ele>431.599894</ele>
        <time>2021-08-20T12:46:28.863Z</time>
      </trkpt>
      <trkpt lat="49.499328" lon="7.006795">
        <ele>431.572185</ele>
        <time>2021-08-20T12:46:36.858Z</time>
      </trkpt>
      <trkpt lat="49.499263" lon="7.006695">
        <ele>431.546039</ele>
        <time>2021-08-20T12:46:44.878Z</time>
      </trkpt>
      <trkpt lat="49.499218" lon="7.006568">
        <ele>431.519302</ele>
        <time>2021-08-20T12:46:53.860Z</time>
      </trkpt>
      <trkpt lat="49.499168" lon="7.006442">
        <ele>431.492014</ele>
        <time>2021-08-20T12:47:01.853Z</time>
      </trkpt>
      <trkpt lat="49.499130" lon="7.006310">
        <ele>431.465330</ele>
        <time>2021-08-20T12:47:09.885Z</time>
      </trkpt>
      <trkpt lat="49.499100" lon="7.006158">
        <ele>431.435971</ele>
        <time>2021-08-20T12:47:19.873Z</time>
      </trkpt>
      <trkpt lat="49.499058" lon="7.006027">
        <ele>431.408972</ele>
        <time>2021-08-20T12:47:27.880Z</time>
      </trkpt>
      <trkpt lat="49.499008" lon="7.005902">
        <ele>431.381841</ele>
        <time>2021-08-20T12:47:35.841Z</time>
      </trkpt>
      <trkpt lat="49.498935" lon="7.005798">
        <ele>431.353541</ele>
        <time>2021-08-20T12:47:43.857Z</time>
      </trkpt>
      <trkpt lat="49.498845" lon="7.005798">
        <ele>431.199326</ele>
        <time>2021-08-20T12:47:51.864Z</time>
      </trkpt>
      <trkpt lat="49.498745" lon="7.005802">
        <ele>430.789254</ele>
        <time>2021-08-20T12:48:00.854Z</time>
      </trkpt>
      <trkpt lat="49.498653" lon="7.005822">
        <ele>430.408375</ele>
        <time>2021-08-20T12:48:07.880Z</time>
      </trkpt>
      <trkpt lat="49.498557" lon="7.005855">
        <ele>430.005151</ele>
        <time>2021-08-20T12:48:17.867Z</time>
      </trkpt>
      <trkpt lat="49.498465" lon="7.005870">
        <ele>429.625904</ele>
        <time>2021-08-20T12:48:24.865Z</time>
      </trkpt>
      <trkpt lat="49.498378" lon="7.005915">
        <ele>429.249676</ele>
        <time>2021-08-20T12:48:33.864Z</time>
      </trkpt>
      <trkpt lat="49.498283" lon="7.005927">
        <ele>428.858931</ele>
        <time>2021-08-20T12:48:42.859Z</time>
      </trkpt>
      <trkpt lat="49.498192" lon="7.005925">
        <ele>428.485853</ele>
        <time>2021-08-20T12:48:48.854Z</time>
      </trkpt>
      <trkpt lat="49.498100" lon="7.005923">
        <ele>428.108677</ele>
        <time>2021-08-20T12:48:54.878Z</time>
      </trkpt>
      <trkpt lat="49.498012" lon="7.005957">
        <ele>427.736751</ele>
        <time>2021-08-20T12:49:01.868Z</time>
      </trkpt>
      <trkpt lat="49.497923" lon="7.005983">
        <ele>427.365402</ele>
        <time>2021-08-20T12:49:08.859Z</time>
      </trkpt>
      <trkpt lat="49.497827" lon="7.006005">
        <ele>426.967531</ele>
        <time>2021-08-20T12:49:16.855Z</time>
      </trkpt>
      <trkpt lat="49.497737" lon="7.006032">
        <ele>426.591652</ele>
        <time>2021-08-20T12:49:24.869Z</time>
      </trkpt>
      <trkpt lat="49.497632" lon="7.006042">
        <ele>426.160400</ele>
        <time>2021-08-20T12:49:31.865Z</time>
      </trkpt>
      <trkpt lat="49.497537" lon="7.006042">
        <ele>425.770963</ele>
        <time>2021-08-20T12:49:39.848Z</time>
      </trkpt>
      <trkpt lat="49.497440" lon="7.006080">
        <ele>425.360658</ele>
        <time>2021-08-20T12:49:46.856Z</time>
      </trkpt>
      <trkpt lat="49.497353" lon="7.006148">
        <ele>424.960694</ele>
        <time>2021-08-20T12:49:54.858Z</time>
      </trkpt>
      <trkpt lat="49.497253" lon="7.006182">
        <ele>424.540885</ele>
        <time>2021-08-20T12:50:02.860Z</time>
      </trkpt>
      <trkpt lat="49.497163" lon="7.006215">
        <ele>424.161627</ele>
        <time>2021-08-20T12:50:10.850Z</time>
      </trkpt>
      <trkpt lat="49.497067" lon="7.006268">
        <ele>424.028569</ele>
        <time>2021-08-20T12:50:19.859Z</time>
      </trkpt>
      <trkpt lat="49.496965" lon="7.006293">
        <ele>424.151879</ele>
        <time>2021-08-20T12:50:26.857Z</time>
      </trkpt>
      <trkpt lat="49.496872" lon="7.006357">
        <ele>424.273497</ele>
        <time>2021-08-20T12:50:34.858Z</time>
      </trkpt>
      <trkpt lat="49.496793" lon="7.006425">
        <ele>424.381553</ele>
        <time>2021-08-20T12:50:42.857Z</time>
      </trkpt>
      <trkpt lat="49.496702" lon="7.006455">
        <ele>424.492659</ele>
        <time>2021-08-20T12:50:52.870Z</time>
      </trkpt>
      <trkpt lat="49.496602" lon="7.006472">
        <ele>424.612774</ele>
        <time>2021-08-20T12:51:00.859Z</time>
      </trkpt>
      <trkpt lat="49.496508" lon="7.006482">
        <ele>424.725267</ele>
        <time>2021-08-20T12:51:08.852Z</time>
      </trkpt>
      <trkpt lat="49.496423" lon="7.006528">
        <ele>424.832834</ele>
        <time>2021-08-20T12:51:17.870Z</time>
      </trkpt>
      <trkpt lat="49.496333" lon="7.006587">
        <ele>424.949618</ele>
        <time>2021-08-20T12:51:25.876Z</time>
      </trkpt>
      <trkpt lat="49.496242" lon="7.006583">
        <ele>425.058307</ele>
        <time>2021-08-20T12:51:34.850Z</time>
      </trkpt>
      <trkpt lat="49.496190" lon="7.006470">
        <ele>425.165694</ele>
        <time>2021-08-20T12:51:41.848Z</time>
      </trkpt>
      <trkpt lat="49.496132" lon="7.006362">
        <ele>425.274361</ele>
        <time>2021-08-20T12:51:51.868Z</time>
      </trkpt>
      <trkpt lat="49.496102" lon="7.006220">
        <ele>425.390151</ele>
        <time>2021-08-20T12:52:00.852Z</time>
      </trkpt>
      <trkpt lat="49.496053" lon="7.006098">
        <ele>425.501381</ele>
        <time>2021-08-20T12:52:07.856Z</time>
      </trkpt>
      <trkpt lat="49.496018" lon="7.005962">
        <ele>425.614816</ele>
        <time>2021-08-20T12:52:17.864Z</time>
      </trkpt>
      <trkpt lat="49.495992" lon="7.005820">
        <ele>425.729219</ele>
        <time>2021-08-20T12:52:23.858Z</time>
      </trkpt>
      <trkpt lat="49.495960" lon="7.005687">
        <ele>425.839201</ele>
        <time>2021-08-20T12:52:30.859Z</time>
      </trkpt>
      <trkpt lat="49.495923" lon="7.005555">
        <ele>425.950684</ele>
        <time>2021-08-20T12:52:38.850Z</time>
      </trkpt>
      <trkpt lat="49.495877" lon="7.005418">
        <ele>426.070274</ele>
        <time>2021-08-20T12:52:47.859Z</time>
      </trkpt>
      <trkpt lat="49.495860" lon="7.005270">
        <ele>425.692261</ele>
        <time>2021-08-20T12:52:56.845Z</time>
      </trkpt>
      <trkpt lat="49.495843" lon="7.005117">
        <ele>425.020532</ele>
        <time>2021-08-20T12:53:03.861Z</time>
      </trkpt>
      <trkpt lat="49.495813" lon="7.004965">
        <ele>424.333048</ele>
        <time>2021-08-20T12:53:11.854Z</time>
      </trkpt>
      <trkpt lat="49.495762" lon="7.004830">
        <ele>423.657196</ele>
        <time>2021-08-20T12:53:18.855Z</time>
      </trkpt>
      <trkpt lat="49.495720" lon="7.004690">
        <ele>422.989836</ele>
        <time>2021-08-20T12:53:28.849Z</time>
      </trkpt>
      <trkpt lat="49.495680" lon="7.004548">
        <ele>422.320021</ele>
        <time>2021-08-20T12:53:36.855Z</time>
      </trkpt>
      <trkpt lat="49.495635" lon="7.004423">
        <ele>421.701543</ele>
        <time>2021-08-20T12:53:43.878Z</time>
      </trkpt>
      <trkpt lat="49.495593" lon="7.004278">
        <ele>421.014478</ele>
        <time>2021-08-20T12:53:52.841Z</time>
      </trkpt>
      <trkpt lat="49.495568" lon="7.004133">
        <ele>420.365251</ele>
        <time>2021-08-20T12:54:01.879Z</time>
      </trkpt>
      <trkpt lat="49.495533" lon="7.004002">
        <ele>419.752252</ele>
        <time>2021-08-20T12:54:07.880Z</time>
      </trkpt>
      <trkpt lat="49.495502" lon="7.003865">
        <ele>419.124429</ele>
        <time>2021-08-20T12:54:13.853Z</time>
      </trkpt>
      <trkpt lat="49.495467" lon="7.003727">
        <ele>418.483310</ele>
        <time>2021-08-20T12:54:22.847Z</time>
      </trkpt>
      <trkpt lat="49.495413" lon="7.003612">
        <ele>417.869205</ele>
        <time>2021-08-20T12:54:28.856Z</time>
      </trkpt>
      <trkpt lat="49.495327" lon="7.003538">
        <ele>417.212786</ele>
        <time>2021-08-20T12:54:36.873Z</time>
      </trkpt>
      <trkpt lat="49.495237" lon="7.003472">
        <ele>416.548584</ele>
        <time>2021-08-20T12:54:44.862Z</time>
      </trkpt>
      <trkpt lat="49.495148" lon="7.003407">
        <ele>415.892258</ele>
        <time>2021-08-20T12:54:51.855Z</time>
      </trkpt>
      <trkpt lat="49.495050" lon="7.003362">
        <ele>415.210879</ele>
        <time>2021-08-20T12:54:58.860Z</time>
      </trkpt>
      <trkpt lat="49.494962" lon="7.003307">
        <ele>414.578081</ele>
        <time>2021-08-20T12:55:05.871Z</time>
      </trkpt>
      <trkpt lat="49.494877" lon="7.003260">
        <ele>414.020374</ele>
        <time>2021-08-20T12:55:10.842Z</time>
      </trkpt>
      <trkpt lat="49.494788" lon="7.003217">
        <ele>413.579813</ele>
        <time>2021-08-20T12:55:17.856Z</time>
      </trkpt>
      <trkpt lat="49.494695" lon="7.003182">
        <ele>413.127640</ele>
        <time>2021-08-20T12:55:23.849Z</time>
      </trkpt>
      <trkpt lat="49.494602" lon="7.003173">
        <ele>412.687532</ele>
        <time>2021-08-20T12:55:31.856Z</time>
      </trkpt>
      <trkpt lat="49.494513" lon="7.003097">
        <ele>412.206856</ele>
        <time>2021-08-20T12:55:39.879Z</time>
      </trkpt>
      <trkpt lat="49.494430" lon="7.003040">
        <ele>411.777615</ele>
        <time>2021-08-20T12:55:46.858Z</time>
      </trkpt>
      <trkpt lat="49.494340" lon="7.002985">
        <ele>411.320281</ele>
        <time>2021-08-20T12:55:55.865Z</time>
      </trkpt>
      <trkpt lat="49.494247" lon="7.002940">
        <ele>410.859858</ele>
        <time>2021-08-20T12:56:04.857Z</time>
      </trkpt>
      <trkpt lat="49.494152" lon="7.002908">
        <ele>410.400558</ele>
        <time>2021-08-20T12:56:13.851Z</time>
      </trkpt>
      <trkpt lat="49.494070" lon="7.002842">
        <ele>409.963538</ele>
        <time>2021-08-20T12:56:20.884Z</time>
      </trkpt>
      <trkpt lat="49.493992" lon="7.002770">
        <ele>409.534002</ele>
        <time>2021-08-20T12:56:30.856Z</time>
      </trkpt>
      <trkpt lat="49.493905" lon="7.002705">
        <ele>409.077271</ele>
        <time>2021-08-20T12:56:39.872Z</time>
      </trkpt>
      <trkpt lat="49.493827" lon="7.002620">
        <ele>408.625929</ele>
        <time>2021-08-20T12:56:44.870Z</time>
      </trkpt>
      <trkpt lat="49.493762" lon="7.002515">
        <ele>408.180953</ele>
        <time>2021-08-20T12:56:49.876Z</time>
      </trkpt>
      <trkpt lat="49.493687" lon="7.002427">
        <ele>407.735581</ele>
        <time>2021-08-20T12:56:56.848Z</time>
      </trkpt>
      <trkpt lat="49.493673" lon="7.002288">
        <ele>407.304067</ele>
        <time>2021-08-20T12:57:02.860Z</time>
      </trkpt>
      <trkpt lat="49.493723" lon="7.002167">
        <ele>406.864118</ele>
        <time>2021-08-20T12:57:14.856Z</time>
      </trkpt>
      <trkpt lat="49.493710" lon="7.002028">
        <ele>406.433303</ele>
        <time>2021-08-20T12:57:21.849Z</time>
      </trkpt>
      <trkpt lat="49.493698" lon="7.001883">
        <ele>405.984883</ele>
        <time>2021-08-20T12:57:30.849Z</time>
      </trkpt>
      <trkpt lat="49.493673" lon="7.001745">
        <ele>405.380860</ele>
        <time>2021-08-20T12:57:37.876Z</time>
      </trkpt>
      <trkpt lat="49.493657" lon="7.001585">
        <ele>403.947508</ele>
        <time>2021-08-20T12:57:45.862Z</time>
      </trkpt>
      <trkpt lat="49.493677" lon="7.001445">
        <ele>402.678302</ele>
        <time>2021-08-20T12:57:53.854Z</time>
      </trkpt>
      <trkpt lat="49.493710" lon="7.001317">
        <ele>401.458962</ele>
        <time>2021-08-20T12:58:01.861Z</time>
      </trkpt>
      <trkpt lat="49.493752" lon="7.001190">
        <ele>400.197128</ele>
        <time>2021-08-20T12:58:10.862Z</time>
      </trkpt>
      <trkpt lat="49.493800" lon="7.001073">
        <ele>398.971861</ele>
        <time>2021-08-20T12:58:18.855Z</time>
      </trkpt>
      <trkpt lat="49.493873" lon="7.000988">
        <ele>397.724209</ele>
        <time>2021-08-20T12:58:29.876Z</time>
      </trkpt>
      <trkpt lat="49.493897" lon="7.000843">
        <ele>396.399337</ele>
        <time>2021-08-20T12:58:37.853Z</time>
      </trkpt>
      <trkpt lat="49.493847" lon="7.000713">
        <ele>395.061644</ele>
        <time>2021-08-20T12:58:43.850Z</time>
      </trkpt>
      <trkpt lat="49.493792" lon="7.000578">
        <ele>393.650667</ele>
        <time>2021-08-20T12:58:49.853Z</time>
      </trkpt>
      <trkpt lat="49.493713" lon="7.000483">
        <ele>392.284206</ele>
        <time>2021-08-20T12:58:56.847Z</time>
      </trkpt>
      <trkpt lat="49.493640" lon="7.000375">
        <ele>390.904120</ele>
        <time>2021-08-20T12:59:05.856Z</time>
      </trkpt>
      <trkpt lat="49.493628" lon="7.000227">
        <ele>389.583538</ele>
        <time>2021-08-20T12:59:13.861Z</time>
      </trkpt>
      <trkpt lat="49.493608" lon="7.000083">
        <ele>388.279719</ele>
        <time>2021-08-20T12:59:21.862Z</time>
      </trkpt>
      <trkpt lat="49.493555" lon="6.999952">
        <ele>386.913220</ele>
        <time>2021-08-20T12:59:29.876Z</time>
      </trkpt>
      <trkpt lat="49.493505" lon="6.999837">
        <ele>385.687930</ele>
        <time>2021-08-20T12:59:36.869Z</time>
      </trkpt>
      <trkpt lat="49.493448" lon="6.999725">
        <ele>384.428117</ele>
        <time>2021-08-20T12:59:45.848Z</time>
      </trkpt>
      <trkpt lat="49.493405" lon="6.999587">
        <ele>383.072919</ele>
        <time>2021-08-20T12:59:53.873Z</time>
      </trkpt>
      <trkpt lat="49.493388" lon="6.999433">
        <ele>381.689824</ele>
        <time>2021-08-20T13:00:00.859Z</time>
      </trkpt>
      <trkpt lat="49.493333" lon="6.999315">
        <ele>381.251653</ele>
        <time>2021-08-20T13:00:08.848Z</time>
      </trkpt>
      <trkpt lat="49.493278" lon="6.999203">
        <ele>381.492013</ele>
        <time>2021-08-20T13:00:18.842Z</time>
      </trkpt>
      <trkpt lat="49.493227" lon="6.999088">
        <ele>381.730390</ele>
        <time>2021-08-20T13:00:26.859Z</time>
      </trkpt>
      <trkpt lat="49.493157" lon="6.998970">
        <ele>382.003961</ele>
        <time>2021-08-20T13:00:33.860Z</time>
      </trkpt>
      <trkpt lat="49.493100" lon="6.998862">
        <ele>382.242184</ele>
        <time>2021-08-20T13:00:41.855Z</time>
      </trkpt>
      <trkpt lat="49.493057" lon="6.998828">
        <ele>382.369585</ele>
        <time>2021-08-20T13:00:50.531Z</time>
      </trkpt>
      <trkpt lat="49.492940" lon="6.998755">
        <ele>382.702305</ele>
        <time>2021-08-20T13:01:32.876Z</time>
      </trkpt>
      <trkpt lat="49.492937" lon="6.998600">
        <ele>382.967767</ele>
        <time>2021-08-20T13:01:40.863Z</time>
      </trkpt>
      <trkpt lat="49.493003" lon="6.998497">
        <ele>383.215452</ele>
        <time>2021-08-20T13:01:52.843Z</time>
      </trkpt>
      <trkpt lat="49.493040" lon="6.998367">
        <ele>383.458426</ele>
        <time>2021-08-20T13:02:03.845Z</time>
      </trkpt>
      <trkpt lat="49.493022" lon="6.998217">
        <ele>383.719555</ele>
        <time>2021-08-20T13:02:10.868Z</time>
      </trkpt>
      <trkpt lat="49.492992" lon="6.998083">
        <ele>383.962193</ele>
        <time>2021-08-20T13:02:17.860Z</time>
      </trkpt>
      <trkpt lat="49.492950" lon="6.997957">
        <ele>384.204637</ele>
        <time>2021-08-20T13:02:24.850Z</time>
      </trkpt>
      <trkpt lat="49.492870" lon="6.997867">
        <ele>384.465775</ele>
        <time>2021-08-20T13:02:31.861Z</time>
      </trkpt>
      <trkpt lat="49.492808" lon="6.997753">
        <ele>384.720308</ele>
        <time>2021-08-20T13:02:41.848Z</time>
      </trkpt>
      <trkpt lat="49.492755" lon="6.997617">
        <ele>384.991816</ele>
        <time>2021-08-20T13:02:53.853Z</time>
      </trkpt>
      <trkpt lat="49.492675" lon="6.997528">
        <ele>385.251947</ele>
        <time>2021-08-20T13:03:00.860Z</time>
      </trkpt>
      <trkpt lat="49.492602" lon="6.997448">
        <ele>385.488108</ele>
        <time>2021-08-20T13:03:08.865Z</time>
      </trkpt>
      <trkpt lat="49.492518" lon="6.997363">
        <ele>385.753034</ele>
        <time>2021-08-20T13:03:16.862Z</time>
      </trkpt>
      <trkpt lat="49.492438" lon="6.997290">
        <ele>386.018662</ele>
        <time>2021-08-20T13:03:25.861Z</time>
      </trkpt>
      <trkpt lat="49.492357" lon="6.997218">
        <ele>386.300456</ele>
        <time>2021-08-20T13:03:34.861Z</time>
      </trkpt>
      <trkpt lat="49.492307" lon="6.997098">
        <ele>386.579457</ele>
        <time>2021-08-20T13:03:46.851Z</time>
      </trkpt>
      <trkpt lat="49.492248" lon="6.996983">
        <ele>386.866242</ele>
        <time>2021-08-20T13:03:54.866Z</time>
      </trkpt>
      <trkpt lat="49.492237" lon="6.996837">
        <ele>387.153877</ele>
        <time>2021-08-20T13:04:00.844Z</time>
      </trkpt>
      <trkpt lat="49.492223" lon="6.996692">
        <ele>387.440757</ele>
        <time>2021-08-20T13:04:06.855Z</time>
      </trkpt>
      <trkpt lat="49.492198" lon="6.996555">
        <ele>387.719243</ele>
        <time>2021-08-20T13:04:12.841Z</time>
      </trkpt>
      <trkpt lat="49.492158" lon="6.996427">
        <ele>387.997218</ele>
        <time>2021-08-20T13:04:19.854Z</time>
      </trkpt>
      <trkpt lat="49.492115" lon="6.996293">
        <ele>388.289710</ele>
        <time>2021-08-20T13:04:28.843Z</time>
      </trkpt>
      <trkpt lat="49.492070" lon="6.996160">
        <ele>388.583183</ele>
        <time>2021-08-20T13:04:36.870Z</time>
      </trkpt>
      <trkpt lat="49.492027" lon="6.996018">
        <ele>388.889789</ele>
        <time>2021-08-20T13:04:46.854Z</time>
      </trkpt>
      <trkpt lat="49.491965" lon="6.995893">
        <ele>389.197577</ele>
        <time>2021-08-20T13:04:54.849Z</time>
      </trkpt>
      <trkpt lat="49.491910" lon="6.995763">
        <ele>389.501192</ele>
        <time>2021-08-20T13:05:03.862Z</time>
      </trkpt>
      <trkpt lat="49.491862" lon="6.995633">
        <ele>389.793831</ele>
        <time>2021-08-20T13:05:12.867Z</time>
      </trkpt>
      <trkpt lat="49.491808" lon="6.995520">
        <ele>390.068370</ele>
        <time>2021-08-20T13:05:20.876Z</time>
      </trkpt>
      <trkpt lat="49.491767" lon="6.995392">
        <ele>390.347667</ele>
        <time>2021-08-20T13:05:27.862Z</time>
      </trkpt>
      <trkpt lat="49.491718" lon="6.995257">
        <ele>390.650311</ele>
        <time>2021-08-20T13:05:37.849Z</time>
      </trkpt>
      <trkpt lat="49.491678" lon="6.995128">
        <ele>390.930053</ele>
        <time>2021-08-20T13:05:43.859Z</time>
      </trkpt>
      <trkpt lat="49.491627" lon="6.995002">
        <ele>391.220592</ele>
        <time>2021-08-20T13:05:51.862Z</time>
      </trkpt>
      <trkpt lat="49.491567" lon="6.994883">
        <ele>391.823644</ele>
        <time>2021-08-20T13:05:59.850Z</time>
      </trkpt>
      <trkpt lat="49.491515" lon="6.994762">
        <ele>392.469671</ele>
        <time>2021-08-20T13:06:08.882Z</time>
      </trkpt>
      <trkpt lat="49.491495" lon="6.994612">
        <ele>393.151510</ele>
        <time>2021-08-20T13:06:17.845Z</time>
      </trkpt>
      <trkpt lat="49.491438" lon="6.994490">
        <ele>393.820675</ele>
        <time>2021-08-20T13:06:25.872Z</time>
      </trkpt>
      <trkpt lat="49.491413" lon="6.994343">
        <ele>394.497294</ele>
        <time>2021-08-20T13:06:34.848Z</time>
      </trkpt>
      <trkpt lat="49.491412" lon="6.994202">
        <ele>395.125171</ele>
        <time>2021-08-20T13:06:41.849Z</time>
      </trkpt>
      <trkpt lat="49.491380" lon="6.994072">
        <ele>395.744200</ele>
        <time>2021-08-20T13:06:49.865Z</time>
      </trkpt>
      <trkpt lat="49.491360" lon="6.993930">
        <ele>396.391186</ele>
        <time>2021-08-20T13:06:56.852Z</time>
      </trkpt>
      <trkpt lat="49.491327" lon="6.993793">
        <ele>397.041808</ele>
        <time>2021-08-20T13:07:07.859Z</time>
      </trkpt>
      <trkpt lat="49.491337" lon="6.993647">
        <ele>397.695517</ele>
        <time>2021-08-20T13:07:15.852Z</time>
      </trkpt>
      <trkpt lat="49.491328" lon="6.993507">
        <ele>398.321951</ele>
        <time>2021-08-20T13:07:25.850Z</time>
      </trkpt>
      <trkpt lat="49.491320" lon="6.993362">
        <ele>398.969927</ele>
        <time>2021-08-20T13:07:33.879Z</time>
      </trkpt>
      <trkpt lat="49.491298" lon="6.993207">
        <ele>399.676392</ele>
        <time>2021-08-20T13:07:41.855Z</time>
      </trkpt>
      <trkpt lat="49.491330" lon="6.993070">
        <ele>400.324663</ele>
        <time>2021-08-20T13:07:55.845Z</time>
      </trkpt>
      <trkpt lat="49.491355" lon="6.992930">
        <ele>400.971178</ele>
        <time>2021-08-20T13:08:03.857Z</time>
      </trkpt>
      <trkpt lat="49.491372" lon="6.992783">
        <ele>401.636028</ele>
        <time>2021-08-20T13:08:12.851Z</time>
      </trkpt>
      <trkpt lat="49.491367" lon="6.992645">
        <ele>402.251465</ele>
        <time>2021-08-20T13:08:20.849Z</time>
      </trkpt>
      <trkpt lat="49.491360" lon="6.992500">
        <ele>402.898897</ele>
        <time>2021-08-20T13:08:29.852Z</time>
      </trkpt>
      <trkpt lat="49.491340" lon="6.992352">
        <ele>403.572017</ele>
        <time>2021-08-20T13:08:35.842Z</time>
      </trkpt>
      <trkpt lat="49.491345" lon="6.992212">
        <ele>403.788753</ele>
        <time>2021-08-20T13:08:43.867Z</time>
      </trkpt>
      <trkpt lat="49.491360" lon="6.992070">
        <ele>403.988974</ele>
        <time>2021-08-20T13:08:51.838Z</time>
      </trkpt>
      <trkpt lat="49.491367" lon="6.991920">
        <ele>404.198270</ele>
        <time>2021-08-20T13:09:02.867Z</time>
      </trkpt>
      <trkpt lat="49.491397" lon="6.991787">
        <ele>404.394212</ele>
        <time>2021-08-20T13:09:09.856Z</time>
      </trkpt>
      <trkpt lat="49.491395" lon="6.991635">
        <ele>404.605797</ele>
        <time>2021-08-20T13:09:17.872Z</time>
      </trkpt>
      <trkpt lat="49.491397" lon="6.991497">
        <ele>404.797902</ele>
        <time>2021-08-20T13:09:23.857Z</time>
      </trkpt>
      <trkpt lat="49.491418" lon="6.991353">
        <ele>405.003298</ele>
        <time>2021-08-20T13:09:29.855Z</time>
      </trkpt>
      <trkpt lat="49.491448" lon="6.991212">
        <ele>405.209790</ele>
        <time>2021-08-20T13:09:39.865Z</time>
      </trkpt>
      <trkpt lat="49.491480" lon="6.991067">
        <ele>405.422918</ele>
        <time>2021-08-20T13:09:48.846Z</time>
      </trkpt>
      <trkpt lat="49.491505" lon="6.990930">
        <ele>405.620964</ele>
        <time>2021-08-20T13:09:55.870Z</time>
      </trkpt>
      <trkpt lat="49.491522" lon="6.990787">
        <ele>405.823286</ele>
        <time>2021-08-20T13:10:05.848Z</time>
      </trkpt>
      <trkpt lat="49.491518" lon="6.990643">
        <ele>406.023876</ele>
        <time>2021-08-20T13:10:13.869Z</time>
      </trkpt>
      <trkpt lat="49.491532" lon="6.990507">
        <ele>406.215512</ele>
        <time>2021-08-20T13:10:19.850Z</time>
      </trkpt>
      <trkpt lat="49.491552" lon="6.990357">
        <ele>406.428622</ele>
        <time>2021-08-20T13:10:27.851Z</time>
      </trkpt>
      <trkpt lat="49.491577" lon="6.990220">
        <ele>406.626668</ele>
        <time>2021-08-20T13:10:35.871Z</time>
      </trkpt>
      <trkpt lat="49.491617" lon="6.990095">
        <ele>406.820597</ele>
        <time>2021-08-20T13:10:42.847Z</time>
      </trkpt>
      <trkpt lat="49.491655" lon="6.989953">
        <ele>407.034335</ele>
        <time>2021-08-20T13:10:50.871Z</time>
      </trkpt>
      <trkpt lat="49.491663" lon="6.989810">
        <ele>407.234086</ele>
        <time>2021-08-20T13:10:58.848Z</time>
      </trkpt>
      <trkpt lat="49.491680" lon="6.989665">
        <ele>407.439146</ele>
        <time>2021-08-20T13:11:05.841Z</time>
      </trkpt>
      <trkpt lat="49.491693" lon="6.989522">
        <ele>407.110329</ele>
        <time>2021-08-20T13:11:12.835Z</time>
      </trkpt>
      <trkpt lat="49.491665" lon="6.989375">
        <ele>406.706251</ele>
        <time>2021-08-20T13:11:20.859Z</time>
      </trkpt>
      <trkpt lat="49.491650" lon="6.989235">
        <ele>406.331976</ele>
        <time>2021-08-20T13:11:27.848Z</time>
      </trkpt>
      <trkpt lat="49.491693" lon="6.989098">
        <ele>405.930627</ele>
        <time>2021-08-20T13:11:33.875Z</time>
      </trkpt>
      <trkpt lat="49.491768" lon="6.989013">
        <ele>405.552436</ele>
        <time>2021-08-20T13:11:44.868Z</time>
      </trkpt>
      <trkpt lat="49.491825" lon="6.988890">
        <ele>405.153888</ele>
        <time>2021-08-20T13:11:51.851Z</time>
      </trkpt>
      <trkpt lat="49.491873" lon="6.988770">
        <ele>404.782156</ele>
        <time>2021-08-20T13:11:59.848Z</time>
      </trkpt>
      <trkpt lat="49.491910" lon="6.988642">
        <ele>404.412602</ele>
        <time>2021-08-20T13:12:06.870Z</time>
      </trkpt>
      <trkpt lat="49.491937" lon="6.988492">
        <ele>404.002030</ele>
        <time>2021-08-20T13:12:14.844Z</time>
      </trkpt>
      <trkpt lat="49.491975" lon="6.988353">
        <ele>403.604235</ele>
        <time>2021-08-20T13:12:22.838Z</time>
      </trkpt>
      <trkpt lat="49.492003" lon="6.988213">
        <ele>403.217843</ele>
        <time>2021-08-20T13:12:30.878Z</time>
      </trkpt>
      <trkpt lat="49.492027" lon="6.988072">
        <ele>402.833365</ele>
        <time>2021-08-20T13:12:39.842Z</time>
      </trkpt>
      <trkpt lat="49.492063" lon="6.987940">
        <ele>402.455739</ele>
        <time>2021-08-20T13:12:46.858Z</time>
      </trkpt>
      <trkpt lat="49.492095" lon="6.987810">
        <ele>402.089037</ele>
        <time>2021-08-20T13:12:53.850Z</time>
      </trkpt>
      <trkpt lat="49.492130" lon="6.987675">
        <ele>401.705627</ele>
        <time>2021-08-20T13:13:02.849Z</time>
      </trkpt>
      <trkpt lat="49.492158" lon="6.987525">
        <ele>401.293954</ele>
        <time>2021-08-20T13:13:11.863Z</time>
      </trkpt>
      <trkpt lat="49.492187" lon="6.987392">
        <ele>400.923898</ele>
        <time>2021-08-20T13:13:18.861Z</time>
      </trkpt>
      <trkpt lat="49.492215" lon="6.987253">
        <ele>400.540028</ele>
        <time>2021-08-20T13:13:26.854Z</time>
      </trkpt>
      <trkpt lat="49.492243" lon="6.987112">
        <ele>400.153606</ele>
        <time>2021-08-20T13:13:34.844Z</time>
      </trkpt>
      <trkpt lat="49.492277" lon="6.986975">
        <ele>400.247020</ele>
        <time>2021-08-20T13:13:41.845Z</time>
      </trkpt>
      <trkpt lat="49.492312" lon="6.986840">
        <ele>400.339604</ele>
        <time>2021-08-20T13:13:49.855Z</time>
      </trkpt>
      <trkpt lat="49.492363" lon="6.986725">
        <ele>400.428296</ele>
        <time>2021-08-20T13:13:56.842Z</time>
      </trkpt>
      <trkpt lat="49.492388" lon="6.986583">
        <ele>400.522006</ele>
        <time>2021-08-20T13:14:02.847Z</time>
      </trkpt>
      <trkpt lat="49.492408" lon="6.986433">
        <ele>400.619540</ele>
        <time>2021-08-20T13:14:10.857Z</time>
      </trkpt>
      <trkpt lat="49.492427" lon="6.986295">
        <ele>400.709391</ele>
        <time>2021-08-20T13:14:17.855Z</time>
      </trkpt>
      <trkpt lat="49.492447" lon="6.986150">
        <ele>400.803807</ele>
        <time>2021-08-20T13:14:26.844Z</time>
      </trkpt>
      <trkpt lat="49.492462" lon="6.985998">
        <ele>400.901733</ele>
        <time>2021-08-20T13:14:35.863Z</time>
      </trkpt>
      <trkpt lat="49.492487" lon="6.985855">
        <ele>400.996058</ele>
        <time>2021-08-20T13:14:43.849Z</time>
      </trkpt>
      <trkpt lat="49.492513" lon="6.985710">
        <ele>401.091869</ele>
        <time>2021-08-20T13:14:51.855Z</time>
      </trkpt>
      <trkpt lat="49.492570" lon="6.985592">
        <ele>401.185533</ele>
        <time>2021-08-20T13:15:00.850Z</time>
      </trkpt>
      <trkpt lat="49.492640" lon="6.985477">
        <ele>401.285917</ele>
        <time>2021-08-20T13:15:10.871Z</time>
      </trkpt>
      <trkpt lat="49.492715" lon="6.985375">
        <ele>401.384048</ele>
        <time>2021-08-20T13:15:19.844Z</time>
      </trkpt>
      <trkpt lat="49.492783" lon="6.985268">
        <ele>401.479395</ele>
        <time>2021-08-20T13:15:27.875Z</time>
      </trkpt>
      <trkpt lat="49.492845" lon="6.985152">
        <ele>401.575078</ele>
        <time>2021-08-20T13:15:35.843Z</time>
      </trkpt>
      <trkpt lat="49.492908" lon="6.985038">
        <ele>401.670413</ele>
        <time>2021-08-20T13:15:44.849Z</time>
      </trkpt>
      <trkpt lat="49.492965" lon="6.984923">
        <ele>401.762551</ele>
        <time>2021-08-20T13:15:53.853Z</time>
      </trkpt>
      <trkpt lat="49.493020" lon="6.984802">
        <ele>401.856617</ele>
        <time>2021-08-20T13:16:01.869Z</time>
      </trkpt>
      <trkpt lat="49.493060" lon="6.984670">
        <ele>402.115876</ele>
        <time>2021-08-20T13:16:10.869Z</time>
      </trkpt>
      <trkpt lat="49.493110" lon="6.984543">
        <ele>402.694551</ele>
        <time>2021-08-20T13:16:18.858Z</time>
      </trkpt>
      <trkpt lat="49.493188" lon="6.984457">
        <ele>403.270093</ele>
        <time>2021-08-20T13:16:26.882Z</time>
      </trkpt>
      <trkpt lat="49.493282" lon="6.984468">
        <ele>403.835626</ele>
        <time>2021-08-20T13:16:36.879Z</time>
      </trkpt>
      <trkpt lat="49.493357" lon="6.984552">
        <ele>404.392014</ele>
        <time>2021-08-20T13:16:46.863Z</time>
      </trkpt>
      <trkpt lat="49.493453" lon="6.984577">
        <ele>404.976099</ele>
        <time>2021-08-20T13:16:55.848Z</time>
      </trkpt>
      <trkpt lat="49.493543" lon="6.984620">
        <ele>405.541411</ele>
        <time>2021-08-20T13:17:03.867Z</time>
      </trkpt>
      <trkpt lat="49.493635" lon="6.984622">
        <ele>406.093375</ele>
        <time>2021-08-20T13:17:11.853Z</time>
      </trkpt>
      <trkpt lat="49.493732" lon="6.984565">
        <ele>406.716226</ele>
        <time>2021-08-20T13:17:18.871Z</time>
      </trkpt>
      <trkpt lat="49.493820" lon="6.984487">
        <ele>407.325377</ele>
        <time>2021-08-20T13:17:25.859Z</time>
      </trkpt>
      <trkpt lat="49.493900" lon="6.984403">
        <ele>407.906286</ele>
        <time>2021-08-20T13:17:32.846Z</time>
      </trkpt>
      <trkpt lat="49.493932" lon="6.984262">
        <ele>408.488269</ele>
        <time>2021-08-20T13:17:43.876Z</time>
      </trkpt>
      <trkpt lat="49.493967" lon="6.984130">
        <ele>409.043817</ele>
        <time>2021-08-20T13:17:51.880Z</time>
      </trkpt>
      <trkpt lat="49.493983" lon="6.983993">
        <ele>409.586201</ele>
        <time>2021-08-20T13:17:59.837Z</time>
      </trkpt>
      <trkpt lat="49.494002" lon="6.983840">
        <ele>410.193168</ele>
        <time>2021-08-20T13:18:07.861Z</time>
      </trkpt>
      <trkpt lat="49.494030" lon="6.983697">
        <ele>410.775138</ele>
        <time>2021-08-20T13:18:15.883Z</time>
      </trkpt>
      <trkpt lat="49.494058" lon="6.983565">
        <ele>411.316212</ele>
        <time>2021-08-20T13:18:23.845Z</time>
      </trkpt>
      <trkpt lat="49.494075" lon="6.983425">
        <ele>411.871176</ele>
        <time>2021-08-20T13:18:32.848Z</time>
      </trkpt>
      <trkpt lat="49.494112" lon="6.983298">
        <ele>412.413533</ele>
        <time>2021-08-20T13:18:40.882Z</time>
      </trkpt>
      <trkpt lat="49.494130" lon="6.983150">
        <ele>412.512000</ele>
        <time>2021-08-20T13:18:48.852Z</time>
      </trkpt>
      <trkpt lat="49.494138" lon="6.983008">
        <ele>412.142859</ele>
        <time>2021-08-20T13:18:55.856Z</time>
      </trkpt>
      <trkpt lat="49.494150" lon="6.982860">
        <ele>411.756586</ele>
        <time>2021-08-20T13:19:03.866Z</time>
      </trkpt>
      <trkpt lat="49.494140" lon="6.982712">
        <ele>411.371219</ele>
        <time>2021-08-20T13:19:12.857Z</time>
      </trkpt>
      <trkpt lat="49.494148" lon="6.982572">
        <ele>411.007239</ele>
        <time>2021-08-20T13:19:19.874Z</time>
      </trkpt>
      <trkpt lat="49.494143" lon="6.982418">
        <ele>410.607903</ele>
        <time>2021-08-20T13:19:27.879Z</time>
      </trkpt>
      <trkpt lat="49.494155" lon="6.982267">
        <ele>410.213919</ele>
        <time>2021-08-20T13:19:33.871Z</time>
      </trkpt>
      <trkpt lat="49.494132" lon="6.982122">
        <ele>409.827354</ele>
        <time>2021-08-20T13:19:41.868Z</time>
      </trkpt>
      <trkpt lat="49.494132" lon="6.981968">
        <ele>409.428516</ele>
        <time>2021-08-20T13:19:50.867Z</time>
      </trkpt>
      <trkpt lat="49.494142" lon="6.981830">
        <ele>409.068899</ele>
        <time>2021-08-20T13:19:58.858Z</time>
      </trkpt>
      <trkpt lat="49.494157" lon="6.981685">
        <ele>408.688637</ele>
        <time>2021-08-20T13:20:05.846Z</time>
      </trkpt>
      <trkpt lat="49.494187" lon="6.981545">
        <ele>408.306835</ele>
        <time>2021-08-20T13:20:13.859Z</time>
      </trkpt>
      <trkpt lat="49.494212" lon="6.981405">
        <ele>407.930802</ele>
        <time>2021-08-20T13:20:20.854Z</time>
      </trkpt>
      <trkpt lat="49.494242" lon="6.981268">
        <ele>407.556371</ele>
        <time>2021-08-20T13:20:28.870Z</time>
      </trkpt>
      <trkpt lat="49.494273" lon="6.981137">
        <ele>407.195286</ele>
        <time>2021-08-20T13:20:35.871Z</time>
      </trkpt>
      <trkpt lat="49.494308" lon="6.980995">
        <ele>406.801939</ele>
        <time>2021-08-20T13:20:42.855Z</time>
      </trkpt>
      <trkpt lat="49.494343" lon="6.980845">
        <ele>406.389155</ele>
        <time>2021-08-20T13:20:50.863Z</time>
      </trkpt>
      <trkpt lat="49.494362" lon="6.980703">
        <ele>406.013675</ele>
        <time>2021-08-20T13:20:58.869Z</time>
      </trkpt>
      <trkpt lat="49.494385" lon="6.980552">
        <ele>405.612000</ele>
        <time>2021-08-20T13:21:06.868Z</time>
      </trkpt>
      <trkpt lat="49.494408" lon="6.980407">
        <ele>405.501324</ele>
        <time>2021-08-20T13:21:14.847Z</time>
      </trkpt>
      <trkpt lat="49.494420" lon="6.980268">
        <ele>405.461599</ele>
        <time>2021-08-20T13:21:21.872Z</time>
      </trkpt>
      <trkpt lat="49.494432" lon="6.980127">
        <ele>405.421312</ele>
        <time>2021-08-20T13:21:29.846Z</time>
      </trkpt>
      <trkpt lat="49.494422" lon="6.979983">
        <ele>405.380285</ele>
        <time>2021-08-20T13:21:38.873Z</time>
      </trkpt>
      <trkpt lat="49.494458" lon="6.979843">
        <ele>405.337628</ele>
        <time>2021-08-20T13:21:45.847Z</time>
      </trkpt>
      <trkpt lat="49.494532" lon="6.979763">
        <ele>405.298190</ele>
        <time>2021-08-20T13:22:02.868Z</time>
      </trkpt>
      <trkpt lat="49.494608" lon="6.979842">
        <ele>405.258193</ele>
        <time>2021-08-20T13:22:09.855Z</time>
      </trkpt>
      <trkpt lat="49.494710" lon="6.979848">
        <ele>405.213672</ele>
        <time>2021-08-20T13:22:17.871Z</time>
      </trkpt>
      <trkpt lat="49.494795" lon="6.979902">
        <ele>405.173566</ele>
        <time>2021-08-20T13:22:25.869Z</time>
      </trkpt>
      <trkpt lat="49.494892" lon="6.979875">
        <ele>405.130572</ele>
        <time>2021-08-20T13:22:36.852Z</time>
      </trkpt>
      <trkpt lat="49.494985" lon="6.979940">
        <ele>405.086025</ele>
        <time>2021-08-20T13:22:45.845Z</time>
      </trkpt>
      <trkpt lat="49.495065" lon="6.980005">
        <ele>405.046571</ele>
        <time>2021-08-20T13:22:52.848Z</time>
      </trkpt>
      <trkpt lat="49.495158" lon="6.980060">
        <ele>405.003118</ele>
        <time>2021-08-20T13:23:00.872Z</time>
      </trkpt>
      <trkpt lat="49.495242" lon="6.980120">
        <ele>404.962729</ele>
        <time>2021-08-20T13:23:07.868Z</time>
      </trkpt>
      <trkpt lat="49.495337" lon="6.980170">
        <ele>404.918939</ele>
        <time>2021-08-20T13:23:17.062Z</time>
      </trkpt>
      <trkpt lat="49.495428" lon="6.980228">
        <ele>404.875982</ele>
        <time>2021-08-20T13:23:23.846Z</time>
      </trkpt>
      <trkpt lat="49.495507" lon="6.980303">
        <ele>404.835501</ele>
        <time>2021-08-20T13:23:30.848Z</time>
      </trkpt>
      <trkpt lat="49.495585" lon="6.980392">
        <ele>404.793156</ele>
        <time>2021-08-20T13:23:38.863Z</time>
      </trkpt>
      <trkpt lat="49.495655" lon="6.980490">
        <ele>404.751889</ele>
        <time>2021-08-20T13:23:47.868Z</time>
      </trkpt>
      <trkpt lat="49.495748" lon="6.980485">
        <ele>405.411107</ele>
        <time>2021-08-20T13:23:54.845Z</time>
      </trkpt>
      <trkpt lat="49.495842" lon="6.980437">
        <ele>406.135050</ele>
        <time>2021-08-20T13:24:04.849Z</time>
      </trkpt>
      <trkpt lat="49.495930" lon="6.980382">
        <ele>406.829309</ele>
        <time>2021-08-20T13:24:13.860Z</time>
      </trkpt>
      <trkpt lat="49.496030" lon="6.980378">
        <ele>407.560552</ele>
        <time>2021-08-20T13:24:22.871Z</time>
      </trkpt>
      <trkpt lat="49.496122" lon="6.980312">
        <ele>408.302489</ele>
        <time>2021-08-20T13:24:30.858Z</time>
      </trkpt>
      <trkpt lat="49.496203" lon="6.980248">
        <ele>408.968013</ele>
        <time>2021-08-20T13:24:37.852Z</time>
      </trkpt>
      <trkpt lat="49.496297" lon="6.980228">
        <ele>409.661680</ele>
        <time>2021-08-20T13:24:46.846Z</time>
      </trkpt>
      <trkpt lat="49.496387" lon="6.980180">
        <ele>410.357930</ele>
        <time>2021-08-20T13:24:57.868Z</time>
      </trkpt>
      <trkpt lat="49.496477" lon="6.980178">
        <ele>411.015896</ele>
        <time>2021-08-20T13:25:06.855Z</time>
      </trkpt>
      <trkpt lat="49.496577" lon="6.980188">
        <ele>411.748433</ele>
        <time>2021-08-20T13:25:16.872Z</time>
      </trkpt>
      <trkpt lat="49.496673" lon="6.980210">
        <ele>412.457920</ele>
        <time>2021-08-20T13:25:25.849Z</time>
      </trkpt>
      <trkpt lat="49.496770" lon="6.980210">
        <ele>413.166987</ele>
        <time>2021-08-20T13:25:36.856Z</time>
      </trkpt>
      <trkpt lat="49.496865" lon="6.980242">
        <ele>413.877859</ele>
        <time>2021-08-20T13:25:46.859Z</time>
      </trkpt>
      <trkpt lat="49.496955" lon="6.980217">
        <ele>414.546377</ele>
        <time>2021-08-20T13:25:54.847Z</time>
      </trkpt>
      <trkpt lat="49.497052" lon="6.980242">
        <ele>415.265309</ele>
        <time>2021-08-20T13:26:04.856Z</time>
      </trkpt>
      <trkpt lat="49.497143" lon="6.980262">
        <ele>415.937259</ele>
        <time>2021-08-20T13:26:12.851Z</time>
      </trkpt>
      <trkpt lat="49.497233" lon="6.980232">
        <ele>416.610398</ele>
        <time>2021-08-20T13:26:22.843Z</time>
      </trkpt>
      <trkpt lat="49.497337" lon="6.980243">
        <ele>417.372426</ele>
        <time>2021-08-20T13:26:31.856Z</time>
      </trkpt>
      <trkpt lat="49.497433" lon="6.980235">
        <ele>418.098072</ele>
        <time>2021-08-20T13:26:40.864Z</time>
      </trkpt>
      <trkpt lat="49.497530" lon="6.980218">
        <ele>418.904165</ele>
        <time>2021-08-20T13:26:50.850Z</time>
      </trkpt>
      <trkpt lat="49.497622" lon="6.980213">
        <ele>419.664275</ele>
        <time>2021-08-20T13:26:59.883Z</time>
      </trkpt>
      <trkpt lat="49.497718" lon="6.980203">
        <ele>420.458752</ele>
        <time>2021-08-20T13:27:09.873Z</time>
      </trkpt>
      <trkpt lat="49.497810" lon="6.980210">
        <ele>421.219316</ele>
        <time>2021-08-20T13:27:17.868Z</time>
      </trkpt>
      <trkpt lat="49.497903" lon="6.980178">
        <ele>422.006151</ele>
        <time>2021-08-20T13:27:26.845Z</time>
      </trkpt>
      <trkpt lat="49.497988" lon="6.980125">
        <ele>422.763356</ele>
        <time>2021-08-20T13:27:35.863Z</time>
      </trkpt>
      <trkpt lat="49.498075" lon="6.980053">
        <ele>423.578900</ele>
        <time>2021-08-20T13:27:44.853Z</time>
      </trkpt>
      <trkpt lat="49.498167" lon="6.980000">
        <ele>424.389967</ele>
        <time>2021-08-20T13:27:53.850Z</time>
      </trkpt>
      <trkpt lat="49.498243" lon="6.979922">
        <ele>425.144123</ele>
        <time>2021-08-20T13:28:02.876Z</time>
      </trkpt>
      <trkpt lat="49.498318" lon="6.979823">
        <ele>425.959813</ele>
        <time>2021-08-20T13:28:12.860Z</time>
      </trkpt>
      <trkpt lat="49.498400" lon="6.979745">
        <ele>426.755666</ele>
        <time>2021-08-20T13:28:22.873Z</time>
      </trkpt>
      <trkpt lat="49.498478" lon="6.979647">
        <ele>427.586916</ele>
        <time>2021-08-20T13:28:32.863Z</time>
      </trkpt>
      <trkpt lat="49.498538" lon="6.979532">
        <ele>428.377963</ele>
        <time>2021-08-20T13:28:40.867Z</time>
      </trkpt>
      <trkpt lat="49.498595" lon="6.979413">
        <ele>429.170895</ele>
        <time>2021-08-20T13:28:50.856Z</time>
      </trkpt>
      <trkpt lat="49.498655" lon="6.979288">
        <ele>430.004424</ele>
        <time>2021-08-20T13:29:00.876Z</time>
      </trkpt>
      <trkpt lat="49.498707" lon="6.979157">
        <ele>430.827743</ele>
        <time>2021-08-20T13:29:09.849Z</time>
      </trkpt>
      <trkpt lat="49.498747" lon="6.979032">
        <ele>431.575015</ele>
        <time>2021-08-20T13:29:18.850Z</time>
      </trkpt>
      <trkpt lat="49.498823" lon="6.978942">
        <ele>432.366673</ele>
        <time>2021-08-20T13:29:29.872Z</time>
      </trkpt>
      <trkpt lat="49.498918" lon="6.978928">
        <ele>433.075614</ele>
        <time>2021-08-20T13:29:39.851Z</time>
      </trkpt>
      <trkpt lat="49.498988" lon="6.979023">
        <ele>433.695564</ele>
        <time>2021-08-20T13:29:51.878Z</time>
      </trkpt>
      <trkpt lat="49.499063" lon="6.979103">
        <ele>434.301753</ele>
        <time>2021-08-20T13:30:01.854Z</time>
      </trkpt>
      <trkpt lat="49.499137" lon="6.979185">
        <ele>434.907492</ele>
        <time>2021-08-20T13:30:08.855Z</time>
      </trkpt>
      <trkpt lat="49.499222" lon="6.979240">
        <ele>435.520071</ele>
        <time>2021-08-20T13:30:16.876Z</time>
      </trkpt>
      <trkpt lat="49.499298" lon="6.979325">
        <ele>436.144163</ele>
        <time>2021-08-20T13:30:26.860Z</time>
      </trkpt>
      <trkpt lat="49.499383" lon="6.979407">
        <ele>436.810589</ele>
        <time>2021-08-20T13:30:36.875Z</time>
      </trkpt>
      <trkpt lat="49.499450" lon="6.979502">
        <ele>437.415727</ele>
        <time>2021-08-20T13:30:44.878Z</time>
      </trkpt>
      <trkpt lat="49.499522" lon="6.979588">
        <ele>438.021153</ele>
        <time>2021-08-20T13:30:52.868Z</time>
      </trkpt>
      <trkpt lat="49.499598" lon="6.979687">
        <ele>438.682554</ele>
        <time>2021-08-20T13:31:02.877Z</time>
      </trkpt>
      <trkpt lat="49.499667" lon="6.979797">
        <ele>439.342440</ele>
        <time>2021-08-20T13:31:12.850Z</time>
      </trkpt>
      <trkpt lat="49.499743" lon="6.979892">
        <ele>439.992826</ele>
        <time>2021-08-20T13:31:21.848Z</time>
      </trkpt>
      <trkpt lat="49.499818" lon="6.979970">
        <ele>440.594140</ele>
        <time>2021-08-20T13:31:28.852Z</time>
      </trkpt>
      <trkpt lat="49.499883" lon="6.980077">
        <ele>441.226332</ele>
        <time>2021-08-20T13:31:37.852Z</time>
      </trkpt>
      <trkpt lat="49.499968" lon="6.980148">
        <ele>441.868816</ele>
        <time>2021-08-20T13:31:45.861Z</time>
      </trkpt>
      <trkpt lat="49.500050" lon="6.980213">
        <ele>442.481579</ele>
        <time>2021-08-20T13:31:53.867Z</time>
      </trkpt>
      <trkpt lat="49.500137" lon="6.980292">
        <ele>443.152632</ele>
        <time>2021-08-20T13:32:01.878Z</time>
      </trkpt>
      <trkpt lat="49.500223" lon="6.980347">
        <ele>443.771339</ele>
        <time>2021-08-20T13:32:09.885Z</time>
      </trkpt>
      <trkpt lat="49.500320" lon="6.980395">
        <ele>444.448269</ele>
        <time>2021-08-20T13:32:18.850Z</time>
      </trkpt>
      <trkpt lat="49.500412" lon="6.980427">
        <ele>444.894167</ele>
        <time>2021-08-20T13:32:28.852Z</time>
      </trkpt>
      <trkpt lat="49.500503" lon="6.980393">
        <ele>445.216258</ele>
        <time>2021-08-20T13:32:37.873Z</time>
      </trkpt>
      <trkpt lat="49.500593" lon="6.980343">
        <ele>445.545361</ele>
        <time>2021-08-20T13:32:48.868Z</time>
      </trkpt>
      <trkpt lat="49.500688" lon="6.980313">
        <ele>445.878929</ele>
        <time>2021-08-20T13:32:58.850Z</time>
      </trkpt>
      <trkpt lat="49.500777" lon="6.980363">
        <ele>446.204798</ele>
        <time>2021-08-20T13:33:09.856Z</time>
      </trkpt>
      <trkpt lat="49.500850" lon="6.980452">
        <ele>446.525071</ele>
        <time>2021-08-20T13:33:18.846Z</time>
      </trkpt>
      <trkpt lat="49.500917" lon="6.980547">
        <ele>446.838353</ele>
        <time>2021-08-20T13:33:27.868Z</time>
      </trkpt>
      <trkpt lat="49.500977" lon="6.980668">
        <ele>447.178428</ele>
        <time>2021-08-20T13:33:36.869Z</time>
      </trkpt>
      <trkpt lat="49.501043" lon="6.980778">
        <ele>447.512967</ele>
        <time>2021-08-20T13:33:43.862Z</time>
      </trkpt>
      <trkpt lat="49.501105" lon="6.980893">
        <ele>447.846841</ele>
        <time>2021-08-20T13:33:51.858Z</time>
      </trkpt>
      <trkpt lat="49.501162" lon="6.981017">
        <ele>448.186202</ele>
        <time>2021-08-20T13:33:59.850Z</time>
      </trkpt>
      <trkpt lat="49.501197" lon="6.981153">
        <ele>448.512986</ele>
        <time>2021-08-20T13:34:07.861Z</time>
      </trkpt>
      <trkpt lat="49.501238" lon="6.981292">
        <ele>448.854013</ele>
        <time>2021-08-20T13:34:17.867Z</time>
      </trkpt>
      <trkpt lat="49.501208" lon="6.981447">
        <ele>449.215305</ele>
        <time>2021-08-20T13:34:29.846Z</time>
      </trkpt>
      <trkpt lat="49.501220" lon="6.981602">
        <ele>449.563999</ele>
        <time>2021-08-20T13:34:37.850Z</time>
      </trkpt>
      <trkpt lat="49.501237" lon="6.981747">
        <ele>449.893139</ele>
        <time>2021-08-20T13:34:46.865Z</time>
      </trkpt>
      <trkpt lat="49.501247" lon="6.981885">
        <ele>450.203319</ele>
        <time>2021-08-20T13:34:53.871Z</time>
      </trkpt>
      <trkpt lat="49.501230" lon="6.982023">
        <ele>450.517084</ele>
        <time>2021-08-20T13:35:02.874Z</time>
      </trkpt>
      <trkpt lat="49.501250" lon="6.982158">
        <ele>450.826397</ele>
        <time>2021-08-20T13:35:12.839Z</time>
      </trkpt>
      <trkpt lat="49.501262" lon="6.982308">
        <ele>450.340556</ele>
        <time>2021-08-20T13:35:20.867Z</time>
      </trkpt>
      <trkpt lat="49.501258" lon="6.982460">
        <ele>449.670712</ele>
        <time>2021-08-20T13:35:30.872Z</time>
      </trkpt>
      <trkpt lat="49.501275" lon="6.982603">
        <ele>449.030584</ele>
        <time>2021-08-20T13:35:37.844Z</time>
      </trkpt>
      <trkpt lat="49.501275" lon="6.982748">
        <ele>448.392112</ele>
        <time>2021-08-20T13:35:44.863Z</time>
      </trkpt>
      <trkpt lat="49.501282" lon="6.982890">
        <ele>447.765052</ele>
        <time>2021-08-20T13:35:52.845Z</time>
      </trkpt>
      <trkpt lat="49.501295" lon="6.983032">
        <ele>447.133608</ele>
        <time>2021-08-20T13:36:01.870Z</time>
      </trkpt>
      <trkpt lat="49.501302" lon="6.983175">
        <ele>446.502157</ele>
        <time>2021-08-20T13:36:09.851Z</time>
      </trkpt>
      <trkpt lat="49.501288" lon="6.983317">
        <ele>445.869731</ele>
        <time>2021-08-20T13:36:18.849Z</time>
      </trkpt>
      <trkpt lat="49.501272" lon="6.983453">
        <ele>445.261142</ele>
        <time>2021-08-20T13:36:23.868Z</time>
      </trkpt>
      <trkpt lat="49.501260" lon="6.983598">
        <ele>444.617506</ele>
        <time>2021-08-20T13:36:31.886Z</time>
      </trkpt>
      <trkpt lat="49.501223" lon="6.983735">
        <ele>443.964177</ele>
        <time>2021-08-20T13:36:39.850Z</time>
      </trkpt>
      <trkpt lat="49.501200" lon="6.983878">
        <ele>443.315487</ele>
        <time>2021-08-20T13:36:47.863Z</time>
      </trkpt>
      <trkpt lat="49.501147" lon="6.984013">
        <ele>442.620871</ele>
        <time>2021-08-20T13:36:57.852Z</time>
      </trkpt>
      <trkpt lat="49.501108" lon="6.984142">
        <ele>441.994317</ele>
        <time>2021-08-20T13:37:05.870Z</time>
      </trkpt>
      <trkpt lat="49.501043" lon="6.984252">
        <ele>441.339466</ele>
        <time>2021-08-20T13:37:12.853Z</time>
      </trkpt>
      <trkpt lat="49.500990" lon="6.984372">
        <ele>440.700458</ele>
        <time>2021-08-20T13:37:20.872Z</time>
      </trkpt>
      <trkpt lat="49.500930" lon="6.984483">
        <ele>440.064545</ele>
        <time>2021-08-20T13:37:28.862Z</time>
      </trkpt>
      <trkpt lat="49.500857" lon="6.984585">
        <ele>439.396188</ele>
        <time>2021-08-20T13:37:35.845Z</time>
      </trkpt>
      <trkpt lat="49.500783" lon="6.984682">
        <ele>438.737275</ele>
        <time>2021-08-20T13:37:43.850Z</time>
      </trkpt>
      <trkpt lat="49.500715" lon="6.984787">
        <ele>438.734070</ele>
        <time>2021-08-20T13:37:50.872Z</time>
      </trkpt>
      <trkpt lat="49.500662" lon="6.984900">
        <ele>438.776832</ele>
        <time>2021-08-20T13:37:58.851Z</time>
      </trkpt>
      <trkpt lat="49.500602" lon="6.985013">
        <ele>438.821610</ele>
        <time>2021-08-20T13:38:06.861Z</time>
      </trkpt>
      <trkpt lat="49.500615" lon="6.985160">
        <ele>438.867124</ele>
        <time>2021-08-20T13:38:14.860Z</time>
      </trkpt>
      <trkpt lat="49.500622" lon="6.985313">
        <ele>438.914178</ele>
        <time>2021-08-20T13:38:22.847Z</time>
      </trkpt>
      <trkpt lat="49.500648" lon="6.985448">
        <ele>438.957377</ele>
        <time>2021-08-20T13:38:29.876Z</time>
      </trkpt>
      <trkpt lat="49.500675" lon="6.985597">
        <ele>439.004834</ele>
        <time>2021-08-20T13:38:39.846Z</time>
      </trkpt>
      <trkpt lat="49.500683" lon="6.985735">
        <ele>439.047339</ele>
        <time>2021-08-20T13:38:47.853Z</time>
      </trkpt>
      <trkpt lat="49.500702" lon="6.985878">
        <ele>439.092118</ele>
        <time>2021-08-20T13:38:55.851Z</time>
      </trkpt>
      <trkpt lat="49.500738" lon="6.986022">
        <ele>439.139455</ele>
        <time>2021-08-20T13:39:02.876Z</time>
      </trkpt>
      <trkpt lat="49.500777" lon="6.986153">
        <ele>439.183665</ele>
        <time>2021-08-20T13:39:11.852Z</time>
      </trkpt>
      <trkpt lat="49.500832" lon="6.986280">
        <ele>439.230494</ele>
        <time>2021-08-20T13:39:19.859Z</time>
      </trkpt>
      <trkpt lat="49.500882" lon="6.986412">
        <ele>439.277375</ele>
        <time>2021-08-20T13:39:27.856Z</time>
      </trkpt>
      <trkpt lat="49.500932" lon="6.986532">
        <ele>439.321114</ele>
        <time>2021-08-20T13:39:35.869Z</time>
      </trkpt>
      <trkpt lat="49.500985" lon="6.986663">
        <ele>439.368463</ele>
        <time>2021-08-20T13:39:43.863Z</time>
      </trkpt>
      <trkpt lat="49.501048" lon="6.986767">
        <ele>439.412094</ele>
        <time>2021-08-20T13:39:51.882Z</time>
      </trkpt>
      <trkpt lat="49.501097" lon="6.986893">
        <ele>439.457149</ele>
        <time>2021-08-20T13:39:59.882Z</time>
      </trkpt>
      <trkpt lat="49.501157" lon="6.987002">
        <ele>439.500984</ele>
        <time>2021-08-20T13:40:07.848Z</time>
      </trkpt>
      <trkpt lat="49.501213" lon="6.987110">
        <ele>439.542974</ele>
        <time>2021-08-20T13:40:15.883Z</time>
      </trkpt>
      <trkpt lat="49.501285" lon="6.987222">
        <ele>439.581374</ele>
        <time>2021-08-20T13:40:23.853Z</time>
      </trkpt>
      <trkpt lat="49.501350" lon="6.987338">
        <ele>439.618706</ele>
        <time>2021-08-20T13:40:31.848Z</time>
      </trkpt>
      <trkpt lat="49.501418" lon="6.987452">
        <ele>439.656423</ele>
        <time>2021-08-20T13:40:39.852Z</time>
      </trkpt>
      <trkpt lat="49.501483" lon="6.987548">
        <ele>439.690217</ele>
        <time>2021-08-20T13:40:47.869Z</time>
      </trkpt>
      <trkpt lat="49.501545" lon="6.987652">
        <ele>439.724616</ele>
        <time>2021-08-20T13:40:56.846Z</time>
      </trkpt>
      <trkpt lat="49.501625" lon="6.987743">
        <ele>439.761934</ele>
        <time>2021-08-20T13:41:05.849Z</time>
      </trkpt>
      <trkpt lat="49.501680" lon="6.987855">
        <ele>439.796149</ele>
        <time>2021-08-20T13:41:12.853Z</time>
      </trkpt>
      <trkpt lat="49.501752" lon="6.987940">
        <ele>439.830189</ele>
        <time>2021-08-20T13:41:20.859Z</time>
      </trkpt>
      <trkpt lat="49.501815" lon="6.988040">
        <ele>439.864137</ele>
        <time>2021-08-20T13:41:28.863Z</time>
      </trkpt>
      <trkpt lat="49.501897" lon="6.988127">
        <ele>439.901500</ele>
        <time>2021-08-20T13:41:36.867Z</time>
      </trkpt>
      <trkpt lat="49.501970" lon="6.988222">
        <ele>439.937362</ele>
        <time>2021-08-20T13:41:44.852Z</time>
      </trkpt>
      <trkpt lat="49.502057" lon="6.988305">
        <ele>439.975762</ele>
        <time>2021-08-20T13:41:52.867Z</time>
      </trkpt>
      <trkpt lat="49.502135" lon="6.988382">
        <ele>440.010525</ele>
        <time>2021-08-20T13:42:00.860Z</time>
      </trkpt>
      <trkpt lat="49.502212" lon="6.988473">
        <ele>440.046944</ele>
        <time>2021-08-20T13:42:08.873Z</time>
      </trkpt>
      <trkpt lat="49.502292" lon="6.988552">
        <ele>440.082602</ele>
        <time>2021-08-20T13:42:16.847Z</time>
      </trkpt>
      <trkpt lat="49.502355" lon="6.988670">
        <ele>440.119824</ele>
        <time>2021-08-20T13:42:36.851Z</time>
      </trkpt>
      <trkpt lat="49.502365" lon="6.988645">
        <ele>440.126978</ele>
        <time>2021-08-20T13:43:17.010Z</time>
      </trkpt>
      <trkpt lat="49.502458" lon="6.988688">
        <ele>440.163411</ele>
        <time>2021-08-20T13:45:17.851Z</time>
      </trkpt>
      <trkpt lat="49.502532" lon="6.988778">
        <ele>440.198792</ele>
        <time>2021-08-20T13:45:25.867Z</time>
      </trkpt>
      <trkpt lat="49.502625" lon="6.988838">
        <ele>440.163550</ele>
        <time>2021-08-20T13:45:33.855Z</time>
      </trkpt>
      <trkpt lat="49.502707" lon="6.988915">
        <ele>440.070302</ele>
        <time>2021-08-20T13:45:41.851Z</time>
      </trkpt>
      <trkpt lat="49.502798" lon="6.988990">
        <ele>439.970092</ele>
        <time>2021-08-20T13:45:49.851Z</time>
      </trkpt>
      <trkpt lat="49.502873" lon="6.989077">
        <ele>439.878926</ele>
        <time>2021-08-20T13:45:57.860Z</time>
      </trkpt>
      <trkpt lat="49.502960" lon="6.989137">
        <ele>439.786375</ele>
        <time>2021-08-20T13:46:06.869Z</time>
      </trkpt>
      <trkpt lat="49.503057" lon="6.989190">
        <ele>439.686445</ele>
        <time>2021-08-20T13:46:14.853Z</time>
      </trkpt>
      <trkpt lat="49.503148" lon="6.989228">
        <ele>439.594904</ele>
        <time>2021-08-20T13:46:22.847Z</time>
      </trkpt>
      <trkpt lat="49.503242" lon="6.989288">
        <ele>439.496110</ele>
        <time>2021-08-20T13:46:31.847Z</time>
      </trkpt>
      <trkpt lat="49.503335" lon="6.989343">
        <ele>439.399388</ele>
        <time>2021-08-20T13:46:38.876Z</time>
      </trkpt>
      <trkpt lat="49.503417" lon="6.989402">
        <ele>439.311513</ele>
        <time>2021-08-20T13:46:45.856Z</time>
      </trkpt>
      <trkpt lat="49.503495" lon="6.989470">
        <ele>439.224489</ele>
        <time>2021-08-20T13:46:52.853Z</time>
      </trkpt>
      <trkpt lat="49.503588" lon="6.989522">
        <ele>439.128428</ele>
        <time>2021-08-20T13:47:00.857Z</time>
      </trkpt>
      <trkpt lat="49.503677" lon="6.989555">
        <ele>439.039550</ele>
        <time>2021-08-20T13:47:05.875Z</time>
      </trkpt>
      <trkpt lat="49.503763" lon="6.989600">
        <ele>438.951364</ele>
        <time>2021-08-20T13:47:13.873Z</time>
      </trkpt>
      <trkpt lat="49.503847" lon="6.989683">
        <ele>438.854464</ele>
        <time>2021-08-20T13:47:20.855Z</time>
      </trkpt>
      <trkpt lat="49.503935" lon="6.989728">
        <ele>438.764438</ele>
        <time>2021-08-20T13:47:27.863Z</time>
      </trkpt>
      <trkpt lat="49.504025" lon="6.989800">
        <ele>438.665970</ele>
        <time>2021-08-20T13:47:35.869Z</time>
      </trkpt>
      <trkpt lat="49.504057" lon="6.989932">
        <ele>438.577135</ele>
        <time>2021-08-20T13:47:43.875Z</time>
      </trkpt>
      <trkpt lat="49.504043" lon="6.990078">
        <ele>438.484086</ele>
        <time>2021-08-20T13:47:54.847Z</time>
      </trkpt>
      <trkpt lat="49.503982" lon="6.990185">
        <ele>438.223449</ele>
        <time>2021-08-20T13:48:04.853Z</time>
      </trkpt>
      <trkpt lat="49.503922" lon="6.990307">
        <ele>437.909051</ele>
        <time>2021-08-20T13:48:11.866Z</time>
      </trkpt>
      <trkpt lat="49.503907" lon="6.990463">
        <ele>437.585074</ele>
        <time>2021-08-20T13:48:20.880Z</time>
      </trkpt>
      <trkpt lat="49.503943" lon="6.990608">
        <ele>437.266160</ele>
        <time>2021-08-20T13:48:28.859Z</time>
      </trkpt>
      <trkpt lat="49.503945" lon="6.990640">
        <ele>437.200117</ele>
        <time>2021-08-20T13:48:39.944Z</time>
      </trkpt>
      <trkpt lat="49.504035" lon="6.990677">
        <ele>436.905427</ele>
        <time>2021-08-20T13:49:29.847Z</time>
      </trkpt>
      <trkpt lat="49.504118" lon="6.990748">
        <ele>436.605061</ele>
        <time>2021-08-20T13:49:36.851Z</time>
      </trkpt>
      <trkpt lat="49.504192" lon="6.990845">
        <ele>436.297631</ele>
        <time>2021-08-20T13:49:44.858Z</time>
      </trkpt>
      <trkpt lat="49.504273" lon="6.990913">
        <ele>436.005780</ele>
        <time>2021-08-20T13:49:52.842Z</time>
      </trkpt>
      <trkpt lat="49.504357" lon="6.990995">
        <ele>435.691147</ele>
        <time>2021-08-20T13:50:00.883Z</time>
      </trkpt>
      <trkpt lat="49.504438" lon="6.991077">
        <ele>435.384488</ele>
        <time>2021-08-20T13:50:07.849Z</time>
      </trkpt>
      <trkpt lat="49.504517" lon="6.991177">
        <ele>435.060972</ele>
        <time>2021-08-20T13:50:16.852Z</time>
      </trkpt>
      <trkpt lat="49.504592" lon="6.991262">
        <ele>434.766376</ele>
        <time>2021-08-20T13:50:24.852Z</time>
      </trkpt>
      <trkpt lat="49.504672" lon="6.991348">
        <ele>434.457727</ele>
        <time>2021-08-20T13:50:32.842Z</time>
      </trkpt>
      <trkpt lat="49.504778" lon="6.991385">
        <ele>434.113886</ele>
        <time>2021-08-20T13:50:41.860Z</time>
      </trkpt>
      <trkpt lat="49.504868" lon="6.991458">
        <ele>433.792088</ele>
        <time>2021-08-20T13:50:48.853Z</time>
      </trkpt>
      <trkpt lat="49.504950" lon="6.991532">
        <ele>433.491416</ele>
        <time>2021-08-20T13:50:55.857Z</time>
      </trkpt>
      <trkpt lat="49.505037" lon="6.991578">
        <ele>433.200418</ele>
        <time>2021-08-20T13:51:01.854Z</time>
      </trkpt>
      <trkpt lat="49.505125" lon="6.991630">
        <ele>432.902236</ele>
        <time>2021-08-20T13:51:10.853Z</time>
      </trkpt>
      <trkpt lat="49.505218" lon="6.991668">
        <ele>432.803768</ele>
        <time>2021-08-20T13:51:17.854Z</time>
      </trkpt>
      <trkpt lat="49.505305" lon="6.991712">
        <ele>432.841710</ele>
        <time>2021-08-20T13:51:25.854Z</time>
      </trkpt>
      <trkpt lat="49.505398" lon="6.991755">
        <ele>432.881944</ele>
        <time>2021-08-20T13:51:31.853Z</time>
      </trkpt>
      <trkpt lat="49.505490" lon="6.991753">
        <ele>432.920067</ele>
        <time>2021-08-20T13:51:37.855Z</time>
      </trkpt>
      <trkpt lat="49.505583" lon="6.991783">
        <ele>432.959438</ele>
        <time>2021-08-20T13:51:44.853Z</time>
      </trkpt>
      <trkpt lat="49.505675" lon="6.991742">
        <ele>432.999121</ele>
        <time>2021-08-20T13:51:51.852Z</time>
      </trkpt>
      <trkpt lat="49.505760" lon="6.991682">
        <ele>433.037865</ele>
        <time>2021-08-20T13:51:58.849Z</time>
      </trkpt>
      <trkpt lat="49.505850" lon="6.991660">
        <ele>433.075622</ele>
        <time>2021-08-20T13:52:08.871Z</time>
      </trkpt>
      <trkpt lat="49.505947" lon="6.991680">
        <ele>433.116173</ele>
        <time>2021-08-20T13:52:17.861Z</time>
      </trkpt>
      <trkpt lat="49.506040" lon="6.991712">
        <ele>433.155657</ele>
        <time>2021-08-20T13:52:26.869Z</time>
      </trkpt>
      <trkpt lat="49.506133" lon="6.991690">
        <ele>433.194643</ele>
        <time>2021-08-20T13:52:34.870Z</time>
      </trkpt>
      <trkpt lat="49.506228" lon="6.991683">
        <ele>433.234051</ele>
        <time>2021-08-20T13:52:42.854Z</time>
      </trkpt>
      <trkpt lat="49.506330" lon="6.991672">
        <ele>433.276417</ele>
        <time>2021-08-20T13:52:49.856Z</time>
      </trkpt>
      <trkpt lat="49.506427" lon="6.991675">
        <ele>433.316617</ele>
        <time>2021-08-20T13:52:57.878Z</time>
      </trkpt>
      <trkpt lat="49.506533" lon="6.991660">
        <ele>433.360722</ele>
        <time>2021-08-20T13:53:04.842Z</time>
      </trkpt>
      <trkpt lat="49.506628" lon="6.991652">
        <ele>433.400144</ele>
        <time>2021-08-20T13:53:14.860Z</time>
      </trkpt>
      <trkpt lat="49.506733" lon="6.991650">
        <ele>433.443654</ele>
        <time>2021-08-20T13:53:21.855Z</time>
      </trkpt>
      <trkpt lat="49.506833" lon="6.991633">
        <ele>433.485340</ele>
        <time>2021-08-20T13:53:27.847Z</time>
      </trkpt>
      <trkpt lat="49.506930" lon="6.991632">
        <ele>433.523688</ele>
        <time>2021-08-20T13:53:35.842Z</time>
      </trkpt>
      <trkpt lat="49.507023" lon="6.991667">
        <ele>433.356062</ele>
        <time>2021-08-20T13:53:42.847Z</time>
      </trkpt>
      <trkpt lat="49.507108" lon="6.991742">
        <ele>433.184538</ele>
        <time>2021-08-20T13:53:49.863Z</time>
      </trkpt>
      <trkpt lat="49.507202" lon="6.991803">
        <ele>433.005937</ele>
        <time>2021-08-20T13:53:59.867Z</time>
      </trkpt>
      <trkpt lat="49.507277" lon="6.991903">
        <ele>432.832239</ele>
        <time>2021-08-20T13:54:07.850Z</time>
      </trkpt>
      <trkpt lat="49.507340" lon="6.992002">
        <ele>432.674642</ele>
        <time>2021-08-20T13:54:14.844Z</time>
      </trkpt>
      <trkpt lat="49.507402" lon="6.992107">
        <ele>432.513286</ele>
        <time>2021-08-20T13:54:21.865Z</time>
      </trkpt>
      <trkpt lat="49.507445" lon="6.992235">
        <ele>432.349435</ele>
        <time>2021-08-20T13:54:29.846Z</time>
      </trkpt>
      <trkpt lat="49.507468" lon="6.992375">
        <ele>432.185247</ele>
        <time>2021-08-20T13:54:38.865Z</time>
      </trkpt>
      <trkpt lat="49.507447" lon="6.992520">
        <ele>432.016339</ele>
        <time>2021-08-20T13:54:45.847Z</time>
      </trkpt>
      <trkpt lat="49.507445" lon="6.992658">
        <ele>431.859402</ele>
        <time>2021-08-20T13:54:52.856Z</time>
      </trkpt>
      <trkpt lat="49.507428" lon="6.992807">
        <ele>431.687402</ele>
        <time>2021-08-20T13:54:59.855Z</time>
      </trkpt>
      <trkpt lat="49.507405" lon="6.992962">
        <ele>431.506632</ele>
        <time>2021-08-20T13:55:06.867Z</time>
      </trkpt>
      <trkpt lat="49.507388" lon="6.993108">
        <ele>431.337990</ele>
        <time>2021-08-20T13:55:14.874Z</time>
      </trkpt>
      <trkpt lat="49.507405" lon="6.993258">
        <ele>431.164870</ele>
        <time>2021-08-20T13:55:22.859Z</time>
      </trkpt>
      <trkpt lat="49.507395" lon="6.993407">
        <ele>430.994563</ele>
        <time>2021-08-20T13:55:29.854Z</time>
      </trkpt>
      <trkpt lat="49.507377" lon="6.993555">
        <ele>430.823368</ele>
        <time>2021-08-20T13:55:37.867Z</time>
      </trkpt>
      <trkpt lat="49.507355" lon="6.993698">
        <ele>430.656284</ele>
        <time>2021-08-20T13:55:44.849Z</time>
      </trkpt>
      <trkpt lat="49.507345" lon="6.993852">
        <ele>430.480321</ele>
        <time>2021-08-20T13:55:52.876Z</time>
      </trkpt>
      <trkpt lat="49.507353" lon="6.994003">
        <ele>430.317727</ele>
        <time>2021-08-20T13:56:00.858Z</time>
      </trkpt>
      <trkpt lat="49.507342" lon="6.994158">
        <ele>430.165676</ele>
        <time>2021-08-20T13:56:09.866Z</time>
      </trkpt>
      <trkpt lat="49.507350" lon="6.994308">
        <ele>430.018908</ele>
        <time>2021-08-20T13:56:17.853Z</time>
      </trkpt>
      <trkpt lat="49.507355" lon="6.994470">
        <ele>429.860753</ele>
        <time>2021-08-20T13:56:25.869Z</time>
      </trkpt>
      <trkpt lat="49.507347" lon="6.994617">
        <ele>429.716901</ele>
        <time>2021-08-20T13:56:33.850Z</time>
      </trkpt>
      <trkpt lat="49.507338" lon="6.994725">
        <ele>429.610719</ele>
        <time>2021-08-20T13:56:41.181Z</time>
      </trkpt>
      <trkpt lat="49.507338" lon="6.994870">
        <ele>429.469320</ele>
        <time>2021-08-20T13:57:22.855Z</time>
      </trkpt>
      <trkpt lat="49.507338" lon="6.995013">
        <ele>429.329871</ele>
        <time>2021-08-20T13:57:30.861Z</time>
      </trkpt>
      <trkpt lat="49.507335" lon="6.995163">
        <ele>429.183526</ele>
        <time>2021-08-20T13:57:37.856Z</time>
      </trkpt>
      <trkpt lat="49.507332" lon="6.995327">
        <ele>429.023535</ele>
        <time>2021-08-20T13:57:45.856Z</time>
      </trkpt>
      <trkpt lat="49.507335" lon="6.995470">
        <ele>428.884013</ele>
        <time>2021-08-20T13:57:53.856Z</time>
      </trkpt>
      <trkpt lat="49.507333" lon="6.995613">
        <ele>428.744532</ele>
        <time>2021-08-20T13:58:00.856Z</time>
      </trkpt>
      <trkpt lat="49.507340" lon="6.995775">
        <ele>428.586205</ele>
        <time>2021-08-20T13:58:07.848Z</time>
      </trkpt>
      <trkpt lat="49.507357" lon="6.995922">
        <ele>428.440600</ele>
        <time>2021-08-20T13:58:16.861Z</time>
      </trkpt>
      <trkpt lat="49.507357" lon="6.996078">
        <ele>428.288474</ele>
        <time>2021-08-20T13:58:24.853Z</time>
      </trkpt>
      <trkpt lat="49.507363" lon="6.996237">
        <ele>428.133161</ele>
        <time>2021-08-20T13:58:33.841Z</time>
      </trkpt>
      <trkpt lat="49.507362" lon="6.996397">
        <ele>427.977127</ele>
        <time>2021-08-20T13:58:41.859Z</time>
      </trkpt>
      <trkpt lat="49.507343" lon="6.996550">
        <ele>427.825222</ele>
        <time>2021-08-20T13:58:49.855Z</time>
      </trkpt>
      <trkpt lat="49.507335" lon="6.996695">
        <ele>427.683313</ele>
        <time>2021-08-20T13:58:56.865Z</time>
      </trkpt>
      <trkpt lat="49.507323" lon="6.996835">
        <ele>427.857760</ele>
        <time>2021-08-20T13:59:04.858Z</time>
      </trkpt>
      <trkpt lat="49.507315" lon="6.996987">
        <ele>428.068347</ele>
        <time>2021-08-20T13:59:12.850Z</time>
      </trkpt>
      <trkpt lat="49.507303" lon="6.997143">
        <ele>428.285275</ele>
        <time>2021-08-20T13:59:19.853Z</time>
      </trkpt>
      <trkpt lat="49.507290" lon="6.997292">
        <ele>428.492879</ele>
        <time>2021-08-20T13:59:27.854Z</time>
      </trkpt>
      <trkpt lat="49.507280" lon="6.997438">
        <ele>428.695610</ele>
        <time>2021-08-20T13:59:35.858Z</time>
      </trkpt>
      <trkpt lat="49.507260" lon="6.997585">
        <ele>428.903012</ele>
        <time>2021-08-20T13:59:43.864Z</time>
      </trkpt>
      <trkpt lat="49.507250" lon="6.997727">
        <ele>429.100251</ele>
        <time>2021-08-20T13:59:51.875Z</time>
      </trkpt>
      <trkpt lat="49.507242" lon="6.997872">
        <ele>429.301204</ele>
        <time>2021-08-20T14:00:00.858Z</time>
      </trkpt>
      <trkpt lat="49.507242" lon="6.998017">
        <ele>429.501436</ele>
        <time>2021-08-20T14:00:07.857Z</time>
      </trkpt>
      <trkpt lat="49.507227" lon="6.998153">
        <ele>429.691930</ele>
        <time>2021-08-20T14:00:14.864Z</time>
      </trkpt>
      <trkpt lat="49.507203" lon="6.998292">
        <ele>429.890546</ele>
        <time>2021-08-20T14:00:24.857Z</time>
      </trkpt>
      <trkpt lat="49.507202" lon="6.998430">
        <ele>430.081124</ele>
        <time>2021-08-20T14:00:30.850Z</time>
      </trkpt>
      <trkpt lat="49.507188" lon="6.998567">
        <ele>430.272637</ele>
        <time>2021-08-20T14:00:39.844Z</time>
      </trkpt>
      <trkpt lat="49.507172" lon="6.998720">
        <ele>430.486639</ele>
        <time>2021-08-20T14:00:47.856Z</time>
      </trkpt>
      <trkpt lat="49.507172" lon="6.998870">
        <ele>430.693776</ele>
        <time>2021-08-20T14:00:55.849Z</time>
      </trkpt>
      <trkpt lat="49.507170" lon="6.999013">
        <ele>430.891292</ele>
        <time>2021-08-20T14:01:03.849Z</time>
      </trkpt>
      <trkpt lat="49.507157" lon="6.999167">
        <ele>431.105742</ele>
        <time>2021-08-20T14:01:12.849Z</time>
      </trkpt>
      <trkpt lat="49.507152" lon="6.999310">
        <ele>431.303498</ele>
        <time>2021-08-20T14:01:20.863Z</time>
      </trkpt>
      <trkpt lat="49.507147" lon="6.999453">
        <ele>431.499897</ele>
        <time>2021-08-20T14:01:29.858Z</time>
      </trkpt>
      <trkpt lat="49.507122" lon="6.999602">
        <ele>431.514669</ele>
        <time>2021-08-20T14:01:37.856Z</time>
      </trkpt>
      <trkpt lat="49.507113" lon="6.999753">
        <ele>431.529226</ele>
        <time>2021-08-20T14:01:46.851Z</time>
      </trkpt>
      <trkpt lat="49.507140" lon="6.999903">
        <ele>431.544168</ele>
        <time>2021-08-20T14:01:56.874Z</time>
      </trkpt>
      <trkpt lat="49.507140" lon="7.000053">
        <ele>431.558567</ele>
        <time>2021-08-20T14:02:03.849Z</time>
      </trkpt>
      <trkpt lat="49.507168" lon="7.000197">
        <ele>431.572996</ele>
        <time>2021-08-20T14:02:12.853Z</time>
      </trkpt>
      <trkpt lat="49.507162" lon="7.000352">
        <ele>431.587902</ele>
        <time>2021-08-20T14:02:21.877Z</time>
      </trkpt>
      <trkpt lat="49.507158" lon="7.000498">
        <ele>431.601930</ele>
        <time>2021-08-20T14:02:29.865Z</time>
      </trkpt>
      <trkpt lat="49.507157" lon="7.000653">
        <ele>431.616809</ele>
        <time>2021-08-20T14:02:38.871Z</time>
      </trkpt>
      <trkpt lat="49.507150" lon="7.000808">
        <ele>431.631724</ele>
        <time>2021-08-20T14:02:47.860Z</time>
      </trkpt>
      <trkpt lat="49.507173" lon="7.000943">
        <ele>431.645122</ele>
        <time>2021-08-20T14:02:53.871Z</time>
      </trkpt>
      <trkpt lat="49.507180" lon="7.001090">
        <ele>431.659271</ele>
        <time>2021-08-20T14:03:01.865Z</time>
      </trkpt>
      <trkpt lat="49.507190" lon="7.001242">
        <ele>431.673937</ele>
        <time>2021-08-20T14:03:11.851Z</time>
      </trkpt>
      <trkpt lat="49.507208" lon="7.001383">
        <ele>431.687731</ele>
        <time>2021-08-20T14:03:19.865Z</time>
      </trkpt>
      <trkpt lat="49.507225" lon="7.001450">
        <ele>431.694637</ele>
        <time>2021-08-20T14:03:25.007Z</time>
      </trkpt>
      <trkpt lat="49.507288" lon="7.001568">
        <ele>431.709301</ele>
        <time>2021-08-20T14:04:10.851Z</time>
      </trkpt>
      <trkpt lat="49.507318" lon="7.001702">
        <ele>431.722907</ele>
        <time>2021-08-20T14:04:18.853Z</time>
      </trkpt>
      <trkpt lat="49.507340" lon="7.001848">
        <ele>431.737295</ele>
        <time>2021-08-20T14:04:28.849Z</time>
      </trkpt>
      <trkpt lat="49.507363" lon="7.001990">
        <ele>431.751344</ele>
        <time>2021-08-20T14:04:35.851Z</time>
      </trkpt>
      <trkpt lat="49.507363" lon="7.002147">
        <ele>431.742298</ele>
        <time>2021-08-20T14:04:42.858Z</time>
      </trkpt>
      <trkpt lat="49.507347" lon="7.002297">
        <ele>431.271521</ele>
        <time>2021-08-20T14:04:51.853Z</time>
      </trkpt>
      <trkpt lat="49.507340" lon="7.002438">
        <ele>430.833567</ele>
        <time>2021-08-20T14:04:59.861Z</time>
      </trkpt>
      <trkpt lat="49.507340" lon="7.002593">
        <ele>430.353531</ele>
        <time>2021-08-20T14:05:07.848Z</time>
      </trkpt>
      <trkpt lat="49.507360" lon="7.002732">
        <ele>429.912604</ele>
        <time>2021-08-20T14:05:16.853Z</time>
      </trkpt>
      <trkpt lat="49.507367" lon="7.002883">
        <ele>429.443766</ele>
        <time>2021-08-20T14:05:24.849Z</time>
      </trkpt>
      <trkpt lat="49.507363" lon="7.003022">
        <ele>429.012859</ele>
        <time>2021-08-20T14:05:31.855Z</time>
      </trkpt>
      <trkpt lat="49.507378" lon="7.003168">
        <ele>428.555071</ele>
        <time>2021-08-20T14:05:40.855Z</time>
      </trkpt>
      <trkpt lat="49.507390" lon="7.003313">
        <ele>428.102372</ele>
        <time>2021-08-20T14:05:48.854Z</time>
      </trkpt>
      <trkpt lat="49.507403" lon="7.003465">
        <ele>427.627561</ele>
        <time>2021-08-20T14:05:55.865Z</time>
      </trkpt>
      <trkpt lat="49.507398" lon="7.003605">
        <ele>427.193325</ele>
        <time>2021-08-20T14:06:02.871Z</time>
      </trkpt>
      <trkpt lat="49.507398" lon="7.003757">
        <ele>426.722579</ele>
        <time>2021-08-20T14:06:10.862Z</time>
      </trkpt>
      <trkpt lat="49.507412" lon="7.003907">
        <ele>426.253254</ele>
        <time>2021-08-20T14:06:18.850Z</time>
      </trkpt>
      <trkpt lat="49.507407" lon="7.004053">
        <ele>425.800462</ele>
        <time>2021-08-20T14:06:26.855Z</time>
      </trkpt>
      <trkpt lat="49.507415" lon="7.004210">
        <ele>425.312737</ele>
        <time>2021-08-20T14:06:34.871Z</time>
      </trkpt>
      <trkpt lat="49.507437" lon="7.004358">
        <ele>424.842524</ele>
        <time>2021-08-20T14:06:42.865Z</time>
      </trkpt>
      <trkpt lat="49.507432" lon="7.004498">
        <ele>424.408288</ele>
        <time>2021-08-20T14:06:49.851Z</time>
      </trkpt>
      <trkpt lat="49.507440" lon="7.004647">
        <ele>423.945259</ele>
        <time>2021-08-20T14:06:58.946Z</time>
      </trkpt>
      <trkpt lat="49.507513" lon="7.004727">
        <ele>423.517936</ele>
        <time>2021-08-20T14:07:06.860Z</time>
      </trkpt>
      <trkpt lat="49.507578" lon="7.004835">
        <ele>423.176524</ele>
        <time>2021-08-20T14:07:14.863Z</time>
      </trkpt>
      <trkpt lat="49.507652" lon="7.004918">
        <ele>423.139189</ele>
        <time>2021-08-20T14:07:22.845Z</time>
      </trkpt>
      <trkpt lat="49.507732" lon="7.004983">
        <ele>423.102301</ele>
        <time>2021-08-20T14:07:29.841Z</time>
      </trkpt>
      <trkpt lat="49.507798" lon="7.005085">
        <ele>423.064168</ele>
        <time>2021-08-20T14:07:38.849Z</time>
      </trkpt>
      <trkpt lat="49.507893" lon="7.005148">
        <ele>423.021986</ele>
        <time>2021-08-20T14:07:46.844Z</time>
      </trkpt>
      <trkpt lat="49.507967" lon="7.005232">
        <ele>422.984494</ele>
        <time>2021-08-20T14:07:54.867Z</time>
      </trkpt>
      <trkpt lat="49.508047" lon="7.005307">
        <ele>422.946299</ele>
        <time>2021-08-20T14:08:02.867Z</time>
      </trkpt>
      <trkpt lat="49.508117" lon="7.005410">
        <ele>422.906815</ele>
        <time>2021-08-20T14:08:09.855Z</time>
      </trkpt>
      <trkpt lat="49.508190" lon="7.005492">
        <ele>422.869966</ele>
        <time>2021-08-20T14:08:14.848Z</time>
      </trkpt>
      <trkpt lat="49.508267" lon="7.005595">
        <ele>422.828371</ele>
        <time>2021-08-20T14:08:22.887Z</time>
      </trkpt>
      <trkpt lat="49.508318" lon="7.005720">
        <ele>422.789278</ele>
        <time>2021-08-20T14:08:31.845Z</time>
      </trkpt>
      <trkpt lat="49.508408" lon="7.005768">
        <ele>422.750435</ele>
        <time>2021-08-20T14:08:43.850Z</time>
      </trkpt>
      <trkpt lat="49.508500" lon="7.005745">
        <ele>422.712424</ele>
        <time>2021-08-20T14:08:52.857Z</time>
      </trkpt>
      <trkpt lat="49.508592" lon="7.005743">
        <ele>422.674900</ele>
        <time>2021-08-20T14:09:02.852Z</time>
      </trkpt>
      <trkpt lat="49.508680" lon="7.005702">
        <ele>422.637405</ele>
        <time>2021-08-20T14:09:09.857Z</time>
      </trkpt>
      <trkpt lat="49.508763" lon="7.005630">
        <ele>422.598556</ele>
        <time>2021-08-20T14:09:17.871Z</time>
      </trkpt>
      <trkpt lat="49.508855" lon="7.005568">
        <ele>422.557601</ele>
        <time>2021-08-20T14:09:24.848Z</time>
      </trkpt>
      <trkpt lat="49.508922" lon="7.005455">
        <ele>422.517079</ele>
        <time>2021-08-20T14:09:34.882Z</time>
      </trkpt>
      <trkpt lat="49.508982" lon="7.005323">
        <ele>422.474410</ele>
        <time>2021-08-20T14:09:42.866Z</time>
      </trkpt>
      <trkpt lat="49.509050" lon="7.005217">
        <ele>422.162731</ele>
        <time>2021-08-20T14:09:50.844Z</time>
      </trkpt>
      <trkpt lat="49.509102" lon="7.005103">
        <ele>421.590577</ele>
        <time>2021-08-20T14:09:58.857Z</time>
      </trkpt>
      <trkpt lat="49.509173" lon="7.004997">
        <ele>420.965149</ele>
        <time>2021-08-20T14:10:06.854Z</time>
      </trkpt>
      <trkpt lat="49.509245" lon="7.004897">
        <ele>420.351932</ele>
        <time>2021-08-20T14:10:13.850Z</time>
      </trkpt>
      <trkpt lat="49.509313" lon="7.004790">
        <ele>419.737057</ele>
        <time>2021-08-20T14:10:21.846Z</time>
      </trkpt>
      <trkpt lat="49.509383" lon="7.004673">
        <ele>419.083688</ele>
        <time>2021-08-20T14:10:30.859Z</time>
      </trkpt>
      <trkpt lat="49.509448" lon="7.004562">
        <ele>418.469835</ele>
        <time>2021-08-20T14:10:37.852Z</time>
      </trkpt>
      <trkpt lat="49.509515" lon="7.004468">
        <ele>417.896599</ele>
        <time>2021-08-20T14:10:44.874Z</time>
      </trkpt>
      <trkpt lat="49.509605" lon="7.004420">
        <ele>417.294204</ele>
        <time>2021-08-20T14:10:53.854Z</time>
      </trkpt>
      <trkpt lat="49.509678" lon="7.004340">
        <ele>416.727534</ele>
        <time>2021-08-20T14:11:01.843Z</time>
      </trkpt>
      <trkpt lat="49.509758" lon="7.004252">
        <ele>416.105742</ele>
        <time>2021-08-20T14:11:10.864Z</time>
      </trkpt>
      <trkpt lat="49.509828" lon="7.004158">
        <ele>415.518343</ele>
        <time>2021-08-20T14:11:17.839Z</time>
      </trkpt>
      <trkpt lat="49.509895" lon="7.004043">
        <ele>414.883820</ele>
        <time>2021-08-20T14:11:25.842Z</time>
      </trkpt>
      <trkpt lat="49.509955" lon="7.003925">
        <ele>414.268315</ele>
        <time>2021-08-20T14:11:32.864Z</time>
      </trkpt>
      <trkpt lat="49.510015" lon="7.003815">
        <ele>413.678330</ele>
        <time>2021-08-20T14:11:39.848Z</time>
      </trkpt>
      <trkpt lat="49.510058" lon="7.003673">
        <ele>413.034870</ele>
        <time>2021-08-20T14:11:49.856Z</time>
      </trkpt>
      <trkpt lat="49.510128" lon="7.003577">
        <ele>412.442042</ele>
        <time>2021-08-20T14:11:56.864Z</time>
      </trkpt>
      <trkpt lat="49.510200" lon="7.003490">
        <ele>411.863226</ele>
        <time>2021-08-20T14:12:02.847Z</time>
      </trkpt>
      <trkpt lat="49.510265" lon="7.003377">
        <ele>411.243254</ele>
        <time>2021-08-20T14:12:10.866Z</time>
      </trkpt>
      <trkpt lat="49.510337" lon="7.003270">
        <ele>410.517350</ele>
        <time>2021-08-20T14:12:19.850Z</time>
      </trkpt>
      <trkpt lat="49.510407" lon="7.003158">
        <ele>409.751769</ele>
        <time>2021-08-20T14:12:27.853Z</time>
      </trkpt>
      <trkpt lat="49.510485" lon="7.003090">
        <ele>409.071962</ele>
        <time>2021-08-20T14:12:36.862Z</time>
      </trkpt>
      <trkpt lat="49.510588" lon="7.003068">
        <ele>408.283269</ele>
        <time>2021-08-20T14:12:46.848Z</time>
      </trkpt>
      <trkpt lat="49.510672" lon="7.003143">
        <ele>407.546838</ele>
        <time>2021-08-20T14:12:55.852Z</time>
      </trkpt>
      <trkpt lat="49.510737" lon="7.003258">
        <ele>406.795975</ele>
        <time>2021-08-20T14:13:07.858Z</time>
      </trkpt>
      <trkpt lat="49.510803" lon="7.003352">
        <ele>406.114150</ele>
        <time>2021-08-20T14:13:15.868Z</time>
      </trkpt>
      <trkpt lat="49.510853" lon="7.003478">
        <ele>405.386926</ele>
        <time>2021-08-20T14:13:23.862Z</time>
      </trkpt>
      <trkpt lat="49.510908" lon="7.003610">
        <ele>404.614527</ele>
        <time>2021-08-20T14:13:31.863Z</time>
      </trkpt>
      <trkpt lat="49.510955" lon="7.003740">
        <ele>403.881760</ele>
        <time>2021-08-20T14:13:40.864Z</time>
      </trkpt>
      <trkpt lat="49.511020" lon="7.003837">
        <ele>403.195288</ele>
        <time>2021-08-20T14:13:47.866Z</time>
      </trkpt>
      <trkpt lat="49.511085" lon="7.003948">
        <ele>402.459172</ele>
        <time>2021-08-20T14:13:56.849Z</time>
      </trkpt>
      <trkpt lat="49.511132" lon="7.004070">
        <ele>401.760564</ele>
        <time>2021-08-20T14:14:03.874Z</time>
      </trkpt>
      <trkpt lat="49.511195" lon="7.004180">
        <ele>401.038222</ele>
        <time>2021-08-20T14:14:11.843Z</time>
      </trkpt>
      <trkpt lat="49.511267" lon="7.004288">
        <ele>400.275924</ele>
        <time>2021-08-20T14:14:18.849Z</time>
      </trkpt>
      <trkpt lat="49.511313" lon="7.004418">
        <ele>399.546820</ele>
        <time>2021-08-20T14:14:26.886Z</time>
      </trkpt>
      <trkpt lat="49.511373" lon="7.004530">
        <ele>398.831755</ele>
        <time>2021-08-20T14:14:33.858Z</time>
      </trkpt>
      <trkpt lat="49.511422" lon="7.004652">
        <ele>398.125290</ele>
        <time>2021-08-20T14:14:41.848Z</time>
      </trkpt>
      <trkpt lat="49.511492" lon="7.004748">
        <ele>397.444146</ele>
        <time>2021-08-20T14:14:50.844Z</time>
      </trkpt>
      <trkpt lat="49.511563" lon="7.004855">
        <ele>397.742758</ele>
        <time>2021-08-20T14:14:57.846Z</time>
      </trkpt>
      <trkpt lat="49.511635" lon="7.004962">
        <ele>398.043525</ele>
        <time>2021-08-20T14:15:05.852Z</time>
      </trkpt>
      <trkpt lat="49.511693" lon="7.005083">
        <ele>398.337081</ele>
        <time>2021-08-20T14:15:13.855Z</time>
      </trkpt>
      <trkpt lat="49.511730" lon="7.005218">
        <ele>398.623089</ele>
        <time>2021-08-20T14:15:22.864Z</time>
      </trkpt>
      <trkpt lat="49.511807" lon="7.005328">
        <ele>398.938799</ele>
        <time>2021-08-20T14:15:31.847Z</time>
      </trkpt>
      <trkpt lat="49.511873" lon="7.005443">
        <ele>399.238372</ele>
        <time>2021-08-20T14:15:40.847Z</time>
      </trkpt>
      <trkpt lat="49.511922" lon="7.005560">
        <ele>399.510118</ele>
        <time>2021-08-20T14:15:48.857Z</time>
      </trkpt>
      <trkpt lat="49.511977" lon="7.005682">
        <ele>399.800008</ele>
        <time>2021-08-20T14:15:57.847Z</time>
      </trkpt>
      <trkpt lat="49.512015" lon="7.005813">
        <ele>400.080051</ele>
        <time>2021-08-20T14:16:05.856Z</time>
      </trkpt>
      <trkpt lat="49.512062" lon="7.005945">
        <ele>400.373886</ele>
        <time>2021-08-20T14:16:14.858Z</time>
      </trkpt>
      <trkpt lat="49.512138" lon="7.006042">
        <ele>400.670599</ele>
        <time>2021-08-20T14:16:22.845Z</time>
      </trkpt>
      <trkpt lat="49.512188" lon="7.006168">
        <ele>400.958819</ele>
        <time>2021-08-20T14:16:30.852Z</time>
      </trkpt>
      <trkpt lat="49.512260" lon="7.006267">
        <ele>401.248960</ele>
        <time>2021-08-20T14:16:37.848Z</time>
      </trkpt>
      <trkpt lat="49.512315" lon="7.006392">
        <ele>401.543678</ele>
        <time>2021-08-20T14:16:45.864Z</time>
      </trkpt>
      <trkpt lat="49.512373" lon="7.006503">
        <ele>401.821770</ele>
        <time>2021-08-20T14:16:53.843Z</time>
      </trkpt>
      <trkpt lat="49.512395" lon="7.006652">
        <ele>402.120011</ele>
        <time>2021-08-20T14:17:01.849Z</time>
      </trkpt>
      <trkpt lat="49.512425" lon="7.006787">
        <ele>402.398508</ele>
        <time>2021-08-20T14:17:10.850Z</time>
      </trkpt>
      <trkpt lat="49.512445" lon="7.006938">
        <ele>402.699298</ele>
        <time>2021-08-20T14:17:19.854Z</time>
      </trkpt>
      <trkpt lat="49.512460" lon="7.007093">
        <ele>402.736159</ele>
        <time>2021-08-20T14:17:28.864Z</time>
      </trkpt>
      <trkpt lat="49.512512" lon="7.007215">
        <ele>402.549840</ele>
        <time>2021-08-20T14:17:38.864Z</time>
      </trkpt>
      <trkpt lat="49.512542" lon="7.007350">
        <ele>402.367670</ele>
        <time>2021-08-20T14:17:48.846Z</time>
      </trkpt>
      <trkpt lat="49.512550" lon="7.007488">
        <ele>402.190785</ele>
        <time>2021-08-20T14:17:58.869Z</time>
      </trkpt>
      <trkpt lat="49.512575" lon="7.007635">
        <ele>401.996780</ele>
        <time>2021-08-20T14:18:08.873Z</time>
      </trkpt>
      <trkpt lat="49.512590" lon="7.007773">
        <ele>401.818144</ele>
        <time>2021-08-20T14:18:17.843Z</time>
      </trkpt>
      <trkpt lat="49.512587" lon="7.007922">
        <ele>401.627825</ele>
        <time>2021-08-20T14:18:25.850Z</time>
      </trkpt>
      <trkpt lat="49.512560" lon="7.008072">
        <ele>401.429098</ele>
        <time>2021-08-20T14:18:33.877Z</time>
      </trkpt>
      <trkpt lat="49.512525" lon="7.008215">
        <ele>401.233990</ele>
        <time>2021-08-20T14:18:40.832Z</time>
      </trkpt>
      <trkpt lat="49.512490" lon="7.008352">
        <ele>401.046030</ele>
        <time>2021-08-20T14:18:47.851Z</time>
      </trkpt>
      <trkpt lat="49.512460" lon="7.008485">
        <ele>400.866274</ele>
        <time>2021-08-20T14:18:54.850Z</time>
      </trkpt>
      <trkpt lat="49.512452" lon="7.008630">
        <ele>400.680486</ele>
        <time>2021-08-20T14:19:03.870Z</time>
      </trkpt>
      <trkpt lat="49.512437" lon="7.008773">
        <ele>400.495551</ele>
        <time>2021-08-20T14:19:11.847Z</time>
      </trkpt>
      <trkpt lat="49.512428" lon="7.008917">
        <ele>400.310856</ele>
        <time>2021-08-20T14:19:19.849Z</time>
      </trkpt>
      <trkpt lat="49.512385" lon="7.009048">
        <ele>400.123451</ele>
        <time>2021-08-20T14:19:27.862Z</time>
      </trkpt>
      <trkpt lat="49.512368" lon="7.009188">
        <ele>399.941614</ele>
        <time>2021-08-20T14:19:36.850Z</time>
      </trkpt>
      <trkpt lat="49.512360" lon="7.009333">
        <ele>399.755825</ele>
        <time>2021-08-20T14:19:45.855Z</time>
      </trkpt>
      <trkpt lat="49.512330" lon="7.009485">
        <ele>399.552999</ele>
        <time>2021-08-20T14:19:53.851Z</time>
      </trkpt>
      <trkpt lat="49.512295" lon="7.009625">
        <ele>399.361469</ele>
        <time>2021-08-20T14:20:00.851Z</time>
      </trkpt>
      <trkpt lat="49.512287" lon="7.009765">
        <ele>399.321121</ele>
        <time>2021-08-20T14:20:09.855Z</time>
      </trkpt>
      <trkpt lat="49.512283" lon="7.009903">
        <ele>399.342909</ele>
        <time>2021-08-20T14:20:17.849Z</time>
      </trkpt>
      <trkpt lat="49.512290" lon="7.010050">
        <ele>399.366157</ele>
        <time>2021-08-20T14:20:25.840Z</time>
      </trkpt>
      <trkpt lat="49.512298" lon="7.010195">
        <ele>399.389109</ele>
        <time>2021-08-20T14:20:33.842Z</time>
      </trkpt>
      <trkpt lat="49.512288" lon="7.010340">
        <ele>399.412108</ele>
        <time>2021-08-20T14:20:40.845Z</time>
      </trkpt>
      <trkpt lat="49.512293" lon="7.010490">
        <ele>399.435798</ele>
        <time>2021-08-20T14:20:48.858Z</time>
      </trkpt>
      <trkpt lat="49.512293" lon="7.010643">
        <ele>399.459930</ele>
        <time>2021-08-20T14:20:57.854Z</time>
      </trkpt>
      <trkpt lat="49.512335" lon="7.010785">
        <ele>399.484541</ele>
        <time>2021-08-20T14:21:05.846Z</time>
      </trkpt>
      <trkpt lat="49.512342" lon="7.010927">
        <ele>399.507002</ele>
        <time>2021-08-20T14:21:13.851Z</time>
      </trkpt>
      <trkpt lat="49.512383" lon="7.011072">
        <ele>399.531947</ele>
        <time>2021-08-20T14:21:21.860Z</time>
      </trkpt>
      <trkpt lat="49.512430" lon="7.011112">
        <ele>399.544991</ele>
        <time>2021-08-20T14:21:28.123Z</time>
      </trkpt>
      <trkpt lat="49.512520" lon="7.011125">
        <ele>399.566950</ele>
        <time>2021-08-20T14:23:43.845Z</time>
      </trkpt>
      <trkpt lat="49.512617" lon="7.011165">
        <ele>399.591344</ele>
        <time>2021-08-20T14:23:50.865Z</time>
      </trkpt>
      <trkpt lat="49.512680" lon="7.011273">
        <ele>399.614243</ele>
        <time>2021-08-20T14:24:00.871Z</time>
      </trkpt>
      <trkpt lat="49.512770" lon="7.011323">
        <ele>399.637485</ele>
        <time>2021-08-20T14:24:08.856Z</time>
      </trkpt>
      <trkpt lat="49.512858" lon="7.011367">
        <ele>399.659960</ele>
        <time>2021-08-20T14:24:17.864Z</time>
      </trkpt>
      <trkpt lat="49.512957" lon="7.011417">
        <ele>399.685269</ele>
        <time>2021-08-20T14:24:25.858Z</time>
      </trkpt>
      <trkpt lat="49.513050" lon="7.011467">
        <ele>399.709198</ele>
        <time>2021-08-20T14:24:33.859Z</time>
      </trkpt>
      <trkpt lat="49.513132" lon="7.011528">
        <ele>399.731319</ele>
        <time>2021-08-20T14:24:40.844Z</time>
      </trkpt>
      <trkpt lat="49.513213" lon="7.011588">
        <ele>399.883205</ele>
        <time>2021-08-20T14:24:47.847Z</time>
      </trkpt>
      <trkpt lat="49.513288" lon="7.011675">
        <ele>400.191325</ele>
        <time>2021-08-20T14:24:56.844Z</time>
      </trkpt>
      <trkpt lat="49.513345" lon="7.011800">
        <ele>400.516782</ele>
        <time>2021-08-20T14:25:07.855Z</time>
      </trkpt>
      <trkpt lat="49.513428" lon="7.011858">
        <ele>400.815881</ele>
        <time>2021-08-20T14:25:14.857Z</time>
      </trkpt>
      <trkpt lat="49.513517" lon="7.011938">
        <ele>401.154047</ele>
        <time>2021-08-20T14:25:22.850Z</time>
      </trkpt>
      <trkpt lat="49.513618" lon="7.011998">
        <ele>401.509291</ele>
        <time>2021-08-20T14:25:29.857Z</time>
      </trkpt>
      <trkpt lat="49.513713" lon="7.012027">
        <ele>401.827111</ele>
        <time>2021-08-20T14:25:36.876Z</time>
      </trkpt>
      <trkpt lat="49.513803" lon="7.012032">
        <ele>402.122650</ele>
        <time>2021-08-20T14:25:43.847Z</time>
      </trkpt>
      <trkpt lat="49.513893" lon="7.012048">
        <ele>402.419957</ele>
        <time>2021-08-20T14:25:50.850Z</time>
      </trkpt>
      <trkpt lat="49.513988" lon="7.012097">
        <ele>402.748729</ele>
        <time>2021-08-20T14:26:01.843Z</time>
      </trkpt>
      <trkpt lat="49.514078" lon="7.012155">
        <ele>403.068887</ele>
        <time>2021-08-20T14:26:09.867Z</time>
      </trkpt>
      <trkpt lat="49.514140" lon="7.012268">
        <ele>403.384105</ele>
        <time>2021-08-20T14:26:17.872Z</time>
      </trkpt>
      <trkpt lat="49.514220" lon="7.012368">
        <ele>403.722215</ele>
        <time>2021-08-20T14:26:27.861Z</time>
      </trkpt>
      <trkpt lat="49.514298" lon="7.012463">
        <ele>404.048541</ele>
        <time>2021-08-20T14:26:34.867Z</time>
      </trkpt>
      <trkpt lat="49.514373" lon="7.012540">
        <ele>404.344331</ele>
        <time>2021-08-20T14:26:44.867Z</time>
      </trkpt>
      <trkpt lat="49.514373" lon="7.012695">
        <ele>404.674577</ele>
        <time>2021-08-20T14:26:55.850Z</time>
      </trkpt>
      <trkpt lat="49.514438" lon="7.012833">
        <ele>405.037827</ele>
        <time>2021-08-20T14:27:02.851Z</time>
      </trkpt>
      <trkpt lat="49.514488" lon="7.012948">
        <ele>405.332714</ele>
        <time>2021-08-20T14:27:09.864Z</time>
      </trkpt>
      <trkpt lat="49.514525" lon="7.013080">
        <ele>405.639047</ele>
        <time>2021-08-20T14:27:20.867Z</time>
      </trkpt>
      <trkpt lat="49.514555" lon="7.013232">
        <ele>405.903433</ele>
        <time>2021-08-20T14:27:31.864Z</time>
      </trkpt>
      <trkpt lat="49.514587" lon="7.013380">
        <ele>406.161676</ele>
        <time>2021-08-20T14:27:39.849Z</time>
      </trkpt>
      <trkpt lat="49.514630" lon="7.013510">
        <ele>406.403211</ele>
        <time>2021-08-20T14:27:46.851Z</time>
      </trkpt>
      <trkpt lat="49.514682" lon="7.013645">
        <ele>406.663074</ele>
        <time>2021-08-20T14:27:52.846Z</time>
      </trkpt>
      <trkpt lat="49.514725" lon="7.013773">
        <ele>406.901663</ele>
        <time>2021-08-20T14:27:59.877Z</time>
      </trkpt>
      <trkpt lat="49.514780" lon="7.013890">
        <ele>407.140795</ele>
        <time>2021-08-20T14:28:05.856Z</time>
      </trkpt>
      <trkpt lat="49.514823" lon="7.014018">
        <ele>407.379383</ele>
        <time>2021-08-20T14:28:11.858Z</time>
      </trkpt>
      <trkpt lat="49.514855" lon="7.014150">
        <ele>407.612644</ele>
        <time>2021-08-20T14:28:20.852Z</time>
      </trkpt>
      <trkpt lat="49.514902" lon="7.014277">
        <ele>407.854648</ele>
        <time>2021-08-20T14:28:29.856Z</time>
      </trkpt>
      <trkpt lat="49.514937" lon="7.014418">
        <ele>408.104550</ele>
        <time>2021-08-20T14:28:37.852Z</time>
      </trkpt>
      <trkpt lat="49.514988" lon="7.014557">
        <ele>408.368865</ele>
        <time>2021-08-20T14:28:45.859Z</time>
      </trkpt>
      <trkpt lat="49.515025" lon="7.014695">
        <ele>408.616035</ele>
        <time>2021-08-20T14:28:52.865Z</time>
      </trkpt>
      <trkpt lat="49.515072" lon="7.014818">
        <ele>408.852308</ele>
        <time>2021-08-20T14:28:58.841Z</time>
      </trkpt>
      <trkpt lat="49.515098" lon="7.014955">
        <ele>409.088600</ele>
        <time>2021-08-20T14:29:06.852Z</time>
      </trkpt>
      <trkpt lat="49.515163" lon="7.015058">
        <ele>409.326391</ele>
        <time>2021-08-20T14:29:14.860Z</time>
      </trkpt>
      <trkpt lat="49.515183" lon="7.015202">
        <ele>409.570173</ele>
        <time>2021-08-20T14:29:23.842Z</time>
      </trkpt>
      <trkpt lat="49.515248" lon="7.015312">
        <ele>409.816407</ele>
        <time>2021-08-20T14:29:32.863Z</time>
      </trkpt>
      <trkpt lat="49.515277" lon="7.015453">
        <ele>410.061261</ele>
        <time>2021-08-20T14:29:41.842Z</time>
      </trkpt>
      <trkpt lat="49.515308" lon="7.015600">
        <ele>410.247074</ele>
        <time>2021-08-20T14:29:49.849Z</time>
      </trkpt>
      <trkpt lat="49.515370" lon="7.015710">
        <ele>410.290943</ele>
        <time>2021-08-20T14:29:57.856Z</time>
      </trkpt>
      <trkpt lat="49.515387" lon="7.015767">
        <ele>410.309834</ele>
        <time>2021-08-20T14:30:01.791Z</time>
      </trkpt>
      <trkpt lat="49.515342" lon="7.015887">
        <ele>410.351568</ele>
        <time>2021-08-20T14:30:45.858Z</time>
      </trkpt>
      <trkpt lat="49.515285" lon="7.016012">
        <ele>410.397571</ele>
        <time>2021-08-20T14:30:53.866Z</time>
      </trkpt>
      <trkpt lat="49.515220" lon="7.016118">
        <ele>410.441482</ele>
        <time>2021-08-20T14:31:02.868Z</time>
      </trkpt>
      <trkpt lat="49.515137" lon="7.016207">
        <ele>410.488394</ele>
        <time>2021-08-20T14:31:10.849Z</time>
      </trkpt>
      <trkpt lat="49.515047" lon="7.016197">
        <ele>410.530250</ele>
        <time>2021-08-20T14:31:16.885Z</time>
      </trkpt>
      <trkpt lat="49.514958" lon="7.016165">
        <ele>410.572643</ele>
        <time>2021-08-20T14:31:27.840Z</time>
      </trkpt>
      <trkpt lat="49.514862" lon="7.016153">
        <ele>410.617321</ele>
        <time>2021-08-20T14:31:34.863Z</time>
      </trkpt>
      <trkpt lat="49.514767" lon="7.016122">
        <ele>410.662366</ele>
        <time>2021-08-20T14:31:43.855Z</time>
      </trkpt>
      <trkpt lat="49.514673" lon="7.016105">
        <ele>410.706268</ele>
        <time>2021-08-20T14:31:53.862Z</time>
      </trkpt>
      <trkpt lat="49.514583" lon="7.016107">
        <ele>410.748020</ele>
        <time>2021-08-20T14:32:14.862Z</time>
      </trkpt>
      <trkpt lat="49.514492" lon="7.016102">
        <ele>410.790259</ele>
        <time>2021-08-20T14:32:23.850Z</time>
      </trkpt>
      <trkpt lat="49.514403" lon="7.016153">
        <ele>410.834307</ele>
        <time>2021-08-20T14:32:30.847Z</time>
      </trkpt>
      <trkpt lat="49.514323" lon="7.016217">
        <ele>410.876123</ele>
        <time>2021-08-20T14:32:40.844Z</time>
      </trkpt>
      <trkpt lat="49.514238" lon="7.016290">
        <ele>410.921267</ele>
        <time>2021-08-20T14:32:48.846Z</time>
      </trkpt>
      <trkpt lat="49.514150" lon="7.016368">
        <ele>410.968363</ele>
        <time>2021-08-20T14:32:58.846Z</time>
      </trkpt>
      <trkpt lat="49.514060" lon="7.016428">
        <ele>411.013854</ele>
        <time>2021-08-20T14:33:05.866Z</time>
      </trkpt>
      <trkpt lat="49.513978" lon="7.016493">
        <ele>411.056633</ele>
        <time>2021-08-20T14:33:13.849Z</time>
      </trkpt>
      <trkpt lat="49.513915" lon="7.016595">
        <ele>410.935196</ele>
        <time>2021-08-20T14:33:21.868Z</time>
      </trkpt>
      <trkpt lat="49.513848" lon="7.016698">
        <ele>410.762504</ele>
        <time>2021-08-20T14:33:28.859Z</time>
      </trkpt>
      <trkpt lat="49.513782" lon="7.016798">
        <ele>410.593608</ele>
        <time>2021-08-20T14:33:35.849Z</time>
      </trkpt>
      <trkpt lat="49.513788" lon="7.016922">
        <ele>410.446330</ele>
        <time>2021-08-20T14:33:50.871Z</time>
      </trkpt>
      <trkpt lat="49.513690" lon="7.016967">
        <ele>410.259775</ele>
        <time>2021-08-20T14:34:32.840Z</time>
      </trkpt>
      <trkpt lat="49.513593" lon="7.016950">
        <ele>410.081678</ele>
        <time>2021-08-20T14:34:41.888Z</time>
      </trkpt>
      <trkpt lat="49.513517" lon="7.016865">
        <ele>409.910335</ele>
        <time>2021-08-20T14:34:49.867Z</time>
      </trkpt>
      <trkpt lat="49.513460" lon="7.016745">
        <ele>409.734225</ele>
        <time>2021-08-20T14:34:58.850Z</time>
      </trkpt>
      <trkpt lat="49.513378" lon="7.016687">
        <ele>409.569614</ele>
        <time>2021-08-20T14:35:08.847Z</time>
      </trkpt>
      <trkpt lat="49.513298" lon="7.016613">
        <ele>409.399374</ele>
        <time>2021-08-20T14:35:16.848Z</time>
      </trkpt>
      <trkpt lat="49.513200" lon="7.016605">
        <ele>409.220344</ele>
        <time>2021-08-20T14:35:21.853Z</time>
      </trkpt>
      <trkpt lat="49.513108" lon="7.016542">
        <ele>409.036669</ele>
        <time>2021-08-20T14:35:31.836Z</time>
      </trkpt>
      <trkpt lat="49.513010" lon="7.016472">
        <ele>408.839599</ele>
        <time>2021-08-20T14:35:39.837Z</time>
      </trkpt>
      <trkpt lat="49.512908" lon="7.016428">
        <ele>408.646362</ele>
        <time>2021-08-20T14:35:47.850Z</time>
      </trkpt>
      <trkpt lat="49.512815" lon="7.016440">
        <ele>408.476110</ele>
        <time>2021-08-20T14:35:55.849Z</time>
      </trkpt>
      <trkpt lat="49.512727" lon="7.016468">
        <ele>408.312183</ele>
        <time>2021-08-20T14:36:00.857Z</time>
      </trkpt>
      <trkpt lat="49.512637" lon="7.016467">
        <ele>408.147994</ele>
        <time>2021-08-20T14:36:10.863Z</time>
      </trkpt>
      <trkpt lat="49.512547" lon="7.016488">
        <ele>407.981935</ele>
        <time>2021-08-20T14:36:16.866Z</time>
      </trkpt>
      <trkpt lat="49.512455" lon="7.016472">
        <ele>407.813035</ele>
        <time>2021-08-20T14:36:23.841Z</time>
      </trkpt>
      <trkpt lat="49.512377" lon="7.016545">
        <ele>407.925136</ele>
        <time>2021-08-20T14:36:29.840Z</time>
      </trkpt>
      <trkpt lat="49.512307" lon="7.016637">
        <ele>408.096031</ele>
        <time>2021-08-20T14:36:36.866Z</time>
      </trkpt>
      <trkpt lat="49.512257" lon="7.016765">
        <ele>408.276151</ele>
        <time>2021-08-20T14:36:46.837Z</time>
      </trkpt>
      <trkpt lat="49.512227" lon="7.016905">
        <ele>408.453917</ele>
        <time>2021-08-20T14:36:55.839Z</time>
      </trkpt>
      <trkpt lat="49.512197" lon="7.017045">
        <ele>408.631684</ele>
        <time>2021-08-20T14:37:04.850Z</time>
      </trkpt>
      <trkpt lat="49.512168" lon="7.017183">
        <ele>408.806581</ele>
        <time>2021-08-20T14:37:11.874Z</time>
      </trkpt>
      <trkpt lat="49.512117" lon="7.017312">
        <ele>408.988694</ele>
        <time>2021-08-20T14:37:17.848Z</time>
      </trkpt>
      <trkpt lat="49.512097" lon="7.017453">
        <ele>409.162721</ele>
        <time>2021-08-20T14:37:25.852Z</time>
      </trkpt>
      <trkpt lat="49.512085" lon="7.017612">
        <ele>409.355732</ele>
        <time>2021-08-20T14:37:32.850Z</time>
      </trkpt>
      <trkpt lat="49.512087" lon="7.017763">
        <ele>409.537845</ele>
        <time>2021-08-20T14:37:39.855Z</time>
      </trkpt>
      <trkpt lat="49.512048" lon="7.017905">
        <ele>409.723756</ele>
        <time>2021-08-20T14:37:48.860Z</time>
      </trkpt>
      <trkpt lat="49.512020" lon="7.018045">
        <ele>409.900394</ele>
        <time>2021-08-20T14:37:56.848Z</time>
      </trkpt>
      <trkpt lat="49.512012" lon="7.018192">
        <ele>410.078267</ele>
        <time>2021-08-20T14:38:06.847Z</time>
      </trkpt>
      <trkpt lat="49.511978" lon="7.018327">
        <ele>410.252866</ele>
        <time>2021-08-20T14:38:14.863Z</time>
      </trkpt>
      <trkpt lat="49.511950" lon="7.018472">
        <ele>410.435275</ele>
        <time>2021-08-20T14:38:22.852Z</time>
      </trkpt>
      <trkpt lat="49.511922" lon="7.018610">
        <ele>410.609610</ele>
        <time>2021-08-20T14:38:29.851Z</time>
      </trkpt>
      <trkpt lat="49.511940" lon="7.018758">
        <ele>410.791172</ele>
        <time>2021-08-20T14:38:37.854Z</time>
      </trkpt>
      <trkpt lat="49.511940" lon="7.018900">
        <ele>410.962395</ele>
        <time>2021-08-20T14:38:45.845Z</time>
      </trkpt>
      <trkpt lat="49.511902" lon="7.019040">
        <ele>411.067254</ele>
        <time>2021-08-20T14:38:51.843Z</time>
      </trkpt>
      <trkpt lat="49.511877" lon="7.019185">
        <ele>410.559295</ele>
        <time>2021-08-20T14:38:58.847Z</time>
      </trkpt>
      <trkpt lat="49.511868" lon="7.019335">
        <ele>410.049258</ele>
        <time>2021-08-20T14:39:06.853Z</time>
      </trkpt>
      <trkpt lat="49.511847" lon="7.019483">
        <ele>409.536330</ele>
        <time>2021-08-20T14:39:14.852Z</time>
      </trkpt>
      <trkpt lat="49.511837" lon="7.019622">
        <ele>409.062820</ele>
        <time>2021-08-20T14:39:22.862Z</time>
      </trkpt>
      <trkpt lat="49.511822" lon="7.019760">
        <ele>408.589073</ele>
        <time>2021-08-20T14:39:30.842Z</time>
      </trkpt>
      <trkpt lat="49.511805" lon="7.019912">
        <ele>408.066848</ele>
        <time>2021-08-20T14:39:39.844Z</time>
      </trkpt>
      <trkpt lat="49.511768" lon="7.020060">
        <ele>407.529884</ele>
        <time>2021-08-20T14:39:48.844Z</time>
      </trkpt>
      <trkpt lat="49.511747" lon="7.020203">
        <ele>407.033480</ele>
        <time>2021-08-20T14:39:56.858Z</time>
      </trkpt>
      <trkpt lat="49.511685" lon="7.020322">
        <ele>406.516887</ele>
        <time>2021-08-20T14:40:06.852Z</time>
      </trkpt>
      <trkpt lat="49.511590" lon="7.020318">
        <ele>406.021310</ele>
        <time>2021-08-20T14:40:15.848Z</time>
      </trkpt>
      <trkpt lat="49.511497" lon="7.020320">
        <ele>405.536300</ele>
        <time>2021-08-20T14:40:28.861Z</time>
      </trkpt>
      <trkpt lat="49.511403" lon="7.020297">
        <ele>405.039975</ele>
        <time>2021-08-20T14:40:38.844Z</time>
      </trkpt>
      <trkpt lat="49.511313" lon="7.020368">
        <ele>404.512671</ele>
        <time>2021-08-20T14:40:47.858Z</time>
      </trkpt>
      <trkpt lat="49.511243" lon="7.020455">
        <ele>404.043613</ele>
        <time>2021-08-20T14:40:54.842Z</time>
      </trkpt>
      <trkpt lat="49.511168" lon="7.020553">
        <ele>403.530719</ele>
        <time>2021-08-20T14:41:02.844Z</time>
      </trkpt>
      <trkpt lat="49.511092" lon="7.020652">
        <ele>403.011658</ele>
        <time>2021-08-20T14:41:10.857Z</time>
      </trkpt>
      <trkpt lat="49.511008" lon="7.020717">
        <ele>402.521446</ele>
        <time>2021-08-20T14:41:19.849Z</time>
      </trkpt>
      <trkpt lat="49.510915" lon="7.020728">
        <ele>402.035056</ele>
        <time>2021-08-20T14:41:27.852Z</time>
      </trkpt>
      <trkpt lat="49.510818" lon="7.020753">
        <ele>401.745551</ele>
        <time>2021-08-20T14:41:36.853Z</time>
      </trkpt>
      <trkpt lat="49.510725" lon="7.020743">
        <ele>401.745551</ele>
        <time>2021-08-20T14:41:44.847Z</time>
      </trkpt>
      <trkpt lat="49.510628" lon="7.020758">
        <ele>401.745551</ele>
        <time>2021-08-20T14:41:53.853Z</time>
      </trkpt>
      <trkpt lat="49.510535" lon="7.020773">
        <ele>401.745551</ele>
        <time>2021-08-20T14:42:01.852Z</time>
      </trkpt>
      <trkpt lat="49.510445" lon="7.020820">
        <ele>401.745551</ele>
        <time>2021-08-20T14:42:12.856Z</time>
      </trkpt>
      <trkpt lat="49.510437" lon="7.020840">
        <ele>401.745551</ele>
        <time>2021-08-20T14:42:15.452Z</time>
      </trkpt>
      <trkpt lat="49.510462" lon="7.020978">
        <ele>401.745551</ele>
        <time>2021-08-20T14:44:00.853Z</time>
      </trkpt>
      <trkpt lat="49.510467" lon="7.021130">
        <ele>401.745551</ele>
        <time>2021-08-20T14:44:08.862Z</time>
      </trkpt>
      <trkpt lat="49.510477" lon="7.021280">
        <ele>401.745551</ele>
        <time>2021-08-20T14:44:17.878Z</time>
      </trkpt>
      <trkpt lat="49.510468" lon="7.021423">
        <ele>401.745551</ele>
        <time>2021-08-20T14:44:26.855Z</time>
      </trkpt>
      <trkpt lat="49.510528" lon="7.021542">
        <ele>401.745551</ele>
        <time>2021-08-20T14:44:35.847Z</time>
      </trkpt>
      <trkpt lat="49.510552" lon="7.021567">
        <ele>401.745551</ele>
        <time>2021-08-20T14:44:39.140Z</time>
      </trkpt>
    </trkseg>
  </trk>
</gpx>