<?xml version='1.0' encoding='UTF-8'?>
<gpx version="1.1" creator="https://www.komoot.de" xmlns="http://www.topografix.com/GPX/1/1" xmlns:xsi="http://www.w3.org/2001/XMLSchema-instance" xsi:schemaLocation="http://www.topografix.com/GPX/1/1 http://www.topografix.com/GPX/1/1/gpx.xsd">
  <metadata>
    <name>PWW  Berkenthin, 10 km,  Auf den Spuren der Stecknitzfahrer 07.07.2021 17:43</name>
    <author>
      <link href="https://www.komoot.de">
        <text>komoot</text>
        <type>text/html</type>
      </link>
    </author>
  </metadata>
  <trk>
    <name>PWW  Berkenthin, 10 km,  Auf den Spuren der Stecknitzfahrer 07.07.2021 17:43</name>
    <trkseg>
      <trkpt lat="53.734106" lon="10.644161">
        <ele>52.158928</ele>
        <time>2021-07-07T14:59:21.306Z</time>
      </trkpt>
      <trkpt lat="53.734213" lon="10.643972">
        <ele>52.158928</ele>
        <time>2021-07-07T14:59:41.189Z</time>
      </trkpt>
      <trkpt lat="53.734234" lon="10.643803">
        <ele>52.158928</ele>
        <time>2021-07-07T14:59:44.189Z</time>
      </trkpt>
      <trkpt lat="53.734276" lon="10.643650">
        <ele>52.158928</ele>
        <time>2021-07-07T14:59:47.194Z</time>
      </trkpt>
      <trkpt lat="53.734364" lon="10.643575">
        <ele>52.158928</ele>
        <time>2021-07-07T14:59:51.192Z</time>
      </trkpt>
      <trkpt lat="53.734459" lon="10.643589">
        <ele>52.158928</ele>
        <time>2021-07-07T14:59:56.182Z</time>
      </trkpt>
      <trkpt lat="53.734505" lon="10.643436">
        <ele>52.158928</ele>
        <time>2021-07-07T14:59:59.182Z</time>
      </trkpt>
      <trkpt lat="53.734514" lon="10.643229">
        <ele>52.158928</ele>
        <time>2021-07-07T15:00:02.182Z</time>
      </trkpt>
      <trkpt lat="53.734521" lon="10.643014">
        <ele>52.159870</ele>
        <time>2021-07-07T15:00:05.191Z</time>
      </trkpt>
      <trkpt lat="53.734527" lon="10.642800">
        <ele>52.200484</ele>
        <time>2021-07-07T15:00:08.196Z</time>
      </trkpt>
      <trkpt lat="53.734532" lon="10.642567">
        <ele>52.244684</ele>
        <time>2021-07-07T15:00:11.182Z</time>
      </trkpt>
      <trkpt lat="53.734536" lon="10.642411">
        <ele>52.274285</ele>
        <time>2021-07-07T15:00:13.185Z</time>
      </trkpt>
      <trkpt lat="53.734538" lon="10.642258">
        <ele>52.303297</ele>
        <time>2021-07-07T15:00:15.185Z</time>
      </trkpt>
      <trkpt lat="53.734542" lon="10.642049">
        <ele>52.342939</ele>
        <time>2021-07-07T15:00:18.184Z</time>
      </trkpt>
      <trkpt lat="53.734550" lon="10.641885">
        <ele>52.374135</ele>
        <time>2021-07-07T15:00:21.182Z</time>
      </trkpt>
      <trkpt lat="53.734574" lon="10.641715">
        <ele>52.407268</ele>
        <time>2021-07-07T15:00:26.188Z</time>
      </trkpt>
      <trkpt lat="53.734650" lon="10.641605">
        <ele>52.439332</ele>
        <time>2021-07-07T15:00:31.188Z</time>
      </trkpt>
      <trkpt lat="53.734747" lon="10.641554">
        <ele>52.471887</ele>
        <time>2021-07-07T15:00:34.200Z</time>
      </trkpt>
      <trkpt lat="53.734869" lon="10.641487">
        <ele>52.512998</ele>
        <time>2021-07-07T15:00:37.198Z</time>
      </trkpt>
      <trkpt lat="53.734990" lon="10.641437">
        <ele>52.552918</ele>
        <time>2021-07-07T15:00:40.200Z</time>
      </trkpt>
      <trkpt lat="53.735116" lon="10.641423">
        <ele>52.593386</ele>
        <time>2021-07-07T15:00:43.179Z</time>
      </trkpt>
      <trkpt lat="53.735223" lon="10.641428">
        <ele>52.627690</ele>
        <time>2021-07-07T15:00:46.182Z</time>
      </trkpt>
      <trkpt lat="53.735341" lon="10.641463">
        <ele>52.666085</ele>
        <time>2021-07-07T15:00:49.175Z</time>
      </trkpt>
      <trkpt lat="53.735456" lon="10.641496">
        <ele>52.703468</ele>
        <time>2021-07-07T15:00:52.186Z</time>
      </trkpt>
      <trkpt lat="53.735843" lon="10.641542">
        <ele>52.809419</ele>
        <time>2021-07-07T15:01:18.202Z</time>
      </trkpt>
      <trkpt lat="53.735953" lon="10.641569">
        <ele>52.837958</ele>
        <time>2021-07-07T15:01:20.189Z</time>
      </trkpt>
      <trkpt lat="53.736080" lon="10.641603">
        <ele>52.870972</ele>
        <time>2021-07-07T15:01:23.176Z</time>
      </trkpt>
      <trkpt lat="53.736178" lon="10.641713">
        <ele>52.901175</ele>
        <time>2021-07-07T15:01:26.187Z</time>
      </trkpt>
      <trkpt lat="53.736256" lon="10.641792">
        <ele>52.924521</ele>
        <time>2021-07-07T15:01:30.177Z</time>
      </trkpt>
      <trkpt lat="53.736350" lon="10.641777">
        <ele>52.948763</ele>
        <time>2021-07-07T15:01:37.180Z</time>
      </trkpt>
      <trkpt lat="53.736452" lon="10.641807">
        <ele>52.975345</ele>
        <time>2021-07-07T15:01:40.182Z</time>
      </trkpt>
      <trkpt lat="53.736583" lon="10.641840">
        <ele>53.009351</ele>
        <time>2021-07-07T15:01:43.168Z</time>
      </trkpt>
      <trkpt lat="53.736674" lon="10.641867">
        <ele>53.033073</ele>
        <time>2021-07-07T15:01:45.175Z</time>
      </trkpt>
      <trkpt lat="53.736803" lon="10.641919">
        <ele>53.067123</ele>
        <time>2021-07-07T15:01:48.181Z</time>
      </trkpt>
      <trkpt lat="53.736922" lon="10.641959">
        <ele>53.098274</ele>
        <time>2021-07-07T15:01:51.182Z</time>
      </trkpt>
      <trkpt lat="53.737038" lon="10.641993">
        <ele>53.128502</ele>
        <time>2021-07-07T15:01:54.183Z</time>
      </trkpt>
      <trkpt lat="53.737132" lon="10.642023">
        <ele>53.153063</ele>
        <time>2021-07-07T15:01:56.194Z</time>
      </trkpt>
      <trkpt lat="53.737238" lon="10.642044">
        <ele>53.180465</ele>
        <time>2021-07-07T15:01:58.195Z</time>
      </trkpt>
      <trkpt lat="53.737332" lon="10.642058">
        <ele>53.149332</ele>
        <time>2021-07-07T15:02:00.207Z</time>
      </trkpt>
      <trkpt lat="53.737428" lon="10.642075">
        <ele>52.991716</ele>
        <time>2021-07-07T15:02:02.179Z</time>
      </trkpt>
      <trkpt lat="53.737560" lon="10.642097">
        <ele>52.775128</ele>
        <time>2021-07-07T15:02:05.192Z</time>
      </trkpt>
      <trkpt lat="53.737650" lon="10.642101">
        <ele>52.628116</ele>
        <time>2021-07-07T15:02:07.171Z</time>
      </trkpt>
      <trkpt lat="53.737741" lon="10.642100">
        <ele>52.479520</ele>
        <time>2021-07-07T15:02:09.204Z</time>
      </trkpt>
      <trkpt lat="53.737836" lon="10.642092">
        <ele>52.324202</ele>
        <time>2021-07-07T15:02:11.184Z</time>
      </trkpt>
      <trkpt lat="53.737936" lon="10.642100">
        <ele>52.160729</ele>
        <time>2021-07-07T15:02:13.177Z</time>
      </trkpt>
      <trkpt lat="53.738029" lon="10.642111">
        <ele>52.008498</ele>
        <time>2021-07-07T15:02:15.182Z</time>
      </trkpt>
      <trkpt lat="53.738129" lon="10.642129">
        <ele>51.844286</ele>
        <time>2021-07-07T15:02:17.181Z</time>
      </trkpt>
      <trkpt lat="53.738260" lon="10.642175">
        <ele>51.625811</ele>
        <time>2021-07-07T15:02:20.183Z</time>
      </trkpt>
      <trkpt lat="53.738389" lon="10.642260">
        <ele>51.399735</ele>
        <time>2021-07-07T15:02:23.187Z</time>
      </trkpt>
      <trkpt lat="53.738473" lon="10.642336">
        <ele>51.244166</ele>
        <time>2021-07-07T15:02:25.202Z</time>
      </trkpt>
      <trkpt lat="53.738560" lon="10.642400">
        <ele>51.089239</ele>
        <time>2021-07-07T15:02:27.173Z</time>
      </trkpt>
      <trkpt lat="53.738645" lon="10.642523">
        <ele>50.906546</ele>
        <time>2021-07-07T15:02:30.193Z</time>
      </trkpt>
      <trkpt lat="53.738717" lon="10.642682">
        <ele>50.713144</ele>
        <time>2021-07-07T15:02:34.176Z</time>
      </trkpt>
      <trkpt lat="53.738769" lon="10.642814">
        <ele>50.559969</ele>
        <time>2021-07-07T15:02:37.183Z</time>
      </trkpt>
      <trkpt lat="53.738839" lon="10.642930">
        <ele>50.399917</ele>
        <time>2021-07-07T15:02:40.167Z</time>
      </trkpt>
      <trkpt lat="53.738967" lon="10.643051">
        <ele>50.171588</ele>
        <time>2021-07-07T15:02:44.180Z</time>
      </trkpt>
      <trkpt lat="53.739060" lon="10.643114">
        <ele>50.026258</ele>
        <time>2021-07-07T15:02:48.181Z</time>
      </trkpt>
      <trkpt lat="53.739148" lon="10.643148">
        <ele>49.895316</ele>
        <time>2021-07-07T15:02:50.179Z</time>
      </trkpt>
      <trkpt lat="53.739255" lon="10.643187">
        <ele>49.736537</ele>
        <time>2021-07-07T15:02:52.178Z</time>
      </trkpt>
      <trkpt lat="53.739354" lon="10.643197">
        <ele>49.592674</ele>
        <time>2021-07-07T15:02:54.180Z</time>
      </trkpt>
      <trkpt lat="53.739462" lon="10.643230">
        <ele>49.433473</ele>
        <time>2021-07-07T15:03:00.181Z</time>
      </trkpt>
      <trkpt lat="53.739516" lon="10.643395">
        <ele>49.271683</ele>
        <time>2021-07-07T15:03:03.186Z</time>
      </trkpt>
      <trkpt lat="53.739549" lon="10.643544">
        <ele>49.135179</ele>
        <time>2021-07-07T15:03:05.192Z</time>
      </trkpt>
      <trkpt lat="53.739593" lon="10.643728">
        <ele>48.964900</ele>
        <time>2021-07-07T15:03:08.202Z</time>
      </trkpt>
      <trkpt lat="53.739625" lon="10.643898">
        <ele>48.811839</ele>
        <time>2021-07-07T15:03:11.219Z</time>
      </trkpt>
      <trkpt lat="53.739667" lon="10.644113">
        <ele>48.617578</ele>
        <time>2021-07-07T15:03:14.199Z</time>
      </trkpt>
      <trkpt lat="53.739700" lon="10.644268">
        <ele>48.476242</ele>
        <time>2021-07-07T15:03:16.198Z</time>
      </trkpt>
      <trkpt lat="53.739745" lon="10.644454">
        <ele>48.303828</ele>
        <time>2021-07-07T15:03:19.202Z</time>
      </trkpt>
      <trkpt lat="53.739803" lon="10.644624">
        <ele>48.135449</ele>
        <time>2021-07-07T15:03:22.189Z</time>
      </trkpt>
      <trkpt lat="53.739874" lon="10.644793">
        <ele>47.957600</ele>
        <time>2021-07-07T15:03:25.193Z</time>
      </trkpt>
      <trkpt lat="53.739934" lon="10.644925">
        <ele>47.814770</ele>
        <time>2021-07-07T15:03:27.199Z</time>
      </trkpt>
      <trkpt lat="53.740014" lon="10.645087">
        <ele>47.640163</ele>
        <time>2021-07-07T15:03:30.195Z</time>
      </trkpt>
      <trkpt lat="53.740078" lon="10.645232">
        <ele>47.542612</ele>
        <time>2021-07-07T15:03:33.193Z</time>
      </trkpt>
      <trkpt lat="53.740125" lon="10.645383">
        <ele>47.450611</ele>
        <time>2021-07-07T15:03:36.202Z</time>
      </trkpt>
      <trkpt lat="53.740157" lon="10.645562">
        <ele>47.349786</ele>
        <time>2021-07-07T15:03:39.207Z</time>
      </trkpt>
      <trkpt lat="53.740207" lon="10.645741">
        <ele>47.243051</ele>
        <time>2021-07-07T15:03:42.203Z</time>
      </trkpt>
      <trkpt lat="53.740254" lon="10.645877">
        <ele>47.158124</ele>
        <time>2021-07-07T15:03:45.187Z</time>
      </trkpt>
      <trkpt lat="53.740302" lon="10.646056">
        <ele>47.052155</ele>
        <time>2021-07-07T15:03:48.193Z</time>
      </trkpt>
      <trkpt lat="53.740351" lon="10.646241">
        <ele>46.942863</ele>
        <time>2021-07-07T15:03:51.184Z</time>
      </trkpt>
      <trkpt lat="53.740386" lon="10.646425">
        <ele>46.838650</ele>
        <time>2021-07-07T15:03:54.226Z</time>
      </trkpt>
      <trkpt lat="53.740415" lon="10.646652">
        <ele>46.713436</ele>
        <time>2021-07-07T15:03:56.207Z</time>
      </trkpt>
      <trkpt lat="53.740427" lon="10.646852">
        <ele>46.605048</ele>
        <time>2021-07-07T15:03:59.189Z</time>
      </trkpt>
      <trkpt lat="53.740423" lon="10.647025">
        <ele>46.511700</ele>
        <time>2021-07-07T15:04:03.187Z</time>
      </trkpt>
      <trkpt lat="53.740281" lon="10.647460">
        <ele>46.243807</ele>
        <time>2021-07-07T15:04:23.183Z</time>
      </trkpt>
      <trkpt lat="53.740236" lon="10.647645">
        <ele>46.135954</ele>
        <time>2021-07-07T15:04:26.186Z</time>
      </trkpt>
      <trkpt lat="53.740210" lon="10.647797">
        <ele>46.050641</ele>
        <time>2021-07-07T15:04:28.192Z</time>
      </trkpt>
      <trkpt lat="53.740194" lon="10.647959">
        <ele>45.940124</ele>
        <time>2021-07-07T15:04:31.187Z</time>
      </trkpt>
      <trkpt lat="53.740167" lon="10.648155">
        <ele>45.783307</ele>
        <time>2021-07-07T15:04:34.206Z</time>
      </trkpt>
      <trkpt lat="53.740119" lon="10.648339">
        <ele>45.626601</ele>
        <time>2021-07-07T15:04:37.189Z</time>
      </trkpt>
      <trkpt lat="53.740078" lon="10.648487">
        <ele>45.499251</ele>
        <time>2021-07-07T15:04:40.170Z</time>
      </trkpt>
      <trkpt lat="53.740040" lon="10.648639">
        <ele>45.370661</ele>
        <time>2021-07-07T15:04:43.195Z</time>
      </trkpt>
      <trkpt lat="53.740003" lon="10.648835">
        <ele>45.210340</ele>
        <time>2021-07-07T15:04:48.189Z</time>
      </trkpt>
      <trkpt lat="53.739980" lon="10.648996">
        <ele>45.081275</ele>
        <time>2021-07-07T15:04:50.198Z</time>
      </trkpt>
      <trkpt lat="53.739937" lon="10.649189">
        <ele>44.920566</ele>
        <time>2021-07-07T15:04:55.199Z</time>
      </trkpt>
      <trkpt lat="53.740071" lon="10.649441">
        <ele>44.656505</ele>
        <time>2021-07-07T15:05:26.186Z</time>
      </trkpt>
      <trkpt lat="53.740293" lon="10.649544">
        <ele>44.353208</ele>
        <time>2021-07-07T15:05:53.184Z</time>
      </trkpt>
      <trkpt lat="53.740411" lon="10.649575">
        <ele>44.195878</ele>
        <time>2021-07-07T15:05:56.189Z</time>
      </trkpt>
      <trkpt lat="53.740538" lon="10.649633">
        <ele>44.022559</ele>
        <time>2021-07-07T15:05:59.187Z</time>
      </trkpt>
      <trkpt lat="53.740646" lon="10.649666">
        <ele>43.877965</ele>
        <time>2021-07-07T15:06:01.198Z</time>
      </trkpt>
      <trkpt lat="53.740769" lon="10.649705">
        <ele>43.713087</ele>
        <time>2021-07-07T15:06:03.187Z</time>
      </trkpt>
      <trkpt lat="53.740878" lon="10.649747">
        <ele>43.664980</ele>
        <time>2021-07-07T15:06:05.163Z</time>
      </trkpt>
      <trkpt lat="53.740980" lon="10.649785">
        <ele>43.707187</ele>
        <time>2021-07-07T15:06:07.178Z</time>
      </trkpt>
      <trkpt lat="53.741098" lon="10.649822">
        <ele>43.755683</ele>
        <time>2021-07-07T15:06:09.169Z</time>
      </trkpt>
      <trkpt lat="53.741220" lon="10.649854">
        <ele>43.805573</ele>
        <time>2021-07-07T15:06:11.185Z</time>
      </trkpt>
      <trkpt lat="53.741336" lon="10.649895">
        <ele>43.853461</ele>
        <time>2021-07-07T15:06:13.200Z</time>
      </trkpt>
      <trkpt lat="53.741456" lon="10.649931">
        <ele>43.902710</ele>
        <time>2021-07-07T15:06:15.184Z</time>
      </trkpt>
      <trkpt lat="53.741574" lon="10.649973">
        <ele>43.951439</ele>
        <time>2021-07-07T15:06:17.185Z</time>
      </trkpt>
      <trkpt lat="53.741689" lon="10.650015">
        <ele>43.998982</ele>
        <time>2021-07-07T15:06:19.197Z</time>
      </trkpt>
      <trkpt lat="53.741801" lon="10.650056">
        <ele>44.045289</ele>
        <time>2021-07-07T15:06:21.196Z</time>
      </trkpt>
      <trkpt lat="53.741914" lon="10.650095">
        <ele>44.091894</ele>
        <time>2021-07-07T15:06:23.183Z</time>
      </trkpt>
      <trkpt lat="53.742022" lon="10.650143">
        <ele>44.137019</ele>
        <time>2021-07-07T15:06:25.188Z</time>
      </trkpt>
      <trkpt lat="53.742130" lon="10.650190">
        <ele>44.182084</ele>
        <time>2021-07-07T15:06:27.193Z</time>
      </trkpt>
      <trkpt lat="53.742238" lon="10.650229">
        <ele>44.226710</ele>
        <time>2021-07-07T15:06:29.197Z</time>
      </trkpt>
      <trkpt lat="53.742346" lon="10.650270">
        <ele>44.271439</ele>
        <time>2021-07-07T15:06:31.198Z</time>
      </trkpt>
      <trkpt lat="53.742454" lon="10.650308">
        <ele>44.316016</ele>
        <time>2021-07-07T15:06:33.205Z</time>
      </trkpt>
      <trkpt lat="53.742563" lon="10.650346">
        <ele>44.360990</ele>
        <time>2021-07-07T15:06:35.191Z</time>
      </trkpt>
      <trkpt lat="53.742677" lon="10.650382">
        <ele>44.408229</ele>
        <time>2021-07-07T15:06:37.191Z</time>
      </trkpt>
      <trkpt lat="53.742790" lon="10.650412">
        <ele>44.454893</ele>
        <time>2021-07-07T15:06:39.198Z</time>
      </trkpt>
      <trkpt lat="53.742903" lon="10.650443">
        <ele>44.501595</ele>
        <time>2021-07-07T15:06:41.199Z</time>
      </trkpt>
      <trkpt lat="53.743014" lon="10.650471">
        <ele>44.547380</ele>
        <time>2021-07-07T15:06:43.204Z</time>
      </trkpt>
      <trkpt lat="53.743128" lon="10.650490">
        <ele>44.594112</ele>
        <time>2021-07-07T15:06:45.198Z</time>
      </trkpt>
      <trkpt lat="53.743241" lon="10.650513">
        <ele>44.640544</ele>
        <time>2021-07-07T15:06:47.209Z</time>
      </trkpt>
      <trkpt lat="53.743351" lon="10.650530">
        <ele>44.685607</ele>
        <time>2021-07-07T15:06:49.194Z</time>
      </trkpt>
      <trkpt lat="53.743458" lon="10.650545">
        <ele>44.729408</ele>
        <time>2021-07-07T15:06:51.206Z</time>
      </trkpt>
      <trkpt lat="53.743566" lon="10.650549">
        <ele>44.773478</ele>
        <time>2021-07-07T15:06:53.210Z</time>
      </trkpt>
      <trkpt lat="53.743676" lon="10.650553">
        <ele>44.818364</ele>
        <time>2021-07-07T15:06:55.213Z</time>
      </trkpt>
      <trkpt lat="53.743789" lon="10.650553">
        <ele>44.864463</ele>
        <time>2021-07-07T15:06:57.216Z</time>
      </trkpt>
      <trkpt lat="53.743900" lon="10.650552">
        <ele>44.909747</ele>
        <time>2021-07-07T15:06:59.206Z</time>
      </trkpt>
      <trkpt lat="53.744012" lon="10.650536">
        <ele>44.955601</ele>
        <time>2021-07-07T15:07:01.220Z</time>
      </trkpt>
      <trkpt lat="53.744122" lon="10.650520">
        <ele>45.000642</ele>
        <time>2021-07-07T15:07:03.206Z</time>
      </trkpt>
      <trkpt lat="53.744233" lon="10.650502">
        <ele>45.046133</ele>
        <time>2021-07-07T15:07:05.208Z</time>
      </trkpt>
      <trkpt lat="53.744345" lon="10.650483">
        <ele>45.092054</ele>
        <time>2021-07-07T15:07:07.208Z</time>
      </trkpt>
      <trkpt lat="53.744449" lon="10.650466">
        <ele>45.091563</ele>
        <time>2021-07-07T15:07:09.213Z</time>
      </trkpt>
      <trkpt lat="53.744555" lon="10.650453">
        <ele>45.077190</ele>
        <time>2021-07-07T15:07:11.207Z</time>
      </trkpt>
      <trkpt lat="53.744665" lon="10.650428">
        <ele>45.062180</ele>
        <time>2021-07-07T15:07:13.192Z</time>
      </trkpt>
      <trkpt lat="53.744786" lon="10.650394">
        <ele>45.045592</ele>
        <time>2021-07-07T15:07:15.203Z</time>
      </trkpt>
      <trkpt lat="53.744895" lon="10.650365">
        <ele>45.030669</ele>
        <time>2021-07-07T15:07:17.194Z</time>
      </trkpt>
      <trkpt lat="53.745000" lon="10.650328">
        <ele>45.016164</ele>
        <time>2021-07-07T15:07:19.213Z</time>
      </trkpt>
      <trkpt lat="53.745106" lon="10.650291">
        <ele>45.001527</ele>
        <time>2021-07-07T15:07:21.223Z</time>
      </trkpt>
      <trkpt lat="53.745213" lon="10.650247">
        <ele>44.986635</ele>
        <time>2021-07-07T15:07:23.206Z</time>
      </trkpt>
      <trkpt lat="53.745322" lon="10.650200">
        <ele>44.971422</ele>
        <time>2021-07-07T15:07:25.186Z</time>
      </trkpt>
      <trkpt lat="53.745429" lon="10.650147">
        <ele>44.956343</ele>
        <time>2021-07-07T15:07:27.192Z</time>
      </trkpt>
      <trkpt lat="53.745530" lon="10.650099">
        <ele>44.942155</ele>
        <time>2021-07-07T15:07:29.182Z</time>
      </trkpt>
      <trkpt lat="53.745624" lon="10.650044">
        <ele>44.928703</ele>
        <time>2021-07-07T15:07:31.191Z</time>
      </trkpt>
      <trkpt lat="53.745713" lon="10.649988">
        <ele>44.915861</ele>
        <time>2021-07-07T15:07:33.197Z</time>
      </trkpt>
      <trkpt lat="53.745798" lon="10.649931">
        <ele>44.903494</ele>
        <time>2021-07-07T15:07:35.211Z</time>
      </trkpt>
      <trkpt lat="53.745911" lon="10.649839">
        <ele>44.886534</ele>
        <time>2021-07-07T15:07:38.202Z</time>
      </trkpt>
      <trkpt lat="53.746026" lon="10.649762">
        <ele>44.869806</ele>
        <time>2021-07-07T15:07:41.213Z</time>
      </trkpt>
      <trkpt lat="53.746146" lon="10.649689">
        <ele>44.848087</ele>
        <time>2021-07-07T15:07:44.209Z</time>
      </trkpt>
      <trkpt lat="53.746232" lon="10.649637">
        <ele>44.827225</ele>
        <time>2021-07-07T15:07:46.211Z</time>
      </trkpt>
      <trkpt lat="53.746317" lon="10.649576">
        <ele>44.806134</ele>
        <time>2021-07-07T15:07:48.194Z</time>
      </trkpt>
      <trkpt lat="53.746403" lon="10.649511">
        <ele>44.784618</ele>
        <time>2021-07-07T15:07:50.204Z</time>
      </trkpt>
      <trkpt lat="53.746493" lon="10.649435">
        <ele>44.761641</ele>
        <time>2021-07-07T15:07:52.210Z</time>
      </trkpt>
      <trkpt lat="53.746583" lon="10.649357">
        <ele>44.738541</ele>
        <time>2021-07-07T15:07:54.208Z</time>
      </trkpt>
      <trkpt lat="53.746673" lon="10.649275">
        <ele>44.715190</ele>
        <time>2021-07-07T15:07:56.204Z</time>
      </trkpt>
      <trkpt lat="53.746762" lon="10.649186">
        <ele>44.691573</ele>
        <time>2021-07-07T15:07:58.195Z</time>
      </trkpt>
      <trkpt lat="53.746850" lon="10.649088">
        <ele>44.667506</ele>
        <time>2021-07-07T15:08:00.194Z</time>
      </trkpt>
      <trkpt lat="53.746943" lon="10.648985">
        <ele>44.642114</ele>
        <time>2021-07-07T15:08:02.194Z</time>
      </trkpt>
      <trkpt lat="53.747034" lon="10.648882">
        <ele>44.617102</ele>
        <time>2021-07-07T15:08:04.195Z</time>
      </trkpt>
      <trkpt lat="53.747129" lon="10.648778">
        <ele>44.591253</ele>
        <time>2021-07-07T15:08:06.213Z</time>
      </trkpt>
      <trkpt lat="53.747227" lon="10.648671">
        <ele>44.564608</ele>
        <time>2021-07-07T15:08:08.206Z</time>
      </trkpt>
      <trkpt lat="53.747323" lon="10.648558">
        <ele>44.537892</ele>
        <time>2021-07-07T15:08:10.211Z</time>
      </trkpt>
      <trkpt lat="53.747420" lon="10.648451">
        <ele>44.511439</ele>
        <time>2021-07-07T15:08:12.208Z</time>
      </trkpt>
      <trkpt lat="53.747514" lon="10.648343">
        <ele>44.485482</ele>
        <time>2021-07-07T15:08:14.208Z</time>
      </trkpt>
      <trkpt lat="53.747610" lon="10.648237">
        <ele>44.459294</ele>
        <time>2021-07-07T15:08:16.207Z</time>
      </trkpt>
      <trkpt lat="53.747704" lon="10.648135">
        <ele>44.419458</ele>
        <time>2021-07-07T15:08:18.216Z</time>
      </trkpt>
      <trkpt lat="53.747797" lon="10.648031">
        <ele>44.368725</ele>
        <time>2021-07-07T15:08:20.207Z</time>
      </trkpt>
      <trkpt lat="53.747889" lon="10.647924">
        <ele>44.317919</ele>
        <time>2021-07-07T15:08:22.216Z</time>
      </trkpt>
      <trkpt lat="53.747985" lon="10.647824">
        <ele>44.266615</ele>
        <time>2021-07-07T15:08:24.211Z</time>
      </trkpt>
      <trkpt lat="53.748082" lon="10.647719">
        <ele>44.214210</ele>
        <time>2021-07-07T15:08:26.216Z</time>
      </trkpt>
      <trkpt lat="53.748176" lon="10.647618">
        <ele>44.163535</ele>
        <time>2021-07-07T15:08:28.212Z</time>
      </trkpt>
      <trkpt lat="53.748271" lon="10.647516">
        <ele>44.112332</ele>
        <time>2021-07-07T15:08:30.225Z</time>
      </trkpt>
      <trkpt lat="53.748360" lon="10.647431">
        <ele>44.065823</ele>
        <time>2021-07-07T15:08:32.199Z</time>
      </trkpt>
      <trkpt lat="53.748456" lon="10.647324">
        <ele>44.013507</ele>
        <time>2021-07-07T15:08:34.201Z</time>
      </trkpt>
      <trkpt lat="53.748556" lon="10.647217">
        <ele>43.959662</ele>
        <time>2021-07-07T15:08:36.204Z</time>
      </trkpt>
      <trkpt lat="53.748653" lon="10.647103">
        <ele>43.905914</ele>
        <time>2021-07-07T15:08:38.215Z</time>
      </trkpt>
      <trkpt lat="53.748749" lon="10.646988">
        <ele>43.852383</ele>
        <time>2021-07-07T15:08:40.225Z</time>
      </trkpt>
      <trkpt lat="53.748850" lon="10.646877">
        <ele>43.797574</ele>
        <time>2021-07-07T15:08:42.195Z</time>
      </trkpt>
      <trkpt lat="53.748952" lon="10.646771">
        <ele>43.743099</ele>
        <time>2021-07-07T15:08:44.210Z</time>
      </trkpt>
      <trkpt lat="53.749055" lon="10.646657">
        <ele>43.687087</ele>
        <time>2021-07-07T15:08:46.191Z</time>
      </trkpt>
      <trkpt lat="53.749158" lon="10.646548">
        <ele>43.631800</ele>
        <time>2021-07-07T15:08:48.205Z</time>
      </trkpt>
      <trkpt lat="53.749260" lon="10.646446">
        <ele>43.600997</ele>
        <time>2021-07-07T15:08:50.228Z</time>
      </trkpt>
      <trkpt lat="53.749361" lon="10.646349">
        <ele>43.571674</ele>
        <time>2021-07-07T15:08:52.215Z</time>
      </trkpt>
      <trkpt lat="53.749464" lon="10.646250">
        <ele>43.541765</ele>
        <time>2021-07-07T15:08:54.207Z</time>
      </trkpt>
      <trkpt lat="53.749572" lon="10.646169">
        <ele>43.511939</ele>
        <time>2021-07-07T15:08:56.208Z</time>
      </trkpt>
      <trkpt lat="53.749681" lon="10.646089">
        <ele>43.481941</ele>
        <time>2021-07-07T15:08:58.217Z</time>
      </trkpt>
      <trkpt lat="53.749792" lon="10.646015">
        <ele>43.451820</ele>
        <time>2021-07-07T15:09:00.202Z</time>
      </trkpt>
      <trkpt lat="53.749903" lon="10.645946">
        <ele>43.421964</ele>
        <time>2021-07-07T15:09:02.207Z</time>
      </trkpt>
      <trkpt lat="53.750011" lon="10.645877">
        <ele>43.392818</ele>
        <time>2021-07-07T15:09:04.209Z</time>
      </trkpt>
      <trkpt lat="53.750121" lon="10.645812">
        <ele>43.363402</ele>
        <time>2021-07-07T15:09:06.215Z</time>
      </trkpt>
      <trkpt lat="53.750230" lon="10.645752">
        <ele>43.334463</ele>
        <time>2021-07-07T15:09:08.211Z</time>
      </trkpt>
      <trkpt lat="53.750340" lon="10.645693">
        <ele>43.305329</ele>
        <time>2021-07-07T15:09:10.195Z</time>
      </trkpt>
      <trkpt lat="53.750451" lon="10.645637">
        <ele>43.276086</ele>
        <time>2021-07-07T15:09:12.203Z</time>
      </trkpt>
      <trkpt lat="53.750562" lon="10.645581">
        <ele>43.246844</ele>
        <time>2021-07-07T15:09:14.196Z</time>
      </trkpt>
      <trkpt lat="53.750679" lon="10.645529">
        <ele>43.216303</ele>
        <time>2021-07-07T15:09:16.198Z</time>
      </trkpt>
      <trkpt lat="53.750796" lon="10.645481">
        <ele>43.185909</ele>
        <time>2021-07-07T15:09:18.186Z</time>
      </trkpt>
      <trkpt lat="53.750910" lon="10.645435">
        <ele>43.186493</ele>
        <time>2021-07-07T15:09:20.199Z</time>
      </trkpt>
      <trkpt lat="53.751023" lon="10.645396">
        <ele>43.202641</ele>
        <time>2021-07-07T15:09:22.232Z</time>
      </trkpt>
      <trkpt lat="53.751136" lon="10.645356">
        <ele>43.218807</ele>
        <time>2021-07-07T15:09:24.199Z</time>
      </trkpt>
      <trkpt lat="53.751246" lon="10.645324">
        <ele>43.234436</ele>
        <time>2021-07-07T15:09:26.200Z</time>
      </trkpt>
      <trkpt lat="53.751355" lon="10.645295">
        <ele>43.249886</ele>
        <time>2021-07-07T15:09:28.194Z</time>
      </trkpt>
      <trkpt lat="53.751467" lon="10.645269">
        <ele>43.265715</ele>
        <time>2021-07-07T15:09:30.190Z</time>
      </trkpt>
      <trkpt lat="53.751582" lon="10.645256">
        <ele>43.281854</ele>
        <time>2021-07-07T15:09:32.201Z</time>
      </trkpt>
      <trkpt lat="53.751695" lon="10.645236">
        <ele>43.297763</ele>
        <time>2021-07-07T15:09:34.204Z</time>
      </trkpt>
      <trkpt lat="53.751802" lon="10.645224">
        <ele>43.312778</ele>
        <time>2021-07-07T15:09:36.194Z</time>
      </trkpt>
      <trkpt lat="53.751909" lon="10.645216">
        <ele>43.327775</ele>
        <time>2021-07-07T15:09:38.187Z</time>
      </trkpt>
      <trkpt lat="53.752012" lon="10.645223">
        <ele>43.342209</ele>
        <time>2021-07-07T15:09:40.188Z</time>
      </trkpt>
      <trkpt lat="53.752113" lon="10.645225">
        <ele>43.356353</ele>
        <time>2021-07-07T15:09:42.198Z</time>
      </trkpt>
      <trkpt lat="53.752222" lon="10.645232">
        <ele>43.371626</ele>
        <time>2021-07-07T15:09:44.206Z</time>
      </trkpt>
      <trkpt lat="53.752333" lon="10.645245">
        <ele>43.387206</ele>
        <time>2021-07-07T15:09:46.204Z</time>
      </trkpt>
      <trkpt lat="53.752440" lon="10.645262">
        <ele>43.402254</ele>
        <time>2021-07-07T15:09:48.196Z</time>
      </trkpt>
      <trkpt lat="53.752550" lon="10.645273">
        <ele>43.417684</ele>
        <time>2021-07-07T15:09:50.184Z</time>
      </trkpt>
      <trkpt lat="53.752659" lon="10.645272">
        <ele>43.420043</ele>
        <time>2021-07-07T15:09:52.182Z</time>
      </trkpt>
      <trkpt lat="53.752769" lon="10.645269">
        <ele>43.398409</ele>
        <time>2021-07-07T15:09:54.186Z</time>
      </trkpt>
      <trkpt lat="53.752884" lon="10.645272">
        <ele>43.375793</ele>
        <time>2021-07-07T15:09:56.201Z</time>
      </trkpt>
      <trkpt lat="53.753002" lon="10.645277">
        <ele>43.352581</ele>
        <time>2021-07-07T15:09:58.183Z</time>
      </trkpt>
      <trkpt lat="53.753116" lon="10.645293">
        <ele>43.330086</ele>
        <time>2021-07-07T15:10:00.190Z</time>
      </trkpt>
      <trkpt lat="53.753219" lon="10.645308">
        <ele>43.309757</ele>
        <time>2021-07-07T15:10:02.178Z</time>
      </trkpt>
      <trkpt lat="53.753330" lon="10.645311">
        <ele>43.287927</ele>
        <time>2021-07-07T15:10:04.200Z</time>
      </trkpt>
      <trkpt lat="53.753445" lon="10.645293">
        <ele>43.265216</ele>
        <time>2021-07-07T15:10:06.201Z</time>
      </trkpt>
      <trkpt lat="53.753567" lon="10.645275">
        <ele>43.241134</ele>
        <time>2021-07-07T15:10:08.194Z</time>
      </trkpt>
      <trkpt lat="53.753705" lon="10.645266">
        <ele>43.213977</ele>
        <time>2021-07-07T15:10:10.200Z</time>
      </trkpt>
      <trkpt lat="53.753843" lon="10.645262">
        <ele>43.186836</ele>
        <time>2021-07-07T15:10:12.207Z</time>
      </trkpt>
      <trkpt lat="53.753970" lon="10.645261">
        <ele>43.161861</ele>
        <time>2021-07-07T15:10:14.195Z</time>
      </trkpt>
      <trkpt lat="53.754100" lon="10.645256">
        <ele>43.136291</ele>
        <time>2021-07-07T15:10:16.199Z</time>
      </trkpt>
      <trkpt lat="53.754230" lon="10.645259">
        <ele>43.110725</ele>
        <time>2021-07-07T15:10:18.217Z</time>
      </trkpt>
      <trkpt lat="53.754356" lon="10.645260">
        <ele>43.085947</ele>
        <time>2021-07-07T15:10:20.202Z</time>
      </trkpt>
      <trkpt lat="53.754481" lon="10.645265">
        <ele>43.107642</ele>
        <time>2021-07-07T15:10:22.200Z</time>
      </trkpt>
      <trkpt lat="53.754605" lon="10.645266">
        <ele>43.173359</ele>
        <time>2021-07-07T15:10:24.212Z</time>
      </trkpt>
      <trkpt lat="53.754730" lon="10.645272">
        <ele>43.239632</ele>
        <time>2021-07-07T15:10:26.223Z</time>
      </trkpt>
      <trkpt lat="53.754849" lon="10.645274">
        <ele>43.302701</ele>
        <time>2021-07-07T15:10:28.194Z</time>
      </trkpt>
      <trkpt lat="53.754969" lon="10.645279">
        <ele>43.366316</ele>
        <time>2021-07-07T15:10:30.191Z</time>
      </trkpt>
      <trkpt lat="53.755085" lon="10.645282">
        <ele>43.427800</ele>
        <time>2021-07-07T15:10:32.188Z</time>
      </trkpt>
      <trkpt lat="53.755201" lon="10.645284">
        <ele>43.489279</ele>
        <time>2021-07-07T15:10:34.204Z</time>
      </trkpt>
      <trkpt lat="53.755318" lon="10.645287">
        <ele>43.551292</ele>
        <time>2021-07-07T15:10:36.199Z</time>
      </trkpt>
      <trkpt lat="53.755435" lon="10.645281">
        <ele>43.613327</ele>
        <time>2021-07-07T15:10:38.200Z</time>
      </trkpt>
      <trkpt lat="53.755550" lon="10.645272">
        <ele>43.674338</ele>
        <time>2021-07-07T15:10:40.199Z</time>
      </trkpt>
      <trkpt lat="53.755666" lon="10.645260">
        <ele>43.735929</ele>
        <time>2021-07-07T15:10:42.190Z</time>
      </trkpt>
      <trkpt lat="53.755778" lon="10.645248">
        <ele>43.795405</ele>
        <time>2021-07-07T15:10:44.207Z</time>
      </trkpt>
      <trkpt lat="53.755894" lon="10.645226">
        <ele>43.857266</ele>
        <time>2021-07-07T15:10:46.204Z</time>
      </trkpt>
      <trkpt lat="53.756013" lon="10.645202">
        <ele>43.920779</ele>
        <time>2021-07-07T15:10:48.212Z</time>
      </trkpt>
      <trkpt lat="53.756131" lon="10.645178">
        <ele>43.983766</ele>
        <time>2021-07-07T15:10:50.197Z</time>
      </trkpt>
      <trkpt lat="53.756248" lon="10.645146">
        <ele>44.031844</ele>
        <time>2021-07-07T15:10:52.194Z</time>
      </trkpt>
      <trkpt lat="53.756365" lon="10.645112">
        <ele>44.047149</ele>
        <time>2021-07-07T15:10:54.205Z</time>
      </trkpt>
      <trkpt lat="53.756481" lon="10.645075">
        <ele>44.062369</ele>
        <time>2021-07-07T15:10:56.187Z</time>
      </trkpt>
      <trkpt lat="53.756595" lon="10.645041">
        <ele>44.077293</ele>
        <time>2021-07-07T15:10:58.201Z</time>
      </trkpt>
      <trkpt lat="53.756717" lon="10.644992">
        <ele>44.093460</ele>
        <time>2021-07-07T15:11:00.209Z</time>
      </trkpt>
      <trkpt lat="53.756844" lon="10.644937">
        <ele>44.110362</ele>
        <time>2021-07-07T15:11:02.190Z</time>
      </trkpt>
      <trkpt lat="53.756956" lon="10.644888">
        <ele>44.125277</ele>
        <time>2021-07-07T15:11:04.201Z</time>
      </trkpt>
      <trkpt lat="53.757068" lon="10.644833">
        <ele>44.140314</ele>
        <time>2021-07-07T15:11:06.206Z</time>
      </trkpt>
      <trkpt lat="53.757179" lon="10.644771">
        <ele>44.155385</ele>
        <time>2021-07-07T15:11:08.192Z</time>
      </trkpt>
      <trkpt lat="53.757290" lon="10.644707">
        <ele>44.170505</ele>
        <time>2021-07-07T15:11:10.197Z</time>
      </trkpt>
      <trkpt lat="53.757400" lon="10.644637">
        <ele>44.185657</ele>
        <time>2021-07-07T15:11:12.214Z</time>
      </trkpt>
      <trkpt lat="53.757513" lon="10.644561">
        <ele>44.201336</ele>
        <time>2021-07-07T15:11:14.213Z</time>
      </trkpt>
      <trkpt lat="53.757622" lon="10.644484">
        <ele>44.216565</ele>
        <time>2021-07-07T15:11:16.203Z</time>
      </trkpt>
      <trkpt lat="53.757720" lon="10.644416">
        <ele>44.230222</ele>
        <time>2021-07-07T15:11:18.209Z</time>
      </trkpt>
      <trkpt lat="53.757817" lon="10.644352">
        <ele>44.243646</ele>
        <time>2021-07-07T15:11:20.204Z</time>
      </trkpt>
      <trkpt lat="53.757911" lon="10.644276">
        <ele>44.257079</ele>
        <time>2021-07-07T15:11:22.203Z</time>
      </trkpt>
      <trkpt lat="53.758010" lon="10.644185">
        <ele>44.239074</ele>
        <time>2021-07-07T15:11:24.211Z</time>
      </trkpt>
      <trkpt lat="53.758123" lon="10.644071">
        <ele>44.212245</ele>
        <time>2021-07-07T15:11:26.217Z</time>
      </trkpt>
      <trkpt lat="53.758231" lon="10.643955">
        <ele>44.186158</ele>
        <time>2021-07-07T15:11:28.217Z</time>
      </trkpt>
      <trkpt lat="53.758334" lon="10.643844">
        <ele>44.161255</ele>
        <time>2021-07-07T15:11:30.212Z</time>
      </trkpt>
      <trkpt lat="53.758431" lon="10.643730">
        <ele>44.137171</ele>
        <time>2021-07-07T15:11:32.206Z</time>
      </trkpt>
      <trkpt lat="53.758521" lon="10.643624">
        <ele>44.114808</ele>
        <time>2021-07-07T15:11:34.209Z</time>
      </trkpt>
      <trkpt lat="53.758609" lon="10.643520">
        <ele>44.092918</ele>
        <time>2021-07-07T15:11:36.222Z</time>
      </trkpt>
      <trkpt lat="53.758709" lon="10.643393">
        <ele>44.067420</ele>
        <time>2021-07-07T15:11:38.201Z</time>
      </trkpt>
      <trkpt lat="53.758805" lon="10.643277">
        <ele>44.043363</ele>
        <time>2021-07-07T15:11:40.216Z</time>
      </trkpt>
      <trkpt lat="53.758901" lon="10.643156">
        <ele>44.018951</ele>
        <time>2021-07-07T15:11:42.214Z</time>
      </trkpt>
      <trkpt lat="53.758996" lon="10.643041">
        <ele>43.995130</ele>
        <time>2021-07-07T15:11:44.206Z</time>
      </trkpt>
      <trkpt lat="53.759098" lon="10.642918">
        <ele>43.969587</ele>
        <time>2021-07-07T15:11:46.198Z</time>
      </trkpt>
      <trkpt lat="53.759195" lon="10.642796">
        <ele>43.944940</ele>
        <time>2021-07-07T15:11:48.225Z</time>
      </trkpt>
      <trkpt lat="53.759291" lon="10.642682">
        <ele>43.921022</ele>
        <time>2021-07-07T15:11:50.209Z</time>
      </trkpt>
      <trkpt lat="53.759385" lon="10.642570">
        <ele>43.897577</ele>
        <time>2021-07-07T15:11:52.209Z</time>
      </trkpt>
      <trkpt lat="53.759480" lon="10.642453">
        <ele>43.894542</ele>
        <time>2021-07-07T15:11:54.214Z</time>
      </trkpt>
      <trkpt lat="53.759572" lon="10.642337">
        <ele>43.897428</ele>
        <time>2021-07-07T15:11:56.219Z</time>
      </trkpt>
      <trkpt lat="53.759661" lon="10.642216">
        <ele>43.900300</ele>
        <time>2021-07-07T15:11:58.189Z</time>
      </trkpt>
      <trkpt lat="53.759754" lon="10.642099">
        <ele>43.903215</ele>
        <time>2021-07-07T15:12:00.212Z</time>
      </trkpt>
      <trkpt lat="53.759844" lon="10.641985">
        <ele>43.906043</ele>
        <time>2021-07-07T15:12:02.201Z</time>
      </trkpt>
      <trkpt lat="53.759938" lon="10.641867">
        <ele>43.908987</ele>
        <time>2021-07-07T15:12:04.214Z</time>
      </trkpt>
      <trkpt lat="53.760034" lon="10.641748">
        <ele>43.911980</ele>
        <time>2021-07-07T15:12:06.204Z</time>
      </trkpt>
      <trkpt lat="53.760129" lon="10.641630">
        <ele>43.914945</ele>
        <time>2021-07-07T15:12:08.208Z</time>
      </trkpt>
      <trkpt lat="53.760225" lon="10.641513">
        <ele>43.917921</ele>
        <time>2021-07-07T15:12:10.203Z</time>
      </trkpt>
      <trkpt lat="53.760323" lon="10.641398">
        <ele>43.920920</ele>
        <time>2021-07-07T15:12:12.214Z</time>
      </trkpt>
      <trkpt lat="53.760420" lon="10.641279">
        <ele>43.923934</ele>
        <time>2021-07-07T15:12:14.206Z</time>
      </trkpt>
      <trkpt lat="53.760515" lon="10.641162">
        <ele>43.926890</ele>
        <time>2021-07-07T15:12:16.199Z</time>
      </trkpt>
      <trkpt lat="53.760610" lon="10.641047">
        <ele>43.929828</ele>
        <time>2021-07-07T15:12:18.197Z</time>
      </trkpt>
      <trkpt lat="53.760706" lon="10.640940">
        <ele>43.932719</ele>
        <time>2021-07-07T15:12:20.196Z</time>
      </trkpt>
      <trkpt lat="53.760808" lon="10.640839">
        <ele>43.935692</ele>
        <time>2021-07-07T15:12:22.200Z</time>
      </trkpt>
      <trkpt lat="53.760912" lon="10.640739">
        <ele>43.916743</ele>
        <time>2021-07-07T15:12:24.205Z</time>
      </trkpt>
      <trkpt lat="53.761018" lon="10.640650">
        <ele>43.866087</ele>
        <time>2021-07-07T15:12:26.207Z</time>
      </trkpt>
      <trkpt lat="53.761126" lon="10.640560">
        <ele>43.814552</ele>
        <time>2021-07-07T15:12:28.214Z</time>
      </trkpt>
      <trkpt lat="53.761233" lon="10.640482">
        <ele>43.764678</ele>
        <time>2021-07-07T15:12:30.212Z</time>
      </trkpt>
      <trkpt lat="53.761335" lon="10.640408">
        <ele>43.717170</ele>
        <time>2021-07-07T15:12:32.206Z</time>
      </trkpt>
      <trkpt lat="53.761436" lon="10.640342">
        <ele>43.670823</ele>
        <time>2021-07-07T15:12:34.211Z</time>
      </trkpt>
      <trkpt lat="53.761535" lon="10.640279">
        <ele>43.625546</ele>
        <time>2021-07-07T15:12:36.215Z</time>
      </trkpt>
      <trkpt lat="53.761631" lon="10.640218">
        <ele>43.581649</ele>
        <time>2021-07-07T15:12:38.209Z</time>
      </trkpt>
      <trkpt lat="53.761717" lon="10.640162">
        <ele>43.542204</ele>
        <time>2021-07-07T15:12:40.219Z</time>
      </trkpt>
      <trkpt lat="53.761810" lon="10.640105">
        <ele>43.499862</ele>
        <time>2021-07-07T15:12:43.195Z</time>
      </trkpt>
      <trkpt lat="53.761893" lon="10.640041">
        <ele>43.460816</ele>
        <time>2021-07-07T15:12:48.213Z</time>
      </trkpt>
      <trkpt lat="53.761860" lon="10.639873">
        <ele>43.416020</ele>
        <time>2021-07-07T15:12:55.204Z</time>
      </trkpt>
      <trkpt lat="53.761609" lon="10.639523">
        <ele>43.276781</ele>
        <time>2021-07-07T15:13:34.185Z</time>
      </trkpt>
      <trkpt lat="53.761533" lon="10.639387">
        <ele>43.229424</ele>
        <time>2021-07-07T15:13:41.198Z</time>
      </trkpt>
      <trkpt lat="53.761485" lon="10.639228">
        <ele>43.184247</ele>
        <time>2021-07-07T15:13:49.211Z</time>
      </trkpt>
      <trkpt lat="53.761446" lon="10.639070">
        <ele>43.410016</ele>
        <time>2021-07-07T15:13:52.219Z</time>
      </trkpt>
      <trkpt lat="53.761407" lon="10.638919">
        <ele>43.789487</ele>
        <time>2021-07-07T15:13:55.204Z</time>
      </trkpt>
      <trkpt lat="53.761360" lon="10.638770">
        <ele>44.178406</ele>
        <time>2021-07-07T15:13:58.229Z</time>
      </trkpt>
      <trkpt lat="53.761326" lon="10.638598">
        <ele>44.596056</ele>
        <time>2021-07-07T15:14:01.214Z</time>
      </trkpt>
      <trkpt lat="53.761297" lon="10.638447">
        <ele>44.961679</ele>
        <time>2021-07-07T15:14:04.210Z</time>
      </trkpt>
      <trkpt lat="53.761270" lon="10.638295">
        <ele>45.327175</ele>
        <time>2021-07-07T15:14:07.205Z</time>
      </trkpt>
      <trkpt lat="53.761255" lon="10.638113">
        <ele>45.750351</ele>
        <time>2021-07-07T15:14:11.216Z</time>
      </trkpt>
      <trkpt lat="53.761253" lon="10.637949">
        <ele>46.128101</ele>
        <time>2021-07-07T15:14:15.220Z</time>
      </trkpt>
      <trkpt lat="53.761252" lon="10.637766">
        <ele>46.549543</ele>
        <time>2021-07-07T15:14:19.217Z</time>
      </trkpt>
      <trkpt lat="53.761256" lon="10.637613">
        <ele>46.902226</ele>
        <time>2021-07-07T15:14:22.209Z</time>
      </trkpt>
      <trkpt lat="53.761261" lon="10.637447">
        <ele>47.284997</ele>
        <time>2021-07-07T15:14:25.215Z</time>
      </trkpt>
      <trkpt lat="53.761266" lon="10.637280">
        <ele>47.670068</ele>
        <time>2021-07-07T15:14:28.204Z</time>
      </trkpt>
      <trkpt lat="53.761270" lon="10.637111">
        <ele>48.059564</ele>
        <time>2021-07-07T15:14:31.225Z</time>
      </trkpt>
      <trkpt lat="53.761279" lon="10.636949">
        <ele>48.434272</ele>
        <time>2021-07-07T15:14:34.211Z</time>
      </trkpt>
      <trkpt lat="53.761284" lon="10.636781">
        <ele>48.821643</ele>
        <time>2021-07-07T15:14:37.219Z</time>
      </trkpt>
      <trkpt lat="53.761288" lon="10.636621">
        <ele>49.190431</ele>
        <time>2021-07-07T15:14:40.211Z</time>
      </trkpt>
      <trkpt lat="53.761295" lon="10.636440">
        <ele>49.608140</ele>
        <time>2021-07-07T15:14:44.212Z</time>
      </trkpt>
      <trkpt lat="53.761322" lon="10.636037">
        <ele>50.460306</ele>
        <time>2021-07-07T15:15:22.218Z</time>
      </trkpt>
      <trkpt lat="53.761326" lon="10.635874">
        <ele>50.752423</ele>
        <time>2021-07-07T15:15:25.192Z</time>
      </trkpt>
      <trkpt lat="53.761330" lon="10.635710">
        <ele>51.046329</ele>
        <time>2021-07-07T15:15:28.217Z</time>
      </trkpt>
      <trkpt lat="53.761332" lon="10.635546">
        <ele>51.340047</ele>
        <time>2021-07-07T15:15:31.192Z</time>
      </trkpt>
      <trkpt lat="53.761330" lon="10.635385">
        <ele>51.628395</ele>
        <time>2021-07-07T15:15:34.195Z</time>
      </trkpt>
      <trkpt lat="53.761331" lon="10.635215">
        <ele>51.932810</ele>
        <time>2021-07-07T15:15:37.189Z</time>
      </trkpt>
      <trkpt lat="53.761332" lon="10.635041">
        <ele>52.244387</ele>
        <time>2021-07-07T15:15:40.213Z</time>
      </trkpt>
      <trkpt lat="53.761338" lon="10.634866">
        <ele>52.558266</ele>
        <time>2021-07-07T15:15:43.189Z</time>
      </trkpt>
      <trkpt lat="53.761336" lon="10.634679">
        <ele>52.893160</ele>
        <time>2021-07-07T15:15:46.220Z</time>
      </trkpt>
      <trkpt lat="53.761311" lon="10.634497">
        <ele>53.227729</ele>
        <time>2021-07-07T15:15:49.210Z</time>
      </trkpt>
      <trkpt lat="53.761275" lon="10.634328">
        <ele>53.549385</ele>
        <time>2021-07-07T15:15:52.208Z</time>
      </trkpt>
      <trkpt lat="53.761253" lon="10.634157">
        <ele>53.862744</ele>
        <time>2021-07-07T15:15:55.216Z</time>
      </trkpt>
      <trkpt lat="53.761231" lon="10.633963">
        <ele>54.216452</ele>
        <time>2021-07-07T15:15:58.217Z</time>
      </trkpt>
      <trkpt lat="53.761211" lon="10.633769">
        <ele>54.569069</ele>
        <time>2021-07-07T15:16:01.207Z</time>
      </trkpt>
      <trkpt lat="53.761189" lon="10.633569">
        <ele>54.933335</ele>
        <time>2021-07-07T15:16:04.200Z</time>
      </trkpt>
      <trkpt lat="53.761168" lon="10.633368">
        <ele>55.298822</ele>
        <time>2021-07-07T15:16:07.192Z</time>
      </trkpt>
      <trkpt lat="53.761151" lon="10.633169">
        <ele>55.628478</ele>
        <time>2021-07-07T15:16:10.210Z</time>
      </trkpt>
      <trkpt lat="53.761131" lon="10.632958">
        <ele>55.692707</ele>
        <time>2021-07-07T15:16:13.218Z</time>
      </trkpt>
      <trkpt lat="53.761110" lon="10.632737">
        <ele>55.759984</ele>
        <time>2021-07-07T15:16:16.212Z</time>
      </trkpt>
      <trkpt lat="53.761088" lon="10.632517">
        <ele>55.827048</ele>
        <time>2021-07-07T15:16:19.208Z</time>
      </trkpt>
      <trkpt lat="53.761067" lon="10.632306">
        <ele>55.891359</ele>
        <time>2021-07-07T15:16:22.212Z</time>
      </trkpt>
      <trkpt lat="53.761048" lon="10.632082">
        <ele>55.959375</ele>
        <time>2021-07-07T15:16:25.204Z</time>
      </trkpt>
      <trkpt lat="53.761023" lon="10.631863">
        <ele>56.026415</ele>
        <time>2021-07-07T15:16:28.215Z</time>
      </trkpt>
      <trkpt lat="53.761002" lon="10.631644">
        <ele>56.093099</ele>
        <time>2021-07-07T15:16:31.203Z</time>
      </trkpt>
      <trkpt lat="53.760981" lon="10.631423">
        <ele>56.160376</ele>
        <time>2021-07-07T15:16:34.203Z</time>
      </trkpt>
      <trkpt lat="53.760959" lon="10.631208">
        <ele>56.225958</ele>
        <time>2021-07-07T15:16:37.215Z</time>
      </trkpt>
      <trkpt lat="53.760937" lon="10.630991">
        <ele>56.292133</ele>
        <time>2021-07-07T15:16:40.219Z</time>
      </trkpt>
      <trkpt lat="53.760917" lon="10.630776">
        <ele>56.357550</ele>
        <time>2021-07-07T15:16:43.210Z</time>
      </trkpt>
      <trkpt lat="53.760902" lon="10.630624">
        <ele>56.403868</ele>
        <time>2021-07-07T15:16:45.202Z</time>
      </trkpt>
      <trkpt lat="53.760879" lon="10.630401">
        <ele>56.471907</ele>
        <time>2021-07-07T15:16:48.213Z</time>
      </trkpt>
      <trkpt lat="53.760866" lon="10.630250">
        <ele>56.517771</ele>
        <time>2021-07-07T15:16:50.204Z</time>
      </trkpt>
      <trkpt lat="53.760841" lon="10.630028">
        <ele>56.535924</ele>
        <time>2021-07-07T15:16:53.203Z</time>
      </trkpt>
      <trkpt lat="53.760819" lon="10.629809">
        <ele>56.534663</ele>
        <time>2021-07-07T15:16:56.213Z</time>
      </trkpt>
      <trkpt lat="53.760797" lon="10.629589">
        <ele>56.533396</ele>
        <time>2021-07-07T15:16:59.204Z</time>
      </trkpt>
      <trkpt lat="53.760784" lon="10.629435">
        <ele>56.532512</ele>
        <time>2021-07-07T15:17:01.219Z</time>
      </trkpt>
      <trkpt lat="53.760768" lon="10.629277">
        <ele>56.531602</ele>
        <time>2021-07-07T15:17:03.205Z</time>
      </trkpt>
      <trkpt lat="53.760754" lon="10.629123">
        <ele>56.530717</ele>
        <time>2021-07-07T15:17:05.213Z</time>
      </trkpt>
      <trkpt lat="53.760738" lon="10.628965">
        <ele>56.529807</ele>
        <time>2021-07-07T15:17:07.199Z</time>
      </trkpt>
      <trkpt lat="53.760725" lon="10.628811">
        <ele>56.528924</ele>
        <time>2021-07-07T15:17:09.212Z</time>
      </trkpt>
      <trkpt lat="53.760711" lon="10.628657">
        <ele>56.528039</ele>
        <time>2021-07-07T15:17:11.217Z</time>
      </trkpt>
      <trkpt lat="53.760692" lon="10.628435">
        <ele>56.526765</ele>
        <time>2021-07-07T15:17:14.215Z</time>
      </trkpt>
      <trkpt lat="53.760670" lon="10.628230">
        <ele>56.525582</ele>
        <time>2021-07-07T15:17:17.211Z</time>
      </trkpt>
      <trkpt lat="53.760662" lon="10.628059">
        <ele>56.524608</ele>
        <time>2021-07-07T15:17:20.212Z</time>
      </trkpt>
      <trkpt lat="53.760642" lon="10.627901">
        <ele>56.523691</ele>
        <time>2021-07-07T15:17:23.231Z</time>
      </trkpt>
      <trkpt lat="53.760590" lon="10.627767">
        <ele>56.522781</ele>
        <time>2021-07-07T15:17:29.212Z</time>
      </trkpt>
      <trkpt lat="53.760477" lon="10.627719">
        <ele>56.521662</ele>
        <time>2021-07-07T15:17:34.212Z</time>
      </trkpt>
      <trkpt lat="53.760376" lon="10.627753">
        <ele>56.520672</ele>
        <time>2021-07-07T15:17:37.217Z</time>
      </trkpt>
      <trkpt lat="53.760269" lon="10.627800">
        <ele>56.519611</ele>
        <time>2021-07-07T15:17:40.210Z</time>
      </trkpt>
      <trkpt lat="53.760153" lon="10.627838">
        <ele>56.522421</ele>
        <time>2021-07-07T15:17:43.190Z</time>
      </trkpt>
      <trkpt lat="53.760031" lon="10.627881">
        <ele>56.525537</ele>
        <time>2021-07-07T15:17:46.211Z</time>
      </trkpt>
      <trkpt lat="53.759912" lon="10.627923">
        <ele>56.528577</ele>
        <time>2021-07-07T15:17:49.229Z</time>
      </trkpt>
      <trkpt lat="53.759784" lon="10.627974">
        <ele>56.531865</ele>
        <time>2021-07-07T15:17:52.216Z</time>
      </trkpt>
      <trkpt lat="53.759695" lon="10.628014">
        <ele>56.534168</ele>
        <time>2021-07-07T15:17:54.208Z</time>
      </trkpt>
      <trkpt lat="53.759572" lon="10.628065">
        <ele>56.537335</ele>
        <time>2021-07-07T15:17:57.199Z</time>
      </trkpt>
      <trkpt lat="53.759440" lon="10.628113">
        <ele>56.540711</ele>
        <time>2021-07-07T15:18:00.210Z</time>
      </trkpt>
      <trkpt lat="53.759352" lon="10.628150">
        <ele>56.542979</ele>
        <time>2021-07-07T15:18:02.209Z</time>
      </trkpt>
      <trkpt lat="53.759235" lon="10.628204">
        <ele>56.546011</ele>
        <time>2021-07-07T15:18:05.203Z</time>
      </trkpt>
      <trkpt lat="53.759129" lon="10.628254">
        <ele>56.548763</ele>
        <time>2021-07-07T15:18:08.198Z</time>
      </trkpt>
      <trkpt lat="53.759026" lon="10.628278">
        <ele>56.551363</ele>
        <time>2021-07-07T15:18:11.214Z</time>
      </trkpt>
      <trkpt lat="53.758926" lon="10.628189">
        <ele>56.554189</ele>
        <time>2021-07-07T15:18:14.210Z</time>
      </trkpt>
      <trkpt lat="53.758897" lon="10.628042">
        <ele>56.556480</ele>
        <time>2021-07-07T15:18:16.207Z</time>
      </trkpt>
      <trkpt lat="53.758873" lon="10.627889">
        <ele>56.558820</ele>
        <time>2021-07-07T15:18:18.213Z</time>
      </trkpt>
      <trkpt lat="53.758857" lon="10.627737">
        <ele>56.561102</ele>
        <time>2021-07-07T15:18:20.217Z</time>
      </trkpt>
      <trkpt lat="53.758829" lon="10.627576">
        <ele>56.563583</ele>
        <time>2021-07-07T15:18:22.205Z</time>
      </trkpt>
      <trkpt lat="53.758795" lon="10.627413">
        <ele>56.613745</ele>
        <time>2021-07-07T15:18:24.206Z</time>
      </trkpt>
      <trkpt lat="53.758758" lon="10.627246">
        <ele>56.695303</ele>
        <time>2021-07-07T15:18:26.217Z</time>
      </trkpt>
      <trkpt lat="53.758710" lon="10.627075">
        <ele>56.781870</ele>
        <time>2021-07-07T15:18:28.196Z</time>
      </trkpt>
      <trkpt lat="53.758650" lon="10.626913">
        <ele>56.869292</ele>
        <time>2021-07-07T15:18:30.207Z</time>
      </trkpt>
      <trkpt lat="53.758590" lon="10.626754">
        <ele>56.955555</ele>
        <time>2021-07-07T15:18:32.202Z</time>
      </trkpt>
      <trkpt lat="53.758530" lon="10.626599">
        <ele>57.040282</ele>
        <time>2021-07-07T15:18:34.195Z</time>
      </trkpt>
      <trkpt lat="53.758467" lon="10.626450">
        <ele>57.124055</ele>
        <time>2021-07-07T15:18:36.208Z</time>
      </trkpt>
      <trkpt lat="53.758408" lon="10.626299">
        <ele>57.206829</ele>
        <time>2021-07-07T15:18:38.192Z</time>
      </trkpt>
      <trkpt lat="53.758350" lon="10.626153">
        <ele>57.287271</ele>
        <time>2021-07-07T15:18:40.194Z</time>
      </trkpt>
      <trkpt lat="53.758294" lon="10.626014">
        <ele>57.364194</ele>
        <time>2021-07-07T15:18:42.213Z</time>
      </trkpt>
      <trkpt lat="53.758238" lon="10.625874">
        <ele>57.441496</ele>
        <time>2021-07-07T15:18:44.191Z</time>
      </trkpt>
      <trkpt lat="53.758189" lon="10.625741">
        <ele>57.513163</ele>
        <time>2021-07-07T15:18:46.217Z</time>
      </trkpt>
      <trkpt lat="53.758133" lon="10.625614">
        <ele>57.585618</ele>
        <time>2021-07-07T15:18:48.207Z</time>
      </trkpt>
      <trkpt lat="53.758065" lon="10.625452">
        <ele>57.676478</ele>
        <time>2021-07-07T15:18:51.223Z</time>
      </trkpt>
      <trkpt lat="53.758011" lon="10.625297">
        <ele>57.758755</ele>
        <time>2021-07-07T15:18:54.202Z</time>
      </trkpt>
      <trkpt lat="53.757952" lon="10.625155">
        <ele>57.838127</ele>
        <time>2021-07-07T15:18:57.190Z</time>
      </trkpt>
      <trkpt lat="53.757893" lon="10.625016">
        <ele>57.916382</ele>
        <time>2021-07-07T15:19:00.218Z</time>
      </trkpt>
      <trkpt lat="53.757819" lon="10.624839">
        <ele>57.940096</ele>
        <time>2021-07-07T15:19:03.217Z</time>
      </trkpt>
      <trkpt lat="53.757765" lon="10.624716">
        <ele>57.921550</ele>
        <time>2021-07-07T15:19:05.209Z</time>
      </trkpt>
      <trkpt lat="53.757708" lon="10.624590">
        <ele>57.902344</ele>
        <time>2021-07-07T15:19:07.208Z</time>
      </trkpt>
      <trkpt lat="53.757654" lon="10.624461">
        <ele>57.883209</ele>
        <time>2021-07-07T15:19:09.210Z</time>
      </trkpt>
      <trkpt lat="53.757601" lon="10.624331">
        <ele>57.864093</ele>
        <time>2021-07-07T15:19:11.207Z</time>
      </trkpt>
      <trkpt lat="53.757530" lon="10.624156">
        <ele>57.838399</ele>
        <time>2021-07-07T15:19:14.219Z</time>
      </trkpt>
      <trkpt lat="53.757471" lon="10.624017">
        <ele>57.817685</ele>
        <time>2021-07-07T15:19:22.216Z</time>
      </trkpt>
      <trkpt lat="53.757405" lon="10.623894">
        <ele>57.797576</ele>
        <time>2021-07-07T15:19:26.212Z</time>
      </trkpt>
      <trkpt lat="53.757314" lon="10.623799">
        <ele>57.775680</ele>
        <time>2021-07-07T15:19:29.206Z</time>
      </trkpt>
      <trkpt lat="53.757205" lon="10.623881">
        <ele>57.751253</ele>
        <time>2021-07-07T15:19:32.218Z</time>
      </trkpt>
      <trkpt lat="53.757132" lon="10.623975">
        <ele>57.732466</ele>
        <time>2021-07-07T15:19:34.217Z</time>
      </trkpt>
      <trkpt lat="53.757058" lon="10.624084">
        <ele>57.712374</ele>
        <time>2021-07-07T15:19:36.202Z</time>
      </trkpt>
      <trkpt lat="53.756980" lon="10.624187">
        <ele>57.692111</ele>
        <time>2021-07-07T15:19:38.200Z</time>
      </trkpt>
      <trkpt lat="53.756902" lon="10.624293">
        <ele>57.671624</ele>
        <time>2021-07-07T15:19:40.203Z</time>
      </trkpt>
      <trkpt lat="53.756824" lon="10.624396">
        <ele>57.651361</ele>
        <time>2021-07-07T15:19:42.207Z</time>
      </trkpt>
      <trkpt lat="53.756743" lon="10.624503">
        <ele>57.630317</ele>
        <time>2021-07-07T15:19:44.224Z</time>
      </trkpt>
      <trkpt lat="53.756658" lon="10.624611">
        <ele>57.608548</ele>
        <time>2021-07-07T15:19:46.202Z</time>
      </trkpt>
      <trkpt lat="53.756569" lon="10.624714">
        <ele>57.585013</ele>
        <time>2021-07-07T15:19:48.207Z</time>
      </trkpt>
      <trkpt lat="53.756479" lon="10.624808">
        <ele>57.535277</ele>
        <time>2021-07-07T15:19:50.194Z</time>
      </trkpt>
      <trkpt lat="53.756387" lon="10.624896">
        <ele>57.485580</ele>
        <time>2021-07-07T15:19:52.222Z</time>
      </trkpt>
      <trkpt lat="53.756296" lon="10.624979">
        <ele>57.436967</ele>
        <time>2021-07-07T15:19:54.211Z</time>
      </trkpt>
      <trkpt lat="53.756203" lon="10.625055">
        <ele>57.388402</ele>
        <time>2021-07-07T15:19:56.216Z</time>
      </trkpt>
      <trkpt lat="53.756105" lon="10.625142">
        <ele>57.336361</ele>
        <time>2021-07-07T15:19:58.197Z</time>
      </trkpt>
      <trkpt lat="53.756010" lon="10.625226">
        <ele>57.285956</ele>
        <time>2021-07-07T15:20:00.202Z</time>
      </trkpt>
      <trkpt lat="53.755919" lon="10.625283">
        <ele>57.240328</ele>
        <time>2021-07-07T15:20:02.211Z</time>
      </trkpt>
      <trkpt lat="53.755827" lon="10.625326">
        <ele>57.195448</ele>
        <time>2021-07-07T15:20:04.210Z</time>
      </trkpt>
      <trkpt lat="53.755732" lon="10.625358">
        <ele>57.149902</ele>
        <time>2021-07-07T15:20:06.196Z</time>
      </trkpt>
      <trkpt lat="53.755633" lon="10.625385">
        <ele>57.102751</ele>
        <time>2021-07-07T15:20:08.203Z</time>
      </trkpt>
      <trkpt lat="53.755540" lon="10.625416">
        <ele>57.058181</ele>
        <time>2021-07-07T15:20:10.207Z</time>
      </trkpt>
      <trkpt lat="53.755418" lon="10.625468">
        <ele>56.999023</ele>
        <time>2021-07-07T15:20:13.197Z</time>
      </trkpt>
      <trkpt lat="53.755313" lon="10.625543">
        <ele>56.945430</ele>
        <time>2021-07-07T15:20:16.196Z</time>
      </trkpt>
      <trkpt lat="53.755203" lon="10.625641">
        <ele>56.886971</ele>
        <time>2021-07-07T15:20:19.189Z</time>
      </trkpt>
      <trkpt lat="53.755126" lon="10.625730">
        <ele>56.843119</ele>
        <time>2021-07-07T15:20:21.206Z</time>
      </trkpt>
      <trkpt lat="53.755047" lon="10.625830">
        <ele>56.796722</ele>
        <time>2021-07-07T15:20:23.191Z</time>
      </trkpt>
      <trkpt lat="53.754969" lon="10.625935">
        <ele>56.749848</ele>
        <time>2021-07-07T15:20:25.221Z</time>
      </trkpt>
      <trkpt lat="53.754897" lon="10.626038">
        <ele>56.717724</ele>
        <time>2021-07-07T15:20:27.197Z</time>
      </trkpt>
      <trkpt lat="53.754824" lon="10.626147">
        <ele>56.687323</ele>
        <time>2021-07-07T15:20:29.209Z</time>
      </trkpt>
      <trkpt lat="53.754753" lon="10.626251">
        <ele>56.657999</ele>
        <time>2021-07-07T15:20:31.205Z</time>
      </trkpt>
      <trkpt lat="53.754679" lon="10.626360">
        <ele>56.627362</ele>
        <time>2021-07-07T15:20:33.197Z</time>
      </trkpt>
      <trkpt lat="53.754583" lon="10.626496">
        <ele>56.588266</ele>
        <time>2021-07-07T15:20:36.201Z</time>
      </trkpt>
      <trkpt lat="53.754493" lon="10.626626">
        <ele>56.551315</ele>
        <time>2021-07-07T15:20:39.201Z</time>
      </trkpt>
      <trkpt lat="53.754368" lon="10.626708">
        <ele>56.509457</ele>
        <time>2021-07-07T15:20:42.195Z</time>
      </trkpt>
      <trkpt lat="53.754273" lon="10.626696">
        <ele>56.479715</ele>
        <time>2021-07-07T15:20:44.222Z</time>
      </trkpt>
      <trkpt lat="53.754176" lon="10.626681">
        <ele>56.449305</ele>
        <time>2021-07-07T15:20:46.198Z</time>
      </trkpt>
      <trkpt lat="53.754075" lon="10.626664">
        <ele>56.417616</ele>
        <time>2021-07-07T15:20:48.209Z</time>
      </trkpt>
      <trkpt lat="53.753977" lon="10.626643">
        <ele>56.386775</ele>
        <time>2021-07-07T15:20:50.193Z</time>
      </trkpt>
      <trkpt lat="53.753877" lon="10.626620">
        <ele>56.355267</ele>
        <time>2021-07-07T15:20:52.201Z</time>
      </trkpt>
      <trkpt lat="53.753787" lon="10.626597">
        <ele>56.326850</ele>
        <time>2021-07-07T15:20:54.216Z</time>
      </trkpt>
      <trkpt lat="53.753653" lon="10.626548">
        <ele>56.284048</ele>
        <time>2021-07-07T15:20:57.207Z</time>
      </trkpt>
      <trkpt lat="53.753547" lon="10.626524">
        <ele>56.250659</ele>
        <time>2021-07-07T15:20:59.209Z</time>
      </trkpt>
      <trkpt lat="53.753441" lon="10.626497">
        <ele>56.217192</ele>
        <time>2021-07-07T15:21:01.192Z</time>
      </trkpt>
      <trkpt lat="53.753346" lon="10.626483">
        <ele>56.187420</ele>
        <time>2021-07-07T15:21:03.199Z</time>
      </trkpt>
      <trkpt lat="53.753248" lon="10.626461">
        <ele>56.180085</ele>
        <time>2021-07-07T15:21:05.194Z</time>
      </trkpt>
      <trkpt lat="53.753149" lon="10.626435">
        <ele>56.179779</ele>
        <time>2021-07-07T15:21:07.197Z</time>
      </trkpt>
      <trkpt lat="53.753059" lon="10.626414">
        <ele>56.179502</ele>
        <time>2021-07-07T15:21:09.218Z</time>
      </trkpt>
      <trkpt lat="53.752964" lon="10.626401">
        <ele>56.179210</ele>
        <time>2021-07-07T15:21:11.196Z</time>
      </trkpt>
      <trkpt lat="53.752867" lon="10.626397">
        <ele>56.178914</ele>
        <time>2021-07-07T15:21:13.200Z</time>
      </trkpt>
      <trkpt lat="53.752746" lon="10.626378">
        <ele>56.178543</ele>
        <time>2021-07-07T15:21:16.199Z</time>
      </trkpt>
      <trkpt lat="53.752653" lon="10.626355">
        <ele>56.178256</ele>
        <time>2021-07-07T15:21:19.213Z</time>
      </trkpt>
      <trkpt lat="53.752490" lon="10.626699">
        <ele>56.177460</ele>
        <time>2021-07-07T15:22:01.208Z</time>
      </trkpt>
      <trkpt lat="53.752399" lon="10.626822">
        <ele>56.177104</ele>
        <time>2021-07-07T15:22:05.205Z</time>
      </trkpt>
      <trkpt lat="53.752286" lon="10.626805">
        <ele>56.176757</ele>
        <time>2021-07-07T15:22:08.207Z</time>
      </trkpt>
      <trkpt lat="53.752168" lon="10.626778">
        <ele>56.176394</ele>
        <time>2021-07-07T15:22:11.190Z</time>
      </trkpt>
      <trkpt lat="53.752047" lon="10.626756">
        <ele>56.176022</ele>
        <time>2021-07-07T15:22:14.204Z</time>
      </trkpt>
      <trkpt lat="53.751932" lon="10.626723">
        <ele>56.175666</ele>
        <time>2021-07-07T15:22:17.200Z</time>
      </trkpt>
      <trkpt lat="53.751828" lon="10.626723">
        <ele>56.175348</ele>
        <time>2021-07-07T15:22:20.203Z</time>
      </trkpt>
      <trkpt lat="53.751738" lon="10.626827">
        <ele>56.175015</ele>
        <time>2021-07-07T15:22:23.203Z</time>
      </trkpt>
      <trkpt lat="53.751652" lon="10.626941">
        <ele>56.158267</ele>
        <time>2021-07-07T15:22:26.201Z</time>
      </trkpt>
      <trkpt lat="53.751562" lon="10.627033">
        <ele>56.120929</ele>
        <time>2021-07-07T15:22:29.200Z</time>
      </trkpt>
      <trkpt lat="53.751475" lon="10.627076">
        <ele>56.088747</ele>
        <time>2021-07-07T15:22:31.212Z</time>
      </trkpt>
      <trkpt lat="53.751359" lon="10.627132">
        <ele>56.045916</ele>
        <time>2021-07-07T15:22:34.212Z</time>
      </trkpt>
      <trkpt lat="53.751274" lon="10.627204">
        <ele>56.012162</ele>
        <time>2021-07-07T15:22:37.196Z</time>
      </trkpt>
      <trkpt lat="53.751172" lon="10.627273">
        <ele>55.973157</ele>
        <time>2021-07-07T15:22:41.201Z</time>
      </trkpt>
      <trkpt lat="53.751050" lon="10.627286">
        <ele>55.929755</ele>
        <time>2021-07-07T15:22:44.200Z</time>
      </trkpt>
      <trkpt lat="53.750960" lon="10.627317">
        <ele>55.897144</ele>
        <time>2021-07-07T15:22:46.198Z</time>
      </trkpt>
      <trkpt lat="53.750852" lon="10.627400">
        <ele>55.855025</ele>
        <time>2021-07-07T15:22:49.196Z</time>
      </trkpt>
      <trkpt lat="53.750748" lon="10.627490">
        <ele>55.813546</ele>
        <time>2021-07-07T15:22:52.224Z</time>
      </trkpt>
      <trkpt lat="53.750664" lon="10.627544">
        <ele>55.781639</ele>
        <time>2021-07-07T15:22:54.230Z</time>
      </trkpt>
      <trkpt lat="53.750539" lon="10.627601">
        <ele>55.735672</ele>
        <time>2021-07-07T15:22:57.203Z</time>
      </trkpt>
      <trkpt lat="53.750443" lon="10.627606">
        <ele>55.701571</ele>
        <time>2021-07-07T15:22:59.191Z</time>
      </trkpt>
      <trkpt lat="53.750350" lon="10.627602">
        <ele>55.668540</ele>
        <time>2021-07-07T15:23:01.189Z</time>
      </trkpt>
      <trkpt lat="53.750254" lon="10.627597">
        <ele>55.634439</ele>
        <time>2021-07-07T15:23:03.205Z</time>
      </trkpt>
      <trkpt lat="53.750156" lon="10.627598">
        <ele>55.599643</ele>
        <time>2021-07-07T15:23:05.198Z</time>
      </trkpt>
      <trkpt lat="53.750055" lon="10.627598">
        <ele>55.563783</ele>
        <time>2021-07-07T15:23:07.210Z</time>
      </trkpt>
      <trkpt lat="53.749948" lon="10.627600">
        <ele>55.544394</ele>
        <time>2021-07-07T15:23:09.194Z</time>
      </trkpt>
      <trkpt lat="53.749837" lon="10.627596">
        <ele>55.575362</ele>
        <time>2021-07-07T15:23:11.185Z</time>
      </trkpt>
      <trkpt lat="53.749728" lon="10.627592">
        <ele>55.605772</ele>
        <time>2021-07-07T15:23:13.214Z</time>
      </trkpt>
      <trkpt lat="53.749623" lon="10.627591">
        <ele>55.635060</ele>
        <time>2021-07-07T15:23:15.195Z</time>
      </trkpt>
      <trkpt lat="53.749517" lon="10.627591">
        <ele>55.664626</ele>
        <time>2021-07-07T15:23:17.190Z</time>
      </trkpt>
      <trkpt lat="53.749412" lon="10.627596">
        <ele>55.693925</ele>
        <time>2021-07-07T15:23:19.185Z</time>
      </trkpt>
      <trkpt lat="53.749306" lon="10.627598">
        <ele>55.723493</ele>
        <time>2021-07-07T15:23:21.193Z</time>
      </trkpt>
      <trkpt lat="53.749205" lon="10.627593">
        <ele>55.751677</ele>
        <time>2021-07-07T15:23:23.187Z</time>
      </trkpt>
      <trkpt lat="53.749109" lon="10.627598">
        <ele>55.778466</ele>
        <time>2021-07-07T15:23:25.205Z</time>
      </trkpt>
      <trkpt lat="53.749014" lon="10.627609">
        <ele>55.805026</ele>
        <time>2021-07-07T15:23:27.184Z</time>
      </trkpt>
      <trkpt lat="53.748901" lon="10.627620">
        <ele>55.836597</ele>
        <time>2021-07-07T15:23:30.203Z</time>
      </trkpt>
      <trkpt lat="53.748899" lon="10.627933">
        <ele>55.888225</ele>
        <time>2021-07-07T15:24:18.187Z</time>
      </trkpt>
      <trkpt lat="53.748939" lon="10.628075">
        <ele>55.914168</ele>
        <time>2021-07-07T15:24:20.205Z</time>
      </trkpt>
      <trkpt lat="53.748986" lon="10.628285">
        <ele>55.951202</ele>
        <time>2021-07-07T15:24:23.176Z</time>
      </trkpt>
      <trkpt lat="53.749022" lon="10.628440">
        <ele>55.978668</ele>
        <time>2021-07-07T15:24:25.211Z</time>
      </trkpt>
      <trkpt lat="53.749057" lon="10.628581">
        <ele>56.003890</ele>
        <time>2021-07-07T15:24:27.200Z</time>
      </trkpt>
      <trkpt lat="53.749098" lon="10.628727">
        <ele>56.030548</ele>
        <time>2021-07-07T15:24:29.193Z</time>
      </trkpt>
      <trkpt lat="53.749135" lon="10.628872">
        <ele>55.990966</ele>
        <time>2021-07-07T15:24:31.224Z</time>
      </trkpt>
      <trkpt lat="53.749164" lon="10.629016">
        <ele>55.927991</ele>
        <time>2021-07-07T15:24:33.179Z</time>
      </trkpt>
      <trkpt lat="53.749207" lon="10.629197">
        <ele>55.847239</ele>
        <time>2021-07-07T15:24:36.188Z</time>
      </trkpt>
      <trkpt lat="53.749287" lon="10.629531">
        <ele>55.698058</ele>
        <time>2021-07-07T15:25:50.195Z</time>
      </trkpt>
      <trkpt lat="53.749332" lon="10.629700">
        <ele>55.621330</ele>
        <time>2021-07-07T15:25:53.199Z</time>
      </trkpt>
      <trkpt lat="53.749384" lon="10.629888">
        <ele>55.535408</ele>
        <time>2021-07-07T15:25:56.185Z</time>
      </trkpt>
      <trkpt lat="53.749433" lon="10.630086">
        <ele>55.446552</ele>
        <time>2021-07-07T15:25:59.193Z</time>
      </trkpt>
      <trkpt lat="53.749462" lon="10.630234">
        <ele>55.382007</ele>
        <time>2021-07-07T15:26:01.225Z</time>
      </trkpt>
      <trkpt lat="53.749498" lon="10.630383">
        <ele>55.315374</ele>
        <time>2021-07-07T15:26:03.203Z</time>
      </trkpt>
      <trkpt lat="53.749533" lon="10.630525">
        <ele>55.251687</ele>
        <time>2021-07-07T15:26:05.201Z</time>
      </trkpt>
      <trkpt lat="53.749586" lon="10.630737">
        <ele>55.156403</ele>
        <time>2021-07-07T15:26:08.190Z</time>
      </trkpt>
      <trkpt lat="53.749634" lon="10.630925">
        <ele>55.071631</ele>
        <time>2021-07-07T15:26:10.197Z</time>
      </trkpt>
      <trkpt lat="53.749674" lon="10.631106">
        <ele>54.991640</ele>
        <time>2021-07-07T15:26:12.188Z</time>
      </trkpt>
      <trkpt lat="53.749705" lon="10.631282">
        <ele>54.915617</ele>
        <time>2021-07-07T15:26:14.215Z</time>
      </trkpt>
      <trkpt lat="53.749745" lon="10.631451">
        <ele>54.840259</ele>
        <time>2021-07-07T15:26:16.202Z</time>
      </trkpt>
      <trkpt lat="53.749775" lon="10.631601">
        <ele>54.777315</ele>
        <time>2021-07-07T15:26:18.181Z</time>
      </trkpt>
      <trkpt lat="53.749812" lon="10.631774">
        <ele>54.751129</ele>
        <time>2021-07-07T15:26:20.197Z</time>
      </trkpt>
      <trkpt lat="53.749844" lon="10.631925">
        <ele>54.728296</ele>
        <time>2021-07-07T15:26:22.191Z</time>
      </trkpt>
      <trkpt lat="53.749889" lon="10.632098">
        <ele>54.701393</ele>
        <time>2021-07-07T15:26:25.203Z</time>
      </trkpt>
      <trkpt lat="53.749927" lon="10.632272">
        <ele>54.674991</ele>
        <time>2021-07-07T15:26:29.223Z</time>
      </trkpt>
      <trkpt lat="53.749770" lon="10.632551">
        <ele>54.620168</ele>
        <time>2021-07-07T15:26:47.236Z</time>
      </trkpt>
      <trkpt lat="53.749664" lon="10.632645">
        <ele>54.591356</ele>
        <time>2021-07-07T15:26:50.221Z</time>
      </trkpt>
      <trkpt lat="53.749577" lon="10.632710">
        <ele>54.568460</ele>
        <time>2021-07-07T15:26:52.223Z</time>
      </trkpt>
      <trkpt lat="53.749484" lon="10.632787">
        <ele>54.543533</ele>
        <time>2021-07-07T15:26:54.221Z</time>
      </trkpt>
      <trkpt lat="53.749390" lon="10.632866">
        <ele>54.518265</ele>
        <time>2021-07-07T15:26:56.208Z</time>
      </trkpt>
      <trkpt lat="53.749291" lon="10.632977">
        <ele>54.489672</ele>
        <time>2021-07-07T15:26:58.208Z</time>
      </trkpt>
      <trkpt lat="53.749190" lon="10.633071">
        <ele>54.461920</ele>
        <time>2021-07-07T15:27:00.212Z</time>
      </trkpt>
      <trkpt lat="53.749090" lon="10.633170">
        <ele>54.434026</ele>
        <time>2021-07-07T15:27:02.204Z</time>
      </trkpt>
      <trkpt lat="53.748994" lon="10.633265">
        <ele>54.407250</ele>
        <time>2021-07-07T15:27:04.175Z</time>
      </trkpt>
      <trkpt lat="53.748902" lon="10.633332">
        <ele>54.383138</ele>
        <time>2021-07-07T15:27:06.190Z</time>
      </trkpt>
      <trkpt lat="53.748808" lon="10.633399">
        <ele>54.358582</ele>
        <time>2021-07-07T15:27:08.200Z</time>
      </trkpt>
      <trkpt lat="53.748712" lon="10.633452">
        <ele>54.361250</ele>
        <time>2021-07-07T15:27:10.249Z</time>
      </trkpt>
      <trkpt lat="53.748622" lon="10.633513">
        <ele>54.392985</ele>
        <time>2021-07-07T15:27:12.228Z</time>
      </trkpt>
      <trkpt lat="53.748534" lon="10.633577">
        <ele>54.424338</ele>
        <time>2021-07-07T15:27:14.211Z</time>
      </trkpt>
      <trkpt lat="53.748410" lon="10.633621">
        <ele>54.465806</ele>
        <time>2021-07-07T15:27:17.206Z</time>
      </trkpt>
      <trkpt lat="53.748319" lon="10.633654">
        <ele>54.496267</ele>
        <time>2021-07-07T15:27:19.195Z</time>
      </trkpt>
      <trkpt lat="53.748203" lon="10.633706">
        <ele>54.535545</ele>
        <time>2021-07-07T15:27:21.240Z</time>
      </trkpt>
      <trkpt lat="53.748102" lon="10.633752">
        <ele>54.569780</ele>
        <time>2021-07-07T15:27:23.224Z</time>
      </trkpt>
      <trkpt lat="53.747968" lon="10.633829">
        <ele>54.616100</ele>
        <time>2021-07-07T15:27:26.195Z</time>
      </trkpt>
      <trkpt lat="53.747872" lon="10.633880">
        <ele>54.649035</ele>
        <time>2021-07-07T15:27:28.218Z</time>
      </trkpt>
      <trkpt lat="53.747779" lon="10.633932">
        <ele>54.681094</ele>
        <time>2021-07-07T15:27:30.199Z</time>
      </trkpt>
      <trkpt lat="53.747686" lon="10.633973">
        <ele>54.712550</ele>
        <time>2021-07-07T15:27:32.248Z</time>
      </trkpt>
      <trkpt lat="53.747599" lon="10.634033">
        <ele>54.743302</ele>
        <time>2021-07-07T15:27:34.203Z</time>
      </trkpt>
      <trkpt lat="53.747487" lon="10.634127">
        <ele>54.784226</ele>
        <time>2021-07-07T15:27:37.206Z</time>
      </trkpt>
      <trkpt lat="53.747404" lon="10.634195">
        <ele>54.814412</ele>
        <time>2021-07-07T15:27:39.200Z</time>
      </trkpt>
      <trkpt lat="53.747320" lon="10.634269">
        <ele>54.845411</ele>
        <time>2021-07-07T15:27:41.197Z</time>
      </trkpt>
      <trkpt lat="53.747220" lon="10.634367">
        <ele>54.883240</ele>
        <time>2021-07-07T15:27:44.199Z</time>
      </trkpt>
      <trkpt lat="53.747139" lon="10.634443">
        <ele>54.913558</ele>
        <time>2021-07-07T15:27:46.204Z</time>
      </trkpt>
      <trkpt lat="53.747016" lon="10.634531">
        <ele>54.969064</ele>
        <time>2021-07-07T15:27:49.215Z</time>
      </trkpt>
      <trkpt lat="53.746918" lon="10.634610">
        <ele>55.022917</ele>
        <time>2021-07-07T15:27:51.204Z</time>
      </trkpt>
      <trkpt lat="53.746824" lon="10.634701">
        <ele>55.076645</ele>
        <time>2021-07-07T15:27:53.216Z</time>
      </trkpt>
      <trkpt lat="53.746731" lon="10.634786">
        <ele>55.129084</ele>
        <time>2021-07-07T15:27:55.212Z</time>
      </trkpt>
      <trkpt lat="53.746643" lon="10.634885">
        <ele>55.181513</ele>
        <time>2021-07-07T15:27:57.211Z</time>
      </trkpt>
      <trkpt lat="53.746557" lon="10.634989">
        <ele>55.233958</ele>
        <time>2021-07-07T15:27:59.196Z</time>
      </trkpt>
      <trkpt lat="53.746474" lon="10.635078">
        <ele>55.282709</ele>
        <time>2021-07-07T15:28:01.198Z</time>
      </trkpt>
      <trkpt lat="53.746391" lon="10.635172">
        <ele>55.332261</ele>
        <time>2021-07-07T15:28:03.204Z</time>
      </trkpt>
      <trkpt lat="53.746309" lon="10.635251">
        <ele>55.379074</ele>
        <time>2021-07-07T15:28:05.213Z</time>
      </trkpt>
      <trkpt lat="53.746229" lon="10.635330">
        <ele>55.425028</ele>
        <time>2021-07-07T15:28:07.222Z</time>
      </trkpt>
      <trkpt lat="53.746153" lon="10.635417">
        <ele>55.470553</ele>
        <time>2021-07-07T15:28:09.204Z</time>
      </trkpt>
      <trkpt lat="53.746021" lon="10.635452">
        <ele>55.536830</ele>
        <time>2021-07-07T15:28:12.194Z</time>
      </trkpt>
      <trkpt lat="53.745900" lon="10.635541">
        <ele>55.602283</ele>
        <time>2021-07-07T15:28:15.212Z</time>
      </trkpt>
      <trkpt lat="53.745825" lon="10.635629">
        <ele>55.647565</ele>
        <time>2021-07-07T15:28:17.208Z</time>
      </trkpt>
      <trkpt lat="53.745747" lon="10.635725">
        <ele>55.695419</ele>
        <time>2021-07-07T15:28:19.203Z</time>
      </trkpt>
      <trkpt lat="53.745665" lon="10.635823">
        <ele>55.745228</ele>
        <time>2021-07-07T15:28:21.206Z</time>
      </trkpt>
      <trkpt lat="53.745576" lon="10.635922">
        <ele>55.798071</ele>
        <time>2021-07-07T15:28:23.219Z</time>
      </trkpt>
      <trkpt lat="53.745492" lon="10.636021">
        <ele>55.814578</ele>
        <time>2021-07-07T15:28:25.236Z</time>
      </trkpt>
      <trkpt lat="53.745403" lon="10.636112">
        <ele>55.786737</ele>
        <time>2021-07-07T15:28:27.207Z</time>
      </trkpt>
      <trkpt lat="53.745310" lon="10.636192">
        <ele>55.758806</ele>
        <time>2021-07-07T15:28:29.214Z</time>
      </trkpt>
      <trkpt lat="53.745219" lon="10.636265">
        <ele>55.731844</ele>
        <time>2021-07-07T15:28:31.205Z</time>
      </trkpt>
      <trkpt lat="53.745119" lon="10.636330">
        <ele>55.703165</ele>
        <time>2021-07-07T15:28:33.214Z</time>
      </trkpt>
      <trkpt lat="53.745015" lon="10.636392">
        <ele>55.673646</ele>
        <time>2021-07-07T15:28:35.225Z</time>
      </trkpt>
      <trkpt lat="53.744906" lon="10.636421">
        <ele>55.644109</ele>
        <time>2021-07-07T15:28:37.207Z</time>
      </trkpt>
      <trkpt lat="53.744790" lon="10.636455">
        <ele>55.612594</ele>
        <time>2021-07-07T15:28:39.218Z</time>
      </trkpt>
      <trkpt lat="53.744680" lon="10.636485">
        <ele>55.582768</ele>
        <time>2021-07-07T15:28:41.227Z</time>
      </trkpt>
      <trkpt lat="53.744571" lon="10.636521">
        <ele>55.553038</ele>
        <time>2021-07-07T15:28:43.213Z</time>
      </trkpt>
      <trkpt lat="53.744464" lon="10.636557">
        <ele>55.523834</ele>
        <time>2021-07-07T15:28:45.207Z</time>
      </trkpt>
      <trkpt lat="53.744357" lon="10.636590">
        <ele>55.494719</ele>
        <time>2021-07-07T15:28:47.226Z</time>
      </trkpt>
      <trkpt lat="53.744248" lon="10.636627">
        <ele>55.464958</ele>
        <time>2021-07-07T15:28:49.207Z</time>
      </trkpt>
      <trkpt lat="53.744137" lon="10.636657">
        <ele>55.434868</ele>
        <time>2021-07-07T15:28:51.209Z</time>
      </trkpt>
      <trkpt lat="53.744022" lon="10.636683">
        <ele>55.403809</ele>
        <time>2021-07-07T15:28:53.225Z</time>
      </trkpt>
      <trkpt lat="53.743908" lon="10.636711">
        <ele>55.372973</ele>
        <time>2021-07-07T15:28:55.211Z</time>
      </trkpt>
      <trkpt lat="53.743796" lon="10.636727">
        <ele>55.336202</ele>
        <time>2021-07-07T15:28:57.212Z</time>
      </trkpt>
      <trkpt lat="53.743575" lon="10.636807">
        <ele>55.094557</ele>
        <time>2021-07-07T15:29:30.213Z</time>
      </trkpt>
      <trkpt lat="53.743456" lon="10.636885">
        <ele>54.958098</ele>
        <time>2021-07-07T15:29:33.196Z</time>
      </trkpt>
      <trkpt lat="53.743322" lon="10.636974">
        <ele>54.804169</ele>
        <time>2021-07-07T15:29:36.209Z</time>
      </trkpt>
      <trkpt lat="53.743219" lon="10.637037">
        <ele>54.687059</ele>
        <time>2021-07-07T15:29:38.206Z</time>
      </trkpt>
      <trkpt lat="53.743117" lon="10.637102">
        <ele>54.570513</ele>
        <time>2021-07-07T15:29:40.210Z</time>
      </trkpt>
      <trkpt lat="53.743009" lon="10.637153">
        <ele>54.450622</ele>
        <time>2021-07-07T15:29:42.201Z</time>
      </trkpt>
      <trkpt lat="53.742905" lon="10.637187">
        <ele>54.337366</ele>
        <time>2021-07-07T15:29:44.217Z</time>
      </trkpt>
      <trkpt lat="53.742801" lon="10.637225">
        <ele>54.223603</ele>
        <time>2021-07-07T15:29:46.196Z</time>
      </trkpt>
      <trkpt lat="53.742695" lon="10.637279">
        <ele>54.105237</ele>
        <time>2021-07-07T15:29:48.183Z</time>
      </trkpt>
      <trkpt lat="53.742590" lon="10.637319">
        <ele>53.990158</ele>
        <time>2021-07-07T15:29:50.195Z</time>
      </trkpt>
      <trkpt lat="53.742477" lon="10.637341">
        <ele>53.868540</ele>
        <time>2021-07-07T15:29:52.203Z</time>
      </trkpt>
      <trkpt lat="53.742369" lon="10.637350">
        <ele>53.752927</ele>
        <time>2021-07-07T15:29:54.188Z</time>
      </trkpt>
      <trkpt lat="53.742262" lon="10.637335">
        <ele>53.638131</ele>
        <time>2021-07-07T15:29:56.210Z</time>
      </trkpt>
      <trkpt lat="53.742150" lon="10.637341">
        <ele>53.518321</ele>
        <time>2021-07-07T15:29:58.200Z</time>
      </trkpt>
      <trkpt lat="53.742040" lon="10.637341">
        <ele>53.429845</ele>
        <time>2021-07-07T15:30:00.217Z</time>
      </trkpt>
      <trkpt lat="53.741930" lon="10.637336">
        <ele>53.473054</ele>
        <time>2021-07-07T15:30:02.215Z</time>
      </trkpt>
      <trkpt lat="53.741820" lon="10.637326">
        <ele>53.516310</ele>
        <time>2021-07-07T15:30:04.204Z</time>
      </trkpt>
      <trkpt lat="53.741714" lon="10.637317">
        <ele>53.557985</ele>
        <time>2021-07-07T15:30:06.221Z</time>
      </trkpt>
      <trkpt lat="53.741608" lon="10.637304">
        <ele>53.599717</ele>
        <time>2021-07-07T15:30:08.204Z</time>
      </trkpt>
      <trkpt lat="53.741515" lon="10.637297">
        <ele>53.636271</ele>
        <time>2021-07-07T15:30:10.208Z</time>
      </trkpt>
      <trkpt lat="53.741399" lon="10.637294">
        <ele>53.681826</ele>
        <time>2021-07-07T15:30:13.211Z</time>
      </trkpt>
      <trkpt lat="53.741308" lon="10.637292">
        <ele>53.717562</ele>
        <time>2021-07-07T15:30:15.216Z</time>
      </trkpt>
      <trkpt lat="53.741207" lon="10.637304">
        <ele>53.757319</ele>
        <time>2021-07-07T15:30:17.197Z</time>
      </trkpt>
      <trkpt lat="53.741106" lon="10.637336">
        <ele>53.797669</ele>
        <time>2021-07-07T15:30:19.203Z</time>
      </trkpt>
      <trkpt lat="53.741003" lon="10.637360">
        <ele>53.838496</ele>
        <time>2021-07-07T15:30:21.208Z</time>
      </trkpt>
      <trkpt lat="53.740909" lon="10.637385">
        <ele>53.875861</ele>
        <time>2021-07-07T15:30:23.206Z</time>
      </trkpt>
      <trkpt lat="53.740816" lon="10.637421">
        <ele>53.913324</ele>
        <time>2021-07-07T15:30:25.203Z</time>
      </trkpt>
      <trkpt lat="53.740690" lon="10.637464">
        <ele>53.963798</ele>
        <time>2021-07-07T15:30:28.187Z</time>
      </trkpt>
      <trkpt lat="53.740557" lon="10.637497">
        <ele>54.016582</ele>
        <time>2021-07-07T15:30:31.193Z</time>
      </trkpt>
      <trkpt lat="53.740424" lon="10.637509">
        <ele>54.068881</ele>
        <time>2021-07-07T15:30:34.196Z</time>
      </trkpt>
      <trkpt lat="53.740333" lon="10.637499">
        <ele>54.104689</ele>
        <time>2021-07-07T15:30:36.210Z</time>
      </trkpt>
      <trkpt lat="53.740243" lon="10.637485">
        <ele>54.144636</ele>
        <time>2021-07-07T15:30:38.180Z</time>
      </trkpt>
      <trkpt lat="53.740108" lon="10.637473">
        <ele>54.217621</ele>
        <time>2021-07-07T15:30:41.208Z</time>
      </trkpt>
      <trkpt lat="53.740013" lon="10.637473">
        <ele>54.268910</ele>
        <time>2021-07-07T15:30:43.209Z</time>
      </trkpt>
      <trkpt lat="53.739909" lon="10.637494">
        <ele>54.325457</ele>
        <time>2021-07-07T15:30:45.222Z</time>
      </trkpt>
      <trkpt lat="53.739780" lon="10.637482">
        <ele>54.395207</ele>
        <time>2021-07-07T15:30:48.187Z</time>
      </trkpt>
      <trkpt lat="53.739690" lon="10.637483">
        <ele>54.443797</ele>
        <time>2021-07-07T15:30:50.205Z</time>
      </trkpt>
      <trkpt lat="53.739595" lon="10.637498">
        <ele>54.495309</ele>
        <time>2021-07-07T15:30:52.205Z</time>
      </trkpt>
      <trkpt lat="53.739503" lon="10.637517">
        <ele>54.545348</ele>
        <time>2021-07-07T15:30:54.203Z</time>
      </trkpt>
      <trkpt lat="53.739374" lon="10.637561">
        <ele>54.616395</ele>
        <time>2021-07-07T15:30:57.213Z</time>
      </trkpt>
      <trkpt lat="53.739247" lon="10.637632">
        <ele>54.688611</ele>
        <time>2021-07-07T15:31:00.212Z</time>
      </trkpt>
      <trkpt lat="53.739118" lon="10.637694">
        <ele>54.761016</ele>
        <time>2021-07-07T15:31:03.205Z</time>
      </trkpt>
      <trkpt lat="53.738992" lon="10.637727">
        <ele>54.829852</ele>
        <time>2021-07-07T15:31:06.186Z</time>
      </trkpt>
      <trkpt lat="53.738870" lon="10.637731">
        <ele>54.895730</ele>
        <time>2021-07-07T15:31:09.202Z</time>
      </trkpt>
      <trkpt lat="53.738734" lon="10.637726">
        <ele>54.969171</ele>
        <time>2021-07-07T15:31:12.218Z</time>
      </trkpt>
      <trkpt lat="53.738644" lon="10.637716">
        <ele>55.017866</ele>
        <time>2021-07-07T15:31:14.215Z</time>
      </trkpt>
      <trkpt lat="53.738552" lon="10.637710">
        <ele>55.067572</ele>
        <time>2021-07-07T15:31:16.220Z</time>
      </trkpt>
      <trkpt lat="53.738457" lon="10.637703">
        <ele>55.113189</ele>
        <time>2021-07-07T15:31:18.222Z</time>
      </trkpt>
      <trkpt lat="53.738365" lon="10.637691">
        <ele>55.148440</ele>
        <time>2021-07-07T15:31:20.221Z</time>
      </trkpt>
      <trkpt lat="53.738270" lon="10.637685">
        <ele>55.184758</ele>
        <time>2021-07-07T15:31:22.212Z</time>
      </trkpt>
      <trkpt lat="53.738171" lon="10.637682">
        <ele>55.222585</ele>
        <time>2021-07-07T15:31:24.220Z</time>
      </trkpt>
      <trkpt lat="53.738074" lon="10.637673">
        <ele>55.259698</ele>
        <time>2021-07-07T15:31:26.226Z</time>
      </trkpt>
      <trkpt lat="53.737976" lon="10.637658">
        <ele>55.297290</ele>
        <time>2021-07-07T15:31:28.208Z</time>
      </trkpt>
      <trkpt lat="53.737879" lon="10.637650">
        <ele>55.334391</ele>
        <time>2021-07-07T15:31:30.208Z</time>
      </trkpt>
      <trkpt lat="53.737781" lon="10.637643">
        <ele>55.371863</ele>
        <time>2021-07-07T15:31:32.217Z</time>
      </trkpt>
      <trkpt lat="53.737682" lon="10.637637">
        <ele>55.409708</ele>
        <time>2021-07-07T15:31:34.212Z</time>
      </trkpt>
      <trkpt lat="53.737588" lon="10.637628">
        <ele>55.445677</ele>
        <time>2021-07-07T15:31:36.230Z</time>
      </trkpt>
      <trkpt lat="53.737495" lon="10.637622">
        <ele>55.481231</ele>
        <time>2021-07-07T15:31:38.200Z</time>
      </trkpt>
      <trkpt lat="53.737365" lon="10.637615">
        <ele>55.530920</ele>
        <time>2021-07-07T15:31:41.206Z</time>
      </trkpt>
      <trkpt lat="53.737236" lon="10.637601">
        <ele>55.580304</ele>
        <time>2021-07-07T15:31:44.215Z</time>
      </trkpt>
      <trkpt lat="53.737102" lon="10.637586">
        <ele>55.631608</ele>
        <time>2021-07-07T15:31:47.211Z</time>
      </trkpt>
      <trkpt lat="53.736967" lon="10.637579">
        <ele>55.683206</ele>
        <time>2021-07-07T15:31:50.211Z</time>
      </trkpt>
      <trkpt lat="53.736874" lon="10.637574">
        <ele>55.718753</ele>
        <time>2021-07-07T15:31:52.210Z</time>
      </trkpt>
      <trkpt lat="53.736781" lon="10.637568">
        <ele>55.754308</ele>
        <time>2021-07-07T15:31:54.217Z</time>
      </trkpt>
      <trkpt lat="53.736647" lon="10.637560">
        <ele>55.815150</ele>
        <time>2021-07-07T15:31:57.210Z</time>
      </trkpt>
      <trkpt lat="53.736524" lon="10.637555">
        <ele>55.885883</ele>
        <time>2021-07-07T15:32:00.210Z</time>
      </trkpt>
      <trkpt lat="53.736417" lon="10.637552">
        <ele>55.947405</ele>
        <time>2021-07-07T15:32:05.216Z</time>
      </trkpt>
      <trkpt lat="53.736325" lon="10.637573">
        <ele>56.000775</ele>
        <time>2021-07-07T15:32:08.206Z</time>
      </trkpt>
      <trkpt lat="53.736206" lon="10.637567">
        <ele>56.069219</ele>
        <time>2021-07-07T15:32:11.206Z</time>
      </trkpt>
      <trkpt lat="53.736077" lon="10.637586">
        <ele>56.143661</ele>
        <time>2021-07-07T15:32:14.210Z</time>
      </trkpt>
      <trkpt lat="53.735945" lon="10.637598">
        <ele>56.219657</ele>
        <time>2021-07-07T15:32:17.217Z</time>
      </trkpt>
      <trkpt lat="53.735842" lon="10.637599">
        <ele>56.278873</ele>
        <time>2021-07-07T15:32:19.198Z</time>
      </trkpt>
      <trkpt lat="53.735717" lon="10.637626">
        <ele>56.351319</ele>
        <time>2021-07-07T15:32:22.214Z</time>
      </trkpt>
      <trkpt lat="53.735628" lon="10.637656">
        <ele>56.403492</ele>
        <time>2021-07-07T15:32:24.221Z</time>
      </trkpt>
      <trkpt lat="53.735499" lon="10.637712">
        <ele>56.480060</ele>
        <time>2021-07-07T15:32:27.207Z</time>
      </trkpt>
      <trkpt lat="53.735375" lon="10.637775">
        <ele>56.554497</ele>
        <time>2021-07-07T15:32:30.219Z</time>
      </trkpt>
      <trkpt lat="53.735246" lon="10.637842">
        <ele>56.632080</ele>
        <time>2021-07-07T15:32:33.216Z</time>
      </trkpt>
      <trkpt lat="53.735129" lon="10.637909">
        <ele>56.703097</ele>
        <time>2021-07-07T15:32:36.210Z</time>
      </trkpt>
      <trkpt lat="53.735039" lon="10.637957">
        <ele>56.757351</ele>
        <time>2021-07-07T15:32:38.210Z</time>
      </trkpt>
      <trkpt lat="53.734917" lon="10.638022">
        <ele>56.802701</ele>
        <time>2021-07-07T15:32:41.216Z</time>
      </trkpt>
      <trkpt lat="53.734820" lon="10.638067">
        <ele>56.703405</ele>
        <time>2021-07-07T15:32:44.212Z</time>
      </trkpt>
      <trkpt lat="53.734717" lon="10.638107">
        <ele>56.599078</ele>
        <time>2021-07-07T15:32:47.219Z</time>
      </trkpt>
      <trkpt lat="53.734614" lon="10.638154">
        <ele>56.493761</ele>
        <time>2021-07-07T15:32:50.206Z</time>
      </trkpt>
      <trkpt lat="53.734507" lon="10.638165">
        <ele>56.387938</ele>
        <time>2021-07-07T15:32:54.211Z</time>
      </trkpt>
      <trkpt lat="53.734399" lon="10.638123">
        <ele>56.278539</ele>
        <time>2021-07-07T15:33:00.213Z</time>
      </trkpt>
      <trkpt lat="53.734296" lon="10.638033">
        <ele>56.164081</ele>
        <time>2021-07-07T15:33:04.233Z</time>
      </trkpt>
      <trkpt lat="53.734198" lon="10.637957">
        <ele>56.057645</ele>
        <time>2021-07-07T15:33:07.214Z</time>
      </trkpt>
      <trkpt lat="53.734104" lon="10.637899">
        <ele>55.958863</ele>
        <time>2021-07-07T15:33:10.205Z</time>
      </trkpt>
      <trkpt lat="53.734015" lon="10.637835">
        <ele>55.863386</ele>
        <time>2021-07-07T15:33:13.212Z</time>
      </trkpt>
      <trkpt lat="53.734063" lon="10.638018">
        <ele>55.746490</ele>
        <time>2021-07-07T15:33:24.218Z</time>
      </trkpt>
      <trkpt lat="53.734171" lon="10.638108">
        <ele>55.627626</ele>
        <time>2021-07-07T15:33:27.215Z</time>
      </trkpt>
      <trkpt lat="53.734269" lon="10.638181">
        <ele>55.521908</ele>
        <time>2021-07-07T15:33:30.213Z</time>
      </trkpt>
      <trkpt lat="53.734305" lon="10.638327">
        <ele>55.429541</ele>
        <time>2021-07-07T15:33:34.215Z</time>
      </trkpt>
      <trkpt lat="53.734212" lon="10.638462">
        <ele>55.308533</ele>
        <time>2021-07-07T15:33:38.213Z</time>
      </trkpt>
      <trkpt lat="53.734130" lon="10.638531">
        <ele>55.218111</ele>
        <time>2021-07-07T15:33:40.220Z</time>
      </trkpt>
      <trkpt lat="53.734041" lon="10.638595">
        <ele>55.122635</ele>
        <time>2021-07-07T15:33:42.215Z</time>
      </trkpt>
      <trkpt lat="53.733951" lon="10.638658">
        <ele>55.023580</ele>
        <time>2021-07-07T15:33:44.226Z</time>
      </trkpt>
      <trkpt lat="53.733861" lon="10.638719">
        <ele>54.912866</ele>
        <time>2021-07-07T15:33:46.215Z</time>
      </trkpt>
      <trkpt lat="53.733775" lon="10.638773">
        <ele>54.808116</ele>
        <time>2021-07-07T15:33:48.228Z</time>
      </trkpt>
      <trkpt lat="53.733683" lon="10.638837">
        <ele>54.694523</ele>
        <time>2021-07-07T15:33:50.217Z</time>
      </trkpt>
      <trkpt lat="53.733587" lon="10.638907">
        <ele>54.575147</ele>
        <time>2021-07-07T15:33:52.228Z</time>
      </trkpt>
      <trkpt lat="53.733490" lon="10.638982">
        <ele>54.453357</ele>
        <time>2021-07-07T15:33:54.217Z</time>
      </trkpt>
      <trkpt lat="53.733391" lon="10.639047">
        <ele>54.332091</ele>
        <time>2021-07-07T15:33:56.228Z</time>
      </trkpt>
      <trkpt lat="53.733296" lon="10.639114">
        <ele>54.214558</ele>
        <time>2021-07-07T15:33:58.202Z</time>
      </trkpt>
      <trkpt lat="53.733199" lon="10.639176">
        <ele>54.096150</ele>
        <time>2021-07-07T15:34:00.215Z</time>
      </trkpt>
      <trkpt lat="53.733105" lon="10.639242">
        <ele>53.979930</ele>
        <time>2021-07-07T15:34:02.212Z</time>
      </trkpt>
      <trkpt lat="53.733011" lon="10.639311">
        <ele>53.862919</ele>
        <time>2021-07-07T15:34:04.210Z</time>
      </trkpt>
      <trkpt lat="53.732912" lon="10.639381">
        <ele>53.740390</ele>
        <time>2021-07-07T15:34:06.213Z</time>
      </trkpt>
      <trkpt lat="53.732816" lon="10.639450">
        <ele>53.621280</ele>
        <time>2021-07-07T15:34:08.208Z</time>
      </trkpt>
      <trkpt lat="53.732724" lon="10.639520">
        <ele>53.506083</ele>
        <time>2021-07-07T15:34:10.213Z</time>
      </trkpt>
      <trkpt lat="53.732631" lon="10.639587">
        <ele>53.390654</ele>
        <time>2021-07-07T15:34:12.213Z</time>
      </trkpt>
      <trkpt lat="53.732537" lon="10.639656">
        <ele>53.273642</ele>
        <time>2021-07-07T15:34:14.210Z</time>
      </trkpt>
      <trkpt lat="53.732442" lon="10.639719">
        <ele>53.157122</ele>
        <time>2021-07-07T15:34:16.202Z</time>
      </trkpt>
      <trkpt lat="53.732344" lon="10.639791">
        <ele>53.035114</ele>
        <time>2021-07-07T15:34:18.220Z</time>
      </trkpt>
      <trkpt lat="53.732253" lon="10.639852">
        <ele>52.998191</ele>
        <time>2021-07-07T15:34:20.209Z</time>
      </trkpt>
      <trkpt lat="53.732157" lon="10.639922">
        <ele>53.010418</ele>
        <time>2021-07-07T15:34:22.199Z</time>
      </trkpt>
      <trkpt lat="53.732061" lon="10.639992">
        <ele>53.022644</ele>
        <time>2021-07-07T15:34:24.216Z</time>
      </trkpt>
      <trkpt lat="53.731965" lon="10.640058">
        <ele>53.034763</ele>
        <time>2021-07-07T15:34:26.199Z</time>
      </trkpt>
      <trkpt lat="53.731869" lon="10.640128">
        <ele>53.046990</ele>
        <time>2021-07-07T15:34:28.204Z</time>
      </trkpt>
      <trkpt lat="53.731778" lon="10.640197">
        <ele>53.058653</ele>
        <time>2021-07-07T15:34:30.222Z</time>
      </trkpt>
      <trkpt lat="53.731690" lon="10.640259">
        <ele>53.069802</ele>
        <time>2021-07-07T15:34:32.204Z</time>
      </trkpt>
      <trkpt lat="53.731606" lon="10.640322">
        <ele>53.080549</ele>
        <time>2021-07-07T15:34:34.211Z</time>
      </trkpt>
      <trkpt lat="53.731495" lon="10.640412">
        <ele>53.094945</ele>
        <time>2021-07-07T15:34:37.214Z</time>
      </trkpt>
      <trkpt lat="53.731404" lon="10.640514">
        <ele>53.107714</ele>
        <time>2021-07-07T15:34:41.217Z</time>
      </trkpt>
      <trkpt lat="53.731418" lon="10.640683">
        <ele>53.119519</ele>
        <time>2021-07-07T15:34:45.221Z</time>
      </trkpt>
      <trkpt lat="53.731429" lon="10.640834">
        <ele>53.130044</ele>
        <time>2021-07-07T15:34:47.210Z</time>
      </trkpt>
      <trkpt lat="53.731437" lon="10.641004">
        <ele>53.141842</ele>
        <time>2021-07-07T15:34:49.215Z</time>
      </trkpt>
      <trkpt lat="53.731440" lon="10.641181">
        <ele>53.154092</ele>
        <time>2021-07-07T15:34:51.209Z</time>
      </trkpt>
      <trkpt lat="53.731443" lon="10.641353">
        <ele>53.165996</ele>
        <time>2021-07-07T15:34:53.204Z</time>
      </trkpt>
      <trkpt lat="53.731444" lon="10.641513">
        <ele>53.177065</ele>
        <time>2021-07-07T15:34:55.262Z</time>
      </trkpt>
      <trkpt lat="53.731443" lon="10.641673">
        <ele>53.188134</ele>
        <time>2021-07-07T15:34:57.213Z</time>
      </trkpt>
      <trkpt lat="53.731445" lon="10.641834">
        <ele>53.199275</ele>
        <time>2021-07-07T15:34:59.214Z</time>
      </trkpt>
      <trkpt lat="53.731448" lon="10.641994">
        <ele>53.009742</ele>
        <time>2021-07-07T15:35:01.226Z</time>
      </trkpt>
      <trkpt lat="53.731450" lon="10.642149">
        <ele>52.775261</ele>
        <time>2021-07-07T15:35:03.200Z</time>
      </trkpt>
      <trkpt lat="53.731453" lon="10.642309">
        <ele>52.533152</ele>
        <time>2021-07-07T15:35:05.211Z</time>
      </trkpt>
      <trkpt lat="53.731463" lon="10.642472">
        <ele>52.285305</ele>
        <time>2021-07-07T15:35:07.223Z</time>
      </trkpt>
      <trkpt lat="53.731478" lon="10.642634">
        <ele>52.037309</ele>
        <time>2021-07-07T15:35:09.208Z</time>
      </trkpt>
      <trkpt lat="53.731498" lon="10.642785">
        <ele>51.803279</ele>
        <time>2021-07-07T15:35:11.193Z</time>
      </trkpt>
      <trkpt lat="53.731520" lon="10.642940">
        <ele>51.562201</ele>
        <time>2021-07-07T15:35:13.214Z</time>
      </trkpt>
      <trkpt lat="53.731542" lon="10.643094">
        <ele>51.322593</ele>
        <time>2021-07-07T15:35:15.216Z</time>
      </trkpt>
      <trkpt lat="53.731566" lon="10.643248">
        <ele>51.081734</ele>
        <time>2021-07-07T15:35:17.228Z</time>
      </trkpt>
      <trkpt lat="53.731591" lon="10.643405">
        <ele>50.835832</ele>
        <time>2021-07-07T15:35:19.199Z</time>
      </trkpt>
      <trkpt lat="53.731639" lon="10.643607">
        <ele>50.506598</ele>
        <time>2021-07-07T15:35:22.222Z</time>
      </trkpt>
      <trkpt lat="53.731683" lon="10.643749">
        <ele>50.264158</ele>
        <time>2021-07-07T15:35:25.222Z</time>
      </trkpt>
      <trkpt lat="53.731669" lon="10.643914">
        <ele>50.012056</ele>
        <time>2021-07-07T15:35:29.212Z</time>
      </trkpt>
      <trkpt lat="53.731574" lon="10.643936">
        <ele>49.766908</ele>
        <time>2021-07-07T15:35:31.201Z</time>
      </trkpt>
      <trkpt lat="53.731458" lon="10.643934">
        <ele>49.470324</ele>
        <time>2021-07-07T15:35:33.213Z</time>
      </trkpt>
      <trkpt lat="53.731333" lon="10.643956">
        <ele>49.149019</ele>
        <time>2021-07-07T15:35:35.233Z</time>
      </trkpt>
      <trkpt lat="53.731208" lon="10.644002">
        <ele>48.821956</ele>
        <time>2021-07-07T15:35:37.237Z</time>
      </trkpt>
      <trkpt lat="53.731098" lon="10.644076">
        <ele>48.540590</ele>
        <time>2021-07-07T15:35:39.204Z</time>
      </trkpt>
      <trkpt lat="53.731005" lon="10.644173">
        <ele>48.332229</ele>
        <time>2021-07-07T15:35:41.199Z</time>
      </trkpt>
      <trkpt lat="53.730918" lon="10.644261">
        <ele>48.138916</ele>
        <time>2021-07-07T15:35:43.190Z</time>
      </trkpt>
      <trkpt lat="53.730823" lon="10.644344">
        <ele>47.935016</ele>
        <time>2021-07-07T15:35:45.189Z</time>
      </trkpt>
      <trkpt lat="53.730724" lon="10.644400">
        <ele>47.735964</ele>
        <time>2021-07-07T15:35:47.198Z</time>
      </trkpt>
      <trkpt lat="53.730627" lon="10.644455">
        <ele>47.540887</ele>
        <time>2021-07-07T15:35:49.191Z</time>
      </trkpt>
      <trkpt lat="53.730522" lon="10.644502">
        <ele>47.333783</ele>
        <time>2021-07-07T15:35:51.193Z</time>
      </trkpt>
      <trkpt lat="53.730422" lon="10.644538">
        <ele>47.138837</ele>
        <time>2021-07-07T15:35:53.194Z</time>
      </trkpt>
      <trkpt lat="53.730303" lon="10.644572">
        <ele>46.908721</ele>
        <time>2021-07-07T15:35:56.210Z</time>
      </trkpt>
      <trkpt lat="53.730055" lon="10.644701">
        <ele>46.413978</ele>
        <time>2021-07-07T15:36:37.201Z</time>
      </trkpt>
      <trkpt lat="53.730028" lon="10.644886">
        <ele>46.199044</ele>
        <time>2021-07-07T15:36:40.197Z</time>
      </trkpt>
      <trkpt lat="53.730038" lon="10.645109">
        <ele>45.946782</ele>
        <time>2021-07-07T15:36:43.203Z</time>
      </trkpt>
      <trkpt lat="53.730040" lon="10.645334">
        <ele>45.692956</ele>
        <time>2021-07-07T15:36:46.221Z</time>
      </trkpt>
      <trkpt lat="53.730052" lon="10.645532">
        <ele>45.468446</ele>
        <time>2021-07-07T15:36:49.209Z</time>
      </trkpt>
      <trkpt lat="53.730095" lon="10.645716">
        <ele>45.245290</ele>
        <time>2021-07-07T15:36:53.197Z</time>
      </trkpt>
      <trkpt lat="53.730178" lon="10.645813">
        <ele>45.188868</ele>
        <time>2021-07-07T15:36:56.198Z</time>
      </trkpt>
      <trkpt lat="53.730267" lon="10.645839">
        <ele>45.210570</ele>
        <time>2021-07-07T15:36:58.193Z</time>
      </trkpt>
      <trkpt lat="53.730362" lon="10.645857">
        <ele>45.233540</ele>
        <time>2021-07-07T15:37:00.197Z</time>
      </trkpt>
      <trkpt lat="53.730458" lon="10.645875">
        <ele>45.256748</ele>
        <time>2021-07-07T15:37:02.206Z</time>
      </trkpt>
      <trkpt lat="53.730554" lon="10.645892">
        <ele>45.279942</ele>
        <time>2021-07-07T15:37:04.191Z</time>
      </trkpt>
      <trkpt lat="53.730645" lon="10.645921">
        <ele>45.302193</ele>
        <time>2021-07-07T15:37:06.198Z</time>
      </trkpt>
      <trkpt lat="53.730734" lon="10.645946">
        <ele>45.323871</ele>
        <time>2021-07-07T15:37:08.193Z</time>
      </trkpt>
      <trkpt lat="53.730824" lon="10.645979">
        <ele>45.346000</ele>
        <time>2021-07-07T15:37:10.204Z</time>
      </trkpt>
      <trkpt lat="53.730917" lon="10.646010">
        <ele>45.368776</ele>
        <time>2021-07-07T15:37:12.194Z</time>
      </trkpt>
      <trkpt lat="53.731008" lon="10.646046">
        <ele>45.391233</ele>
        <time>2021-07-07T15:37:14.196Z</time>
      </trkpt>
      <trkpt lat="53.731102" lon="10.646086">
        <ele>45.414524</ele>
        <time>2021-07-07T15:37:16.192Z</time>
      </trkpt>
      <trkpt lat="53.731306" lon="10.646138">
        <ele>45.464096</ele>
        <time>2021-07-07T15:37:53.202Z</time>
      </trkpt>
      <trkpt lat="53.731436" lon="10.646183">
        <ele>45.495981</ele>
        <time>2021-07-07T15:37:56.200Z</time>
      </trkpt>
      <trkpt lat="53.731524" lon="10.646212">
        <ele>45.517524</ele>
        <time>2021-07-07T15:37:58.189Z</time>
      </trkpt>
      <trkpt lat="53.731615" lon="10.646243">
        <ele>45.539829</ele>
        <time>2021-07-07T15:38:00.199Z</time>
      </trkpt>
      <trkpt lat="53.731704" lon="10.646277">
        <ele>45.561754</ele>
        <time>2021-07-07T15:38:02.195Z</time>
      </trkpt>
      <trkpt lat="53.731796" lon="10.646316">
        <ele>45.584544</ele>
        <time>2021-07-07T15:38:04.192Z</time>
      </trkpt>
      <trkpt lat="53.731885" lon="10.646346">
        <ele>45.605567</ele>
        <time>2021-07-07T15:38:07.205Z</time>
      </trkpt>
      <trkpt lat="53.731893" lon="10.646194">
        <ele>45.594397</ele>
        <time>2021-07-07T15:38:36.213Z</time>
      </trkpt>
      <trkpt lat="53.732097" lon="10.646395">
        <ele>45.565180</ele>
        <time>2021-07-07T15:40:29.208Z</time>
      </trkpt>
      <trkpt lat="53.732231" lon="10.646460">
        <ele>45.547931</ele>
        <time>2021-07-07T15:40:32.217Z</time>
      </trkpt>
      <trkpt lat="53.732320" lon="10.646500">
        <ele>45.536536</ele>
        <time>2021-07-07T15:40:34.219Z</time>
      </trkpt>
      <trkpt lat="53.732444" lon="10.646558">
        <ele>45.520616</ele>
        <time>2021-07-07T15:40:37.200Z</time>
      </trkpt>
      <trkpt lat="53.732560" lon="10.646619">
        <ele>45.505584</ele>
        <time>2021-07-07T15:40:40.204Z</time>
      </trkpt>
      <trkpt lat="53.732649" lon="10.646667">
        <ele>45.494025</ele>
        <time>2021-07-07T15:40:43.217Z</time>
      </trkpt>
      <trkpt lat="53.732843" lon="10.646775">
        <ele>45.468752</ele>
        <time>2021-07-07T15:41:27.218Z</time>
      </trkpt>
      <trkpt lat="53.732950" lon="10.646840">
        <ele>45.454683</ele>
        <time>2021-07-07T15:41:30.204Z</time>
      </trkpt>
      <trkpt lat="53.733167" lon="10.647051">
        <ele>45.423708</ele>
        <time>2021-07-07T15:42:03.195Z</time>
      </trkpt>
      <trkpt lat="53.733281" lon="10.647096">
        <ele>45.409223</ele>
        <time>2021-07-07T15:42:06.202Z</time>
      </trkpt>
      <trkpt lat="53.733388" lon="10.647107">
        <ele>45.395959</ele>
        <time>2021-07-07T15:42:09.210Z</time>
      </trkpt>
      <trkpt lat="53.733501" lon="10.647077">
        <ele>45.409245</ele>
        <time>2021-07-07T15:42:12.202Z</time>
      </trkpt>
      <trkpt lat="53.733616" lon="10.647051">
        <ele>45.662418</ele>
        <time>2021-07-07T15:42:15.213Z</time>
      </trkpt>
      <trkpt lat="53.733716" lon="10.646994">
        <ele>45.892695</ele>
        <time>2021-07-07T15:42:18.200Z</time>
      </trkpt>
      <trkpt lat="53.733795" lon="10.646901">
        <ele>46.102758</ele>
        <time>2021-07-07T15:42:22.250Z</time>
      </trkpt>
      <trkpt lat="53.733828" lon="10.646755">
        <ele>46.304501</ele>
        <time>2021-07-07T15:42:26.185Z</time>
      </trkpt>
      <trkpt lat="53.733878" lon="10.646602">
        <ele>46.530123</ele>
        <time>2021-07-07T15:42:30.219Z</time>
      </trkpt>
      <trkpt lat="53.733955" lon="10.646479">
        <ele>46.761288</ele>
        <time>2021-07-07T15:42:35.217Z</time>
      </trkpt>
      <trkpt lat="53.733993" lon="10.646305">
        <ele>47.000701</ele>
        <time>2021-07-07T15:42:38.191Z</time>
      </trkpt>
      <trkpt lat="53.734036" lon="10.646131">
        <ele>47.244107</ele>
        <time>2021-07-07T15:42:41.199Z</time>
      </trkpt>
      <trkpt lat="53.734070" lon="10.645943">
        <ele>47.497860</ele>
        <time>2021-07-07T15:42:44.203Z</time>
      </trkpt>
      <trkpt lat="53.734113" lon="10.645786">
        <ele>47.721179</ele>
        <time>2021-07-07T15:42:47.224Z</time>
      </trkpt>
      <trkpt lat="53.734187" lon="10.645638">
        <ele>47.971314</ele>
        <time>2021-07-07T15:42:50.197Z</time>
      </trkpt>
      <trkpt lat="53.734259" lon="10.645461">
        <ele>48.248587</ele>
        <time>2021-07-07T15:42:53.193Z</time>
      </trkpt>
      <trkpt lat="53.734311" lon="10.645267">
        <ele>48.523504</ele>
        <time>2021-07-07T15:42:56.191Z</time>
      </trkpt>
      <trkpt lat="53.734351" lon="10.645091">
        <ele>48.766869</ele>
        <time>2021-07-07T15:42:59.189Z</time>
      </trkpt>
      <trkpt lat="53.734377" lon="10.644872">
        <ele>49.055183</ele>
        <time>2021-07-07T15:43:02.212Z</time>
      </trkpt>
      <trkpt lat="53.734394" lon="10.644709">
        <ele>49.268822</ele>
        <time>2021-07-07T15:43:04.226Z</time>
      </trkpt>
      <trkpt lat="53.734405" lon="10.644508">
        <ele>49.308053</ele>
        <time>2021-07-07T15:43:07.224Z</time>
      </trkpt>
      <trkpt lat="53.734409" lon="10.644353">
        <ele>49.308053</ele>
        <time>2021-07-07T15:43:09.236Z</time>
      </trkpt>
      <trkpt lat="53.734414" lon="10.644141">
        <ele>49.308053</ele>
        <time>2021-07-07T15:43:12.194Z</time>
      </trkpt>
      <trkpt lat="53.734421" lon="10.643934">
        <ele>49.308053</ele>
        <time>2021-07-07T15:43:15.197Z</time>
      </trkpt>
      <trkpt lat="53.734424" lon="10.643759">
        <ele>49.308053</ele>
        <time>2021-07-07T15:43:18.207Z</time>
      </trkpt>
      <trkpt lat="53.734331" lon="10.643678">
        <ele>49.308053</ele>
        <time>2021-07-07T15:43:23.210Z</time>
      </trkpt>
      <trkpt lat="53.734263" lon="10.643822">
        <ele>49.308053</ele>
        <time>2021-07-07T15:43:28.196Z</time>
      </trkpt>
      <trkpt lat="53.734218" lon="10.644009">
        <ele>49.308053</ele>
        <time>2021-07-07T15:43:32.194Z</time>
      </trkpt>
      <trkpt lat="53.734187" lon="10.644164">
        <ele>49.308053</ele>
        <time>2021-07-07T15:43:36.195Z</time>
      </trkpt>
      <trkpt lat="53.734117" lon="10.644175">
        <ele>49.308053</ele>
        <time>2021-07-07T15:43:52.707Z</time>
      </trkpt>
    </trkseg>
  </trk>
</gpx>