<?xml version="1.0" encoding="UTF-8"?>
<gpx version="1.1" creator="https://www.komoot.de" xmlns="http://www.topografix.com/GPX/1/1" xmlns:xsi="http://www.w3.org/2001/XMLSchema-instance" xsi:schemaLocation="http://www.topografix.com/GPX/1/1 http://www.topografix.com/GPX/1/1/gpx.xsd">
  <metadata>
    <name>DVV PW Eröffnung der Zugvögel München in Trudering am 14.08.2021 11:34</name>
    <author>
      <link href="https://www.komoot.de">
        <text>komoot</text>
        <type>text/html</type>
      </link>
    </author>
  </metadata>
  <trk>
    <name>DVV PW Eröffnung der Zugvögel München in Trudering am 14.08.2021 11:34</name>
    <trkseg>
      <trkpt lat="48.112094" lon="11.675866">
        <ele>585.654360</ele>
        <time>2021-08-14T07:02:48.138Z</time>
      </trkpt>
      <trkpt lat="48.112147" lon="11.675988">
        <ele>585.654360</ele>
        <time>2021-08-14T07:03:15.522Z</time>
      </trkpt>
      <trkpt lat="48.111988" lon="11.675906">
        <ele>585.654360</ele>
        <time>2021-08-14T07:04:10.525Z</time>
      </trkpt>
      <trkpt lat="48.111927" lon="11.675807">
        <ele>585.654360</ele>
        <time>2021-08-14T07:04:17.525Z</time>
      </trkpt>
      <trkpt lat="48.111841" lon="11.675736">
        <ele>585.654360</ele>
        <time>2021-08-14T07:04:23.526Z</time>
      </trkpt>
      <trkpt lat="48.111753" lon="11.675705">
        <ele>585.654360</ele>
        <time>2021-08-14T07:04:27.522Z</time>
      </trkpt>
      <trkpt lat="48.111689" lon="11.675606">
        <ele>585.654360</ele>
        <time>2021-08-14T07:04:33.532Z</time>
      </trkpt>
      <trkpt lat="48.111638" lon="11.675473">
        <ele>585.654360</ele>
        <time>2021-08-14T07:04:42.524Z</time>
      </trkpt>
      <trkpt lat="48.111559" lon="11.675402">
        <ele>585.654360</ele>
        <time>2021-08-14T07:04:49.503Z</time>
      </trkpt>
      <trkpt lat="48.111481" lon="11.675330">
        <ele>585.597005</ele>
        <time>2021-08-14T07:04:56.502Z</time>
      </trkpt>
      <trkpt lat="48.111394" lon="11.675261">
        <ele>585.348666</ele>
        <time>2021-08-14T07:05:05.520Z</time>
      </trkpt>
      <trkpt lat="48.111305" lon="11.675191">
        <ele>585.095078</ele>
        <time>2021-08-14T07:05:13.511Z</time>
      </trkpt>
      <trkpt lat="48.111253" lon="11.675059">
        <ele>584.836935</ele>
        <time>2021-08-14T07:05:23.506Z</time>
      </trkpt>
      <trkpt lat="48.111226" lon="11.674913">
        <ele>584.581767</ele>
        <time>2021-08-14T07:05:29.508Z</time>
      </trkpt>
      <trkpt lat="48.111126" lon="11.674831">
        <ele>584.294171</ele>
        <time>2021-08-14T07:05:35.504Z</time>
      </trkpt>
      <trkpt lat="48.111035" lon="11.674786">
        <ele>584.052424</ele>
        <time>2021-08-14T07:05:41.528Z</time>
      </trkpt>
      <trkpt lat="48.110939" lon="11.674736">
        <ele>583.796028</ele>
        <time>2021-08-14T07:05:49.514Z</time>
      </trkpt>
      <trkpt lat="48.110877" lon="11.674637">
        <ele>583.567409</ele>
        <time>2021-08-14T07:05:57.515Z</time>
      </trkpt>
      <trkpt lat="48.110818" lon="11.674520">
        <ele>583.320454</ele>
        <time>2021-08-14T07:06:04.512Z</time>
      </trkpt>
      <trkpt lat="48.110761" lon="11.674675">
        <ele>583.022404</ele>
        <time>2021-08-14T07:06:22.527Z</time>
      </trkpt>
      <trkpt lat="48.110719" lon="11.674809">
        <ele>582.773073</ele>
        <time>2021-08-14T07:06:28.528Z</time>
      </trkpt>
      <trkpt lat="48.110667" lon="11.674941">
        <ele>582.514929</ele>
        <time>2021-08-14T07:06:37.504Z</time>
      </trkpt>
      <trkpt lat="48.110601" lon="11.675041">
        <ele>582.278096</ele>
        <time>2021-08-14T07:06:43.533Z</time>
      </trkpt>
      <trkpt lat="48.110548" lon="11.675152">
        <ele>582.048249</ele>
        <time>2021-08-14T07:06:49.519Z</time>
      </trkpt>
      <trkpt lat="48.110484" lon="11.675270">
        <ele>581.792187</ele>
        <time>2021-08-14T07:06:57.523Z</time>
      </trkpt>
      <trkpt lat="48.110428" lon="11.675386">
        <ele>581.551083</ele>
        <time>2021-08-14T07:07:05.525Z</time>
      </trkpt>
      <trkpt lat="48.110372" lon="11.675502">
        <ele>581.309979</ele>
        <time>2021-08-14T07:07:12.528Z</time>
      </trkpt>
      <trkpt lat="48.110319" lon="11.675631">
        <ele>581.144637</ele>
        <time>2021-08-14T07:07:19.526Z</time>
      </trkpt>
      <trkpt lat="48.110263" lon="11.675740">
        <ele>581.247250</ele>
        <time>2021-08-14T07:07:26.526Z</time>
      </trkpt>
      <trkpt lat="48.110203" lon="11.675855">
        <ele>581.356141</ele>
        <time>2021-08-14T07:07:33.546Z</time>
      </trkpt>
      <trkpt lat="48.110146" lon="11.675960">
        <ele>581.457107</ele>
        <time>2021-08-14T07:07:41.526Z</time>
      </trkpt>
      <trkpt lat="48.110072" lon="11.676067">
        <ele>581.572046</ele>
        <time>2021-08-14T07:07:50.548Z</time>
      </trkpt>
      <trkpt lat="48.110002" lon="11.676156">
        <ele>581.674651</ele>
        <time>2021-08-14T07:07:58.560Z</time>
      </trkpt>
      <trkpt lat="48.109946" lon="11.676279">
        <ele>581.785727</ele>
        <time>2021-08-14T07:08:10.522Z</time>
      </trkpt>
      <trkpt lat="48.109887" lon="11.676382">
        <ele>581.886981</ele>
        <time>2021-08-14T07:08:17.511Z</time>
      </trkpt>
      <trkpt lat="48.109827" lon="11.676495">
        <ele>581.994700</ele>
        <time>2021-08-14T07:08:22.527Z</time>
      </trkpt>
      <trkpt lat="48.109763" lon="11.676598">
        <ele>582.099678</ele>
        <time>2021-08-14T07:08:29.526Z</time>
      </trkpt>
      <trkpt lat="48.109696" lon="11.676694">
        <ele>582.203290</ele>
        <time>2021-08-14T07:08:36.523Z</time>
      </trkpt>
      <trkpt lat="48.109629" lon="11.676804">
        <ele>582.314381</ele>
        <time>2021-08-14T07:08:43.532Z</time>
      </trkpt>
      <trkpt lat="48.109557" lon="11.676898">
        <ele>582.421113</ele>
        <time>2021-08-14T07:08:49.533Z</time>
      </trkpt>
      <trkpt lat="48.109499" lon="11.677014">
        <ele>582.529240</ele>
        <time>2021-08-14T07:08:56.524Z</time>
      </trkpt>
      <trkpt lat="48.109429" lon="11.677105">
        <ele>582.632817</ele>
        <time>2021-08-14T07:09:03.531Z</time>
      </trkpt>
      <trkpt lat="48.109358" lon="11.677192">
        <ele>582.735326</ele>
        <time>2021-08-14T07:09:10.525Z</time>
      </trkpt>
      <trkpt lat="48.109292" lon="11.677300">
        <ele>582.844561</ele>
        <time>2021-08-14T07:09:18.527Z</time>
      </trkpt>
      <trkpt lat="48.109224" lon="11.677402">
        <ele>582.952105</ele>
        <time>2021-08-14T07:09:25.523Z</time>
      </trkpt>
      <trkpt lat="48.109164" lon="11.677513">
        <ele>583.058661</ele>
        <time>2021-08-14T07:09:34.522Z</time>
      </trkpt>
      <trkpt lat="48.109125" lon="11.677647">
        <ele>583.170740</ele>
        <time>2021-08-14T07:09:41.529Z</time>
      </trkpt>
      <trkpt lat="48.109073" lon="11.677767">
        <ele>583.285361</ele>
        <time>2021-08-14T07:09:48.526Z</time>
      </trkpt>
      <trkpt lat="48.109032" lon="11.677896">
        <ele>583.399833</ele>
        <time>2021-08-14T07:09:55.527Z</time>
      </trkpt>
      <trkpt lat="48.109095" lon="11.678006">
        <ele>583.515950</ele>
        <time>2021-08-14T07:10:04.523Z</time>
      </trkpt>
      <trkpt lat="48.109163" lon="11.678102">
        <ele>583.628087</ele>
        <time>2021-08-14T07:10:10.520Z</time>
      </trkpt>
      <trkpt lat="48.109216" lon="11.678218">
        <ele>583.740707</ele>
        <time>2021-08-14T07:10:16.523Z</time>
      </trkpt>
      <trkpt lat="48.109247" lon="11.678347">
        <ele>583.850557</ele>
        <time>2021-08-14T07:10:22.525Z</time>
      </trkpt>
      <trkpt lat="48.109271" lon="11.678482">
        <ele>583.962492</ele>
        <time>2021-08-14T07:10:29.523Z</time>
      </trkpt>
      <trkpt lat="48.109330" lon="11.678620">
        <ele>584.093786</ele>
        <time>2021-08-14T07:10:36.529Z</time>
      </trkpt>
      <trkpt lat="48.109385" lon="11.678736">
        <ele>584.207779</ele>
        <time>2021-08-14T07:10:42.525Z</time>
      </trkpt>
      <trkpt lat="48.109448" lon="11.678849">
        <ele>584.325730</ele>
        <time>2021-08-14T07:10:50.525Z</time>
      </trkpt>
      <trkpt lat="48.109479" lon="11.678992">
        <ele>584.446193</ele>
        <time>2021-08-14T07:11:00.550Z</time>
      </trkpt>
      <trkpt lat="48.109539" lon="11.679110">
        <ele>584.565032</ele>
        <time>2021-08-14T07:11:07.523Z</time>
      </trkpt>
      <trkpt lat="48.109592" lon="11.679222">
        <ele>584.675021</ele>
        <time>2021-08-14T07:11:14.524Z</time>
      </trkpt>
      <trkpt lat="48.109644" lon="11.679348">
        <ele>584.793704</ele>
        <time>2021-08-14T07:11:22.523Z</time>
      </trkpt>
      <trkpt lat="48.109683" lon="11.679493">
        <ele>584.918953</ele>
        <time>2021-08-14T07:11:29.540Z</time>
      </trkpt>
      <trkpt lat="48.109698" lon="11.679625">
        <ele>585.026236</ele>
        <time>2021-08-14T07:11:34.523Z</time>
      </trkpt>
      <trkpt lat="48.109691" lon="11.679763">
        <ele>585.137125</ele>
        <time>2021-08-14T07:11:41.531Z</time>
      </trkpt>
      <trkpt lat="48.109688" lon="11.679910">
        <ele>585.254960</ele>
        <time>2021-08-14T07:11:48.525Z</time>
      </trkpt>
      <trkpt lat="48.109693" lon="11.680044">
        <ele>585.324765</ele>
        <time>2021-08-14T07:11:55.532Z</time>
      </trkpt>
      <trkpt lat="48.109699" lon="11.680179">
        <ele>585.380219</ele>
        <time>2021-08-14T07:12:02.524Z</time>
      </trkpt>
      <trkpt lat="48.109739" lon="11.680305">
        <ele>585.437403</ele>
        <time>2021-08-14T07:12:09.533Z</time>
      </trkpt>
      <trkpt lat="48.109788" lon="11.680418">
        <ele>585.492628</ele>
        <time>2021-08-14T07:12:16.525Z</time>
      </trkpt>
      <trkpt lat="48.109853" lon="11.680526">
        <ele>585.552222</ele>
        <time>2021-08-14T07:12:23.531Z</time>
      </trkpt>
      <trkpt lat="48.109926" lon="11.680633">
        <ele>585.614922</ele>
        <time>2021-08-14T07:12:30.515Z</time>
      </trkpt>
      <trkpt lat="48.110006" lon="11.680727">
        <ele>585.677339</ele>
        <time>2021-08-14T07:12:38.525Z</time>
      </trkpt>
      <trkpt lat="48.110078" lon="11.680813">
        <ele>585.733871</ele>
        <time>2021-08-14T07:12:45.549Z</time>
      </trkpt>
      <trkpt lat="48.110162" lon="11.680906">
        <ele>585.797993</ele>
        <time>2021-08-14T07:12:52.524Z</time>
      </trkpt>
      <trkpt lat="48.110235" lon="11.680995">
        <ele>585.855774</ele>
        <time>2021-08-14T07:12:58.527Z</time>
      </trkpt>
      <trkpt lat="48.110321" lon="11.681039">
        <ele>585.911561</ele>
        <time>2021-08-14T07:13:06.523Z</time>
      </trkpt>
      <trkpt lat="48.110414" lon="11.681053">
        <ele>585.968936</ele>
        <time>2021-08-14T07:13:12.523Z</time>
      </trkpt>
      <trkpt lat="48.110489" lon="11.681138">
        <ele>586.026670</ele>
        <time>2021-08-14T07:13:20.560Z</time>
      </trkpt>
      <trkpt lat="48.110553" lon="11.681242">
        <ele>586.084639</ele>
        <time>2021-08-14T07:13:29.523Z</time>
      </trkpt>
      <trkpt lat="48.110612" lon="11.681355">
        <ele>586.143432</ele>
        <time>2021-08-14T07:13:38.533Z</time>
      </trkpt>
      <trkpt lat="48.110678" lon="11.681469">
        <ele>586.205275</ele>
        <time>2021-08-14T07:13:47.523Z</time>
      </trkpt>
      <trkpt lat="48.110740" lon="11.681576">
        <ele>586.263341</ele>
        <time>2021-08-14T07:13:54.525Z</time>
      </trkpt>
      <trkpt lat="48.110802" lon="11.681686">
        <ele>586.322342</ele>
        <time>2021-08-14T07:14:01.525Z</time>
      </trkpt>
      <trkpt lat="48.110753" lon="11.681808">
        <ele>586.380694</ele>
        <time>2021-08-14T07:14:10.532Z</time>
      </trkpt>
      <trkpt lat="48.110666" lon="11.681886">
        <ele>586.419619</ele>
        <time>2021-08-14T07:14:16.525Z</time>
      </trkpt>
      <trkpt lat="48.110587" lon="11.681979">
        <ele>586.454465</ele>
        <time>2021-08-14T07:14:22.520Z</time>
      </trkpt>
      <trkpt lat="48.110506" lon="11.682077">
        <ele>586.490575</ele>
        <time>2021-08-14T07:14:29.532Z</time>
      </trkpt>
      <trkpt lat="48.110467" lon="11.682203">
        <ele>586.522732</ele>
        <time>2021-08-14T07:14:36.524Z</time>
      </trkpt>
      <trkpt lat="48.110420" lon="11.682326">
        <ele>586.555546</ele>
        <time>2021-08-14T07:14:43.560Z</time>
      </trkpt>
      <trkpt lat="48.110351" lon="11.682426">
        <ele>586.588843</ele>
        <time>2021-08-14T07:14:51.533Z</time>
      </trkpt>
      <trkpt lat="48.110306" lon="11.682560">
        <ele>586.623574</ele>
        <time>2021-08-14T07:14:59.526Z</time>
      </trkpt>
      <trkpt lat="48.110262" lon="11.682685">
        <ele>586.656293</ele>
        <time>2021-08-14T07:15:06.530Z</time>
      </trkpt>
      <trkpt lat="48.110200" lon="11.682814">
        <ele>586.693096</ele>
        <time>2021-08-14T07:15:13.534Z</time>
      </trkpt>
      <trkpt lat="48.110163" lon="11.682949">
        <ele>586.726886</ele>
        <time>2021-08-14T07:15:19.534Z</time>
      </trkpt>
      <trkpt lat="48.110136" lon="11.683084">
        <ele>586.759517</ele>
        <time>2021-08-14T07:15:26.526Z</time>
      </trkpt>
      <trkpt lat="48.110091" lon="11.683215">
        <ele>586.793628</ele>
        <time>2021-08-14T07:15:35.526Z</time>
      </trkpt>
      <trkpt lat="48.110065" lon="11.683344">
        <ele>586.824829</ele>
        <time>2021-08-14T07:15:43.527Z</time>
      </trkpt>
      <trkpt lat="48.109998" lon="11.683453">
        <ele>586.859134</ele>
        <time>2021-08-14T07:15:51.525Z</time>
      </trkpt>
      <trkpt lat="48.109932" lon="11.683565">
        <ele>586.893723</ele>
        <time>2021-08-14T07:15:58.524Z</time>
      </trkpt>
      <trkpt lat="48.109882" lon="11.683683">
        <ele>586.926083</ele>
        <time>2021-08-14T07:16:04.523Z</time>
      </trkpt>
      <trkpt lat="48.109845" lon="11.683831">
        <ele>586.962675</ele>
        <time>2021-08-14T07:16:11.533Z</time>
      </trkpt>
      <trkpt lat="48.109772" lon="11.683913">
        <ele>586.994320</ele>
        <time>2021-08-14T07:16:17.525Z</time>
      </trkpt>
      <trkpt lat="48.109695" lon="11.683996">
        <ele>587.011185</ele>
        <time>2021-08-14T07:16:24.533Z</time>
      </trkpt>
      <trkpt lat="48.109636" lon="11.684114">
        <ele>587.006609</ele>
        <time>2021-08-14T07:16:33.536Z</time>
      </trkpt>
      <trkpt lat="48.109567" lon="11.684230">
        <ele>587.001786</ele>
        <time>2021-08-14T07:16:40.525Z</time>
      </trkpt>
      <trkpt lat="48.109492" lon="11.684319">
        <ele>586.997338</ele>
        <time>2021-08-14T07:16:46.527Z</time>
      </trkpt>
      <trkpt lat="48.109420" lon="11.684427">
        <ele>586.992600</ele>
        <time>2021-08-14T07:16:54.524Z</time>
      </trkpt>
      <trkpt lat="48.109348" lon="11.684517">
        <ele>586.988240</ele>
        <time>2021-08-14T07:17:00.527Z</time>
      </trkpt>
      <trkpt lat="48.109299" lon="11.684632">
        <ele>586.984005</ele>
        <time>2021-08-14T07:17:08.527Z</time>
      </trkpt>
      <trkpt lat="48.109231" lon="11.684740">
        <ele>586.979397</ele>
        <time>2021-08-14T07:17:15.526Z</time>
      </trkpt>
      <trkpt lat="48.109178" lon="11.684870">
        <ele>586.974669</ele>
        <time>2021-08-14T07:17:22.530Z</time>
      </trkpt>
      <trkpt lat="48.109104" lon="11.684974">
        <ele>586.969951</ele>
        <time>2021-08-14T07:17:29.524Z</time>
      </trkpt>
      <trkpt lat="48.109040" lon="11.685084">
        <ele>586.965422</ele>
        <time>2021-08-14T07:17:37.532Z</time>
      </trkpt>
      <trkpt lat="48.108970" lon="11.685194">
        <ele>586.960704</ele>
        <time>2021-08-14T07:17:44.530Z</time>
      </trkpt>
      <trkpt lat="48.108894" lon="11.685288">
        <ele>586.956122</ele>
        <time>2021-08-14T07:17:51.525Z</time>
      </trkpt>
      <trkpt lat="48.108847" lon="11.685409">
        <ele>586.951776</ele>
        <time>2021-08-14T07:17:59.525Z</time>
      </trkpt>
      <trkpt lat="48.108769" lon="11.685492">
        <ele>586.947328</ele>
        <time>2021-08-14T07:18:05.523Z</time>
      </trkpt>
      <trkpt lat="48.108697" lon="11.685580">
        <ele>586.943007</ele>
        <time>2021-08-14T07:18:10.526Z</time>
      </trkpt>
      <trkpt lat="48.108620" lon="11.685654">
        <ele>586.938754</ele>
        <time>2021-08-14T07:18:18.532Z</time>
      </trkpt>
      <trkpt lat="48.108525" lon="11.685696">
        <ele>586.934149</ele>
        <time>2021-08-14T07:18:25.515Z</time>
      </trkpt>
      <trkpt lat="48.108421" lon="11.685718">
        <ele>586.922905</ele>
        <time>2021-08-14T07:18:32.527Z</time>
      </trkpt>
      <trkpt lat="48.108324" lon="11.685675">
        <ele>586.763886</ele>
        <time>2021-08-14T07:18:39.520Z</time>
      </trkpt>
      <trkpt lat="48.108238" lon="11.685624">
        <ele>586.618485</ele>
        <time>2021-08-14T07:18:45.513Z</time>
      </trkpt>
      <trkpt lat="48.108151" lon="11.685567">
        <ele>586.469210</ele>
        <time>2021-08-14T07:18:53.529Z</time>
      </trkpt>
      <trkpt lat="48.108058" lon="11.685552">
        <ele>586.322173</ele>
        <time>2021-08-14T07:19:00.527Z</time>
      </trkpt>
      <trkpt lat="48.107957" lon="11.685540">
        <ele>586.162907</ele>
        <time>2021-08-14T07:19:07.523Z</time>
      </trkpt>
      <trkpt lat="48.107853" lon="11.685508">
        <ele>585.996009</ele>
        <time>2021-08-14T07:19:14.528Z</time>
      </trkpt>
      <trkpt lat="48.107748" lon="11.685508">
        <ele>585.830954</ele>
        <time>2021-08-14T07:19:21.525Z</time>
      </trkpt>
      <trkpt lat="48.107644" lon="11.685520">
        <ele>585.666986</ele>
        <time>2021-08-14T07:19:28.524Z</time>
      </trkpt>
      <trkpt lat="48.107553" lon="11.685551">
        <ele>585.520284</ele>
        <time>2021-08-14T07:19:36.524Z</time>
      </trkpt>
      <trkpt lat="48.107451" lon="11.685560">
        <ele>585.359666</ele>
        <time>2021-08-14T07:19:44.546Z</time>
      </trkpt>
      <trkpt lat="48.107357" lon="11.685571">
        <ele>585.211452</ele>
        <time>2021-08-14T07:19:50.525Z</time>
      </trkpt>
      <trkpt lat="48.107257" lon="11.685555">
        <ele>585.053362</ele>
        <time>2021-08-14T07:19:56.523Z</time>
      </trkpt>
      <trkpt lat="48.107161" lon="11.685542">
        <ele>584.901839</ele>
        <time>2021-08-14T07:20:02.524Z</time>
      </trkpt>
      <trkpt lat="48.107063" lon="11.685571">
        <ele>584.744809</ele>
        <time>2021-08-14T07:20:09.526Z</time>
      </trkpt>
      <trkpt lat="48.106964" lon="11.685568">
        <ele>584.589153</ele>
        <time>2021-08-14T07:20:16.525Z</time>
      </trkpt>
      <trkpt lat="48.106870" lon="11.685583">
        <ele>584.440553</ele>
        <time>2021-08-14T07:20:23.537Z</time>
      </trkpt>
      <trkpt lat="48.106769" lon="11.685596">
        <ele>584.281201</ele>
        <time>2021-08-14T07:20:30.525Z</time>
      </trkpt>
      <trkpt lat="48.106674" lon="11.685591">
        <ele>584.131773</ele>
        <time>2021-08-14T07:20:36.525Z</time>
      </trkpt>
      <trkpt lat="48.106574" lon="11.685607">
        <ele>584.376787</ele>
        <time>2021-08-14T07:20:43.537Z</time>
      </trkpt>
      <trkpt lat="48.106479" lon="11.685608">
        <ele>584.696320</ele>
        <time>2021-08-14T07:20:49.527Z</time>
      </trkpt>
      <trkpt lat="48.106377" lon="11.685617">
        <ele>585.039983</ele>
        <time>2021-08-14T07:20:56.529Z</time>
      </trkpt>
      <trkpt lat="48.106289" lon="11.685652">
        <ele>585.346224</ele>
        <time>2021-08-14T07:21:03.530Z</time>
      </trkpt>
      <trkpt lat="48.106188" lon="11.685667">
        <ele>585.687596</ele>
        <time>2021-08-14T07:21:10.532Z</time>
      </trkpt>
      <trkpt lat="48.106092" lon="11.685665">
        <ele>586.010515</ele>
        <time>2021-08-14T07:21:16.532Z</time>
      </trkpt>
      <trkpt lat="48.105993" lon="11.685684">
        <ele>586.346217</ele>
        <time>2021-08-14T07:21:24.530Z</time>
      </trkpt>
      <trkpt lat="48.105901" lon="11.685711">
        <ele>586.661537</ele>
        <time>2021-08-14T07:21:31.525Z</time>
      </trkpt>
      <trkpt lat="48.105810" lon="11.685746">
        <ele>586.977541</ele>
        <time>2021-08-14T07:21:38.527Z</time>
      </trkpt>
      <trkpt lat="48.105708" lon="11.685755">
        <ele>587.321205</ele>
        <time>2021-08-14T07:21:44.526Z</time>
      </trkpt>
      <trkpt lat="48.105615" lon="11.685744">
        <ele>587.634977</ele>
        <time>2021-08-14T07:21:51.549Z</time>
      </trkpt>
      <trkpt lat="48.105516" lon="11.685719">
        <ele>587.972656</ele>
        <time>2021-08-14T07:21:57.527Z</time>
      </trkpt>
      <trkpt lat="48.105417" lon="11.685719">
        <ele>588.305634</ele>
        <time>2021-08-14T07:22:03.559Z</time>
      </trkpt>
      <trkpt lat="48.105326" lon="11.685705">
        <ele>588.613316</ele>
        <time>2021-08-14T07:22:09.535Z</time>
      </trkpt>
      <trkpt lat="48.105234" lon="11.685733">
        <ele>588.929076</ele>
        <time>2021-08-14T07:22:16.531Z</time>
      </trkpt>
      <trkpt lat="48.105144" lon="11.685748">
        <ele>589.233653</ele>
        <time>2021-08-14T07:22:23.533Z</time>
      </trkpt>
      <trkpt lat="48.105040" lon="11.685745">
        <ele>589.583513</ele>
        <time>2021-08-14T07:22:31.529Z</time>
      </trkpt>
      <trkpt lat="48.104938" lon="11.685750">
        <ele>589.926766</ele>
        <time>2021-08-14T07:22:37.551Z</time>
      </trkpt>
      <trkpt lat="48.104846" lon="11.685762">
        <ele>590.168320</ele>
        <time>2021-08-14T07:22:44.528Z</time>
      </trkpt>
      <trkpt lat="48.104756" lon="11.685790">
        <ele>590.228405</ele>
        <time>2021-08-14T07:22:52.527Z</time>
      </trkpt>
      <trkpt lat="48.104663" lon="11.685788">
        <ele>590.289202</ele>
        <time>2021-08-14T07:22:59.528Z</time>
      </trkpt>
      <trkpt lat="48.104558" lon="11.685768">
        <ele>590.358389</ele>
        <time>2021-08-14T07:23:06.535Z</time>
      </trkpt>
      <trkpt lat="48.104462" lon="11.685747">
        <ele>590.421806</ele>
        <time>2021-08-14T07:23:12.547Z</time>
      </trkpt>
      <trkpt lat="48.104363" lon="11.685739">
        <ele>590.486612</ele>
        <time>2021-08-14T07:23:18.526Z</time>
      </trkpt>
      <trkpt lat="48.104267" lon="11.685734">
        <ele>590.549401</ele>
        <time>2021-08-14T07:23:26.526Z</time>
      </trkpt>
      <trkpt lat="48.104170" lon="11.685708">
        <ele>590.613814</ele>
        <time>2021-08-14T07:23:33.532Z</time>
      </trkpt>
      <trkpt lat="48.104070" lon="11.685692">
        <ele>590.679552</ele>
        <time>2021-08-14T07:23:40.527Z</time>
      </trkpt>
      <trkpt lat="48.103966" lon="11.685689">
        <ele>590.747545</ele>
        <time>2021-08-14T07:23:47.550Z</time>
      </trkpt>
      <trkpt lat="48.103875" lon="11.685672">
        <ele>590.807489</ele>
        <time>2021-08-14T07:23:53.513Z</time>
      </trkpt>
      <trkpt lat="48.103768" lon="11.685672">
        <ele>590.877430</ele>
        <time>2021-08-14T07:24:00.524Z</time>
      </trkpt>
      <trkpt lat="48.103670" lon="11.685684">
        <ele>590.941703</ele>
        <time>2021-08-14T07:24:06.533Z</time>
      </trkpt>
      <trkpt lat="48.103568" lon="11.685685">
        <ele>591.008377</ele>
        <time>2021-08-14T07:24:13.537Z</time>
      </trkpt>
      <trkpt lat="48.103479" lon="11.685665">
        <ele>591.067204</ele>
        <time>2021-08-14T07:24:19.528Z</time>
      </trkpt>
      <trkpt lat="48.103376" lon="11.685682">
        <ele>591.134939</ele>
        <time>2021-08-14T07:24:27.533Z</time>
      </trkpt>
      <trkpt lat="48.103286" lon="11.685704">
        <ele>591.194547</ele>
        <time>2021-08-14T07:24:33.556Z</time>
      </trkpt>
      <trkpt lat="48.103191" lon="11.685713">
        <ele>591.256769</ele>
        <time>2021-08-14T07:24:39.528Z</time>
      </trkpt>
      <trkpt lat="48.103093" lon="11.685707">
        <ele>591.320881</ele>
        <time>2021-08-14T07:24:46.528Z</time>
      </trkpt>
      <trkpt lat="48.103001" lon="11.685703">
        <ele>591.213582</ele>
        <time>2021-08-14T07:24:53.533Z</time>
      </trkpt>
      <trkpt lat="48.102902" lon="11.685691">
        <ele>591.075973</ele>
        <time>2021-08-14T07:25:00.532Z</time>
      </trkpt>
      <trkpt lat="48.102805" lon="11.685654">
        <ele>590.937292</ele>
        <time>2021-08-14T07:25:06.526Z</time>
      </trkpt>
      <trkpt lat="48.102713" lon="11.685602">
        <ele>590.801053</ele>
        <time>2021-08-14T07:25:14.533Z</time>
      </trkpt>
      <trkpt lat="48.102615" lon="11.685579">
        <ele>590.663621</ele>
        <time>2021-08-14T07:25:22.531Z</time>
      </trkpt>
      <trkpt lat="48.102519" lon="11.685547">
        <ele>590.527362</ele>
        <time>2021-08-14T07:25:29.542Z</time>
      </trkpt>
      <trkpt lat="48.102428" lon="11.685499">
        <ele>590.393692</ele>
        <time>2021-08-14T07:25:36.533Z</time>
      </trkpt>
      <trkpt lat="48.102332" lon="11.685459">
        <ele>590.255636</ele>
        <time>2021-08-14T07:25:43.535Z</time>
      </trkpt>
      <trkpt lat="48.102241" lon="11.685440">
        <ele>590.128340</ele>
        <time>2021-08-14T07:25:50.532Z</time>
      </trkpt>
      <trkpt lat="48.102144" lon="11.685431">
        <ele>589.993693</ele>
        <time>2021-08-14T07:25:58.530Z</time>
      </trkpt>
      <trkpt lat="48.102045" lon="11.685429">
        <ele>589.856520</ele>
        <time>2021-08-14T07:26:05.536Z</time>
      </trkpt>
      <trkpt lat="48.101951" lon="11.685409">
        <ele>589.724979</ele>
        <time>2021-08-14T07:26:12.527Z</time>
      </trkpt>
      <trkpt lat="48.101854" lon="11.685424">
        <ele>589.589876</ele>
        <time>2021-08-14T07:26:19.526Z</time>
      </trkpt>
      <trkpt lat="48.101754" lon="11.685421">
        <ele>589.451302</ele>
        <time>2021-08-14T07:26:26.507Z</time>
      </trkpt>
      <trkpt lat="48.101651" lon="11.685421">
        <ele>589.308600</ele>
        <time>2021-08-14T07:26:34.516Z</time>
      </trkpt>
      <trkpt lat="48.101552" lon="11.685415">
        <ele>589.171328</ele>
        <time>2021-08-14T07:26:40.534Z</time>
      </trkpt>
      <trkpt lat="48.101459" lon="11.685408">
        <ele>589.042318</ele>
        <time>2021-08-14T07:26:46.534Z</time>
      </trkpt>
      <trkpt lat="48.101369" lon="11.685410">
        <ele>588.917613</ele>
        <time>2021-08-14T07:26:53.537Z</time>
      </trkpt>
      <trkpt lat="48.101277" lon="11.685452">
        <ele>588.915250</ele>
        <time>2021-08-14T07:27:02.534Z</time>
      </trkpt>
      <trkpt lat="48.101143" lon="11.685501">
        <ele>589.214018</ele>
        <time>2021-08-14T07:28:49.533Z</time>
      </trkpt>
      <trkpt lat="48.101057" lon="11.685548">
        <ele>589.412309</ele>
        <time>2021-08-14T07:28:55.536Z</time>
      </trkpt>
      <trkpt lat="48.100967" lon="11.685603">
        <ele>589.622855</ele>
        <time>2021-08-14T07:29:01.532Z</time>
      </trkpt>
      <trkpt lat="48.100888" lon="11.685696">
        <ele>589.840514</ele>
        <time>2021-08-14T07:29:08.534Z</time>
      </trkpt>
      <trkpt lat="48.100809" lon="11.685767">
        <ele>590.040080</ele>
        <time>2021-08-14T07:29:15.538Z</time>
      </trkpt>
      <trkpt lat="48.100733" lon="11.685866">
        <ele>590.258264</ele>
        <time>2021-08-14T07:29:23.537Z</time>
      </trkpt>
      <trkpt lat="48.100699" lon="11.686009">
        <ele>590.477829</ele>
        <time>2021-08-14T07:29:31.533Z</time>
      </trkpt>
      <trkpt lat="48.100624" lon="11.686113">
        <ele>590.699233</ele>
        <time>2021-08-14T07:29:41.537Z</time>
      </trkpt>
      <trkpt lat="48.100535" lon="11.686181">
        <ele>590.915648</ele>
        <time>2021-08-14T07:29:48.533Z</time>
      </trkpt>
      <trkpt lat="48.100438" lon="11.686214">
        <ele>591.131101</ele>
        <time>2021-08-14T07:29:54.533Z</time>
      </trkpt>
      <trkpt lat="48.100368" lon="11.686121">
        <ele>591.333794</ele>
        <time>2021-08-14T07:30:02.532Z</time>
      </trkpt>
      <trkpt lat="48.100320" lon="11.686000">
        <ele>591.537370</ele>
        <time>2021-08-14T07:30:08.533Z</time>
      </trkpt>
      <trkpt lat="48.100277" lon="11.685873">
        <ele>591.743335</ele>
        <time>2021-08-14T07:30:13.534Z</time>
      </trkpt>
      <trkpt lat="48.100256" lon="11.685733">
        <ele>591.950890</ele>
        <time>2021-08-14T07:30:19.536Z</time>
      </trkpt>
      <trkpt lat="48.100239" lon="11.685595">
        <ele>592.153874</ele>
        <time>2021-08-14T07:30:26.535Z</time>
      </trkpt>
      <trkpt lat="48.100175" lon="11.685488">
        <ele>592.361651</ele>
        <time>2021-08-14T07:30:32.534Z</time>
      </trkpt>
      <trkpt lat="48.100119" lon="11.685377">
        <ele>592.562878</ele>
        <time>2021-08-14T07:30:38.516Z</time>
      </trkpt>
      <trkpt lat="48.100060" lon="11.685274">
        <ele>592.716676</ele>
        <time>2021-08-14T07:30:48.552Z</time>
      </trkpt>
      <trkpt lat="48.099992" lon="11.685156">
        <ele>592.599327</ele>
        <time>2021-08-14T07:30:56.527Z</time>
      </trkpt>
      <trkpt lat="48.099931" lon="11.685044">
        <ele>592.490511</ele>
        <time>2021-08-14T07:31:02.524Z</time>
      </trkpt>
      <trkpt lat="48.099860" lon="11.684956">
        <ele>592.386600</ele>
        <time>2021-08-14T07:31:08.525Z</time>
      </trkpt>
      <trkpt lat="48.099788" lon="11.684867">
        <ele>592.281340</ele>
        <time>2021-08-14T07:31:15.524Z</time>
      </trkpt>
      <trkpt lat="48.099722" lon="11.684772">
        <ele>592.178126</ele>
        <time>2021-08-14T07:31:22.552Z</time>
      </trkpt>
      <trkpt lat="48.099685" lon="11.684644">
        <ele>592.073111</ele>
        <time>2021-08-14T07:31:29.529Z</time>
      </trkpt>
      <trkpt lat="48.099635" lon="11.684526">
        <ele>591.967891</ele>
        <time>2021-08-14T07:31:37.506Z</time>
      </trkpt>
      <trkpt lat="48.099580" lon="11.684401">
        <ele>591.855184</ele>
        <time>2021-08-14T07:31:44.526Z</time>
      </trkpt>
      <trkpt lat="48.099546" lon="11.684265">
        <ele>591.745846</ele>
        <time>2021-08-14T07:31:51.525Z</time>
      </trkpt>
      <trkpt lat="48.099490" lon="11.684143">
        <ele>591.634383</ele>
        <time>2021-08-14T07:31:59.519Z</time>
      </trkpt>
      <trkpt lat="48.099430" lon="11.684029">
        <ele>591.525097</ele>
        <time>2021-08-14T07:32:06.525Z</time>
      </trkpt>
      <trkpt lat="48.099416" lon="11.683887">
        <ele>591.417022</ele>
        <time>2021-08-14T07:32:14.524Z</time>
      </trkpt>
      <trkpt lat="48.099417" lon="11.683734">
        <ele>591.301817</ele>
        <time>2021-08-14T07:32:21.532Z</time>
      </trkpt>
      <trkpt lat="48.099409" lon="11.683580">
        <ele>591.185515</ele>
        <time>2021-08-14T07:32:29.527Z</time>
      </trkpt>
      <trkpt lat="48.099394" lon="11.683424">
        <ele>591.066846</ele>
        <time>2021-08-14T07:32:36.526Z</time>
      </trkpt>
      <trkpt lat="48.099351" lon="11.683284">
        <ele>590.950822</ele>
        <time>2021-08-14T07:32:42.536Z</time>
      </trkpt>
      <trkpt lat="48.099336" lon="11.683145">
        <ele>590.844806</ele>
        <time>2021-08-14T07:32:48.526Z</time>
      </trkpt>
      <trkpt lat="48.099328" lon="11.683009">
        <ele>590.742010</ele>
        <time>2021-08-14T07:32:56.555Z</time>
      </trkpt>
      <trkpt lat="48.099309" lon="11.682860">
        <ele>590.678884</ele>
        <time>2021-08-14T07:33:04.532Z</time>
      </trkpt>
      <trkpt lat="48.099267" lon="11.682736">
        <ele>590.644938</ele>
        <time>2021-08-14T07:33:13.534Z</time>
      </trkpt>
      <trkpt lat="48.099200" lon="11.682643">
        <ele>590.611538</ele>
        <time>2021-08-14T07:33:20.515Z</time>
      </trkpt>
      <trkpt lat="48.099177" lon="11.682774">
        <ele>590.578467</ele>
        <time>2021-08-14T07:33:31.498Z</time>
      </trkpt>
      <trkpt lat="48.099258" lon="11.682622">
        <ele>590.530989</ele>
        <time>2021-08-14T07:35:56.519Z</time>
      </trkpt>
      <trkpt lat="48.099220" lon="11.682345">
        <ele>590.461946</ele>
        <time>2021-08-14T07:36:36.524Z</time>
      </trkpt>
      <trkpt lat="48.099202" lon="11.682207">
        <ele>590.427616</ele>
        <time>2021-08-14T07:36:44.523Z</time>
      </trkpt>
      <trkpt lat="48.099190" lon="11.682070">
        <ele>590.393881</ele>
        <time>2021-08-14T07:36:52.510Z</time>
      </trkpt>
      <trkpt lat="48.099179" lon="11.681921">
        <ele>590.357280</ele>
        <time>2021-08-14T07:36:59.523Z</time>
      </trkpt>
      <trkpt lat="48.099167" lon="11.681784">
        <ele>590.323544</ele>
        <time>2021-08-14T07:37:05.522Z</time>
      </trkpt>
      <trkpt lat="48.099140" lon="11.681650">
        <ele>590.289371</ele>
        <time>2021-08-14T07:37:12.520Z</time>
      </trkpt>
      <trkpt lat="48.099112" lon="11.681520">
        <ele>590.256021</ele>
        <time>2021-08-14T07:37:19.627Z</time>
      </trkpt>
      <trkpt lat="48.099089" lon="11.681377">
        <ele>590.220109</ele>
        <time>2021-08-14T07:37:28.523Z</time>
      </trkpt>
      <trkpt lat="48.099059" lon="11.681235">
        <ele>590.183745</ele>
        <time>2021-08-14T07:37:36.524Z</time>
      </trkpt>
      <trkpt lat="48.099006" lon="11.681113">
        <ele>590.148211</ele>
        <time>2021-08-14T07:37:44.523Z</time>
      </trkpt>
      <trkpt lat="48.098917" lon="11.681072">
        <ele>590.114169</ele>
        <time>2021-08-14T07:37:51.528Z</time>
      </trkpt>
      <trkpt lat="48.098850" lon="11.681168">
        <ele>590.080266</ele>
        <time>2021-08-14T07:37:58.534Z</time>
      </trkpt>
      <trkpt lat="48.098793" lon="11.681300">
        <ele>590.084234</ele>
        <time>2021-08-14T07:38:06.563Z</time>
      </trkpt>
      <trkpt lat="48.098728" lon="11.681399">
        <ele>590.413478</ele>
        <time>2021-08-14T07:38:12.533Z</time>
      </trkpt>
      <trkpt lat="48.098667" lon="11.681498">
        <ele>590.732924</ele>
        <time>2021-08-14T07:38:20.530Z</time>
      </trkpt>
      <trkpt lat="48.098589" lon="11.681575">
        <ele>591.064686</ele>
        <time>2021-08-14T07:38:26.534Z</time>
      </trkpt>
      <trkpt lat="48.098514" lon="11.681668">
        <ele>591.410485</ele>
        <time>2021-08-14T07:38:33.541Z</time>
      </trkpt>
      <trkpt lat="48.098434" lon="11.681734">
        <ele>591.734836</ele>
        <time>2021-08-14T07:38:40.531Z</time>
      </trkpt>
      <trkpt lat="48.098340" lon="11.681782">
        <ele>592.087513</ele>
        <time>2021-08-14T07:38:49.528Z</time>
      </trkpt>
      <trkpt lat="48.098253" lon="11.681865">
        <ele>592.453835</ele>
        <time>2021-08-14T07:38:57.534Z</time>
      </trkpt>
      <trkpt lat="48.098184" lon="11.681954">
        <ele>592.777235</ele>
        <time>2021-08-14T07:39:04.527Z</time>
      </trkpt>
      <trkpt lat="48.098095" lon="11.682025">
        <ele>593.135337</ele>
        <time>2021-08-14T07:39:11.529Z</time>
      </trkpt>
      <trkpt lat="48.098009" lon="11.682113">
        <ele>593.505228</ele>
        <time>2021-08-14T07:39:18.527Z</time>
      </trkpt>
      <trkpt lat="48.097929" lon="11.682184">
        <ele>593.835466</ele>
        <time>2021-08-14T07:39:25.534Z</time>
      </trkpt>
      <trkpt lat="48.097855" lon="11.682274">
        <ele>594.174009</ele>
        <time>2021-08-14T07:39:33.532Z</time>
      </trkpt>
      <trkpt lat="48.097777" lon="11.682373">
        <ele>594.537114</ele>
        <time>2021-08-14T07:39:40.534Z</time>
      </trkpt>
      <trkpt lat="48.097707" lon="11.682467">
        <ele>594.871012</ele>
        <time>2021-08-14T07:39:47.524Z</time>
      </trkpt>
      <trkpt lat="48.097624" lon="11.682560">
        <ele>595.239139</ele>
        <time>2021-08-14T07:39:54.528Z</time>
      </trkpt>
      <trkpt lat="48.097552" lon="11.682655">
        <ele>595.579921</ele>
        <time>2021-08-14T07:40:01.530Z</time>
      </trkpt>
      <trkpt lat="48.097490" lon="11.682767">
        <ele>595.924925</ele>
        <time>2021-08-14T07:40:09.530Z</time>
      </trkpt>
      <trkpt lat="48.097428" lon="11.682880">
        <ele>596.271759</ele>
        <time>2021-08-14T07:40:16.527Z</time>
      </trkpt>
      <trkpt lat="48.097361" lon="11.682974">
        <ele>596.379137</ele>
        <time>2021-08-14T07:40:22.525Z</time>
      </trkpt>
      <trkpt lat="48.097305" lon="11.683098">
        <ele>596.263322</ele>
        <time>2021-08-14T07:40:30.530Z</time>
      </trkpt>
      <trkpt lat="48.097243" lon="11.683204">
        <ele>596.154304</ele>
        <time>2021-08-14T07:40:38.529Z</time>
      </trkpt>
      <trkpt lat="48.097204" lon="11.683337">
        <ele>596.041920</ele>
        <time>2021-08-14T07:40:44.531Z</time>
      </trkpt>
      <trkpt lat="48.097227" lon="11.683480">
        <ele>595.928117</ele>
        <time>2021-08-14T07:40:50.532Z</time>
      </trkpt>
      <trkpt lat="48.097269" lon="11.683609">
        <ele>595.817081</ele>
        <time>2021-08-14T07:40:57.526Z</time>
      </trkpt>
      <trkpt lat="48.097315" lon="11.683728">
        <ele>595.710700</ele>
        <time>2021-08-14T07:41:02.238Z</time>
      </trkpt>
      <trkpt lat="48.097372" lon="11.683837">
        <ele>595.603590</ele>
        <time>2021-08-14T07:41:10.231Z</time>
      </trkpt>
      <trkpt lat="48.097368" lon="11.683982">
        <ele>595.491308</ele>
        <time>2021-08-14T07:41:17.229Z</time>
      </trkpt>
      <trkpt lat="48.097391" lon="11.684125">
        <ele>595.377505</ele>
        <time>2021-08-14T07:41:24.252Z</time>
      </trkpt>
      <trkpt lat="48.097419" lon="11.684278">
        <ele>595.254765</ele>
        <time>2021-08-14T07:41:31.229Z</time>
      </trkpt>
      <trkpt lat="48.097482" lon="11.684402">
        <ele>595.134221</ele>
        <time>2021-08-14T07:41:38.231Z</time>
      </trkpt>
      <trkpt lat="48.097500" lon="11.684540">
        <ele>595.025433</ele>
        <time>2021-08-14T07:41:46.252Z</time>
      </trkpt>
      <trkpt lat="48.097539" lon="11.684675">
        <ele>594.911631</ele>
        <time>2021-08-14T07:41:54.227Z</time>
      </trkpt>
      <trkpt lat="48.097576" lon="11.684802">
        <ele>594.804429</ele>
        <time>2021-08-14T07:42:00.231Z</time>
      </trkpt>
      <trkpt lat="48.097568" lon="11.684952">
        <ele>594.688004</ele>
        <time>2021-08-14T07:42:07.235Z</time>
      </trkpt>
      <trkpt lat="48.097618" lon="11.685073">
        <ele>594.577916</ele>
        <time>2021-08-14T07:42:14.232Z</time>
      </trkpt>
      <trkpt lat="48.097670" lon="11.685191">
        <ele>594.468536</ele>
        <time>2021-08-14T07:42:21.221Z</time>
      </trkpt>
      <trkpt lat="48.097661" lon="11.685338">
        <ele>594.354326</ele>
        <time>2021-08-14T07:42:28.224Z</time>
      </trkpt>
      <trkpt lat="48.097689" lon="11.685473">
        <ele>594.143146</ele>
        <time>2021-08-14T07:42:36.230Z</time>
      </trkpt>
      <trkpt lat="48.097736" lon="11.685617">
        <ele>593.898093</ele>
        <time>2021-08-14T07:42:43.229Z</time>
      </trkpt>
      <trkpt lat="48.097773" lon="11.685749">
        <ele>593.679219</ele>
        <time>2021-08-14T07:42:50.233Z</time>
      </trkpt>
      <trkpt lat="48.097800" lon="11.685896">
        <ele>593.446120</ele>
        <time>2021-08-14T07:42:57.222Z</time>
      </trkpt>
      <trkpt lat="48.097839" lon="11.686021">
        <ele>593.235177</ele>
        <time>2021-08-14T07:43:03.226Z</time>
      </trkpt>
      <trkpt lat="48.097881" lon="11.686143">
        <ele>593.025323</ele>
        <time>2021-08-14T07:43:10.235Z</time>
      </trkpt>
      <trkpt lat="48.097913" lon="11.686279">
        <ele>592.804861</ele>
        <time>2021-08-14T07:43:17.248Z</time>
      </trkpt>
      <trkpt lat="48.097918" lon="11.686430">
        <ele>592.573708</ele>
        <time>2021-08-14T07:43:24.228Z</time>
      </trkpt>
      <trkpt lat="48.097924" lon="11.686574">
        <ele>592.353114</ele>
        <time>2021-08-14T07:43:32.230Z</time>
      </trkpt>
      <trkpt lat="48.097994" lon="11.686684">
        <ele>592.120808</ele>
        <time>2021-08-14T07:43:40.233Z</time>
      </trkpt>
      <trkpt lat="48.098080" lon="11.686772">
        <ele>591.882346</ele>
        <time>2021-08-14T07:43:47.234Z</time>
      </trkpt>
      <trkpt lat="48.098122" lon="11.686915">
        <ele>591.643501</ele>
        <time>2021-08-14T07:43:54.227Z</time>
      </trkpt>
      <trkpt lat="48.098158" lon="11.687040">
        <ele>591.435372</ele>
        <time>2021-08-14T07:44:01.225Z</time>
      </trkpt>
      <trkpt lat="48.098191" lon="11.687185">
        <ele>591.201159</ele>
        <time>2021-08-14T07:44:09.230Z</time>
      </trkpt>
      <trkpt lat="48.098236" lon="11.687312">
        <ele>590.981350</ele>
        <time>2021-08-14T07:44:16.230Z</time>
      </trkpt>
      <trkpt lat="48.098277" lon="11.687449">
        <ele>590.751818</ele>
        <time>2021-08-14T07:44:24.229Z</time>
      </trkpt>
      <trkpt lat="48.098330" lon="11.687571">
        <ele>590.529300</ele>
        <time>2021-08-14T07:44:31.227Z</time>
      </trkpt>
      <trkpt lat="48.098370" lon="11.687716">
        <ele>590.289438</ele>
        <time>2021-08-14T07:44:39.230Z</time>
      </trkpt>
      <trkpt lat="48.098400" lon="11.687846">
        <ele>590.169862</ele>
        <time>2021-08-14T07:44:46.227Z</time>
      </trkpt>
      <trkpt lat="48.098436" lon="11.687976">
        <ele>590.082717</ele>
        <time>2021-08-14T07:44:54.229Z</time>
      </trkpt>
      <trkpt lat="48.098476" lon="11.688115">
        <ele>589.988995</ele>
        <time>2021-08-14T07:45:01.211Z</time>
      </trkpt>
      <trkpt lat="48.098538" lon="11.688226">
        <ele>589.899390</ele>
        <time>2021-08-14T07:45:08.229Z</time>
      </trkpt>
      <trkpt lat="48.098589" lon="11.688346">
        <ele>589.811314</ele>
        <time>2021-08-14T07:45:15.227Z</time>
      </trkpt>
      <trkpt lat="48.098615" lon="11.688489">
        <ele>589.719542</ele>
        <time>2021-08-14T07:45:23.249Z</time>
      </trkpt>
      <trkpt lat="48.098669" lon="11.688605">
        <ele>589.631984</ele>
        <time>2021-08-14T07:45:29.231Z</time>
      </trkpt>
      <trkpt lat="48.098712" lon="11.688726">
        <ele>589.547111</ele>
        <time>2021-08-14T07:45:36.231Z</time>
      </trkpt>
      <trkpt lat="48.098775" lon="11.688841">
        <ele>589.455008</ele>
        <time>2021-08-14T07:45:44.229Z</time>
      </trkpt>
      <trkpt lat="48.098815" lon="11.688973">
        <ele>589.365251</ele>
        <time>2021-08-14T07:45:51.225Z</time>
      </trkpt>
      <trkpt lat="48.098847" lon="11.689104">
        <ele>589.278877</ele>
        <time>2021-08-14T07:45:58.223Z</time>
      </trkpt>
      <trkpt lat="48.098923" lon="11.689212">
        <ele>589.181729</ele>
        <time>2021-08-14T07:46:05.229Z</time>
      </trkpt>
      <trkpt lat="48.098973" lon="11.689340">
        <ele>589.089906</ele>
        <time>2021-08-14T07:46:14.214Z</time>
      </trkpt>
      <trkpt lat="48.099004" lon="11.689481">
        <ele>588.997987</ele>
        <time>2021-08-14T07:46:23.231Z</time>
      </trkpt>
      <trkpt lat="48.098922" lon="11.689578">
        <ele>588.901095</ele>
        <time>2021-08-14T07:46:30.232Z</time>
      </trkpt>
      <trkpt lat="48.098868" lon="11.689689">
        <ele>588.816059</ele>
        <time>2021-08-14T07:46:35.228Z</time>
      </trkpt>
      <trkpt lat="48.098838" lon="11.689818">
        <ele>588.731475</ele>
        <time>2021-08-14T07:46:42.229Z</time>
      </trkpt>
      <trkpt lat="48.098818" lon="11.689970">
        <ele>588.635544</ele>
        <time>2021-08-14T07:46:49.194Z</time>
      </trkpt>
      <trkpt lat="48.098765" lon="11.690100">
        <ele>588.592574</ele>
        <time>2021-08-14T07:46:57.232Z</time>
      </trkpt>
      <trkpt lat="48.098743" lon="11.690231">
        <ele>588.698108</ele>
        <time>2021-08-14T07:47:04.212Z</time>
      </trkpt>
      <trkpt lat="48.098720" lon="11.690384">
        <ele>588.820633</ele>
        <time>2021-08-14T07:47:11.218Z</time>
      </trkpt>
      <trkpt lat="48.098689" lon="11.690521">
        <ele>588.933645</ele>
        <time>2021-08-14T07:47:18.197Z</time>
      </trkpt>
      <trkpt lat="48.098649" lon="11.690657">
        <ele>589.049746</ele>
        <time>2021-08-14T07:47:26.228Z</time>
      </trkpt>
      <trkpt lat="48.098610" lon="11.690789">
        <ele>589.162516</ele>
        <time>2021-08-14T07:47:34.231Z</time>
      </trkpt>
      <trkpt lat="48.098564" lon="11.690920">
        <ele>589.278148</ele>
        <time>2021-08-14T07:47:41.223Z</time>
      </trkpt>
      <trkpt lat="48.098509" lon="11.691049">
        <ele>589.397719</ele>
        <time>2021-08-14T07:47:48.233Z</time>
      </trkpt>
      <trkpt lat="48.098450" lon="11.691161">
        <ele>589.509167</ele>
        <time>2021-08-14T07:47:54.227Z</time>
      </trkpt>
      <trkpt lat="48.098395" lon="11.691271">
        <ele>589.616524</ele>
        <time>2021-08-14T07:48:02.264Z</time>
      </trkpt>
      <trkpt lat="48.098366" lon="11.691403">
        <ele>589.725090</ele>
        <time>2021-08-14T07:48:10.226Z</time>
      </trkpt>
      <trkpt lat="48.098327" lon="11.691527">
        <ele>589.832174</ele>
        <time>2021-08-14T07:48:18.224Z</time>
      </trkpt>
      <trkpt lat="48.098281" lon="11.691655">
        <ele>589.945737</ele>
        <time>2021-08-14T07:48:25.227Z</time>
      </trkpt>
      <trkpt lat="48.098238" lon="11.691793">
        <ele>590.064712</ele>
        <time>2021-08-14T07:48:32.234Z</time>
      </trkpt>
      <trkpt lat="48.098193" lon="11.691910">
        <ele>590.170197</ele>
        <time>2021-08-14T07:48:39.232Z</time>
      </trkpt>
      <trkpt lat="48.098125" lon="11.692019">
        <ele>590.286731</ele>
        <time>2021-08-14T07:48:45.229Z</time>
      </trkpt>
      <trkpt lat="48.098055" lon="11.692121">
        <ele>590.400995</ele>
        <time>2021-08-14T07:48:51.228Z</time>
      </trkpt>
      <trkpt lat="48.097979" lon="11.692200">
        <ele>590.509227</ele>
        <time>2021-08-14T07:49:00.228Z</time>
      </trkpt>
      <trkpt lat="48.097919" lon="11.692306">
        <ele>590.617787</ele>
        <time>2021-08-14T07:49:08.212Z</time>
      </trkpt>
      <trkpt lat="48.097864" lon="11.692433">
        <ele>590.655652</ele>
        <time>2021-08-14T07:49:16.226Z</time>
      </trkpt>
      <trkpt lat="48.097808" lon="11.692562">
        <ele>590.633728</ele>
        <time>2021-08-14T07:49:23.230Z</time>
      </trkpt>
      <trkpt lat="48.097744" lon="11.692676">
        <ele>590.612506</ele>
        <time>2021-08-14T07:49:31.229Z</time>
      </trkpt>
      <trkpt lat="48.097684" lon="11.692784">
        <ele>590.592488</ele>
        <time>2021-08-14T07:49:38.221Z</time>
      </trkpt>
      <trkpt lat="48.097652" lon="11.692919">
        <ele>590.572075</ele>
        <time>2021-08-14T07:49:46.226Z</time>
      </trkpt>
      <trkpt lat="48.097625" lon="11.693067">
        <ele>590.550212</ele>
        <time>2021-08-14T07:49:53.220Z</time>
      </trkpt>
      <trkpt lat="48.097586" lon="11.693190">
        <ele>590.530810</ele>
        <time>2021-08-14T07:49:59.220Z</time>
      </trkpt>
      <trkpt lat="48.097558" lon="11.693331">
        <ele>590.509848</ele>
        <time>2021-08-14T07:50:07.250Z</time>
      </trkpt>
      <trkpt lat="48.097531" lon="11.693460">
        <ele>590.490584</ele>
        <time>2021-08-14T07:50:16.230Z</time>
      </trkpt>
      <trkpt lat="48.097468" lon="11.693574">
        <ele>590.469499</ele>
        <time>2021-08-14T07:50:22.233Z</time>
      </trkpt>
      <trkpt lat="48.097416" lon="11.693691">
        <ele>590.449472</ele>
        <time>2021-08-14T07:50:29.229Z</time>
      </trkpt>
      <trkpt lat="48.097373" lon="11.693814">
        <ele>590.429689</ele>
        <time>2021-08-14T07:50:36.231Z</time>
      </trkpt>
      <trkpt lat="48.097315" lon="11.693935">
        <ele>590.408465</ele>
        <time>2021-08-14T07:50:44.228Z</time>
      </trkpt>
      <trkpt lat="48.097248" lon="11.694053">
        <ele>590.386395</ele>
        <time>2021-08-14T07:50:52.235Z</time>
      </trkpt>
      <trkpt lat="48.097185" lon="11.694158">
        <ele>590.366281</ele>
        <time>2021-08-14T07:50:58.230Z</time>
      </trkpt>
      <trkpt lat="48.097144" lon="11.694284">
        <ele>590.346308</ele>
        <time>2021-08-14T07:51:07.231Z</time>
      </trkpt>
      <trkpt lat="48.097111" lon="11.694426">
        <ele>590.324883</ele>
        <time>2021-08-14T07:51:14.207Z</time>
      </trkpt>
      <trkpt lat="48.097059" lon="11.694537">
        <ele>590.305562</ele>
        <time>2021-08-14T07:51:21.190Z</time>
      </trkpt>
      <trkpt lat="48.096981" lon="11.694618">
        <ele>590.285309</ele>
        <time>2021-08-14T07:51:28.208Z</time>
      </trkpt>
      <trkpt lat="48.096898" lon="11.694673">
        <ele>590.392466</ele>
        <time>2021-08-14T07:51:36.187Z</time>
      </trkpt>
      <trkpt lat="48.096834" lon="11.694555">
        <ele>590.520219</ele>
        <time>2021-08-14T07:51:45.186Z</time>
      </trkpt>
      <trkpt lat="48.096787" lon="11.694436">
        <ele>590.636410</ele>
        <time>2021-08-14T07:51:53.191Z</time>
      </trkpt>
      <trkpt lat="48.096725" lon="11.694325">
        <ele>590.758023</ele>
        <time>2021-08-14T07:52:01.190Z</time>
      </trkpt>
      <trkpt lat="48.096667" lon="11.694202">
        <ele>590.884566</ele>
        <time>2021-08-14T07:52:09.190Z</time>
      </trkpt>
      <trkpt lat="48.096613" lon="11.694071">
        <ele>591.013945</ele>
        <time>2021-08-14T07:52:16.190Z</time>
      </trkpt>
      <trkpt lat="48.096543" lon="11.693961">
        <ele>591.141639</ele>
        <time>2021-08-14T07:52:23.187Z</time>
      </trkpt>
      <trkpt lat="48.096476" lon="11.693865">
        <ele>591.258335</ele>
        <time>2021-08-14T07:52:30.170Z</time>
      </trkpt>
      <trkpt lat="48.096411" lon="11.693761">
        <ele>591.378044</ele>
        <time>2021-08-14T07:52:37.184Z</time>
      </trkpt>
      <trkpt lat="48.096355" lon="11.693657">
        <ele>591.490319</ele>
        <time>2021-08-14T07:52:45.192Z</time>
      </trkpt>
      <trkpt lat="48.096295" lon="11.693554">
        <ele>591.605185</ele>
        <time>2021-08-14T07:52:53.189Z</time>
      </trkpt>
      <trkpt lat="48.096238" lon="11.693435">
        <ele>591.728260</ele>
        <time>2021-08-14T07:53:01.189Z</time>
      </trkpt>
      <trkpt lat="48.096189" lon="11.693306">
        <ele>591.852985</ele>
        <time>2021-08-14T07:53:07.194Z</time>
      </trkpt>
      <trkpt lat="48.096139" lon="11.693182">
        <ele>591.974721</ele>
        <time>2021-08-14T07:53:14.197Z</time>
      </trkpt>
      <trkpt lat="48.096093" lon="11.693058">
        <ele>592.093933</ele>
        <time>2021-08-14T07:53:20.185Z</time>
      </trkpt>
      <trkpt lat="48.096033" lon="11.692934">
        <ele>592.222624</ele>
        <time>2021-08-14T07:53:28.183Z</time>
      </trkpt>
      <trkpt lat="48.095989" lon="11.692812">
        <ele>592.339153</ele>
        <time>2021-08-14T07:53:35.186Z</time>
      </trkpt>
      <trkpt lat="48.095950" lon="11.692685">
        <ele>592.456632</ele>
        <time>2021-08-14T07:53:41.182Z</time>
      </trkpt>
      <trkpt lat="48.095900" lon="11.692556">
        <ele>592.590487</ele>
        <time>2021-08-14T07:53:48.185Z</time>
      </trkpt>
      <trkpt lat="48.095848" lon="11.692438">
        <ele>592.738724</ele>
        <time>2021-08-14T07:53:55.188Z</time>
      </trkpt>
      <trkpt lat="48.095786" lon="11.692316">
        <ele>592.899472</ele>
        <time>2021-08-14T07:54:01.182Z</time>
      </trkpt>
      <trkpt lat="48.095744" lon="11.692196">
        <ele>593.041531</ele>
        <time>2021-08-14T07:54:08.193Z</time>
      </trkpt>
      <trkpt lat="48.095711" lon="11.692060">
        <ele>593.193256</ele>
        <time>2021-08-14T07:54:16.182Z</time>
      </trkpt>
      <trkpt lat="48.095655" lon="11.691953">
        <ele>593.335797</ele>
        <time>2021-08-14T07:54:24.192Z</time>
      </trkpt>
      <trkpt lat="48.095600" lon="11.691839">
        <ele>593.483260</ele>
        <time>2021-08-14T07:54:30.186Z</time>
      </trkpt>
      <trkpt lat="48.095544" lon="11.691726">
        <ele>593.630805</ele>
        <time>2021-08-14T07:54:36.187Z</time>
      </trkpt>
      <trkpt lat="48.095470" lon="11.691623">
        <ele>593.789431</ele>
        <time>2021-08-14T07:54:46.186Z</time>
      </trkpt>
      <trkpt lat="48.095389" lon="11.691550">
        <ele>593.937859</ele>
        <time>2021-08-14T07:54:52.191Z</time>
      </trkpt>
      <trkpt lat="48.095314" lon="11.691445">
        <ele>594.099064</ele>
        <time>2021-08-14T07:54:58.203Z</time>
      </trkpt>
      <trkpt lat="48.095246" lon="11.691345">
        <ele>594.248706</ele>
        <time>2021-08-14T07:55:04.191Z</time>
      </trkpt>
      <trkpt lat="48.095162" lon="11.691257">
        <ele>594.409661</ele>
        <time>2021-08-14T07:55:12.191Z</time>
      </trkpt>
      <trkpt lat="48.095087" lon="11.691171">
        <ele>594.557974</ele>
        <time>2021-08-14T07:55:19.185Z</time>
      </trkpt>
      <trkpt lat="48.095004" lon="11.691100">
        <ele>594.708051</ele>
        <time>2021-08-14T07:55:26.189Z</time>
      </trkpt>
      <trkpt lat="48.094918" lon="11.691021">
        <ele>594.866456</ele>
        <time>2021-08-14T07:55:36.184Z</time>
      </trkpt>
      <trkpt lat="48.094826" lon="11.690977">
        <ele>595.018084</ele>
        <time>2021-08-14T07:55:55.178Z</time>
      </trkpt>
      <trkpt lat="48.094744" lon="11.690914">
        <ele>595.162783</ele>
        <time>2021-08-14T07:56:03.192Z</time>
      </trkpt>
      <trkpt lat="48.094663" lon="11.690854">
        <ele>595.304664</ele>
        <time>2021-08-14T07:56:10.192Z</time>
      </trkpt>
      <trkpt lat="48.094574" lon="11.690814">
        <ele>595.438855</ele>
        <time>2021-08-14T07:56:18.217Z</time>
      </trkpt>
      <trkpt lat="48.094470" lon="11.690807">
        <ele>595.578118</ele>
        <time>2021-08-14T07:56:25.192Z</time>
      </trkpt>
      <trkpt lat="48.094367" lon="11.690822">
        <ele>595.716553</ele>
        <time>2021-08-14T07:56:31.193Z</time>
      </trkpt>
      <trkpt lat="48.094276" lon="11.690871">
        <ele>595.845918</ele>
        <time>2021-08-14T07:56:38.191Z</time>
      </trkpt>
      <trkpt lat="48.094194" lon="11.690927">
        <ele>595.966483</ele>
        <time>2021-08-14T07:56:45.177Z</time>
      </trkpt>
      <trkpt lat="48.094101" lon="11.690968">
        <ele>596.096172</ele>
        <time>2021-08-14T07:56:54.191Z</time>
      </trkpt>
      <trkpt lat="48.094018" lon="11.691034">
        <ele>596.221891</ele>
        <time>2021-08-14T07:57:02.201Z</time>
      </trkpt>
      <trkpt lat="48.093928" lon="11.691072">
        <ele>596.346981</ele>
        <time>2021-08-14T07:57:10.188Z</time>
      </trkpt>
      <trkpt lat="48.093836" lon="11.691116">
        <ele>596.476177</ele>
        <time>2021-08-14T07:57:18.188Z</time>
      </trkpt>
      <trkpt lat="48.093747" lon="11.691173">
        <ele>596.605669</ele>
        <time>2021-08-14T07:57:24.191Z</time>
      </trkpt>
      <trkpt lat="48.093652" lon="11.691226">
        <ele>596.741289</ele>
        <time>2021-08-14T07:57:30.193Z</time>
      </trkpt>
      <trkpt lat="48.093573" lon="11.691294">
        <ele>596.863188</ele>
        <time>2021-08-14T07:57:37.191Z</time>
      </trkpt>
      <trkpt lat="48.093491" lon="11.691357">
        <ele>596.986481</ele>
        <time>2021-08-14T07:57:45.177Z</time>
      </trkpt>
      <trkpt lat="48.093399" lon="11.691379">
        <ele>597.111110</ele>
        <time>2021-08-14T07:57:52.196Z</time>
      </trkpt>
      <trkpt lat="48.093306" lon="11.691396">
        <ele>597.236442</ele>
        <time>2021-08-14T07:57:59.188Z</time>
      </trkpt>
      <trkpt lat="48.093213" lon="11.691393">
        <ele>597.360878</ele>
        <time>2021-08-14T07:58:06.191Z</time>
      </trkpt>
      <trkpt lat="48.093119" lon="11.691393">
        <ele>597.486624</ele>
        <time>2021-08-14T07:58:13.210Z</time>
      </trkpt>
      <trkpt lat="48.093027" lon="11.691391">
        <ele>597.609707</ele>
        <time>2021-08-14T07:58:21.190Z</time>
      </trkpt>
      <trkpt lat="48.092936" lon="11.691391">
        <ele>597.731439</ele>
        <time>2021-08-14T07:58:28.187Z</time>
      </trkpt>
      <trkpt lat="48.092927" lon="11.691250">
        <ele>597.626206</ele>
        <time>2021-08-14T08:01:00.189Z</time>
      </trkpt>
      <trkpt lat="48.092871" lon="11.691130">
        <ele>597.380077</ele>
        <time>2021-08-14T08:01:11.189Z</time>
      </trkpt>
      <trkpt lat="48.092807" lon="11.691032">
        <ele>597.149632</ele>
        <time>2021-08-14T08:01:20.016Z</time>
      </trkpt>
      <trkpt lat="48.092692" lon="11.690891">
        <ele>596.775461</ele>
        <time>2021-08-14T08:01:27.002Z</time>
      </trkpt>
      <trkpt lat="48.092619" lon="11.690798">
        <ele>596.534177</ele>
        <time>2021-08-14T08:01:32.042Z</time>
      </trkpt>
      <trkpt lat="48.092528" lon="11.690760">
        <ele>596.296362</ele>
        <time>2021-08-14T08:01:41.029Z</time>
      </trkpt>
      <trkpt lat="48.092441" lon="11.690724">
        <ele>596.069149</ele>
        <time>2021-08-14T08:01:48.025Z</time>
      </trkpt>
      <trkpt lat="48.092352" lon="11.690681">
        <ele>595.833736</ele>
        <time>2021-08-14T08:01:55.013Z</time>
      </trkpt>
      <trkpt lat="48.092254" lon="11.690638">
        <ele>595.576668</ele>
        <time>2021-08-14T08:02:05.012Z</time>
      </trkpt>
      <trkpt lat="48.092164" lon="11.690656">
        <ele>595.348101</ele>
        <time>2021-08-14T08:02:13.012Z</time>
      </trkpt>
      <trkpt lat="48.092074" lon="11.690668">
        <ele>595.120650</ele>
        <time>2021-08-14T08:02:20.019Z</time>
      </trkpt>
      <trkpt lat="48.091974" lon="11.690654">
        <ele>594.867826</ele>
        <time>2021-08-14T08:02:28.013Z</time>
      </trkpt>
      <trkpt lat="48.091872" lon="11.690648">
        <ele>594.610866</ele>
        <time>2021-08-14T08:02:36.020Z</time>
      </trkpt>
      <trkpt lat="48.091778" lon="11.690649">
        <ele>594.374237</ele>
        <time>2021-08-14T08:02:42.012Z</time>
      </trkpt>
      <trkpt lat="48.091704" lon="11.690560">
        <ele>594.135297</ele>
        <time>2021-08-14T08:02:50.019Z</time>
      </trkpt>
      <trkpt lat="48.091713" lon="11.690420">
        <ele>593.898816</ele>
        <time>2021-08-14T08:02:56.017Z</time>
      </trkpt>
      <trkpt lat="48.091747" lon="11.690280">
        <ele>593.648346</ele>
        <time>2021-08-14T08:03:03.011Z</time>
      </trkpt>
      <trkpt lat="48.091774" lon="11.690129">
        <ele>593.385517</ele>
        <time>2021-08-14T08:03:10.021Z</time>
      </trkpt>
      <trkpt lat="48.091775" lon="11.689993">
        <ele>593.107479</ele>
        <time>2021-08-14T08:03:17.015Z</time>
      </trkpt>
      <trkpt lat="48.091757" lon="11.689851">
        <ele>592.735575</ele>
        <time>2021-08-14T08:03:24.043Z</time>
      </trkpt>
      <trkpt lat="48.091755" lon="11.689698">
        <ele>592.341812</ele>
        <time>2021-08-14T08:03:32.015Z</time>
      </trkpt>
      <trkpt lat="48.091744" lon="11.689552">
        <ele>591.963755</ele>
        <time>2021-08-14T08:03:39.014Z</time>
      </trkpt>
      <trkpt lat="48.091733" lon="11.689411">
        <ele>591.598479</ele>
        <time>2021-08-14T08:03:47.016Z</time>
      </trkpt>
      <trkpt lat="48.091731" lon="11.689263">
        <ele>591.217580</ele>
        <time>2021-08-14T08:03:56.024Z</time>
      </trkpt>
      <trkpt lat="48.091712" lon="11.689117">
        <ele>590.834841</ele>
        <time>2021-08-14T08:04:02.022Z</time>
      </trkpt>
      <trkpt lat="48.091695" lon="11.688971">
        <ele>590.453500</ele>
        <time>2021-08-14T08:04:09.022Z</time>
      </trkpt>
      <trkpt lat="48.091679" lon="11.688823">
        <ele>590.067722</ele>
        <time>2021-08-14T08:04:18.021Z</time>
      </trkpt>
      <trkpt lat="48.091659" lon="11.688687">
        <ele>589.709396</ele>
        <time>2021-08-14T08:04:25.020Z</time>
      </trkpt>
      <trkpt lat="48.091703" lon="11.688556">
        <ele>589.332099</ele>
        <time>2021-08-14T08:04:37.018Z</time>
      </trkpt>
      <trkpt lat="48.091720" lon="11.688418">
        <ele>588.971020</ele>
        <time>2021-08-14T08:04:47.019Z</time>
      </trkpt>
      <trkpt lat="48.091727" lon="11.688260">
        <ele>588.563574</ele>
        <time>2021-08-14T08:04:55.015Z</time>
      </trkpt>
      <trkpt lat="48.091734" lon="11.688071">
        <ele>588.076508</ele>
        <time>2021-08-14T08:05:03.021Z</time>
      </trkpt>
      <trkpt lat="48.091742" lon="11.687932">
        <ele>587.717519</ele>
        <time>2021-08-14T08:05:08.019Z</time>
      </trkpt>
      <trkpt lat="48.091746" lon="11.687785">
        <ele>587.338957</ele>
        <time>2021-08-14T08:05:16.021Z</time>
      </trkpt>
      <trkpt lat="48.091754" lon="11.687637">
        <ele>586.956891</ele>
        <time>2021-08-14T08:05:24.020Z</time>
      </trkpt>
      <trkpt lat="48.091737" lon="11.687498">
        <ele>586.593282</ele>
        <time>2021-08-14T08:05:32.013Z</time>
      </trkpt>
      <trkpt lat="48.091713" lon="11.687364">
        <ele>586.435173</ele>
        <time>2021-08-14T08:05:39.015Z</time>
      </trkpt>
      <trkpt lat="48.091677" lon="11.687224">
        <ele>586.956050</ele>
        <time>2021-08-14T08:05:46.016Z</time>
      </trkpt>
      <trkpt lat="48.091625" lon="11.687099">
        <ele>587.467361</ele>
        <time>2021-08-14T08:05:54.012Z</time>
      </trkpt>
      <trkpt lat="48.091557" lon="11.687010">
        <ele>587.936876</ele>
        <time>2021-08-14T08:06:01.024Z</time>
      </trkpt>
      <trkpt lat="48.091484" lon="11.686915">
        <ele>588.439672</ele>
        <time>2021-08-14T08:06:08.021Z</time>
      </trkpt>
      <trkpt lat="48.091414" lon="11.686808">
        <ele>588.959706</ele>
        <time>2021-08-14T08:06:15.044Z</time>
      </trkpt>
      <trkpt lat="48.091352" lon="11.686699">
        <ele>589.456806</ele>
        <time>2021-08-14T08:06:20.018Z</time>
      </trkpt>
      <trkpt lat="48.091280" lon="11.686587">
        <ele>589.996539</ele>
        <time>2021-08-14T08:06:26.045Z</time>
      </trkpt>
      <trkpt lat="48.091192" lon="11.686509">
        <ele>590.528148</ele>
        <time>2021-08-14T08:06:32.018Z</time>
      </trkpt>
      <trkpt lat="48.091092" lon="11.686484">
        <ele>591.055173</ele>
        <time>2021-08-14T08:06:38.021Z</time>
      </trkpt>
      <trkpt lat="48.090998" lon="11.686480">
        <ele>591.544008</ele>
        <time>2021-08-14T08:06:43.018Z</time>
      </trkpt>
      <trkpt lat="48.090896" lon="11.686484">
        <ele>592.074414</ele>
        <time>2021-08-14T08:06:51.027Z</time>
      </trkpt>
      <trkpt lat="48.090805" lon="11.686502">
        <ele>592.551567</ele>
        <time>2021-08-14T08:06:58.019Z</time>
      </trkpt>
      <trkpt lat="48.090706" lon="11.686512">
        <ele>593.067367</ele>
        <time>2021-08-14T08:07:05.020Z</time>
      </trkpt>
      <trkpt lat="48.090607" lon="11.686529">
        <ele>593.585370</ele>
        <time>2021-08-14T08:07:12.001Z</time>
      </trkpt>
      <trkpt lat="48.090505" lon="11.686549">
        <ele>594.120122</ele>
        <time>2021-08-14T08:07:18.019Z</time>
      </trkpt>
      <trkpt lat="48.090406" lon="11.686526">
        <ele>594.640911</ele>
        <time>2021-08-14T08:07:26.021Z</time>
      </trkpt>
      <trkpt lat="48.090313" lon="11.686521">
        <ele>595.124662</ele>
        <time>2021-08-14T08:07:33.018Z</time>
      </trkpt>
      <trkpt lat="48.090222" lon="11.686499">
        <ele>595.603833</ele>
        <time>2021-08-14T08:07:42.003Z</time>
      </trkpt>
      <trkpt lat="48.090138" lon="11.686445">
        <ele>595.658092</ele>
        <time>2021-08-14T08:07:48.019Z</time>
      </trkpt>
      <trkpt lat="48.090065" lon="11.686354">
        <ele>595.642733</ele>
        <time>2021-08-14T08:07:54.027Z</time>
      </trkpt>
      <trkpt lat="48.090011" lon="11.686474">
        <ele>595.627106</ele>
        <time>2021-08-14T08:08:04.021Z</time>
      </trkpt>
      <trkpt lat="48.089978" lon="11.686610">
        <ele>595.611478</ele>
        <time>2021-08-14T08:08:11.034Z</time>
      </trkpt>
      <trkpt lat="48.089950" lon="11.686741">
        <ele>595.596623</ele>
        <time>2021-08-14T08:08:18.026Z</time>
      </trkpt>
      <trkpt lat="48.089916" lon="11.686885">
        <ele>595.580128</ele>
        <time>2021-08-14T08:08:26.022Z</time>
      </trkpt>
      <trkpt lat="48.089860" lon="11.687009">
        <ele>595.563962</ele>
        <time>2021-08-14T08:08:33.020Z</time>
      </trkpt>
      <trkpt lat="48.089810" lon="11.687126">
        <ele>595.548961</ele>
        <time>2021-08-14T08:08:40.017Z</time>
      </trkpt>
      <trkpt lat="48.089758" lon="11.687253">
        <ele>595.532873</ele>
        <time>2021-08-14T08:08:48.019Z</time>
      </trkpt>
      <trkpt lat="48.089726" lon="11.687385">
        <ele>595.517706</ele>
        <time>2021-08-14T08:08:55.018Z</time>
      </trkpt>
      <trkpt lat="48.089686" lon="11.687512">
        <ele>595.502542</ele>
        <time>2021-08-14T08:09:02.022Z</time>
      </trkpt>
      <trkpt lat="48.089621" lon="11.687613">
        <ele>595.487394</ele>
        <time>2021-08-14T08:09:10.021Z</time>
      </trkpt>
      <trkpt lat="48.089555" lon="11.687727">
        <ele>595.471101</ele>
        <time>2021-08-14T08:09:16.021Z</time>
      </trkpt>
      <trkpt lat="48.089523" lon="11.687859">
        <ele>595.455934</ele>
        <time>2021-08-14T08:09:23.021Z</time>
      </trkpt>
      <trkpt lat="48.089475" lon="11.687983">
        <ele>595.440456</ele>
        <time>2021-08-14T08:09:50.024Z</time>
      </trkpt>
      <trkpt lat="48.089423" lon="11.688105">
        <ele>595.424825</ele>
        <time>2021-08-14T08:09:56.989Z</time>
      </trkpt>
      <trkpt lat="48.089370" lon="11.688233">
        <ele>595.408560</ele>
        <time>2021-08-14T08:10:05.013Z</time>
      </trkpt>
      <trkpt lat="48.089319" lon="11.688360">
        <ele>595.392556</ele>
        <time>2021-08-14T08:10:12.020Z</time>
      </trkpt>
      <trkpt lat="48.089271" lon="11.688474">
        <ele>595.372246</ele>
        <time>2021-08-14T08:10:18.025Z</time>
      </trkpt>
      <trkpt lat="48.089220" lon="11.688600">
        <ele>595.309798</ele>
        <time>2021-08-14T08:10:24.024Z</time>
      </trkpt>
      <trkpt lat="48.089173" lon="11.688726">
        <ele>595.248627</ele>
        <time>2021-08-14T08:10:32.050Z</time>
      </trkpt>
      <trkpt lat="48.089134" lon="11.688848">
        <ele>595.191297</ele>
        <time>2021-08-14T08:10:39.024Z</time>
      </trkpt>
      <trkpt lat="48.089088" lon="11.688968">
        <ele>595.132652</ele>
        <time>2021-08-14T08:10:46.025Z</time>
      </trkpt>
      <trkpt lat="48.089040" lon="11.689091">
        <ele>595.072270</ele>
        <time>2021-08-14T08:10:53.005Z</time>
      </trkpt>
      <trkpt lat="48.088989" lon="11.689202">
        <ele>595.015165</ele>
        <time>2021-08-14T08:11:00.022Z</time>
      </trkpt>
      <trkpt lat="48.088938" lon="11.689333">
        <ele>594.950894</ele>
        <time>2021-08-14T08:11:07.021Z</time>
      </trkpt>
      <trkpt lat="48.088891" lon="11.689467">
        <ele>594.886741</ele>
        <time>2021-08-14T08:11:14.027Z</time>
      </trkpt>
      <trkpt lat="48.088841" lon="11.689589">
        <ele>594.826071</ele>
        <time>2021-08-14T08:11:23.026Z</time>
      </trkpt>
      <trkpt lat="48.088788" lon="11.689719">
        <ele>594.761514</ele>
        <time>2021-08-14T08:11:30.050Z</time>
      </trkpt>
      <trkpt lat="48.088739" lon="11.689841">
        <ele>594.701173</ele>
        <time>2021-08-14T08:11:37.030Z</time>
      </trkpt>
      <trkpt lat="48.088692" lon="11.689960">
        <ele>594.642574</ele>
        <time>2021-08-14T08:11:45.028Z</time>
      </trkpt>
      <trkpt lat="48.088648" lon="11.690081">
        <ele>594.584178</ele>
        <time>2021-08-14T08:11:51.033Z</time>
      </trkpt>
      <trkpt lat="48.088602" lon="11.690204">
        <ele>594.524426</ele>
        <time>2021-08-14T08:11:58.024Z</time>
      </trkpt>
      <trkpt lat="48.088560" lon="11.690331">
        <ele>594.464357</ele>
        <time>2021-08-14T08:12:05.048Z</time>
      </trkpt>
      <trkpt lat="48.088501" lon="11.690454">
        <ele>594.400170</ele>
        <time>2021-08-14T08:12:13.023Z</time>
      </trkpt>
      <trkpt lat="48.088457" lon="11.690579">
        <ele>594.340279</ele>
        <time>2021-08-14T08:12:20.028Z</time>
      </trkpt>
      <trkpt lat="48.088403" lon="11.690692">
        <ele>594.281385</ele>
        <time>2021-08-14T08:12:27.046Z</time>
      </trkpt>
      <trkpt lat="48.088362" lon="11.690815">
        <ele>594.261957</ele>
        <time>2021-08-14T08:12:33.027Z</time>
      </trkpt>
      <trkpt lat="48.088325" lon="11.690954">
        <ele>594.357504</ele>
        <time>2021-08-14T08:12:40.024Z</time>
      </trkpt>
      <trkpt lat="48.088280" lon="11.691087">
        <ele>594.452706</ele>
        <time>2021-08-14T08:12:48.026Z</time>
      </trkpt>
      <trkpt lat="48.088232" lon="11.691208">
        <ele>594.542569</ele>
        <time>2021-08-14T08:12:55.030Z</time>
      </trkpt>
      <trkpt lat="48.088180" lon="11.691322">
        <ele>594.630718</ele>
        <time>2021-08-14T08:13:02.025Z</time>
      </trkpt>
      <trkpt lat="48.088134" lon="11.691440">
        <ele>594.717961</ele>
        <time>2021-08-14T08:13:09.028Z</time>
      </trkpt>
      <trkpt lat="48.088086" lon="11.691559">
        <ele>594.806729</ele>
        <time>2021-08-14T08:13:16.026Z</time>
      </trkpt>
      <trkpt lat="48.088039" lon="11.691690">
        <ele>594.901683</ele>
        <time>2021-08-14T08:13:23.027Z</time>
      </trkpt>
      <trkpt lat="48.087985" lon="11.691808">
        <ele>594.993020</ele>
        <time>2021-08-14T08:13:31.977Z</time>
      </trkpt>
      <trkpt lat="48.087941" lon="11.691940">
        <ele>595.087222</ele>
        <time>2021-08-14T08:13:39.972Z</time>
      </trkpt>
      <trkpt lat="48.087896" lon="11.692060">
        <ele>595.175099</ele>
        <time>2021-08-14T08:13:48.002Z</time>
      </trkpt>
      <trkpt lat="48.087850" lon="11.692187">
        <ele>595.267351</ele>
        <time>2021-08-14T08:13:55.974Z</time>
      </trkpt>
      <trkpt lat="48.087772" lon="11.692291">
        <ele>595.367202</ele>
        <time>2021-08-14T08:14:02.990Z</time>
      </trkpt>
      <trkpt lat="48.087685" lon="11.692345">
        <ele>595.457234</ele>
        <time>2021-08-14T08:14:09.984Z</time>
      </trkpt>
      <trkpt lat="48.087591" lon="11.692370">
        <ele>595.548501</ele>
        <time>2021-08-14T08:14:16.977Z</time>
      </trkpt>
      <trkpt lat="48.087497" lon="11.692410">
        <ele>595.641920</ele>
        <time>2021-08-14T08:14:23.980Z</time>
      </trkpt>
      <trkpt lat="48.087397" lon="11.692437">
        <ele>595.739057</ele>
        <time>2021-08-14T08:14:30.975Z</time>
      </trkpt>
      <trkpt lat="48.087305" lon="11.692468">
        <ele>595.829204</ele>
        <time>2021-08-14T08:14:38.975Z</time>
      </trkpt>
      <trkpt lat="48.087213" lon="11.692523">
        <ele>595.923905</ele>
        <time>2021-08-14T08:14:45.981Z</time>
      </trkpt>
      <trkpt lat="48.087122" lon="11.692559">
        <ele>595.948771</ele>
        <time>2021-08-14T08:14:52.987Z</time>
      </trkpt>
      <trkpt lat="48.087039" lon="11.692619">
        <ele>595.934177</ele>
        <time>2021-08-14T08:15:00.976Z</time>
      </trkpt>
      <trkpt lat="48.086955" lon="11.692675">
        <ele>595.919619</ele>
        <time>2021-08-14T08:15:07.976Z</time>
      </trkpt>
      <trkpt lat="48.086864" lon="11.692719">
        <ele>595.904478</ele>
        <time>2021-08-14T08:15:13.980Z</time>
      </trkpt>
      <trkpt lat="48.086793" lon="11.692803">
        <ele>595.890150</ele>
        <time>2021-08-14T08:15:19.981Z</time>
      </trkpt>
      <trkpt lat="48.086711" lon="11.692889">
        <ele>595.874298</ele>
        <time>2021-08-14T08:15:26.977Z</time>
      </trkpt>
      <trkpt lat="48.086626" lon="11.692940">
        <ele>595.859799</ele>
        <time>2021-08-14T08:15:34.979Z</time>
      </trkpt>
      <trkpt lat="48.086527" lon="11.692978">
        <ele>595.843617</ele>
        <time>2021-08-14T08:15:41.976Z</time>
      </trkpt>
      <trkpt lat="48.086438" lon="11.693015">
        <ele>595.828993</ele>
        <time>2021-08-14T08:15:48.980Z</time>
      </trkpt>
      <trkpt lat="48.086346" lon="11.693063">
        <ele>595.813567</ele>
        <time>2021-08-14T08:15:55.981Z</time>
      </trkpt>
      <trkpt lat="48.086259" lon="11.693102">
        <ele>595.799188</ele>
        <time>2021-08-14T08:16:02.989Z</time>
      </trkpt>
      <trkpt lat="48.086174" lon="11.693155">
        <ele>595.784610</ele>
        <time>2021-08-14T08:16:09.974Z</time>
      </trkpt>
      <trkpt lat="48.086106" lon="11.693248">
        <ele>595.770027</ele>
        <time>2021-08-14T08:16:16.979Z</time>
      </trkpt>
      <trkpt lat="48.086074" lon="11.693376">
        <ele>595.755572</ele>
        <time>2021-08-14T08:16:22.987Z</time>
      </trkpt>
      <trkpt lat="48.086065" lon="11.693526">
        <ele>595.739643</ele>
        <time>2021-08-14T08:16:30.954Z</time>
      </trkpt>
      <trkpt lat="48.086024" lon="11.693656">
        <ele>595.724438</ele>
        <time>2021-08-14T08:16:39.976Z</time>
      </trkpt>
      <trkpt lat="48.085859" lon="11.693757">
        <ele>595.696214</ele>
        <time>2021-08-14T08:18:36.965Z</time>
      </trkpt>
      <trkpt lat="48.085761" lon="11.693764">
        <ele>595.680681</ele>
        <time>2021-08-14T08:18:44.976Z</time>
      </trkpt>
      <trkpt lat="48.085661" lon="11.693753">
        <ele>595.689650</ele>
        <time>2021-08-14T08:18:52.988Z</time>
      </trkpt>
      <trkpt lat="48.085571" lon="11.693760">
        <ele>595.717378</ele>
        <time>2021-08-14T08:18:59.974Z</time>
      </trkpt>
      <trkpt lat="48.085475" lon="11.693766">
        <ele>595.746941</ele>
        <time>2021-08-14T08:19:07.980Z</time>
      </trkpt>
      <trkpt lat="48.085374" lon="11.693748">
        <ele>595.778236</ele>
        <time>2021-08-14T08:19:14.955Z</time>
      </trkpt>
      <trkpt lat="48.085290" lon="11.693795">
        <ele>595.805828</ele>
        <time>2021-08-14T08:19:22.969Z</time>
      </trkpt>
      <trkpt lat="48.085192" lon="11.693781">
        <ele>595.836117</ele>
        <time>2021-08-14T08:19:29.984Z</time>
      </trkpt>
      <trkpt lat="48.085104" lon="11.693720">
        <ele>595.865955</ele>
        <time>2021-08-14T08:19:37.966Z</time>
      </trkpt>
      <trkpt lat="48.085054" lon="11.693596">
        <ele>595.895725</ele>
        <time>2021-08-14T08:19:45.979Z</time>
      </trkpt>
      <trkpt lat="48.085060" lon="11.693457">
        <ele>595.924354</ele>
        <time>2021-08-14T08:19:53.974Z</time>
      </trkpt>
      <trkpt lat="48.085076" lon="11.693316">
        <ele>595.953750</ele>
        <time>2021-08-14T08:20:01.978Z</time>
      </trkpt>
      <trkpt lat="48.085084" lon="11.693174">
        <ele>595.983040</ele>
        <time>2021-08-14T08:20:07.980Z</time>
      </trkpt>
      <trkpt lat="48.085094" lon="11.693039">
        <ele>596.010958</ele>
        <time>2021-08-14T08:20:16.981Z</time>
      </trkpt>
      <trkpt lat="48.085104" lon="11.692892">
        <ele>596.041328</ele>
        <time>2021-08-14T08:20:24.980Z</time>
      </trkpt>
      <trkpt lat="48.085095" lon="11.692758">
        <ele>596.069009</ele>
        <time>2021-08-14T08:20:32.996Z</time>
      </trkpt>
      <trkpt lat="48.085082" lon="11.692615">
        <ele>596.098672</ele>
        <time>2021-08-14T08:20:38.978Z</time>
      </trkpt>
      <trkpt lat="48.085094" lon="11.692470">
        <ele>596.128703</ele>
        <time>2021-08-14T08:20:46.008Z</time>
      </trkpt>
      <trkpt lat="48.085095" lon="11.692334">
        <ele>596.156658</ele>
        <time>2021-08-14T08:20:52.988Z</time>
      </trkpt>
      <trkpt lat="48.085098" lon="11.692198">
        <ele>596.184626</ele>
        <time>2021-08-14T08:21:00.965Z</time>
      </trkpt>
      <trkpt lat="48.085107" lon="11.692059">
        <ele>596.213330</ele>
        <time>2021-08-14T08:21:07.973Z</time>
      </trkpt>
      <trkpt lat="48.085095" lon="11.691916">
        <ele>596.290064</ele>
        <time>2021-08-14T08:21:14.975Z</time>
      </trkpt>
      <trkpt lat="48.085094" lon="11.691775">
        <ele>596.402810</ele>
        <time>2021-08-14T08:21:22.985Z</time>
      </trkpt>
      <trkpt lat="48.085103" lon="11.691635">
        <ele>596.515266</ele>
        <time>2021-08-14T08:21:29.979Z</time>
      </trkpt>
      <trkpt lat="48.085101" lon="11.691490">
        <ele>596.631228</ele>
        <time>2021-08-14T08:21:36.976Z</time>
      </trkpt>
      <trkpt lat="48.085092" lon="11.691343">
        <ele>596.749257</ele>
        <time>2021-08-14T08:21:44.005Z</time>
      </trkpt>
      <trkpt lat="48.085096" lon="11.691194">
        <ele>596.868489</ele>
        <time>2021-08-14T08:21:51.980Z</time>
      </trkpt>
      <trkpt lat="48.085092" lon="11.691054">
        <ele>596.980531</ele>
        <time>2021-08-14T08:21:58.976Z</time>
      </trkpt>
      <trkpt lat="48.085084" lon="11.690905">
        <ele>597.100050</ele>
        <time>2021-08-14T08:22:05.975Z</time>
      </trkpt>
      <trkpt lat="48.085091" lon="11.690758">
        <ele>597.217885</ele>
        <time>2021-08-14T08:22:13.979Z</time>
      </trkpt>
      <trkpt lat="48.085088" lon="11.690618">
        <ele>597.329882</ele>
        <time>2021-08-14T08:22:19.978Z</time>
      </trkpt>
      <trkpt lat="48.085081" lon="11.690473">
        <ele>597.446122</ele>
        <time>2021-08-14T08:22:27.980Z</time>
      </trkpt>
      <trkpt lat="48.085070" lon="11.690334">
        <ele>597.558039</ele>
        <time>2021-08-14T08:22:34.974Z</time>
      </trkpt>
      <trkpt lat="48.085065" lon="11.690190">
        <ele>597.673332</ele>
        <time>2021-08-14T08:22:40.976Z</time>
      </trkpt>
      <trkpt lat="48.085053" lon="11.690039">
        <ele>597.794918</ele>
        <time>2021-08-14T08:22:47.979Z</time>
      </trkpt>
      <trkpt lat="48.085035" lon="11.689897">
        <ele>597.910482</ele>
        <time>2021-08-14T08:22:55.982Z</time>
      </trkpt>
      <trkpt lat="48.085085" lon="11.689695">
        <ele>598.082726</ele>
        <time>2021-08-14T08:26:32.986Z</time>
      </trkpt>
      <trkpt lat="48.085125" lon="11.689356">
        <ele>598.357975</ele>
        <time>2021-08-14T08:27:28.989Z</time>
      </trkpt>
      <trkpt lat="48.085131" lon="11.689218">
        <ele>598.348644</ele>
        <time>2021-08-14T08:27:37.978Z</time>
      </trkpt>
      <trkpt lat="48.085142" lon="11.689078">
        <ele>598.309647</ele>
        <time>2021-08-14T08:27:44.975Z</time>
      </trkpt>
      <trkpt lat="48.085144" lon="11.688942">
        <ele>598.272015</ele>
        <time>2021-08-14T08:27:51.974Z</time>
      </trkpt>
      <trkpt lat="48.085125" lon="11.688800">
        <ele>598.231952</ele>
        <time>2021-08-14T08:27:54.974Z</time>
      </trkpt>
      <trkpt lat="48.085141" lon="11.688661">
        <ele>598.192932</ele>
        <time>2021-08-14T08:28:02.980Z</time>
      </trkpt>
      <trkpt lat="48.085147" lon="11.688523">
        <ele>598.154675</ele>
        <time>2021-08-14T08:28:11.971Z</time>
      </trkpt>
      <trkpt lat="48.085146" lon="11.688383">
        <ele>598.115943</ele>
        <time>2021-08-14T08:28:17.974Z</time>
      </trkpt>
      <trkpt lat="48.085156" lon="11.688240">
        <ele>598.076167</ele>
        <time>2021-08-14T08:28:23.976Z</time>
      </trkpt>
      <trkpt lat="48.085164" lon="11.688094">
        <ele>598.035642</ele>
        <time>2021-08-14T08:28:30.971Z</time>
      </trkpt>
      <trkpt lat="48.085173" lon="11.687960">
        <ele>597.998385</ele>
        <time>2021-08-14T08:28:38.993Z</time>
      </trkpt>
      <trkpt lat="48.085154" lon="11.687810">
        <ele>597.956150</ele>
        <time>2021-08-14T08:28:45.973Z</time>
      </trkpt>
      <trkpt lat="48.085156" lon="11.687674">
        <ele>597.918518</ele>
        <time>2021-08-14T08:28:52.981Z</time>
      </trkpt>
      <trkpt lat="48.085152" lon="11.687526">
        <ele>597.877541</ele>
        <time>2021-08-14T08:28:59.973Z</time>
      </trkpt>
      <trkpt lat="48.085142" lon="11.687378">
        <ele>597.836390</ele>
        <time>2021-08-14T08:29:07.975Z</time>
      </trkpt>
      <trkpt lat="48.085210" lon="11.687022">
        <ele>597.733959</ele>
        <time>2021-08-14T08:29:55.974Z</time>
      </trkpt>
      <trkpt lat="48.085223" lon="11.686887">
        <ele>597.696226</ele>
        <time>2021-08-14T08:30:00.970Z</time>
      </trkpt>
      <trkpt lat="48.085243" lon="11.686744">
        <ele>597.655809</ele>
        <time>2021-08-14T08:30:07.977Z</time>
      </trkpt>
      <trkpt lat="48.085271" lon="11.686599">
        <ele>597.609661</ele>
        <time>2021-08-14T08:30:15.976Z</time>
      </trkpt>
      <trkpt lat="48.085298" lon="11.686460">
        <ele>597.561061</ele>
        <time>2021-08-14T08:30:23.003Z</time>
      </trkpt>
      <trkpt lat="48.085327" lon="11.686315">
        <ele>597.510244</ele>
        <time>2021-08-14T08:30:29.978Z</time>
      </trkpt>
      <trkpt lat="48.085358" lon="11.686176">
        <ele>597.461045</ele>
        <time>2021-08-14T08:30:35.979Z</time>
      </trkpt>
      <trkpt lat="48.085408" lon="11.686050">
        <ele>597.411841</ele>
        <time>2021-08-14T08:30:43.980Z</time>
      </trkpt>
      <trkpt lat="48.085440" lon="11.685909">
        <ele>597.361845</ele>
        <time>2021-08-14T08:30:50.981Z</time>
      </trkpt>
      <trkpt lat="48.085481" lon="11.685769">
        <ele>597.310524</ele>
        <time>2021-08-14T08:30:57.977Z</time>
      </trkpt>
      <trkpt lat="48.085539" lon="11.685640">
        <ele>597.258318</ele>
        <time>2021-08-14T08:31:04.976Z</time>
      </trkpt>
      <trkpt lat="48.085590" lon="11.685514">
        <ele>597.208856</ele>
        <time>2021-08-14T08:31:10.975Z</time>
      </trkpt>
      <trkpt lat="48.085619" lon="11.685379">
        <ele>597.161246</ele>
        <time>2021-08-14T08:31:17.980Z</time>
      </trkpt>
      <trkpt lat="48.085666" lon="11.685254">
        <ele>597.113088</ele>
        <time>2021-08-14T08:31:24.980Z</time>
      </trkpt>
      <trkpt lat="48.085742" lon="11.685176">
        <ele>597.066777</ele>
        <time>2021-08-14T08:31:31.973Z</time>
      </trkpt>
      <trkpt lat="48.085812" lon="11.685086">
        <ele>597.020402</ele>
        <time>2021-08-14T08:31:38.977Z</time>
      </trkpt>
      <trkpt lat="48.085852" lon="11.684965">
        <ele>596.975076</ele>
        <time>2021-08-14T08:31:43.976Z</time>
      </trkpt>
      <trkpt lat="48.085896" lon="11.684845">
        <ele>596.929118</ele>
        <time>2021-08-14T08:31:49.977Z</time>
      </trkpt>
      <trkpt lat="48.085944" lon="11.684731">
        <ele>596.883876</ele>
        <time>2021-08-14T08:31:57.979Z</time>
      </trkpt>
      <trkpt lat="48.085984" lon="11.684597">
        <ele>596.834601</ele>
        <time>2021-08-14T08:32:03.976Z</time>
      </trkpt>
      <trkpt lat="48.086023" lon="11.684474">
        <ele>596.788890</ele>
        <time>2021-08-14T08:32:10.979Z</time>
      </trkpt>
      <trkpt lat="48.086065" lon="11.684355">
        <ele>596.743704</ele>
        <time>2021-08-14T08:32:17.977Z</time>
      </trkpt>
      <trkpt lat="48.086116" lon="11.684232">
        <ele>596.806287</ele>
        <time>2021-08-14T08:32:25.974Z</time>
      </trkpt>
      <trkpt lat="48.086166" lon="11.684115">
        <ele>596.905496</ele>
        <time>2021-08-14T08:32:32.983Z</time>
      </trkpt>
      <trkpt lat="48.086227" lon="11.683989">
        <ele>597.016645</ele>
        <time>2021-08-14T08:32:39.997Z</time>
      </trkpt>
      <trkpt lat="48.086277" lon="11.683859">
        <ele>597.123793</ele>
        <time>2021-08-14T08:32:46.979Z</time>
      </trkpt>
      <trkpt lat="48.086311" lon="11.683733">
        <ele>597.220858</ele>
        <time>2021-08-14T08:32:53.977Z</time>
      </trkpt>
      <trkpt lat="48.086367" lon="11.683620">
        <ele>597.321357</ele>
        <time>2021-08-14T08:33:00.974Z</time>
      </trkpt>
      <trkpt lat="48.086430" lon="11.683517">
        <ele>597.421109</ele>
        <time>2021-08-14T08:33:07.978Z</time>
      </trkpt>
      <trkpt lat="48.086423" lon="11.683376">
        <ele>597.522100</ele>
        <time>2021-08-14T08:33:14.978Z</time>
      </trkpt>
      <trkpt lat="48.086425" lon="11.683233">
        <ele>597.624264</ele>
        <time>2021-08-14T08:33:21.981Z</time>
      </trkpt>
      <trkpt lat="48.086435" lon="11.683090">
        <ele>597.726964</ele>
        <time>2021-08-14T08:33:29.978Z</time>
      </trkpt>
      <trkpt lat="48.086408" lon="11.682953">
        <ele>597.828990</ele>
        <time>2021-08-14T08:33:36.978Z</time>
      </trkpt>
      <trkpt lat="48.086320" lon="11.682888">
        <ele>597.933916</ele>
        <time>2021-08-14T08:33:47.983Z</time>
      </trkpt>
      <trkpt lat="48.086315" lon="11.682731">
        <ele>598.046186</ele>
        <time>2021-08-14T08:33:56.977Z</time>
      </trkpt>
      <trkpt lat="48.086312" lon="11.682594">
        <ele>598.144095</ele>
        <time>2021-08-14T08:34:02.982Z</time>
      </trkpt>
      <trkpt lat="48.086310" lon="11.682453">
        <ele>598.244831</ele>
        <time>2021-08-14T08:34:10.974Z</time>
      </trkpt>
      <trkpt lat="48.086272" lon="11.682318">
        <ele>598.349469</ele>
        <time>2021-08-14T08:34:20.974Z</time>
      </trkpt>
      <trkpt lat="48.086297" lon="11.682186">
        <ele>598.447471</ele>
        <time>2021-08-14T08:34:29.976Z</time>
      </trkpt>
      <trkpt lat="48.086289" lon="11.682037">
        <ele>598.554242</ele>
        <time>2021-08-14T08:34:38.971Z</time>
      </trkpt>
      <trkpt lat="48.086280" lon="11.681901">
        <ele>598.651859</ele>
        <time>2021-08-14T08:34:45.974Z</time>
      </trkpt>
      <trkpt lat="48.086319" lon="11.681774">
        <ele>598.659840</ele>
        <time>2021-08-14T08:34:54.975Z</time>
      </trkpt>
      <trkpt lat="48.086322" lon="11.681637">
        <ele>598.665808</ele>
        <time>2021-08-14T08:35:05.973Z</time>
      </trkpt>
      <trkpt lat="48.086337" lon="11.681505">
        <ele>598.671638</ele>
        <time>2021-08-14T08:35:13.013Z</time>
      </trkpt>
      <trkpt lat="48.086379" lon="11.681357">
        <ele>598.678640</ele>
        <time>2021-08-14T08:35:18.980Z</time>
      </trkpt>
      <trkpt lat="48.086392" lon="11.681217">
        <ele>598.684794</ele>
        <time>2021-08-14T08:35:25.009Z</time>
      </trkpt>
      <trkpt lat="48.086374" lon="11.681069">
        <ele>598.691344</ele>
        <time>2021-08-14T08:35:32.986Z</time>
      </trkpt>
      <trkpt lat="48.086380" lon="11.680925">
        <ele>598.697626</ele>
        <time>2021-08-14T08:35:38.976Z</time>
      </trkpt>
      <trkpt lat="48.086411" lon="11.680789">
        <ele>598.703883</ele>
        <time>2021-08-14T08:35:46.993Z</time>
      </trkpt>
      <trkpt lat="48.086412" lon="11.680653">
        <ele>598.709805</ele>
        <time>2021-08-14T08:35:53.978Z</time>
      </trkpt>
      <trkpt lat="48.086422" lon="11.680518">
        <ele>598.715719</ele>
        <time>2021-08-14T08:35:59.977Z</time>
      </trkpt>
      <trkpt lat="48.086426" lon="11.680366">
        <ele>598.722343</ele>
        <time>2021-08-14T08:36:06.975Z</time>
      </trkpt>
      <trkpt lat="48.086431" lon="11.680222">
        <ele>598.728621</ele>
        <time>2021-08-14T08:36:14.959Z</time>
      </trkpt>
      <trkpt lat="48.086449" lon="11.680074">
        <ele>598.735171</ele>
        <time>2021-08-14T08:36:23.984Z</time>
      </trkpt>
      <trkpt lat="48.086441" lon="11.679932">
        <ele>598.741376</ele>
        <time>2021-08-14T08:36:30.975Z</time>
      </trkpt>
      <trkpt lat="48.086437" lon="11.679774">
        <ele>598.748261</ele>
        <time>2021-08-14T08:36:36.973Z</time>
      </trkpt>
      <trkpt lat="48.086435" lon="11.679634">
        <ele>598.754358</ele>
        <time>2021-08-14T08:36:44.975Z</time>
      </trkpt>
      <trkpt lat="48.086455" lon="11.679494">
        <ele>598.760591</ele>
        <time>2021-08-14T08:36:52.982Z</time>
      </trkpt>
      <trkpt lat="48.086445" lon="11.679351">
        <ele>598.766852</ele>
        <time>2021-08-14T08:36:59.976Z</time>
      </trkpt>
      <trkpt lat="48.086451" lon="11.679209">
        <ele>598.748265</ele>
        <time>2021-08-14T08:37:07.977Z</time>
      </trkpt>
      <trkpt lat="48.086460" lon="11.679062">
        <ele>598.672301</ele>
        <time>2021-08-14T08:37:14.981Z</time>
      </trkpt>
      <trkpt lat="48.086462" lon="11.678916">
        <ele>598.597152</ele>
        <time>2021-08-14T08:37:22.979Z</time>
      </trkpt>
      <trkpt lat="48.086477" lon="11.678779">
        <ele>598.525710</ele>
        <time>2021-08-14T08:37:30.997Z</time>
      </trkpt>
      <trkpt lat="48.086510" lon="11.678649">
        <ele>598.454144</ele>
        <time>2021-08-14T08:37:37.974Z</time>
      </trkpt>
      <trkpt lat="48.086527" lon="11.678497">
        <ele>598.374835</ele>
        <time>2021-08-14T08:37:46.976Z</time>
      </trkpt>
      <trkpt lat="48.086530" lon="11.678360">
        <ele>598.304296</ele>
        <time>2021-08-14T08:37:53.975Z</time>
      </trkpt>
      <trkpt lat="48.086529" lon="11.678218">
        <ele>598.231218</ele>
        <time>2021-08-14T08:38:00.975Z</time>
      </trkpt>
      <trkpt lat="48.086590" lon="11.678109">
        <ele>598.158043</ele>
        <time>2021-08-14T08:38:12.983Z</time>
      </trkpt>
      <trkpt lat="48.086542" lon="11.677985">
        <ele>598.084292</ele>
        <time>2021-08-14T08:38:25.980Z</time>
      </trkpt>
      <trkpt lat="48.086571" lon="11.677837">
        <ele>598.004922</ele>
        <time>2021-08-14T08:38:34.974Z</time>
      </trkpt>
      <trkpt lat="48.086586" lon="11.677684">
        <ele>597.925343</ele>
        <time>2021-08-14T08:38:42.986Z</time>
      </trkpt>
      <trkpt lat="48.086597" lon="11.677547">
        <ele>597.854335</ele>
        <time>2021-08-14T08:38:48.976Z</time>
      </trkpt>
      <trkpt lat="48.086635" lon="11.677419">
        <ele>597.782254</ele>
        <time>2021-08-14T08:38:55.978Z</time>
      </trkpt>
      <trkpt lat="48.086663" lon="11.677263">
        <ele>597.699128</ele>
        <time>2021-08-14T08:39:03.974Z</time>
      </trkpt>
      <trkpt lat="48.086668" lon="11.677123">
        <ele>597.626980</ele>
        <time>2021-08-14T08:39:09.975Z</time>
      </trkpt>
      <trkpt lat="48.086678" lon="11.676984">
        <ele>597.555036</ele>
        <time>2021-08-14T08:39:17.975Z</time>
      </trkpt>
      <trkpt lat="48.086678" lon="11.676845">
        <ele>597.483506</ele>
        <time>2021-08-14T08:39:23.974Z</time>
      </trkpt>
      <trkpt lat="48.086736" lon="11.676738">
        <ele>597.412596</ele>
        <time>2021-08-14T08:39:34.977Z</time>
      </trkpt>
      <trkpt lat="48.086817" lon="11.676801">
        <ele>597.374207</ele>
        <time>2021-08-14T08:39:42.985Z</time>
      </trkpt>
      <trkpt lat="48.086913" lon="11.676789">
        <ele>597.354803</ele>
        <time>2021-08-14T08:39:47.977Z</time>
      </trkpt>
      <trkpt lat="48.087018" lon="11.676773">
        <ele>597.333545</ele>
        <time>2021-08-14T08:39:53.984Z</time>
      </trkpt>
      <trkpt lat="48.087115" lon="11.676775">
        <ele>597.314006</ele>
        <time>2021-08-14T08:40:00.002Z</time>
      </trkpt>
      <trkpt lat="48.087208" lon="11.676764">
        <ele>597.295216</ele>
        <time>2021-08-14T08:40:08.975Z</time>
      </trkpt>
      <trkpt lat="48.087302" lon="11.676758">
        <ele>597.276265</ele>
        <time>2021-08-14T08:40:16.974Z</time>
      </trkpt>
      <trkpt lat="48.087399" lon="11.676761">
        <ele>597.256724</ele>
        <time>2021-08-14T08:40:23.999Z</time>
      </trkpt>
      <trkpt lat="48.087494" lon="11.676738">
        <ele>597.237340</ele>
        <time>2021-08-14T08:40:30.974Z</time>
      </trkpt>
      <trkpt lat="48.087595" lon="11.676718">
        <ele>597.216820</ele>
        <time>2021-08-14T08:40:38.982Z</time>
      </trkpt>
      <trkpt lat="48.087690" lon="11.676690">
        <ele>597.197318</ele>
        <time>2021-08-14T08:40:45.976Z</time>
      </trkpt>
      <trkpt lat="48.087791" lon="11.676708">
        <ele>597.176831</ele>
        <time>2021-08-14T08:40:53.972Z</time>
      </trkpt>
      <trkpt lat="48.087886" lon="11.676733">
        <ele>597.157403</ele>
        <time>2021-08-14T08:40:59.972Z</time>
      </trkpt>
      <trkpt lat="48.087983" lon="11.676714">
        <ele>597.137699</ele>
        <time>2021-08-14T08:41:05.976Z</time>
      </trkpt>
      <trkpt lat="48.088079" lon="11.676689">
        <ele>597.118072</ele>
        <time>2021-08-14T08:41:12.984Z</time>
      </trkpt>
      <trkpt lat="48.088175" lon="11.676682">
        <ele>597.098713</ele>
        <time>2021-08-14T08:41:20.978Z</time>
      </trkpt>
      <trkpt lat="48.088269" lon="11.676701">
        <ele>597.079608</ele>
        <time>2021-08-14T08:41:27.990Z</time>
      </trkpt>
      <trkpt lat="48.088371" lon="11.676709">
        <ele>597.059036</ele>
        <time>2021-08-14T08:41:34.977Z</time>
      </trkpt>
      <trkpt lat="48.088473" lon="11.676684">
        <ele>597.038217</ele>
        <time>2021-08-14T08:41:41.978Z</time>
      </trkpt>
      <trkpt lat="48.088572" lon="11.676663">
        <ele>597.021554</ele>
        <time>2021-08-14T08:41:48.977Z</time>
      </trkpt>
      <trkpt lat="48.088668" lon="11.676695">
        <ele>597.015107</ele>
        <time>2021-08-14T08:41:57.003Z</time>
      </trkpt>
      <trkpt lat="48.088769" lon="11.676699">
        <ele>597.008483</ele>
        <time>2021-08-14T08:42:02.982Z</time>
      </trkpt>
      <trkpt lat="48.088834" lon="11.676800">
        <ele>597.002341</ele>
        <time>2021-08-14T08:42:13.034Z</time>
      </trkpt>
      <trkpt lat="48.088789" lon="11.676930">
        <ele>596.995929</ele>
        <time>2021-08-14T08:42:20.983Z</time>
      </trkpt>
      <trkpt lat="48.088769" lon="11.677065">
        <ele>596.989874</ele>
        <time>2021-08-14T08:42:36.977Z</time>
      </trkpt>
      <trkpt lat="48.088789" lon="11.676826">
        <ele>596.979326</ele>
        <time>2021-08-14T08:43:26.897Z</time>
      </trkpt>
      <trkpt lat="48.089004" lon="11.676726">
        <ele>596.964566</ele>
        <time>2021-08-14T08:45:35.930Z</time>
      </trkpt>
      <trkpt lat="48.089097" lon="11.676707">
        <ele>596.958413</ele>
        <time>2021-08-14T08:45:41.915Z</time>
      </trkpt>
      <trkpt lat="48.089197" lon="11.676713">
        <ele>596.951852</ele>
        <time>2021-08-14T08:45:48.907Z</time>
      </trkpt>
      <trkpt lat="48.089293" lon="11.676702">
        <ele>596.945540</ele>
        <time>2021-08-14T08:45:56.910Z</time>
      </trkpt>
      <trkpt lat="48.089383" lon="11.676687">
        <ele>596.939603</ele>
        <time>2021-08-14T08:46:05.909Z</time>
      </trkpt>
      <trkpt lat="48.089481" lon="11.676667">
        <ele>596.933119</ele>
        <time>2021-08-14T08:46:12.905Z</time>
      </trkpt>
      <trkpt lat="48.089579" lon="11.676648">
        <ele>596.926641</ele>
        <time>2021-08-14T08:46:19.909Z</time>
      </trkpt>
      <trkpt lat="48.089675" lon="11.676668">
        <ele>596.920287</ele>
        <time>2021-08-14T08:46:25.907Z</time>
      </trkpt>
      <trkpt lat="48.089770" lon="11.676722">
        <ele>596.913625</ele>
        <time>2021-08-14T08:46:32.913Z</time>
      </trkpt>
      <trkpt lat="48.089868" lon="11.676768">
        <ele>596.906892</ele>
        <time>2021-08-14T08:46:38.907Z</time>
      </trkpt>
      <trkpt lat="48.089959" lon="11.676786">
        <ele>596.793755</ele>
        <time>2021-08-14T08:46:45.930Z</time>
      </trkpt>
      <trkpt lat="48.090054" lon="11.676795">
        <ele>596.637037</ele>
        <time>2021-08-14T08:46:53.908Z</time>
      </trkpt>
      <trkpt lat="48.090150" lon="11.676779">
        <ele>596.478009</ele>
        <time>2021-08-14T08:47:01.911Z</time>
      </trkpt>
      <trkpt lat="48.090241" lon="11.676773">
        <ele>596.328044</ele>
        <time>2021-08-14T08:47:07.909Z</time>
      </trkpt>
      <trkpt lat="48.090338" lon="11.676808">
        <ele>596.163773</ele>
        <time>2021-08-14T08:47:14.913Z</time>
      </trkpt>
      <trkpt lat="48.090436" lon="11.676793">
        <ele>596.001588</ele>
        <time>2021-08-14T08:47:21.909Z</time>
      </trkpt>
      <trkpt lat="48.090530" lon="11.676833">
        <ele>595.840699</ele>
        <time>2021-08-14T08:47:28.908Z</time>
      </trkpt>
      <trkpt lat="48.090631" lon="11.676848">
        <ele>595.673599</ele>
        <time>2021-08-14T08:47:36.913Z</time>
      </trkpt>
      <trkpt lat="48.090726" lon="11.676846">
        <ele>595.517178</ele>
        <time>2021-08-14T08:47:43.912Z</time>
      </trkpt>
      <trkpt lat="48.090820" lon="11.676843">
        <ele>595.362384</ele>
        <time>2021-08-14T08:47:50.909Z</time>
      </trkpt>
      <trkpt lat="48.090911" lon="11.676853">
        <ele>595.212161</ele>
        <time>2021-08-14T08:47:57.909Z</time>
      </trkpt>
      <trkpt lat="48.091011" lon="11.676845">
        <ele>595.047289</ele>
        <time>2021-08-14T08:48:05.907Z</time>
      </trkpt>
      <trkpt lat="48.091112" lon="11.676868">
        <ele>594.879093</ele>
        <time>2021-08-14T08:48:13.907Z</time>
      </trkpt>
      <trkpt lat="48.091213" lon="11.676873">
        <ele>594.712718</ele>
        <time>2021-08-14T08:48:20.909Z</time>
      </trkpt>
      <trkpt lat="48.091309" lon="11.676858">
        <ele>594.553808</ele>
        <time>2021-08-14T08:48:27.939Z</time>
      </trkpt>
      <trkpt lat="48.091407" lon="11.676855">
        <ele>594.392430</ele>
        <time>2021-08-14T08:48:37.909Z</time>
      </trkpt>
      <trkpt lat="48.091501" lon="11.676845">
        <ele>594.237281</ele>
        <time>2021-08-14T08:48:44.913Z</time>
      </trkpt>
      <trkpt lat="48.091600" lon="11.676848">
        <ele>594.074257</ele>
        <time>2021-08-14T08:48:52.914Z</time>
      </trkpt>
      <trkpt lat="48.091694" lon="11.676884">
        <ele>593.921547</ele>
        <time>2021-08-14T08:49:00.907Z</time>
      </trkpt>
      <trkpt lat="48.091793" lon="11.676844">
        <ele>593.792882</ele>
        <time>2021-08-14T08:49:07.905Z</time>
      </trkpt>
      <trkpt lat="48.091792" lon="11.676705">
        <ele>593.676378</ele>
        <time>2021-08-14T08:49:15.913Z</time>
      </trkpt>
      <trkpt lat="48.091775" lon="11.676569">
        <ele>593.560417</ele>
        <time>2021-08-14T08:49:23.933Z</time>
      </trkpt>
      <trkpt lat="48.091787" lon="11.676427">
        <ele>593.440458</ele>
        <time>2021-08-14T08:49:31.905Z</time>
      </trkpt>
      <trkpt lat="48.091804" lon="11.676290">
        <ele>593.323673</ele>
        <time>2021-08-14T08:49:39.904Z</time>
      </trkpt>
      <trkpt lat="48.091819" lon="11.676157">
        <ele>593.210627</ele>
        <time>2021-08-14T08:49:46.910Z</time>
      </trkpt>
      <trkpt lat="48.091842" lon="11.676027">
        <ele>593.097916</ele>
        <time>2021-08-14T08:49:56.885Z</time>
      </trkpt>
      <trkpt lat="48.091928" lon="11.675901">
        <ele>592.946933</ele>
        <time>2021-08-14T08:50:17.906Z</time>
      </trkpt>
      <trkpt lat="48.091970" lon="11.675767">
        <ele>592.822877</ele>
        <time>2021-08-14T08:50:24.897Z</time>
      </trkpt>
      <trkpt lat="48.092013" lon="11.675636">
        <ele>592.700545</ele>
        <time>2021-08-14T08:50:32.900Z</time>
      </trkpt>
      <trkpt lat="48.092045" lon="11.675500">
        <ele>592.579697</ele>
        <time>2021-08-14T08:50:41.903Z</time>
      </trkpt>
      <trkpt lat="48.092098" lon="11.675385">
        <ele>592.462599</ele>
        <time>2021-08-14T08:50:48.909Z</time>
      </trkpt>
      <trkpt lat="48.092127" lon="11.675236">
        <ele>592.332529</ele>
        <time>2021-08-14T08:50:54.907Z</time>
      </trkpt>
      <trkpt lat="48.092158" lon="11.675094">
        <ele>592.207324</ele>
        <time>2021-08-14T08:51:01.907Z</time>
      </trkpt>
      <trkpt lat="48.092169" lon="11.674942">
        <ele>592.079187</ele>
        <time>2021-08-14T08:51:08.907Z</time>
      </trkpt>
      <trkpt lat="48.092188" lon="11.674790">
        <ele>591.949585</ele>
        <time>2021-08-14T08:51:17.893Z</time>
      </trkpt>
      <trkpt lat="48.092184" lon="11.674645">
        <ele>591.827957</ele>
        <time>2021-08-14T08:51:24.915Z</time>
      </trkpt>
      <trkpt lat="48.092204" lon="11.674496">
        <ele>591.700584</ele>
        <time>2021-08-14T08:51:32.932Z</time>
      </trkpt>
      <trkpt lat="48.092222" lon="11.674362">
        <ele>591.791891</ele>
        <time>2021-08-14T08:51:38.911Z</time>
      </trkpt>
      <trkpt lat="48.092246" lon="11.674221">
        <ele>591.918052</ele>
        <time>2021-08-14T08:51:46.909Z</time>
      </trkpt>
      <trkpt lat="48.092256" lon="11.674081">
        <ele>592.040132</ele>
        <time>2021-08-14T08:51:55.900Z</time>
      </trkpt>
      <trkpt lat="48.092292" lon="11.673946">
        <ele>592.166168</ele>
        <time>2021-08-14T08:52:02.915Z</time>
      </trkpt>
      <trkpt lat="48.092331" lon="11.673822">
        <ele>592.285005</ele>
        <time>2021-08-14T08:52:09.909Z</time>
      </trkpt>
      <trkpt lat="48.092372" lon="11.673681">
        <ele>592.418342</ele>
        <time>2021-08-14T08:52:16.913Z</time>
      </trkpt>
      <trkpt lat="48.092389" lon="11.673546">
        <ele>592.537456</ele>
        <time>2021-08-14T08:52:23.910Z</time>
      </trkpt>
      <trkpt lat="48.092413" lon="11.673414">
        <ele>592.656071</ele>
        <time>2021-08-14T08:52:30.934Z</time>
      </trkpt>
      <trkpt lat="48.092467" lon="11.673286">
        <ele>592.787337</ele>
        <time>2021-08-14T08:52:38.909Z</time>
      </trkpt>
      <trkpt lat="48.092492" lon="11.673146">
        <ele>592.912987</ele>
        <time>2021-08-14T08:52:45.911Z</time>
      </trkpt>
      <trkpt lat="48.092520" lon="11.673003">
        <ele>593.042193</ele>
        <time>2021-08-14T08:52:52.916Z</time>
      </trkpt>
      <trkpt lat="48.092551" lon="11.672868">
        <ele>593.165968</ele>
        <time>2021-08-14T08:52:59.909Z</time>
      </trkpt>
      <trkpt lat="48.092588" lon="11.672740">
        <ele>593.286898</ele>
        <time>2021-08-14T08:53:05.911Z</time>
      </trkpt>
      <trkpt lat="48.092595" lon="11.672596">
        <ele>593.412082</ele>
        <time>2021-08-14T08:53:12.918Z</time>
      </trkpt>
      <trkpt lat="48.092617" lon="11.672462">
        <ele>593.531725</ele>
        <time>2021-08-14T08:53:19.914Z</time>
      </trkpt>
      <trkpt lat="48.092656" lon="11.672323">
        <ele>593.662446</ele>
        <time>2021-08-14T08:53:27.913Z</time>
      </trkpt>
      <trkpt lat="48.092704" lon="11.672197">
        <ele>593.788213</ele>
        <time>2021-08-14T08:53:35.909Z</time>
      </trkpt>
      <trkpt lat="48.092744" lon="11.672055">
        <ele>593.921835</ele>
        <time>2021-08-14T08:53:42.919Z</time>
      </trkpt>
      <trkpt lat="48.092767" lon="11.671913">
        <ele>594.012331</ele>
        <time>2021-08-14T08:53:49.907Z</time>
      </trkpt>
      <trkpt lat="48.092798" lon="11.671777">
        <ele>593.966573</ele>
        <time>2021-08-14T08:53:57.899Z</time>
      </trkpt>
      <trkpt lat="48.092819" lon="11.671645">
        <ele>593.923365</ele>
        <time>2021-08-14T08:54:04.910Z</time>
      </trkpt>
      <trkpt lat="48.092854" lon="11.671518">
        <ele>593.879618</ele>
        <time>2021-08-14T08:54:10.911Z</time>
      </trkpt>
      <trkpt lat="48.092894" lon="11.671397">
        <ele>593.836628</ele>
        <time>2021-08-14T08:54:17.868Z</time>
      </trkpt>
      <trkpt lat="48.092942" lon="11.671267">
        <ele>593.789329</ele>
        <time>2021-08-14T08:54:26.906Z</time>
      </trkpt>
      <trkpt lat="48.092948" lon="11.671127">
        <ele>593.744659</ele>
        <time>2021-08-14T08:54:33.876Z</time>
      </trkpt>
      <trkpt lat="48.092998" lon="11.671005">
        <ele>593.699081</ele>
        <time>2021-08-14T08:54:40.898Z</time>
      </trkpt>
      <trkpt lat="48.093021" lon="11.670871">
        <ele>593.655026</ele>
        <time>2021-08-14T08:54:46.910Z</time>
      </trkpt>
      <trkpt lat="48.093057" lon="11.670733">
        <ele>593.607851</ele>
        <time>2021-08-14T08:54:53.909Z</time>
      </trkpt>
      <trkpt lat="48.093088" lon="11.670601">
        <ele>593.563297</ele>
        <time>2021-08-14T08:55:00.893Z</time>
      </trkpt>
      <trkpt lat="48.093123" lon="11.670471">
        <ele>593.518666</ele>
        <time>2021-08-14T08:55:08.906Z</time>
      </trkpt>
      <trkpt lat="48.093169" lon="11.670356">
        <ele>593.475983</ele>
        <time>2021-08-14T08:55:15.911Z</time>
      </trkpt>
      <trkpt lat="48.093227" lon="11.670251">
        <ele>593.432596</ele>
        <time>2021-08-14T08:55:25.908Z</time>
      </trkpt>
      <trkpt lat="48.093286" lon="11.670119">
        <ele>593.382022</ele>
        <time>2021-08-14T08:56:01.908Z</time>
      </trkpt>
      <trkpt lat="48.093323" lon="11.669992">
        <ele>593.337903</ele>
        <time>2021-08-14T08:56:08.906Z</time>
      </trkpt>
      <trkpt lat="48.093346" lon="11.669856">
        <ele>593.293231</ele>
        <time>2021-08-14T08:56:15.903Z</time>
      </trkpt>
      <trkpt lat="48.093383" lon="11.669716">
        <ele>593.245289</ele>
        <time>2021-08-14T08:56:23.902Z</time>
      </trkpt>
      <trkpt lat="48.093427" lon="11.669584">
        <ele>593.198314</ele>
        <time>2021-08-14T08:56:30.906Z</time>
      </trkpt>
      <trkpt lat="48.093471" lon="11.669460">
        <ele>593.180316</ele>
        <time>2021-08-14T08:56:36.903Z</time>
      </trkpt>
      <trkpt lat="48.093497" lon="11.669328">
        <ele>593.243170</ele>
        <time>2021-08-14T08:56:44.903Z</time>
      </trkpt>
      <trkpt lat="48.093513" lon="11.669185">
        <ele>593.309391</ele>
        <time>2021-08-14T08:56:51.903Z</time>
      </trkpt>
      <trkpt lat="48.093545" lon="11.669045">
        <ele>593.376973</ele>
        <time>2021-08-14T08:56:59.906Z</time>
      </trkpt>
      <trkpt lat="48.093577" lon="11.668910">
        <ele>593.442398</ele>
        <time>2021-08-14T08:57:06.907Z</time>
      </trkpt>
      <trkpt lat="48.093608" lon="11.668781">
        <ele>593.505012</ele>
        <time>2021-08-14T08:57:13.930Z</time>
      </trkpt>
      <trkpt lat="48.093622" lon="11.668633">
        <ele>593.573281</ele>
        <time>2021-08-14T08:57:20.907Z</time>
      </trkpt>
      <trkpt lat="48.093644" lon="11.668500">
        <ele>593.635860</ele>
        <time>2021-08-14T08:57:27.911Z</time>
      </trkpt>
      <trkpt lat="48.093670" lon="11.668370">
        <ele>593.697838</ele>
        <time>2021-08-14T08:57:35.912Z</time>
      </trkpt>
      <trkpt lat="48.093670" lon="11.668225">
        <ele>593.764062</ele>
        <time>2021-08-14T08:57:42.923Z</time>
      </trkpt>
      <trkpt lat="48.093691" lon="11.668082">
        <ele>593.830933</ele>
        <time>2021-08-14T08:57:50.909Z</time>
      </trkpt>
      <trkpt lat="48.093732" lon="11.667943">
        <ele>593.900332</ele>
        <time>2021-08-14T08:57:58.907Z</time>
      </trkpt>
      <trkpt lat="48.093778" lon="11.667817">
        <ele>593.965914</ele>
        <time>2021-08-14T08:58:05.906Z</time>
      </trkpt>
      <trkpt lat="48.093794" lon="11.667665">
        <ele>594.036192</ele>
        <time>2021-08-14T08:58:12.916Z</time>
      </trkpt>
      <trkpt lat="48.093827" lon="11.667525">
        <ele>594.103998</ele>
        <time>2021-08-14T08:58:19.912Z</time>
      </trkpt>
      <trkpt lat="48.093849" lon="11.667390">
        <ele>594.167463</ele>
        <time>2021-08-14T08:58:26.907Z</time>
      </trkpt>
      <trkpt lat="48.093875" lon="11.667260">
        <ele>594.229441</ele>
        <time>2021-08-14T08:58:34.936Z</time>
      </trkpt>
      <trkpt lat="48.093931" lon="11.667143">
        <ele>594.295181</ele>
        <time>2021-08-14T08:58:42.922Z</time>
      </trkpt>
      <trkpt lat="48.093964" lon="11.667000">
        <ele>594.364280</ele>
        <time>2021-08-14T08:58:49.909Z</time>
      </trkpt>
      <trkpt lat="48.093951" lon="11.666861">
        <ele>594.300336</ele>
        <time>2021-08-14T08:58:56.912Z</time>
      </trkpt>
      <trkpt lat="48.093957" lon="11.666724">
        <ele>594.126162</ele>
        <time>2021-08-14T08:59:04.907Z</time>
      </trkpt>
      <trkpt lat="48.093955" lon="11.666586">
        <ele>593.951051</ele>
        <time>2021-08-14T08:59:11.910Z</time>
      </trkpt>
      <trkpt lat="48.093969" lon="11.666440">
        <ele>593.763934</ele>
        <time>2021-08-14T08:59:19.909Z</time>
      </trkpt>
      <trkpt lat="48.093974" lon="11.666300">
        <ele>593.586073</ele>
        <time>2021-08-14T08:59:25.913Z</time>
      </trkpt>
      <trkpt lat="48.093930" lon="11.666172">
        <ele>593.403446</ele>
        <time>2021-08-14T08:59:33.911Z</time>
      </trkpt>
      <trkpt lat="48.093830" lon="11.666116">
        <ele>593.200656</ele>
        <time>2021-08-14T08:59:40.907Z</time>
      </trkpt>
      <trkpt lat="48.093741" lon="11.666087">
        <ele>593.027654</ele>
        <time>2021-08-14T08:59:46.909Z</time>
      </trkpt>
      <trkpt lat="48.093650" lon="11.666066">
        <ele>592.852769</ele>
        <time>2021-08-14T08:59:55.912Z</time>
      </trkpt>
      <trkpt lat="48.093560" lon="11.666021">
        <ele>592.672544</ele>
        <time>2021-08-14T09:00:03.897Z</time>
      </trkpt>
      <trkpt lat="48.093467" lon="11.665951">
        <ele>592.474835</ele>
        <time>2021-08-14T09:00:10.910Z</time>
      </trkpt>
      <trkpt lat="48.093399" lon="11.665849">
        <ele>592.292006</ele>
        <time>2021-08-14T09:00:15.909Z</time>
      </trkpt>
      <trkpt lat="48.093391" lon="11.665715">
        <ele>592.121332</ele>
        <time>2021-08-14T09:00:20.913Z</time>
      </trkpt>
      <trkpt lat="48.093409" lon="11.665581">
        <ele>591.947931</ele>
        <time>2021-08-14T09:00:27.911Z</time>
      </trkpt>
      <trkpt lat="48.093382" lon="11.665430">
        <ele>591.749622</ele>
        <time>2021-08-14T09:00:36.911Z</time>
      </trkpt>
      <trkpt lat="48.093322" lon="11.665322">
        <ele>591.571408</ele>
        <time>2021-08-14T09:00:43.915Z</time>
      </trkpt>
      <trkpt lat="48.093263" lon="11.665208">
        <ele>591.388448</ele>
        <time>2021-08-14T09:00:55.913Z</time>
      </trkpt>
      <trkpt lat="48.093193" lon="11.665102">
        <ele>591.199342</ele>
        <time>2021-08-14T09:01:04.911Z</time>
      </trkpt>
      <trkpt lat="48.093168" lon="11.664955">
        <ele>591.006901</ele>
        <time>2021-08-14T09:01:11.918Z</time>
      </trkpt>
      <trkpt lat="48.093094" lon="11.664764">
        <ele>590.942564</ele>
        <time>2021-08-14T09:01:50.896Z</time>
      </trkpt>
      <trkpt lat="48.093023" lon="11.664681">
        <ele>590.918328</ele>
        <time>2021-08-14T09:01:58.893Z</time>
      </trkpt>
      <trkpt lat="48.092944" lon="11.664569">
        <ele>590.889056</ele>
        <time>2021-08-14T09:02:05.903Z</time>
      </trkpt>
      <trkpt lat="48.092919" lon="11.664435">
        <ele>590.864054</ele>
        <time>2021-08-14T09:02:12.907Z</time>
      </trkpt>
      <trkpt lat="48.092955" lon="11.664303">
        <ele>590.838432</ele>
        <time>2021-08-14T09:02:18.908Z</time>
      </trkpt>
      <trkpt lat="48.092992" lon="11.664161">
        <ele>590.811041</ele>
        <time>2021-08-14T09:02:26.914Z</time>
      </trkpt>
      <trkpt lat="48.093011" lon="11.664022">
        <ele>590.785545</ele>
        <time>2021-08-14T09:02:32.947Z</time>
      </trkpt>
      <trkpt lat="48.093003" lon="11.663877">
        <ele>590.759399</ele>
        <time>2021-08-14T09:02:40.913Z</time>
      </trkpt>
      <trkpt lat="48.092948" lon="11.663754">
        <ele>590.732799</ele>
        <time>2021-08-14T09:02:50.917Z</time>
      </trkpt>
      <trkpt lat="48.092899" lon="11.663416">
        <ele>590.670645</ele>
        <time>2021-08-14T09:04:00.914Z</time>
      </trkpt>
      <trkpt lat="48.092883" lon="11.663271">
        <ele>590.644235</ele>
        <time>2021-08-14T09:04:07.913Z</time>
      </trkpt>
      <trkpt lat="48.092913" lon="11.663129">
        <ele>590.617471</ele>
        <time>2021-08-14T09:04:15.913Z</time>
      </trkpt>
      <trkpt lat="48.092973" lon="11.663238">
        <ele>590.592089</ele>
        <time>2021-08-14T09:04:37.871Z</time>
      </trkpt>
      <trkpt lat="48.093071" lon="11.663260">
        <ele>590.565427</ele>
        <time>2021-08-14T09:04:44.893Z</time>
      </trkpt>
      <trkpt lat="48.093174" lon="11.663260">
        <ele>590.537716</ele>
        <time>2021-08-14T09:04:53.903Z</time>
      </trkpt>
      <trkpt lat="48.093270" lon="11.663286">
        <ele>590.511468</ele>
        <time>2021-08-14T09:04:59.897Z</time>
      </trkpt>
      <trkpt lat="48.093360" lon="11.663329">
        <ele>590.473029</ele>
        <time>2021-08-14T09:05:05.883Z</time>
      </trkpt>
      <trkpt lat="48.093456" lon="11.663355">
        <ele>590.405115</ele>
        <time>2021-08-14T09:05:12.919Z</time>
      </trkpt>
      <trkpt lat="48.093550" lon="11.663364">
        <ele>590.339544</ele>
        <time>2021-08-14T09:05:20.912Z</time>
      </trkpt>
      <trkpt lat="48.093640" lon="11.663415">
        <ele>590.272554</ele>
        <time>2021-08-14T09:05:28.911Z</time>
      </trkpt>
      <trkpt lat="48.093735" lon="11.663453">
        <ele>590.204101</ele>
        <time>2021-08-14T09:05:36.908Z</time>
      </trkpt>
      <trkpt lat="48.093825" lon="11.663510">
        <ele>590.136074</ele>
        <time>2021-08-14T09:05:43.912Z</time>
      </trkpt>
      <trkpt lat="48.093910" lon="11.663556">
        <ele>590.073155</ele>
        <time>2021-08-14T09:05:50.908Z</time>
      </trkpt>
      <trkpt lat="48.094008" lon="11.663578">
        <ele>590.004171</ele>
        <time>2021-08-14T09:05:57.913Z</time>
      </trkpt>
      <trkpt lat="48.094098" lon="11.663608">
        <ele>589.939985</ele>
        <time>2021-08-14T09:06:04.909Z</time>
      </trkpt>
      <trkpt lat="48.094196" lon="11.663642">
        <ele>589.869955</ele>
        <time>2021-08-14T09:06:12.918Z</time>
      </trkpt>
      <trkpt lat="48.094288" lon="11.663688">
        <ele>589.802434</ele>
        <time>2021-08-14T09:06:19.934Z</time>
      </trkpt>
      <trkpt lat="48.094369" lon="11.663761">
        <ele>589.736619</ele>
        <time>2021-08-14T09:06:26.911Z</time>
      </trkpt>
      <trkpt lat="48.094460" lon="11.663821">
        <ele>589.667400</ele>
        <time>2021-08-14T09:06:34.912Z</time>
      </trkpt>
      <trkpt lat="48.094544" lon="11.663881">
        <ele>589.602610</ele>
        <time>2021-08-14T09:06:41.916Z</time>
      </trkpt>
      <trkpt lat="48.094626" lon="11.663957">
        <ele>589.535475</ele>
        <time>2021-08-14T09:06:47.910Z</time>
      </trkpt>
      <trkpt lat="48.094720" lon="11.664018">
        <ele>589.464156</ele>
        <time>2021-08-14T09:06:54.914Z</time>
      </trkpt>
      <trkpt lat="48.094803" lon="11.664077">
        <ele>589.400195</ele>
        <time>2021-08-14T09:07:01.908Z</time>
      </trkpt>
      <trkpt lat="48.094888" lon="11.664144">
        <ele>589.333324</ele>
        <time>2021-08-14T09:07:08.910Z</time>
      </trkpt>
      <trkpt lat="48.094985" lon="11.664184">
        <ele>589.263284</ele>
        <time>2021-08-14T09:07:16.910Z</time>
      </trkpt>
      <trkpt lat="48.095063" lon="11.664251">
        <ele>589.215521</ele>
        <time>2021-08-14T09:07:23.911Z</time>
      </trkpt>
      <trkpt lat="48.095143" lon="11.664322">
        <ele>589.173947</ele>
        <time>2021-08-14T09:07:29.910Z</time>
      </trkpt>
      <trkpt lat="48.095232" lon="11.664380">
        <ele>589.130555</ele>
        <time>2021-08-14T09:07:37.907Z</time>
      </trkpt>
      <trkpt lat="48.095327" lon="11.664428">
        <ele>589.085733</ele>
        <time>2021-08-14T09:07:44.911Z</time>
      </trkpt>
      <trkpt lat="48.095410" lon="11.664480">
        <ele>589.045511</ele>
        <time>2021-08-14T09:07:50.915Z</time>
      </trkpt>
      <trkpt lat="48.095494" lon="11.664539">
        <ele>589.004033</ele>
        <time>2021-08-14T09:07:57.910Z</time>
      </trkpt>
      <trkpt lat="48.095567" lon="11.664621">
        <ele>588.963236</ele>
        <time>2021-08-14T09:08:04.910Z</time>
      </trkpt>
      <trkpt lat="48.095655" lon="11.664705">
        <ele>588.916581</ele>
        <time>2021-08-14T09:08:11.909Z</time>
      </trkpt>
      <trkpt lat="48.095744" lon="11.664744">
        <ele>588.875125</ele>
        <time>2021-08-14T09:08:17.909Z</time>
      </trkpt>
      <trkpt lat="48.095839" lon="11.664799">
        <ele>588.829592</ele>
        <time>2021-08-14T09:08:26.908Z</time>
      </trkpt>
      <trkpt lat="48.095920" lon="11.664876">
        <ele>588.786700</ele>
        <time>2021-08-14T09:08:33.907Z</time>
      </trkpt>
      <trkpt lat="48.096000" lon="11.664968">
        <ele>588.741605</ele>
        <time>2021-08-14T09:08:41.931Z</time>
      </trkpt>
      <trkpt lat="48.096096" lon="11.665022">
        <ele>588.695760</ele>
        <time>2021-08-14T09:08:48.908Z</time>
      </trkpt>
      <trkpt lat="48.096190" lon="11.665053">
        <ele>588.652731</ele>
        <time>2021-08-14T09:08:56.905Z</time>
      </trkpt>
      <trkpt lat="48.096290" lon="11.665087">
        <ele>588.606889</ele>
        <time>2021-08-14T09:09:03.900Z</time>
      </trkpt>
      <trkpt lat="48.096382" lon="11.665149">
        <ele>588.561787</ele>
        <time>2021-08-14T09:09:09.913Z</time>
      </trkpt>
      <trkpt lat="48.096477" lon="11.665204">
        <ele>588.516254</ele>
        <time>2021-08-14T09:09:16.909Z</time>
      </trkpt>
      <trkpt lat="48.096570" lon="11.665246">
        <ele>588.472829</ele>
        <time>2021-08-14T09:09:23.907Z</time>
      </trkpt>
      <trkpt lat="48.096641" lon="11.665143">
        <ele>588.471987</ele>
        <time>2021-08-14T09:09:32.918Z</time>
      </trkpt>
      <trkpt lat="48.096681" lon="11.665012">
        <ele>588.626379</ele>
        <time>2021-08-14T09:09:40.910Z</time>
      </trkpt>
      <trkpt lat="48.096747" lon="11.664918">
        <ele>588.772568</ele>
        <time>2021-08-14T09:09:46.909Z</time>
      </trkpt>
      <trkpt lat="48.096844" lon="11.664924">
        <ele>588.928374</ele>
        <time>2021-08-14T09:09:52.912Z</time>
      </trkpt>
      <trkpt lat="48.096937" lon="11.664973">
        <ele>589.086599</ele>
        <time>2021-08-14T09:09:59.930Z</time>
      </trkpt>
      <trkpt lat="48.097023" lon="11.665014">
        <ele>589.231446</ele>
        <time>2021-08-14T09:10:05.906Z</time>
      </trkpt>
      <trkpt lat="48.097115" lon="11.665055">
        <ele>589.385496</ele>
        <time>2021-08-14T09:10:12.913Z</time>
      </trkpt>
      <trkpt lat="48.097198" lon="11.665109">
        <ele>589.530733</ele>
        <time>2021-08-14T09:10:20.907Z</time>
      </trkpt>
      <trkpt lat="48.097284" lon="11.665172">
        <ele>589.684386</ele>
        <time>2021-08-14T09:10:26.898Z</time>
      </trkpt>
      <trkpt lat="48.097371" lon="11.665226">
        <ele>589.835532</ele>
        <time>2021-08-14T09:10:33.924Z</time>
      </trkpt>
      <trkpt lat="48.097467" lon="11.665247">
        <ele>589.991236</ele>
        <time>2021-08-14T09:10:40.906Z</time>
      </trkpt>
      <trkpt lat="48.097555" lon="11.665279">
        <ele>590.136571</ele>
        <time>2021-08-14T09:10:47.908Z</time>
      </trkpt>
      <trkpt lat="48.097642" lon="11.665321">
        <ele>590.283273</ele>
        <time>2021-08-14T09:10:54.908Z</time>
      </trkpt>
      <trkpt lat="48.097738" lon="11.665362">
        <ele>590.443487</ele>
        <time>2021-08-14T09:11:01.909Z</time>
      </trkpt>
      <trkpt lat="48.097829" lon="11.665388">
        <ele>590.592166</ele>
        <time>2021-08-14T09:11:07.931Z</time>
      </trkpt>
      <trkpt lat="48.097918" lon="11.665423">
        <ele>590.739844</ele>
        <time>2021-08-14T09:11:13.921Z</time>
      </trkpt>
      <trkpt lat="48.098011" lon="11.665445">
        <ele>590.890950</ele>
        <time>2021-08-14T09:11:20.906Z</time>
      </trkpt>
      <trkpt lat="48.098110" lon="11.665466">
        <ele>591.051419</ele>
        <time>2021-08-14T09:11:31.908Z</time>
      </trkpt>
      <trkpt lat="48.098205" lon="11.665488">
        <ele>591.205696</ele>
        <time>2021-08-14T09:11:38.909Z</time>
      </trkpt>
      <trkpt lat="48.098295" lon="11.665526">
        <ele>591.309891</ele>
        <time>2021-08-14T09:11:44.910Z</time>
      </trkpt>
      <trkpt lat="48.098391" lon="11.665550">
        <ele>591.235527</ele>
        <time>2021-08-14T09:11:52.914Z</time>
      </trkpt>
      <trkpt lat="48.098485" lon="11.665568">
        <ele>591.163123</ele>
        <time>2021-08-14T09:12:02.913Z</time>
      </trkpt>
      <trkpt lat="48.098580" lon="11.665598">
        <ele>591.088942</ele>
        <time>2021-08-14T09:12:10.898Z</time>
      </trkpt>
      <trkpt lat="48.098690" lon="11.665602">
        <ele>591.004873</ele>
        <time>2021-08-14T09:12:15.897Z</time>
      </trkpt>
      <trkpt lat="48.098788" lon="11.665623">
        <ele>590.929234</ele>
        <time>2021-08-14T09:12:19.887Z</time>
      </trkpt>
      <trkpt lat="48.098887" lon="11.665662">
        <ele>590.851020</ele>
        <time>2021-08-14T09:12:25.888Z</time>
      </trkpt>
      <trkpt lat="48.098976" lon="11.665715">
        <ele>590.777840</ele>
        <time>2021-08-14T09:12:31.908Z</time>
      </trkpt>
      <trkpt lat="48.099063" lon="11.665755">
        <ele>590.708306</ele>
        <time>2021-08-14T09:12:38.900Z</time>
      </trkpt>
      <trkpt lat="48.099157" lon="11.665774">
        <ele>590.635835</ele>
        <time>2021-08-14T09:12:45.907Z</time>
      </trkpt>
      <trkpt lat="48.099252" lon="11.665755">
        <ele>590.562606</ele>
        <time>2021-08-14T09:12:53.905Z</time>
      </trkpt>
      <trkpt lat="48.099355" lon="11.665779">
        <ele>590.482963</ele>
        <time>2021-08-14T09:13:00.908Z</time>
      </trkpt>
      <trkpt lat="48.099456" lon="11.665799">
        <ele>590.405123</ele>
        <time>2021-08-14T09:13:08.913Z</time>
      </trkpt>
      <trkpt lat="48.099552" lon="11.665781">
        <ele>590.331203</ele>
        <time>2021-08-14T09:13:16.919Z</time>
      </trkpt>
      <trkpt lat="48.099651" lon="11.665758">
        <ele>590.254658</ele>
        <time>2021-08-14T09:13:24.909Z</time>
      </trkpt>
      <trkpt lat="48.099741" lon="11.665752">
        <ele>590.185826</ele>
        <time>2021-08-14T09:13:30.916Z</time>
      </trkpt>
      <trkpt lat="48.099841" lon="11.665722">
        <ele>590.107904</ele>
        <time>2021-08-14T09:13:36.908Z</time>
      </trkpt>
      <trkpt lat="48.099933" lon="11.665695">
        <ele>590.036275</ele>
        <time>2021-08-14T09:13:43.908Z</time>
      </trkpt>
      <trkpt lat="48.100027" lon="11.665658">
        <ele>589.962015</ele>
        <time>2021-08-14T09:13:52.917Z</time>
      </trkpt>
      <trkpt lat="48.100117" lon="11.665647">
        <ele>589.950672</ele>
        <time>2021-08-14T09:13:59.910Z</time>
      </trkpt>
      <trkpt lat="48.100209" lon="11.665651">
        <ele>589.950941</ele>
        <time>2021-08-14T09:14:06.915Z</time>
      </trkpt>
      <trkpt lat="48.100298" lon="11.665604">
        <ele>589.951218</ele>
        <time>2021-08-14T09:14:12.919Z</time>
      </trkpt>
      <trkpt lat="48.100395" lon="11.665581">
        <ele>589.951505</ele>
        <time>2021-08-14T09:14:20.907Z</time>
      </trkpt>
      <trkpt lat="48.100486" lon="11.665571">
        <ele>589.951772</ele>
        <time>2021-08-14T09:14:27.911Z</time>
      </trkpt>
      <trkpt lat="48.100577" lon="11.665530">
        <ele>589.952051</ele>
        <time>2021-08-14T09:14:35.910Z</time>
      </trkpt>
      <trkpt lat="48.100679" lon="11.665509">
        <ele>589.952352</ele>
        <time>2021-08-14T09:14:41.909Z</time>
      </trkpt>
      <trkpt lat="48.100771" lon="11.665493">
        <ele>589.952623</ele>
        <time>2021-08-14T09:14:48.914Z</time>
      </trkpt>
      <trkpt lat="48.100867" lon="11.665484">
        <ele>589.952905</ele>
        <time>2021-08-14T09:14:56.910Z</time>
      </trkpt>
      <trkpt lat="48.101063" lon="11.665238">
        <ele>589.953654</ele>
        <time>2021-08-14T09:16:46.908Z</time>
      </trkpt>
      <trkpt lat="48.101164" lon="11.665182">
        <ele>589.953969</ele>
        <time>2021-08-14T09:16:53.907Z</time>
      </trkpt>
      <trkpt lat="48.101234" lon="11.665099">
        <ele>589.954231</ele>
        <time>2021-08-14T09:16:59.905Z</time>
      </trkpt>
      <trkpt lat="48.101281" lon="11.664969">
        <ele>589.954520</ele>
        <time>2021-08-14T09:17:07.909Z</time>
      </trkpt>
      <trkpt lat="48.101365" lon="11.664906">
        <ele>589.954795</ele>
        <time>2021-08-14T09:17:22.914Z</time>
      </trkpt>
      <trkpt lat="48.101462" lon="11.664927">
        <ele>589.955082</ele>
        <time>2021-08-14T09:17:29.907Z</time>
      </trkpt>
      <trkpt lat="48.101552" lon="11.664933">
        <ele>589.955345</ele>
        <time>2021-08-14T09:17:35.905Z</time>
      </trkpt>
      <trkpt lat="48.101644" lon="11.664909">
        <ele>589.955619</ele>
        <time>2021-08-14T09:17:41.905Z</time>
      </trkpt>
      <trkpt lat="48.101734" lon="11.664924">
        <ele>590.011205</ele>
        <time>2021-08-14T09:17:47.907Z</time>
      </trkpt>
      <trkpt lat="48.101823" lon="11.664877">
        <ele>590.103682</ele>
        <time>2021-08-14T09:17:54.913Z</time>
      </trkpt>
      <trkpt lat="48.101912" lon="11.664830">
        <ele>590.196158</ele>
        <time>2021-08-14T09:18:04.920Z</time>
      </trkpt>
      <trkpt lat="48.102005" lon="11.664804">
        <ele>590.288864</ele>
        <time>2021-08-14T09:18:10.909Z</time>
      </trkpt>
      <trkpt lat="48.102081" lon="11.664876">
        <ele>590.376989</ele>
        <time>2021-08-14T09:18:17.914Z</time>
      </trkpt>
      <trkpt lat="48.102175" lon="11.664958">
        <ele>590.483591</ele>
        <time>2021-08-14T09:18:22.917Z</time>
      </trkpt>
      <trkpt lat="48.102255" lon="11.665040">
        <ele>590.578589</ele>
        <time>2021-08-14T09:18:29.909Z</time>
      </trkpt>
      <trkpt lat="48.102340" lon="11.665111">
        <ele>590.673964</ele>
        <time>2021-08-14T09:18:37.912Z</time>
      </trkpt>
      <trkpt lat="48.102443" lon="11.665158">
        <ele>590.779476</ele>
        <time>2021-08-14T09:18:45.903Z</time>
      </trkpt>
      <trkpt lat="48.102534" lon="11.665190">
        <ele>590.871073</ele>
        <time>2021-08-14T09:18:50.911Z</time>
      </trkpt>
      <trkpt lat="48.102600" lon="11.665308">
        <ele>590.971797</ele>
        <time>2021-08-14T09:18:58.935Z</time>
      </trkpt>
      <trkpt lat="48.102652" lon="11.665422">
        <ele>591.062138</ele>
        <time>2021-08-14T09:19:04.909Z</time>
      </trkpt>
      <trkpt lat="48.102729" lon="11.665508">
        <ele>591.156266</ele>
        <time>2021-08-14T09:19:15.916Z</time>
      </trkpt>
      <trkpt lat="48.102790" lon="11.665608">
        <ele>591.244895</ele>
        <time>2021-08-14T09:19:21.886Z</time>
      </trkpt>
      <trkpt lat="48.102880" lon="11.665686">
        <ele>591.346792</ele>
        <time>2021-08-14T09:19:27.905Z</time>
      </trkpt>
      <trkpt lat="48.102960" lon="11.665749">
        <ele>591.435364</ele>
        <time>2021-08-14T09:19:31.911Z</time>
      </trkpt>
      <trkpt lat="48.103038" lon="11.665831">
        <ele>591.528751</ele>
        <time>2021-08-14T09:19:37.908Z</time>
      </trkpt>
      <trkpt lat="48.103128" lon="11.665889">
        <ele>591.624763</ele>
        <time>2021-08-14T09:19:45.911Z</time>
      </trkpt>
      <trkpt lat="48.103216" lon="11.665938">
        <ele>591.716763</ele>
        <time>2021-08-14T09:19:54.916Z</time>
      </trkpt>
      <trkpt lat="48.103309" lon="11.665998">
        <ele>591.655776</ele>
        <time>2021-08-14T09:19:59.910Z</time>
      </trkpt>
      <trkpt lat="48.103391" lon="11.666091">
        <ele>591.591399</ele>
        <time>2021-08-14T09:20:05.892Z</time>
      </trkpt>
      <trkpt lat="48.103427" lon="11.666217">
        <ele>591.534122</ele>
        <time>2021-08-14T09:20:14.933Z</time>
      </trkpt>
      <trkpt lat="48.103488" lon="11.666323">
        <ele>591.475641</ele>
        <time>2021-08-14T09:20:22.914Z</time>
      </trkpt>
      <trkpt lat="48.103552" lon="11.666433">
        <ele>591.414667</ele>
        <time>2021-08-14T09:20:29.907Z</time>
      </trkpt>
      <trkpt lat="48.103630" lon="11.666520">
        <ele>591.353797</ele>
        <time>2021-08-14T09:20:36.909Z</time>
      </trkpt>
      <trkpt lat="48.103708" lon="11.666604">
        <ele>591.293668</ele>
        <time>2021-08-14T09:20:43.908Z</time>
      </trkpt>
      <trkpt lat="48.103790" lon="11.666682">
        <ele>591.232870</ele>
        <time>2021-08-14T09:20:53.910Z</time>
      </trkpt>
      <trkpt lat="48.103884" lon="11.666731">
        <ele>591.170578</ele>
        <time>2021-08-14T09:21:00.908Z</time>
      </trkpt>
      <trkpt lat="48.103962" lon="11.666842">
        <ele>591.103235</ele>
        <time>2021-08-14T09:21:06.909Z</time>
      </trkpt>
      <trkpt lat="48.104056" lon="11.666907">
        <ele>591.038436</ele>
        <time>2021-08-14T09:21:13.910Z</time>
      </trkpt>
      <trkpt lat="48.104120" lon="11.667010">
        <ele>590.979637</ele>
        <time>2021-08-14T09:21:22.914Z</time>
      </trkpt>
      <trkpt lat="48.104205" lon="11.667077">
        <ele>590.919520</ele>
        <time>2021-08-14T09:21:28.928Z</time>
      </trkpt>
      <trkpt lat="48.104283" lon="11.667166">
        <ele>590.858148</ele>
        <time>2021-08-14T09:21:35.909Z</time>
      </trkpt>
      <trkpt lat="48.104369" lon="11.667234">
        <ele>590.797283</ele>
        <time>2021-08-14T09:21:42.916Z</time>
      </trkpt>
      <trkpt lat="48.104472" lon="11.667254">
        <ele>590.732280</ele>
        <time>2021-08-14T09:21:49.910Z</time>
      </trkpt>
      <trkpt lat="48.104566" lon="11.667276">
        <ele>590.672736</ele>
        <time>2021-08-14T09:21:55.907Z</time>
      </trkpt>
      <trkpt lat="48.104666" lon="11.667300">
        <ele>590.609353</ele>
        <time>2021-08-14T09:22:02.937Z</time>
      </trkpt>
      <trkpt lat="48.104749" lon="11.667247">
        <ele>590.528344</ele>
        <time>2021-08-14T09:22:09.908Z</time>
      </trkpt>
      <trkpt lat="48.104844" lon="11.667316">
        <ele>590.421379</ele>
        <time>2021-08-14T09:22:17.907Z</time>
      </trkpt>
      <trkpt lat="48.104934" lon="11.667409">
        <ele>590.310602</ele>
        <time>2021-08-14T09:22:23.910Z</time>
      </trkpt>
      <trkpt lat="48.105016" lon="11.667510">
        <ele>590.203041</ele>
        <time>2021-08-14T09:22:29.911Z</time>
      </trkpt>
      <trkpt lat="48.105102" lon="11.667586">
        <ele>590.101877</ele>
        <time>2021-08-14T09:22:35.910Z</time>
      </trkpt>
      <trkpt lat="48.105189" lon="11.667632">
        <ele>590.008407</ele>
        <time>2021-08-14T09:22:42.915Z</time>
      </trkpt>
      <trkpt lat="48.105237" lon="11.667746">
        <ele>589.917235</ele>
        <time>2021-08-14T09:22:49.909Z</time>
      </trkpt>
      <trkpt lat="48.105213" lon="11.667886">
        <ele>589.819455</ele>
        <time>2021-08-14T09:22:56.891Z</time>
      </trkpt>
      <trkpt lat="48.105223" lon="11.668025">
        <ele>589.724878</ele>
        <time>2021-08-14T09:23:02.917Z</time>
      </trkpt>
      <trkpt lat="48.105274" lon="11.668157">
        <ele>589.621710</ele>
        <time>2021-08-14T09:23:11.927Z</time>
      </trkpt>
      <trkpt lat="48.105312" lon="11.668282">
        <ele>589.528798</ele>
        <time>2021-08-14T09:23:18.908Z</time>
      </trkpt>
      <trkpt lat="48.105339" lon="11.668426">
        <ele>589.427615</ele>
        <time>2021-08-14T09:23:25.909Z</time>
      </trkpt>
      <trkpt lat="48.105380" lon="11.668552">
        <ele>589.332795</ele>
        <time>2021-08-14T09:23:32.914Z</time>
      </trkpt>
      <trkpt lat="48.105480" lon="11.668580">
        <ele>589.229732</ele>
        <time>2021-08-14T09:23:38.911Z</time>
      </trkpt>
      <trkpt lat="48.105562" lon="11.668503">
        <ele>589.131679</ele>
        <time>2021-08-14T09:23:43.912Z</time>
      </trkpt>
      <trkpt lat="48.105655" lon="11.668490">
        <ele>589.037053</ele>
        <time>2021-08-14T09:23:58.932Z</time>
      </trkpt>
      <trkpt lat="48.105757" lon="11.668486">
        <ele>588.933684</ele>
        <time>2021-08-14T09:24:07.908Z</time>
      </trkpt>
      <trkpt lat="48.105851" lon="11.668545">
        <ele>588.830429</ele>
        <time>2021-08-14T09:24:14.908Z</time>
      </trkpt>
      <trkpt lat="48.105932" lon="11.668633">
        <ele>588.748607</ele>
        <time>2021-08-14T09:24:19.908Z</time>
      </trkpt>
      <trkpt lat="48.106022" lon="11.668700">
        <ele>588.694969</ele>
        <time>2021-08-14T09:24:26.892Z</time>
      </trkpt>
      <trkpt lat="48.106105" lon="11.668789">
        <ele>588.640489</ele>
        <time>2021-08-14T09:24:32.917Z</time>
      </trkpt>
      <trkpt lat="48.106177" lon="11.668893">
        <ele>588.587104</ele>
        <time>2021-08-14T09:24:39.907Z</time>
      </trkpt>
      <trkpt lat="48.106277" lon="11.668880">
        <ele>588.533535</ele>
        <time>2021-08-14T09:24:47.906Z</time>
      </trkpt>
      <trkpt lat="48.106375" lon="11.668895">
        <ele>588.480963</ele>
        <time>2021-08-14T09:24:55.893Z</time>
      </trkpt>
      <trkpt lat="48.106459" lon="11.668965">
        <ele>588.429661</ele>
        <time>2021-08-14T09:25:02.904Z</time>
      </trkpt>
      <trkpt lat="48.106486" lon="11.669111">
        <ele>588.375674</ele>
        <time>2021-08-14T09:25:09.902Z</time>
      </trkpt>
      <trkpt lat="48.106571" lon="11.669219">
        <ele>588.316184</ele>
        <time>2021-08-14T09:25:17.892Z</time>
      </trkpt>
      <trkpt lat="48.106630" lon="11.669325">
        <ele>588.267008</ele>
        <time>2021-08-14T09:25:22.908Z</time>
      </trkpt>
      <trkpt lat="48.106711" lon="11.669391">
        <ele>588.217796</ele>
        <time>2021-08-14T09:25:27.909Z</time>
      </trkpt>
      <trkpt lat="48.106802" lon="11.669446">
        <ele>588.165425</ele>
        <time>2021-08-14T09:25:33.905Z</time>
      </trkpt>
      <trkpt lat="48.106890" lon="11.669511">
        <ele>588.113060</ele>
        <time>2021-08-14T09:25:41.908Z</time>
      </trkpt>
      <trkpt lat="48.106953" lon="11.669607">
        <ele>588.065094</ele>
        <time>2021-08-14T09:25:48.911Z</time>
      </trkpt>
      <trkpt lat="48.107021" lon="11.669713">
        <ele>588.012713</ele>
        <time>2021-08-14T09:25:56.936Z</time>
      </trkpt>
      <trkpt lat="48.107107" lon="11.669775">
        <ele>587.961775</ele>
        <time>2021-08-14T09:26:03.910Z</time>
      </trkpt>
      <trkpt lat="48.107204" lon="11.669831">
        <ele>587.906295</ele>
        <time>2021-08-14T09:26:09.910Z</time>
      </trkpt>
      <trkpt lat="48.107293" lon="11.669892">
        <ele>587.854060</ele>
        <time>2021-08-14T09:26:16.910Z</time>
      </trkpt>
      <trkpt lat="48.107371" lon="11.669963">
        <ele>587.793790</ele>
        <time>2021-08-14T09:26:24.891Z</time>
      </trkpt>
      <trkpt lat="48.107455" lon="11.670034">
        <ele>587.626518</ele>
        <time>2021-08-14T09:26:30.908Z</time>
      </trkpt>
      <trkpt lat="48.107549" lon="11.670066">
        <ele>587.459345</ele>
        <time>2021-08-14T09:26:37.910Z</time>
      </trkpt>
      <trkpt lat="48.107652" lon="11.670089">
        <ele>587.278749</ele>
        <time>2021-08-14T09:26:46.901Z</time>
      </trkpt>
      <trkpt lat="48.107748" lon="11.670143">
        <ele>587.100910</ele>
        <time>2021-08-14T09:26:52.915Z</time>
      </trkpt>
      <trkpt lat="48.107836" lon="11.670205">
        <ele>586.932257</ele>
        <time>2021-08-14T09:26:58.914Z</time>
      </trkpt>
      <trkpt lat="48.107923" lon="11.670272">
        <ele>586.762603</ele>
        <time>2021-08-14T09:27:04.910Z</time>
      </trkpt>
      <trkpt lat="48.108006" lon="11.670338">
        <ele>586.599634</ele>
        <time>2021-08-14T09:27:11.911Z</time>
      </trkpt>
      <trkpt lat="48.108086" lon="11.670402">
        <ele>586.442345</ele>
        <time>2021-08-14T09:27:18.907Z</time>
      </trkpt>
      <trkpt lat="48.108170" lon="11.670478">
        <ele>586.272153</ele>
        <time>2021-08-14T09:27:25.908Z</time>
      </trkpt>
      <trkpt lat="48.108265" lon="11.670538">
        <ele>586.093354</ele>
        <time>2021-08-14T09:27:31.906Z</time>
      </trkpt>
      <trkpt lat="48.108358" lon="11.670592">
        <ele>585.920377</ele>
        <time>2021-08-14T09:27:39.910Z</time>
      </trkpt>
      <trkpt lat="48.108435" lon="11.670692">
        <ele>585.743629</ele>
        <time>2021-08-14T09:27:48.909Z</time>
      </trkpt>
      <trkpt lat="48.108525" lon="11.670772">
        <ele>585.562131</ele>
        <time>2021-08-14T09:27:55.909Z</time>
      </trkpt>
      <trkpt lat="48.108609" lon="11.670823">
        <ele>585.404943</ele>
        <time>2021-08-14T09:28:01.908Z</time>
      </trkpt>
      <trkpt lat="48.108693" lon="11.670869">
        <ele>585.249838</ele>
        <time>2021-08-14T09:28:07.896Z</time>
      </trkpt>
      <trkpt lat="48.108776" lon="11.670935">
        <ele>585.086869</ele>
        <time>2021-08-14T09:28:15.909Z</time>
      </trkpt>
      <trkpt lat="48.108865" lon="11.670972">
        <ele>584.926690</ele>
        <time>2021-08-14T09:28:22.922Z</time>
      </trkpt>
      <trkpt lat="48.108962" lon="11.671012">
        <ele>584.752213</ele>
        <time>2021-08-14T09:28:31.912Z</time>
      </trkpt>
      <trkpt lat="48.109040" lon="11.671087">
        <ele>584.657108</ele>
        <time>2021-08-14T09:28:39.911Z</time>
      </trkpt>
      <trkpt lat="48.109126" lon="11.671152">
        <ele>584.599899</ele>
        <time>2021-08-14T09:28:44.913Z</time>
      </trkpt>
      <trkpt lat="48.109211" lon="11.671240">
        <ele>584.538532</ele>
        <time>2021-08-14T09:28:49.909Z</time>
      </trkpt>
      <trkpt lat="48.109284" lon="11.671343">
        <ele>584.478970</ele>
        <time>2021-08-14T09:28:56.909Z</time>
      </trkpt>
      <trkpt lat="48.109368" lon="11.671421">
        <ele>584.420273</ele>
        <time>2021-08-14T09:29:02.917Z</time>
      </trkpt>
      <trkpt lat="48.109461" lon="11.671479">
        <ele>584.360446</ele>
        <time>2021-08-14T09:29:09.913Z</time>
      </trkpt>
      <trkpt lat="48.109546" lon="11.671528">
        <ele>584.306356</ele>
        <time>2021-08-14T09:29:15.913Z</time>
      </trkpt>
      <trkpt lat="48.109556" lon="11.671669">
        <ele>584.250129</ele>
        <time>2021-08-14T09:29:49.061Z</time>
      </trkpt>
      <trkpt lat="48.109656" lon="11.671721">
        <ele>584.187264</ele>
        <time>2021-08-14T09:29:55.907Z</time>
      </trkpt>
      <trkpt lat="48.109738" lon="11.671802">
        <ele>584.128927</ele>
        <time>2021-08-14T09:30:01.899Z</time>
      </trkpt>
      <trkpt lat="48.109815" lon="11.671888">
        <ele>584.071883</ele>
        <time>2021-08-14T09:30:08.909Z</time>
      </trkpt>
      <trkpt lat="48.109904" lon="11.671932">
        <ele>584.016222</ele>
        <time>2021-08-14T09:30:13.917Z</time>
      </trkpt>
      <trkpt lat="48.109967" lon="11.672040">
        <ele>583.959355</ele>
        <time>2021-08-14T09:30:20.907Z</time>
      </trkpt>
      <trkpt lat="48.110037" lon="11.672137">
        <ele>583.902719</ele>
        <time>2021-08-14T09:30:26.910Z</time>
      </trkpt>
      <trkpt lat="48.110110" lon="11.672231">
        <ele>583.845545</ele>
        <time>2021-08-14T09:30:34.935Z</time>
      </trkpt>
      <trkpt lat="48.110152" lon="11.672352">
        <ele>583.791469</ele>
        <time>2021-08-14T09:30:40.915Z</time>
      </trkpt>
      <trkpt lat="48.110194" lon="11.672488">
        <ele>583.732052</ele>
        <time>2021-08-14T09:30:46.935Z</time>
      </trkpt>
      <trkpt lat="48.110257" lon="11.672589">
        <ele>583.677245</ele>
        <time>2021-08-14T09:30:52.918Z</time>
      </trkpt>
      <trkpt lat="48.110338" lon="11.672678">
        <ele>583.622982</ele>
        <time>2021-08-14T09:30:58.912Z</time>
      </trkpt>
      <trkpt lat="48.110413" lon="11.672756">
        <ele>583.621629</ele>
        <time>2021-08-14T09:31:05.908Z</time>
      </trkpt>
      <trkpt lat="48.110479" lon="11.672848">
        <ele>583.620293</ele>
        <time>2021-08-14T09:31:13.911Z</time>
      </trkpt>
      <trkpt lat="48.110569" lon="11.672925">
        <ele>583.618757</ele>
        <time>2021-08-14T09:31:20.907Z</time>
      </trkpt>
      <trkpt lat="48.110636" lon="11.673038">
        <ele>583.617262</ele>
        <time>2021-08-14T09:31:26.909Z</time>
      </trkpt>
      <trkpt lat="48.110654" lon="11.673183">
        <ele>583.615802</ele>
        <time>2021-08-14T09:31:32.933Z</time>
      </trkpt>
      <trkpt lat="48.110669" lon="11.673340">
        <ele>583.614233</ele>
        <time>2021-08-14T09:31:39.909Z</time>
      </trkpt>
      <trkpt lat="48.110677" lon="11.673477">
        <ele>583.612873</ele>
        <time>2021-08-14T09:31:45.912Z</time>
      </trkpt>
      <trkpt lat="48.110715" lon="11.673599">
        <ele>583.611541</ele>
        <time>2021-08-14T09:31:52.915Z</time>
      </trkpt>
      <trkpt lat="48.110783" lon="11.673717">
        <ele>583.609998</ele>
        <time>2021-08-14T09:32:00.909Z</time>
      </trkpt>
      <trkpt lat="48.110854" lon="11.673821">
        <ele>583.608527</ele>
        <time>2021-08-14T09:32:06.916Z</time>
      </trkpt>
      <trkpt lat="48.110928" lon="11.673913">
        <ele>583.607102</ele>
        <time>2021-08-14T09:32:15.914Z</time>
      </trkpt>
      <trkpt lat="48.111018" lon="11.673985">
        <ele>583.605590</ele>
        <time>2021-08-14T09:32:23.910Z</time>
      </trkpt>
      <trkpt lat="48.111073" lon="11.674099">
        <ele>583.604198</ele>
        <time>2021-08-14T09:32:31.936Z</time>
      </trkpt>
      <trkpt lat="48.111123" lon="11.674217">
        <ele>583.602815</ele>
        <time>2021-08-14T09:32:37.917Z</time>
      </trkpt>
      <trkpt lat="48.111185" lon="11.674324">
        <ele>583.601414</ele>
        <time>2021-08-14T09:32:45.910Z</time>
      </trkpt>
      <trkpt lat="48.111227" lon="11.674452">
        <ele>583.600003</ele>
        <time>2021-08-14T09:32:51.906Z</time>
      </trkpt>
      <trkpt lat="48.111280" lon="11.674563">
        <ele>583.598652</ele>
        <time>2021-08-14T09:32:57.906Z</time>
      </trkpt>
      <trkpt lat="48.111354" lon="11.674649">
        <ele>583.597264</ele>
        <time>2021-08-14T09:33:03.907Z</time>
      </trkpt>
      <trkpt lat="48.111427" lon="11.674748">
        <ele>583.596467</ele>
        <time>2021-08-14T09:33:09.912Z</time>
      </trkpt>
      <trkpt lat="48.111497" lon="11.674847">
        <ele>583.596467</ele>
        <time>2021-08-14T09:33:15.911Z</time>
      </trkpt>
      <trkpt lat="48.111562" lon="11.674954">
        <ele>583.596467</ele>
        <time>2021-08-14T09:33:22.917Z</time>
      </trkpt>
      <trkpt lat="48.111636" lon="11.675059">
        <ele>583.596467</ele>
        <time>2021-08-14T09:33:29.927Z</time>
      </trkpt>
      <trkpt lat="48.111717" lon="11.675150">
        <ele>583.596467</ele>
        <time>2021-08-14T09:33:37.907Z</time>
      </trkpt>
      <trkpt lat="48.111788" lon="11.675235">
        <ele>583.596467</ele>
        <time>2021-08-14T09:33:43.907Z</time>
      </trkpt>
      <trkpt lat="48.111856" lon="11.675332">
        <ele>583.596467</ele>
        <time>2021-08-14T09:33:49.908Z</time>
      </trkpt>
      <trkpt lat="48.111929" lon="11.675417">
        <ele>583.596467</ele>
        <time>2021-08-14T09:33:57.915Z</time>
      </trkpt>
      <trkpt lat="48.111969" lon="11.675540">
        <ele>583.596467</ele>
        <time>2021-08-14T09:34:03.935Z</time>
      </trkpt>
      <trkpt lat="48.112044" lon="11.675644">
        <ele>583.596467</ele>
        <time>2021-08-14T09:34:11.911Z</time>
      </trkpt>
      <trkpt lat="48.112109" lon="11.675738">
        <ele>583.596467</ele>
        <time>2021-08-14T09:34:18.907Z</time>
      </trkpt>
      <trkpt lat="48.112172" lon="11.675794">
        <ele>583.596467</ele>
        <time>2021-08-14T09:34:26.780Z</time>
      </trkpt>
    </trkseg>
  </trk>
</gpx>