<?xml version="1.0" encoding="UTF-8" standalone="yes"?>
<gpx version="1.1" creator="MagicMaps Tour Explorer"
     xmlns:xsi="http://www.w3.org/2001/XMLSchema-instance"
     xmlns="http://www.topografix.com/GPX/1/1">
  <trk>
    <name>Rheinböllen 14 km</name>
    <trkseg>
      <trkpt lat="49.997872000" lon="7.677717000">
        <ele>316.0</ele>
      </trkpt>
      <trkpt lat="49.997872000" lon="7.677717000">
        <ele>316.0</ele>
      </trkpt>
      <trkpt lat="49.997862000" lon="7.677762000">
        <ele>316.0</ele>
      </trkpt>
      <trkpt lat="49.997858000" lon="7.677810000">
        <ele>316.0</ele>
      </trkpt>
      <trkpt lat="49.997855000" lon="7.677853000">
        <ele>316.0</ele>
      </trkpt>
      <trkpt lat="49.997848000" lon="7.677897000">
        <ele>316.0</ele>
      </trkpt>
      <trkpt lat="49.997840000" lon="7.677932000">
        <ele>317.8</ele>
      </trkpt>
      <trkpt lat="49.997840000" lon="7.677963000">
        <ele>319.6</ele>
      </trkpt>
      <trkpt lat="49.997852000" lon="7.678005000">
        <ele>320.4</ele>
      </trkpt>
      <trkpt lat="49.997858000" lon="7.678058000">
        <ele>323.0</ele>
      </trkpt>
      <trkpt lat="49.997858000" lon="7.678107000">
        <ele>324.6</ele>
      </trkpt>
      <trkpt lat="49.997868000" lon="7.678142000">
        <ele>325.4</ele>
      </trkpt>
      <trkpt lat="49.997862000" lon="7.678183000">
        <ele>327.8</ele>
      </trkpt>
      <trkpt lat="49.997868000" lon="7.678225000">
        <ele>329.2</ele>
      </trkpt>
      <trkpt lat="49.997875000" lon="7.678262000">
        <ele>330.6</ele>
      </trkpt>
      <trkpt lat="49.997878000" lon="7.678295000">
        <ele>332.0</ele>
      </trkpt>
      <trkpt lat="49.997887000" lon="7.678328000">
        <ele>333.4</ele>
      </trkpt>
      <trkpt lat="49.997900000" lon="7.678362000">
        <ele>334.8</ele>
      </trkpt>
      <trkpt lat="49.997913000" lon="7.678393000">
        <ele>335.6</ele>
      </trkpt>
      <trkpt lat="49.997920000" lon="7.678422000">
        <ele>337.6</ele>
      </trkpt>
      <trkpt lat="49.997938000" lon="7.678440000">
        <ele>339.0</ele>
      </trkpt>
      <trkpt lat="49.997958000" lon="7.678460000">
        <ele>340.4</ele>
      </trkpt>
      <trkpt lat="49.997977000" lon="7.678480000">
        <ele>341.0</ele>
      </trkpt>
      <trkpt lat="49.997997000" lon="7.678500000">
        <ele>343.0</ele>
      </trkpt>
      <trkpt lat="49.998022000" lon="7.678510000">
        <ele>344.2</ele>
      </trkpt>
      <trkpt lat="49.998053000" lon="7.678510000">
        <ele>346.0</ele>
      </trkpt>
      <trkpt lat="49.998077000" lon="7.678520000">
        <ele>347.2</ele>
      </trkpt>
      <trkpt lat="49.998105000" lon="7.678540000">
        <ele>348.4</ele>
      </trkpt>
      <trkpt lat="49.998130000" lon="7.678560000">
        <ele>349.4</ele>
      </trkpt>
      <trkpt lat="49.998137000" lon="7.678587000">
        <ele>349.4</ele>
      </trkpt>
      <trkpt lat="49.998150000" lon="7.678620000">
        <ele>350.4</ele>
      </trkpt>
      <trkpt lat="49.998157000" lon="7.678658000">
        <ele>351.0</ele>
      </trkpt>
      <trkpt lat="49.998165000" lon="7.678695000">
        <ele>351.4</ele>
      </trkpt>
      <trkpt lat="49.998172000" lon="7.678733000">
        <ele>352.0</ele>
      </trkpt>
      <trkpt lat="49.998175000" lon="7.678773000">
        <ele>352.4</ele>
      </trkpt>
      <trkpt lat="49.998188000" lon="7.678803000">
        <ele>352.8</ele>
      </trkpt>
      <trkpt lat="49.998195000" lon="7.678840000">
        <ele>353.4</ele>
      </trkpt>
      <trkpt lat="49.998203000" lon="7.678880000">
        <ele>353.8</ele>
      </trkpt>
      <trkpt lat="49.998210000" lon="7.678917000">
        <ele>354.2</ele>
      </trkpt>
      <trkpt lat="49.998220000" lon="7.678960000">
        <ele>354.6</ele>
      </trkpt>
      <trkpt lat="49.998230000" lon="7.679015000">
        <ele>355.6</ele>
      </trkpt>
      <trkpt lat="49.998230000" lon="7.679045000">
        <ele>356.0</ele>
      </trkpt>
      <trkpt lat="49.998233000" lon="7.679075000">
        <ele>356.4</ele>
      </trkpt>
      <trkpt lat="49.998237000" lon="7.679110000">
        <ele>356.8</ele>
      </trkpt>
      <trkpt lat="49.998237000" lon="7.679170000">
        <ele>357.6</ele>
      </trkpt>
      <trkpt lat="49.998240000" lon="7.679200000">
        <ele>358.0</ele>
      </trkpt>
      <trkpt lat="49.998245000" lon="7.679235000">
        <ele>358.4</ele>
      </trkpt>
      <trkpt lat="49.998245000" lon="7.679263000">
        <ele>358.8</ele>
      </trkpt>
      <trkpt lat="49.998252000" lon="7.679295000">
        <ele>359.2</ele>
      </trkpt>
      <trkpt lat="49.998255000" lon="7.679345000">
        <ele>360.0</ele>
      </trkpt>
      <trkpt lat="49.998265000" lon="7.679388000">
        <ele>361.0</ele>
      </trkpt>
      <trkpt lat="49.998268000" lon="7.679437000">
        <ele>361.8</ele>
      </trkpt>
      <trkpt lat="49.998278000" lon="7.679473000">
        <ele>362.6</ele>
      </trkpt>
      <trkpt lat="49.998287000" lon="7.679510000">
        <ele>363.4</ele>
      </trkpt>
      <trkpt lat="49.998293000" lon="7.679543000">
        <ele>364.2</ele>
      </trkpt>
      <trkpt lat="49.998307000" lon="7.679582000">
        <ele>364.8</ele>
      </trkpt>
      <trkpt lat="49.998313000" lon="7.679622000">
        <ele>365.4</ele>
      </trkpt>
      <trkpt lat="49.998335000" lon="7.679627000">
        <ele>366.6</ele>
      </trkpt>
      <trkpt lat="49.998358000" lon="7.679605000">
        <ele>367.2</ele>
      </trkpt>
      <trkpt lat="49.998373000" lon="7.679583000">
        <ele>367.6</ele>
      </trkpt>
      <trkpt lat="49.998393000" lon="7.679563000">
        <ele>368.0</ele>
      </trkpt>
      <trkpt lat="49.998412000" lon="7.679543000">
        <ele>368.4</ele>
      </trkpt>
      <trkpt lat="49.998428000" lon="7.679522000">
        <ele>368.6</ele>
      </trkpt>
      <trkpt lat="49.998447000" lon="7.679500000">
        <ele>369.0</ele>
      </trkpt>
      <trkpt lat="49.998457000" lon="7.679470000">
        <ele>369.4</ele>
      </trkpt>
      <trkpt lat="49.998473000" lon="7.679442000">
        <ele>369.8</ele>
      </trkpt>
      <trkpt lat="49.998485000" lon="7.679417000">
        <ele>370.0</ele>
      </trkpt>
      <trkpt lat="49.998495000" lon="7.679388000">
        <ele>370.4</ele>
      </trkpt>
      <trkpt lat="49.998508000" lon="7.679360000">
        <ele>370.8</ele>
      </trkpt>
      <trkpt lat="49.998523000" lon="7.679333000">
        <ele>371.2</ele>
      </trkpt>
      <trkpt lat="49.998547000" lon="7.679292000">
        <ele>371.8</ele>
      </trkpt>
      <trkpt lat="49.998562000" lon="7.679268000">
        <ele>372.2</ele>
      </trkpt>
      <trkpt lat="49.998588000" lon="7.679227000">
        <ele>372.8</ele>
      </trkpt>
      <trkpt lat="49.998603000" lon="7.679212000">
        <ele>373.0</ele>
      </trkpt>
      <trkpt lat="49.998617000" lon="7.679190000">
        <ele>373.4</ele>
      </trkpt>
      <trkpt lat="49.998633000" lon="7.679170000">
        <ele>373.8</ele>
      </trkpt>
      <trkpt lat="49.998652000" lon="7.679145000">
        <ele>374.0</ele>
      </trkpt>
      <trkpt lat="49.998668000" lon="7.679120000">
        <ele>374.4</ele>
      </trkpt>
      <trkpt lat="49.998683000" lon="7.679098000">
        <ele>374.8</ele>
      </trkpt>
      <trkpt lat="49.998703000" lon="7.679080000">
        <ele>375.0</ele>
      </trkpt>
      <trkpt lat="49.998732000" lon="7.679042000">
        <ele>375.6</ele>
      </trkpt>
      <trkpt lat="49.998748000" lon="7.679022000">
        <ele>375.8</ele>
      </trkpt>
      <trkpt lat="49.998763000" lon="7.679000000">
        <ele>376.0</ele>
      </trkpt>
      <trkpt lat="49.998783000" lon="7.678978000">
        <ele>376.4</ele>
      </trkpt>
      <trkpt lat="49.998797000" lon="7.678958000">
        <ele>376.6</ele>
      </trkpt>
      <trkpt lat="49.998812000" lon="7.678935000">
        <ele>377.0</ele>
      </trkpt>
      <trkpt lat="49.998832000" lon="7.678918000">
        <ele>377.2</ele>
      </trkpt>
      <trkpt lat="49.998847000" lon="7.678900000">
        <ele>377.4</ele>
      </trkpt>
      <trkpt lat="49.998863000" lon="7.678882000">
        <ele>377.6</ele>
      </trkpt>
      <trkpt lat="49.998880000" lon="7.678863000">
        <ele>378.0</ele>
      </trkpt>
      <trkpt lat="49.998895000" lon="7.678847000">
        <ele>378.2</ele>
      </trkpt>
      <trkpt lat="49.998915000" lon="7.678827000">
        <ele>378.4</ele>
      </trkpt>
      <trkpt lat="49.998930000" lon="7.678810000">
        <ele>378.6</ele>
      </trkpt>
      <trkpt lat="49.998947000" lon="7.678795000">
        <ele>378.8</ele>
      </trkpt>
      <trkpt lat="49.998962000" lon="7.678775000">
        <ele>379.0</ele>
      </trkpt>
      <trkpt lat="49.998978000" lon="7.678758000">
        <ele>379.2</ele>
      </trkpt>
      <trkpt lat="49.999007000" lon="7.678722000">
        <ele>379.6</ele>
      </trkpt>
      <trkpt lat="49.999023000" lon="7.678707000">
        <ele>379.8</ele>
      </trkpt>
      <trkpt lat="49.999040000" lon="7.678693000">
        <ele>380.0</ele>
      </trkpt>
      <trkpt lat="49.999068000" lon="7.678663000">
        <ele>380.4</ele>
      </trkpt>
      <trkpt lat="49.999083000" lon="7.678652000">
        <ele>380.6</ele>
      </trkpt>
      <trkpt lat="49.999113000" lon="7.678628000">
        <ele>381.0</ele>
      </trkpt>
      <trkpt lat="49.999132000" lon="7.678615000">
        <ele>381.2</ele>
      </trkpt>
      <trkpt lat="49.999152000" lon="7.678600000">
        <ele>381.4</ele>
      </trkpt>
      <trkpt lat="49.999167000" lon="7.678582000">
        <ele>381.6</ele>
      </trkpt>
      <trkpt lat="49.999183000" lon="7.678567000">
        <ele>381.6</ele>
      </trkpt>
      <trkpt lat="49.999200000" lon="7.678543000">
        <ele>381.8</ele>
      </trkpt>
      <trkpt lat="49.999222000" lon="7.678523000">
        <ele>382.0</ele>
      </trkpt>
      <trkpt lat="49.999247000" lon="7.678483000">
        <ele>382.2</ele>
      </trkpt>
      <trkpt lat="49.999263000" lon="7.678467000">
        <ele>382.4</ele>
      </trkpt>
      <trkpt lat="49.999282000" lon="7.678450000">
        <ele>382.6</ele>
      </trkpt>
      <trkpt lat="49.999302000" lon="7.678435000">
        <ele>382.6</ele>
      </trkpt>
      <trkpt lat="49.999318000" lon="7.678417000">
        <ele>382.8</ele>
      </trkpt>
      <trkpt lat="49.999330000" lon="7.678393000">
        <ele>383.0</ele>
      </trkpt>
      <trkpt lat="49.999350000" lon="7.678378000">
        <ele>383.2</ele>
      </trkpt>
      <trkpt lat="49.999365000" lon="7.678357000">
        <ele>383.2</ele>
      </trkpt>
      <trkpt lat="49.999382000" lon="7.678338000">
        <ele>383.4</ele>
      </trkpt>
      <trkpt lat="49.999400000" lon="7.678322000">
        <ele>383.6</ele>
      </trkpt>
      <trkpt lat="49.999417000" lon="7.678308000">
        <ele>383.6</ele>
      </trkpt>
      <trkpt lat="49.999437000" lon="7.678293000">
        <ele>383.8</ele>
      </trkpt>
      <trkpt lat="49.999458000" lon="7.678255000">
        <ele>384.0</ele>
      </trkpt>
      <trkpt lat="49.999487000" lon="7.678217000">
        <ele>384.4</ele>
      </trkpt>
      <trkpt lat="49.999507000" lon="7.678195000">
        <ele>384.6</ele>
      </trkpt>
      <trkpt lat="49.999522000" lon="7.678178000">
        <ele>384.8</ele>
      </trkpt>
      <trkpt lat="49.999545000" lon="7.678158000">
        <ele>385.0</ele>
      </trkpt>
      <trkpt lat="49.999563000" lon="7.678140000">
        <ele>385.0</ele>
      </trkpt>
      <trkpt lat="49.999583000" lon="7.678118000">
        <ele>385.2</ele>
      </trkpt>
      <trkpt lat="49.999602000" lon="7.678095000">
        <ele>385.4</ele>
      </trkpt>
      <trkpt lat="49.999628000" lon="7.678078000">
        <ele>385.6</ele>
      </trkpt>
      <trkpt lat="49.999653000" lon="7.678060000">
        <ele>385.8</ele>
      </trkpt>
      <trkpt lat="49.999670000" lon="7.678037000">
        <ele>386.0</ele>
      </trkpt>
      <trkpt lat="49.999688000" lon="7.678020000">
        <ele>386.0</ele>
      </trkpt>
      <trkpt lat="49.999708000" lon="7.678002000">
        <ele>386.2</ele>
      </trkpt>
      <trkpt lat="49.999727000" lon="7.677985000">
        <ele>386.4</ele>
      </trkpt>
      <trkpt lat="49.999747000" lon="7.677968000">
        <ele>386.6</ele>
      </trkpt>
      <trkpt lat="49.999765000" lon="7.677952000">
        <ele>386.6</ele>
      </trkpt>
      <trkpt lat="49.999785000" lon="7.677940000">
        <ele>386.6</ele>
      </trkpt>
      <trkpt lat="49.999807000" lon="7.677922000">
        <ele>386.8</ele>
      </trkpt>
      <trkpt lat="49.999827000" lon="7.677903000">
        <ele>387.0</ele>
      </trkpt>
      <trkpt lat="49.999842000" lon="7.677892000">
        <ele>387.0</ele>
      </trkpt>
      <trkpt lat="49.999862000" lon="7.677872000">
        <ele>387.0</ele>
      </trkpt>
      <trkpt lat="49.999878000" lon="7.677855000">
        <ele>387.2</ele>
      </trkpt>
      <trkpt lat="49.999907000" lon="7.677832000">
        <ele>387.2</ele>
      </trkpt>
      <trkpt lat="49.999935000" lon="7.677810000">
        <ele>387.2</ele>
      </trkpt>
      <trkpt lat="49.999955000" lon="7.677783000">
        <ele>387.2</ele>
      </trkpt>
      <trkpt lat="49.999973000" lon="7.677762000">
        <ele>387.2</ele>
      </trkpt>
      <trkpt lat="49.999993000" lon="7.677742000">
        <ele>387.2</ele>
      </trkpt>
      <trkpt lat="50.000012000" lon="7.677720000">
        <ele>387.0</ele>
      </trkpt>
      <trkpt lat="50.000032000" lon="7.677693000">
        <ele>387.0</ele>
      </trkpt>
      <trkpt lat="50.000047000" lon="7.677668000">
        <ele>387.0</ele>
      </trkpt>
      <trkpt lat="50.000067000" lon="7.677645000">
        <ele>387.0</ele>
      </trkpt>
      <trkpt lat="50.000085000" lon="7.677617000">
        <ele>386.8</ele>
      </trkpt>
      <trkpt lat="50.000102000" lon="7.677582000">
        <ele>386.8</ele>
      </trkpt>
      <trkpt lat="50.000120000" lon="7.677558000">
        <ele>386.8</ele>
      </trkpt>
      <trkpt lat="50.000147000" lon="7.677503000">
        <ele>386.6</ele>
      </trkpt>
      <trkpt lat="50.000160000" lon="7.677483000">
        <ele>386.6</ele>
      </trkpt>
      <trkpt lat="50.000165000" lon="7.677437000">
        <ele>386.6</ele>
      </trkpt>
      <trkpt lat="50.000172000" lon="7.677400000">
        <ele>386.6</ele>
      </trkpt>
      <trkpt lat="50.000175000" lon="7.677347000">
        <ele>386.6</ele>
      </trkpt>
      <trkpt lat="50.000175000" lon="7.677318000">
        <ele>386.6</ele>
      </trkpt>
      <trkpt lat="50.000175000" lon="7.677288000">
        <ele>386.6</ele>
      </trkpt>
      <trkpt lat="50.000172000" lon="7.677260000">
        <ele>386.6</ele>
      </trkpt>
      <trkpt lat="50.000175000" lon="7.677225000">
        <ele>386.6</ele>
      </trkpt>
      <trkpt lat="50.000182000" lon="7.677198000">
        <ele>386.6</ele>
      </trkpt>
      <trkpt lat="50.000198000" lon="7.677172000">
        <ele>386.6</ele>
      </trkpt>
      <trkpt lat="50.000217000" lon="7.677155000">
        <ele>386.6</ele>
      </trkpt>
      <trkpt lat="50.000237000" lon="7.677138000">
        <ele>386.6</ele>
      </trkpt>
      <trkpt lat="50.000255000" lon="7.677122000">
        <ele>386.6</ele>
      </trkpt>
      <trkpt lat="50.000278000" lon="7.677107000">
        <ele>386.6</ele>
      </trkpt>
      <trkpt lat="50.000293000" lon="7.677087000">
        <ele>386.6</ele>
      </trkpt>
      <trkpt lat="50.000313000" lon="7.677062000">
        <ele>386.6</ele>
      </trkpt>
      <trkpt lat="50.000332000" lon="7.677043000">
        <ele>386.6</ele>
      </trkpt>
      <trkpt lat="50.000352000" lon="7.677030000">
        <ele>386.6</ele>
      </trkpt>
      <trkpt lat="50.000373000" lon="7.677020000">
        <ele>386.6</ele>
      </trkpt>
      <trkpt lat="50.000397000" lon="7.677010000">
        <ele>386.6</ele>
      </trkpt>
      <trkpt lat="50.000422000" lon="7.677015000">
        <ele>386.8</ele>
      </trkpt>
      <trkpt lat="50.000443000" lon="7.677020000">
        <ele>386.8</ele>
      </trkpt>
      <trkpt lat="50.000470000" lon="7.677022000">
        <ele>386.8</ele>
      </trkpt>
      <trkpt lat="50.000488000" lon="7.677025000">
        <ele>387.0</ele>
      </trkpt>
      <trkpt lat="50.000512000" lon="7.677025000">
        <ele>387.0</ele>
      </trkpt>
      <trkpt lat="50.000530000" lon="7.677020000">
        <ele>387.2</ele>
      </trkpt>
      <trkpt lat="50.000550000" lon="7.677010000">
        <ele>387.2</ele>
      </trkpt>
      <trkpt lat="50.000572000" lon="7.677002000">
        <ele>387.4</ele>
      </trkpt>
      <trkpt lat="50.000595000" lon="7.676990000">
        <ele>387.6</ele>
      </trkpt>
      <trkpt lat="50.000617000" lon="7.676983000">
        <ele>387.8</ele>
      </trkpt>
      <trkpt lat="50.000637000" lon="7.676968000">
        <ele>388.0</ele>
      </trkpt>
      <trkpt lat="50.000655000" lon="7.676957000">
        <ele>388.2</ele>
      </trkpt>
      <trkpt lat="50.000675000" lon="7.676940000">
        <ele>388.4</ele>
      </trkpt>
      <trkpt lat="50.000700000" lon="7.676905000">
        <ele>388.8</ele>
      </trkpt>
      <trkpt lat="50.000720000" lon="7.676893000">
        <ele>388.8</ele>
      </trkpt>
      <trkpt lat="50.000735000" lon="7.676875000">
        <ele>389.0</ele>
      </trkpt>
      <trkpt lat="50.000752000" lon="7.676857000">
        <ele>389.0</ele>
      </trkpt>
      <trkpt lat="50.000767000" lon="7.676832000">
        <ele>389.0</ele>
      </trkpt>
      <trkpt lat="50.000797000" lon="7.676798000">
        <ele>389.2</ele>
      </trkpt>
      <trkpt lat="50.000808000" lon="7.676777000">
        <ele>389.2</ele>
      </trkpt>
      <trkpt lat="50.000828000" lon="7.676758000">
        <ele>389.2</ele>
      </trkpt>
      <trkpt lat="50.000847000" lon="7.676747000">
        <ele>389.4</ele>
      </trkpt>
      <trkpt lat="50.000870000" lon="7.676742000">
        <ele>389.4</ele>
      </trkpt>
      <trkpt lat="50.000908000" lon="7.676735000">
        <ele>389.4</ele>
      </trkpt>
      <trkpt lat="50.000927000" lon="7.676727000">
        <ele>389.4</ele>
      </trkpt>
      <trkpt lat="50.000947000" lon="7.676718000">
        <ele>389.6</ele>
      </trkpt>
      <trkpt lat="50.000968000" lon="7.676710000">
        <ele>389.6</ele>
      </trkpt>
      <trkpt lat="50.000992000" lon="7.676710000">
        <ele>389.6</ele>
      </trkpt>
      <trkpt lat="50.001020000" lon="7.676703000">
        <ele>389.6</ele>
      </trkpt>
      <trkpt lat="50.001055000" lon="7.676700000">
        <ele>389.6</ele>
      </trkpt>
      <trkpt lat="50.001083000" lon="7.676717000">
        <ele>389.6</ele>
      </trkpt>
      <trkpt lat="50.001110000" lon="7.676737000">
        <ele>389.6</ele>
      </trkpt>
      <trkpt lat="50.001135000" lon="7.676707000">
        <ele>389.6</ele>
      </trkpt>
      <trkpt lat="50.001155000" lon="7.676670000">
        <ele>389.8</ele>
      </trkpt>
      <trkpt lat="50.001173000" lon="7.676642000">
        <ele>389.8</ele>
      </trkpt>
      <trkpt lat="50.001197000" lon="7.676625000">
        <ele>390.0</ele>
      </trkpt>
      <trkpt lat="50.001218000" lon="7.676593000">
        <ele>390.0</ele>
      </trkpt>
      <trkpt lat="50.001238000" lon="7.676563000">
        <ele>390.0</ele>
      </trkpt>
      <trkpt lat="50.001267000" lon="7.676543000">
        <ele>390.0</ele>
      </trkpt>
      <trkpt lat="50.001288000" lon="7.676528000">
        <ele>390.0</ele>
      </trkpt>
      <trkpt lat="50.001327000" lon="7.676498000">
        <ele>390.2</ele>
      </trkpt>
      <trkpt lat="50.001343000" lon="7.676482000">
        <ele>390.2</ele>
      </trkpt>
      <trkpt lat="50.001368000" lon="7.676465000">
        <ele>390.4</ele>
      </trkpt>
      <trkpt lat="50.001395000" lon="7.676443000">
        <ele>390.6</ele>
      </trkpt>
      <trkpt lat="50.001430000" lon="7.676423000">
        <ele>390.6</ele>
      </trkpt>
      <trkpt lat="50.001445000" lon="7.676402000">
        <ele>390.8</ele>
      </trkpt>
      <trkpt lat="50.001465000" lon="7.676380000">
        <ele>391.0</ele>
      </trkpt>
      <trkpt lat="50.001487000" lon="7.676362000">
        <ele>391.0</ele>
      </trkpt>
      <trkpt lat="50.001503000" lon="7.676330000">
        <ele>391.0</ele>
      </trkpt>
      <trkpt lat="50.001517000" lon="7.676300000">
        <ele>391.2</ele>
      </trkpt>
      <trkpt lat="50.001535000" lon="7.676280000">
        <ele>391.2</ele>
      </trkpt>
      <trkpt lat="50.001555000" lon="7.676263000">
        <ele>391.2</ele>
      </trkpt>
      <trkpt lat="50.001570000" lon="7.676242000">
        <ele>391.4</ele>
      </trkpt>
      <trkpt lat="50.001590000" lon="7.676220000">
        <ele>391.6</ele>
      </trkpt>
      <trkpt lat="50.001605000" lon="7.676198000">
        <ele>391.6</ele>
      </trkpt>
      <trkpt lat="50.001622000" lon="7.676178000">
        <ele>391.8</ele>
      </trkpt>
      <trkpt lat="50.001635000" lon="7.676155000">
        <ele>392.0</ele>
      </trkpt>
      <trkpt lat="50.001647000" lon="7.676132000">
        <ele>392.2</ele>
      </trkpt>
      <trkpt lat="50.001653000" lon="7.676100000">
        <ele>392.2</ele>
      </trkpt>
      <trkpt lat="50.001660000" lon="7.676070000">
        <ele>392.2</ele>
      </trkpt>
      <trkpt lat="50.001680000" lon="7.676030000">
        <ele>392.2</ele>
      </trkpt>
      <trkpt lat="50.001702000" lon="7.676015000">
        <ele>392.4</ele>
      </trkpt>
      <trkpt lat="50.001715000" lon="7.675995000">
        <ele>392.6</ele>
      </trkpt>
      <trkpt lat="50.001747000" lon="7.675955000">
        <ele>392.8</ele>
      </trkpt>
      <trkpt lat="50.001782000" lon="7.675920000">
        <ele>393.0</ele>
      </trkpt>
      <trkpt lat="50.001803000" lon="7.675897000">
        <ele>393.2</ele>
      </trkpt>
      <trkpt lat="50.001823000" lon="7.675865000">
        <ele>393.4</ele>
      </trkpt>
      <trkpt lat="50.001872000" lon="7.675845000">
        <ele>393.6</ele>
      </trkpt>
      <trkpt lat="50.001907000" lon="7.675822000">
        <ele>393.8</ele>
      </trkpt>
      <trkpt lat="50.001952000" lon="7.675800000">
        <ele>394.0</ele>
      </trkpt>
      <trkpt lat="50.001993000" lon="7.675777000">
        <ele>394.2</ele>
      </trkpt>
      <trkpt lat="50.002032000" lon="7.675758000">
        <ele>394.2</ele>
      </trkpt>
      <trkpt lat="50.002050000" lon="7.675742000">
        <ele>394.2</ele>
      </trkpt>
      <trkpt lat="50.002070000" lon="7.675727000">
        <ele>394.4</ele>
      </trkpt>
      <trkpt lat="50.002108000" lon="7.675702000">
        <ele>394.4</ele>
      </trkpt>
      <trkpt lat="50.002150000" lon="7.675687000">
        <ele>394.4</ele>
      </trkpt>
      <trkpt lat="50.002168000" lon="7.675677000">
        <ele>394.6</ele>
      </trkpt>
      <trkpt lat="50.002203000" lon="7.675657000">
        <ele>394.8</ele>
      </trkpt>
      <trkpt lat="50.002237000" lon="7.675637000">
        <ele>395.0</ele>
      </trkpt>
      <trkpt lat="50.002248000" lon="7.675630000">
        <ele>395.0</ele>
      </trkpt>
      <trkpt lat="50.002290000" lon="7.675610000">
        <ele>395.4</ele>
      </trkpt>
      <trkpt lat="50.002317000" lon="7.675598000">
        <ele>395.6</ele>
      </trkpt>
      <trkpt lat="50.002338000" lon="7.675585000">
        <ele>395.6</ele>
      </trkpt>
      <trkpt lat="50.002377000" lon="7.675562000">
        <ele>395.8</ele>
      </trkpt>
      <trkpt lat="50.002397000" lon="7.675548000">
        <ele>396.0</ele>
      </trkpt>
      <trkpt lat="50.002415000" lon="7.675537000">
        <ele>396.0</ele>
      </trkpt>
      <trkpt lat="50.002447000" lon="7.675508000">
        <ele>396.2</ele>
      </trkpt>
      <trkpt lat="50.002480000" lon="7.675488000">
        <ele>396.4</ele>
      </trkpt>
      <trkpt lat="50.002508000" lon="7.675460000">
        <ele>396.6</ele>
      </trkpt>
      <trkpt lat="50.002527000" lon="7.675448000">
        <ele>396.6</ele>
      </trkpt>
      <trkpt lat="50.002557000" lon="7.675435000">
        <ele>396.6</ele>
      </trkpt>
      <trkpt lat="50.002585000" lon="7.675412000">
        <ele>397.0</ele>
      </trkpt>
      <trkpt lat="50.002600000" lon="7.675392000">
        <ele>397.0</ele>
      </trkpt>
      <trkpt lat="50.002613000" lon="7.675372000">
        <ele>397.2</ele>
      </trkpt>
      <trkpt lat="50.002652000" lon="7.675347000">
        <ele>397.4</ele>
      </trkpt>
      <trkpt lat="50.002687000" lon="7.675323000">
        <ele>397.4</ele>
      </trkpt>
      <trkpt lat="50.002720000" lon="7.675303000">
        <ele>397.6</ele>
      </trkpt>
      <trkpt lat="50.002745000" lon="7.675305000">
        <ele>397.6</ele>
      </trkpt>
      <trkpt lat="50.002773000" lon="7.675300000">
        <ele>397.8</ele>
      </trkpt>
      <trkpt lat="50.002800000" lon="7.675297000">
        <ele>398.0</ele>
      </trkpt>
      <trkpt lat="50.002853000" lon="7.675293000">
        <ele>397.8</ele>
      </trkpt>
      <trkpt lat="50.002895000" lon="7.675283000">
        <ele>397.8</ele>
      </trkpt>
      <trkpt lat="50.002918000" lon="7.675273000">
        <ele>398.0</ele>
      </trkpt>
      <trkpt lat="50.002930000" lon="7.675267000">
        <ele>398.0</ele>
      </trkpt>
      <trkpt lat="50.002960000" lon="7.675258000">
        <ele>398.0</ele>
      </trkpt>
      <trkpt lat="50.002982000" lon="7.675247000">
        <ele>397.8</ele>
      </trkpt>
      <trkpt lat="50.003010000" lon="7.675242000">
        <ele>397.8</ele>
      </trkpt>
      <trkpt lat="50.003037000" lon="7.675233000">
        <ele>397.8</ele>
      </trkpt>
      <trkpt lat="50.003058000" lon="7.675222000">
        <ele>397.8</ele>
      </trkpt>
      <trkpt lat="50.003078000" lon="7.675212000">
        <ele>397.8</ele>
      </trkpt>
      <trkpt lat="50.003097000" lon="7.675188000">
        <ele>397.6</ele>
      </trkpt>
      <trkpt lat="50.003113000" lon="7.675168000">
        <ele>397.6</ele>
      </trkpt>
      <trkpt lat="50.003135000" lon="7.675158000">
        <ele>397.6</ele>
      </trkpt>
      <trkpt lat="50.003163000" lon="7.675125000">
        <ele>397.6</ele>
      </trkpt>
      <trkpt lat="50.003173000" lon="7.675108000">
        <ele>397.8</ele>
      </trkpt>
      <trkpt lat="50.003193000" lon="7.675092000">
        <ele>397.8</ele>
      </trkpt>
      <trkpt lat="50.003222000" lon="7.675072000">
        <ele>397.8</ele>
      </trkpt>
      <trkpt lat="50.003235000" lon="7.675065000">
        <ele>398.0</ele>
      </trkpt>
      <trkpt lat="50.003257000" lon="7.675048000">
        <ele>398.0</ele>
      </trkpt>
      <trkpt lat="50.003282000" lon="7.675040000">
        <ele>398.0</ele>
      </trkpt>
      <trkpt lat="50.003315000" lon="7.675040000">
        <ele>398.2</ele>
      </trkpt>
      <trkpt lat="50.003333000" lon="7.675040000">
        <ele>398.2</ele>
      </trkpt>
      <trkpt lat="50.003353000" lon="7.675032000">
        <ele>398.2</ele>
      </trkpt>
      <trkpt lat="50.003392000" lon="7.675000000">
        <ele>398.2</ele>
      </trkpt>
      <trkpt lat="50.003400000" lon="7.674993000">
        <ele>398.4</ele>
      </trkpt>
      <trkpt lat="50.003430000" lon="7.674983000">
        <ele>398.4</ele>
      </trkpt>
      <trkpt lat="50.003452000" lon="7.674978000">
        <ele>398.4</ele>
      </trkpt>
      <trkpt lat="50.003475000" lon="7.674970000">
        <ele>398.4</ele>
      </trkpt>
      <trkpt lat="50.003497000" lon="7.674950000">
        <ele>398.6</ele>
      </trkpt>
      <trkpt lat="50.003520000" lon="7.674937000">
        <ele>398.6</ele>
      </trkpt>
      <trkpt lat="50.003538000" lon="7.674917000">
        <ele>399.0</ele>
      </trkpt>
      <trkpt lat="50.003560000" lon="7.674902000">
        <ele>399.0</ele>
      </trkpt>
      <trkpt lat="50.003587000" lon="7.674890000">
        <ele>399.2</ele>
      </trkpt>
      <trkpt lat="50.003608000" lon="7.674880000">
        <ele>399.4</ele>
      </trkpt>
      <trkpt lat="50.003638000" lon="7.674863000">
        <ele>399.6</ele>
      </trkpt>
      <trkpt lat="50.003657000" lon="7.674858000">
        <ele>399.6</ele>
      </trkpt>
      <trkpt lat="50.003680000" lon="7.674848000">
        <ele>399.6</ele>
      </trkpt>
      <trkpt lat="50.003708000" lon="7.674835000">
        <ele>399.6</ele>
      </trkpt>
      <trkpt lat="50.003727000" lon="7.674818000">
        <ele>399.4</ele>
      </trkpt>
      <trkpt lat="50.003747000" lon="7.674800000">
        <ele>399.4</ele>
      </trkpt>
      <trkpt lat="50.003768000" lon="7.674785000">
        <ele>399.4</ele>
      </trkpt>
      <trkpt lat="50.003785000" lon="7.674768000">
        <ele>399.6</ele>
      </trkpt>
      <trkpt lat="50.003803000" lon="7.674743000">
        <ele>399.8</ele>
      </trkpt>
      <trkpt lat="50.003833000" lon="7.674712000">
        <ele>400.0</ele>
      </trkpt>
      <trkpt lat="50.003845000" lon="7.674707000">
        <ele>400.2</ele>
      </trkpt>
      <trkpt lat="50.003872000" lon="7.674702000">
        <ele>400.8</ele>
      </trkpt>
      <trkpt lat="50.003907000" lon="7.674697000">
        <ele>401.2</ele>
      </trkpt>
      <trkpt lat="50.003925000" lon="7.674695000">
        <ele>401.4</ele>
      </trkpt>
      <trkpt lat="50.003945000" lon="7.674700000">
        <ele>401.4</ele>
      </trkpt>
      <trkpt lat="50.003967000" lon="7.674692000">
        <ele>401.6</ele>
      </trkpt>
      <trkpt lat="50.004002000" lon="7.674678000">
        <ele>401.6</ele>
      </trkpt>
      <trkpt lat="50.004025000" lon="7.674663000">
        <ele>401.4</ele>
      </trkpt>
      <trkpt lat="50.004047000" lon="7.674655000">
        <ele>401.2</ele>
      </trkpt>
      <trkpt lat="50.004077000" lon="7.674642000">
        <ele>400.6</ele>
      </trkpt>
      <trkpt lat="50.004085000" lon="7.674635000">
        <ele>400.6</ele>
      </trkpt>
      <trkpt lat="50.004108000" lon="7.674617000">
        <ele>400.6</ele>
      </trkpt>
      <trkpt lat="50.004130000" lon="7.674607000">
        <ele>400.6</ele>
      </trkpt>
      <trkpt lat="50.004147000" lon="7.674593000">
        <ele>400.6</ele>
      </trkpt>
      <trkpt lat="50.004168000" lon="7.674583000">
        <ele>400.6</ele>
      </trkpt>
      <trkpt lat="50.004188000" lon="7.674573000">
        <ele>400.6</ele>
      </trkpt>
      <trkpt lat="50.004217000" lon="7.674550000">
        <ele>400.6</ele>
      </trkpt>
      <trkpt lat="50.004237000" lon="7.674530000">
        <ele>400.6</ele>
      </trkpt>
      <trkpt lat="50.004268000" lon="7.674500000">
        <ele>400.4</ele>
      </trkpt>
      <trkpt lat="50.004313000" lon="7.674485000">
        <ele>400.4</ele>
      </trkpt>
      <trkpt lat="50.004352000" lon="7.674448000">
        <ele>400.4</ele>
      </trkpt>
      <trkpt lat="50.004370000" lon="7.674437000">
        <ele>400.2</ele>
      </trkpt>
      <trkpt lat="50.004390000" lon="7.674423000">
        <ele>400.2</ele>
      </trkpt>
      <trkpt lat="50.004412000" lon="7.674413000">
        <ele>400.2</ele>
      </trkpt>
      <trkpt lat="50.004432000" lon="7.674403000">
        <ele>400.2</ele>
      </trkpt>
      <trkpt lat="50.004450000" lon="7.674392000">
        <ele>400.2</ele>
      </trkpt>
      <trkpt lat="50.004470000" lon="7.674372000">
        <ele>400.2</ele>
      </trkpt>
      <trkpt lat="50.004488000" lon="7.674363000">
        <ele>400.2</ele>
      </trkpt>
      <trkpt lat="50.004508000" lon="7.674353000">
        <ele>400.2</ele>
      </trkpt>
      <trkpt lat="50.004530000" lon="7.674347000">
        <ele>400.2</ele>
      </trkpt>
      <trkpt lat="50.004550000" lon="7.674338000">
        <ele>400.2</ele>
      </trkpt>
      <trkpt lat="50.004585000" lon="7.674315000">
        <ele>400.2</ele>
      </trkpt>
      <trkpt lat="50.004603000" lon="7.674300000">
        <ele>400.4</ele>
      </trkpt>
      <trkpt lat="50.004623000" lon="7.674287000">
        <ele>400.4</ele>
      </trkpt>
      <trkpt lat="50.004642000" lon="7.674275000">
        <ele>400.6</ele>
      </trkpt>
      <trkpt lat="50.004662000" lon="7.674263000">
        <ele>400.6</ele>
      </trkpt>
      <trkpt lat="50.004680000" lon="7.674253000">
        <ele>400.8</ele>
      </trkpt>
      <trkpt lat="50.004703000" lon="7.674240000">
        <ele>400.8</ele>
      </trkpt>
      <trkpt lat="50.004738000" lon="7.674220000">
        <ele>401.0</ele>
      </trkpt>
      <trkpt lat="50.004770000" lon="7.674195000">
        <ele>401.2</ele>
      </trkpt>
      <trkpt lat="50.004790000" lon="7.674182000">
        <ele>401.2</ele>
      </trkpt>
      <trkpt lat="50.004825000" lon="7.674163000">
        <ele>401.4</ele>
      </trkpt>
      <trkpt lat="50.004857000" lon="7.674135000">
        <ele>401.6</ele>
      </trkpt>
      <trkpt lat="50.004888000" lon="7.674113000">
        <ele>401.8</ele>
      </trkpt>
      <trkpt lat="50.004908000" lon="7.674108000">
        <ele>401.8</ele>
      </trkpt>
      <trkpt lat="50.004940000" lon="7.674100000">
        <ele>402.2</ele>
      </trkpt>
      <trkpt lat="50.004962000" lon="7.674085000">
        <ele>402.6</ele>
      </trkpt>
      <trkpt lat="50.004992000" lon="7.674072000">
        <ele>402.8</ele>
      </trkpt>
      <trkpt lat="50.005023000" lon="7.674060000">
        <ele>403.2</ele>
      </trkpt>
      <trkpt lat="50.005045000" lon="7.674040000">
        <ele>403.4</ele>
      </trkpt>
      <trkpt lat="50.005072000" lon="7.674027000">
        <ele>403.4</ele>
      </trkpt>
      <trkpt lat="50.005097000" lon="7.674007000">
        <ele>403.6</ele>
      </trkpt>
      <trkpt lat="50.005117000" lon="7.673983000">
        <ele>403.6</ele>
      </trkpt>
      <trkpt lat="50.005138000" lon="7.673975000">
        <ele>403.8</ele>
      </trkpt>
      <trkpt lat="50.005163000" lon="7.673972000">
        <ele>403.8</ele>
      </trkpt>
      <trkpt lat="50.005190000" lon="7.673960000">
        <ele>403.8</ele>
      </trkpt>
      <trkpt lat="50.005215000" lon="7.673942000">
        <ele>404.0</ele>
      </trkpt>
      <trkpt lat="50.005240000" lon="7.673930000">
        <ele>404.0</ele>
      </trkpt>
      <trkpt lat="50.005267000" lon="7.673923000">
        <ele>404.2</ele>
      </trkpt>
      <trkpt lat="50.005285000" lon="7.673898000">
        <ele>404.2</ele>
      </trkpt>
      <trkpt lat="50.005315000" lon="7.673887000">
        <ele>404.4</ele>
      </trkpt>
      <trkpt lat="50.005333000" lon="7.673883000">
        <ele>404.6</ele>
      </trkpt>
      <trkpt lat="50.005353000" lon="7.673873000">
        <ele>404.8</ele>
      </trkpt>
      <trkpt lat="50.005375000" lon="7.673857000">
        <ele>405.0</ele>
      </trkpt>
      <trkpt lat="50.005400000" lon="7.673838000">
        <ele>405.2</ele>
      </trkpt>
      <trkpt lat="50.005440000" lon="7.673800000">
        <ele>405.4</ele>
      </trkpt>
      <trkpt lat="50.005455000" lon="7.673793000">
        <ele>405.6</ele>
      </trkpt>
      <trkpt lat="50.005480000" lon="7.673800000">
        <ele>405.8</ele>
      </trkpt>
      <trkpt lat="50.005517000" lon="7.673788000">
        <ele>405.8</ele>
      </trkpt>
      <trkpt lat="50.005542000" lon="7.673775000">
        <ele>405.8</ele>
      </trkpt>
      <trkpt lat="50.005558000" lon="7.673760000">
        <ele>405.8</ele>
      </trkpt>
      <trkpt lat="50.005573000" lon="7.673748000">
        <ele>405.8</ele>
      </trkpt>
      <trkpt lat="50.005593000" lon="7.673738000">
        <ele>405.8</ele>
      </trkpt>
      <trkpt lat="50.005612000" lon="7.673728000">
        <ele>405.6</ele>
      </trkpt>
      <trkpt lat="50.005632000" lon="7.673720000">
        <ele>405.6</ele>
      </trkpt>
      <trkpt lat="50.005653000" lon="7.673715000">
        <ele>405.8</ele>
      </trkpt>
      <trkpt lat="50.005673000" lon="7.673703000">
        <ele>405.8</ele>
      </trkpt>
      <trkpt lat="50.005695000" lon="7.673692000">
        <ele>405.8</ele>
      </trkpt>
      <trkpt lat="50.005715000" lon="7.673675000">
        <ele>405.8</ele>
      </trkpt>
      <trkpt lat="50.005733000" lon="7.673655000">
        <ele>405.8</ele>
      </trkpt>
      <trkpt lat="50.005753000" lon="7.673640000">
        <ele>405.8</ele>
      </trkpt>
      <trkpt lat="50.005772000" lon="7.673618000">
        <ele>406.0</ele>
      </trkpt>
      <trkpt lat="50.005792000" lon="7.673603000">
        <ele>406.0</ele>
      </trkpt>
      <trkpt lat="50.005810000" lon="7.673597000">
        <ele>406.2</ele>
      </trkpt>
      <trkpt lat="50.005830000" lon="7.673587000">
        <ele>406.2</ele>
      </trkpt>
      <trkpt lat="50.005865000" lon="7.673567000">
        <ele>406.4</ele>
      </trkpt>
      <trkpt lat="50.005883000" lon="7.673558000">
        <ele>406.4</ele>
      </trkpt>
      <trkpt lat="50.005903000" lon="7.673547000">
        <ele>406.4</ele>
      </trkpt>
      <trkpt lat="50.005922000" lon="7.673540000">
        <ele>406.2</ele>
      </trkpt>
      <trkpt lat="50.005958000" lon="7.673522000">
        <ele>406.0</ele>
      </trkpt>
      <trkpt lat="50.005977000" lon="7.673513000">
        <ele>405.8</ele>
      </trkpt>
      <trkpt lat="50.005997000" lon="7.673502000">
        <ele>405.6</ele>
      </trkpt>
      <trkpt lat="50.006018000" lon="7.673493000">
        <ele>405.6</ele>
      </trkpt>
      <trkpt lat="50.006050000" lon="7.673477000">
        <ele>405.4</ele>
      </trkpt>
      <trkpt lat="50.006070000" lon="7.673470000">
        <ele>405.4</ele>
      </trkpt>
      <trkpt lat="50.006088000" lon="7.673458000">
        <ele>405.4</ele>
      </trkpt>
      <trkpt lat="50.006108000" lon="7.673450000">
        <ele>405.4</ele>
      </trkpt>
      <trkpt lat="50.006127000" lon="7.673440000">
        <ele>405.2</ele>
      </trkpt>
      <trkpt lat="50.006160000" lon="7.673418000">
        <ele>405.2</ele>
      </trkpt>
      <trkpt lat="50.006178000" lon="7.673408000">
        <ele>405.2</ele>
      </trkpt>
      <trkpt lat="50.006210000" lon="7.673382000">
        <ele>405.2</ele>
      </trkpt>
      <trkpt lat="50.006230000" lon="7.673373000">
        <ele>405.0</ele>
      </trkpt>
      <trkpt lat="50.006262000" lon="7.673352000">
        <ele>405.0</ele>
      </trkpt>
      <trkpt lat="50.006275000" lon="7.673332000">
        <ele>405.0</ele>
      </trkpt>
      <trkpt lat="50.006290000" lon="7.673308000">
        <ele>405.0</ele>
      </trkpt>
      <trkpt lat="50.006310000" lon="7.673297000">
        <ele>405.0</ele>
      </trkpt>
      <trkpt lat="50.006342000" lon="7.673275000">
        <ele>405.0</ele>
      </trkpt>
      <trkpt lat="50.006360000" lon="7.673260000">
        <ele>405.0</ele>
      </trkpt>
      <trkpt lat="50.006405000" lon="7.673240000">
        <ele>405.0</ele>
      </trkpt>
      <trkpt lat="50.006447000" lon="7.673220000">
        <ele>405.2</ele>
      </trkpt>
      <trkpt lat="50.006467000" lon="7.673210000">
        <ele>405.2</ele>
      </trkpt>
      <trkpt lat="50.006485000" lon="7.673198000">
        <ele>405.2</ele>
      </trkpt>
      <trkpt lat="50.006515000" lon="7.673183000">
        <ele>405.4</ele>
      </trkpt>
      <trkpt lat="50.006550000" lon="7.673160000">
        <ele>405.6</ele>
      </trkpt>
      <trkpt lat="50.006568000" lon="7.673147000">
        <ele>405.6</ele>
      </trkpt>
      <trkpt lat="50.006588000" lon="7.673138000">
        <ele>405.6</ele>
      </trkpt>
      <trkpt lat="50.006617000" lon="7.673110000">
        <ele>405.8</ele>
      </trkpt>
      <trkpt lat="50.006637000" lon="7.673100000">
        <ele>405.8</ele>
      </trkpt>
      <trkpt lat="50.006655000" lon="7.673082000">
        <ele>405.8</ele>
      </trkpt>
      <trkpt lat="50.006675000" lon="7.673068000">
        <ele>405.8</ele>
      </trkpt>
      <trkpt lat="50.006690000" lon="7.673057000">
        <ele>405.8</ele>
      </trkpt>
      <trkpt lat="50.006710000" lon="7.673048000">
        <ele>405.8</ele>
      </trkpt>
      <trkpt lat="50.006732000" lon="7.673043000">
        <ele>405.8</ele>
      </trkpt>
      <trkpt lat="50.006752000" lon="7.673048000">
        <ele>405.8</ele>
      </trkpt>
      <trkpt lat="50.006773000" lon="7.673043000">
        <ele>405.8</ele>
      </trkpt>
      <trkpt lat="50.006793000" lon="7.673035000">
        <ele>405.8</ele>
      </trkpt>
      <trkpt lat="50.006828000" lon="7.673012000">
        <ele>405.8</ele>
      </trkpt>
      <trkpt lat="50.006847000" lon="7.673005000">
        <ele>405.8</ele>
      </trkpt>
      <trkpt lat="50.006867000" lon="7.673000000">
        <ele>405.8</ele>
      </trkpt>
      <trkpt lat="50.006885000" lon="7.672988000">
        <ele>405.6</ele>
      </trkpt>
      <trkpt lat="50.006905000" lon="7.672975000">
        <ele>405.6</ele>
      </trkpt>
      <trkpt lat="50.006923000" lon="7.672965000">
        <ele>405.6</ele>
      </trkpt>
      <trkpt lat="50.006947000" lon="7.672965000">
        <ele>405.4</ele>
      </trkpt>
      <trkpt lat="50.006985000" lon="7.672960000">
        <ele>405.2</ele>
      </trkpt>
      <trkpt lat="50.007027000" lon="7.672982000">
        <ele>404.8</ele>
      </trkpt>
      <trkpt lat="50.007052000" lon="7.672978000">
        <ele>404.6</ele>
      </trkpt>
      <trkpt lat="50.007072000" lon="7.672968000">
        <ele>404.6</ele>
      </trkpt>
      <trkpt lat="50.007090000" lon="7.672962000">
        <ele>404.4</ele>
      </trkpt>
      <trkpt lat="50.007125000" lon="7.672957000">
        <ele>404.2</ele>
      </trkpt>
      <trkpt lat="50.007145000" lon="7.672962000">
        <ele>404.2</ele>
      </trkpt>
      <trkpt lat="50.007190000" lon="7.672980000">
        <ele>404.0</ele>
      </trkpt>
      <trkpt lat="50.007208000" lon="7.672992000">
        <ele>404.0</ele>
      </trkpt>
      <trkpt lat="50.007235000" lon="7.673005000">
        <ele>404.0</ele>
      </trkpt>
      <trkpt lat="50.007253000" lon="7.673020000">
        <ele>404.0</ele>
      </trkpt>
      <trkpt lat="50.007280000" lon="7.673040000">
        <ele>403.8</ele>
      </trkpt>
      <trkpt lat="50.007302000" lon="7.673060000">
        <ele>403.6</ele>
      </trkpt>
      <trkpt lat="50.007315000" lon="7.673082000">
        <ele>403.6</ele>
      </trkpt>
      <trkpt lat="50.007330000" lon="7.673110000">
        <ele>403.4</ele>
      </trkpt>
      <trkpt lat="50.007353000" lon="7.673140000">
        <ele>403.2</ele>
      </trkpt>
      <trkpt lat="50.007368000" lon="7.673173000">
        <ele>403.0</ele>
      </trkpt>
      <trkpt lat="50.007382000" lon="7.673207000">
        <ele>402.8</ele>
      </trkpt>
      <trkpt lat="50.007388000" lon="7.673235000">
        <ele>402.6</ele>
      </trkpt>
      <trkpt lat="50.007400000" lon="7.673262000">
        <ele>402.2</ele>
      </trkpt>
      <trkpt lat="50.007413000" lon="7.673283000">
        <ele>402.0</ele>
      </trkpt>
      <trkpt lat="50.007433000" lon="7.673308000">
        <ele>401.8</ele>
      </trkpt>
      <trkpt lat="50.007445000" lon="7.673332000">
        <ele>401.4</ele>
      </trkpt>
      <trkpt lat="50.007465000" lon="7.673348000">
        <ele>401.2</ele>
      </trkpt>
      <trkpt lat="50.007480000" lon="7.673368000">
        <ele>401.0</ele>
      </trkpt>
      <trkpt lat="50.007500000" lon="7.673382000">
        <ele>400.6</ele>
      </trkpt>
      <trkpt lat="50.007520000" lon="7.673398000">
        <ele>400.4</ele>
      </trkpt>
      <trkpt lat="50.007558000" lon="7.673448000">
        <ele>400.0</ele>
      </trkpt>
      <trkpt lat="50.007593000" lon="7.673495000">
        <ele>399.4</ele>
      </trkpt>
      <trkpt lat="50.007612000" lon="7.673513000">
        <ele>399.2</ele>
      </trkpt>
      <trkpt lat="50.007632000" lon="7.673535000">
        <ele>399.2</ele>
      </trkpt>
      <trkpt lat="50.007647000" lon="7.673547000">
        <ele>399.0</ele>
      </trkpt>
      <trkpt lat="50.007667000" lon="7.673558000">
        <ele>399.0</ele>
      </trkpt>
      <trkpt lat="50.007698000" lon="7.673575000">
        <ele>398.8</ele>
      </trkpt>
      <trkpt lat="50.007730000" lon="7.673602000">
        <ele>398.6</ele>
      </trkpt>
      <trkpt lat="50.007750000" lon="7.673617000">
        <ele>398.4</ele>
      </trkpt>
      <trkpt lat="50.007768000" lon="7.673627000">
        <ele>398.4</ele>
      </trkpt>
      <trkpt lat="50.007792000" lon="7.673640000">
        <ele>398.2</ele>
      </trkpt>
      <trkpt lat="50.007810000" lon="7.673655000">
        <ele>398.2</ele>
      </trkpt>
      <trkpt lat="50.007837000" lon="7.673662000">
        <ele>398.2</ele>
      </trkpt>
      <trkpt lat="50.007855000" lon="7.673667000">
        <ele>398.2</ele>
      </trkpt>
      <trkpt lat="50.007878000" lon="7.673680000">
        <ele>398.2</ele>
      </trkpt>
      <trkpt lat="50.007897000" lon="7.673692000">
        <ele>398.0</ele>
      </trkpt>
      <trkpt lat="50.007925000" lon="7.673708000">
        <ele>398.0</ele>
      </trkpt>
      <trkpt lat="50.007958000" lon="7.673728000">
        <ele>398.0</ele>
      </trkpt>
      <trkpt lat="50.007977000" lon="7.673738000">
        <ele>398.0</ele>
      </trkpt>
      <trkpt lat="50.008002000" lon="7.673755000">
        <ele>398.0</ele>
      </trkpt>
      <trkpt lat="50.008025000" lon="7.673768000">
        <ele>398.0</ele>
      </trkpt>
      <trkpt lat="50.008043000" lon="7.673780000">
        <ele>397.8</ele>
      </trkpt>
      <trkpt lat="50.008067000" lon="7.673787000">
        <ele>397.8</ele>
      </trkpt>
      <trkpt lat="50.008088000" lon="7.673793000">
        <ele>397.8</ele>
      </trkpt>
      <trkpt lat="50.008108000" lon="7.673798000">
        <ele>397.6</ele>
      </trkpt>
      <trkpt lat="50.008143000" lon="7.673813000">
        <ele>397.4</ele>
      </trkpt>
      <trkpt lat="50.008162000" lon="7.673833000">
        <ele>397.4</ele>
      </trkpt>
      <trkpt lat="50.008185000" lon="7.673838000">
        <ele>397.2</ele>
      </trkpt>
      <trkpt lat="50.008223000" lon="7.673830000">
        <ele>397.2</ele>
      </trkpt>
      <trkpt lat="50.008242000" lon="7.673827000">
        <ele>397.0</ele>
      </trkpt>
      <trkpt lat="50.008262000" lon="7.673827000">
        <ele>396.8</ele>
      </trkpt>
      <trkpt lat="50.008280000" lon="7.673825000">
        <ele>396.8</ele>
      </trkpt>
      <trkpt lat="50.008300000" lon="7.673825000">
        <ele>396.8</ele>
      </trkpt>
      <trkpt lat="50.008335000" lon="7.673822000">
        <ele>396.8</ele>
      </trkpt>
      <trkpt lat="50.008367000" lon="7.673820000">
        <ele>396.8</ele>
      </trkpt>
      <trkpt lat="50.008387000" lon="7.673812000">
        <ele>396.8</ele>
      </trkpt>
      <trkpt lat="50.008405000" lon="7.673805000">
        <ele>397.0</ele>
      </trkpt>
      <trkpt lat="50.008425000" lon="7.673797000">
        <ele>397.0</ele>
      </trkpt>
      <trkpt lat="50.008457000" lon="7.673780000">
        <ele>397.4</ele>
      </trkpt>
      <trkpt lat="50.008480000" lon="7.673773000">
        <ele>397.4</ele>
      </trkpt>
      <trkpt lat="50.008498000" lon="7.673768000">
        <ele>397.6</ele>
      </trkpt>
      <trkpt lat="50.008518000" lon="7.673768000">
        <ele>397.8</ele>
      </trkpt>
      <trkpt lat="50.008543000" lon="7.673768000">
        <ele>398.0</ele>
      </trkpt>
      <trkpt lat="50.008562000" lon="7.673768000">
        <ele>398.2</ele>
      </trkpt>
      <trkpt lat="50.008582000" lon="7.673762000">
        <ele>398.4</ele>
      </trkpt>
      <trkpt lat="50.008600000" lon="7.673762000">
        <ele>398.4</ele>
      </trkpt>
      <trkpt lat="50.008637000" lon="7.673755000">
        <ele>398.6</ele>
      </trkpt>
      <trkpt lat="50.008665000" lon="7.673738000">
        <ele>398.8</ele>
      </trkpt>
      <trkpt lat="50.008690000" lon="7.673733000">
        <ele>399.0</ele>
      </trkpt>
      <trkpt lat="50.008722000" lon="7.673722000">
        <ele>399.4</ele>
      </trkpt>
      <trkpt lat="50.008758000" lon="7.673708000">
        <ele>399.6</ele>
      </trkpt>
      <trkpt lat="50.008790000" lon="7.673692000">
        <ele>400.2</ele>
      </trkpt>
      <trkpt lat="50.008818000" lon="7.673672000">
        <ele>400.4</ele>
      </trkpt>
      <trkpt lat="50.008838000" lon="7.673663000">
        <ele>400.6</ele>
      </trkpt>
      <trkpt lat="50.008857000" lon="7.673658000">
        <ele>400.8</ele>
      </trkpt>
      <trkpt lat="50.008877000" lon="7.673652000">
        <ele>400.8</ele>
      </trkpt>
      <trkpt lat="50.008895000" lon="7.673648000">
        <ele>400.8</ele>
      </trkpt>
      <trkpt lat="50.008915000" lon="7.673640000">
        <ele>400.8</ele>
      </trkpt>
      <trkpt lat="50.008950000" lon="7.673620000">
        <ele>401.0</ele>
      </trkpt>
      <trkpt lat="50.008978000" lon="7.673600000">
        <ele>401.0</ele>
      </trkpt>
      <trkpt lat="50.008995000" lon="7.673582000">
        <ele>401.0</ele>
      </trkpt>
      <trkpt lat="50.009023000" lon="7.673562000">
        <ele>401.0</ele>
      </trkpt>
      <trkpt lat="50.009042000" lon="7.673555000">
        <ele>401.0</ele>
      </trkpt>
      <trkpt lat="50.009062000" lon="7.673538000">
        <ele>401.2</ele>
      </trkpt>
      <trkpt lat="50.009093000" lon="7.673522000">
        <ele>401.2</ele>
      </trkpt>
      <trkpt lat="50.009120000" lon="7.673513000">
        <ele>401.4</ele>
      </trkpt>
      <trkpt lat="50.009138000" lon="7.673522000">
        <ele>401.6</ele>
      </trkpt>
      <trkpt lat="50.009160000" lon="7.673540000">
        <ele>402.0</ele>
      </trkpt>
      <trkpt lat="50.009190000" lon="7.673555000">
        <ele>402.2</ele>
      </trkpt>
      <trkpt lat="50.009218000" lon="7.673563000">
        <ele>402.4</ele>
      </trkpt>
      <trkpt lat="50.009247000" lon="7.673562000">
        <ele>402.6</ele>
      </trkpt>
      <trkpt lat="50.009273000" lon="7.673560000">
        <ele>402.6</ele>
      </trkpt>
      <trkpt lat="50.009295000" lon="7.673563000">
        <ele>402.6</ele>
      </trkpt>
      <trkpt lat="50.009315000" lon="7.673570000">
        <ele>402.6</ele>
      </trkpt>
      <trkpt lat="50.009337000" lon="7.673582000">
        <ele>402.6</ele>
      </trkpt>
      <trkpt lat="50.009357000" lon="7.673595000">
        <ele>402.6</ele>
      </trkpt>
      <trkpt lat="50.009375000" lon="7.673617000">
        <ele>402.6</ele>
      </trkpt>
      <trkpt lat="50.009392000" lon="7.673642000">
        <ele>402.4</ele>
      </trkpt>
      <trkpt lat="50.009410000" lon="7.673672000">
        <ele>402.4</ele>
      </trkpt>
      <trkpt lat="50.009433000" lon="7.673698000">
        <ele>402.4</ele>
      </trkpt>
      <trkpt lat="50.009452000" lon="7.673718000">
        <ele>402.4</ele>
      </trkpt>
      <trkpt lat="50.009472000" lon="7.673738000">
        <ele>402.4</ele>
      </trkpt>
      <trkpt lat="50.009487000" lon="7.673763000">
        <ele>402.2</ele>
      </trkpt>
      <trkpt lat="50.009507000" lon="7.673780000">
        <ele>402.2</ele>
      </trkpt>
      <trkpt lat="50.009528000" lon="7.673792000">
        <ele>402.2</ele>
      </trkpt>
      <trkpt lat="50.009552000" lon="7.673805000">
        <ele>402.2</ele>
      </trkpt>
      <trkpt lat="50.009573000" lon="7.673820000">
        <ele>402.2</ele>
      </trkpt>
      <trkpt lat="50.009597000" lon="7.673838000">
        <ele>402.0</ele>
      </trkpt>
      <trkpt lat="50.009612000" lon="7.673863000">
        <ele>402.0</ele>
      </trkpt>
      <trkpt lat="50.009632000" lon="7.673885000">
        <ele>402.0</ele>
      </trkpt>
      <trkpt lat="50.009647000" lon="7.673907000">
        <ele>402.0</ele>
      </trkpt>
      <trkpt lat="50.009663000" lon="7.673922000">
        <ele>402.0</ele>
      </trkpt>
      <trkpt lat="50.009688000" lon="7.673960000">
        <ele>402.0</ele>
      </trkpt>
      <trkpt lat="50.009705000" lon="7.673980000">
        <ele>402.0</ele>
      </trkpt>
      <trkpt lat="50.009723000" lon="7.674022000">
        <ele>402.0</ele>
      </trkpt>
      <trkpt lat="50.009737000" lon="7.674042000">
        <ele>402.0</ele>
      </trkpt>
      <trkpt lat="50.009753000" lon="7.674060000">
        <ele>401.8</ele>
      </trkpt>
      <trkpt lat="50.009768000" lon="7.674077000">
        <ele>401.8</ele>
      </trkpt>
      <trkpt lat="50.009792000" lon="7.674100000">
        <ele>401.8</ele>
      </trkpt>
      <trkpt lat="50.009807000" lon="7.674115000">
        <ele>401.8</ele>
      </trkpt>
      <trkpt lat="50.009823000" lon="7.674128000">
        <ele>401.8</ele>
      </trkpt>
      <trkpt lat="50.009852000" lon="7.674168000">
        <ele>401.6</ele>
      </trkpt>
      <trkpt lat="50.009872000" lon="7.674175000">
        <ele>401.6</ele>
      </trkpt>
      <trkpt lat="50.009907000" lon="7.674195000">
        <ele>401.4</ele>
      </trkpt>
      <trkpt lat="50.009925000" lon="7.674202000">
        <ele>401.2</ele>
      </trkpt>
      <trkpt lat="50.009948000" lon="7.674210000">
        <ele>401.2</ele>
      </trkpt>
      <trkpt lat="50.009970000" lon="7.674215000">
        <ele>401.0</ele>
      </trkpt>
      <trkpt lat="50.010008000" lon="7.674230000">
        <ele>400.8</ele>
      </trkpt>
      <trkpt lat="50.010032000" lon="7.674240000">
        <ele>400.8</ele>
      </trkpt>
      <trkpt lat="50.010050000" lon="7.674253000">
        <ele>400.6</ele>
      </trkpt>
      <trkpt lat="50.010073000" lon="7.674270000">
        <ele>400.6</ele>
      </trkpt>
      <trkpt lat="50.010088000" lon="7.674292000">
        <ele>400.4</ele>
      </trkpt>
      <trkpt lat="50.010105000" lon="7.674310000">
        <ele>400.4</ele>
      </trkpt>
      <trkpt lat="50.010127000" lon="7.674320000">
        <ele>400.2</ele>
      </trkpt>
      <trkpt lat="50.010162000" lon="7.674335000">
        <ele>399.8</ele>
      </trkpt>
      <trkpt lat="50.010182000" lon="7.674347000">
        <ele>399.8</ele>
      </trkpt>
      <trkpt lat="50.010203000" lon="7.674360000">
        <ele>399.6</ele>
      </trkpt>
      <trkpt lat="50.010223000" lon="7.674372000">
        <ele>399.4</ele>
      </trkpt>
      <trkpt lat="50.010245000" lon="7.674383000">
        <ele>399.2</ele>
      </trkpt>
      <trkpt lat="50.010265000" lon="7.674397000">
        <ele>399.0</ele>
      </trkpt>
      <trkpt lat="50.010287000" lon="7.674412000">
        <ele>398.8</ele>
      </trkpt>
      <trkpt lat="50.010328000" lon="7.674440000">
        <ele>398.6</ele>
      </trkpt>
      <trkpt lat="50.010345000" lon="7.674472000">
        <ele>398.4</ele>
      </trkpt>
      <trkpt lat="50.010360000" lon="7.674500000">
        <ele>398.2</ele>
      </trkpt>
      <trkpt lat="50.010380000" lon="7.674520000">
        <ele>398.0</ele>
      </trkpt>
      <trkpt lat="50.010400000" lon="7.674540000">
        <ele>397.8</ele>
      </trkpt>
      <trkpt lat="50.010418000" lon="7.674563000">
        <ele>397.6</ele>
      </trkpt>
      <trkpt lat="50.010432000" lon="7.674585000">
        <ele>397.6</ele>
      </trkpt>
      <trkpt lat="50.010443000" lon="7.674607000">
        <ele>397.4</ele>
      </trkpt>
      <trkpt lat="50.010460000" lon="7.674623000">
        <ele>397.2</ele>
      </trkpt>
      <trkpt lat="50.010480000" lon="7.674647000">
        <ele>397.0</ele>
      </trkpt>
      <trkpt lat="50.010492000" lon="7.674677000">
        <ele>396.8</ele>
      </trkpt>
      <trkpt lat="50.010512000" lon="7.674702000">
        <ele>396.6</ele>
      </trkpt>
      <trkpt lat="50.010530000" lon="7.674732000">
        <ele>396.4</ele>
      </trkpt>
      <trkpt lat="50.010547000" lon="7.674760000">
        <ele>396.2</ele>
      </trkpt>
      <trkpt lat="50.010562000" lon="7.674792000">
        <ele>396.0</ele>
      </trkpt>
      <trkpt lat="50.010578000" lon="7.674820000">
        <ele>396.0</ele>
      </trkpt>
      <trkpt lat="50.010592000" lon="7.674845000">
        <ele>395.8</ele>
      </trkpt>
      <trkpt lat="50.010607000" lon="7.674875000">
        <ele>395.6</ele>
      </trkpt>
      <trkpt lat="50.010627000" lon="7.674902000">
        <ele>395.4</ele>
      </trkpt>
      <trkpt lat="50.010640000" lon="7.674933000">
        <ele>395.2</ele>
      </trkpt>
      <trkpt lat="50.010648000" lon="7.674962000">
        <ele>395.0</ele>
      </trkpt>
      <trkpt lat="50.010665000" lon="7.674990000">
        <ele>394.8</ele>
      </trkpt>
      <trkpt lat="50.010680000" lon="7.675018000">
        <ele>394.6</ele>
      </trkpt>
      <trkpt lat="50.010697000" lon="7.675040000">
        <ele>394.4</ele>
      </trkpt>
      <trkpt lat="50.010703000" lon="7.675067000">
        <ele>394.4</ele>
      </trkpt>
      <trkpt lat="50.010710000" lon="7.675097000">
        <ele>394.2</ele>
      </trkpt>
      <trkpt lat="50.010717000" lon="7.675122000">
        <ele>394.2</ele>
      </trkpt>
      <trkpt lat="50.010722000" lon="7.675155000">
        <ele>394.0</ele>
      </trkpt>
      <trkpt lat="50.010725000" lon="7.675185000">
        <ele>394.0</ele>
      </trkpt>
      <trkpt lat="50.010735000" lon="7.675213000">
        <ele>393.8</ele>
      </trkpt>
      <trkpt lat="50.010738000" lon="7.675250000">
        <ele>393.8</ele>
      </trkpt>
      <trkpt lat="50.010745000" lon="7.675280000">
        <ele>393.8</ele>
      </trkpt>
      <trkpt lat="50.010755000" lon="7.675310000">
        <ele>393.6</ele>
      </trkpt>
      <trkpt lat="50.010760000" lon="7.675342000">
        <ele>393.6</ele>
      </trkpt>
      <trkpt lat="50.010763000" lon="7.675375000">
        <ele>393.4</ele>
      </trkpt>
      <trkpt lat="50.010770000" lon="7.675408000">
        <ele>393.4</ele>
      </trkpt>
      <trkpt lat="50.010770000" lon="7.675440000">
        <ele>393.2</ele>
      </trkpt>
      <trkpt lat="50.010780000" lon="7.675473000">
        <ele>393.2</ele>
      </trkpt>
      <trkpt lat="50.010790000" lon="7.675502000">
        <ele>393.2</ele>
      </trkpt>
      <trkpt lat="50.010797000" lon="7.675533000">
        <ele>393.0</ele>
      </trkpt>
      <trkpt lat="50.010802000" lon="7.675563000">
        <ele>393.0</ele>
      </trkpt>
      <trkpt lat="50.010815000" lon="7.675593000">
        <ele>393.0</ele>
      </trkpt>
      <trkpt lat="50.010822000" lon="7.675623000">
        <ele>393.0</ele>
      </trkpt>
      <trkpt lat="50.010828000" lon="7.675655000">
        <ele>392.8</ele>
      </trkpt>
      <trkpt lat="50.010840000" lon="7.675682000">
        <ele>392.8</ele>
      </trkpt>
      <trkpt lat="50.010853000" lon="7.675715000">
        <ele>392.8</ele>
      </trkpt>
      <trkpt lat="50.010863000" lon="7.675753000">
        <ele>393.0</ele>
      </trkpt>
      <trkpt lat="50.010880000" lon="7.675780000">
        <ele>393.0</ele>
      </trkpt>
      <trkpt lat="50.010895000" lon="7.675800000">
        <ele>393.0</ele>
      </trkpt>
      <trkpt lat="50.010905000" lon="7.675823000">
        <ele>392.8</ele>
      </trkpt>
      <trkpt lat="50.010920000" lon="7.675848000">
        <ele>392.8</ele>
      </trkpt>
      <trkpt lat="50.010933000" lon="7.675872000">
        <ele>392.8</ele>
      </trkpt>
      <trkpt lat="50.010947000" lon="7.675893000">
        <ele>392.6</ele>
      </trkpt>
      <trkpt lat="50.010962000" lon="7.675918000">
        <ele>392.6</ele>
      </trkpt>
      <trkpt lat="50.010978000" lon="7.675940000">
        <ele>392.6</ele>
      </trkpt>
      <trkpt lat="50.010995000" lon="7.675965000">
        <ele>392.6</ele>
      </trkpt>
      <trkpt lat="50.011003000" lon="7.675990000">
        <ele>392.4</ele>
      </trkpt>
      <trkpt lat="50.011017000" lon="7.676013000">
        <ele>392.4</ele>
      </trkpt>
      <trkpt lat="50.011027000" lon="7.676038000">
        <ele>392.4</ele>
      </trkpt>
      <trkpt lat="50.011042000" lon="7.676058000">
        <ele>392.4</ele>
      </trkpt>
      <trkpt lat="50.011065000" lon="7.676098000">
        <ele>392.2</ele>
      </trkpt>
      <trkpt lat="50.011078000" lon="7.676118000">
        <ele>392.2</ele>
      </trkpt>
      <trkpt lat="50.011093000" lon="7.676140000">
        <ele>392.0</ele>
      </trkpt>
      <trkpt lat="50.011117000" lon="7.676177000">
        <ele>391.6</ele>
      </trkpt>
      <trkpt lat="50.011132000" lon="7.676208000">
        <ele>391.6</ele>
      </trkpt>
      <trkpt lat="50.011142000" lon="7.676240000">
        <ele>391.6</ele>
      </trkpt>
      <trkpt lat="50.011155000" lon="7.676268000">
        <ele>391.8</ele>
      </trkpt>
      <trkpt lat="50.011180000" lon="7.676287000">
        <ele>392.0</ele>
      </trkpt>
      <trkpt lat="50.011202000" lon="7.676297000">
        <ele>392.2</ele>
      </trkpt>
      <trkpt lat="50.011225000" lon="7.676307000">
        <ele>392.4</ele>
      </trkpt>
      <trkpt lat="50.011247000" lon="7.676333000">
        <ele>392.8</ele>
      </trkpt>
      <trkpt lat="50.011273000" lon="7.676347000">
        <ele>392.8</ele>
      </trkpt>
      <trkpt lat="50.011295000" lon="7.676362000">
        <ele>392.8</ele>
      </trkpt>
      <trkpt lat="50.011318000" lon="7.676370000">
        <ele>393.0</ele>
      </trkpt>
      <trkpt lat="50.011347000" lon="7.676370000">
        <ele>393.0</ele>
      </trkpt>
      <trkpt lat="50.011372000" lon="7.676380000">
        <ele>393.2</ele>
      </trkpt>
      <trkpt lat="50.011398000" lon="7.676400000">
        <ele>393.6</ele>
      </trkpt>
      <trkpt lat="50.011430000" lon="7.676407000">
        <ele>393.8</ele>
      </trkpt>
      <trkpt lat="50.011452000" lon="7.676418000">
        <ele>394.2</ele>
      </trkpt>
      <trkpt lat="50.011475000" lon="7.676427000">
        <ele>394.4</ele>
      </trkpt>
      <trkpt lat="50.011500000" lon="7.676440000">
        <ele>394.8</ele>
      </trkpt>
      <trkpt lat="50.011528000" lon="7.676443000">
        <ele>395.0</ele>
      </trkpt>
      <trkpt lat="50.011558000" lon="7.676447000">
        <ele>395.2</ele>
      </trkpt>
      <trkpt lat="50.011577000" lon="7.676448000">
        <ele>395.2</ele>
      </trkpt>
      <trkpt lat="50.011600000" lon="7.676452000">
        <ele>395.6</ele>
      </trkpt>
      <trkpt lat="50.011622000" lon="7.676455000">
        <ele>395.8</ele>
      </trkpt>
      <trkpt lat="50.011643000" lon="7.676465000">
        <ele>396.0</ele>
      </trkpt>
      <trkpt lat="50.011673000" lon="7.676482000">
        <ele>396.2</ele>
      </trkpt>
      <trkpt lat="50.011698000" lon="7.676512000">
        <ele>396.4</ele>
      </trkpt>
      <trkpt lat="50.011715000" lon="7.676523000">
        <ele>396.4</ele>
      </trkpt>
      <trkpt lat="50.011740000" lon="7.676538000">
        <ele>396.4</ele>
      </trkpt>
      <trkpt lat="50.011762000" lon="7.676543000">
        <ele>396.4</ele>
      </trkpt>
      <trkpt lat="50.011788000" lon="7.676560000">
        <ele>396.2</ele>
      </trkpt>
      <trkpt lat="50.011813000" lon="7.676582000">
        <ele>396.2</ele>
      </trkpt>
      <trkpt lat="50.011840000" lon="7.676582000">
        <ele>396.2</ele>
      </trkpt>
      <trkpt lat="50.011858000" lon="7.676585000">
        <ele>396.4</ele>
      </trkpt>
      <trkpt lat="50.011878000" lon="7.676583000">
        <ele>396.4</ele>
      </trkpt>
      <trkpt lat="50.011907000" lon="7.676577000">
        <ele>396.6</ele>
      </trkpt>
      <trkpt lat="50.011928000" lon="7.676582000">
        <ele>396.6</ele>
      </trkpt>
      <trkpt lat="50.011948000" lon="7.676620000">
        <ele>396.8</ele>
      </trkpt>
      <trkpt lat="50.011958000" lon="7.676645000">
        <ele>396.8</ele>
      </trkpt>
      <trkpt lat="50.011967000" lon="7.676695000">
        <ele>396.8</ele>
      </trkpt>
      <trkpt lat="50.011980000" lon="7.676743000">
        <ele>397.0</ele>
      </trkpt>
      <trkpt lat="50.011987000" lon="7.676772000">
        <ele>397.0</ele>
      </trkpt>
      <trkpt lat="50.011987000" lon="7.676803000">
        <ele>397.2</ele>
      </trkpt>
      <trkpt lat="50.011980000" lon="7.676838000">
        <ele>397.2</ele>
      </trkpt>
      <trkpt lat="50.011980000" lon="7.676872000">
        <ele>397.4</ele>
      </trkpt>
      <trkpt lat="50.011987000" lon="7.676903000">
        <ele>397.4</ele>
      </trkpt>
      <trkpt lat="50.011987000" lon="7.676938000">
        <ele>397.4</ele>
      </trkpt>
      <trkpt lat="50.011990000" lon="7.676973000">
        <ele>397.6</ele>
      </trkpt>
      <trkpt lat="50.011993000" lon="7.677007000">
        <ele>397.6</ele>
      </trkpt>
      <trkpt lat="50.011997000" lon="7.677042000">
        <ele>397.8</ele>
      </trkpt>
      <trkpt lat="50.011997000" lon="7.677075000">
        <ele>397.8</ele>
      </trkpt>
      <trkpt lat="50.011997000" lon="7.677107000">
        <ele>397.8</ele>
      </trkpt>
      <trkpt lat="50.011993000" lon="7.677138000">
        <ele>397.8</ele>
      </trkpt>
      <trkpt lat="50.011990000" lon="7.677197000">
        <ele>398.0</ele>
      </trkpt>
      <trkpt lat="50.011980000" lon="7.677225000">
        <ele>398.2</ele>
      </trkpt>
      <trkpt lat="50.011977000" lon="7.677260000">
        <ele>398.2</ele>
      </trkpt>
      <trkpt lat="50.011973000" lon="7.677295000">
        <ele>398.4</ele>
      </trkpt>
      <trkpt lat="50.011973000" lon="7.677327000">
        <ele>398.4</ele>
      </trkpt>
      <trkpt lat="50.011970000" lon="7.677358000">
        <ele>398.6</ele>
      </trkpt>
      <trkpt lat="50.011960000" lon="7.677390000">
        <ele>398.6</ele>
      </trkpt>
      <trkpt lat="50.011955000" lon="7.677422000">
        <ele>398.6</ele>
      </trkpt>
      <trkpt lat="50.011955000" lon="7.677457000">
        <ele>398.8</ele>
      </trkpt>
      <trkpt lat="50.011952000" lon="7.677487000">
        <ele>398.8</ele>
      </trkpt>
      <trkpt lat="50.011942000" lon="7.677518000">
        <ele>399.0</ele>
      </trkpt>
      <trkpt lat="50.011938000" lon="7.677552000">
        <ele>399.2</ele>
      </trkpt>
      <trkpt lat="50.011935000" lon="7.677582000">
        <ele>399.2</ele>
      </trkpt>
      <trkpt lat="50.011935000" lon="7.677613000">
        <ele>399.4</ele>
      </trkpt>
      <trkpt lat="50.011928000" lon="7.677640000">
        <ele>399.4</ele>
      </trkpt>
      <trkpt lat="50.011922000" lon="7.677668000">
        <ele>399.6</ele>
      </trkpt>
      <trkpt lat="50.011917000" lon="7.677697000">
        <ele>399.6</ele>
      </trkpt>
      <trkpt lat="50.011928000" lon="7.677740000">
        <ele>400.0</ele>
      </trkpt>
      <trkpt lat="50.011948000" lon="7.677782000">
        <ele>400.4</ele>
      </trkpt>
      <trkpt lat="50.011948000" lon="7.677818000">
        <ele>400.4</ele>
      </trkpt>
      <trkpt lat="50.011952000" lon="7.677848000">
        <ele>400.6</ele>
      </trkpt>
      <trkpt lat="50.011952000" lon="7.677897000">
        <ele>401.0</ele>
      </trkpt>
      <trkpt lat="50.011952000" lon="7.677923000">
        <ele>401.2</ele>
      </trkpt>
      <trkpt lat="50.011958000" lon="7.677980000">
        <ele>401.4</ele>
      </trkpt>
      <trkpt lat="50.011958000" lon="7.678008000">
        <ele>401.6</ele>
      </trkpt>
      <trkpt lat="50.011960000" lon="7.678038000">
        <ele>401.8</ele>
      </trkpt>
      <trkpt lat="50.011960000" lon="7.678090000">
        <ele>402.4</ele>
      </trkpt>
      <trkpt lat="50.011952000" lon="7.678140000">
        <ele>402.8</ele>
      </trkpt>
      <trkpt lat="50.011942000" lon="7.678167000">
        <ele>403.0</ele>
      </trkpt>
      <trkpt lat="50.011932000" lon="7.678192000">
        <ele>403.4</ele>
      </trkpt>
      <trkpt lat="50.011928000" lon="7.678220000">
        <ele>403.6</ele>
      </trkpt>
      <trkpt lat="50.011920000" lon="7.678273000">
        <ele>404.2</ele>
      </trkpt>
      <trkpt lat="50.011913000" lon="7.678323000">
        <ele>404.6</ele>
      </trkpt>
      <trkpt lat="50.011907000" lon="7.678373000">
        <ele>405.0</ele>
      </trkpt>
      <trkpt lat="50.011900000" lon="7.678400000">
        <ele>405.2</ele>
      </trkpt>
      <trkpt lat="50.011897000" lon="7.678450000">
        <ele>405.8</ele>
      </trkpt>
      <trkpt lat="50.011890000" lon="7.678500000">
        <ele>406.2</ele>
      </trkpt>
      <trkpt lat="50.011878000" lon="7.678552000">
        <ele>406.8</ele>
      </trkpt>
      <trkpt lat="50.011878000" lon="7.678600000">
        <ele>407.2</ele>
      </trkpt>
      <trkpt lat="50.011878000" lon="7.678628000">
        <ele>407.4</ele>
      </trkpt>
      <trkpt lat="50.011897000" lon="7.678678000">
        <ele>407.8</ele>
      </trkpt>
      <trkpt lat="50.011900000" lon="7.678730000">
        <ele>408.2</ele>
      </trkpt>
      <trkpt lat="50.011893000" lon="7.678782000">
        <ele>408.4</ele>
      </trkpt>
      <trkpt lat="50.011890000" lon="7.678835000">
        <ele>408.8</ele>
      </trkpt>
      <trkpt lat="50.011887000" lon="7.678882000">
        <ele>409.0</ele>
      </trkpt>
      <trkpt lat="50.011875000" lon="7.678923000">
        <ele>409.2</ele>
      </trkpt>
      <trkpt lat="50.011872000" lon="7.678972000">
        <ele>409.6</ele>
      </trkpt>
      <trkpt lat="50.011862000" lon="7.679018000">
        <ele>409.8</ele>
      </trkpt>
      <trkpt lat="50.011858000" lon="7.679063000">
        <ele>410.0</ele>
      </trkpt>
      <trkpt lat="50.011852000" lon="7.679093000">
        <ele>410.2</ele>
      </trkpt>
      <trkpt lat="50.011842000" lon="7.679140000">
        <ele>410.6</ele>
      </trkpt>
      <trkpt lat="50.011848000" lon="7.679178000">
        <ele>411.0</ele>
      </trkpt>
      <trkpt lat="50.011842000" lon="7.679220000">
        <ele>411.2</ele>
      </trkpt>
      <trkpt lat="50.011837000" lon="7.679262000">
        <ele>411.6</ele>
      </trkpt>
      <trkpt lat="50.011823000" lon="7.679295000">
        <ele>411.8</ele>
      </trkpt>
      <trkpt lat="50.011810000" lon="7.679325000">
        <ele>412.0</ele>
      </trkpt>
      <trkpt lat="50.011807000" lon="7.679360000">
        <ele>412.0</ele>
      </trkpt>
      <trkpt lat="50.011798000" lon="7.679402000">
        <ele>412.0</ele>
      </trkpt>
      <trkpt lat="50.011792000" lon="7.679440000">
        <ele>412.0</ele>
      </trkpt>
      <trkpt lat="50.011792000" lon="7.679483000">
        <ele>412.0</ele>
      </trkpt>
      <trkpt lat="50.011788000" lon="7.679522000">
        <ele>412.0</ele>
      </trkpt>
      <trkpt lat="50.011782000" lon="7.679562000">
        <ele>412.2</ele>
      </trkpt>
      <trkpt lat="50.011778000" lon="7.679597000">
        <ele>412.4</ele>
      </trkpt>
      <trkpt lat="50.011772000" lon="7.679627000">
        <ele>412.8</ele>
      </trkpt>
      <trkpt lat="50.011762000" lon="7.679662000">
        <ele>413.0</ele>
      </trkpt>
      <trkpt lat="50.011757000" lon="7.679697000">
        <ele>413.2</ele>
      </trkpt>
      <trkpt lat="50.011757000" lon="7.679733000">
        <ele>413.2</ele>
      </trkpt>
      <trkpt lat="50.011762000" lon="7.679768000">
        <ele>413.4</ele>
      </trkpt>
      <trkpt lat="50.011762000" lon="7.679815000">
        <ele>413.4</ele>
      </trkpt>
      <trkpt lat="50.011750000" lon="7.679850000">
        <ele>413.6</ele>
      </trkpt>
      <trkpt lat="50.011750000" lon="7.679883000">
        <ele>413.6</ele>
      </trkpt>
      <trkpt lat="50.011750000" lon="7.679922000">
        <ele>413.8</ele>
      </trkpt>
      <trkpt lat="50.011750000" lon="7.679967000">
        <ele>414.0</ele>
      </trkpt>
      <trkpt lat="50.011750000" lon="7.680008000">
        <ele>414.2</ele>
      </trkpt>
      <trkpt lat="50.011753000" lon="7.680048000">
        <ele>414.4</ele>
      </trkpt>
      <trkpt lat="50.011753000" lon="7.680088000">
        <ele>414.6</ele>
      </trkpt>
      <trkpt lat="50.011750000" lon="7.680127000">
        <ele>414.6</ele>
      </trkpt>
      <trkpt lat="50.011743000" lon="7.680162000">
        <ele>414.8</ele>
      </trkpt>
      <trkpt lat="50.011737000" lon="7.680200000">
        <ele>415.0</ele>
      </trkpt>
      <trkpt lat="50.011743000" lon="7.680237000">
        <ele>415.2</ele>
      </trkpt>
      <trkpt lat="50.011750000" lon="7.680277000">
        <ele>415.4</ele>
      </trkpt>
      <trkpt lat="50.011750000" lon="7.680323000">
        <ele>415.6</ele>
      </trkpt>
      <trkpt lat="50.011753000" lon="7.680363000">
        <ele>415.6</ele>
      </trkpt>
      <trkpt lat="50.011757000" lon="7.680408000">
        <ele>415.8</ele>
      </trkpt>
      <trkpt lat="50.011768000" lon="7.680453000">
        <ele>416.0</ele>
      </trkpt>
      <trkpt lat="50.011768000" lon="7.680483000">
        <ele>416.0</ele>
      </trkpt>
      <trkpt lat="50.011772000" lon="7.680517000">
        <ele>416.4</ele>
      </trkpt>
      <trkpt lat="50.011782000" lon="7.680550000">
        <ele>416.6</ele>
      </trkpt>
      <trkpt lat="50.011792000" lon="7.680587000">
        <ele>416.6</ele>
      </trkpt>
      <trkpt lat="50.011800000" lon="7.680627000">
        <ele>416.8</ele>
      </trkpt>
      <trkpt lat="50.011800000" lon="7.680675000">
        <ele>417.0</ele>
      </trkpt>
      <trkpt lat="50.011800000" lon="7.680712000">
        <ele>417.2</ele>
      </trkpt>
      <trkpt lat="50.011800000" lon="7.680753000">
        <ele>417.4</ele>
      </trkpt>
      <trkpt lat="50.011800000" lon="7.680788000">
        <ele>417.6</ele>
      </trkpt>
      <trkpt lat="50.011800000" lon="7.680822000">
        <ele>417.8</ele>
      </trkpt>
      <trkpt lat="50.011800000" lon="7.680867000">
        <ele>418.0</ele>
      </trkpt>
      <trkpt lat="50.011800000" lon="7.680910000">
        <ele>418.2</ele>
      </trkpt>
      <trkpt lat="50.011800000" lon="7.680950000">
        <ele>418.6</ele>
      </trkpt>
      <trkpt lat="50.011813000" lon="7.680983000">
        <ele>418.8</ele>
      </trkpt>
      <trkpt lat="50.011798000" lon="7.681017000">
        <ele>419.0</ele>
      </trkpt>
      <trkpt lat="50.011792000" lon="7.681047000">
        <ele>419.4</ele>
      </trkpt>
      <trkpt lat="50.011782000" lon="7.681072000">
        <ele>419.8</ele>
      </trkpt>
      <trkpt lat="50.011810000" lon="7.681670000">
        <ele>420.4</ele>
      </trkpt>
      <trkpt lat="50.011833000" lon="7.681687000">
        <ele>420.4</ele>
      </trkpt>
      <trkpt lat="50.011852000" lon="7.681718000">
        <ele>420.4</ele>
      </trkpt>
      <trkpt lat="50.011848000" lon="7.681745000">
        <ele>420.6</ele>
      </trkpt>
      <trkpt lat="50.011855000" lon="7.681772000">
        <ele>420.6</ele>
      </trkpt>
      <trkpt lat="50.011848000" lon="7.681815000">
        <ele>420.6</ele>
      </trkpt>
      <trkpt lat="50.011840000" lon="7.681843000">
        <ele>420.8</ele>
      </trkpt>
      <trkpt lat="50.011840000" lon="7.681875000">
        <ele>420.8</ele>
      </trkpt>
      <trkpt lat="50.011848000" lon="7.681918000">
        <ele>420.8</ele>
      </trkpt>
      <trkpt lat="50.011858000" lon="7.681962000">
        <ele>420.8</ele>
      </trkpt>
      <trkpt lat="50.011858000" lon="7.682007000">
        <ele>421.0</ele>
      </trkpt>
      <trkpt lat="50.011848000" lon="7.682053000">
        <ele>421.0</ele>
      </trkpt>
      <trkpt lat="50.011840000" lon="7.682080000">
        <ele>421.0</ele>
      </trkpt>
      <trkpt lat="50.011833000" lon="7.682105000">
        <ele>421.0</ele>
      </trkpt>
      <trkpt lat="50.011823000" lon="7.682137000">
        <ele>421.0</ele>
      </trkpt>
      <trkpt lat="50.011833000" lon="7.682185000">
        <ele>421.0</ele>
      </trkpt>
      <trkpt lat="50.011833000" lon="7.682222000">
        <ele>421.0</ele>
      </trkpt>
      <trkpt lat="50.011833000" lon="7.682270000">
        <ele>421.2</ele>
      </trkpt>
      <trkpt lat="50.011833000" lon="7.682317000">
        <ele>421.2</ele>
      </trkpt>
      <trkpt lat="50.011840000" lon="7.682360000">
        <ele>421.4</ele>
      </trkpt>
      <trkpt lat="50.011842000" lon="7.682407000">
        <ele>421.4</ele>
      </trkpt>
      <trkpt lat="50.011852000" lon="7.682452000">
        <ele>421.6</ele>
      </trkpt>
      <trkpt lat="50.011858000" lon="7.682482000">
        <ele>421.6</ele>
      </trkpt>
      <trkpt lat="50.011862000" lon="7.682515000">
        <ele>421.8</ele>
      </trkpt>
      <trkpt lat="50.011862000" lon="7.682555000">
        <ele>422.0</ele>
      </trkpt>
      <trkpt lat="50.011872000" lon="7.682590000">
        <ele>422.0</ele>
      </trkpt>
      <trkpt lat="50.011868000" lon="7.682635000">
        <ele>422.2</ele>
      </trkpt>
      <trkpt lat="50.011872000" lon="7.682670000">
        <ele>422.2</ele>
      </trkpt>
      <trkpt lat="50.011872000" lon="7.682707000">
        <ele>422.4</ele>
      </trkpt>
      <trkpt lat="50.011872000" lon="7.682740000">
        <ele>422.6</ele>
      </trkpt>
      <trkpt lat="50.011872000" lon="7.682778000">
        <ele>422.8</ele>
      </trkpt>
      <trkpt lat="50.011872000" lon="7.682820000">
        <ele>423.0</ele>
      </trkpt>
      <trkpt lat="50.011875000" lon="7.682862000">
        <ele>423.2</ele>
      </trkpt>
      <trkpt lat="50.011878000" lon="7.682900000">
        <ele>423.4</ele>
      </trkpt>
      <trkpt lat="50.011887000" lon="7.682937000">
        <ele>423.8</ele>
      </trkpt>
      <trkpt lat="50.011887000" lon="7.682973000">
        <ele>424.0</ele>
      </trkpt>
      <trkpt lat="50.011890000" lon="7.683017000">
        <ele>424.2</ele>
      </trkpt>
      <trkpt lat="50.011893000" lon="7.683057000">
        <ele>424.6</ele>
      </trkpt>
      <trkpt lat="50.011897000" lon="7.683092000">
        <ele>424.8</ele>
      </trkpt>
      <trkpt lat="50.011897000" lon="7.683127000">
        <ele>425.0</ele>
      </trkpt>
      <trkpt lat="50.011893000" lon="7.683163000">
        <ele>425.2</ele>
      </trkpt>
      <trkpt lat="50.011887000" lon="7.683205000">
        <ele>425.4</ele>
      </trkpt>
      <trkpt lat="50.011880000" lon="7.683238000">
        <ele>425.4</ele>
      </trkpt>
      <trkpt lat="50.011887000" lon="7.683273000">
        <ele>425.6</ele>
      </trkpt>
      <trkpt lat="50.011897000" lon="7.683310000">
        <ele>425.8</ele>
      </trkpt>
      <trkpt lat="50.011900000" lon="7.683345000">
        <ele>426.2</ele>
      </trkpt>
      <trkpt lat="50.011900000" lon="7.683383000">
        <ele>426.4</ele>
      </trkpt>
      <trkpt lat="50.011897000" lon="7.683422000">
        <ele>426.6</ele>
      </trkpt>
      <trkpt lat="50.011893000" lon="7.683462000">
        <ele>426.8</ele>
      </trkpt>
      <trkpt lat="50.011900000" lon="7.683502000">
        <ele>426.8</ele>
      </trkpt>
      <trkpt lat="50.011910000" lon="7.683542000">
        <ele>426.8</ele>
      </trkpt>
      <trkpt lat="50.011900000" lon="7.683578000">
        <ele>427.0</ele>
      </trkpt>
      <trkpt lat="50.011900000" lon="7.683620000">
        <ele>427.2</ele>
      </trkpt>
      <trkpt lat="50.011910000" lon="7.683653000">
        <ele>427.2</ele>
      </trkpt>
      <trkpt lat="50.011920000" lon="7.683687000">
        <ele>427.4</ele>
      </trkpt>
      <trkpt lat="50.011932000" lon="7.683723000">
        <ele>427.6</ele>
      </trkpt>
      <trkpt lat="50.011935000" lon="7.683762000">
        <ele>427.8</ele>
      </trkpt>
      <trkpt lat="50.011928000" lon="7.683800000">
        <ele>428.0</ele>
      </trkpt>
      <trkpt lat="50.011928000" lon="7.683835000">
        <ele>428.2</ele>
      </trkpt>
      <trkpt lat="50.011932000" lon="7.683868000">
        <ele>428.4</ele>
      </trkpt>
      <trkpt lat="50.011942000" lon="7.683900000">
        <ele>428.4</ele>
      </trkpt>
      <trkpt lat="50.011958000" lon="7.683935000">
        <ele>428.6</ele>
      </trkpt>
      <trkpt lat="50.011970000" lon="7.683973000">
        <ele>429.0</ele>
      </trkpt>
      <trkpt lat="50.011987000" lon="7.684010000">
        <ele>429.2</ele>
      </trkpt>
      <trkpt lat="50.011993000" lon="7.684060000">
        <ele>429.6</ele>
      </trkpt>
      <trkpt lat="50.012005000" lon="7.684113000">
        <ele>430.0</ele>
      </trkpt>
      <trkpt lat="50.012012000" lon="7.684140000">
        <ele>430.2</ele>
      </trkpt>
      <trkpt lat="50.012018000" lon="7.684192000">
        <ele>430.4</ele>
      </trkpt>
      <trkpt lat="50.012018000" lon="7.684220000">
        <ele>430.6</ele>
      </trkpt>
      <trkpt lat="50.012028000" lon="7.684268000">
        <ele>430.8</ele>
      </trkpt>
      <trkpt lat="50.012038000" lon="7.684320000">
        <ele>431.0</ele>
      </trkpt>
      <trkpt lat="50.012047000" lon="7.684370000">
        <ele>431.2</ele>
      </trkpt>
      <trkpt lat="50.012053000" lon="7.684418000">
        <ele>431.2</ele>
      </trkpt>
      <trkpt lat="50.012067000" lon="7.684467000">
        <ele>431.4</ele>
      </trkpt>
      <trkpt lat="50.012073000" lon="7.684517000">
        <ele>431.6</ele>
      </trkpt>
      <trkpt lat="50.012077000" lon="7.684547000">
        <ele>431.6</ele>
      </trkpt>
      <trkpt lat="50.012085000" lon="7.684593000">
        <ele>431.8</ele>
      </trkpt>
      <trkpt lat="50.012095000" lon="7.684642000">
        <ele>432.0</ele>
      </trkpt>
      <trkpt lat="50.012105000" lon="7.684695000">
        <ele>432.2</ele>
      </trkpt>
      <trkpt lat="50.012112000" lon="7.684722000">
        <ele>432.4</ele>
      </trkpt>
      <trkpt lat="50.012115000" lon="7.684755000">
        <ele>432.4</ele>
      </trkpt>
      <trkpt lat="50.012120000" lon="7.684802000">
        <ele>432.8</ele>
      </trkpt>
      <trkpt lat="50.012118000" lon="7.684840000">
        <ele>433.0</ele>
      </trkpt>
      <trkpt lat="50.012118000" lon="7.684872000">
        <ele>433.2</ele>
      </trkpt>
      <trkpt lat="50.012118000" lon="7.684900000">
        <ele>433.2</ele>
      </trkpt>
      <trkpt lat="50.012120000" lon="7.684948000">
        <ele>433.4</ele>
      </trkpt>
      <trkpt lat="50.012127000" lon="7.684980000">
        <ele>433.6</ele>
      </trkpt>
      <trkpt lat="50.012130000" lon="7.685033000">
        <ele>433.8</ele>
      </trkpt>
      <trkpt lat="50.012137000" lon="7.685080000">
        <ele>434.0</ele>
      </trkpt>
      <trkpt lat="50.012140000" lon="7.685110000">
        <ele>434.0</ele>
      </trkpt>
      <trkpt lat="50.012153000" lon="7.685158000">
        <ele>434.2</ele>
      </trkpt>
      <trkpt lat="50.012165000" lon="7.685212000">
        <ele>434.6</ele>
      </trkpt>
      <trkpt lat="50.012175000" lon="7.685263000">
        <ele>434.8</ele>
      </trkpt>
      <trkpt lat="50.012185000" lon="7.685292000">
        <ele>434.8</ele>
      </trkpt>
      <trkpt lat="50.012188000" lon="7.685328000">
        <ele>435.0</ele>
      </trkpt>
      <trkpt lat="50.012198000" lon="7.685380000">
        <ele>435.2</ele>
      </trkpt>
      <trkpt lat="50.012207000" lon="7.685410000">
        <ele>435.2</ele>
      </trkpt>
      <trkpt lat="50.012210000" lon="7.685440000">
        <ele>435.4</ele>
      </trkpt>
      <trkpt lat="50.012217000" lon="7.685470000">
        <ele>435.6</ele>
      </trkpt>
      <trkpt lat="50.012227000" lon="7.685498000">
        <ele>435.6</ele>
      </trkpt>
      <trkpt lat="50.012233000" lon="7.685523000">
        <ele>435.8</ele>
      </trkpt>
      <trkpt lat="50.012245000" lon="7.685553000">
        <ele>436.0</ele>
      </trkpt>
      <trkpt lat="50.012248000" lon="7.685580000">
        <ele>436.2</ele>
      </trkpt>
      <trkpt lat="50.012255000" lon="7.685607000">
        <ele>436.2</ele>
      </trkpt>
      <trkpt lat="50.012265000" lon="7.685635000">
        <ele>436.4</ele>
      </trkpt>
      <trkpt lat="50.012268000" lon="7.685663000">
        <ele>436.6</ele>
      </trkpt>
      <trkpt lat="50.012272000" lon="7.685693000">
        <ele>436.6</ele>
      </trkpt>
      <trkpt lat="50.012275000" lon="7.685722000">
        <ele>436.8</ele>
      </trkpt>
      <trkpt lat="50.012283000" lon="7.685752000">
        <ele>437.0</ele>
      </trkpt>
      <trkpt lat="50.012283000" lon="7.685785000">
        <ele>437.2</ele>
      </trkpt>
      <trkpt lat="50.012290000" lon="7.685813000">
        <ele>437.2</ele>
      </trkpt>
      <trkpt lat="50.012293000" lon="7.685857000">
        <ele>437.4</ele>
      </trkpt>
      <trkpt lat="50.012297000" lon="7.685883000">
        <ele>437.4</ele>
      </trkpt>
      <trkpt lat="50.012300000" lon="7.685912000">
        <ele>437.6</ele>
      </trkpt>
      <trkpt lat="50.012310000" lon="7.685942000">
        <ele>437.4</ele>
      </trkpt>
      <trkpt lat="50.012317000" lon="7.685968000">
        <ele>437.4</ele>
      </trkpt>
      <trkpt lat="50.012325000" lon="7.686023000">
        <ele>437.4</ele>
      </trkpt>
      <trkpt lat="50.012335000" lon="7.686077000">
        <ele>437.6</ele>
      </trkpt>
      <trkpt lat="50.012345000" lon="7.686103000">
        <ele>437.6</ele>
      </trkpt>
      <trkpt lat="50.012352000" lon="7.686130000">
        <ele>437.6</ele>
      </trkpt>
      <trkpt lat="50.012358000" lon="7.686163000">
        <ele>437.6</ele>
      </trkpt>
      <trkpt lat="50.012367000" lon="7.686190000">
        <ele>437.6</ele>
      </trkpt>
      <trkpt lat="50.012377000" lon="7.686238000">
        <ele>437.4</ele>
      </trkpt>
      <trkpt lat="50.012387000" lon="7.686267000">
        <ele>437.6</ele>
      </trkpt>
      <trkpt lat="50.012390000" lon="7.686298000">
        <ele>437.6</ele>
      </trkpt>
      <trkpt lat="50.012397000" lon="7.686357000">
        <ele>437.6</ele>
      </trkpt>
      <trkpt lat="50.012400000" lon="7.686395000">
        <ele>437.6</ele>
      </trkpt>
      <trkpt lat="50.012408000" lon="7.686425000">
        <ele>437.6</ele>
      </trkpt>
      <trkpt lat="50.012415000" lon="7.686452000">
        <ele>437.8</ele>
      </trkpt>
      <trkpt lat="50.012428000" lon="7.686510000">
        <ele>437.6</ele>
      </trkpt>
      <trkpt lat="50.012432000" lon="7.686538000">
        <ele>437.6</ele>
      </trkpt>
      <trkpt lat="50.012438000" lon="7.686567000">
        <ele>437.6</ele>
      </trkpt>
      <trkpt lat="50.012443000" lon="7.686595000">
        <ele>437.8</ele>
      </trkpt>
      <trkpt lat="50.012457000" lon="7.686648000">
        <ele>437.8</ele>
      </trkpt>
      <trkpt lat="50.012467000" lon="7.686677000">
        <ele>437.8</ele>
      </trkpt>
      <trkpt lat="50.012482000" lon="7.686722000">
        <ele>437.6</ele>
      </trkpt>
      <trkpt lat="50.012492000" lon="7.686758000">
        <ele>437.6</ele>
      </trkpt>
      <trkpt lat="50.012505000" lon="7.686785000">
        <ele>437.6</ele>
      </trkpt>
      <trkpt lat="50.012512000" lon="7.686815000">
        <ele>437.8</ele>
      </trkpt>
      <trkpt lat="50.012518000" lon="7.686842000">
        <ele>437.8</ele>
      </trkpt>
      <trkpt lat="50.012533000" lon="7.686900000">
        <ele>437.8</ele>
      </trkpt>
      <trkpt lat="50.012547000" lon="7.686923000">
        <ele>438.0</ele>
      </trkpt>
      <trkpt lat="50.012562000" lon="7.686978000">
        <ele>438.2</ele>
      </trkpt>
      <trkpt lat="50.012575000" lon="7.687032000">
        <ele>438.2</ele>
      </trkpt>
      <trkpt lat="50.012588000" lon="7.687053000">
        <ele>438.2</ele>
      </trkpt>
      <trkpt lat="50.012592000" lon="7.687080000">
        <ele>438.2</ele>
      </trkpt>
      <trkpt lat="50.012598000" lon="7.687112000">
        <ele>438.2</ele>
      </trkpt>
      <trkpt lat="50.012607000" lon="7.687138000">
        <ele>438.4</ele>
      </trkpt>
      <trkpt lat="50.012613000" lon="7.687165000">
        <ele>438.4</ele>
      </trkpt>
      <trkpt lat="50.012627000" lon="7.687190000">
        <ele>438.4</ele>
      </trkpt>
      <trkpt lat="50.012642000" lon="7.687238000">
        <ele>438.4</ele>
      </trkpt>
      <trkpt lat="50.012648000" lon="7.687267000">
        <ele>438.4</ele>
      </trkpt>
      <trkpt lat="50.012655000" lon="7.687300000">
        <ele>438.4</ele>
      </trkpt>
      <trkpt lat="50.012665000" lon="7.687337000">
        <ele>438.4</ele>
      </trkpt>
      <trkpt lat="50.012687000" lon="7.687382000">
        <ele>438.4</ele>
      </trkpt>
      <trkpt lat="50.012697000" lon="7.687408000">
        <ele>438.6</ele>
      </trkpt>
      <trkpt lat="50.012703000" lon="7.687440000">
        <ele>438.6</ele>
      </trkpt>
      <trkpt lat="50.012707000" lon="7.687468000">
        <ele>438.8</ele>
      </trkpt>
      <trkpt lat="50.012713000" lon="7.687500000">
        <ele>438.8</ele>
      </trkpt>
      <trkpt lat="50.012717000" lon="7.687530000">
        <ele>438.8</ele>
      </trkpt>
      <trkpt lat="50.012725000" lon="7.687560000">
        <ele>438.8</ele>
      </trkpt>
      <trkpt lat="50.012735000" lon="7.687590000">
        <ele>439.0</ele>
      </trkpt>
      <trkpt lat="50.012745000" lon="7.687617000">
        <ele>439.0</ele>
      </trkpt>
      <trkpt lat="50.012755000" lon="7.687647000">
        <ele>439.2</ele>
      </trkpt>
      <trkpt lat="50.012763000" lon="7.687680000">
        <ele>439.2</ele>
      </trkpt>
      <trkpt lat="50.012770000" lon="7.687708000">
        <ele>439.4</ele>
      </trkpt>
      <trkpt lat="50.012780000" lon="7.687735000">
        <ele>439.4</ele>
      </trkpt>
      <trkpt lat="50.012787000" lon="7.687768000">
        <ele>439.4</ele>
      </trkpt>
      <trkpt lat="50.012793000" lon="7.687800000">
        <ele>439.6</ele>
      </trkpt>
      <trkpt lat="50.012805000" lon="7.687860000">
        <ele>439.6</ele>
      </trkpt>
      <trkpt lat="50.012812000" lon="7.687893000">
        <ele>439.6</ele>
      </trkpt>
      <trkpt lat="50.012828000" lon="7.687950000">
        <ele>439.6</ele>
      </trkpt>
      <trkpt lat="50.012828000" lon="7.687980000">
        <ele>439.6</ele>
      </trkpt>
      <trkpt lat="50.012832000" lon="7.688042000">
        <ele>439.6</ele>
      </trkpt>
      <trkpt lat="50.012843000" lon="7.688068000">
        <ele>439.6</ele>
      </trkpt>
      <trkpt lat="50.012860000" lon="7.688115000">
        <ele>439.6</ele>
      </trkpt>
      <trkpt lat="50.012867000" lon="7.688145000">
        <ele>439.6</ele>
      </trkpt>
      <trkpt lat="50.012882000" lon="7.688190000">
        <ele>439.6</ele>
      </trkpt>
      <trkpt lat="50.012888000" lon="7.688220000">
        <ele>439.4</ele>
      </trkpt>
      <trkpt lat="50.012895000" lon="7.688255000">
        <ele>439.4</ele>
      </trkpt>
      <trkpt lat="50.012905000" lon="7.688280000">
        <ele>439.2</ele>
      </trkpt>
      <trkpt lat="50.012915000" lon="7.688307000">
        <ele>439.2</ele>
      </trkpt>
      <trkpt lat="50.012923000" lon="7.688337000">
        <ele>439.2</ele>
      </trkpt>
      <trkpt lat="50.012940000" lon="7.688397000">
        <ele>439.0</ele>
      </trkpt>
      <trkpt lat="50.012947000" lon="7.688425000">
        <ele>439.0</ele>
      </trkpt>
      <trkpt lat="50.012953000" lon="7.688455000">
        <ele>438.8</ele>
      </trkpt>
      <trkpt lat="50.012968000" lon="7.688505000">
        <ele>438.8</ele>
      </trkpt>
      <trkpt lat="50.012978000" lon="7.688532000">
        <ele>438.6</ele>
      </trkpt>
      <trkpt lat="50.012985000" lon="7.688558000">
        <ele>438.8</ele>
      </trkpt>
      <trkpt lat="50.012992000" lon="7.688590000">
        <ele>438.8</ele>
      </trkpt>
      <trkpt lat="50.013000000" lon="7.688617000">
        <ele>438.8</ele>
      </trkpt>
      <trkpt lat="50.013007000" lon="7.688650000">
        <ele>438.8</ele>
      </trkpt>
      <trkpt lat="50.013013000" lon="7.688678000">
        <ele>438.8</ele>
      </trkpt>
      <trkpt lat="50.013020000" lon="7.688707000">
        <ele>438.8</ele>
      </trkpt>
      <trkpt lat="50.013033000" lon="7.688763000">
        <ele>438.8</ele>
      </trkpt>
      <trkpt lat="50.013040000" lon="7.688797000">
        <ele>438.8</ele>
      </trkpt>
      <trkpt lat="50.013048000" lon="7.688828000">
        <ele>438.8</ele>
      </trkpt>
      <trkpt lat="50.013058000" lon="7.688857000">
        <ele>438.8</ele>
      </trkpt>
      <trkpt lat="50.013065000" lon="7.688888000">
        <ele>438.8</ele>
      </trkpt>
      <trkpt lat="50.013075000" lon="7.688920000">
        <ele>438.6</ele>
      </trkpt>
      <trkpt lat="50.013080000" lon="7.688950000">
        <ele>438.6</ele>
      </trkpt>
      <trkpt lat="50.013087000" lon="7.688980000">
        <ele>438.6</ele>
      </trkpt>
      <trkpt lat="50.013093000" lon="7.689013000">
        <ele>438.6</ele>
      </trkpt>
      <trkpt lat="50.013103000" lon="7.689042000">
        <ele>438.6</ele>
      </trkpt>
      <trkpt lat="50.013107000" lon="7.689073000">
        <ele>438.6</ele>
      </trkpt>
      <trkpt lat="50.013113000" lon="7.689102000">
        <ele>438.6</ele>
      </trkpt>
      <trkpt lat="50.013120000" lon="7.689132000">
        <ele>438.6</ele>
      </trkpt>
      <trkpt lat="50.013125000" lon="7.689160000">
        <ele>438.4</ele>
      </trkpt>
      <trkpt lat="50.013132000" lon="7.689192000">
        <ele>438.4</ele>
      </trkpt>
      <trkpt lat="50.013138000" lon="7.689222000">
        <ele>438.4</ele>
      </trkpt>
      <trkpt lat="50.013142000" lon="7.689253000">
        <ele>438.2</ele>
      </trkpt>
      <trkpt lat="50.013152000" lon="7.689280000">
        <ele>438.2</ele>
      </trkpt>
      <trkpt lat="50.013158000" lon="7.689310000">
        <ele>438.2</ele>
      </trkpt>
      <trkpt lat="50.013163000" lon="7.689338000">
        <ele>438.0</ele>
      </trkpt>
      <trkpt lat="50.013173000" lon="7.689367000">
        <ele>437.8</ele>
      </trkpt>
      <trkpt lat="50.013183000" lon="7.689395000">
        <ele>437.8</ele>
      </trkpt>
      <trkpt lat="50.013193000" lon="7.689420000">
        <ele>437.8</ele>
      </trkpt>
      <trkpt lat="50.013202000" lon="7.689450000">
        <ele>437.8</ele>
      </trkpt>
      <trkpt lat="50.013208000" lon="7.689478000">
        <ele>437.8</ele>
      </trkpt>
      <trkpt lat="50.013218000" lon="7.689505000">
        <ele>437.6</ele>
      </trkpt>
      <trkpt lat="50.013222000" lon="7.689537000">
        <ele>437.6</ele>
      </trkpt>
      <trkpt lat="50.013228000" lon="7.689565000">
        <ele>437.6</ele>
      </trkpt>
      <trkpt lat="50.013238000" lon="7.689598000">
        <ele>437.6</ele>
      </trkpt>
      <trkpt lat="50.013240000" lon="7.689630000">
        <ele>437.6</ele>
      </trkpt>
      <trkpt lat="50.013243000" lon="7.689663000">
        <ele>437.4</ele>
      </trkpt>
      <trkpt lat="50.013247000" lon="7.689698000">
        <ele>437.4</ele>
      </trkpt>
      <trkpt lat="50.013257000" lon="7.689727000">
        <ele>437.4</ele>
      </trkpt>
      <trkpt lat="50.013260000" lon="7.689757000">
        <ele>437.4</ele>
      </trkpt>
      <trkpt lat="50.013270000" lon="7.689788000">
        <ele>437.4</ele>
      </trkpt>
      <trkpt lat="50.013280000" lon="7.689818000">
        <ele>437.2</ele>
      </trkpt>
      <trkpt lat="50.013285000" lon="7.689848000">
        <ele>437.2</ele>
      </trkpt>
      <trkpt lat="50.013292000" lon="7.689878000">
        <ele>437.2</ele>
      </trkpt>
      <trkpt lat="50.013302000" lon="7.689903000">
        <ele>437.2</ele>
      </trkpt>
      <trkpt lat="50.013312000" lon="7.689933000">
        <ele>437.2</ele>
      </trkpt>
      <trkpt lat="50.013318000" lon="7.689965000">
        <ele>437.2</ele>
      </trkpt>
      <trkpt lat="50.013337000" lon="7.690020000">
        <ele>437.2</ele>
      </trkpt>
      <trkpt lat="50.013360000" lon="7.690047000">
        <ele>437.2</ele>
      </trkpt>
      <trkpt lat="50.013365000" lon="7.690078000">
        <ele>437.2</ele>
      </trkpt>
      <trkpt lat="50.013368000" lon="7.690110000">
        <ele>437.2</ele>
      </trkpt>
      <trkpt lat="50.013378000" lon="7.690145000">
        <ele>437.2</ele>
      </trkpt>
      <trkpt lat="50.013385000" lon="7.690177000">
        <ele>437.2</ele>
      </trkpt>
      <trkpt lat="50.013392000" lon="7.690232000">
        <ele>437.0</ele>
      </trkpt>
      <trkpt lat="50.013407000" lon="7.690278000">
        <ele>437.0</ele>
      </trkpt>
      <trkpt lat="50.013410000" lon="7.690305000">
        <ele>437.0</ele>
      </trkpt>
      <trkpt lat="50.013420000" lon="7.690333000">
        <ele>437.0</ele>
      </trkpt>
      <trkpt lat="50.013423000" lon="7.690363000">
        <ele>437.0</ele>
      </trkpt>
      <trkpt lat="50.013427000" lon="7.690398000">
        <ele>437.0</ele>
      </trkpt>
      <trkpt lat="50.013437000" lon="7.690427000">
        <ele>437.0</ele>
      </trkpt>
      <trkpt lat="50.013442000" lon="7.690458000">
        <ele>437.0</ele>
      </trkpt>
      <trkpt lat="50.013455000" lon="7.690517000">
        <ele>437.0</ele>
      </trkpt>
      <trkpt lat="50.013462000" lon="7.690572000">
        <ele>437.0</ele>
      </trkpt>
      <trkpt lat="50.013472000" lon="7.690615000">
        <ele>436.8</ele>
      </trkpt>
      <trkpt lat="50.013478000" lon="7.690658000">
        <ele>436.6</ele>
      </trkpt>
      <trkpt lat="50.013478000" lon="7.690693000">
        <ele>436.6</ele>
      </trkpt>
      <trkpt lat="50.013478000" lon="7.690720000">
        <ele>436.4</ele>
      </trkpt>
      <trkpt lat="50.013480000" lon="7.690760000">
        <ele>436.2</ele>
      </trkpt>
      <trkpt lat="50.013483000" lon="7.690787000">
        <ele>436.0</ele>
      </trkpt>
      <trkpt lat="50.013487000" lon="7.690817000">
        <ele>436.0</ele>
      </trkpt>
      <trkpt lat="50.013510000" lon="7.690820000">
        <ele>435.0</ele>
      </trkpt>
      <trkpt lat="50.013510000" lon="7.690857000">
        <ele>434.8</ele>
      </trkpt>
      <trkpt lat="50.013510000" lon="7.690888000">
        <ele>434.4</ele>
      </trkpt>
      <trkpt lat="50.013510000" lon="7.690920000">
        <ele>434.2</ele>
      </trkpt>
      <trkpt lat="50.013517000" lon="7.690958000">
        <ele>434.0</ele>
      </trkpt>
      <trkpt lat="50.013520000" lon="7.690995000">
        <ele>433.8</ele>
      </trkpt>
      <trkpt lat="50.013522000" lon="7.691023000">
        <ele>433.8</ele>
      </trkpt>
      <trkpt lat="50.013525000" lon="7.691065000">
        <ele>433.6</ele>
      </trkpt>
      <trkpt lat="50.013528000" lon="7.691117000">
        <ele>433.6</ele>
      </trkpt>
      <trkpt lat="50.013538000" lon="7.691160000">
        <ele>433.4</ele>
      </trkpt>
      <trkpt lat="50.013538000" lon="7.691188000">
        <ele>433.4</ele>
      </trkpt>
      <trkpt lat="50.013538000" lon="7.691220000">
        <ele>433.4</ele>
      </trkpt>
      <trkpt lat="50.013535000" lon="7.691252000">
        <ele>433.4</ele>
      </trkpt>
      <trkpt lat="50.013525000" lon="7.691283000">
        <ele>433.2</ele>
      </trkpt>
      <trkpt lat="50.013517000" lon="7.691308000">
        <ele>433.2</ele>
      </trkpt>
      <trkpt lat="50.013500000" lon="7.691332000">
        <ele>433.2</ele>
      </trkpt>
      <trkpt lat="50.013483000" lon="7.691358000">
        <ele>433.2</ele>
      </trkpt>
      <trkpt lat="50.013468000" lon="7.691380000">
        <ele>433.2</ele>
      </trkpt>
      <trkpt lat="50.013448000" lon="7.691403000">
        <ele>433.0</ele>
      </trkpt>
      <trkpt lat="50.013430000" lon="7.691423000">
        <ele>433.0</ele>
      </trkpt>
      <trkpt lat="50.013410000" lon="7.691447000">
        <ele>433.0</ele>
      </trkpt>
      <trkpt lat="50.013388000" lon="7.691467000">
        <ele>433.0</ele>
      </trkpt>
      <trkpt lat="50.013365000" lon="7.691493000">
        <ele>433.0</ele>
      </trkpt>
      <trkpt lat="50.013347000" lon="7.691512000">
        <ele>432.8</ele>
      </trkpt>
      <trkpt lat="50.013323000" lon="7.691535000">
        <ele>432.8</ele>
      </trkpt>
      <trkpt lat="50.013302000" lon="7.691547000">
        <ele>432.8</ele>
      </trkpt>
      <trkpt lat="50.013267000" lon="7.691563000">
        <ele>432.8</ele>
      </trkpt>
      <trkpt lat="50.013247000" lon="7.691578000">
        <ele>432.8</ele>
      </trkpt>
      <trkpt lat="50.013225000" lon="7.691595000">
        <ele>432.8</ele>
      </trkpt>
      <trkpt lat="50.013205000" lon="7.691615000">
        <ele>432.8</ele>
      </trkpt>
      <trkpt lat="50.013183000" lon="7.691635000">
        <ele>432.8</ele>
      </trkpt>
      <trkpt lat="50.013163000" lon="7.691648000">
        <ele>432.8</ele>
      </trkpt>
      <trkpt lat="50.013142000" lon="7.691663000">
        <ele>432.8</ele>
      </trkpt>
      <trkpt lat="50.013122000" lon="7.691680000">
        <ele>432.8</ele>
      </trkpt>
      <trkpt lat="50.013103000" lon="7.691698000">
        <ele>432.8</ele>
      </trkpt>
      <trkpt lat="50.013083000" lon="7.691717000">
        <ele>432.8</ele>
      </trkpt>
      <trkpt lat="50.013062000" lon="7.691730000">
        <ele>432.8</ele>
      </trkpt>
      <trkpt lat="50.013042000" lon="7.691742000">
        <ele>433.0</ele>
      </trkpt>
      <trkpt lat="50.013023000" lon="7.691757000">
        <ele>433.0</ele>
      </trkpt>
      <trkpt lat="50.012985000" lon="7.691785000">
        <ele>432.8</ele>
      </trkpt>
      <trkpt lat="50.012962000" lon="7.691807000">
        <ele>432.8</ele>
      </trkpt>
      <trkpt lat="50.012943000" lon="7.691827000">
        <ele>432.8</ele>
      </trkpt>
      <trkpt lat="50.012927000" lon="7.691842000">
        <ele>432.8</ele>
      </trkpt>
      <trkpt lat="50.012908000" lon="7.691860000">
        <ele>432.8</ele>
      </trkpt>
      <trkpt lat="50.012888000" lon="7.691877000">
        <ele>433.0</ele>
      </trkpt>
      <trkpt lat="50.012870000" lon="7.691888000">
        <ele>433.0</ele>
      </trkpt>
      <trkpt lat="50.012850000" lon="7.691902000">
        <ele>433.0</ele>
      </trkpt>
      <trkpt lat="50.012835000" lon="7.691920000">
        <ele>433.0</ele>
      </trkpt>
      <trkpt lat="50.012812000" lon="7.691935000">
        <ele>433.0</ele>
      </trkpt>
      <trkpt lat="50.012797000" lon="7.691948000">
        <ele>433.0</ele>
      </trkpt>
      <trkpt lat="50.012760000" lon="7.691975000">
        <ele>433.0</ele>
      </trkpt>
      <trkpt lat="50.012742000" lon="7.691988000">
        <ele>433.0</ele>
      </trkpt>
      <trkpt lat="50.012722000" lon="7.692000000">
        <ele>433.0</ele>
      </trkpt>
      <trkpt lat="50.012703000" lon="7.692017000">
        <ele>432.8</ele>
      </trkpt>
      <trkpt lat="50.012683000" lon="7.692028000">
        <ele>432.8</ele>
      </trkpt>
      <trkpt lat="50.012668000" lon="7.692045000">
        <ele>432.8</ele>
      </trkpt>
      <trkpt lat="50.012648000" lon="7.692060000">
        <ele>432.6</ele>
      </trkpt>
      <trkpt lat="50.012630000" lon="7.692078000">
        <ele>432.6</ele>
      </trkpt>
      <trkpt lat="50.012613000" lon="7.692093000">
        <ele>432.6</ele>
      </trkpt>
      <trkpt lat="50.012595000" lon="7.692105000">
        <ele>432.6</ele>
      </trkpt>
      <trkpt lat="50.012572000" lon="7.692118000">
        <ele>432.6</ele>
      </trkpt>
      <trkpt lat="50.012557000" lon="7.692138000">
        <ele>432.6</ele>
      </trkpt>
      <trkpt lat="50.012533000" lon="7.692158000">
        <ele>432.4</ele>
      </trkpt>
      <trkpt lat="50.012515000" lon="7.692178000">
        <ele>432.4</ele>
      </trkpt>
      <trkpt lat="50.012492000" lon="7.692193000">
        <ele>432.4</ele>
      </trkpt>
      <trkpt lat="50.012473000" lon="7.692212000">
        <ele>432.4</ele>
      </trkpt>
      <trkpt lat="50.012453000" lon="7.692227000">
        <ele>432.4</ele>
      </trkpt>
      <trkpt lat="50.012435000" lon="7.692240000">
        <ele>432.4</ele>
      </trkpt>
      <trkpt lat="50.012418000" lon="7.692257000">
        <ele>432.2</ele>
      </trkpt>
      <trkpt lat="50.012400000" lon="7.692272000">
        <ele>432.2</ele>
      </trkpt>
      <trkpt lat="50.012383000" lon="7.692287000">
        <ele>432.2</ele>
      </trkpt>
      <trkpt lat="50.012363000" lon="7.692300000">
        <ele>432.2</ele>
      </trkpt>
      <trkpt lat="50.012345000" lon="7.692315000">
        <ele>432.0</ele>
      </trkpt>
      <trkpt lat="50.012328000" lon="7.692328000">
        <ele>432.0</ele>
      </trkpt>
      <trkpt lat="50.012310000" lon="7.692345000">
        <ele>432.0</ele>
      </trkpt>
      <trkpt lat="50.012287000" lon="7.692365000">
        <ele>432.0</ele>
      </trkpt>
      <trkpt lat="50.012268000" lon="7.692380000">
        <ele>431.8</ele>
      </trkpt>
      <trkpt lat="50.012248000" lon="7.692393000">
        <ele>431.8</ele>
      </trkpt>
      <trkpt lat="50.012230000" lon="7.692405000">
        <ele>431.8</ele>
      </trkpt>
      <trkpt lat="50.012210000" lon="7.692425000">
        <ele>431.8</ele>
      </trkpt>
      <trkpt lat="50.012175000" lon="7.692450000">
        <ele>431.6</ele>
      </trkpt>
      <trkpt lat="50.012140000" lon="7.692473000">
        <ele>431.2</ele>
      </trkpt>
      <trkpt lat="50.012120000" lon="7.692482000">
        <ele>431.0</ele>
      </trkpt>
      <trkpt lat="50.012088000" lon="7.692510000">
        <ele>430.8</ele>
      </trkpt>
      <trkpt lat="50.012070000" lon="7.692518000">
        <ele>430.6</ele>
      </trkpt>
      <trkpt lat="50.012047000" lon="7.692533000">
        <ele>430.6</ele>
      </trkpt>
      <trkpt lat="50.012022000" lon="7.692550000">
        <ele>430.6</ele>
      </trkpt>
      <trkpt lat="50.012005000" lon="7.692563000">
        <ele>430.6</ele>
      </trkpt>
      <trkpt lat="50.011990000" lon="7.692578000">
        <ele>430.6</ele>
      </trkpt>
      <trkpt lat="50.011967000" lon="7.692593000">
        <ele>430.4</ele>
      </trkpt>
      <trkpt lat="50.011952000" lon="7.692607000">
        <ele>430.4</ele>
      </trkpt>
      <trkpt lat="50.011932000" lon="7.692620000">
        <ele>430.4</ele>
      </trkpt>
      <trkpt lat="50.011913000" lon="7.692635000">
        <ele>430.2</ele>
      </trkpt>
      <trkpt lat="50.011893000" lon="7.692652000">
        <ele>430.2</ele>
      </trkpt>
      <trkpt lat="50.011872000" lon="7.692662000">
        <ele>430.0</ele>
      </trkpt>
      <trkpt lat="50.011852000" lon="7.692680000">
        <ele>430.0</ele>
      </trkpt>
      <trkpt lat="50.011833000" lon="7.692698000">
        <ele>430.0</ele>
      </trkpt>
      <trkpt lat="50.011813000" lon="7.692717000">
        <ele>430.0</ele>
      </trkpt>
      <trkpt lat="50.011795000" lon="7.692732000">
        <ele>429.8</ele>
      </trkpt>
      <trkpt lat="50.011775000" lon="7.692740000">
        <ele>429.8</ele>
      </trkpt>
      <trkpt lat="50.011760000" lon="7.692753000">
        <ele>429.8</ele>
      </trkpt>
      <trkpt lat="50.011740000" lon="7.692773000">
        <ele>429.8</ele>
      </trkpt>
      <trkpt lat="50.011720000" lon="7.692790000">
        <ele>429.8</ele>
      </trkpt>
      <trkpt lat="50.011702000" lon="7.692810000">
        <ele>429.6</ele>
      </trkpt>
      <trkpt lat="50.011688000" lon="7.692830000">
        <ele>429.6</ele>
      </trkpt>
      <trkpt lat="50.011673000" lon="7.692850000">
        <ele>429.6</ele>
      </trkpt>
      <trkpt lat="50.011653000" lon="7.692870000">
        <ele>429.4</ele>
      </trkpt>
      <trkpt lat="50.011635000" lon="7.692895000">
        <ele>429.4</ele>
      </trkpt>
      <trkpt lat="50.011615000" lon="7.692920000">
        <ele>429.4</ele>
      </trkpt>
      <trkpt lat="50.011597000" lon="7.692942000">
        <ele>429.4</ele>
      </trkpt>
      <trkpt lat="50.011580000" lon="7.692963000">
        <ele>429.2</ele>
      </trkpt>
      <trkpt lat="50.011563000" lon="7.692983000">
        <ele>429.2</ele>
      </trkpt>
      <trkpt lat="50.011552000" lon="7.693003000">
        <ele>429.2</ele>
      </trkpt>
      <trkpt lat="50.011535000" lon="7.693025000">
        <ele>429.0</ele>
      </trkpt>
      <trkpt lat="50.011520000" lon="7.693052000">
        <ele>428.8</ele>
      </trkpt>
      <trkpt lat="50.011503000" lon="7.693075000">
        <ele>428.8</ele>
      </trkpt>
      <trkpt lat="50.011490000" lon="7.693098000">
        <ele>428.6</ele>
      </trkpt>
      <trkpt lat="50.011475000" lon="7.693120000">
        <ele>428.6</ele>
      </trkpt>
      <trkpt lat="50.011458000" lon="7.693140000">
        <ele>428.4</ele>
      </trkpt>
      <trkpt lat="50.011440000" lon="7.693163000">
        <ele>428.4</ele>
      </trkpt>
      <trkpt lat="50.011423000" lon="7.693183000">
        <ele>428.2</ele>
      </trkpt>
      <trkpt lat="50.011410000" lon="7.693210000">
        <ele>428.2</ele>
      </trkpt>
      <trkpt lat="50.011395000" lon="7.693233000">
        <ele>428.0</ele>
      </trkpt>
      <trkpt lat="50.011375000" lon="7.693253000">
        <ele>428.0</ele>
      </trkpt>
      <trkpt lat="50.011360000" lon="7.693272000">
        <ele>427.8</ele>
      </trkpt>
      <trkpt lat="50.011347000" lon="7.693295000">
        <ele>427.8</ele>
      </trkpt>
      <trkpt lat="50.011333000" lon="7.693315000">
        <ele>427.8</ele>
      </trkpt>
      <trkpt lat="50.011318000" lon="7.693340000">
        <ele>427.6</ele>
      </trkpt>
      <trkpt lat="50.011305000" lon="7.693365000">
        <ele>427.6</ele>
      </trkpt>
      <trkpt lat="50.011285000" lon="7.693388000">
        <ele>427.6</ele>
      </trkpt>
      <trkpt lat="50.011273000" lon="7.693408000">
        <ele>427.4</ele>
      </trkpt>
      <trkpt lat="50.011257000" lon="7.693432000">
        <ele>427.4</ele>
      </trkpt>
      <trkpt lat="50.011240000" lon="7.693457000">
        <ele>427.4</ele>
      </trkpt>
      <trkpt lat="50.011225000" lon="7.693482000">
        <ele>427.2</ele>
      </trkpt>
      <trkpt lat="50.011212000" lon="7.693515000">
        <ele>427.2</ele>
      </trkpt>
      <trkpt lat="50.011197000" lon="7.693540000">
        <ele>427.2</ele>
      </trkpt>
      <trkpt lat="50.011177000" lon="7.693567000">
        <ele>427.0</ele>
      </trkpt>
      <trkpt lat="50.011160000" lon="7.693590000">
        <ele>427.0</ele>
      </trkpt>
      <trkpt lat="50.011145000" lon="7.693615000">
        <ele>426.8</ele>
      </trkpt>
      <trkpt lat="50.011125000" lon="7.693640000">
        <ele>426.8</ele>
      </trkpt>
      <trkpt lat="50.011113000" lon="7.693663000">
        <ele>426.8</ele>
      </trkpt>
      <trkpt lat="50.011097000" lon="7.693685000">
        <ele>426.6</ele>
      </trkpt>
      <trkpt lat="50.011080000" lon="7.693705000">
        <ele>426.6</ele>
      </trkpt>
      <trkpt lat="50.011065000" lon="7.693725000">
        <ele>426.6</ele>
      </trkpt>
      <trkpt lat="50.011048000" lon="7.693745000">
        <ele>426.6</ele>
      </trkpt>
      <trkpt lat="50.011037000" lon="7.693778000">
        <ele>426.6</ele>
      </trkpt>
      <trkpt lat="50.011020000" lon="7.693803000">
        <ele>426.6</ele>
      </trkpt>
      <trkpt lat="50.011003000" lon="7.693828000">
        <ele>426.6</ele>
      </trkpt>
      <trkpt lat="50.010998000" lon="7.693855000">
        <ele>426.6</ele>
      </trkpt>
      <trkpt lat="50.010988000" lon="7.693880000">
        <ele>426.6</ele>
      </trkpt>
      <trkpt lat="50.010978000" lon="7.693935000">
        <ele>426.6</ele>
      </trkpt>
      <trkpt lat="50.010968000" lon="7.693962000">
        <ele>426.6</ele>
      </trkpt>
      <trkpt lat="50.010962000" lon="7.693992000">
        <ele>426.6</ele>
      </trkpt>
      <trkpt lat="50.010957000" lon="7.694020000">
        <ele>426.6</ele>
      </trkpt>
      <trkpt lat="50.010950000" lon="7.694052000">
        <ele>426.6</ele>
      </trkpt>
      <trkpt lat="50.010940000" lon="7.694080000">
        <ele>426.6</ele>
      </trkpt>
      <trkpt lat="50.010927000" lon="7.694108000">
        <ele>426.6</ele>
      </trkpt>
      <trkpt lat="50.010918000" lon="7.694137000">
        <ele>426.6</ele>
      </trkpt>
      <trkpt lat="50.010902000" lon="7.694162000">
        <ele>426.6</ele>
      </trkpt>
      <trkpt lat="50.010895000" lon="7.694190000">
        <ele>426.6</ele>
      </trkpt>
      <trkpt lat="50.010882000" lon="7.694215000">
        <ele>426.6</ele>
      </trkpt>
      <trkpt lat="50.010870000" lon="7.694270000">
        <ele>426.6</ele>
      </trkpt>
      <trkpt lat="50.010863000" lon="7.694297000">
        <ele>426.6</ele>
      </trkpt>
      <trkpt lat="50.010853000" lon="7.694322000">
        <ele>426.8</ele>
      </trkpt>
      <trkpt lat="50.010843000" lon="7.694347000">
        <ele>426.8</ele>
      </trkpt>
      <trkpt lat="50.010835000" lon="7.694377000">
        <ele>426.8</ele>
      </trkpt>
      <trkpt lat="50.010825000" lon="7.694402000">
        <ele>426.8</ele>
      </trkpt>
      <trkpt lat="50.010808000" lon="7.694428000">
        <ele>426.8</ele>
      </trkpt>
      <trkpt lat="50.010787000" lon="7.694475000">
        <ele>427.0</ele>
      </trkpt>
      <trkpt lat="50.010770000" lon="7.694500000">
        <ele>426.8</ele>
      </trkpt>
      <trkpt lat="50.010748000" lon="7.694545000">
        <ele>426.8</ele>
      </trkpt>
      <trkpt lat="50.010735000" lon="7.694565000">
        <ele>426.8</ele>
      </trkpt>
      <trkpt lat="50.010722000" lon="7.694590000">
        <ele>426.8</ele>
      </trkpt>
      <trkpt lat="50.010710000" lon="7.694610000">
        <ele>426.8</ele>
      </trkpt>
      <trkpt lat="50.010700000" lon="7.694640000">
        <ele>426.8</ele>
      </trkpt>
      <trkpt lat="50.010683000" lon="7.694667000">
        <ele>426.8</ele>
      </trkpt>
      <trkpt lat="50.010672000" lon="7.694687000">
        <ele>426.6</ele>
      </trkpt>
      <trkpt lat="50.010648000" lon="7.694722000">
        <ele>426.4</ele>
      </trkpt>
      <trkpt lat="50.010637000" lon="7.694745000">
        <ele>426.2</ele>
      </trkpt>
      <trkpt lat="50.010620000" lon="7.694768000">
        <ele>426.2</ele>
      </trkpt>
      <trkpt lat="50.010603000" lon="7.694788000">
        <ele>426.0</ele>
      </trkpt>
      <trkpt lat="50.010592000" lon="7.694813000">
        <ele>426.0</ele>
      </trkpt>
      <trkpt lat="50.010578000" lon="7.694835000">
        <ele>426.0</ele>
      </trkpt>
      <trkpt lat="50.010560000" lon="7.694873000">
        <ele>425.8</ele>
      </trkpt>
      <trkpt lat="50.010540000" lon="7.694887000">
        <ele>425.8</ele>
      </trkpt>
      <trkpt lat="50.010520000" lon="7.694902000">
        <ele>425.8</ele>
      </trkpt>
      <trkpt lat="50.010505000" lon="7.694917000">
        <ele>425.8</ele>
      </trkpt>
      <trkpt lat="50.010488000" lon="7.694933000">
        <ele>425.6</ele>
      </trkpt>
      <trkpt lat="50.010467000" lon="7.694960000">
        <ele>425.6</ele>
      </trkpt>
      <trkpt lat="50.010440000" lon="7.694977000">
        <ele>425.6</ele>
      </trkpt>
      <trkpt lat="50.010422000" lon="7.695000000">
        <ele>425.6</ele>
      </trkpt>
      <trkpt lat="50.010405000" lon="7.695027000">
        <ele>425.6</ele>
      </trkpt>
      <trkpt lat="50.010383000" lon="7.695047000">
        <ele>425.4</ele>
      </trkpt>
      <trkpt lat="50.010367000" lon="7.695070000">
        <ele>425.4</ele>
      </trkpt>
      <trkpt lat="50.010342000" lon="7.695088000">
        <ele>425.4</ele>
      </trkpt>
      <trkpt lat="50.010313000" lon="7.695102000">
        <ele>425.2</ele>
      </trkpt>
      <trkpt lat="50.010290000" lon="7.695115000">
        <ele>425.2</ele>
      </trkpt>
      <trkpt lat="50.010272000" lon="7.695140000">
        <ele>425.2</ele>
      </trkpt>
      <trkpt lat="50.010252000" lon="7.695160000">
        <ele>425.2</ele>
      </trkpt>
      <trkpt lat="50.010227000" lon="7.695193000">
        <ele>425.2</ele>
      </trkpt>
      <trkpt lat="50.010213000" lon="7.695213000">
        <ele>425.2</ele>
      </trkpt>
      <trkpt lat="50.010185000" lon="7.695250000">
        <ele>425.0</ele>
      </trkpt>
      <trkpt lat="50.010162000" lon="7.695265000">
        <ele>425.0</ele>
      </trkpt>
      <trkpt lat="50.010147000" lon="7.695282000">
        <ele>425.0</ele>
      </trkpt>
      <trkpt lat="50.010130000" lon="7.695300000">
        <ele>425.0</ele>
      </trkpt>
      <trkpt lat="50.010115000" lon="7.695320000">
        <ele>425.0</ele>
      </trkpt>
      <trkpt lat="50.010095000" lon="7.695337000">
        <ele>425.0</ele>
      </trkpt>
      <trkpt lat="50.010063000" lon="7.695360000">
        <ele>424.8</ele>
      </trkpt>
      <trkpt lat="50.010043000" lon="7.695373000">
        <ele>424.6</ele>
      </trkpt>
      <trkpt lat="50.010025000" lon="7.695395000">
        <ele>424.6</ele>
      </trkpt>
      <trkpt lat="50.009987000" lon="7.695420000">
        <ele>424.6</ele>
      </trkpt>
      <trkpt lat="50.009967000" lon="7.695438000">
        <ele>424.6</ele>
      </trkpt>
      <trkpt lat="50.009952000" lon="7.695452000">
        <ele>424.6</ele>
      </trkpt>
      <trkpt lat="50.009932000" lon="7.695463000">
        <ele>424.6</ele>
      </trkpt>
      <trkpt lat="50.009910000" lon="7.695482000">
        <ele>424.6</ele>
      </trkpt>
      <trkpt lat="50.009890000" lon="7.695502000">
        <ele>424.6</ele>
      </trkpt>
      <trkpt lat="50.009852000" lon="7.695538000">
        <ele>424.6</ele>
      </trkpt>
      <trkpt lat="50.009830000" lon="7.695553000">
        <ele>424.8</ele>
      </trkpt>
      <trkpt lat="50.009807000" lon="7.695573000">
        <ele>424.8</ele>
      </trkpt>
      <trkpt lat="50.009795000" lon="7.695598000">
        <ele>424.6</ele>
      </trkpt>
      <trkpt lat="50.009772000" lon="7.695638000">
        <ele>424.6</ele>
      </trkpt>
      <trkpt lat="50.009753000" lon="7.695653000">
        <ele>424.4</ele>
      </trkpt>
      <trkpt lat="50.009733000" lon="7.695660000">
        <ele>424.4</ele>
      </trkpt>
      <trkpt lat="50.009715000" lon="7.695673000">
        <ele>424.4</ele>
      </trkpt>
      <trkpt lat="50.009692000" lon="7.695683000">
        <ele>424.2</ele>
      </trkpt>
      <trkpt lat="50.009673000" lon="7.695700000">
        <ele>424.2</ele>
      </trkpt>
      <trkpt lat="50.009650000" lon="7.695712000">
        <ele>424.0</ele>
      </trkpt>
      <trkpt lat="50.009615000" lon="7.695717000">
        <ele>423.8</ele>
      </trkpt>
      <trkpt lat="50.009590000" lon="7.695723000">
        <ele>423.8</ele>
      </trkpt>
      <trkpt lat="50.009567000" lon="7.695735000">
        <ele>423.6</ele>
      </trkpt>
      <trkpt lat="50.009538000" lon="7.695742000">
        <ele>423.4</ele>
      </trkpt>
      <trkpt lat="50.009517000" lon="7.695747000">
        <ele>423.2</ele>
      </trkpt>
      <trkpt lat="50.009490000" lon="7.695760000">
        <ele>423.2</ele>
      </trkpt>
      <trkpt lat="50.009458000" lon="7.695770000">
        <ele>423.0</ele>
      </trkpt>
      <trkpt lat="50.009430000" lon="7.695782000">
        <ele>422.8</ele>
      </trkpt>
      <trkpt lat="50.009398000" lon="7.695800000">
        <ele>422.6</ele>
      </trkpt>
      <trkpt lat="50.009375000" lon="7.695812000">
        <ele>422.4</ele>
      </trkpt>
      <trkpt lat="50.009350000" lon="7.695823000">
        <ele>422.2</ele>
      </trkpt>
      <trkpt lat="50.009333000" lon="7.695840000">
        <ele>422.0</ele>
      </trkpt>
      <trkpt lat="50.009308000" lon="7.695875000">
        <ele>421.6</ele>
      </trkpt>
      <trkpt lat="50.009295000" lon="7.695897000">
        <ele>421.4</ele>
      </trkpt>
      <trkpt lat="50.009292000" lon="7.695928000">
        <ele>421.2</ele>
      </trkpt>
      <trkpt lat="50.009295000" lon="7.695960000">
        <ele>421.0</ele>
      </trkpt>
      <trkpt lat="50.009295000" lon="7.695997000">
        <ele>420.8</ele>
      </trkpt>
      <trkpt lat="50.009292000" lon="7.696030000">
        <ele>420.6</ele>
      </trkpt>
      <trkpt lat="50.009295000" lon="7.696060000">
        <ele>420.4</ele>
      </trkpt>
      <trkpt lat="50.009298000" lon="7.696095000">
        <ele>420.2</ele>
      </trkpt>
      <trkpt lat="50.009298000" lon="7.696132000">
        <ele>420.0</ele>
      </trkpt>
      <trkpt lat="50.009298000" lon="7.696163000">
        <ele>419.8</ele>
      </trkpt>
      <trkpt lat="50.009308000" lon="7.696198000">
        <ele>419.6</ele>
      </trkpt>
      <trkpt lat="50.009312000" lon="7.696225000">
        <ele>419.4</ele>
      </trkpt>
      <trkpt lat="50.009318000" lon="7.696282000">
        <ele>419.0</ele>
      </trkpt>
      <trkpt lat="50.009315000" lon="7.696315000">
        <ele>418.8</ele>
      </trkpt>
      <trkpt lat="50.009318000" lon="7.696347000">
        <ele>418.6</ele>
      </trkpt>
      <trkpt lat="50.009320000" lon="7.696378000">
        <ele>418.4</ele>
      </trkpt>
      <trkpt lat="50.009320000" lon="7.696412000">
        <ele>418.2</ele>
      </trkpt>
      <trkpt lat="50.009320000" lon="7.696445000">
        <ele>418.0</ele>
      </trkpt>
      <trkpt lat="50.009320000" lon="7.696478000">
        <ele>417.8</ele>
      </trkpt>
      <trkpt lat="50.009320000" lon="7.696512000">
        <ele>417.6</ele>
      </trkpt>
      <trkpt lat="50.009320000" lon="7.696545000">
        <ele>417.4</ele>
      </trkpt>
      <trkpt lat="50.009320000" lon="7.696580000">
        <ele>417.2</ele>
      </trkpt>
      <trkpt lat="50.009318000" lon="7.696618000">
        <ele>417.0</ele>
      </trkpt>
      <trkpt lat="50.009318000" lon="7.696653000">
        <ele>416.8</ele>
      </trkpt>
      <trkpt lat="50.009315000" lon="7.696687000">
        <ele>416.6</ele>
      </trkpt>
      <trkpt lat="50.009312000" lon="7.696722000">
        <ele>416.6</ele>
      </trkpt>
      <trkpt lat="50.009308000" lon="7.696753000">
        <ele>416.4</ele>
      </trkpt>
      <trkpt lat="50.009298000" lon="7.696780000">
        <ele>416.2</ele>
      </trkpt>
      <trkpt lat="50.009292000" lon="7.696813000">
        <ele>416.0</ele>
      </trkpt>
      <trkpt lat="50.009285000" lon="7.696848000">
        <ele>416.0</ele>
      </trkpt>
      <trkpt lat="50.009277000" lon="7.696883000">
        <ele>415.8</ele>
      </trkpt>
      <trkpt lat="50.009273000" lon="7.696920000">
        <ele>415.6</ele>
      </trkpt>
      <trkpt lat="50.009260000" lon="7.696958000">
        <ele>415.6</ele>
      </trkpt>
      <trkpt lat="50.009257000" lon="7.696993000">
        <ele>415.4</ele>
      </trkpt>
      <trkpt lat="50.009250000" lon="7.697025000">
        <ele>415.2</ele>
      </trkpt>
      <trkpt lat="50.009247000" lon="7.697062000">
        <ele>415.2</ele>
      </trkpt>
      <trkpt lat="50.009235000" lon="7.697098000">
        <ele>415.0</ele>
      </trkpt>
      <trkpt lat="50.009228000" lon="7.697135000">
        <ele>415.0</ele>
      </trkpt>
      <trkpt lat="50.009218000" lon="7.697172000">
        <ele>414.8</ele>
      </trkpt>
      <trkpt lat="50.009215000" lon="7.697208000">
        <ele>414.8</ele>
      </trkpt>
      <trkpt lat="50.009212000" lon="7.697240000">
        <ele>414.6</ele>
      </trkpt>
      <trkpt lat="50.009208000" lon="7.697268000">
        <ele>414.6</ele>
      </trkpt>
      <trkpt lat="50.009205000" lon="7.697298000">
        <ele>414.4</ele>
      </trkpt>
      <trkpt lat="50.009193000" lon="7.697328000">
        <ele>414.2</ele>
      </trkpt>
      <trkpt lat="50.009177000" lon="7.697362000">
        <ele>414.2</ele>
      </trkpt>
      <trkpt lat="50.009167000" lon="7.697395000">
        <ele>414.0</ele>
      </trkpt>
      <trkpt lat="50.009155000" lon="7.697423000">
        <ele>413.8</ele>
      </trkpt>
      <trkpt lat="50.009142000" lon="7.697450000">
        <ele>413.6</ele>
      </trkpt>
      <trkpt lat="50.009132000" lon="7.697477000">
        <ele>413.6</ele>
      </trkpt>
      <trkpt lat="50.009120000" lon="7.697500000">
        <ele>413.4</ele>
      </trkpt>
      <trkpt lat="50.009113000" lon="7.697528000">
        <ele>413.4</ele>
      </trkpt>
      <trkpt lat="50.009100000" lon="7.697580000">
        <ele>413.2</ele>
      </trkpt>
      <trkpt lat="50.009087000" lon="7.697600000">
        <ele>413.2</ele>
      </trkpt>
      <trkpt lat="50.009068000" lon="7.697620000">
        <ele>413.0</ele>
      </trkpt>
      <trkpt lat="50.009048000" lon="7.697637000">
        <ele>413.0</ele>
      </trkpt>
      <trkpt lat="50.009017000" lon="7.697660000">
        <ele>412.8</ele>
      </trkpt>
      <trkpt lat="50.009000000" lon="7.697680000">
        <ele>412.6</ele>
      </trkpt>
      <trkpt lat="50.008982000" lon="7.697700000">
        <ele>412.6</ele>
      </trkpt>
      <trkpt lat="50.008968000" lon="7.697720000">
        <ele>412.6</ele>
      </trkpt>
      <trkpt lat="50.008953000" lon="7.697743000">
        <ele>412.4</ele>
      </trkpt>
      <trkpt lat="50.008940000" lon="7.697773000">
        <ele>412.4</ele>
      </trkpt>
      <trkpt lat="50.008930000" lon="7.697800000">
        <ele>412.4</ele>
      </trkpt>
      <trkpt lat="50.008915000" lon="7.697827000">
        <ele>412.4</ele>
      </trkpt>
      <trkpt lat="50.008895000" lon="7.697867000">
        <ele>412.4</ele>
      </trkpt>
      <trkpt lat="50.008882000" lon="7.697895000">
        <ele>412.4</ele>
      </trkpt>
      <trkpt lat="50.008870000" lon="7.697945000">
        <ele>412.2</ele>
      </trkpt>
      <trkpt lat="50.008857000" lon="7.697977000">
        <ele>412.2</ele>
      </trkpt>
      <trkpt lat="50.008840000" lon="7.698003000">
        <ele>412.2</ele>
      </trkpt>
      <trkpt lat="50.008832000" lon="7.698035000">
        <ele>412.2</ele>
      </trkpt>
      <trkpt lat="50.008818000" lon="7.698062000">
        <ele>412.2</ele>
      </trkpt>
      <trkpt lat="50.008808000" lon="7.698090000">
        <ele>412.2</ele>
      </trkpt>
      <trkpt lat="50.008797000" lon="7.698120000">
        <ele>412.2</ele>
      </trkpt>
      <trkpt lat="50.008780000" lon="7.698143000">
        <ele>412.2</ele>
      </trkpt>
      <trkpt lat="50.008770000" lon="7.698170000">
        <ele>412.2</ele>
      </trkpt>
      <trkpt lat="50.008755000" lon="7.698195000">
        <ele>412.2</ele>
      </trkpt>
      <trkpt lat="50.008738000" lon="7.698220000">
        <ele>412.2</ele>
      </trkpt>
      <trkpt lat="50.008722000" lon="7.698245000">
        <ele>412.2</ele>
      </trkpt>
      <trkpt lat="50.008710000" lon="7.698277000">
        <ele>412.0</ele>
      </trkpt>
      <trkpt lat="50.008690000" lon="7.698303000">
        <ele>412.0</ele>
      </trkpt>
      <trkpt lat="50.008675000" lon="7.698328000">
        <ele>412.0</ele>
      </trkpt>
      <trkpt lat="50.008655000" lon="7.698352000">
        <ele>412.0</ele>
      </trkpt>
      <trkpt lat="50.008637000" lon="7.698373000">
        <ele>412.0</ele>
      </trkpt>
      <trkpt lat="50.008620000" lon="7.698398000">
        <ele>412.0</ele>
      </trkpt>
      <trkpt lat="50.008603000" lon="7.698420000">
        <ele>412.0</ele>
      </trkpt>
      <trkpt lat="50.008592000" lon="7.698440000">
        <ele>412.0</ele>
      </trkpt>
      <trkpt lat="50.008575000" lon="7.698460000">
        <ele>412.0</ele>
      </trkpt>
      <trkpt lat="50.008560000" lon="7.698480000">
        <ele>412.0</ele>
      </trkpt>
      <trkpt lat="50.008543000" lon="7.698497000">
        <ele>411.8</ele>
      </trkpt>
      <trkpt lat="50.008523000" lon="7.698518000">
        <ele>411.8</ele>
      </trkpt>
      <trkpt lat="50.008512000" lon="7.698542000">
        <ele>411.8</ele>
      </trkpt>
      <trkpt lat="50.008492000" lon="7.698563000">
        <ele>411.8</ele>
      </trkpt>
      <trkpt lat="50.008460000" lon="7.698592000">
        <ele>411.8</ele>
      </trkpt>
      <trkpt lat="50.008440000" lon="7.698618000">
        <ele>411.8</ele>
      </trkpt>
      <trkpt lat="50.008425000" lon="7.698642000">
        <ele>411.8</ele>
      </trkpt>
      <trkpt lat="50.008402000" lon="7.698680000">
        <ele>411.8</ele>
      </trkpt>
      <trkpt lat="50.008387000" lon="7.698703000">
        <ele>411.8</ele>
      </trkpt>
      <trkpt lat="50.008373000" lon="7.698745000">
        <ele>411.8</ele>
      </trkpt>
      <trkpt lat="50.008360000" lon="7.698767000">
        <ele>411.8</ele>
      </trkpt>
      <trkpt lat="50.008342000" lon="7.698800000">
        <ele>411.8</ele>
      </trkpt>
      <trkpt lat="50.008322000" lon="7.698842000">
        <ele>412.0</ele>
      </trkpt>
      <trkpt lat="50.008303000" lon="7.698883000">
        <ele>412.4</ele>
      </trkpt>
      <trkpt lat="50.008287000" lon="7.698913000">
        <ele>412.6</ele>
      </trkpt>
      <trkpt lat="50.008278000" lon="7.698938000">
        <ele>412.8</ele>
      </trkpt>
      <trkpt lat="50.008265000" lon="7.698963000">
        <ele>413.2</ele>
      </trkpt>
      <trkpt lat="50.008248000" lon="7.698983000">
        <ele>413.4</ele>
      </trkpt>
      <trkpt lat="50.008223000" lon="7.699018000">
        <ele>414.0</ele>
      </trkpt>
      <trkpt lat="50.008203000" lon="7.699052000">
        <ele>414.4</ele>
      </trkpt>
      <trkpt lat="50.008182000" lon="7.699098000">
        <ele>414.8</ele>
      </trkpt>
      <trkpt lat="50.008168000" lon="7.699120000">
        <ele>415.0</ele>
      </trkpt>
      <trkpt lat="50.008153000" lon="7.699170000">
        <ele>415.4</ele>
      </trkpt>
      <trkpt lat="50.008140000" lon="7.699195000">
        <ele>415.6</ele>
      </trkpt>
      <trkpt lat="50.008127000" lon="7.699222000">
        <ele>415.8</ele>
      </trkpt>
      <trkpt lat="50.008118000" lon="7.699252000">
        <ele>416.0</ele>
      </trkpt>
      <trkpt lat="50.008102000" lon="7.699292000">
        <ele>416.4</ele>
      </trkpt>
      <trkpt lat="50.008088000" lon="7.699312000">
        <ele>416.6</ele>
      </trkpt>
      <trkpt lat="50.008077000" lon="7.699348000">
        <ele>417.2</ele>
      </trkpt>
      <trkpt lat="50.008060000" lon="7.699388000">
        <ele>417.6</ele>
      </trkpt>
      <trkpt lat="50.008043000" lon="7.699425000">
        <ele>418.2</ele>
      </trkpt>
      <trkpt lat="50.008028000" lon="7.699467000">
        <ele>418.8</ele>
      </trkpt>
      <trkpt lat="50.008015000" lon="7.699505000">
        <ele>419.2</ele>
      </trkpt>
      <trkpt lat="50.008002000" lon="7.699540000">
        <ele>419.8</ele>
      </trkpt>
      <trkpt lat="50.007990000" lon="7.699560000">
        <ele>420.0</ele>
      </trkpt>
      <trkpt lat="50.007970000" lon="7.699607000">
        <ele>420.4</ele>
      </trkpt>
      <trkpt lat="50.007960000" lon="7.699632000">
        <ele>420.6</ele>
      </trkpt>
      <trkpt lat="50.007948000" lon="7.699672000">
        <ele>421.2</ele>
      </trkpt>
      <trkpt lat="50.007938000" lon="7.699697000">
        <ele>421.4</ele>
      </trkpt>
      <trkpt lat="50.007922000" lon="7.699720000">
        <ele>421.6</ele>
      </trkpt>
      <trkpt lat="50.007903000" lon="7.699765000">
        <ele>421.8</ele>
      </trkpt>
      <trkpt lat="50.007883000" lon="7.699800000">
        <ele>422.0</ele>
      </trkpt>
      <trkpt lat="50.007872000" lon="7.699822000">
        <ele>422.0</ele>
      </trkpt>
      <trkpt lat="50.007858000" lon="7.699847000">
        <ele>422.2</ele>
      </trkpt>
      <trkpt lat="50.007840000" lon="7.699883000">
        <ele>422.4</ele>
      </trkpt>
      <trkpt lat="50.007820000" lon="7.699937000">
        <ele>422.8</ele>
      </trkpt>
      <trkpt lat="50.007807000" lon="7.699958000">
        <ele>422.8</ele>
      </trkpt>
      <trkpt lat="50.007785000" lon="7.699997000">
        <ele>423.2</ele>
      </trkpt>
      <trkpt lat="50.007772000" lon="7.700020000">
        <ele>423.4</ele>
      </trkpt>
      <trkpt lat="50.007765000" lon="7.700062000">
        <ele>423.8</ele>
      </trkpt>
      <trkpt lat="50.007760000" lon="7.700103000">
        <ele>424.2</ele>
      </trkpt>
      <trkpt lat="50.007750000" lon="7.700128000">
        <ele>424.4</ele>
      </trkpt>
      <trkpt lat="50.007737000" lon="7.700150000">
        <ele>424.6</ele>
      </trkpt>
      <trkpt lat="50.007723000" lon="7.700175000">
        <ele>424.8</ele>
      </trkpt>
      <trkpt lat="50.007712000" lon="7.700197000">
        <ele>425.0</ele>
      </trkpt>
      <trkpt lat="50.007685000" lon="7.700240000">
        <ele>425.2</ele>
      </trkpt>
      <trkpt lat="50.007673000" lon="7.700262000">
        <ele>425.4</ele>
      </trkpt>
      <trkpt lat="50.007663000" lon="7.700287000">
        <ele>425.4</ele>
      </trkpt>
      <trkpt lat="50.007643000" lon="7.700328000">
        <ele>425.6</ele>
      </trkpt>
      <trkpt lat="50.007632000" lon="7.700352000">
        <ele>425.6</ele>
      </trkpt>
      <trkpt lat="50.007605000" lon="7.700392000">
        <ele>425.4</ele>
      </trkpt>
      <trkpt lat="50.007590000" lon="7.700415000">
        <ele>425.4</ele>
      </trkpt>
      <trkpt lat="50.007580000" lon="7.700440000">
        <ele>425.4</ele>
      </trkpt>
      <trkpt lat="50.007567000" lon="7.700465000">
        <ele>425.4</ele>
      </trkpt>
      <trkpt lat="50.007558000" lon="7.700510000">
        <ele>425.4</ele>
      </trkpt>
      <trkpt lat="50.007542000" lon="7.700553000">
        <ele>425.2</ele>
      </trkpt>
      <trkpt lat="50.007528000" lon="7.700577000">
        <ele>425.4</ele>
      </trkpt>
      <trkpt lat="50.007510000" lon="7.700603000">
        <ele>425.4</ele>
      </trkpt>
      <trkpt lat="50.007490000" lon="7.700633000">
        <ele>425.4</ele>
      </trkpt>
      <trkpt lat="50.007480000" lon="7.700662000">
        <ele>425.6</ele>
      </trkpt>
      <trkpt lat="50.007468000" lon="7.700695000">
        <ele>425.6</ele>
      </trkpt>
      <trkpt lat="50.007448000" lon="7.700737000">
        <ele>426.0</ele>
      </trkpt>
      <trkpt lat="50.007440000" lon="7.700760000">
        <ele>426.0</ele>
      </trkpt>
      <trkpt lat="50.007427000" lon="7.700783000">
        <ele>426.2</ele>
      </trkpt>
      <trkpt lat="50.007413000" lon="7.700805000">
        <ele>426.4</ele>
      </trkpt>
      <trkpt lat="50.007395000" lon="7.700853000">
        <ele>426.6</ele>
      </trkpt>
      <trkpt lat="50.007372000" lon="7.700900000">
        <ele>426.8</ele>
      </trkpt>
      <trkpt lat="50.007360000" lon="7.700930000">
        <ele>427.0</ele>
      </trkpt>
      <trkpt lat="50.007347000" lon="7.700960000">
        <ele>427.0</ele>
      </trkpt>
      <trkpt lat="50.007333000" lon="7.700987000">
        <ele>427.2</ele>
      </trkpt>
      <trkpt lat="50.007315000" lon="7.701028000">
        <ele>427.6</ele>
      </trkpt>
      <trkpt lat="50.007295000" lon="7.701075000">
        <ele>427.8</ele>
      </trkpt>
      <trkpt lat="50.007282000" lon="7.701113000">
        <ele>428.0</ele>
      </trkpt>
      <trkpt lat="50.007270000" lon="7.701148000">
        <ele>428.4</ele>
      </trkpt>
      <trkpt lat="50.007260000" lon="7.701180000">
        <ele>428.4</ele>
      </trkpt>
      <trkpt lat="50.007250000" lon="7.701220000">
        <ele>428.6</ele>
      </trkpt>
      <trkpt lat="50.007228000" lon="7.701267000">
        <ele>428.8</ele>
      </trkpt>
      <trkpt lat="50.007215000" lon="7.701293000">
        <ele>428.8</ele>
      </trkpt>
      <trkpt lat="50.007197000" lon="7.701335000">
        <ele>429.0</ele>
      </trkpt>
      <trkpt lat="50.007170000" lon="7.701375000">
        <ele>429.0</ele>
      </trkpt>
      <trkpt lat="50.007155000" lon="7.701397000">
        <ele>429.0</ele>
      </trkpt>
      <trkpt lat="50.007132000" lon="7.701437000">
        <ele>429.0</ele>
      </trkpt>
      <trkpt lat="50.007113000" lon="7.701480000">
        <ele>429.0</ele>
      </trkpt>
      <trkpt lat="50.007093000" lon="7.701518000">
        <ele>429.0</ele>
      </trkpt>
      <trkpt lat="50.007080000" lon="7.701538000">
        <ele>429.0</ele>
      </trkpt>
      <trkpt lat="50.007065000" lon="7.701553000">
        <ele>428.8</ele>
      </trkpt>
      <trkpt lat="50.007048000" lon="7.701577000">
        <ele>428.8</ele>
      </trkpt>
      <trkpt lat="50.007023000" lon="7.701600000">
        <ele>428.6</ele>
      </trkpt>
      <trkpt lat="50.007007000" lon="7.701618000">
        <ele>428.6</ele>
      </trkpt>
      <trkpt lat="50.006992000" lon="7.701637000">
        <ele>428.8</ele>
      </trkpt>
      <trkpt lat="50.006975000" lon="7.701655000">
        <ele>428.8</ele>
      </trkpt>
      <trkpt lat="50.006950000" lon="7.701693000">
        <ele>429.0</ele>
      </trkpt>
      <trkpt lat="50.006933000" lon="7.701712000">
        <ele>429.0</ele>
      </trkpt>
      <trkpt lat="50.006923000" lon="7.701747000">
        <ele>429.2</ele>
      </trkpt>
      <trkpt lat="50.006915000" lon="7.701788000">
        <ele>429.2</ele>
      </trkpt>
      <trkpt lat="50.006905000" lon="7.701823000">
        <ele>429.2</ele>
      </trkpt>
      <trkpt lat="50.006892000" lon="7.701855000">
        <ele>429.2</ele>
      </trkpt>
      <trkpt lat="50.006882000" lon="7.701888000">
        <ele>429.2</ele>
      </trkpt>
      <trkpt lat="50.006867000" lon="7.701930000">
        <ele>429.2</ele>
      </trkpt>
      <trkpt lat="50.006853000" lon="7.701953000">
        <ele>429.2</ele>
      </trkpt>
      <trkpt lat="50.006843000" lon="7.701978000">
        <ele>429.2</ele>
      </trkpt>
      <trkpt lat="50.006835000" lon="7.702002000">
        <ele>429.2</ele>
      </trkpt>
      <trkpt lat="50.006825000" lon="7.702027000">
        <ele>429.2</ele>
      </trkpt>
      <trkpt lat="50.006815000" lon="7.702052000">
        <ele>429.4</ele>
      </trkpt>
      <trkpt lat="50.006805000" lon="7.702078000">
        <ele>429.6</ele>
      </trkpt>
      <trkpt lat="50.006797000" lon="7.702103000">
        <ele>429.8</ele>
      </trkpt>
      <trkpt lat="50.006790000" lon="7.702132000">
        <ele>429.8</ele>
      </trkpt>
      <trkpt lat="50.006777000" lon="7.702155000">
        <ele>430.0</ele>
      </trkpt>
      <trkpt lat="50.006763000" lon="7.702200000">
        <ele>430.4</ele>
      </trkpt>
      <trkpt lat="50.006745000" lon="7.702237000">
        <ele>430.6</ele>
      </trkpt>
      <trkpt lat="50.006720000" lon="7.702285000">
        <ele>430.8</ele>
      </trkpt>
      <trkpt lat="50.006707000" lon="7.702337000">
        <ele>431.0</ele>
      </trkpt>
      <trkpt lat="50.006693000" lon="7.702362000">
        <ele>431.2</ele>
      </trkpt>
      <trkpt lat="50.006683000" lon="7.702387000">
        <ele>431.2</ele>
      </trkpt>
      <trkpt lat="50.006668000" lon="7.702415000">
        <ele>431.4</ele>
      </trkpt>
      <trkpt lat="50.006652000" lon="7.702440000">
        <ele>431.4</ele>
      </trkpt>
      <trkpt lat="50.006637000" lon="7.702460000">
        <ele>431.6</ele>
      </trkpt>
      <trkpt lat="50.006627000" lon="7.702485000">
        <ele>431.8</ele>
      </trkpt>
      <trkpt lat="50.006613000" lon="7.702508000">
        <ele>431.8</ele>
      </trkpt>
      <trkpt lat="50.006598000" lon="7.702542000">
        <ele>432.0</ele>
      </trkpt>
      <trkpt lat="50.006585000" lon="7.702580000">
        <ele>432.2</ele>
      </trkpt>
      <trkpt lat="50.006572000" lon="7.702600000">
        <ele>432.4</ele>
      </trkpt>
      <trkpt lat="50.006557000" lon="7.702625000">
        <ele>432.4</ele>
      </trkpt>
      <trkpt lat="50.006540000" lon="7.702653000">
        <ele>432.4</ele>
      </trkpt>
      <trkpt lat="50.006527000" lon="7.702680000">
        <ele>432.6</ele>
      </trkpt>
      <trkpt lat="50.006515000" lon="7.702702000">
        <ele>432.6</ele>
      </trkpt>
      <trkpt lat="50.006495000" lon="7.702750000">
        <ele>433.0</ele>
      </trkpt>
      <trkpt lat="50.006480000" lon="7.702798000">
        <ele>433.2</ele>
      </trkpt>
      <trkpt lat="50.006473000" lon="7.702828000">
        <ele>433.2</ele>
      </trkpt>
      <trkpt lat="50.006457000" lon="7.702858000">
        <ele>433.4</ele>
      </trkpt>
      <trkpt lat="50.006450000" lon="7.702885000">
        <ele>433.4</ele>
      </trkpt>
      <trkpt lat="50.006432000" lon="7.702930000">
        <ele>433.6</ele>
      </trkpt>
      <trkpt lat="50.006418000" lon="7.702953000">
        <ele>433.8</ele>
      </trkpt>
      <trkpt lat="50.006397000" lon="7.703003000">
        <ele>434.0</ele>
      </trkpt>
      <trkpt lat="50.006387000" lon="7.703033000">
        <ele>434.0</ele>
      </trkpt>
      <trkpt lat="50.006370000" lon="7.703055000">
        <ele>434.2</ele>
      </trkpt>
      <trkpt lat="50.006360000" lon="7.703080000">
        <ele>434.4</ele>
      </trkpt>
      <trkpt lat="50.006342000" lon="7.703117000">
        <ele>434.6</ele>
      </trkpt>
      <trkpt lat="50.006322000" lon="7.703157000">
        <ele>434.8</ele>
      </trkpt>
      <trkpt lat="50.006310000" lon="7.703192000">
        <ele>435.0</ele>
      </trkpt>
      <trkpt lat="50.006297000" lon="7.703217000">
        <ele>435.0</ele>
      </trkpt>
      <trkpt lat="50.006278000" lon="7.703243000">
        <ele>435.2</ele>
      </trkpt>
      <trkpt lat="50.006262000" lon="7.703275000">
        <ele>435.4</ele>
      </trkpt>
      <trkpt lat="50.006240000" lon="7.703297000">
        <ele>435.4</ele>
      </trkpt>
      <trkpt lat="50.006223000" lon="7.703318000">
        <ele>435.4</ele>
      </trkpt>
      <trkpt lat="50.006217000" lon="7.703350000">
        <ele>435.4</ele>
      </trkpt>
      <trkpt lat="50.006207000" lon="7.703377000">
        <ele>435.6</ele>
      </trkpt>
      <trkpt lat="50.006207000" lon="7.703418000">
        <ele>435.6</ele>
      </trkpt>
      <trkpt lat="50.006200000" lon="7.703450000">
        <ele>435.8</ele>
      </trkpt>
      <trkpt lat="50.006198000" lon="7.703480000">
        <ele>436.0</ele>
      </trkpt>
      <trkpt lat="50.006195000" lon="7.703512000">
        <ele>436.2</ele>
      </trkpt>
      <trkpt lat="50.006182000" lon="7.703532000">
        <ele>436.4</ele>
      </trkpt>
      <trkpt lat="50.006178000" lon="7.703568000">
        <ele>436.8</ele>
      </trkpt>
      <trkpt lat="50.006182000" lon="7.703605000">
        <ele>437.2</ele>
      </trkpt>
      <trkpt lat="50.006168000" lon="7.703625000">
        <ele>437.4</ele>
      </trkpt>
      <trkpt lat="50.006143000" lon="7.703673000">
        <ele>438.2</ele>
      </trkpt>
      <trkpt lat="50.006133000" lon="7.703698000">
        <ele>438.4</ele>
      </trkpt>
      <trkpt lat="50.006120000" lon="7.703723000">
        <ele>439.0</ele>
      </trkpt>
      <trkpt lat="50.006102000" lon="7.703745000">
        <ele>439.6</ele>
      </trkpt>
      <trkpt lat="50.006077000" lon="7.703780000">
        <ele>439.8</ele>
      </trkpt>
      <trkpt lat="50.006053000" lon="7.703803000">
        <ele>440.4</ele>
      </trkpt>
      <trkpt lat="50.006050000" lon="7.703833000">
        <ele>441.4</ele>
      </trkpt>
      <trkpt lat="50.006038000" lon="7.703862000">
        <ele>442.2</ele>
      </trkpt>
      <trkpt lat="50.006028000" lon="7.703897000">
        <ele>443.0</ele>
      </trkpt>
      <trkpt lat="50.006018000" lon="7.703925000">
        <ele>443.4</ele>
      </trkpt>
      <trkpt lat="50.006012000" lon="7.703957000">
        <ele>444.6</ele>
      </trkpt>
      <trkpt lat="50.005997000" lon="7.703980000">
        <ele>445.4</ele>
      </trkpt>
      <trkpt lat="50.005980000" lon="7.704005000">
        <ele>446.4</ele>
      </trkpt>
      <trkpt lat="50.005960000" lon="7.704027000">
        <ele>447.0</ele>
      </trkpt>
      <trkpt lat="50.005942000" lon="7.704060000">
        <ele>447.6</ele>
      </trkpt>
      <trkpt lat="50.005922000" lon="7.704078000">
        <ele>447.8</ele>
      </trkpt>
      <trkpt lat="50.005903000" lon="7.704098000">
        <ele>448.2</ele>
      </trkpt>
      <trkpt lat="50.005890000" lon="7.704122000">
        <ele>448.6</ele>
      </trkpt>
      <trkpt lat="50.005875000" lon="7.704147000">
        <ele>449.0</ele>
      </trkpt>
      <trkpt lat="50.005862000" lon="7.704177000">
        <ele>449.4</ele>
      </trkpt>
      <trkpt lat="50.005845000" lon="7.704212000">
        <ele>450.0</ele>
      </trkpt>
      <trkpt lat="50.005833000" lon="7.704240000">
        <ele>450.4</ele>
      </trkpt>
      <trkpt lat="50.005810000" lon="7.704272000">
        <ele>450.8</ele>
      </trkpt>
      <trkpt lat="50.005785000" lon="7.704303000">
        <ele>451.2</ele>
      </trkpt>
      <trkpt lat="50.005762000" lon="7.704340000">
        <ele>451.6</ele>
      </trkpt>
      <trkpt lat="50.005743000" lon="7.704375000">
        <ele>452.0</ele>
      </trkpt>
      <trkpt lat="50.005730000" lon="7.704410000">
        <ele>452.4</ele>
      </trkpt>
      <trkpt lat="50.005718000" lon="7.704442000">
        <ele>452.8</ele>
      </trkpt>
      <trkpt lat="50.005705000" lon="7.704478000">
        <ele>453.0</ele>
      </trkpt>
      <trkpt lat="50.005698000" lon="7.704513000">
        <ele>453.4</ele>
      </trkpt>
      <trkpt lat="50.005682000" lon="7.704547000">
        <ele>453.8</ele>
      </trkpt>
      <trkpt lat="50.005667000" lon="7.704577000">
        <ele>454.2</ele>
      </trkpt>
      <trkpt lat="50.005657000" lon="7.704608000">
        <ele>454.6</ele>
      </trkpt>
      <trkpt lat="50.005643000" lon="7.704640000">
        <ele>454.8</ele>
      </trkpt>
      <trkpt lat="50.005635000" lon="7.704675000">
        <ele>455.2</ele>
      </trkpt>
      <trkpt lat="50.005622000" lon="7.704705000">
        <ele>455.6</ele>
      </trkpt>
      <trkpt lat="50.005605000" lon="7.704733000">
        <ele>456.0</ele>
      </trkpt>
      <trkpt lat="50.005597000" lon="7.704760000">
        <ele>456.2</ele>
      </trkpt>
      <trkpt lat="50.005580000" lon="7.704787000">
        <ele>456.6</ele>
      </trkpt>
      <trkpt lat="50.005573000" lon="7.704817000">
        <ele>457.0</ele>
      </trkpt>
      <trkpt lat="50.005560000" lon="7.704855000">
        <ele>457.4</ele>
      </trkpt>
      <trkpt lat="50.005558000" lon="7.704892000">
        <ele>457.8</ele>
      </trkpt>
      <trkpt lat="50.005545000" lon="7.704928000">
        <ele>458.0</ele>
      </trkpt>
      <trkpt lat="50.005532000" lon="7.704958000">
        <ele>458.4</ele>
      </trkpt>
      <trkpt lat="50.005517000" lon="7.704995000">
        <ele>458.8</ele>
      </trkpt>
      <trkpt lat="50.005507000" lon="7.705028000">
        <ele>459.2</ele>
      </trkpt>
      <trkpt lat="50.005500000" lon="7.705058000">
        <ele>459.4</ele>
      </trkpt>
      <trkpt lat="50.005487000" lon="7.705082000">
        <ele>459.8</ele>
      </trkpt>
      <trkpt lat="50.005458000" lon="7.705113000">
        <ele>460.4</ele>
      </trkpt>
      <trkpt lat="50.005445000" lon="7.705135000">
        <ele>461.4</ele>
      </trkpt>
      <trkpt lat="50.005437000" lon="7.705170000">
        <ele>462.2</ele>
      </trkpt>
      <trkpt lat="50.005423000" lon="7.705200000">
        <ele>462.8</ele>
      </trkpt>
      <trkpt lat="50.005413000" lon="7.705233000">
        <ele>463.2</ele>
      </trkpt>
      <trkpt lat="50.005400000" lon="7.705260000">
        <ele>463.6</ele>
      </trkpt>
      <trkpt lat="50.005378000" lon="7.705288000">
        <ele>463.8</ele>
      </trkpt>
      <trkpt lat="50.005357000" lon="7.705318000">
        <ele>464.2</ele>
      </trkpt>
      <trkpt lat="50.005337000" lon="7.705352000">
        <ele>464.4</ele>
      </trkpt>
      <trkpt lat="50.005320000" lon="7.705368000">
        <ele>464.6</ele>
      </trkpt>
      <trkpt lat="50.005305000" lon="7.705393000">
        <ele>465.0</ele>
      </trkpt>
      <trkpt lat="50.005282000" lon="7.705433000">
        <ele>465.2</ele>
      </trkpt>
      <trkpt lat="50.005267000" lon="7.705467000">
        <ele>465.4</ele>
      </trkpt>
      <trkpt lat="50.005257000" lon="7.705515000">
        <ele>465.6</ele>
      </trkpt>
      <trkpt lat="50.005238000" lon="7.705558000">
        <ele>465.6</ele>
      </trkpt>
      <trkpt lat="50.005222000" lon="7.705580000">
        <ele>465.8</ele>
      </trkpt>
      <trkpt lat="50.005197000" lon="7.705612000">
        <ele>465.8</ele>
      </trkpt>
      <trkpt lat="50.005170000" lon="7.705628000">
        <ele>465.6</ele>
      </trkpt>
      <trkpt lat="50.005160000" lon="7.705660000">
        <ele>465.4</ele>
      </trkpt>
      <trkpt lat="50.005148000" lon="7.705688000">
        <ele>465.4</ele>
      </trkpt>
      <trkpt lat="50.005125000" lon="7.705722000">
        <ele>465.4</ele>
      </trkpt>
      <trkpt lat="50.005117000" lon="7.705750000">
        <ele>465.2</ele>
      </trkpt>
      <trkpt lat="50.005097000" lon="7.705773000">
        <ele>465.2</ele>
      </trkpt>
      <trkpt lat="50.005078000" lon="7.705802000">
        <ele>465.2</ele>
      </trkpt>
      <trkpt lat="50.005058000" lon="7.705835000">
        <ele>465.2</ele>
      </trkpt>
      <trkpt lat="50.005042000" lon="7.705862000">
        <ele>465.2</ele>
      </trkpt>
      <trkpt lat="50.005017000" lon="7.705893000">
        <ele>465.4</ele>
      </trkpt>
      <trkpt lat="50.005000000" lon="7.705913000">
        <ele>465.4</ele>
      </trkpt>
      <trkpt lat="50.004985000" lon="7.705933000">
        <ele>465.4</ele>
      </trkpt>
      <trkpt lat="50.004972000" lon="7.705955000">
        <ele>465.4</ele>
      </trkpt>
      <trkpt lat="50.004947000" lon="7.706002000">
        <ele>465.6</ele>
      </trkpt>
      <trkpt lat="50.004930000" lon="7.706028000">
        <ele>465.8</ele>
      </trkpt>
      <trkpt lat="50.004918000" lon="7.706048000">
        <ele>465.8</ele>
      </trkpt>
      <trkpt lat="50.004888000" lon="7.706093000">
        <ele>466.0</ele>
      </trkpt>
      <trkpt lat="50.004873000" lon="7.706118000">
        <ele>466.0</ele>
      </trkpt>
      <trkpt lat="50.004860000" lon="7.706155000">
        <ele>466.2</ele>
      </trkpt>
      <trkpt lat="50.004847000" lon="7.706178000">
        <ele>466.2</ele>
      </trkpt>
      <trkpt lat="50.004832000" lon="7.706202000">
        <ele>466.4</ele>
      </trkpt>
      <trkpt lat="50.004812000" lon="7.706250000">
        <ele>466.6</ele>
      </trkpt>
      <trkpt lat="50.004805000" lon="7.706282000">
        <ele>466.6</ele>
      </trkpt>
      <trkpt lat="50.004802000" lon="7.706312000">
        <ele>466.4</ele>
      </trkpt>
      <trkpt lat="50.004800000" lon="7.706372000">
        <ele>466.4</ele>
      </trkpt>
      <trkpt lat="50.004790000" lon="7.706408000">
        <ele>466.4</ele>
      </trkpt>
      <trkpt lat="50.004780000" lon="7.706440000">
        <ele>466.4</ele>
      </trkpt>
      <trkpt lat="50.004770000" lon="7.706470000">
        <ele>466.4</ele>
      </trkpt>
      <trkpt lat="50.004760000" lon="7.706500000">
        <ele>466.4</ele>
      </trkpt>
      <trkpt lat="50.004752000" lon="7.706527000">
        <ele>466.4</ele>
      </trkpt>
      <trkpt lat="50.004738000" lon="7.706558000">
        <ele>466.4</ele>
      </trkpt>
      <trkpt lat="50.004722000" lon="7.706587000">
        <ele>466.4</ele>
      </trkpt>
      <trkpt lat="50.004707000" lon="7.706610000">
        <ele>466.4</ele>
      </trkpt>
      <trkpt lat="50.004687000" lon="7.706652000">
        <ele>466.4</ele>
      </trkpt>
      <trkpt lat="50.004652000" lon="7.706692000">
        <ele>466.4</ele>
      </trkpt>
      <trkpt lat="50.004640000" lon="7.706715000">
        <ele>466.6</ele>
      </trkpt>
      <trkpt lat="50.004627000" lon="7.706740000">
        <ele>466.6</ele>
      </trkpt>
      <trkpt lat="50.004623000" lon="7.706773000">
        <ele>466.6</ele>
      </trkpt>
      <trkpt lat="50.004613000" lon="7.706807000">
        <ele>466.6</ele>
      </trkpt>
      <trkpt lat="50.004607000" lon="7.706838000">
        <ele>466.6</ele>
      </trkpt>
      <trkpt lat="50.004588000" lon="7.706882000">
        <ele>466.8</ele>
      </trkpt>
      <trkpt lat="50.004572000" lon="7.706930000">
        <ele>466.8</ele>
      </trkpt>
      <trkpt lat="50.004553000" lon="7.706980000">
        <ele>466.8</ele>
      </trkpt>
      <trkpt lat="50.004547000" lon="7.707007000">
        <ele>467.0</ele>
      </trkpt>
      <trkpt lat="50.004533000" lon="7.707035000">
        <ele>467.0</ele>
      </trkpt>
      <trkpt lat="50.004515000" lon="7.707077000">
        <ele>467.0</ele>
      </trkpt>
      <trkpt lat="50.004508000" lon="7.707102000">
        <ele>467.0</ele>
      </trkpt>
      <trkpt lat="50.004505000" lon="7.707155000">
        <ele>467.0</ele>
      </trkpt>
      <trkpt lat="50.004508000" lon="7.707182000">
        <ele>467.0</ele>
      </trkpt>
      <trkpt lat="50.004492000" lon="7.707230000">
        <ele>467.0</ele>
      </trkpt>
      <trkpt lat="50.004480000" lon="7.707258000">
        <ele>467.0</ele>
      </trkpt>
      <trkpt lat="50.004463000" lon="7.707287000">
        <ele>467.2</ele>
      </trkpt>
      <trkpt lat="50.004447000" lon="7.707310000">
        <ele>467.2</ele>
      </trkpt>
      <trkpt lat="50.004435000" lon="7.707333000">
        <ele>467.4</ele>
      </trkpt>
      <trkpt lat="50.004425000" lon="7.707360000">
        <ele>467.4</ele>
      </trkpt>
      <trkpt lat="50.004415000" lon="7.707385000">
        <ele>467.6</ele>
      </trkpt>
      <trkpt lat="50.004408000" lon="7.707428000">
        <ele>467.8</ele>
      </trkpt>
      <trkpt lat="50.004393000" lon="7.707455000">
        <ele>467.8</ele>
      </trkpt>
      <trkpt lat="50.004373000" lon="7.707497000">
        <ele>468.0</ele>
      </trkpt>
      <trkpt lat="50.004363000" lon="7.707537000">
        <ele>468.2</ele>
      </trkpt>
      <trkpt lat="50.004352000" lon="7.707558000">
        <ele>468.2</ele>
      </trkpt>
      <trkpt lat="50.004328000" lon="7.707595000">
        <ele>468.4</ele>
      </trkpt>
      <trkpt lat="50.004307000" lon="7.707633000">
        <ele>468.8</ele>
      </trkpt>
      <trkpt lat="50.004290000" lon="7.707647000">
        <ele>468.8</ele>
      </trkpt>
      <trkpt lat="50.004272000" lon="7.707682000">
        <ele>469.2</ele>
      </trkpt>
      <trkpt lat="50.004245000" lon="7.707720000">
        <ele>469.6</ele>
      </trkpt>
      <trkpt lat="50.004223000" lon="7.707763000">
        <ele>470.0</ele>
      </trkpt>
      <trkpt lat="50.004210000" lon="7.707788000">
        <ele>470.2</ele>
      </trkpt>
      <trkpt lat="50.004198000" lon="7.707817000">
        <ele>470.4</ele>
      </trkpt>
      <trkpt lat="50.004192000" lon="7.707843000">
        <ele>470.4</ele>
      </trkpt>
      <trkpt lat="50.004182000" lon="7.707873000">
        <ele>470.6</ele>
      </trkpt>
      <trkpt lat="50.004168000" lon="7.707920000">
        <ele>471.0</ele>
      </trkpt>
      <trkpt lat="50.004162000" lon="7.707970000">
        <ele>471.2</ele>
      </trkpt>
      <trkpt lat="50.004153000" lon="7.707997000">
        <ele>471.4</ele>
      </trkpt>
      <trkpt lat="50.004133000" lon="7.708047000">
        <ele>471.6</ele>
      </trkpt>
      <trkpt lat="50.004123000" lon="7.708077000">
        <ele>471.8</ele>
      </trkpt>
      <trkpt lat="50.004112000" lon="7.708102000">
        <ele>471.8</ele>
      </trkpt>
      <trkpt lat="50.004098000" lon="7.708128000">
        <ele>472.0</ele>
      </trkpt>
      <trkpt lat="50.004092000" lon="7.708175000">
        <ele>472.2</ele>
      </trkpt>
      <trkpt lat="50.004082000" lon="7.708205000">
        <ele>472.2</ele>
      </trkpt>
      <trkpt lat="50.004077000" lon="7.708237000">
        <ele>472.4</ele>
      </trkpt>
      <trkpt lat="50.004067000" lon="7.708262000">
        <ele>472.4</ele>
      </trkpt>
      <trkpt lat="50.004057000" lon="7.708313000">
        <ele>472.6</ele>
      </trkpt>
      <trkpt lat="50.004050000" lon="7.708357000">
        <ele>473.0</ele>
      </trkpt>
      <trkpt lat="50.004038000" lon="7.708392000">
        <ele>473.2</ele>
      </trkpt>
      <trkpt lat="50.004025000" lon="7.708423000">
        <ele>473.4</ele>
      </trkpt>
      <trkpt lat="50.004015000" lon="7.708462000">
        <ele>473.8</ele>
      </trkpt>
      <trkpt lat="50.004005000" lon="7.708488000">
        <ele>474.0</ele>
      </trkpt>
      <trkpt lat="50.003993000" lon="7.708513000">
        <ele>474.2</ele>
      </trkpt>
      <trkpt lat="50.003973000" lon="7.708557000">
        <ele>474.6</ele>
      </trkpt>
      <trkpt lat="50.003967000" lon="7.708582000">
        <ele>474.6</ele>
      </trkpt>
      <trkpt lat="50.003955000" lon="7.708625000">
        <ele>475.0</ele>
      </trkpt>
      <trkpt lat="50.003945000" lon="7.708650000">
        <ele>475.2</ele>
      </trkpt>
      <trkpt lat="50.003928000" lon="7.708698000">
        <ele>475.4</ele>
      </trkpt>
      <trkpt lat="50.003917000" lon="7.708722000">
        <ele>475.6</ele>
      </trkpt>
      <trkpt lat="50.003903000" lon="7.708767000">
        <ele>476.0</ele>
      </trkpt>
      <trkpt lat="50.003893000" lon="7.708792000">
        <ele>476.0</ele>
      </trkpt>
      <trkpt lat="50.003883000" lon="7.708817000">
        <ele>476.2</ele>
      </trkpt>
      <trkpt lat="50.003872000" lon="7.708840000">
        <ele>476.4</ele>
      </trkpt>
      <trkpt lat="50.003858000" lon="7.708900000">
        <ele>476.6</ele>
      </trkpt>
      <trkpt lat="50.003848000" lon="7.708933000">
        <ele>476.6</ele>
      </trkpt>
      <trkpt lat="50.003845000" lon="7.708960000">
        <ele>476.6</ele>
      </trkpt>
      <trkpt lat="50.003845000" lon="7.708990000">
        <ele>476.6</ele>
      </trkpt>
      <trkpt lat="50.003830000" lon="7.709040000">
        <ele>476.6</ele>
      </trkpt>
      <trkpt lat="50.003817000" lon="7.709082000">
        <ele>476.8</ele>
      </trkpt>
      <trkpt lat="50.003803000" lon="7.709127000">
        <ele>476.8</ele>
      </trkpt>
      <trkpt lat="50.003795000" lon="7.709152000">
        <ele>476.8</ele>
      </trkpt>
      <trkpt lat="50.003788000" lon="7.709180000">
        <ele>476.8</ele>
      </trkpt>
      <trkpt lat="50.003778000" lon="7.709203000">
        <ele>477.0</ele>
      </trkpt>
      <trkpt lat="50.003765000" lon="7.709250000">
        <ele>477.0</ele>
      </trkpt>
      <trkpt lat="50.003750000" lon="7.709270000">
        <ele>477.0</ele>
      </trkpt>
      <trkpt lat="50.003737000" lon="7.709307000">
        <ele>477.0</ele>
      </trkpt>
      <trkpt lat="50.003720000" lon="7.709347000">
        <ele>477.0</ele>
      </trkpt>
      <trkpt lat="50.003718000" lon="7.709400000">
        <ele>476.8</ele>
      </trkpt>
      <trkpt lat="50.003718000" lon="7.709440000">
        <ele>476.8</ele>
      </trkpt>
      <trkpt lat="50.003712000" lon="7.709477000">
        <ele>476.8</ele>
      </trkpt>
      <trkpt lat="50.003705000" lon="7.709508000">
        <ele>476.8</ele>
      </trkpt>
      <trkpt lat="50.003692000" lon="7.709555000">
        <ele>476.6</ele>
      </trkpt>
      <trkpt lat="50.003673000" lon="7.709600000">
        <ele>476.6</ele>
      </trkpt>
      <trkpt lat="50.003657000" lon="7.709650000">
        <ele>476.6</ele>
      </trkpt>
      <trkpt lat="50.003647000" lon="7.709677000">
        <ele>476.6</ele>
      </trkpt>
      <trkpt lat="50.003635000" lon="7.709698000">
        <ele>476.6</ele>
      </trkpt>
      <trkpt lat="50.003615000" lon="7.709722000">
        <ele>476.4</ele>
      </trkpt>
      <trkpt lat="50.003600000" lon="7.709750000">
        <ele>476.4</ele>
      </trkpt>
      <trkpt lat="50.003590000" lon="7.709778000">
        <ele>476.4</ele>
      </trkpt>
      <trkpt lat="50.003573000" lon="7.709805000">
        <ele>476.4</ele>
      </trkpt>
      <trkpt lat="50.003570000" lon="7.709855000">
        <ele>476.4</ele>
      </trkpt>
      <trkpt lat="50.003560000" lon="7.709902000">
        <ele>476.4</ele>
      </trkpt>
      <trkpt lat="50.003552000" lon="7.709928000">
        <ele>476.4</ele>
      </trkpt>
      <trkpt lat="50.003535000" lon="7.709955000">
        <ele>476.2</ele>
      </trkpt>
      <trkpt lat="50.003522000" lon="7.709985000">
        <ele>476.2</ele>
      </trkpt>
      <trkpt lat="50.003513000" lon="7.710022000">
        <ele>476.2</ele>
      </trkpt>
      <trkpt lat="50.003500000" lon="7.710050000">
        <ele>476.2</ele>
      </trkpt>
      <trkpt lat="50.003490000" lon="7.710100000">
        <ele>476.2</ele>
      </trkpt>
      <trkpt lat="50.003480000" lon="7.710128000">
        <ele>476.2</ele>
      </trkpt>
      <trkpt lat="50.003475000" lon="7.710157000">
        <ele>476.2</ele>
      </trkpt>
      <trkpt lat="50.003462000" lon="7.710178000">
        <ele>476.2</ele>
      </trkpt>
      <trkpt lat="50.003448000" lon="7.710198000">
        <ele>476.2</ele>
      </trkpt>
      <trkpt lat="50.003440000" lon="7.710222000">
        <ele>476.2</ele>
      </trkpt>
      <trkpt lat="50.003430000" lon="7.710262000">
        <ele>476.0</ele>
      </trkpt>
      <trkpt lat="50.003420000" lon="7.710288000">
        <ele>476.0</ele>
      </trkpt>
      <trkpt lat="50.003413000" lon="7.710333000">
        <ele>476.0</ele>
      </trkpt>
      <trkpt lat="50.003400000" lon="7.710358000">
        <ele>476.0</ele>
      </trkpt>
      <trkpt lat="50.003378000" lon="7.710405000">
        <ele>476.2</ele>
      </trkpt>
      <trkpt lat="50.003360000" lon="7.710455000">
        <ele>476.4</ele>
      </trkpt>
      <trkpt lat="50.003350000" lon="7.710480000">
        <ele>476.6</ele>
      </trkpt>
      <trkpt lat="50.003337000" lon="7.710518000">
        <ele>476.6</ele>
      </trkpt>
      <trkpt lat="50.003327000" lon="7.710557000">
        <ele>476.8</ele>
      </trkpt>
      <trkpt lat="50.003312000" lon="7.710578000">
        <ele>477.0</ele>
      </trkpt>
      <trkpt lat="50.003282000" lon="7.710613000">
        <ele>477.0</ele>
      </trkpt>
      <trkpt lat="50.003260000" lon="7.710652000">
        <ele>477.2</ele>
      </trkpt>
      <trkpt lat="50.003240000" lon="7.710670000">
        <ele>477.2</ele>
      </trkpt>
      <trkpt lat="50.003222000" lon="7.710685000">
        <ele>477.4</ele>
      </trkpt>
      <trkpt lat="50.003197000" lon="7.710718000">
        <ele>477.4</ele>
      </trkpt>
      <trkpt lat="50.003180000" lon="7.710733000">
        <ele>477.4</ele>
      </trkpt>
      <trkpt lat="50.003145000" lon="7.710760000">
        <ele>477.4</ele>
      </trkpt>
      <trkpt lat="50.003132000" lon="7.710780000">
        <ele>477.4</ele>
      </trkpt>
      <trkpt lat="50.003120000" lon="7.710800000">
        <ele>477.4</ele>
      </trkpt>
      <trkpt lat="50.003097000" lon="7.710832000">
        <ele>477.4</ele>
      </trkpt>
      <trkpt lat="50.003075000" lon="7.710860000">
        <ele>477.2</ele>
      </trkpt>
      <trkpt lat="50.003058000" lon="7.710877000">
        <ele>477.2</ele>
      </trkpt>
      <trkpt lat="50.003037000" lon="7.710900000">
        <ele>477.4</ele>
      </trkpt>
      <trkpt lat="50.003010000" lon="7.710923000">
        <ele>477.4</ele>
      </trkpt>
      <trkpt lat="50.002995000" lon="7.710945000">
        <ele>477.4</ele>
      </trkpt>
      <trkpt lat="50.002975000" lon="7.710962000">
        <ele>477.4</ele>
      </trkpt>
      <trkpt lat="50.002957000" lon="7.710978000">
        <ele>477.4</ele>
      </trkpt>
      <trkpt lat="50.002937000" lon="7.710993000">
        <ele>477.6</ele>
      </trkpt>
      <trkpt lat="50.002920000" lon="7.711005000">
        <ele>477.6</ele>
      </trkpt>
      <trkpt lat="50.002902000" lon="7.711027000">
        <ele>477.6</ele>
      </trkpt>
      <trkpt lat="50.002885000" lon="7.711050000">
        <ele>477.8</ele>
      </trkpt>
      <trkpt lat="50.002867000" lon="7.711073000">
        <ele>477.8</ele>
      </trkpt>
      <trkpt lat="50.002840000" lon="7.711102000">
        <ele>477.8</ele>
      </trkpt>
      <trkpt lat="50.002818000" lon="7.711127000">
        <ele>477.8</ele>
      </trkpt>
      <trkpt lat="50.002800000" lon="7.711172000">
        <ele>478.0</ele>
      </trkpt>
      <trkpt lat="50.002787000" lon="7.711192000">
        <ele>478.0</ele>
      </trkpt>
      <trkpt lat="50.002773000" lon="7.711212000">
        <ele>478.2</ele>
      </trkpt>
      <trkpt lat="50.002748000" lon="7.711232000">
        <ele>478.2</ele>
      </trkpt>
      <trkpt lat="50.002732000" lon="7.711257000">
        <ele>478.4</ele>
      </trkpt>
      <trkpt lat="50.002717000" lon="7.711275000">
        <ele>478.6</ele>
      </trkpt>
      <trkpt lat="50.002697000" lon="7.711293000">
        <ele>478.6</ele>
      </trkpt>
      <trkpt lat="50.002680000" lon="7.711308000">
        <ele>478.8</ele>
      </trkpt>
      <trkpt lat="50.002665000" lon="7.711323000">
        <ele>478.8</ele>
      </trkpt>
      <trkpt lat="50.002640000" lon="7.711360000">
        <ele>478.8</ele>
      </trkpt>
      <trkpt lat="50.002617000" lon="7.711378000">
        <ele>478.8</ele>
      </trkpt>
      <trkpt lat="50.002600000" lon="7.711398000">
        <ele>478.8</ele>
      </trkpt>
      <trkpt lat="50.002588000" lon="7.711418000">
        <ele>479.0</ele>
      </trkpt>
      <trkpt lat="50.002565000" lon="7.711455000">
        <ele>479.2</ele>
      </trkpt>
      <trkpt lat="50.002547000" lon="7.711493000">
        <ele>479.6</ele>
      </trkpt>
      <trkpt lat="50.002527000" lon="7.711532000">
        <ele>480.0</ele>
      </trkpt>
      <trkpt lat="50.002498000" lon="7.711563000">
        <ele>480.4</ele>
      </trkpt>
      <trkpt lat="50.002480000" lon="7.711587000">
        <ele>480.6</ele>
      </trkpt>
      <trkpt lat="50.002467000" lon="7.711612000">
        <ele>480.8</ele>
      </trkpt>
      <trkpt lat="50.002443000" lon="7.711648000">
        <ele>481.0</ele>
      </trkpt>
      <trkpt lat="50.002425000" lon="7.711682000">
        <ele>481.2</ele>
      </trkpt>
      <trkpt lat="50.002408000" lon="7.711717000">
        <ele>481.6</ele>
      </trkpt>
      <trkpt lat="50.002387000" lon="7.711760000">
        <ele>481.8</ele>
      </trkpt>
      <trkpt lat="50.002363000" lon="7.711800000">
        <ele>482.2</ele>
      </trkpt>
      <trkpt lat="50.002348000" lon="7.711820000">
        <ele>482.2</ele>
      </trkpt>
      <trkpt lat="50.002342000" lon="7.711873000">
        <ele>482.6</ele>
      </trkpt>
      <trkpt lat="50.002335000" lon="7.711920000">
        <ele>482.8</ele>
      </trkpt>
      <trkpt lat="50.002325000" lon="7.711957000">
        <ele>483.0</ele>
      </trkpt>
      <trkpt lat="50.002322000" lon="7.711988000">
        <ele>483.0</ele>
      </trkpt>
      <trkpt lat="50.002303000" lon="7.712040000">
        <ele>483.2</ele>
      </trkpt>
      <trkpt lat="50.002287000" lon="7.712070000">
        <ele>483.2</ele>
      </trkpt>
      <trkpt lat="50.002280000" lon="7.712100000">
        <ele>483.4</ele>
      </trkpt>
      <trkpt lat="50.002268000" lon="7.712130000">
        <ele>483.6</ele>
      </trkpt>
      <trkpt lat="50.002258000" lon="7.712160000">
        <ele>483.6</ele>
      </trkpt>
      <trkpt lat="50.002245000" lon="7.712193000">
        <ele>483.8</ele>
      </trkpt>
      <trkpt lat="50.002242000" lon="7.712227000">
        <ele>484.0</ele>
      </trkpt>
      <trkpt lat="50.002230000" lon="7.712258000">
        <ele>484.2</ele>
      </trkpt>
      <trkpt lat="50.002220000" lon="7.712283000">
        <ele>484.2</ele>
      </trkpt>
      <trkpt lat="50.002203000" lon="7.712308000">
        <ele>484.4</ele>
      </trkpt>
      <trkpt lat="50.002185000" lon="7.712345000">
        <ele>484.4</ele>
      </trkpt>
      <trkpt lat="50.002168000" lon="7.712360000">
        <ele>484.4</ele>
      </trkpt>
      <trkpt lat="50.002160000" lon="7.712385000">
        <ele>484.6</ele>
      </trkpt>
      <trkpt lat="50.002143000" lon="7.712408000">
        <ele>484.6</ele>
      </trkpt>
      <trkpt lat="50.002130000" lon="7.712433000">
        <ele>484.6</ele>
      </trkpt>
      <trkpt lat="50.002112000" lon="7.712475000">
        <ele>484.6</ele>
      </trkpt>
      <trkpt lat="50.002085000" lon="7.712507000">
        <ele>484.6</ele>
      </trkpt>
      <trkpt lat="50.002060000" lon="7.712543000">
        <ele>484.6</ele>
      </trkpt>
      <trkpt lat="50.002043000" lon="7.712587000">
        <ele>484.4</ele>
      </trkpt>
      <trkpt lat="50.002028000" lon="7.712610000">
        <ele>484.4</ele>
      </trkpt>
      <trkpt lat="50.002002000" lon="7.712645000">
        <ele>484.4</ele>
      </trkpt>
      <trkpt lat="50.001987000" lon="7.712668000">
        <ele>484.2</ele>
      </trkpt>
      <trkpt lat="50.001967000" lon="7.712705000">
        <ele>484.2</ele>
      </trkpt>
      <trkpt lat="50.001952000" lon="7.712732000">
        <ele>484.0</ele>
      </trkpt>
      <trkpt lat="50.001925000" lon="7.712762000">
        <ele>484.0</ele>
      </trkpt>
      <trkpt lat="50.001903000" lon="7.712800000">
        <ele>483.8</ele>
      </trkpt>
      <trkpt lat="50.001887000" lon="7.712820000">
        <ele>483.8</ele>
      </trkpt>
      <trkpt lat="50.001868000" lon="7.712837000">
        <ele>483.8</ele>
      </trkpt>
      <trkpt lat="50.001852000" lon="7.712850000">
        <ele>484.0</ele>
      </trkpt>
      <trkpt lat="50.001833000" lon="7.712877000">
        <ele>484.0</ele>
      </trkpt>
      <trkpt lat="50.001820000" lon="7.712902000">
        <ele>484.0</ele>
      </trkpt>
      <trkpt lat="50.001795000" lon="7.712940000">
        <ele>484.0</ele>
      </trkpt>
      <trkpt lat="50.001778000" lon="7.712972000">
        <ele>483.8</ele>
      </trkpt>
      <trkpt lat="50.001753000" lon="7.713008000">
        <ele>483.8</ele>
      </trkpt>
      <trkpt lat="50.001730000" lon="7.713040000">
        <ele>483.6</ele>
      </trkpt>
      <trkpt lat="50.001712000" lon="7.713068000">
        <ele>483.4</ele>
      </trkpt>
      <trkpt lat="50.001692000" lon="7.713095000">
        <ele>483.2</ele>
      </trkpt>
      <trkpt lat="50.001682000" lon="7.713120000">
        <ele>483.0</ele>
      </trkpt>
      <trkpt lat="50.001673000" lon="7.713150000">
        <ele>482.8</ele>
      </trkpt>
      <trkpt lat="50.001653000" lon="7.713185000">
        <ele>482.6</ele>
      </trkpt>
      <trkpt lat="50.001640000" lon="7.713213000">
        <ele>482.6</ele>
      </trkpt>
      <trkpt lat="50.001625000" lon="7.713247000">
        <ele>482.6</ele>
      </trkpt>
      <trkpt lat="50.001612000" lon="7.713267000">
        <ele>482.6</ele>
      </trkpt>
      <trkpt lat="50.001597000" lon="7.713292000">
        <ele>482.8</ele>
      </trkpt>
      <trkpt lat="50.001587000" lon="7.713318000">
        <ele>482.6</ele>
      </trkpt>
      <trkpt lat="50.001570000" lon="7.713352000">
        <ele>482.6</ele>
      </trkpt>
      <trkpt lat="50.001552000" lon="7.713383000">
        <ele>482.6</ele>
      </trkpt>
      <trkpt lat="50.001532000" lon="7.713413000">
        <ele>482.6</ele>
      </trkpt>
      <trkpt lat="50.001525000" lon="7.713448000">
        <ele>482.6</ele>
      </trkpt>
      <trkpt lat="50.001517000" lon="7.713480000">
        <ele>482.6</ele>
      </trkpt>
      <trkpt lat="50.001503000" lon="7.713510000">
        <ele>482.6</ele>
      </trkpt>
      <trkpt lat="50.001490000" lon="7.713537000">
        <ele>482.6</ele>
      </trkpt>
      <trkpt lat="50.001475000" lon="7.713563000">
        <ele>482.6</ele>
      </trkpt>
      <trkpt lat="50.001465000" lon="7.713593000">
        <ele>482.6</ele>
      </trkpt>
      <trkpt lat="50.001452000" lon="7.713618000">
        <ele>482.8</ele>
      </trkpt>
      <trkpt lat="50.001455000" lon="7.713647000">
        <ele>482.8</ele>
      </trkpt>
      <trkpt lat="50.001448000" lon="7.713683000">
        <ele>483.0</ele>
      </trkpt>
      <trkpt lat="50.001448000" lon="7.713725000">
        <ele>483.0</ele>
      </trkpt>
      <trkpt lat="50.001437000" lon="7.713755000">
        <ele>483.2</ele>
      </trkpt>
      <trkpt lat="50.001417000" lon="7.713768000">
        <ele>483.2</ele>
      </trkpt>
      <trkpt lat="50.001398000" lon="7.713783000">
        <ele>483.4</ele>
      </trkpt>
      <trkpt lat="50.001385000" lon="7.713805000">
        <ele>483.4</ele>
      </trkpt>
      <trkpt lat="50.001372000" lon="7.713828000">
        <ele>484.0</ele>
      </trkpt>
      <trkpt lat="50.001353000" lon="7.713853000">
        <ele>484.2</ele>
      </trkpt>
      <trkpt lat="50.001337000" lon="7.713882000">
        <ele>484.2</ele>
      </trkpt>
      <trkpt lat="50.001323000" lon="7.713922000">
        <ele>484.4</ele>
      </trkpt>
      <trkpt lat="50.001312000" lon="7.713943000">
        <ele>484.6</ele>
      </trkpt>
      <trkpt lat="50.001288000" lon="7.713990000">
        <ele>484.6</ele>
      </trkpt>
      <trkpt lat="50.001270000" lon="7.714040000">
        <ele>484.8</ele>
      </trkpt>
      <trkpt lat="50.001257000" lon="7.714065000">
        <ele>484.8</ele>
      </trkpt>
      <trkpt lat="50.001247000" lon="7.714092000">
        <ele>485.0</ele>
      </trkpt>
      <trkpt lat="50.001235000" lon="7.714115000">
        <ele>485.2</ele>
      </trkpt>
      <trkpt lat="50.001215000" lon="7.714158000">
        <ele>485.4</ele>
      </trkpt>
      <trkpt lat="50.001202000" lon="7.714182000">
        <ele>485.6</ele>
      </trkpt>
      <trkpt lat="50.001190000" lon="7.714213000">
        <ele>485.8</ele>
      </trkpt>
      <trkpt lat="50.001173000" lon="7.714235000">
        <ele>486.0</ele>
      </trkpt>
      <trkpt lat="50.001163000" lon="7.714275000">
        <ele>486.4</ele>
      </trkpt>
      <trkpt lat="50.001145000" lon="7.714315000">
        <ele>486.8</ele>
      </trkpt>
      <trkpt lat="50.001125000" lon="7.714348000">
        <ele>487.2</ele>
      </trkpt>
      <trkpt lat="50.001113000" lon="7.714372000">
        <ele>487.2</ele>
      </trkpt>
      <trkpt lat="50.001103000" lon="7.714400000">
        <ele>487.4</ele>
      </trkpt>
      <trkpt lat="50.001090000" lon="7.714423000">
        <ele>487.6</ele>
      </trkpt>
      <trkpt lat="50.001087000" lon="7.714455000">
        <ele>487.6</ele>
      </trkpt>
      <trkpt lat="50.001078000" lon="7.714482000">
        <ele>487.8</ele>
      </trkpt>
      <trkpt lat="50.001068000" lon="7.714508000">
        <ele>488.0</ele>
      </trkpt>
      <trkpt lat="50.001058000" lon="7.714552000">
        <ele>488.4</ele>
      </trkpt>
      <trkpt lat="50.001048000" lon="7.714578000">
        <ele>488.6</ele>
      </trkpt>
      <trkpt lat="50.001033000" lon="7.714597000">
        <ele>488.8</ele>
      </trkpt>
      <trkpt lat="50.001017000" lon="7.714615000">
        <ele>488.8</ele>
      </trkpt>
      <trkpt lat="50.000998000" lon="7.714660000">
        <ele>489.2</ele>
      </trkpt>
      <trkpt lat="50.000992000" lon="7.714687000">
        <ele>489.2</ele>
      </trkpt>
      <trkpt lat="50.000978000" lon="7.714710000">
        <ele>489.4</ele>
      </trkpt>
      <trkpt lat="50.000965000" lon="7.714732000">
        <ele>489.6</ele>
      </trkpt>
      <trkpt lat="50.000950000" lon="7.714765000">
        <ele>489.8</ele>
      </trkpt>
      <trkpt lat="50.000937000" lon="7.714785000">
        <ele>490.0</ele>
      </trkpt>
      <trkpt lat="50.000920000" lon="7.714825000">
        <ele>490.2</ele>
      </trkpt>
      <trkpt lat="50.000908000" lon="7.714868000">
        <ele>490.4</ele>
      </trkpt>
      <trkpt lat="50.000898000" lon="7.714893000">
        <ele>490.6</ele>
      </trkpt>
      <trkpt lat="50.000895000" lon="7.714925000">
        <ele>490.8</ele>
      </trkpt>
      <trkpt lat="50.000892000" lon="7.714975000">
        <ele>491.2</ele>
      </trkpt>
      <trkpt lat="50.000895000" lon="7.715010000">
        <ele>491.4</ele>
      </trkpt>
      <trkpt lat="50.000888000" lon="7.715037000">
        <ele>491.6</ele>
      </trkpt>
      <trkpt lat="50.000880000" lon="7.715077000">
        <ele>491.8</ele>
      </trkpt>
      <trkpt lat="50.000877000" lon="7.715115000">
        <ele>492.2</ele>
      </trkpt>
      <trkpt lat="50.000857000" lon="7.715158000">
        <ele>492.2</ele>
      </trkpt>
      <trkpt lat="50.000850000" lon="7.715183000">
        <ele>492.4</ele>
      </trkpt>
      <trkpt lat="50.000857000" lon="7.715212000">
        <ele>492.4</ele>
      </trkpt>
      <trkpt lat="50.000873000" lon="7.715250000">
        <ele>492.6</ele>
      </trkpt>
      <trkpt lat="50.000877000" lon="7.715295000">
        <ele>492.6</ele>
      </trkpt>
      <trkpt lat="50.000877000" lon="7.715323000">
        <ele>492.8</ele>
      </trkpt>
      <trkpt lat="50.000877000" lon="7.715372000">
        <ele>493.0</ele>
      </trkpt>
      <trkpt lat="50.000877000" lon="7.715420000">
        <ele>493.2</ele>
      </trkpt>
      <trkpt lat="50.000873000" lon="7.715463000">
        <ele>493.4</ele>
      </trkpt>
      <trkpt lat="50.000860000" lon="7.715513000">
        <ele>493.4</ele>
      </trkpt>
      <trkpt lat="50.000857000" lon="7.715542000">
        <ele>493.4</ele>
      </trkpt>
      <trkpt lat="50.000847000" lon="7.715573000">
        <ele>493.6</ele>
      </trkpt>
      <trkpt lat="50.000832000" lon="7.715603000">
        <ele>493.6</ele>
      </trkpt>
      <trkpt lat="50.000818000" lon="7.715627000">
        <ele>493.6</ele>
      </trkpt>
      <trkpt lat="50.000805000" lon="7.715667000">
        <ele>494.0</ele>
      </trkpt>
      <trkpt lat="50.000790000" lon="7.715700000">
        <ele>494.0</ele>
      </trkpt>
      <trkpt lat="50.000773000" lon="7.715717000">
        <ele>494.4</ele>
      </trkpt>
      <trkpt lat="50.000738000" lon="7.715720000">
        <ele>494.6</ele>
      </trkpt>
      <trkpt lat="50.000713000" lon="7.715732000">
        <ele>495.0</ele>
      </trkpt>
      <trkpt lat="50.000693000" lon="7.715747000">
        <ele>495.2</ele>
      </trkpt>
      <trkpt lat="50.000675000" lon="7.715760000">
        <ele>495.4</ele>
      </trkpt>
      <trkpt lat="50.000662000" lon="7.715797000">
        <ele>496.2</ele>
      </trkpt>
      <trkpt lat="50.000658000" lon="7.715837000">
        <ele>496.6</ele>
      </trkpt>
      <trkpt lat="50.000658000" lon="7.715865000">
        <ele>497.0</ele>
      </trkpt>
      <trkpt lat="50.000637000" lon="7.715885000">
        <ele>497.4</ele>
      </trkpt>
      <trkpt lat="50.000620000" lon="7.715917000">
        <ele>497.8</ele>
      </trkpt>
      <trkpt lat="50.000607000" lon="7.715950000">
        <ele>498.0</ele>
      </trkpt>
      <trkpt lat="50.000595000" lon="7.715980000">
        <ele>498.0</ele>
      </trkpt>
      <trkpt lat="50.000578000" lon="7.716013000">
        <ele>498.0</ele>
      </trkpt>
      <trkpt lat="50.000572000" lon="7.716047000">
        <ele>498.0</ele>
      </trkpt>
      <trkpt lat="50.000553000" lon="7.716100000">
        <ele>498.0</ele>
      </trkpt>
      <trkpt lat="50.000550000" lon="7.716138000">
        <ele>498.0</ele>
      </trkpt>
      <trkpt lat="50.000537000" lon="7.716178000">
        <ele>498.2</ele>
      </trkpt>
      <trkpt lat="50.000527000" lon="7.716217000">
        <ele>498.2</ele>
      </trkpt>
      <trkpt lat="50.000512000" lon="7.716240000">
        <ele>498.2</ele>
      </trkpt>
      <trkpt lat="50.000502000" lon="7.716275000">
        <ele>498.2</ele>
      </trkpt>
      <trkpt lat="50.000492000" lon="7.716327000">
        <ele>498.2</ele>
      </trkpt>
      <trkpt lat="50.000488000" lon="7.716358000">
        <ele>498.2</ele>
      </trkpt>
      <trkpt lat="50.000477000" lon="7.716402000">
        <ele>498.4</ele>
      </trkpt>
      <trkpt lat="50.000473000" lon="7.716440000">
        <ele>498.4</ele>
      </trkpt>
      <trkpt lat="50.000473000" lon="7.716482000">
        <ele>498.4</ele>
      </trkpt>
      <trkpt lat="50.000470000" lon="7.716528000">
        <ele>498.6</ele>
      </trkpt>
      <trkpt lat="50.000473000" lon="7.716558000">
        <ele>498.8</ele>
      </trkpt>
      <trkpt lat="50.000473000" lon="7.716585000">
        <ele>498.8</ele>
      </trkpt>
      <trkpt lat="50.000470000" lon="7.716633000">
        <ele>499.0</ele>
      </trkpt>
      <trkpt lat="50.000460000" lon="7.716680000">
        <ele>499.4</ele>
      </trkpt>
      <trkpt lat="50.000450000" lon="7.716725000">
        <ele>499.4</ele>
      </trkpt>
      <trkpt lat="50.000450000" lon="7.716763000">
        <ele>499.6</ele>
      </trkpt>
      <trkpt lat="50.000438000" lon="7.716800000">
        <ele>499.8</ele>
      </trkpt>
      <trkpt lat="50.000422000" lon="7.716838000">
        <ele>500.2</ele>
      </trkpt>
      <trkpt lat="50.000408000" lon="7.716885000">
        <ele>500.4</ele>
      </trkpt>
      <trkpt lat="50.000397000" lon="7.716912000">
        <ele>500.4</ele>
      </trkpt>
      <trkpt lat="50.000383000" lon="7.716945000">
        <ele>500.6</ele>
      </trkpt>
      <trkpt lat="50.000363000" lon="7.716978000">
        <ele>500.8</ele>
      </trkpt>
      <trkpt lat="50.000338000" lon="7.716998000">
        <ele>501.0</ele>
      </trkpt>
      <trkpt lat="50.000313000" lon="7.717018000">
        <ele>501.2</ele>
      </trkpt>
      <trkpt lat="50.000297000" lon="7.717030000">
        <ele>501.4</ele>
      </trkpt>
      <trkpt lat="50.000278000" lon="7.717047000">
        <ele>501.6</ele>
      </trkpt>
      <trkpt lat="50.000262000" lon="7.717060000">
        <ele>501.8</ele>
      </trkpt>
      <trkpt lat="50.000233000" lon="7.717075000">
        <ele>502.0</ele>
      </trkpt>
      <trkpt lat="50.000213000" lon="7.717065000">
        <ele>502.4</ele>
      </trkpt>
      <trkpt lat="50.000192000" lon="7.717075000">
        <ele>502.6</ele>
      </trkpt>
      <trkpt lat="50.000172000" lon="7.717080000">
        <ele>502.8</ele>
      </trkpt>
      <trkpt lat="50.000147000" lon="7.717075000">
        <ele>503.2</ele>
      </trkpt>
      <trkpt lat="50.000112000" lon="7.717083000">
        <ele>503.4</ele>
      </trkpt>
      <trkpt lat="50.000082000" lon="7.717083000">
        <ele>503.6</ele>
      </trkpt>
      <trkpt lat="50.000060000" lon="7.717080000">
        <ele>504.0</ele>
      </trkpt>
      <trkpt lat="50.000040000" lon="7.717078000">
        <ele>504.2</ele>
      </trkpt>
      <trkpt lat="50.000022000" lon="7.717083000">
        <ele>504.4</ele>
      </trkpt>
      <trkpt lat="49.999993000" lon="7.717080000">
        <ele>504.8</ele>
      </trkpt>
      <trkpt lat="49.999973000" lon="7.717080000">
        <ele>504.8</ele>
      </trkpt>
      <trkpt lat="49.999942000" lon="7.717095000">
        <ele>505.4</ele>
      </trkpt>
      <trkpt lat="49.999922000" lon="7.717117000">
        <ele>505.4</ele>
      </trkpt>
      <trkpt lat="49.999907000" lon="7.717135000">
        <ele>505.6</ele>
      </trkpt>
      <trkpt lat="49.999893000" lon="7.717157000">
        <ele>505.8</ele>
      </trkpt>
      <trkpt lat="49.999875000" lon="7.717187000">
        <ele>506.0</ele>
      </trkpt>
      <trkpt lat="49.999855000" lon="7.717217000">
        <ele>506.2</ele>
      </trkpt>
      <trkpt lat="49.999837000" lon="7.717253000">
        <ele>506.6</ele>
      </trkpt>
      <trkpt lat="49.999820000" lon="7.717277000">
        <ele>506.8</ele>
      </trkpt>
      <trkpt lat="49.999798000" lon="7.717313000">
        <ele>507.0</ele>
      </trkpt>
      <trkpt lat="49.999778000" lon="7.717340000">
        <ele>507.4</ele>
      </trkpt>
      <trkpt lat="49.999762000" lon="7.717370000">
        <ele>507.4</ele>
      </trkpt>
      <trkpt lat="49.999740000" lon="7.717410000">
        <ele>507.6</ele>
      </trkpt>
      <trkpt lat="49.999723000" lon="7.717435000">
        <ele>507.6</ele>
      </trkpt>
      <trkpt lat="49.999708000" lon="7.717457000">
        <ele>507.8</ele>
      </trkpt>
      <trkpt lat="49.999685000" lon="7.717490000">
        <ele>508.0</ele>
      </trkpt>
      <trkpt lat="49.999670000" lon="7.717520000">
        <ele>508.2</ele>
      </trkpt>
      <trkpt lat="49.999647000" lon="7.717560000">
        <ele>508.6</ele>
      </trkpt>
      <trkpt lat="49.999643000" lon="7.717588000">
        <ele>508.6</ele>
      </trkpt>
      <trkpt lat="49.999638000" lon="7.717640000">
        <ele>509.0</ele>
      </trkpt>
      <trkpt lat="49.999625000" lon="7.717672000">
        <ele>509.2</ele>
      </trkpt>
      <trkpt lat="49.999608000" lon="7.717703000">
        <ele>509.4</ele>
      </trkpt>
      <trkpt lat="49.999590000" lon="7.717740000">
        <ele>509.6</ele>
      </trkpt>
      <trkpt lat="49.999577000" lon="7.717777000">
        <ele>509.8</ele>
      </trkpt>
      <trkpt lat="49.999558000" lon="7.717798000">
        <ele>510.0</ele>
      </trkpt>
      <trkpt lat="49.999555000" lon="7.717832000">
        <ele>510.4</ele>
      </trkpt>
      <trkpt lat="49.999548000" lon="7.717872000">
        <ele>510.6</ele>
      </trkpt>
      <trkpt lat="49.999545000" lon="7.717912000">
        <ele>510.8</ele>
      </trkpt>
      <trkpt lat="49.999545000" lon="7.717940000">
        <ele>510.8</ele>
      </trkpt>
      <trkpt lat="49.999538000" lon="7.717965000">
        <ele>511.0</ele>
      </trkpt>
      <trkpt lat="49.999525000" lon="7.717995000">
        <ele>511.2</ele>
      </trkpt>
      <trkpt lat="49.999522000" lon="7.718042000">
        <ele>511.4</ele>
      </trkpt>
      <trkpt lat="49.999510000" lon="7.718090000">
        <ele>511.8</ele>
      </trkpt>
      <trkpt lat="49.999507000" lon="7.718133000">
        <ele>512.0</ele>
      </trkpt>
      <trkpt lat="49.999507000" lon="7.718167000">
        <ele>512.4</ele>
      </trkpt>
      <trkpt lat="49.999503000" lon="7.718203000">
        <ele>512.6</ele>
      </trkpt>
      <trkpt lat="49.999517000" lon="7.718243000">
        <ele>512.8</ele>
      </trkpt>
      <trkpt lat="49.999520000" lon="7.718298000">
        <ele>513.0</ele>
      </trkpt>
      <trkpt lat="49.999520000" lon="7.718328000">
        <ele>513.2</ele>
      </trkpt>
      <trkpt lat="49.999503000" lon="7.718368000">
        <ele>513.4</ele>
      </trkpt>
      <trkpt lat="49.999497000" lon="7.718410000">
        <ele>513.6</ele>
      </trkpt>
      <trkpt lat="49.999497000" lon="7.718442000">
        <ele>513.6</ele>
      </trkpt>
      <trkpt lat="49.999497000" lon="7.718475000">
        <ele>513.8</ele>
      </trkpt>
      <trkpt lat="49.999507000" lon="7.718520000">
        <ele>513.8</ele>
      </trkpt>
      <trkpt lat="49.999510000" lon="7.718563000">
        <ele>514.0</ele>
      </trkpt>
      <trkpt lat="49.999503000" lon="7.718608000">
        <ele>514.0</ele>
      </trkpt>
      <trkpt lat="49.999497000" lon="7.718648000">
        <ele>514.2</ele>
      </trkpt>
      <trkpt lat="49.999487000" lon="7.718692000">
        <ele>514.2</ele>
      </trkpt>
      <trkpt lat="49.999472000" lon="7.718740000">
        <ele>514.4</ele>
      </trkpt>
      <trkpt lat="49.999462000" lon="7.718778000">
        <ele>514.6</ele>
      </trkpt>
      <trkpt lat="49.999465000" lon="7.718810000">
        <ele>515.0</ele>
      </trkpt>
      <trkpt lat="49.999462000" lon="7.718847000">
        <ele>515.4</ele>
      </trkpt>
      <trkpt lat="49.999455000" lon="7.718883000">
        <ele>515.8</ele>
      </trkpt>
      <trkpt lat="49.999442000" lon="7.718920000">
        <ele>516.2</ele>
      </trkpt>
      <trkpt lat="49.999430000" lon="7.718943000">
        <ele>516.4</ele>
      </trkpt>
      <trkpt lat="49.999423000" lon="7.718992000">
        <ele>517.0</ele>
      </trkpt>
      <trkpt lat="49.999420000" lon="7.719020000">
        <ele>517.2</ele>
      </trkpt>
      <trkpt lat="49.999420000" lon="7.719048000">
        <ele>517.4</ele>
      </trkpt>
      <trkpt lat="49.999407000" lon="7.719075000">
        <ele>517.8</ele>
      </trkpt>
      <trkpt lat="49.999400000" lon="7.719115000">
        <ele>518.2</ele>
      </trkpt>
      <trkpt lat="49.999392000" lon="7.719160000">
        <ele>518.8</ele>
      </trkpt>
      <trkpt lat="49.999400000" lon="7.719200000">
        <ele>519.2</ele>
      </trkpt>
      <trkpt lat="49.999388000" lon="7.719242000">
        <ele>519.6</ele>
      </trkpt>
      <trkpt lat="49.999378000" lon="7.719280000">
        <ele>520.0</ele>
      </trkpt>
      <trkpt lat="49.999365000" lon="7.719318000">
        <ele>520.4</ele>
      </trkpt>
      <trkpt lat="49.999365000" lon="7.719352000">
        <ele>520.6</ele>
      </trkpt>
      <trkpt lat="49.999362000" lon="7.719392000">
        <ele>521.0</ele>
      </trkpt>
      <trkpt lat="49.999350000" lon="7.719412000">
        <ele>521.4</ele>
      </trkpt>
      <trkpt lat="49.999360000" lon="7.719437000">
        <ele>521.6</ele>
      </trkpt>
      <trkpt lat="49.999362000" lon="7.719467000">
        <ele>521.8</ele>
      </trkpt>
      <trkpt lat="49.999350000" lon="7.719515000">
        <ele>522.4</ele>
      </trkpt>
      <trkpt lat="49.999337000" lon="7.719557000">
        <ele>522.8</ele>
      </trkpt>
      <trkpt lat="49.999330000" lon="7.719600000">
        <ele>523.2</ele>
      </trkpt>
      <trkpt lat="49.999330000" lon="7.719637000">
        <ele>523.4</ele>
      </trkpt>
      <trkpt lat="49.999340000" lon="7.719672000">
        <ele>523.6</ele>
      </trkpt>
      <trkpt lat="49.999350000" lon="7.719718000">
        <ele>523.8</ele>
      </trkpt>
      <trkpt lat="49.999357000" lon="7.719743000">
        <ele>523.8</ele>
      </trkpt>
      <trkpt lat="49.999350000" lon="7.719788000">
        <ele>524.0</ele>
      </trkpt>
      <trkpt lat="49.999347000" lon="7.719838000">
        <ele>524.0</ele>
      </trkpt>
      <trkpt lat="49.999347000" lon="7.719877000">
        <ele>524.0</ele>
      </trkpt>
      <trkpt lat="49.999343000" lon="7.719927000">
        <ele>524.0</ele>
      </trkpt>
      <trkpt lat="49.999350000" lon="7.719967000">
        <ele>524.0</ele>
      </trkpt>
      <trkpt lat="49.999343000" lon="7.720008000">
        <ele>524.0</ele>
      </trkpt>
      <trkpt lat="49.999330000" lon="7.720062000">
        <ele>524.0</ele>
      </trkpt>
      <trkpt lat="49.999330000" lon="7.720105000">
        <ele>524.0</ele>
      </trkpt>
      <trkpt lat="49.999330000" lon="7.720148000">
        <ele>524.0</ele>
      </trkpt>
      <trkpt lat="49.999323000" lon="7.720197000">
        <ele>524.0</ele>
      </trkpt>
      <trkpt lat="49.999320000" lon="7.720243000">
        <ele>524.0</ele>
      </trkpt>
      <trkpt lat="49.999320000" lon="7.720297000">
        <ele>524.0</ele>
      </trkpt>
      <trkpt lat="49.999312000" lon="7.720337000">
        <ele>524.0</ele>
      </trkpt>
      <trkpt lat="49.999312000" lon="7.720372000">
        <ele>524.0</ele>
      </trkpt>
      <trkpt lat="49.999302000" lon="7.720412000">
        <ele>524.0</ele>
      </trkpt>
      <trkpt lat="49.999292000" lon="7.720452000">
        <ele>524.0</ele>
      </trkpt>
      <trkpt lat="49.999285000" lon="7.720490000">
        <ele>524.0</ele>
      </trkpt>
      <trkpt lat="49.999282000" lon="7.720538000">
        <ele>524.0</ele>
      </trkpt>
      <trkpt lat="49.999280000" lon="7.720585000">
        <ele>524.0</ele>
      </trkpt>
      <trkpt lat="49.999263000" lon="7.720623000">
        <ele>524.0</ele>
      </trkpt>
      <trkpt lat="49.999257000" lon="7.720672000">
        <ele>524.0</ele>
      </trkpt>
      <trkpt lat="49.999247000" lon="7.720700000">
        <ele>524.0</ele>
      </trkpt>
      <trkpt lat="49.999247000" lon="7.720727000">
        <ele>524.0</ele>
      </trkpt>
      <trkpt lat="49.999243000" lon="7.720757000">
        <ele>524.0</ele>
      </trkpt>
      <trkpt lat="49.999247000" lon="7.720803000">
        <ele>524.2</ele>
      </trkpt>
      <trkpt lat="49.999257000" lon="7.720847000">
        <ele>524.2</ele>
      </trkpt>
      <trkpt lat="49.999263000" lon="7.720900000">
        <ele>524.2</ele>
      </trkpt>
      <trkpt lat="49.999277000" lon="7.720927000">
        <ele>524.4</ele>
      </trkpt>
      <trkpt lat="49.999280000" lon="7.720973000">
        <ele>524.6</ele>
      </trkpt>
      <trkpt lat="49.999285000" lon="7.721012000">
        <ele>525.0</ele>
      </trkpt>
      <trkpt lat="49.999298000" lon="7.721062000">
        <ele>525.2</ele>
      </trkpt>
      <trkpt lat="49.999312000" lon="7.721113000">
        <ele>525.6</ele>
      </trkpt>
      <trkpt lat="49.999323000" lon="7.721158000">
        <ele>525.8</ele>
      </trkpt>
      <trkpt lat="49.999337000" lon="7.721190000">
        <ele>526.0</ele>
      </trkpt>
      <trkpt lat="49.999340000" lon="7.721233000">
        <ele>526.0</ele>
      </trkpt>
      <trkpt lat="49.999365000" lon="7.721270000">
        <ele>526.2</ele>
      </trkpt>
      <trkpt lat="49.999378000" lon="7.721307000">
        <ele>526.2</ele>
      </trkpt>
      <trkpt lat="49.999368000" lon="7.721343000">
        <ele>526.0</ele>
      </trkpt>
      <trkpt lat="49.999372000" lon="7.721378000">
        <ele>526.2</ele>
      </trkpt>
      <trkpt lat="49.999368000" lon="7.721415000">
        <ele>526.2</ele>
      </trkpt>
      <trkpt lat="49.999378000" lon="7.721440000">
        <ele>526.4</ele>
      </trkpt>
      <trkpt lat="49.999392000" lon="7.721475000">
        <ele>526.4</ele>
      </trkpt>
      <trkpt lat="49.999403000" lon="7.721515000">
        <ele>526.6</ele>
      </trkpt>
      <trkpt lat="49.999417000" lon="7.721553000">
        <ele>526.8</ele>
      </trkpt>
      <trkpt lat="49.999423000" lon="7.721583000">
        <ele>527.0</ele>
      </trkpt>
      <trkpt lat="49.999440000" lon="7.721613000">
        <ele>527.0</ele>
      </trkpt>
      <trkpt lat="49.999455000" lon="7.721640000">
        <ele>527.2</ele>
      </trkpt>
      <trkpt lat="49.999458000" lon="7.721673000">
        <ele>527.4</ele>
      </trkpt>
      <trkpt lat="49.999483000" lon="7.721703000">
        <ele>527.4</ele>
      </trkpt>
      <trkpt lat="49.999500000" lon="7.721727000">
        <ele>527.6</ele>
      </trkpt>
      <trkpt lat="49.999520000" lon="7.721765000">
        <ele>527.8</ele>
      </trkpt>
      <trkpt lat="49.999538000" lon="7.721808000">
        <ele>528.0</ele>
      </trkpt>
      <trkpt lat="49.999548000" lon="7.721837000">
        <ele>528.2</ele>
      </trkpt>
      <trkpt lat="49.999570000" lon="7.721852000">
        <ele>528.4</ele>
      </trkpt>
      <trkpt lat="49.999597000" lon="7.721848000">
        <ele>528.6</ele>
      </trkpt>
      <trkpt lat="49.999618000" lon="7.721863000">
        <ele>528.8</ele>
      </trkpt>
      <trkpt lat="49.999638000" lon="7.721898000">
        <ele>529.2</ele>
      </trkpt>
      <trkpt lat="49.999647000" lon="7.721925000">
        <ele>529.2</ele>
      </trkpt>
      <trkpt lat="49.999667000" lon="7.721945000">
        <ele>529.2</ele>
      </trkpt>
      <trkpt lat="49.999682000" lon="7.721980000">
        <ele>529.4</ele>
      </trkpt>
      <trkpt lat="49.999702000" lon="7.722000000">
        <ele>529.4</ele>
      </trkpt>
      <trkpt lat="49.999720000" lon="7.722018000">
        <ele>529.4</ele>
      </trkpt>
      <trkpt lat="49.999740000" lon="7.722047000">
        <ele>529.4</ele>
      </trkpt>
      <trkpt lat="49.999753000" lon="7.722078000">
        <ele>529.4</ele>
      </trkpt>
      <trkpt lat="49.999775000" lon="7.722108000">
        <ele>529.4</ele>
      </trkpt>
      <trkpt lat="49.999788000" lon="7.722145000">
        <ele>529.4</ele>
      </trkpt>
      <trkpt lat="49.999807000" lon="7.722172000">
        <ele>529.4</ele>
      </trkpt>
      <trkpt lat="49.999823000" lon="7.722188000">
        <ele>529.4</ele>
      </trkpt>
      <trkpt lat="49.999840000" lon="7.722217000">
        <ele>529.4</ele>
      </trkpt>
      <trkpt lat="49.999852000" lon="7.722242000">
        <ele>529.4</ele>
      </trkpt>
      <trkpt lat="49.999852000" lon="7.722282000">
        <ele>529.6</ele>
      </trkpt>
      <trkpt lat="49.999842000" lon="7.722310000">
        <ele>529.6</ele>
      </trkpt>
      <trkpt lat="49.999827000" lon="7.722283000">
        <ele>529.8</ele>
      </trkpt>
      <trkpt lat="49.999845000" lon="7.722320000">
        <ele>527.0</ele>
      </trkpt>
      <trkpt lat="49.999855000" lon="7.722350000">
        <ele>527.0</ele>
      </trkpt>
      <trkpt lat="49.999862000" lon="7.722395000">
        <ele>527.0</ele>
      </trkpt>
      <trkpt lat="49.999855000" lon="7.722430000">
        <ele>527.0</ele>
      </trkpt>
      <trkpt lat="49.999840000" lon="7.722460000">
        <ele>527.0</ele>
      </trkpt>
      <trkpt lat="49.999827000" lon="7.722480000">
        <ele>527.0</ele>
      </trkpt>
      <trkpt lat="49.999813000" lon="7.722505000">
        <ele>527.0</ele>
      </trkpt>
      <trkpt lat="49.999788000" lon="7.722500000">
        <ele>527.2</ele>
      </trkpt>
      <trkpt lat="49.999768000" lon="7.722492000">
        <ele>527.4</ele>
      </trkpt>
      <trkpt lat="49.999753000" lon="7.722478000">
        <ele>527.4</ele>
      </trkpt>
      <trkpt lat="49.999737000" lon="7.722445000">
        <ele>527.8</ele>
      </trkpt>
      <trkpt lat="49.999723000" lon="7.722413000">
        <ele>528.0</ele>
      </trkpt>
      <trkpt lat="49.999705000" lon="7.722393000">
        <ele>528.0</ele>
      </trkpt>
      <trkpt lat="49.999688000" lon="7.722378000">
        <ele>528.2</ele>
      </trkpt>
      <trkpt lat="49.999677000" lon="7.722353000">
        <ele>528.2</ele>
      </trkpt>
      <trkpt lat="49.999657000" lon="7.722320000">
        <ele>528.2</ele>
      </trkpt>
      <trkpt lat="49.999628000" lon="7.722300000">
        <ele>528.4</ele>
      </trkpt>
      <trkpt lat="49.999597000" lon="7.722283000">
        <ele>528.4</ele>
      </trkpt>
      <trkpt lat="49.999577000" lon="7.722272000">
        <ele>528.6</ele>
      </trkpt>
      <trkpt lat="49.999555000" lon="7.722225000">
        <ele>528.6</ele>
      </trkpt>
      <trkpt lat="49.999538000" lon="7.722175000">
        <ele>528.8</ele>
      </trkpt>
      <trkpt lat="49.999522000" lon="7.722155000">
        <ele>529.0</ele>
      </trkpt>
      <trkpt lat="49.999507000" lon="7.722137000">
        <ele>529.2</ele>
      </trkpt>
      <trkpt lat="49.999480000" lon="7.722115000">
        <ele>529.4</ele>
      </trkpt>
      <trkpt lat="49.999462000" lon="7.722107000">
        <ele>529.6</ele>
      </trkpt>
      <trkpt lat="49.999437000" lon="7.722087000">
        <ele>530.0</ele>
      </trkpt>
      <trkpt lat="49.999407000" lon="7.722067000">
        <ele>530.2</ele>
      </trkpt>
      <trkpt lat="49.999388000" lon="7.722053000">
        <ele>530.4</ele>
      </trkpt>
      <trkpt lat="49.999365000" lon="7.722042000">
        <ele>530.6</ele>
      </trkpt>
      <trkpt lat="49.999350000" lon="7.722030000">
        <ele>530.6</ele>
      </trkpt>
      <trkpt lat="49.999330000" lon="7.721997000">
        <ele>531.0</ele>
      </trkpt>
      <trkpt lat="49.999308000" lon="7.721980000">
        <ele>531.2</ele>
      </trkpt>
      <trkpt lat="49.999280000" lon="7.721963000">
        <ele>531.6</ele>
      </trkpt>
      <trkpt lat="49.999260000" lon="7.721958000">
        <ele>531.6</ele>
      </trkpt>
      <trkpt lat="49.999225000" lon="7.721947000">
        <ele>532.0</ele>
      </trkpt>
      <trkpt lat="49.999190000" lon="7.721933000">
        <ele>532.4</ele>
      </trkpt>
      <trkpt lat="49.999163000" lon="7.721910000">
        <ele>532.6</ele>
      </trkpt>
      <trkpt lat="49.999132000" lon="7.721902000">
        <ele>533.0</ele>
      </trkpt>
      <trkpt lat="49.999110000" lon="7.721895000">
        <ele>533.2</ele>
      </trkpt>
      <trkpt lat="49.999083000" lon="7.721888000">
        <ele>533.4</ele>
      </trkpt>
      <trkpt lat="49.999065000" lon="7.721888000">
        <ele>533.6</ele>
      </trkpt>
      <trkpt lat="49.999045000" lon="7.721872000">
        <ele>533.8</ele>
      </trkpt>
      <trkpt lat="49.999027000" lon="7.721855000">
        <ele>534.2</ele>
      </trkpt>
      <trkpt lat="49.999000000" lon="7.721843000">
        <ele>534.4</ele>
      </trkpt>
      <trkpt lat="49.998968000" lon="7.721843000">
        <ele>534.6</ele>
      </trkpt>
      <trkpt lat="49.998947000" lon="7.721857000">
        <ele>535.0</ele>
      </trkpt>
      <trkpt lat="49.998923000" lon="7.721820000">
        <ele>535.2</ele>
      </trkpt>
      <trkpt lat="49.998905000" lon="7.721802000">
        <ele>535.6</ele>
      </trkpt>
      <trkpt lat="49.998882000" lon="7.721803000">
        <ele>536.0</ele>
      </trkpt>
      <trkpt lat="49.998863000" lon="7.721808000">
        <ele>536.2</ele>
      </trkpt>
      <trkpt lat="49.998840000" lon="7.721828000">
        <ele>536.6</ele>
      </trkpt>
      <trkpt lat="49.998825000" lon="7.721842000">
        <ele>536.8</ele>
      </trkpt>
      <trkpt lat="49.998797000" lon="7.721857000">
        <ele>537.2</ele>
      </trkpt>
      <trkpt lat="49.998763000" lon="7.721860000">
        <ele>537.4</ele>
      </trkpt>
      <trkpt lat="49.998732000" lon="7.721855000">
        <ele>537.6</ele>
      </trkpt>
      <trkpt lat="49.998707000" lon="7.721855000">
        <ele>537.8</ele>
      </trkpt>
      <trkpt lat="49.998683000" lon="7.721865000">
        <ele>538.0</ele>
      </trkpt>
      <trkpt lat="49.998655000" lon="7.721880000">
        <ele>538.2</ele>
      </trkpt>
      <trkpt lat="49.998633000" lon="7.721900000">
        <ele>538.8</ele>
      </trkpt>
      <trkpt lat="49.998617000" lon="7.721920000">
        <ele>539.4</ele>
      </trkpt>
      <trkpt lat="49.998592000" lon="7.721938000">
        <ele>540.0</ele>
      </trkpt>
      <trkpt lat="49.998575000" lon="7.721950000">
        <ele>540.2</ele>
      </trkpt>
      <trkpt lat="49.998562000" lon="7.721978000">
        <ele>540.6</ele>
      </trkpt>
      <trkpt lat="49.998550000" lon="7.722000000">
        <ele>541.6</ele>
      </trkpt>
      <trkpt lat="49.998533000" lon="7.722022000">
        <ele>542.0</ele>
      </trkpt>
      <trkpt lat="49.998518000" lon="7.722052000">
        <ele>542.2</ele>
      </trkpt>
      <trkpt lat="49.998502000" lon="7.722080000">
        <ele>542.8</ele>
      </trkpt>
      <trkpt lat="49.998488000" lon="7.722118000">
        <ele>543.4</ele>
      </trkpt>
      <trkpt lat="49.998473000" lon="7.722142000">
        <ele>544.2</ele>
      </trkpt>
      <trkpt lat="49.998457000" lon="7.722168000">
        <ele>544.8</ele>
      </trkpt>
      <trkpt lat="49.998443000" lon="7.722200000">
        <ele>545.4</ele>
      </trkpt>
      <trkpt lat="49.998438000" lon="7.722233000">
        <ele>546.2</ele>
      </trkpt>
      <trkpt lat="49.998428000" lon="7.722270000">
        <ele>547.0</ele>
      </trkpt>
      <trkpt lat="49.998412000" lon="7.722293000">
        <ele>547.8</ele>
      </trkpt>
      <trkpt lat="49.998402000" lon="7.722323000">
        <ele>548.4</ele>
      </trkpt>
      <trkpt lat="49.998377000" lon="7.722345000">
        <ele>548.8</ele>
      </trkpt>
      <trkpt lat="49.998358000" lon="7.722362000">
        <ele>549.2</ele>
      </trkpt>
      <trkpt lat="49.998335000" lon="7.722390000">
        <ele>549.4</ele>
      </trkpt>
      <trkpt lat="49.998320000" lon="7.722410000">
        <ele>549.8</ele>
      </trkpt>
      <trkpt lat="49.998307000" lon="7.722442000">
        <ele>550.2</ele>
      </trkpt>
      <trkpt lat="49.998293000" lon="7.722467000">
        <ele>550.8</ele>
      </trkpt>
      <trkpt lat="49.998283000" lon="7.722500000">
        <ele>551.2</ele>
      </trkpt>
      <trkpt lat="49.998268000" lon="7.722533000">
        <ele>551.6</ele>
      </trkpt>
      <trkpt lat="49.998258000" lon="7.722560000">
        <ele>552.0</ele>
      </trkpt>
      <trkpt lat="49.998245000" lon="7.722585000">
        <ele>552.4</ele>
      </trkpt>
      <trkpt lat="49.998245000" lon="7.722617000">
        <ele>552.8</ele>
      </trkpt>
      <trkpt lat="49.998248000" lon="7.722658000">
        <ele>553.0</ele>
      </trkpt>
      <trkpt lat="49.998255000" lon="7.722707000">
        <ele>553.2</ele>
      </trkpt>
      <trkpt lat="49.998252000" lon="7.722740000">
        <ele>553.4</ele>
      </trkpt>
      <trkpt lat="49.998240000" lon="7.722777000">
        <ele>554.0</ele>
      </trkpt>
      <trkpt lat="49.998240000" lon="7.722807000">
        <ele>554.4</ele>
      </trkpt>
      <trkpt lat="49.998233000" lon="7.722852000">
        <ele>555.0</ele>
      </trkpt>
      <trkpt lat="49.998240000" lon="7.722885000">
        <ele>555.4</ele>
      </trkpt>
      <trkpt lat="49.998240000" lon="7.722922000">
        <ele>555.8</ele>
      </trkpt>
      <trkpt lat="49.998248000" lon="7.722965000">
        <ele>556.0</ele>
      </trkpt>
      <trkpt lat="49.998245000" lon="7.722995000">
        <ele>556.0</ele>
      </trkpt>
      <trkpt lat="49.998237000" lon="7.723030000">
        <ele>556.4</ele>
      </trkpt>
      <trkpt lat="49.998245000" lon="7.723067000">
        <ele>556.6</ele>
      </trkpt>
      <trkpt lat="49.998245000" lon="7.723115000">
        <ele>556.8</ele>
      </trkpt>
      <trkpt lat="49.998245000" lon="7.723157000">
        <ele>557.0</ele>
      </trkpt>
      <trkpt lat="49.998245000" lon="7.723198000">
        <ele>557.0</ele>
      </trkpt>
      <trkpt lat="49.998240000" lon="7.723235000">
        <ele>557.2</ele>
      </trkpt>
      <trkpt lat="49.998217000" lon="7.723260000">
        <ele>557.4</ele>
      </trkpt>
      <trkpt lat="49.998195000" lon="7.723278000">
        <ele>557.6</ele>
      </trkpt>
      <trkpt lat="49.998178000" lon="7.723298000">
        <ele>558.0</ele>
      </trkpt>
      <trkpt lat="49.998147000" lon="7.723313000">
        <ele>558.4</ele>
      </trkpt>
      <trkpt lat="49.998115000" lon="7.723330000">
        <ele>558.6</ele>
      </trkpt>
      <trkpt lat="49.998095000" lon="7.723330000">
        <ele>558.8</ele>
      </trkpt>
      <trkpt lat="49.998067000" lon="7.723322000">
        <ele>559.0</ele>
      </trkpt>
      <trkpt lat="49.998047000" lon="7.723320000">
        <ele>559.2</ele>
      </trkpt>
      <trkpt lat="49.998018000" lon="7.723300000">
        <ele>559.4</ele>
      </trkpt>
      <trkpt lat="49.997993000" lon="7.723285000">
        <ele>559.4</ele>
      </trkpt>
      <trkpt lat="49.997977000" lon="7.723272000">
        <ele>559.4</ele>
      </trkpt>
      <trkpt lat="49.997967000" lon="7.723238000">
        <ele>559.6</ele>
      </trkpt>
      <trkpt lat="49.997958000" lon="7.723192000">
        <ele>559.8</ele>
      </trkpt>
      <trkpt lat="49.997952000" lon="7.723160000">
        <ele>560.0</ele>
      </trkpt>
      <trkpt lat="49.997938000" lon="7.723123000">
        <ele>560.2</ele>
      </trkpt>
      <trkpt lat="49.997928000" lon="7.723100000">
        <ele>560.6</ele>
      </trkpt>
      <trkpt lat="49.997913000" lon="7.723070000">
        <ele>560.8</ele>
      </trkpt>
      <trkpt lat="49.997897000" lon="7.723035000">
        <ele>561.2</ele>
      </trkpt>
      <trkpt lat="49.997875000" lon="7.723005000">
        <ele>561.4</ele>
      </trkpt>
      <trkpt lat="49.997858000" lon="7.722990000">
        <ele>561.6</ele>
      </trkpt>
      <trkpt lat="49.997842000" lon="7.722965000">
        <ele>561.8</ele>
      </trkpt>
      <trkpt lat="49.997827000" lon="7.722940000">
        <ele>561.8</ele>
      </trkpt>
      <trkpt lat="49.997813000" lon="7.722915000">
        <ele>561.8</ele>
      </trkpt>
      <trkpt lat="49.997792000" lon="7.722873000">
        <ele>562.0</ele>
      </trkpt>
      <trkpt lat="49.997778000" lon="7.722845000">
        <ele>562.0</ele>
      </trkpt>
      <trkpt lat="49.997778000" lon="7.722800000">
        <ele>562.0</ele>
      </trkpt>
      <trkpt lat="49.997768000" lon="7.722760000">
        <ele>562.0</ele>
      </trkpt>
      <trkpt lat="49.997757000" lon="7.722740000">
        <ele>562.0</ele>
      </trkpt>
      <trkpt lat="49.997740000" lon="7.722710000">
        <ele>562.0</ele>
      </trkpt>
      <trkpt lat="49.997727000" lon="7.722677000">
        <ele>562.0</ele>
      </trkpt>
      <trkpt lat="49.997718000" lon="7.722643000">
        <ele>562.2</ele>
      </trkpt>
      <trkpt lat="49.997715000" lon="7.722610000">
        <ele>562.2</ele>
      </trkpt>
      <trkpt lat="49.997715000" lon="7.722580000">
        <ele>562.2</ele>
      </trkpt>
      <trkpt lat="49.997715000" lon="7.722523000">
        <ele>562.2</ele>
      </trkpt>
      <trkpt lat="49.997715000" lon="7.722495000">
        <ele>562.2</ele>
      </trkpt>
      <trkpt lat="49.997695000" lon="7.722440000">
        <ele>562.2</ele>
      </trkpt>
      <trkpt lat="49.997680000" lon="7.722392000">
        <ele>562.4</ele>
      </trkpt>
      <trkpt lat="49.997670000" lon="7.722367000">
        <ele>562.4</ele>
      </trkpt>
      <trkpt lat="49.997650000" lon="7.722330000">
        <ele>562.4</ele>
      </trkpt>
      <trkpt lat="49.997643000" lon="7.722302000">
        <ele>562.2</ele>
      </trkpt>
      <trkpt lat="49.997638000" lon="7.722277000">
        <ele>562.2</ele>
      </trkpt>
      <trkpt lat="49.997632000" lon="7.722248000">
        <ele>562.2</ele>
      </trkpt>
      <trkpt lat="49.997618000" lon="7.722218000">
        <ele>562.0</ele>
      </trkpt>
      <trkpt lat="49.997622000" lon="7.722185000">
        <ele>562.0</ele>
      </trkpt>
      <trkpt lat="49.997632000" lon="7.722158000">
        <ele>562.0</ele>
      </trkpt>
      <trkpt lat="49.997628000" lon="7.722125000">
        <ele>561.8</ele>
      </trkpt>
      <trkpt lat="49.997628000" lon="7.722092000">
        <ele>561.8</ele>
      </trkpt>
      <trkpt lat="49.997618000" lon="7.722057000">
        <ele>561.8</ele>
      </trkpt>
      <trkpt lat="49.997615000" lon="7.722022000">
        <ele>561.6</ele>
      </trkpt>
      <trkpt lat="49.997608000" lon="7.721995000">
        <ele>561.6</ele>
      </trkpt>
      <trkpt lat="49.997608000" lon="7.721965000">
        <ele>561.6</ele>
      </trkpt>
      <trkpt lat="49.997602000" lon="7.721937000">
        <ele>561.6</ele>
      </trkpt>
      <trkpt lat="49.997590000" lon="7.721890000">
        <ele>561.4</ele>
      </trkpt>
      <trkpt lat="49.997573000" lon="7.721860000">
        <ele>561.2</ele>
      </trkpt>
      <trkpt lat="49.997560000" lon="7.721823000">
        <ele>561.2</ele>
      </trkpt>
      <trkpt lat="49.997563000" lon="7.721795000">
        <ele>561.0</ele>
      </trkpt>
      <trkpt lat="49.997560000" lon="7.721760000">
        <ele>561.0</ele>
      </trkpt>
      <trkpt lat="49.997542000" lon="7.721718000">
        <ele>560.8</ele>
      </trkpt>
      <trkpt lat="49.997522000" lon="7.721660000">
        <ele>560.6</ele>
      </trkpt>
      <trkpt lat="49.997517000" lon="7.721623000">
        <ele>560.6</ele>
      </trkpt>
      <trkpt lat="49.997510000" lon="7.721577000">
        <ele>560.6</ele>
      </trkpt>
      <trkpt lat="49.997490000" lon="7.721532000">
        <ele>560.8</ele>
      </trkpt>
      <trkpt lat="49.997478000" lon="7.721502000">
        <ele>560.8</ele>
      </trkpt>
      <trkpt lat="49.997475000" lon="7.721468000">
        <ele>560.8</ele>
      </trkpt>
      <trkpt lat="49.997472000" lon="7.721440000">
        <ele>560.8</ele>
      </trkpt>
      <trkpt lat="49.997462000" lon="7.721412000">
        <ele>560.8</ele>
      </trkpt>
      <trkpt lat="49.997462000" lon="7.721360000">
        <ele>560.8</ele>
      </trkpt>
      <trkpt lat="49.997462000" lon="7.721330000">
        <ele>560.6</ele>
      </trkpt>
      <trkpt lat="49.997458000" lon="7.721300000">
        <ele>560.6</ele>
      </trkpt>
      <trkpt lat="49.997452000" lon="7.721270000">
        <ele>560.6</ele>
      </trkpt>
      <trkpt lat="49.997440000" lon="7.721238000">
        <ele>560.4</ele>
      </trkpt>
      <trkpt lat="49.997423000" lon="7.721210000">
        <ele>560.4</ele>
      </trkpt>
      <trkpt lat="49.997413000" lon="7.721185000">
        <ele>560.4</ele>
      </trkpt>
      <trkpt lat="49.997400000" lon="7.721157000">
        <ele>560.2</ele>
      </trkpt>
      <trkpt lat="49.997395000" lon="7.721125000">
        <ele>560.0</ele>
      </trkpt>
      <trkpt lat="49.997382000" lon="7.721098000">
        <ele>560.0</ele>
      </trkpt>
      <trkpt lat="49.997372000" lon="7.721062000">
        <ele>559.8</ele>
      </trkpt>
      <trkpt lat="49.997360000" lon="7.721023000">
        <ele>559.8</ele>
      </trkpt>
      <trkpt lat="49.997340000" lon="7.720983000">
        <ele>559.6</ele>
      </trkpt>
      <trkpt lat="49.997318000" lon="7.720957000">
        <ele>559.6</ele>
      </trkpt>
      <trkpt lat="49.997305000" lon="7.720930000">
        <ele>559.4</ele>
      </trkpt>
      <trkpt lat="49.997295000" lon="7.720903000">
        <ele>559.2</ele>
      </trkpt>
      <trkpt lat="49.997280000" lon="7.720882000">
        <ele>559.0</ele>
      </trkpt>
      <trkpt lat="49.997253000" lon="7.720862000">
        <ele>559.0</ele>
      </trkpt>
      <trkpt lat="49.997235000" lon="7.720838000">
        <ele>558.8</ele>
      </trkpt>
      <trkpt lat="49.997225000" lon="7.720802000">
        <ele>558.6</ele>
      </trkpt>
      <trkpt lat="49.997225000" lon="7.720762000">
        <ele>558.4</ele>
      </trkpt>
      <trkpt lat="49.997225000" lon="7.720727000">
        <ele>558.2</ele>
      </trkpt>
      <trkpt lat="49.997218000" lon="7.720698000">
        <ele>558.0</ele>
      </trkpt>
      <trkpt lat="49.997205000" lon="7.720673000">
        <ele>557.8</ele>
      </trkpt>
      <trkpt lat="49.997197000" lon="7.720620000">
        <ele>557.6</ele>
      </trkpt>
      <trkpt lat="49.997197000" lon="7.720590000">
        <ele>557.4</ele>
      </trkpt>
      <trkpt lat="49.997187000" lon="7.720563000">
        <ele>557.2</ele>
      </trkpt>
      <trkpt lat="49.997163000" lon="7.720525000">
        <ele>557.0</ele>
      </trkpt>
      <trkpt lat="49.997145000" lon="7.720478000">
        <ele>556.8</ele>
      </trkpt>
      <trkpt lat="49.997135000" lon="7.720448000">
        <ele>556.8</ele>
      </trkpt>
      <trkpt lat="49.997120000" lon="7.720408000">
        <ele>556.6</ele>
      </trkpt>
      <trkpt lat="49.997103000" lon="7.720355000">
        <ele>556.6</ele>
      </trkpt>
      <trkpt lat="49.997087000" lon="7.720280000">
        <ele>556.4</ele>
      </trkpt>
      <trkpt lat="49.997087000" lon="7.720190000">
        <ele>556.4</ele>
      </trkpt>
      <trkpt lat="49.997078000" lon="7.720108000">
        <ele>556.2</ele>
      </trkpt>
      <trkpt lat="49.997065000" lon="7.720052000">
        <ele>556.2</ele>
      </trkpt>
      <trkpt lat="49.997045000" lon="7.720003000">
        <ele>556.0</ele>
      </trkpt>
      <trkpt lat="49.997037000" lon="7.719943000">
        <ele>556.0</ele>
      </trkpt>
      <trkpt lat="49.997023000" lon="7.719897000">
        <ele>555.8</ele>
      </trkpt>
      <trkpt lat="49.997020000" lon="7.719843000">
        <ele>555.6</ele>
      </trkpt>
      <trkpt lat="49.997055000" lon="7.719815000">
        <ele>555.6</ele>
      </trkpt>
      <trkpt lat="49.997033000" lon="7.719775000">
        <ele>555.2</ele>
      </trkpt>
      <trkpt lat="49.997000000" lon="7.719748000">
        <ele>555.2</ele>
      </trkpt>
      <trkpt lat="49.996985000" lon="7.719733000">
        <ele>555.0</ele>
      </trkpt>
      <trkpt lat="49.996960000" lon="7.719720000">
        <ele>554.8</ele>
      </trkpt>
      <trkpt lat="49.996920000" lon="7.719717000">
        <ele>554.8</ele>
      </trkpt>
      <trkpt lat="49.996888000" lon="7.719712000">
        <ele>554.6</ele>
      </trkpt>
      <trkpt lat="49.996860000" lon="7.719702000">
        <ele>554.4</ele>
      </trkpt>
      <trkpt lat="49.996847000" lon="7.719668000">
        <ele>554.4</ele>
      </trkpt>
      <trkpt lat="49.996835000" lon="7.719625000">
        <ele>554.2</ele>
      </trkpt>
      <trkpt lat="49.996818000" lon="7.719580000">
        <ele>554.2</ele>
      </trkpt>
      <trkpt lat="49.996800000" lon="7.719538000">
        <ele>554.0</ele>
      </trkpt>
      <trkpt lat="49.996783000" lon="7.719515000">
        <ele>554.0</ele>
      </trkpt>
      <trkpt lat="49.996763000" lon="7.719503000">
        <ele>554.0</ele>
      </trkpt>
      <trkpt lat="49.996742000" lon="7.719497000">
        <ele>553.8</ele>
      </trkpt>
      <trkpt lat="49.996710000" lon="7.719485000">
        <ele>553.8</ele>
      </trkpt>
      <trkpt lat="49.996687000" lon="7.719477000">
        <ele>553.8</ele>
      </trkpt>
      <trkpt lat="49.996668000" lon="7.719465000">
        <ele>553.8</ele>
      </trkpt>
      <trkpt lat="49.996637000" lon="7.719447000">
        <ele>553.6</ele>
      </trkpt>
      <trkpt lat="49.996648000" lon="7.719420000">
        <ele>553.6</ele>
      </trkpt>
      <trkpt lat="49.996645000" lon="7.719383000">
        <ele>553.6</ele>
      </trkpt>
      <trkpt lat="49.996642000" lon="7.719352000">
        <ele>553.6</ele>
      </trkpt>
      <trkpt lat="49.996620000" lon="7.719332000">
        <ele>553.6</ele>
      </trkpt>
      <trkpt lat="49.996598000" lon="7.719320000">
        <ele>553.6</ele>
      </trkpt>
      <trkpt lat="49.996562000" lon="7.719305000">
        <ele>553.4</ele>
      </trkpt>
      <trkpt lat="49.996540000" lon="7.719292000">
        <ele>553.4</ele>
      </trkpt>
      <trkpt lat="49.996492000" lon="7.719275000">
        <ele>553.4</ele>
      </trkpt>
      <trkpt lat="49.996463000" lon="7.719277000">
        <ele>553.4</ele>
      </trkpt>
      <trkpt lat="49.996440000" lon="7.719273000">
        <ele>553.4</ele>
      </trkpt>
      <trkpt lat="49.996425000" lon="7.719260000">
        <ele>553.4</ele>
      </trkpt>
      <trkpt lat="49.996405000" lon="7.719223000">
        <ele>553.4</ele>
      </trkpt>
      <trkpt lat="49.996380000" lon="7.719197000">
        <ele>553.4</ele>
      </trkpt>
      <trkpt lat="49.996363000" lon="7.719142000">
        <ele>553.4</ele>
      </trkpt>
      <trkpt lat="49.996342000" lon="7.719110000">
        <ele>553.2</ele>
      </trkpt>
      <trkpt lat="49.996328000" lon="7.719068000">
        <ele>553.2</ele>
      </trkpt>
      <trkpt lat="49.996325000" lon="7.719032000">
        <ele>553.2</ele>
      </trkpt>
      <trkpt lat="49.996300000" lon="7.718988000">
        <ele>553.0</ele>
      </trkpt>
      <trkpt lat="49.996287000" lon="7.718967000">
        <ele>553.0</ele>
      </trkpt>
      <trkpt lat="49.996262000" lon="7.718920000">
        <ele>553.0</ele>
      </trkpt>
      <trkpt lat="49.996252000" lon="7.718893000">
        <ele>553.2</ele>
      </trkpt>
      <trkpt lat="49.996245000" lon="7.718867000">
        <ele>553.2</ele>
      </trkpt>
      <trkpt lat="49.996233000" lon="7.718820000">
        <ele>553.2</ele>
      </trkpt>
      <trkpt lat="49.996220000" lon="7.718780000">
        <ele>553.4</ele>
      </trkpt>
      <trkpt lat="49.996195000" lon="7.718750000">
        <ele>553.6</ele>
      </trkpt>
      <trkpt lat="49.996188000" lon="7.718703000">
        <ele>553.8</ele>
      </trkpt>
      <trkpt lat="49.996178000" lon="7.718652000">
        <ele>554.0</ele>
      </trkpt>
      <trkpt lat="49.996162000" lon="7.718623000">
        <ele>554.0</ele>
      </trkpt>
      <trkpt lat="49.996153000" lon="7.718600000">
        <ele>554.2</ele>
      </trkpt>
      <trkpt lat="49.996147000" lon="7.718553000">
        <ele>554.4</ele>
      </trkpt>
      <trkpt lat="49.996140000" lon="7.718497000">
        <ele>554.4</ele>
      </trkpt>
      <trkpt lat="49.996130000" lon="7.718453000">
        <ele>554.4</ele>
      </trkpt>
      <trkpt lat="49.996123000" lon="7.718413000">
        <ele>554.4</ele>
      </trkpt>
      <trkpt lat="49.996112000" lon="7.718383000">
        <ele>554.4</ele>
      </trkpt>
      <trkpt lat="49.996105000" lon="7.718355000">
        <ele>554.4</ele>
      </trkpt>
      <trkpt lat="49.996105000" lon="7.718317000">
        <ele>554.4</ele>
      </trkpt>
      <trkpt lat="49.996108000" lon="7.718280000">
        <ele>554.2</ele>
      </trkpt>
      <trkpt lat="49.996112000" lon="7.718242000">
        <ele>554.2</ele>
      </trkpt>
      <trkpt lat="49.996112000" lon="7.718212000">
        <ele>554.2</ele>
      </trkpt>
      <trkpt lat="49.996105000" lon="7.718178000">
        <ele>554.0</ele>
      </trkpt>
      <trkpt lat="49.996095000" lon="7.718150000">
        <ele>554.0</ele>
      </trkpt>
      <trkpt lat="49.996088000" lon="7.718118000">
        <ele>554.0</ele>
      </trkpt>
      <trkpt lat="49.996082000" lon="7.718082000">
        <ele>553.8</ele>
      </trkpt>
      <trkpt lat="49.996073000" lon="7.718047000">
        <ele>553.8</ele>
      </trkpt>
      <trkpt lat="49.996063000" lon="7.718018000">
        <ele>553.6</ele>
      </trkpt>
      <trkpt lat="49.996050000" lon="7.717985000">
        <ele>553.6</ele>
      </trkpt>
      <trkpt lat="49.996043000" lon="7.717955000">
        <ele>553.4</ele>
      </trkpt>
      <trkpt lat="49.996032000" lon="7.717922000">
        <ele>553.2</ele>
      </trkpt>
      <trkpt lat="49.996015000" lon="7.717893000">
        <ele>553.2</ele>
      </trkpt>
      <trkpt lat="49.996002000" lon="7.717860000">
        <ele>553.0</ele>
      </trkpt>
      <trkpt lat="49.995993000" lon="7.717832000">
        <ele>552.8</ele>
      </trkpt>
      <trkpt lat="49.995990000" lon="7.717800000">
        <ele>552.6</ele>
      </trkpt>
      <trkpt lat="49.995983000" lon="7.717773000">
        <ele>552.4</ele>
      </trkpt>
      <trkpt lat="49.995973000" lon="7.717745000">
        <ele>552.2</ele>
      </trkpt>
      <trkpt lat="49.995970000" lon="7.717690000">
        <ele>551.8</ele>
      </trkpt>
      <trkpt lat="49.995955000" lon="7.717638000">
        <ele>551.4</ele>
      </trkpt>
      <trkpt lat="49.995945000" lon="7.717608000">
        <ele>551.2</ele>
      </trkpt>
      <trkpt lat="49.995935000" lon="7.717578000">
        <ele>551.2</ele>
      </trkpt>
      <trkpt lat="49.995928000" lon="7.717532000">
        <ele>551.0</ele>
      </trkpt>
      <trkpt lat="49.995917000" lon="7.717495000">
        <ele>550.8</ele>
      </trkpt>
      <trkpt lat="49.995910000" lon="7.717455000">
        <ele>550.6</ele>
      </trkpt>
      <trkpt lat="49.995910000" lon="7.717417000">
        <ele>550.6</ele>
      </trkpt>
      <trkpt lat="49.995903000" lon="7.717377000">
        <ele>550.4</ele>
      </trkpt>
      <trkpt lat="49.995890000" lon="7.717345000">
        <ele>550.4</ele>
      </trkpt>
      <trkpt lat="49.995875000" lon="7.717320000">
        <ele>550.2</ele>
      </trkpt>
      <trkpt lat="49.995862000" lon="7.717295000">
        <ele>550.2</ele>
      </trkpt>
      <trkpt lat="49.995852000" lon="7.717268000">
        <ele>550.0</ele>
      </trkpt>
      <trkpt lat="49.995845000" lon="7.717240000">
        <ele>550.0</ele>
      </trkpt>
      <trkpt lat="49.995827000" lon="7.717192000">
        <ele>549.6</ele>
      </trkpt>
      <trkpt lat="49.995813000" lon="7.717172000">
        <ele>549.6</ele>
      </trkpt>
      <trkpt lat="49.995792000" lon="7.717123000">
        <ele>549.4</ele>
      </trkpt>
      <trkpt lat="49.995785000" lon="7.717098000">
        <ele>549.2</ele>
      </trkpt>
      <trkpt lat="49.995782000" lon="7.717070000">
        <ele>549.2</ele>
      </trkpt>
      <trkpt lat="49.995772000" lon="7.717038000">
        <ele>549.0</ele>
      </trkpt>
      <trkpt lat="49.995768000" lon="7.717010000">
        <ele>549.0</ele>
      </trkpt>
      <trkpt lat="49.995753000" lon="7.716975000">
        <ele>549.0</ele>
      </trkpt>
      <trkpt lat="49.995743000" lon="7.716940000">
        <ele>548.8</ele>
      </trkpt>
      <trkpt lat="49.995733000" lon="7.716908000">
        <ele>548.8</ele>
      </trkpt>
      <trkpt lat="49.995723000" lon="7.716880000">
        <ele>548.6</ele>
      </trkpt>
      <trkpt lat="49.995715000" lon="7.716847000">
        <ele>548.6</ele>
      </trkpt>
      <trkpt lat="49.995708000" lon="7.716820000">
        <ele>548.6</ele>
      </trkpt>
      <trkpt lat="49.995695000" lon="7.716797000">
        <ele>548.4</ele>
      </trkpt>
      <trkpt lat="49.995682000" lon="7.716773000">
        <ele>548.4</ele>
      </trkpt>
      <trkpt lat="49.995670000" lon="7.716743000">
        <ele>548.2</ele>
      </trkpt>
      <trkpt lat="49.995657000" lon="7.716715000">
        <ele>548.2</ele>
      </trkpt>
      <trkpt lat="49.995653000" lon="7.716685000">
        <ele>548.2</ele>
      </trkpt>
      <trkpt lat="49.995647000" lon="7.716653000">
        <ele>548.2</ele>
      </trkpt>
      <trkpt lat="49.995632000" lon="7.716608000">
        <ele>548.2</ele>
      </trkpt>
      <trkpt lat="49.995615000" lon="7.716562000">
        <ele>548.2</ele>
      </trkpt>
      <trkpt lat="49.995605000" lon="7.716538000">
        <ele>548.4</ele>
      </trkpt>
      <trkpt lat="49.995587000" lon="7.716492000">
        <ele>548.6</ele>
      </trkpt>
      <trkpt lat="49.995573000" lon="7.716472000">
        <ele>548.6</ele>
      </trkpt>
      <trkpt lat="49.995563000" lon="7.716447000">
        <ele>548.6</ele>
      </trkpt>
      <trkpt lat="49.995548000" lon="7.716398000">
        <ele>548.6</ele>
      </trkpt>
      <trkpt lat="49.995535000" lon="7.716370000">
        <ele>548.6</ele>
      </trkpt>
      <trkpt lat="49.995525000" lon="7.716340000">
        <ele>548.6</ele>
      </trkpt>
      <trkpt lat="49.995513000" lon="7.716310000">
        <ele>548.6</ele>
      </trkpt>
      <trkpt lat="49.995503000" lon="7.716283000">
        <ele>548.6</ele>
      </trkpt>
      <trkpt lat="49.995493000" lon="7.716260000">
        <ele>548.6</ele>
      </trkpt>
      <trkpt lat="49.995478000" lon="7.716208000">
        <ele>548.6</ele>
      </trkpt>
      <trkpt lat="49.995472000" lon="7.716180000">
        <ele>548.6</ele>
      </trkpt>
      <trkpt lat="49.995455000" lon="7.716132000">
        <ele>548.6</ele>
      </trkpt>
      <trkpt lat="49.995440000" lon="7.716090000">
        <ele>548.6</ele>
      </trkpt>
      <trkpt lat="49.995430000" lon="7.716060000">
        <ele>548.6</ele>
      </trkpt>
      <trkpt lat="49.995420000" lon="7.716030000">
        <ele>548.6</ele>
      </trkpt>
      <trkpt lat="49.995410000" lon="7.716005000">
        <ele>548.6</ele>
      </trkpt>
      <trkpt lat="49.995395000" lon="7.715982000">
        <ele>548.6</ele>
      </trkpt>
      <trkpt lat="49.995375000" lon="7.715933000">
        <ele>548.8</ele>
      </trkpt>
      <trkpt lat="49.995358000" lon="7.715880000">
        <ele>548.8</ele>
      </trkpt>
      <trkpt lat="49.995350000" lon="7.715853000">
        <ele>548.8</ele>
      </trkpt>
      <trkpt lat="49.995337000" lon="7.715828000">
        <ele>548.8</ele>
      </trkpt>
      <trkpt lat="49.995315000" lon="7.715778000">
        <ele>548.8</ele>
      </trkpt>
      <trkpt lat="49.995295000" lon="7.715723000">
        <ele>548.8</ele>
      </trkpt>
      <trkpt lat="49.995285000" lon="7.715698000">
        <ele>548.8</ele>
      </trkpt>
      <trkpt lat="49.995273000" lon="7.715675000">
        <ele>548.6</ele>
      </trkpt>
      <trkpt lat="49.995260000" lon="7.715650000">
        <ele>548.6</ele>
      </trkpt>
      <trkpt lat="49.995238000" lon="7.715603000">
        <ele>548.6</ele>
      </trkpt>
      <trkpt lat="49.995222000" lon="7.715580000">
        <ele>548.4</ele>
      </trkpt>
      <trkpt lat="49.995208000" lon="7.715558000">
        <ele>548.4</ele>
      </trkpt>
      <trkpt lat="49.995197000" lon="7.715537000">
        <ele>548.4</ele>
      </trkpt>
      <trkpt lat="49.995170000" lon="7.715488000">
        <ele>548.4</ele>
      </trkpt>
      <trkpt lat="49.995155000" lon="7.715462000">
        <ele>548.4</ele>
      </trkpt>
      <trkpt lat="49.995138000" lon="7.715440000">
        <ele>548.4</ele>
      </trkpt>
      <trkpt lat="49.995125000" lon="7.715420000">
        <ele>548.4</ele>
      </trkpt>
      <trkpt lat="49.995110000" lon="7.715400000">
        <ele>548.4</ele>
      </trkpt>
      <trkpt lat="49.995093000" lon="7.715380000">
        <ele>548.6</ele>
      </trkpt>
      <trkpt lat="49.995080000" lon="7.715357000">
        <ele>548.6</ele>
      </trkpt>
      <trkpt lat="49.995055000" lon="7.715318000">
        <ele>548.6</ele>
      </trkpt>
      <trkpt lat="49.995042000" lon="7.715295000">
        <ele>548.8</ele>
      </trkpt>
      <trkpt lat="49.995033000" lon="7.715270000">
        <ele>548.8</ele>
      </trkpt>
      <trkpt lat="49.995013000" lon="7.715250000">
        <ele>548.8</ele>
      </trkpt>
      <trkpt lat="49.994995000" lon="7.715228000">
        <ele>549.0</ele>
      </trkpt>
      <trkpt lat="49.994978000" lon="7.715205000">
        <ele>549.2</ele>
      </trkpt>
      <trkpt lat="49.994960000" lon="7.715182000">
        <ele>549.2</ele>
      </trkpt>
      <trkpt lat="49.994940000" lon="7.715158000">
        <ele>549.4</ele>
      </trkpt>
      <trkpt lat="49.994927000" lon="7.715135000">
        <ele>549.4</ele>
      </trkpt>
      <trkpt lat="49.994912000" lon="7.715112000">
        <ele>549.6</ele>
      </trkpt>
      <trkpt lat="49.994892000" lon="7.715088000">
        <ele>549.6</ele>
      </trkpt>
      <trkpt lat="49.994877000" lon="7.715068000">
        <ele>549.6</ele>
      </trkpt>
      <trkpt lat="49.994860000" lon="7.715047000">
        <ele>549.8</ele>
      </trkpt>
      <trkpt lat="49.994850000" lon="7.715022000">
        <ele>549.8</ele>
      </trkpt>
      <trkpt lat="49.994835000" lon="7.715000000">
        <ele>549.8</ele>
      </trkpt>
      <trkpt lat="49.994815000" lon="7.714978000">
        <ele>549.8</ele>
      </trkpt>
      <trkpt lat="49.994800000" lon="7.714960000">
        <ele>549.8</ele>
      </trkpt>
      <trkpt lat="49.994780000" lon="7.714940000">
        <ele>549.8</ele>
      </trkpt>
      <trkpt lat="49.994763000" lon="7.714918000">
        <ele>549.8</ele>
      </trkpt>
      <trkpt lat="49.994738000" lon="7.714880000">
        <ele>550.0</ele>
      </trkpt>
      <trkpt lat="49.994720000" lon="7.714865000">
        <ele>550.0</ele>
      </trkpt>
      <trkpt lat="49.994703000" lon="7.714848000">
        <ele>550.0</ele>
      </trkpt>
      <trkpt lat="49.994683000" lon="7.714832000">
        <ele>550.2</ele>
      </trkpt>
      <trkpt lat="49.994662000" lon="7.714815000">
        <ele>550.2</ele>
      </trkpt>
      <trkpt lat="49.994642000" lon="7.714797000">
        <ele>550.4</ele>
      </trkpt>
      <trkpt lat="49.994623000" lon="7.714775000">
        <ele>550.4</ele>
      </trkpt>
      <trkpt lat="49.994610000" lon="7.714752000">
        <ele>550.4</ele>
      </trkpt>
      <trkpt lat="49.994595000" lon="7.714730000">
        <ele>550.6</ele>
      </trkpt>
      <trkpt lat="49.994578000" lon="7.714715000">
        <ele>550.6</ele>
      </trkpt>
      <trkpt lat="49.994547000" lon="7.714677000">
        <ele>550.8</ele>
      </trkpt>
      <trkpt lat="49.994537000" lon="7.714650000">
        <ele>550.8</ele>
      </trkpt>
      <trkpt lat="49.994520000" lon="7.714627000">
        <ele>551.0</ele>
      </trkpt>
      <trkpt lat="49.994512000" lon="7.714600000">
        <ele>551.0</ele>
      </trkpt>
      <trkpt lat="49.994498000" lon="7.714570000">
        <ele>551.0</ele>
      </trkpt>
      <trkpt lat="49.994477000" lon="7.714520000">
        <ele>551.0</ele>
      </trkpt>
      <trkpt lat="49.994460000" lon="7.714493000">
        <ele>551.0</ele>
      </trkpt>
      <trkpt lat="49.994450000" lon="7.714465000">
        <ele>551.0</ele>
      </trkpt>
      <trkpt lat="49.994438000" lon="7.714438000">
        <ele>551.0</ele>
      </trkpt>
      <trkpt lat="49.994422000" lon="7.714412000">
        <ele>551.0</ele>
      </trkpt>
      <trkpt lat="49.994412000" lon="7.714385000">
        <ele>551.0</ele>
      </trkpt>
      <trkpt lat="49.994397000" lon="7.714362000">
        <ele>551.0</ele>
      </trkpt>
      <trkpt lat="49.994377000" lon="7.714340000">
        <ele>551.0</ele>
      </trkpt>
      <trkpt lat="49.994360000" lon="7.714315000">
        <ele>551.0</ele>
      </trkpt>
      <trkpt lat="49.994342000" lon="7.714290000">
        <ele>551.0</ele>
      </trkpt>
      <trkpt lat="49.994320000" lon="7.714267000">
        <ele>551.0</ele>
      </trkpt>
      <trkpt lat="49.994303000" lon="7.714245000">
        <ele>551.0</ele>
      </trkpt>
      <trkpt lat="49.994280000" lon="7.714220000">
        <ele>551.0</ele>
      </trkpt>
      <trkpt lat="49.994265000" lon="7.714197000">
        <ele>551.0</ele>
      </trkpt>
      <trkpt lat="49.994252000" lon="7.714173000">
        <ele>550.8</ele>
      </trkpt>
      <trkpt lat="49.994237000" lon="7.714148000">
        <ele>550.8</ele>
      </trkpt>
      <trkpt lat="49.994220000" lon="7.714123000">
        <ele>550.8</ele>
      </trkpt>
      <trkpt lat="49.994203000" lon="7.714102000">
        <ele>550.6</ele>
      </trkpt>
      <trkpt lat="49.994188000" lon="7.714080000">
        <ele>550.6</ele>
      </trkpt>
      <trkpt lat="49.994160000" lon="7.714047000">
        <ele>550.4</ele>
      </trkpt>
      <trkpt lat="49.994137000" lon="7.714032000">
        <ele>550.2</ele>
      </trkpt>
      <trkpt lat="49.994120000" lon="7.714012000">
        <ele>550.0</ele>
      </trkpt>
      <trkpt lat="49.994098000" lon="7.713997000">
        <ele>550.0</ele>
      </trkpt>
      <trkpt lat="49.994078000" lon="7.713978000">
        <ele>549.8</ele>
      </trkpt>
      <trkpt lat="49.994060000" lon="7.713960000">
        <ele>549.8</ele>
      </trkpt>
      <trkpt lat="49.994040000" lon="7.713940000">
        <ele>549.6</ele>
      </trkpt>
      <trkpt lat="49.994022000" lon="7.713918000">
        <ele>549.6</ele>
      </trkpt>
      <trkpt lat="49.994002000" lon="7.713900000">
        <ele>549.4</ele>
      </trkpt>
      <trkpt lat="49.993983000" lon="7.713880000">
        <ele>549.2</ele>
      </trkpt>
      <trkpt lat="49.993967000" lon="7.713860000">
        <ele>549.2</ele>
      </trkpt>
      <trkpt lat="49.993948000" lon="7.713842000">
        <ele>549.0</ele>
      </trkpt>
      <trkpt lat="49.993928000" lon="7.713825000">
        <ele>549.0</ele>
      </trkpt>
      <trkpt lat="49.993910000" lon="7.713808000">
        <ele>548.8</ele>
      </trkpt>
      <trkpt lat="49.993890000" lon="7.713795000">
        <ele>548.8</ele>
      </trkpt>
      <trkpt lat="49.993872000" lon="7.713782000">
        <ele>548.6</ele>
      </trkpt>
      <trkpt lat="49.993840000" lon="7.713752000">
        <ele>548.6</ele>
      </trkpt>
      <trkpt lat="49.993820000" lon="7.713737000">
        <ele>548.4</ele>
      </trkpt>
      <trkpt lat="49.993800000" lon="7.713720000">
        <ele>548.4</ele>
      </trkpt>
      <trkpt lat="49.993778000" lon="7.713703000">
        <ele>548.4</ele>
      </trkpt>
      <trkpt lat="49.993760000" lon="7.713692000">
        <ele>548.4</ele>
      </trkpt>
      <trkpt lat="49.993737000" lon="7.713683000">
        <ele>548.4</ele>
      </trkpt>
      <trkpt lat="49.993712000" lon="7.713677000">
        <ele>548.4</ele>
      </trkpt>
      <trkpt lat="49.993688000" lon="7.713663000">
        <ele>548.4</ele>
      </trkpt>
      <trkpt lat="49.993657000" lon="7.713633000">
        <ele>548.4</ele>
      </trkpt>
      <trkpt lat="49.993632000" lon="7.713617000">
        <ele>548.2</ele>
      </trkpt>
      <trkpt lat="49.993600000" lon="7.713587000">
        <ele>548.2</ele>
      </trkpt>
      <trkpt lat="49.993580000" lon="7.713570000">
        <ele>548.2</ele>
      </trkpt>
      <trkpt lat="49.993548000" lon="7.713533000">
        <ele>548.2</ele>
      </trkpt>
      <trkpt lat="49.993528000" lon="7.713517000">
        <ele>548.2</ele>
      </trkpt>
      <trkpt lat="49.993513000" lon="7.713493000">
        <ele>548.0</ele>
      </trkpt>
      <trkpt lat="49.993493000" lon="7.713470000">
        <ele>548.0</ele>
      </trkpt>
      <trkpt lat="49.993462000" lon="7.713437000">
        <ele>547.8</ele>
      </trkpt>
      <trkpt lat="49.993445000" lon="7.713418000">
        <ele>547.8</ele>
      </trkpt>
      <trkpt lat="49.993413000" lon="7.713388000">
        <ele>547.8</ele>
      </trkpt>
      <trkpt lat="49.993395000" lon="7.713372000">
        <ele>547.8</ele>
      </trkpt>
      <trkpt lat="49.993362000" lon="7.713337000">
        <ele>547.6</ele>
      </trkpt>
      <trkpt lat="49.993340000" lon="7.713312000">
        <ele>547.6</ele>
      </trkpt>
      <trkpt lat="49.993312000" lon="7.713300000">
        <ele>547.6</ele>
      </trkpt>
      <trkpt lat="49.993288000" lon="7.713285000">
        <ele>547.4</ele>
      </trkpt>
      <trkpt lat="49.993267000" lon="7.713273000">
        <ele>547.4</ele>
      </trkpt>
      <trkpt lat="49.993250000" lon="7.713250000">
        <ele>547.4</ele>
      </trkpt>
      <trkpt lat="49.993228000" lon="7.713233000">
        <ele>547.2</ele>
      </trkpt>
      <trkpt lat="49.993208000" lon="7.713217000">
        <ele>547.2</ele>
      </trkpt>
      <trkpt lat="49.993190000" lon="7.713198000">
        <ele>547.2</ele>
      </trkpt>
      <trkpt lat="49.993163000" lon="7.713153000">
        <ele>547.0</ele>
      </trkpt>
      <trkpt lat="49.993148000" lon="7.713127000">
        <ele>547.0</ele>
      </trkpt>
      <trkpt lat="49.993132000" lon="7.713102000">
        <ele>546.8</ele>
      </trkpt>
      <trkpt lat="49.993107000" lon="7.713060000">
        <ele>546.8</ele>
      </trkpt>
      <trkpt lat="49.993090000" lon="7.713037000">
        <ele>546.6</ele>
      </trkpt>
      <trkpt lat="49.993065000" lon="7.712992000">
        <ele>546.4</ele>
      </trkpt>
      <trkpt lat="49.993048000" lon="7.712972000">
        <ele>546.4</ele>
      </trkpt>
      <trkpt lat="49.993033000" lon="7.712947000">
        <ele>546.2</ele>
      </trkpt>
      <trkpt lat="49.993007000" lon="7.712903000">
        <ele>546.2</ele>
      </trkpt>
      <trkpt lat="49.992992000" lon="7.712880000">
        <ele>546.0</ele>
      </trkpt>
      <trkpt lat="49.992975000" lon="7.712858000">
        <ele>546.0</ele>
      </trkpt>
      <trkpt lat="49.992962000" lon="7.712835000">
        <ele>546.0</ele>
      </trkpt>
      <trkpt lat="49.992947000" lon="7.712807000">
        <ele>545.8</ele>
      </trkpt>
      <trkpt lat="49.992930000" lon="7.712782000">
        <ele>545.8</ele>
      </trkpt>
      <trkpt lat="49.992915000" lon="7.712760000">
        <ele>545.8</ele>
      </trkpt>
      <trkpt lat="49.992902000" lon="7.712733000">
        <ele>545.8</ele>
      </trkpt>
      <trkpt lat="49.992885000" lon="7.712708000">
        <ele>545.8</ele>
      </trkpt>
      <trkpt lat="49.992870000" lon="7.712692000">
        <ele>545.8</ele>
      </trkpt>
      <trkpt lat="49.992853000" lon="7.712678000">
        <ele>545.8</ele>
      </trkpt>
      <trkpt lat="49.992832000" lon="7.712643000">
        <ele>545.8</ele>
      </trkpt>
      <trkpt lat="49.992818000" lon="7.712623000">
        <ele>545.8</ele>
      </trkpt>
      <trkpt lat="49.992802000" lon="7.712610000">
        <ele>545.8</ele>
      </trkpt>
      <trkpt lat="49.992783000" lon="7.712592000">
        <ele>545.8</ele>
      </trkpt>
      <trkpt lat="49.992763000" lon="7.712573000">
        <ele>545.6</ele>
      </trkpt>
      <trkpt lat="49.992748000" lon="7.712550000">
        <ele>545.6</ele>
      </trkpt>
      <trkpt lat="49.992732000" lon="7.712527000">
        <ele>545.6</ele>
      </trkpt>
      <trkpt lat="49.992713000" lon="7.712505000">
        <ele>545.6</ele>
      </trkpt>
      <trkpt lat="49.992693000" lon="7.712480000">
        <ele>545.4</ele>
      </trkpt>
      <trkpt lat="49.992678000" lon="7.712453000">
        <ele>545.4</ele>
      </trkpt>
      <trkpt lat="49.992665000" lon="7.712432000">
        <ele>545.2</ele>
      </trkpt>
      <trkpt lat="49.992648000" lon="7.712402000">
        <ele>545.0</ele>
      </trkpt>
      <trkpt lat="49.992637000" lon="7.712378000">
        <ele>545.0</ele>
      </trkpt>
      <trkpt lat="49.992617000" lon="7.712355000">
        <ele>545.0</ele>
      </trkpt>
      <trkpt lat="49.992603000" lon="7.712332000">
        <ele>544.8</ele>
      </trkpt>
      <trkpt lat="49.992592000" lon="7.712308000">
        <ele>544.6</ele>
      </trkpt>
      <trkpt lat="49.992575000" lon="7.712285000">
        <ele>544.6</ele>
      </trkpt>
      <trkpt lat="49.992547000" lon="7.712240000">
        <ele>544.4</ele>
      </trkpt>
      <trkpt lat="49.992527000" lon="7.712220000">
        <ele>544.4</ele>
      </trkpt>
      <trkpt lat="49.992512000" lon="7.712203000">
        <ele>544.4</ele>
      </trkpt>
      <trkpt lat="49.992495000" lon="7.712187000">
        <ele>544.2</ele>
      </trkpt>
      <trkpt lat="49.992477000" lon="7.712167000">
        <ele>544.2</ele>
      </trkpt>
      <trkpt lat="49.992457000" lon="7.712150000">
        <ele>544.0</ele>
      </trkpt>
      <trkpt lat="49.992440000" lon="7.712130000">
        <ele>544.0</ele>
      </trkpt>
      <trkpt lat="49.992428000" lon="7.712107000">
        <ele>543.8</ele>
      </trkpt>
      <trkpt lat="49.992415000" lon="7.712080000">
        <ele>543.6</ele>
      </trkpt>
      <trkpt lat="49.992405000" lon="7.712053000">
        <ele>543.4</ele>
      </trkpt>
      <trkpt lat="49.992393000" lon="7.712025000">
        <ele>543.2</ele>
      </trkpt>
      <trkpt lat="49.992380000" lon="7.712000000">
        <ele>543.2</ele>
      </trkpt>
      <trkpt lat="49.992373000" lon="7.711963000">
        <ele>543.0</ele>
      </trkpt>
      <trkpt lat="49.992360000" lon="7.711932000">
        <ele>543.0</ele>
      </trkpt>
      <trkpt lat="49.992352000" lon="7.711902000">
        <ele>542.8</ele>
      </trkpt>
      <trkpt lat="49.992338000" lon="7.711882000">
        <ele>542.8</ele>
      </trkpt>
      <trkpt lat="49.992317000" lon="7.711858000">
        <ele>542.6</ele>
      </trkpt>
      <trkpt lat="49.992297000" lon="7.711840000">
        <ele>542.6</ele>
      </trkpt>
      <trkpt lat="49.992278000" lon="7.711820000">
        <ele>542.4</ele>
      </trkpt>
      <trkpt lat="49.992262000" lon="7.711800000">
        <ele>542.4</ele>
      </trkpt>
      <trkpt lat="49.992248000" lon="7.711777000">
        <ele>542.2</ele>
      </trkpt>
      <trkpt lat="49.992233000" lon="7.711750000">
        <ele>542.0</ele>
      </trkpt>
      <trkpt lat="49.992213000" lon="7.711732000">
        <ele>541.8</ele>
      </trkpt>
      <trkpt lat="49.992195000" lon="7.711712000">
        <ele>541.8</ele>
      </trkpt>
      <trkpt lat="49.992182000" lon="7.711680000">
        <ele>541.6</ele>
      </trkpt>
      <trkpt lat="49.992168000" lon="7.711657000">
        <ele>541.6</ele>
      </trkpt>
      <trkpt lat="49.992153000" lon="7.711632000">
        <ele>541.4</ele>
      </trkpt>
      <trkpt lat="49.992137000" lon="7.711608000">
        <ele>541.4</ele>
      </trkpt>
      <trkpt lat="49.992118000" lon="7.711587000">
        <ele>541.2</ele>
      </trkpt>
      <trkpt lat="49.992102000" lon="7.711572000">
        <ele>541.0</ele>
      </trkpt>
      <trkpt lat="49.992088000" lon="7.711552000">
        <ele>541.0</ele>
      </trkpt>
      <trkpt lat="49.992070000" lon="7.711532000">
        <ele>540.8</ele>
      </trkpt>
      <trkpt lat="49.992053000" lon="7.711512000">
        <ele>540.8</ele>
      </trkpt>
      <trkpt lat="49.992035000" lon="7.711490000">
        <ele>540.6</ele>
      </trkpt>
      <trkpt lat="49.992018000" lon="7.711470000">
        <ele>540.4</ele>
      </trkpt>
      <trkpt lat="49.992000000" lon="7.711450000">
        <ele>540.4</ele>
      </trkpt>
      <trkpt lat="49.991983000" lon="7.711433000">
        <ele>540.2</ele>
      </trkpt>
      <trkpt lat="49.991970000" lon="7.711410000">
        <ele>540.0</ele>
      </trkpt>
      <trkpt lat="49.991955000" lon="7.711393000">
        <ele>539.8</ele>
      </trkpt>
      <trkpt lat="49.991935000" lon="7.711375000">
        <ele>539.6</ele>
      </trkpt>
      <trkpt lat="49.991913000" lon="7.711358000">
        <ele>539.4</ele>
      </trkpt>
      <trkpt lat="49.991893000" lon="7.711340000">
        <ele>539.2</ele>
      </trkpt>
      <trkpt lat="49.991878000" lon="7.711320000">
        <ele>539.0</ele>
      </trkpt>
      <trkpt lat="49.991858000" lon="7.711298000">
        <ele>538.8</ele>
      </trkpt>
      <trkpt lat="49.991837000" lon="7.711280000">
        <ele>538.6</ele>
      </trkpt>
      <trkpt lat="49.991817000" lon="7.711262000">
        <ele>538.6</ele>
      </trkpt>
      <trkpt lat="49.991798000" lon="7.711245000">
        <ele>538.4</ele>
      </trkpt>
      <trkpt lat="49.991778000" lon="7.711227000">
        <ele>538.4</ele>
      </trkpt>
      <trkpt lat="49.991760000" lon="7.711210000">
        <ele>538.2</ele>
      </trkpt>
      <trkpt lat="49.991743000" lon="7.711190000">
        <ele>538.2</ele>
      </trkpt>
      <trkpt lat="49.991730000" lon="7.711167000">
        <ele>538.2</ele>
      </trkpt>
      <trkpt lat="49.991715000" lon="7.711147000">
        <ele>538.2</ele>
      </trkpt>
      <trkpt lat="49.991695000" lon="7.711130000">
        <ele>538.2</ele>
      </trkpt>
      <trkpt lat="49.991677000" lon="7.711110000">
        <ele>538.0</ele>
      </trkpt>
      <trkpt lat="49.991657000" lon="7.711087000">
        <ele>538.0</ele>
      </trkpt>
      <trkpt lat="49.991638000" lon="7.711062000">
        <ele>538.0</ele>
      </trkpt>
      <trkpt lat="49.991612000" lon="7.711038000">
        <ele>538.0</ele>
      </trkpt>
      <trkpt lat="49.991597000" lon="7.711020000">
        <ele>537.8</ele>
      </trkpt>
      <trkpt lat="49.991573000" lon="7.711000000">
        <ele>537.8</ele>
      </trkpt>
      <trkpt lat="49.991555000" lon="7.710983000">
        <ele>537.6</ele>
      </trkpt>
      <trkpt lat="49.991535000" lon="7.710972000">
        <ele>537.4</ele>
      </trkpt>
      <trkpt lat="49.991520000" lon="7.710955000">
        <ele>537.4</ele>
      </trkpt>
      <trkpt lat="49.991503000" lon="7.710938000">
        <ele>537.4</ele>
      </trkpt>
      <trkpt lat="49.991487000" lon="7.710920000">
        <ele>537.2</ele>
      </trkpt>
      <trkpt lat="49.991468000" lon="7.710908000">
        <ele>537.2</ele>
      </trkpt>
      <trkpt lat="49.991440000" lon="7.710880000">
        <ele>537.0</ele>
      </trkpt>
      <trkpt lat="49.991420000" lon="7.710860000">
        <ele>537.0</ele>
      </trkpt>
      <trkpt lat="49.991403000" lon="7.710840000">
        <ele>537.0</ele>
      </trkpt>
      <trkpt lat="49.991388000" lon="7.710820000">
        <ele>537.0</ele>
      </trkpt>
      <trkpt lat="49.991375000" lon="7.710800000">
        <ele>536.8</ele>
      </trkpt>
      <trkpt lat="49.991360000" lon="7.710780000">
        <ele>536.8</ele>
      </trkpt>
      <trkpt lat="49.991347000" lon="7.710758000">
        <ele>536.8</ele>
      </trkpt>
      <trkpt lat="49.991333000" lon="7.710738000">
        <ele>536.6</ele>
      </trkpt>
      <trkpt lat="49.991315000" lon="7.710720000">
        <ele>536.6</ele>
      </trkpt>
      <trkpt lat="49.991295000" lon="7.710703000">
        <ele>536.4</ele>
      </trkpt>
      <trkpt lat="49.991280000" lon="7.710685000">
        <ele>536.2</ele>
      </trkpt>
      <trkpt lat="49.991257000" lon="7.710665000">
        <ele>536.2</ele>
      </trkpt>
      <trkpt lat="49.991243000" lon="7.710640000">
        <ele>536.0</ele>
      </trkpt>
      <trkpt lat="49.991228000" lon="7.710620000">
        <ele>536.0</ele>
      </trkpt>
      <trkpt lat="49.991202000" lon="7.710580000">
        <ele>535.6</ele>
      </trkpt>
      <trkpt lat="49.991187000" lon="7.710562000">
        <ele>535.6</ele>
      </trkpt>
      <trkpt lat="49.991163000" lon="7.710545000">
        <ele>535.4</ele>
      </trkpt>
      <trkpt lat="49.991145000" lon="7.710532000">
        <ele>535.4</ele>
      </trkpt>
      <trkpt lat="49.991125000" lon="7.710520000">
        <ele>535.4</ele>
      </trkpt>
      <trkpt lat="49.991110000" lon="7.710500000">
        <ele>535.2</ele>
      </trkpt>
      <trkpt lat="49.991090000" lon="7.710480000">
        <ele>535.2</ele>
      </trkpt>
      <trkpt lat="49.991062000" lon="7.710442000">
        <ele>535.0</ele>
      </trkpt>
      <trkpt lat="49.991038000" lon="7.710420000">
        <ele>535.0</ele>
      </trkpt>
      <trkpt lat="49.991020000" lon="7.710407000">
        <ele>534.8</ele>
      </trkpt>
      <trkpt lat="49.991000000" lon="7.710395000">
        <ele>534.8</ele>
      </trkpt>
      <trkpt lat="49.990982000" lon="7.710378000">
        <ele>534.8</ele>
      </trkpt>
      <trkpt lat="49.990968000" lon="7.710353000">
        <ele>534.6</ele>
      </trkpt>
      <trkpt lat="49.990947000" lon="7.710313000">
        <ele>534.4</ele>
      </trkpt>
      <trkpt lat="49.990930000" lon="7.710293000">
        <ele>534.4</ele>
      </trkpt>
      <trkpt lat="49.990902000" lon="7.710260000">
        <ele>534.2</ele>
      </trkpt>
      <trkpt lat="49.990882000" lon="7.710240000">
        <ele>534.0</ele>
      </trkpt>
      <trkpt lat="49.990863000" lon="7.710222000">
        <ele>533.8</ele>
      </trkpt>
      <trkpt lat="49.990843000" lon="7.710202000">
        <ele>533.8</ele>
      </trkpt>
      <trkpt lat="49.990828000" lon="7.710180000">
        <ele>533.8</ele>
      </trkpt>
      <trkpt lat="49.990805000" lon="7.710140000">
        <ele>533.8</ele>
      </trkpt>
      <trkpt lat="49.990793000" lon="7.710117000">
        <ele>533.6</ele>
      </trkpt>
      <trkpt lat="49.990787000" lon="7.710090000">
        <ele>533.6</ele>
      </trkpt>
      <trkpt lat="49.990780000" lon="7.710060000">
        <ele>533.4</ele>
      </trkpt>
      <trkpt lat="49.990767000" lon="7.710040000">
        <ele>533.4</ele>
      </trkpt>
      <trkpt lat="49.990758000" lon="7.710015000">
        <ele>533.2</ele>
      </trkpt>
      <trkpt lat="49.990738000" lon="7.709970000">
        <ele>533.0</ele>
      </trkpt>
      <trkpt lat="49.990725000" lon="7.709945000">
        <ele>533.0</ele>
      </trkpt>
      <trkpt lat="49.990713000" lon="7.709913000">
        <ele>532.8</ele>
      </trkpt>
      <trkpt lat="49.990707000" lon="7.709880000">
        <ele>532.6</ele>
      </trkpt>
      <trkpt lat="49.990700000" lon="7.709852000">
        <ele>532.4</ele>
      </trkpt>
      <trkpt lat="49.990690000" lon="7.709823000">
        <ele>532.2</ele>
      </trkpt>
      <trkpt lat="49.990683000" lon="7.709795000">
        <ele>532.0</ele>
      </trkpt>
      <trkpt lat="49.990680000" lon="7.709763000">
        <ele>532.0</ele>
      </trkpt>
      <trkpt lat="49.990678000" lon="7.709730000">
        <ele>531.8</ele>
      </trkpt>
      <trkpt lat="49.990662000" lon="7.709702000">
        <ele>531.6</ele>
      </trkpt>
      <trkpt lat="49.990652000" lon="7.709673000">
        <ele>531.4</ele>
      </trkpt>
      <trkpt lat="49.990642000" lon="7.709640000">
        <ele>531.4</ele>
      </trkpt>
      <trkpt lat="49.990630000" lon="7.709602000">
        <ele>531.0</ele>
      </trkpt>
      <trkpt lat="49.990620000" lon="7.709563000">
        <ele>530.8</ele>
      </trkpt>
      <trkpt lat="49.990607000" lon="7.709532000">
        <ele>530.6</ele>
      </trkpt>
      <trkpt lat="49.990595000" lon="7.709500000">
        <ele>530.4</ele>
      </trkpt>
      <trkpt lat="49.990588000" lon="7.709472000">
        <ele>530.2</ele>
      </trkpt>
      <trkpt lat="49.990582000" lon="7.709440000">
        <ele>530.0</ele>
      </trkpt>
      <trkpt lat="49.990578000" lon="7.709410000">
        <ele>529.8</ele>
      </trkpt>
      <trkpt lat="49.990568000" lon="7.709378000">
        <ele>529.6</ele>
      </trkpt>
      <trkpt lat="49.990562000" lon="7.709343000">
        <ele>529.4</ele>
      </trkpt>
      <trkpt lat="49.990550000" lon="7.709315000">
        <ele>529.2</ele>
      </trkpt>
      <trkpt lat="49.990540000" lon="7.709280000">
        <ele>529.0</ele>
      </trkpt>
      <trkpt lat="49.990527000" lon="7.709250000">
        <ele>528.6</ele>
      </trkpt>
      <trkpt lat="49.990515000" lon="7.709223000">
        <ele>528.4</ele>
      </trkpt>
      <trkpt lat="49.990502000" lon="7.709203000">
        <ele>528.2</ele>
      </trkpt>
      <trkpt lat="49.990470000" lon="7.709172000">
        <ele>527.8</ele>
      </trkpt>
      <trkpt lat="49.990450000" lon="7.709143000">
        <ele>527.6</ele>
      </trkpt>
      <trkpt lat="49.990435000" lon="7.709115000">
        <ele>527.4</ele>
      </trkpt>
      <trkpt lat="49.990415000" lon="7.709092000">
        <ele>527.2</ele>
      </trkpt>
      <trkpt lat="49.990400000" lon="7.709072000">
        <ele>527.0</ele>
      </trkpt>
      <trkpt lat="49.990380000" lon="7.709055000">
        <ele>526.8</ele>
      </trkpt>
      <trkpt lat="49.990363000" lon="7.709037000">
        <ele>526.8</ele>
      </trkpt>
      <trkpt lat="49.990345000" lon="7.709013000">
        <ele>526.6</ele>
      </trkpt>
      <trkpt lat="49.990317000" lon="7.708990000">
        <ele>526.4</ele>
      </trkpt>
      <trkpt lat="49.990300000" lon="7.708973000">
        <ele>526.4</ele>
      </trkpt>
      <trkpt lat="49.990280000" lon="7.708957000">
        <ele>526.4</ele>
      </trkpt>
      <trkpt lat="49.990255000" lon="7.708940000">
        <ele>526.2</ele>
      </trkpt>
      <trkpt lat="49.990237000" lon="7.708920000">
        <ele>526.0</ele>
      </trkpt>
      <trkpt lat="49.990217000" lon="7.708897000">
        <ele>526.0</ele>
      </trkpt>
      <trkpt lat="49.990195000" lon="7.708875000">
        <ele>525.8</ele>
      </trkpt>
      <trkpt lat="49.990168000" lon="7.708858000">
        <ele>525.6</ele>
      </trkpt>
      <trkpt lat="49.990150000" lon="7.708840000">
        <ele>525.6</ele>
      </trkpt>
      <trkpt lat="49.990133000" lon="7.708825000">
        <ele>525.4</ele>
      </trkpt>
      <trkpt lat="49.990112000" lon="7.708797000">
        <ele>525.4</ele>
      </trkpt>
      <trkpt lat="49.990088000" lon="7.708752000">
        <ele>525.2</ele>
      </trkpt>
      <trkpt lat="49.990073000" lon="7.708727000">
        <ele>525.0</ele>
      </trkpt>
      <trkpt lat="49.990047000" lon="7.708687000">
        <ele>524.8</ele>
      </trkpt>
      <trkpt lat="49.990028000" lon="7.708670000">
        <ele>524.8</ele>
      </trkpt>
      <trkpt lat="49.990008000" lon="7.708658000">
        <ele>524.8</ele>
      </trkpt>
      <trkpt lat="49.989997000" lon="7.708637000">
        <ele>524.6</ele>
      </trkpt>
      <trkpt lat="49.989987000" lon="7.708605000">
        <ele>524.6</ele>
      </trkpt>
      <trkpt lat="49.989973000" lon="7.708570000">
        <ele>524.4</ele>
      </trkpt>
      <trkpt lat="49.989963000" lon="7.708538000">
        <ele>524.2</ele>
      </trkpt>
      <trkpt lat="49.989948000" lon="7.708505000">
        <ele>524.0</ele>
      </trkpt>
      <trkpt lat="49.989932000" lon="7.708477000">
        <ele>524.0</ele>
      </trkpt>
      <trkpt lat="49.989920000" lon="7.708445000">
        <ele>523.8</ele>
      </trkpt>
      <trkpt lat="49.989913000" lon="7.708418000">
        <ele>523.6</ele>
      </trkpt>
      <trkpt lat="49.989903000" lon="7.708387000">
        <ele>523.4</ele>
      </trkpt>
      <trkpt lat="49.989893000" lon="7.708355000">
        <ele>523.2</ele>
      </trkpt>
      <trkpt lat="49.989883000" lon="7.708327000">
        <ele>523.0</ele>
      </trkpt>
      <trkpt lat="49.989872000" lon="7.708298000">
        <ele>522.8</ele>
      </trkpt>
      <trkpt lat="49.989858000" lon="7.708267000">
        <ele>522.6</ele>
      </trkpt>
      <trkpt lat="49.989845000" lon="7.708217000">
        <ele>522.2</ele>
      </trkpt>
      <trkpt lat="49.989830000" lon="7.708180000">
        <ele>522.0</ele>
      </trkpt>
      <trkpt lat="49.989813000" lon="7.708140000">
        <ele>521.8</ele>
      </trkpt>
      <trkpt lat="49.989803000" lon="7.708108000">
        <ele>521.8</ele>
      </trkpt>
      <trkpt lat="49.989785000" lon="7.708085000">
        <ele>521.6</ele>
      </trkpt>
      <trkpt lat="49.989765000" lon="7.708072000">
        <ele>521.4</ele>
      </trkpt>
      <trkpt lat="49.989733000" lon="7.708048000">
        <ele>521.2</ele>
      </trkpt>
      <trkpt lat="49.989715000" lon="7.708035000">
        <ele>521.2</ele>
      </trkpt>
      <trkpt lat="49.989695000" lon="7.708012000">
        <ele>521.0</ele>
      </trkpt>
      <trkpt lat="49.989677000" lon="7.707980000">
        <ele>520.8</ele>
      </trkpt>
      <trkpt lat="49.989660000" lon="7.707947000">
        <ele>520.8</ele>
      </trkpt>
      <trkpt lat="49.989657000" lon="7.707915000">
        <ele>520.6</ele>
      </trkpt>
      <trkpt lat="49.989647000" lon="7.707858000">
        <ele>520.2</ele>
      </trkpt>
      <trkpt lat="49.989632000" lon="7.707828000">
        <ele>520.0</ele>
      </trkpt>
      <trkpt lat="49.989615000" lon="7.707813000">
        <ele>519.4</ele>
      </trkpt>
      <trkpt lat="49.989590000" lon="7.707802000">
        <ele>519.0</ele>
      </trkpt>
      <trkpt lat="49.989567000" lon="7.707797000">
        <ele>518.4</ele>
      </trkpt>
      <trkpt lat="49.989542000" lon="7.707780000">
        <ele>518.0</ele>
      </trkpt>
      <trkpt lat="49.989525000" lon="7.707757000">
        <ele>517.6</ele>
      </trkpt>
      <trkpt lat="49.989510000" lon="7.707737000">
        <ele>517.4</ele>
      </trkpt>
      <trkpt lat="49.989513000" lon="7.707702000">
        <ele>517.2</ele>
      </trkpt>
      <trkpt lat="49.989525000" lon="7.707655000">
        <ele>517.0</ele>
      </trkpt>
      <trkpt lat="49.989532000" lon="7.707613000">
        <ele>517.0</ele>
      </trkpt>
      <trkpt lat="49.989552000" lon="7.707573000">
        <ele>516.8</ele>
      </trkpt>
      <trkpt lat="49.989573000" lon="7.707550000">
        <ele>516.6</ele>
      </trkpt>
      <trkpt lat="49.989580000" lon="7.707518000">
        <ele>516.4</ele>
      </trkpt>
      <trkpt lat="49.989597000" lon="7.707502000">
        <ele>516.4</ele>
      </trkpt>
      <trkpt lat="49.989625000" lon="7.707502000">
        <ele>516.2</ele>
      </trkpt>
      <trkpt lat="49.989650000" lon="7.707508000">
        <ele>516.0</ele>
      </trkpt>
      <trkpt lat="49.989673000" lon="7.707508000">
        <ele>515.8</ele>
      </trkpt>
      <trkpt lat="49.989695000" lon="7.707500000">
        <ele>515.6</ele>
      </trkpt>
      <trkpt lat="49.989718000" lon="7.707492000">
        <ele>515.6</ele>
      </trkpt>
      <trkpt lat="49.989737000" lon="7.707478000">
        <ele>515.4</ele>
      </trkpt>
      <trkpt lat="49.989757000" lon="7.707473000">
        <ele>515.4</ele>
      </trkpt>
      <trkpt lat="49.989788000" lon="7.707488000">
        <ele>515.2</ele>
      </trkpt>
      <trkpt lat="49.989810000" lon="7.707493000">
        <ele>515.2</ele>
      </trkpt>
      <trkpt lat="49.989830000" lon="7.707493000">
        <ele>515.0</ele>
      </trkpt>
      <trkpt lat="49.989848000" lon="7.707488000">
        <ele>515.0</ele>
      </trkpt>
      <trkpt lat="49.989872000" lon="7.707485000">
        <ele>514.8</ele>
      </trkpt>
      <trkpt lat="49.989893000" lon="7.707478000">
        <ele>514.8</ele>
      </trkpt>
      <trkpt lat="49.989920000" lon="7.707473000">
        <ele>514.6</ele>
      </trkpt>
      <trkpt lat="49.989948000" lon="7.707468000">
        <ele>514.6</ele>
      </trkpt>
      <trkpt lat="49.989967000" lon="7.707463000">
        <ele>514.4</ele>
      </trkpt>
      <trkpt lat="49.989990000" lon="7.707458000">
        <ele>514.2</ele>
      </trkpt>
      <trkpt lat="49.990012000" lon="7.707452000">
        <ele>514.2</ele>
      </trkpt>
      <trkpt lat="49.990032000" lon="7.707442000">
        <ele>514.0</ele>
      </trkpt>
      <trkpt lat="49.990053000" lon="7.707440000">
        <ele>513.8</ele>
      </trkpt>
      <trkpt lat="49.990085000" lon="7.707438000">
        <ele>513.8</ele>
      </trkpt>
      <trkpt lat="49.990123000" lon="7.707435000">
        <ele>513.6</ele>
      </trkpt>
      <trkpt lat="49.990147000" lon="7.707433000">
        <ele>513.4</ele>
      </trkpt>
      <trkpt lat="49.990165000" lon="7.707432000">
        <ele>513.4</ele>
      </trkpt>
      <trkpt lat="49.990188000" lon="7.707428000">
        <ele>513.4</ele>
      </trkpt>
      <trkpt lat="49.990223000" lon="7.707423000">
        <ele>513.2</ele>
      </trkpt>
      <trkpt lat="49.990245000" lon="7.707425000">
        <ele>513.2</ele>
      </trkpt>
      <trkpt lat="49.990268000" lon="7.707428000">
        <ele>513.2</ele>
      </trkpt>
      <trkpt lat="49.990303000" lon="7.707437000">
        <ele>513.0</ele>
      </trkpt>
      <trkpt lat="49.990335000" lon="7.707443000">
        <ele>512.8</ele>
      </trkpt>
      <trkpt lat="49.990360000" lon="7.707448000">
        <ele>512.8</ele>
      </trkpt>
      <trkpt lat="49.990383000" lon="7.707457000">
        <ele>512.8</ele>
      </trkpt>
      <trkpt lat="49.990402000" lon="7.707463000">
        <ele>512.6</ele>
      </trkpt>
      <trkpt lat="49.990425000" lon="7.707473000">
        <ele>512.4</ele>
      </trkpt>
      <trkpt lat="49.990447000" lon="7.707480000">
        <ele>512.4</ele>
      </trkpt>
      <trkpt lat="49.990467000" lon="7.707483000">
        <ele>512.2</ele>
      </trkpt>
      <trkpt lat="49.990488000" lon="7.707493000">
        <ele>512.0</ele>
      </trkpt>
      <trkpt lat="49.990508000" lon="7.707498000">
        <ele>511.8</ele>
      </trkpt>
      <trkpt lat="49.990527000" lon="7.707500000">
        <ele>511.8</ele>
      </trkpt>
      <trkpt lat="49.990550000" lon="7.707502000">
        <ele>511.6</ele>
      </trkpt>
      <trkpt lat="49.990568000" lon="7.707505000">
        <ele>511.4</ele>
      </trkpt>
      <trkpt lat="49.990592000" lon="7.707507000">
        <ele>511.2</ele>
      </trkpt>
      <trkpt lat="49.990620000" lon="7.707520000">
        <ele>511.2</ele>
      </trkpt>
      <trkpt lat="49.990640000" lon="7.707530000">
        <ele>511.0</ele>
      </trkpt>
      <trkpt lat="49.990665000" lon="7.707538000">
        <ele>510.8</ele>
      </trkpt>
      <trkpt lat="49.990687000" lon="7.707540000">
        <ele>510.6</ele>
      </trkpt>
      <trkpt lat="49.990707000" lon="7.707542000">
        <ele>510.4</ele>
      </trkpt>
      <trkpt lat="49.990728000" lon="7.707543000">
        <ele>510.2</ele>
      </trkpt>
      <trkpt lat="49.990752000" lon="7.707545000">
        <ele>510.2</ele>
      </trkpt>
      <trkpt lat="49.990777000" lon="7.707547000">
        <ele>510.0</ele>
      </trkpt>
      <trkpt lat="49.990802000" lon="7.707550000">
        <ele>510.0</ele>
      </trkpt>
      <trkpt lat="49.990825000" lon="7.707555000">
        <ele>509.8</ele>
      </trkpt>
      <trkpt lat="49.990843000" lon="7.707555000">
        <ele>509.8</ele>
      </trkpt>
      <trkpt lat="49.990863000" lon="7.707550000">
        <ele>509.6</ele>
      </trkpt>
      <trkpt lat="49.990885000" lon="7.707550000">
        <ele>509.6</ele>
      </trkpt>
      <trkpt lat="49.990905000" lon="7.707550000">
        <ele>509.4</ele>
      </trkpt>
      <trkpt lat="49.990927000" lon="7.707547000">
        <ele>509.2</ele>
      </trkpt>
      <trkpt lat="49.990947000" lon="7.707542000">
        <ele>509.2</ele>
      </trkpt>
      <trkpt lat="49.990965000" lon="7.707540000">
        <ele>509.0</ele>
      </trkpt>
      <trkpt lat="49.990985000" lon="7.707533000">
        <ele>509.0</ele>
      </trkpt>
      <trkpt lat="49.991010000" lon="7.707530000">
        <ele>509.0</ele>
      </trkpt>
      <trkpt lat="49.991037000" lon="7.707522000">
        <ele>508.8</ele>
      </trkpt>
      <trkpt lat="49.991055000" lon="7.707513000">
        <ele>508.8</ele>
      </trkpt>
      <trkpt lat="49.991087000" lon="7.707475000">
        <ele>508.6</ele>
      </trkpt>
      <trkpt lat="49.991107000" lon="7.707448000">
        <ele>508.4</ele>
      </trkpt>
      <trkpt lat="49.991128000" lon="7.707425000">
        <ele>508.4</ele>
      </trkpt>
      <trkpt lat="49.991148000" lon="7.707400000">
        <ele>508.2</ele>
      </trkpt>
      <trkpt lat="49.991160000" lon="7.707372000">
        <ele>508.0</ele>
      </trkpt>
      <trkpt lat="49.991167000" lon="7.707343000">
        <ele>507.8</ele>
      </trkpt>
      <trkpt lat="49.991190000" lon="7.707315000">
        <ele>507.6</ele>
      </trkpt>
      <trkpt lat="49.991202000" lon="7.707290000">
        <ele>507.6</ele>
      </trkpt>
      <trkpt lat="49.991222000" lon="7.707267000">
        <ele>507.4</ele>
      </trkpt>
      <trkpt lat="49.991240000" lon="7.707245000">
        <ele>507.2</ele>
      </trkpt>
      <trkpt lat="49.991257000" lon="7.707223000">
        <ele>507.0</ele>
      </trkpt>
      <trkpt lat="49.991270000" lon="7.707203000">
        <ele>506.8</ele>
      </trkpt>
      <trkpt lat="49.991288000" lon="7.707185000">
        <ele>506.6</ele>
      </trkpt>
      <trkpt lat="49.991305000" lon="7.707170000">
        <ele>506.6</ele>
      </trkpt>
      <trkpt lat="49.991320000" lon="7.707155000">
        <ele>506.4</ele>
      </trkpt>
      <trkpt lat="49.991337000" lon="7.707140000">
        <ele>506.4</ele>
      </trkpt>
      <trkpt lat="49.991353000" lon="7.707117000">
        <ele>506.2</ele>
      </trkpt>
      <trkpt lat="49.991368000" lon="7.707093000">
        <ele>506.2</ele>
      </trkpt>
      <trkpt lat="49.991388000" lon="7.707065000">
        <ele>506.0</ele>
      </trkpt>
      <trkpt lat="49.991407000" lon="7.707043000">
        <ele>505.8</ele>
      </trkpt>
      <trkpt lat="49.991427000" lon="7.707022000">
        <ele>505.6</ele>
      </trkpt>
      <trkpt lat="49.991452000" lon="7.707005000">
        <ele>505.6</ele>
      </trkpt>
      <trkpt lat="49.991480000" lon="7.706967000">
        <ele>505.2</ele>
      </trkpt>
      <trkpt lat="49.991497000" lon="7.706943000">
        <ele>505.0</ele>
      </trkpt>
      <trkpt lat="49.991507000" lon="7.706920000">
        <ele>505.0</ele>
      </trkpt>
      <trkpt lat="49.991525000" lon="7.706897000">
        <ele>504.8</ele>
      </trkpt>
      <trkpt lat="49.991538000" lon="7.706875000">
        <ele>504.6</ele>
      </trkpt>
      <trkpt lat="49.991560000" lon="7.706837000">
        <ele>504.2</ele>
      </trkpt>
      <trkpt lat="49.991580000" lon="7.706818000">
        <ele>504.0</ele>
      </trkpt>
      <trkpt lat="49.991600000" lon="7.706798000">
        <ele>504.0</ele>
      </trkpt>
      <trkpt lat="49.991615000" lon="7.706780000">
        <ele>503.8</ele>
      </trkpt>
      <trkpt lat="49.991638000" lon="7.706763000">
        <ele>503.6</ele>
      </trkpt>
      <trkpt lat="49.991653000" lon="7.706745000">
        <ele>503.4</ele>
      </trkpt>
      <trkpt lat="49.991673000" lon="7.706728000">
        <ele>503.2</ele>
      </trkpt>
      <trkpt lat="49.991692000" lon="7.706708000">
        <ele>503.0</ele>
      </trkpt>
      <trkpt lat="49.991705000" lon="7.706688000">
        <ele>502.8</ele>
      </trkpt>
      <trkpt lat="49.991730000" lon="7.706668000">
        <ele>502.6</ele>
      </trkpt>
      <trkpt lat="49.991772000" lon="7.706632000">
        <ele>502.4</ele>
      </trkpt>
      <trkpt lat="49.991795000" lon="7.706612000">
        <ele>502.2</ele>
      </trkpt>
      <trkpt lat="49.991820000" lon="7.706600000">
        <ele>502.0</ele>
      </trkpt>
      <trkpt lat="49.991842000" lon="7.706587000">
        <ele>502.0</ele>
      </trkpt>
      <trkpt lat="49.991865000" lon="7.706570000">
        <ele>501.8</ele>
      </trkpt>
      <trkpt lat="49.991883000" lon="7.706543000">
        <ele>501.6</ele>
      </trkpt>
      <trkpt lat="49.991897000" lon="7.706515000">
        <ele>501.6</ele>
      </trkpt>
      <trkpt lat="49.991913000" lon="7.706487000">
        <ele>501.4</ele>
      </trkpt>
      <trkpt lat="49.991928000" lon="7.706460000">
        <ele>501.2</ele>
      </trkpt>
      <trkpt lat="49.991942000" lon="7.706437000">
        <ele>501.0</ele>
      </trkpt>
      <trkpt lat="49.991960000" lon="7.706415000">
        <ele>501.0</ele>
      </trkpt>
      <trkpt lat="49.991983000" lon="7.706395000">
        <ele>500.8</ele>
      </trkpt>
      <trkpt lat="49.992008000" lon="7.706375000">
        <ele>500.6</ele>
      </trkpt>
      <trkpt lat="49.992032000" lon="7.706360000">
        <ele>500.4</ele>
      </trkpt>
      <trkpt lat="49.992053000" lon="7.706345000">
        <ele>500.2</ele>
      </trkpt>
      <trkpt lat="49.992077000" lon="7.706325000">
        <ele>500.0</ele>
      </trkpt>
      <trkpt lat="49.992095000" lon="7.706305000">
        <ele>499.8</ele>
      </trkpt>
      <trkpt lat="49.992115000" lon="7.706283000">
        <ele>499.6</ele>
      </trkpt>
      <trkpt lat="49.992133000" lon="7.706265000">
        <ele>499.4</ele>
      </trkpt>
      <trkpt lat="49.992153000" lon="7.706247000">
        <ele>499.2</ele>
      </trkpt>
      <trkpt lat="49.992175000" lon="7.706230000">
        <ele>499.0</ele>
      </trkpt>
      <trkpt lat="49.992195000" lon="7.706218000">
        <ele>498.8</ele>
      </trkpt>
      <trkpt lat="49.992210000" lon="7.706198000">
        <ele>498.6</ele>
      </trkpt>
      <trkpt lat="49.992220000" lon="7.706170000">
        <ele>498.4</ele>
      </trkpt>
      <trkpt lat="49.992237000" lon="7.706143000">
        <ele>498.2</ele>
      </trkpt>
      <trkpt lat="49.992255000" lon="7.706125000">
        <ele>498.2</ele>
      </trkpt>
      <trkpt lat="49.992272000" lon="7.706102000">
        <ele>498.0</ele>
      </trkpt>
      <trkpt lat="49.992293000" lon="7.706055000">
        <ele>497.8</ele>
      </trkpt>
      <trkpt lat="49.992307000" lon="7.706032000">
        <ele>497.6</ele>
      </trkpt>
      <trkpt lat="49.992328000" lon="7.705985000">
        <ele>497.4</ele>
      </trkpt>
      <trkpt lat="49.992338000" lon="7.705960000">
        <ele>497.4</ele>
      </trkpt>
      <trkpt lat="49.992348000" lon="7.705933000">
        <ele>497.2</ele>
      </trkpt>
      <trkpt lat="49.992360000" lon="7.705903000">
        <ele>497.2</ele>
      </trkpt>
      <trkpt lat="49.992373000" lon="7.705875000">
        <ele>497.0</ele>
      </trkpt>
      <trkpt lat="49.992390000" lon="7.705850000">
        <ele>497.0</ele>
      </trkpt>
      <trkpt lat="49.992412000" lon="7.705810000">
        <ele>497.0</ele>
      </trkpt>
      <trkpt lat="49.992425000" lon="7.705787000">
        <ele>496.8</ele>
      </trkpt>
      <trkpt lat="49.992435000" lon="7.705762000">
        <ele>496.8</ele>
      </trkpt>
      <trkpt lat="49.992450000" lon="7.705737000">
        <ele>496.8</ele>
      </trkpt>
      <trkpt lat="49.992467000" lon="7.705708000">
        <ele>496.6</ele>
      </trkpt>
      <trkpt lat="49.992480000" lon="7.705688000">
        <ele>496.6</ele>
      </trkpt>
      <trkpt lat="49.992495000" lon="7.705665000">
        <ele>496.4</ele>
      </trkpt>
      <trkpt lat="49.992505000" lon="7.705637000">
        <ele>496.2</ele>
      </trkpt>
      <trkpt lat="49.992515000" lon="7.705612000">
        <ele>496.0</ele>
      </trkpt>
      <trkpt lat="49.992527000" lon="7.705585000">
        <ele>495.8</ele>
      </trkpt>
      <trkpt lat="49.992537000" lon="7.705560000">
        <ele>495.8</ele>
      </trkpt>
      <trkpt lat="49.992550000" lon="7.705537000">
        <ele>495.6</ele>
      </trkpt>
      <trkpt lat="49.992565000" lon="7.705510000">
        <ele>495.4</ele>
      </trkpt>
      <trkpt lat="49.992575000" lon="7.705482000">
        <ele>495.2</ele>
      </trkpt>
      <trkpt lat="49.992592000" lon="7.705458000">
        <ele>495.2</ele>
      </trkpt>
      <trkpt lat="49.992607000" lon="7.705437000">
        <ele>495.0</ele>
      </trkpt>
      <trkpt lat="49.992620000" lon="7.705413000">
        <ele>494.6</ele>
      </trkpt>
      <trkpt lat="49.992633000" lon="7.705388000">
        <ele>494.4</ele>
      </trkpt>
      <trkpt lat="49.992645000" lon="7.705363000">
        <ele>494.2</ele>
      </trkpt>
      <trkpt lat="49.992668000" lon="7.705318000">
        <ele>493.8</ele>
      </trkpt>
      <trkpt lat="49.992683000" lon="7.705292000">
        <ele>493.4</ele>
      </trkpt>
      <trkpt lat="49.992690000" lon="7.705260000">
        <ele>493.2</ele>
      </trkpt>
      <trkpt lat="49.992707000" lon="7.705228000">
        <ele>493.0</ele>
      </trkpt>
      <trkpt lat="49.992720000" lon="7.705207000">
        <ele>492.8</ele>
      </trkpt>
      <trkpt lat="49.992732000" lon="7.705183000">
        <ele>492.6</ele>
      </trkpt>
      <trkpt lat="49.992745000" lon="7.705158000">
        <ele>492.2</ele>
      </trkpt>
      <trkpt lat="49.992752000" lon="7.705130000">
        <ele>492.0</ele>
      </trkpt>
      <trkpt lat="49.992763000" lon="7.705100000">
        <ele>491.8</ele>
      </trkpt>
      <trkpt lat="49.992777000" lon="7.705070000">
        <ele>491.6</ele>
      </trkpt>
      <trkpt lat="49.992793000" lon="7.705040000">
        <ele>491.6</ele>
      </trkpt>
      <trkpt lat="49.992802000" lon="7.704997000">
        <ele>491.4</ele>
      </trkpt>
      <trkpt lat="49.992812000" lon="7.704963000">
        <ele>491.2</ele>
      </trkpt>
      <trkpt lat="49.992828000" lon="7.704943000">
        <ele>491.2</ele>
      </trkpt>
      <trkpt lat="49.992847000" lon="7.704925000">
        <ele>491.0</ele>
      </trkpt>
      <trkpt lat="49.992867000" lon="7.704908000">
        <ele>490.8</ele>
      </trkpt>
      <trkpt lat="49.992885000" lon="7.704880000">
        <ele>490.6</ele>
      </trkpt>
      <trkpt lat="49.992895000" lon="7.704847000">
        <ele>490.6</ele>
      </trkpt>
      <trkpt lat="49.992908000" lon="7.704818000">
        <ele>490.4</ele>
      </trkpt>
      <trkpt lat="49.992927000" lon="7.704790000">
        <ele>490.2</ele>
      </trkpt>
      <trkpt lat="49.992947000" lon="7.704765000">
        <ele>490.2</ele>
      </trkpt>
      <trkpt lat="49.992968000" lon="7.704743000">
        <ele>490.0</ele>
      </trkpt>
      <trkpt lat="49.992988000" lon="7.704725000">
        <ele>490.0</ele>
      </trkpt>
      <trkpt lat="49.993007000" lon="7.704700000">
        <ele>489.8</ele>
      </trkpt>
      <trkpt lat="49.993030000" lon="7.704685000">
        <ele>489.8</ele>
      </trkpt>
      <trkpt lat="49.993048000" lon="7.704672000">
        <ele>489.6</ele>
      </trkpt>
      <trkpt lat="49.993075000" lon="7.704672000">
        <ele>489.4</ele>
      </trkpt>
      <trkpt lat="49.993107000" lon="7.704675000">
        <ele>489.4</ele>
      </trkpt>
      <trkpt lat="49.993132000" lon="7.704660000">
        <ele>489.2</ele>
      </trkpt>
      <trkpt lat="49.993155000" lon="7.704648000">
        <ele>489.0</ele>
      </trkpt>
      <trkpt lat="49.993180000" lon="7.704648000">
        <ele>489.0</ele>
      </trkpt>
      <trkpt lat="49.993202000" lon="7.704643000">
        <ele>488.8</ele>
      </trkpt>
      <trkpt lat="49.993222000" lon="7.704640000">
        <ele>488.8</ele>
      </trkpt>
      <trkpt lat="49.993243000" lon="7.704640000">
        <ele>488.8</ele>
      </trkpt>
      <trkpt lat="49.993267000" lon="7.704637000">
        <ele>488.8</ele>
      </trkpt>
      <trkpt lat="49.993285000" lon="7.704635000">
        <ele>488.8</ele>
      </trkpt>
      <trkpt lat="49.993305000" lon="7.704635000">
        <ele>488.8</ele>
      </trkpt>
      <trkpt lat="49.993323000" lon="7.704638000">
        <ele>488.8</ele>
      </trkpt>
      <trkpt lat="49.993343000" lon="7.704638000">
        <ele>488.8</ele>
      </trkpt>
      <trkpt lat="49.993372000" lon="7.704633000">
        <ele>488.8</ele>
      </trkpt>
      <trkpt lat="49.993392000" lon="7.704632000">
        <ele>488.8</ele>
      </trkpt>
      <trkpt lat="49.993420000" lon="7.704625000">
        <ele>488.8</ele>
      </trkpt>
      <trkpt lat="49.993440000" lon="7.704618000">
        <ele>489.0</ele>
      </trkpt>
      <trkpt lat="49.993458000" lon="7.704617000">
        <ele>489.2</ele>
      </trkpt>
      <trkpt lat="49.993478000" lon="7.704617000">
        <ele>489.2</ele>
      </trkpt>
      <trkpt lat="49.993513000" lon="7.704618000">
        <ele>489.4</ele>
      </trkpt>
      <trkpt lat="49.993542000" lon="7.704608000">
        <ele>489.4</ele>
      </trkpt>
      <trkpt lat="49.993560000" lon="7.704602000">
        <ele>489.6</ele>
      </trkpt>
      <trkpt lat="49.993580000" lon="7.704603000">
        <ele>489.6</ele>
      </trkpt>
      <trkpt lat="49.993605000" lon="7.704615000">
        <ele>489.8</ele>
      </trkpt>
      <trkpt lat="49.993632000" lon="7.704625000">
        <ele>490.0</ele>
      </trkpt>
      <trkpt lat="49.993650000" lon="7.704633000">
        <ele>490.2</ele>
      </trkpt>
      <trkpt lat="49.993677000" lon="7.704637000">
        <ele>490.2</ele>
      </trkpt>
      <trkpt lat="49.993708000" lon="7.704653000">
        <ele>490.6</ele>
      </trkpt>
      <trkpt lat="49.993740000" lon="7.704663000">
        <ele>490.8</ele>
      </trkpt>
      <trkpt lat="49.993768000" lon="7.704678000">
        <ele>491.2</ele>
      </trkpt>
      <trkpt lat="49.993792000" lon="7.704680000">
        <ele>491.4</ele>
      </trkpt>
      <trkpt lat="49.993820000" lon="7.704680000">
        <ele>491.8</ele>
      </trkpt>
      <trkpt lat="49.993840000" lon="7.704677000">
        <ele>492.0</ele>
      </trkpt>
      <trkpt lat="49.993858000" lon="7.704672000">
        <ele>492.2</ele>
      </trkpt>
      <trkpt lat="49.993880000" lon="7.704662000">
        <ele>492.4</ele>
      </trkpt>
      <trkpt lat="49.993903000" lon="7.704665000">
        <ele>492.6</ele>
      </trkpt>
      <trkpt lat="49.993922000" lon="7.704675000">
        <ele>492.8</ele>
      </trkpt>
      <trkpt lat="49.993955000" lon="7.704680000">
        <ele>493.0</ele>
      </trkpt>
      <trkpt lat="49.993987000" lon="7.704692000">
        <ele>493.4</ele>
      </trkpt>
      <trkpt lat="49.994008000" lon="7.704693000">
        <ele>493.6</ele>
      </trkpt>
      <trkpt lat="49.994038000" lon="7.704698000">
        <ele>493.8</ele>
      </trkpt>
      <trkpt lat="49.994077000" lon="7.704713000">
        <ele>494.2</ele>
      </trkpt>
      <trkpt lat="49.994095000" lon="7.704730000">
        <ele>494.2</ele>
      </trkpt>
      <trkpt lat="49.994118000" lon="7.704745000">
        <ele>494.4</ele>
      </trkpt>
      <trkpt lat="49.994140000" lon="7.704758000">
        <ele>494.6</ele>
      </trkpt>
      <trkpt lat="49.994160000" lon="7.704763000">
        <ele>494.8</ele>
      </trkpt>
      <trkpt lat="49.994188000" lon="7.704782000">
        <ele>495.0</ele>
      </trkpt>
      <trkpt lat="49.994207000" lon="7.704790000">
        <ele>495.2</ele>
      </trkpt>
      <trkpt lat="49.994240000" lon="7.704787000">
        <ele>495.4</ele>
      </trkpt>
      <trkpt lat="49.994258000" lon="7.704795000">
        <ele>495.4</ele>
      </trkpt>
      <trkpt lat="49.994280000" lon="7.704803000">
        <ele>495.6</ele>
      </trkpt>
      <trkpt lat="49.994300000" lon="7.704817000">
        <ele>496.0</ele>
      </trkpt>
      <trkpt lat="49.994320000" lon="7.704820000">
        <ele>496.2</ele>
      </trkpt>
      <trkpt lat="49.994342000" lon="7.704835000">
        <ele>496.4</ele>
      </trkpt>
      <trkpt lat="49.994367000" lon="7.704847000">
        <ele>496.4</ele>
      </trkpt>
      <trkpt lat="49.994393000" lon="7.704860000">
        <ele>496.6</ele>
      </trkpt>
      <trkpt lat="49.994422000" lon="7.704870000">
        <ele>496.8</ele>
      </trkpt>
      <trkpt lat="49.994450000" lon="7.704892000">
        <ele>496.8</ele>
      </trkpt>
      <trkpt lat="49.994477000" lon="7.704923000">
        <ele>497.0</ele>
      </trkpt>
      <trkpt lat="49.994498000" lon="7.704945000">
        <ele>497.0</ele>
      </trkpt>
      <trkpt lat="49.994520000" lon="7.704968000">
        <ele>497.2</ele>
      </trkpt>
      <trkpt lat="49.994537000" lon="7.704988000">
        <ele>497.2</ele>
      </trkpt>
      <trkpt lat="49.994553000" lon="7.705008000">
        <ele>497.4</ele>
      </trkpt>
      <trkpt lat="49.994565000" lon="7.705028000">
        <ele>497.4</ele>
      </trkpt>
      <trkpt lat="49.994582000" lon="7.705045000">
        <ele>497.6</ele>
      </trkpt>
      <trkpt lat="49.994603000" lon="7.705062000">
        <ele>497.6</ele>
      </trkpt>
      <trkpt lat="49.994630000" lon="7.705080000">
        <ele>497.6</ele>
      </trkpt>
      <trkpt lat="49.994652000" lon="7.705102000">
        <ele>497.6</ele>
      </trkpt>
      <trkpt lat="49.994672000" lon="7.705125000">
        <ele>497.4</ele>
      </trkpt>
      <trkpt lat="49.994693000" lon="7.705150000">
        <ele>497.4</ele>
      </trkpt>
      <trkpt lat="49.994717000" lon="7.705170000">
        <ele>497.2</ele>
      </trkpt>
      <trkpt lat="49.994742000" lon="7.705197000">
        <ele>497.0</ele>
      </trkpt>
      <trkpt lat="49.994770000" lon="7.705220000">
        <ele>496.8</ele>
      </trkpt>
      <trkpt lat="49.994790000" lon="7.705255000">
        <ele>496.4</ele>
      </trkpt>
      <trkpt lat="49.994808000" lon="7.705285000">
        <ele>496.2</ele>
      </trkpt>
      <trkpt lat="49.994838000" lon="7.705313000">
        <ele>495.8</ele>
      </trkpt>
      <trkpt lat="49.994870000" lon="7.705338000">
        <ele>495.6</ele>
      </trkpt>
      <trkpt lat="49.994892000" lon="7.705358000">
        <ele>495.2</ele>
      </trkpt>
      <trkpt lat="49.994915000" lon="7.705378000">
        <ele>495.0</ele>
      </trkpt>
      <trkpt lat="49.994933000" lon="7.705400000">
        <ele>494.6</ele>
      </trkpt>
      <trkpt lat="49.994950000" lon="7.705422000">
        <ele>494.4</ele>
      </trkpt>
      <trkpt lat="49.994972000" lon="7.705440000">
        <ele>494.0</ele>
      </trkpt>
      <trkpt lat="49.994995000" lon="7.705458000">
        <ele>493.8</ele>
      </trkpt>
      <trkpt lat="49.995013000" lon="7.705478000">
        <ele>493.4</ele>
      </trkpt>
      <trkpt lat="49.995033000" lon="7.705502000">
        <ele>493.2</ele>
      </trkpt>
      <trkpt lat="49.995055000" lon="7.705530000">
        <ele>492.8</ele>
      </trkpt>
      <trkpt lat="49.995075000" lon="7.705557000">
        <ele>492.6</ele>
      </trkpt>
      <trkpt lat="49.995093000" lon="7.705580000">
        <ele>492.4</ele>
      </trkpt>
      <trkpt lat="49.995110000" lon="7.705600000">
        <ele>492.2</ele>
      </trkpt>
      <trkpt lat="49.995125000" lon="7.705612000">
        <ele>491.8</ele>
      </trkpt>
      <trkpt lat="49.995142000" lon="7.705638000">
        <ele>491.4</ele>
      </trkpt>
      <trkpt lat="49.995160000" lon="7.705635000">
        <ele>491.2</ele>
      </trkpt>
      <trkpt lat="49.995193000" lon="7.705627000">
        <ele>490.8</ele>
      </trkpt>
      <trkpt lat="49.995212000" lon="7.705635000">
        <ele>490.6</ele>
      </trkpt>
      <trkpt lat="49.995232000" lon="7.705637000">
        <ele>490.6</ele>
      </trkpt>
      <trkpt lat="49.995253000" lon="7.705635000">
        <ele>490.4</ele>
      </trkpt>
      <trkpt lat="49.995277000" lon="7.705627000">
        <ele>490.2</ele>
      </trkpt>
      <trkpt lat="49.995295000" lon="7.705622000">
        <ele>490.2</ele>
      </trkpt>
      <trkpt lat="49.995318000" lon="7.705617000">
        <ele>490.0</ele>
      </trkpt>
      <trkpt lat="49.995333000" lon="7.705602000">
        <ele>490.0</ele>
      </trkpt>
      <trkpt lat="49.995353000" lon="7.705592000">
        <ele>489.8</ele>
      </trkpt>
      <trkpt lat="49.995375000" lon="7.705580000">
        <ele>489.6</ele>
      </trkpt>
      <trkpt lat="49.995407000" lon="7.705560000">
        <ele>489.2</ele>
      </trkpt>
      <trkpt lat="49.995430000" lon="7.705538000">
        <ele>488.8</ele>
      </trkpt>
      <trkpt lat="49.995448000" lon="7.705522000">
        <ele>488.6</ele>
      </trkpt>
      <trkpt lat="49.995478000" lon="7.705497000">
        <ele>488.2</ele>
      </trkpt>
      <trkpt lat="49.995493000" lon="7.705465000">
        <ele>487.6</ele>
      </trkpt>
      <trkpt lat="49.995525000" lon="7.705427000">
        <ele>487.4</ele>
      </trkpt>
      <trkpt lat="49.995538000" lon="7.705407000">
        <ele>487.2</ele>
      </trkpt>
      <trkpt lat="49.995563000" lon="7.705388000">
        <ele>487.0</ele>
      </trkpt>
      <trkpt lat="49.995587000" lon="7.705377000">
        <ele>486.8</ele>
      </trkpt>
      <trkpt lat="49.995608000" lon="7.705363000">
        <ele>486.6</ele>
      </trkpt>
      <trkpt lat="49.995632000" lon="7.705352000">
        <ele>486.6</ele>
      </trkpt>
      <trkpt lat="49.995647000" lon="7.705337000">
        <ele>486.4</ele>
      </trkpt>
      <trkpt lat="49.995667000" lon="7.705332000">
        <ele>486.2</ele>
      </trkpt>
      <trkpt lat="49.995685000" lon="7.705328000">
        <ele>486.2</ele>
      </trkpt>
      <trkpt lat="49.995705000" lon="7.705322000">
        <ele>486.0</ele>
      </trkpt>
      <trkpt lat="49.995723000" lon="7.705317000">
        <ele>485.8</ele>
      </trkpt>
      <trkpt lat="49.995743000" lon="7.705315000">
        <ele>485.8</ele>
      </trkpt>
      <trkpt lat="49.995775000" lon="7.705303000">
        <ele>485.6</ele>
      </trkpt>
      <trkpt lat="49.995800000" lon="7.705300000">
        <ele>485.6</ele>
      </trkpt>
      <trkpt lat="49.995823000" lon="7.705300000">
        <ele>485.4</ele>
      </trkpt>
      <trkpt lat="49.995845000" lon="7.705300000">
        <ele>485.4</ele>
      </trkpt>
      <trkpt lat="49.995865000" lon="7.705300000">
        <ele>485.4</ele>
      </trkpt>
      <trkpt lat="49.995887000" lon="7.705302000">
        <ele>485.2</ele>
      </trkpt>
      <trkpt lat="49.995910000" lon="7.705295000">
        <ele>485.2</ele>
      </trkpt>
      <trkpt lat="49.995932000" lon="7.705285000">
        <ele>485.2</ele>
      </trkpt>
      <trkpt lat="49.995960000" lon="7.705277000">
        <ele>485.0</ele>
      </trkpt>
      <trkpt lat="49.995983000" lon="7.705268000">
        <ele>485.0</ele>
      </trkpt>
      <trkpt lat="49.996012000" lon="7.705258000">
        <ele>485.0</ele>
      </trkpt>
      <trkpt lat="49.996035000" lon="7.705257000">
        <ele>485.0</ele>
      </trkpt>
      <trkpt lat="49.996063000" lon="7.705252000">
        <ele>484.8</ele>
      </trkpt>
      <trkpt lat="49.996085000" lon="7.705248000">
        <ele>484.8</ele>
      </trkpt>
      <trkpt lat="49.996112000" lon="7.705232000">
        <ele>484.8</ele>
      </trkpt>
      <trkpt lat="49.996147000" lon="7.705215000">
        <ele>484.6</ele>
      </trkpt>
      <trkpt lat="49.996172000" lon="7.705207000">
        <ele>484.6</ele>
      </trkpt>
      <trkpt lat="49.996200000" lon="7.705200000">
        <ele>484.4</ele>
      </trkpt>
      <trkpt lat="49.996230000" lon="7.705198000">
        <ele>484.2</ele>
      </trkpt>
      <trkpt lat="49.996262000" lon="7.705187000">
        <ele>484.2</ele>
      </trkpt>
      <trkpt lat="49.996287000" lon="7.705182000">
        <ele>484.0</ele>
      </trkpt>
      <trkpt lat="49.996320000" lon="7.705180000">
        <ele>483.8</ele>
      </trkpt>
      <trkpt lat="49.996345000" lon="7.705178000">
        <ele>483.8</ele>
      </trkpt>
      <trkpt lat="49.996367000" lon="7.705173000">
        <ele>483.6</ele>
      </trkpt>
      <trkpt lat="49.996393000" lon="7.705167000">
        <ele>483.6</ele>
      </trkpt>
      <trkpt lat="49.996418000" lon="7.705167000">
        <ele>483.4</ele>
      </trkpt>
      <trkpt lat="49.996440000" lon="7.705162000">
        <ele>483.4</ele>
      </trkpt>
      <trkpt lat="49.996463000" lon="7.705157000">
        <ele>483.2</ele>
      </trkpt>
      <trkpt lat="49.996482000" lon="7.705145000">
        <ele>483.2</ele>
      </trkpt>
      <trkpt lat="49.996502000" lon="7.705137000">
        <ele>483.0</ele>
      </trkpt>
      <trkpt lat="49.996537000" lon="7.705127000">
        <ele>482.8</ele>
      </trkpt>
      <trkpt lat="49.996560000" lon="7.705123000">
        <ele>482.8</ele>
      </trkpt>
      <trkpt lat="49.996578000" lon="7.705120000">
        <ele>482.6</ele>
      </trkpt>
      <trkpt lat="49.996607000" lon="7.705110000">
        <ele>482.4</ele>
      </trkpt>
      <trkpt lat="49.996630000" lon="7.705102000">
        <ele>482.2</ele>
      </trkpt>
      <trkpt lat="49.996655000" lon="7.705087000">
        <ele>482.2</ele>
      </trkpt>
      <trkpt lat="49.996678000" lon="7.705073000">
        <ele>482.0</ele>
      </trkpt>
      <trkpt lat="49.996700000" lon="7.705058000">
        <ele>482.0</ele>
      </trkpt>
      <trkpt lat="49.996720000" lon="7.705040000">
        <ele>481.8</ele>
      </trkpt>
      <trkpt lat="49.996742000" lon="7.705023000">
        <ele>481.6</ele>
      </trkpt>
      <trkpt lat="49.996763000" lon="7.705013000">
        <ele>481.4</ele>
      </trkpt>
      <trkpt lat="49.996783000" lon="7.705002000">
        <ele>481.4</ele>
      </trkpt>
      <trkpt lat="49.996802000" lon="7.704993000">
        <ele>481.2</ele>
      </trkpt>
      <trkpt lat="49.996828000" lon="7.704992000">
        <ele>481.0</ele>
      </trkpt>
      <trkpt lat="49.996853000" lon="7.704985000">
        <ele>480.6</ele>
      </trkpt>
      <trkpt lat="49.996895000" lon="7.704965000">
        <ele>480.2</ele>
      </trkpt>
      <trkpt lat="49.996918000" lon="7.704960000">
        <ele>480.2</ele>
      </trkpt>
      <trkpt lat="49.996943000" lon="7.704963000">
        <ele>480.0</ele>
      </trkpt>
      <trkpt lat="49.996975000" lon="7.704968000">
        <ele>479.8</ele>
      </trkpt>
      <trkpt lat="49.997000000" lon="7.704965000">
        <ele>479.6</ele>
      </trkpt>
      <trkpt lat="49.997027000" lon="7.704965000">
        <ele>479.4</ele>
      </trkpt>
      <trkpt lat="49.997052000" lon="7.704963000">
        <ele>479.0</ele>
      </trkpt>
      <trkpt lat="49.997083000" lon="7.704957000">
        <ele>478.6</ele>
      </trkpt>
      <trkpt lat="49.997107000" lon="7.704948000">
        <ele>478.2</ele>
      </trkpt>
      <trkpt lat="49.997132000" lon="7.704928000">
        <ele>478.0</ele>
      </trkpt>
      <trkpt lat="49.997152000" lon="7.704920000">
        <ele>477.8</ele>
      </trkpt>
      <trkpt lat="49.997193000" lon="7.704908000">
        <ele>477.4</ele>
      </trkpt>
      <trkpt lat="49.997212000" lon="7.704898000">
        <ele>477.2</ele>
      </trkpt>
      <trkpt lat="49.997235000" lon="7.704882000">
        <ele>476.8</ele>
      </trkpt>
      <trkpt lat="49.997257000" lon="7.704872000">
        <ele>476.6</ele>
      </trkpt>
      <trkpt lat="49.997277000" lon="7.704865000">
        <ele>476.4</ele>
      </trkpt>
      <trkpt lat="49.997312000" lon="7.704850000">
        <ele>476.0</ele>
      </trkpt>
      <trkpt lat="49.997333000" lon="7.704840000">
        <ele>475.8</ele>
      </trkpt>
      <trkpt lat="49.997353000" lon="7.704835000">
        <ele>475.6</ele>
      </trkpt>
      <trkpt lat="49.997372000" lon="7.704827000">
        <ele>475.4</ele>
      </trkpt>
      <trkpt lat="49.997395000" lon="7.704820000">
        <ele>475.0</ele>
      </trkpt>
      <trkpt lat="49.997430000" lon="7.704810000">
        <ele>474.8</ele>
      </trkpt>
      <trkpt lat="49.997455000" lon="7.704795000">
        <ele>474.4</ele>
      </trkpt>
      <trkpt lat="49.997478000" lon="7.704783000">
        <ele>474.2</ele>
      </trkpt>
      <trkpt lat="49.997497000" lon="7.704777000">
        <ele>474.2</ele>
      </trkpt>
      <trkpt lat="49.997517000" lon="7.704777000">
        <ele>474.0</ele>
      </trkpt>
      <trkpt lat="49.997538000" lon="7.704767000">
        <ele>474.0</ele>
      </trkpt>
      <trkpt lat="49.997560000" lon="7.704770000">
        <ele>474.0</ele>
      </trkpt>
      <trkpt lat="49.997580000" lon="7.704767000">
        <ele>473.8</ele>
      </trkpt>
      <trkpt lat="49.997600000" lon="7.704763000">
        <ele>473.8</ele>
      </trkpt>
      <trkpt lat="49.997618000" lon="7.704760000">
        <ele>473.6</ele>
      </trkpt>
      <trkpt lat="49.997640000" lon="7.704758000">
        <ele>473.6</ele>
      </trkpt>
      <trkpt lat="49.997663000" lon="7.704758000">
        <ele>473.4</ele>
      </trkpt>
      <trkpt lat="49.997688000" lon="7.704760000">
        <ele>473.4</ele>
      </trkpt>
      <trkpt lat="49.997712000" lon="7.704760000">
        <ele>473.2</ele>
      </trkpt>
      <trkpt lat="49.997730000" lon="7.704758000">
        <ele>473.2</ele>
      </trkpt>
      <trkpt lat="49.997753000" lon="7.704758000">
        <ele>473.0</ele>
      </trkpt>
      <trkpt lat="49.997772000" lon="7.704758000">
        <ele>473.0</ele>
      </trkpt>
      <trkpt lat="49.997795000" lon="7.704755000">
        <ele>472.8</ele>
      </trkpt>
      <trkpt lat="49.997827000" lon="7.704745000">
        <ele>472.8</ele>
      </trkpt>
      <trkpt lat="49.997858000" lon="7.704735000">
        <ele>472.6</ele>
      </trkpt>
      <trkpt lat="49.997880000" lon="7.704733000">
        <ele>472.4</ele>
      </trkpt>
      <trkpt lat="49.997900000" lon="7.704725000">
        <ele>472.4</ele>
      </trkpt>
      <trkpt lat="49.997917000" lon="7.704712000">
        <ele>472.4</ele>
      </trkpt>
      <trkpt lat="49.997938000" lon="7.704702000">
        <ele>472.2</ele>
      </trkpt>
      <trkpt lat="49.997958000" lon="7.704698000">
        <ele>472.2</ele>
      </trkpt>
      <trkpt lat="49.997977000" lon="7.704688000">
        <ele>472.0</ele>
      </trkpt>
      <trkpt lat="49.998005000" lon="7.704682000">
        <ele>472.0</ele>
      </trkpt>
      <trkpt lat="49.998028000" lon="7.704672000">
        <ele>471.8</ele>
      </trkpt>
      <trkpt lat="49.998050000" lon="7.704657000">
        <ele>471.8</ele>
      </trkpt>
      <trkpt lat="49.998077000" lon="7.704645000">
        <ele>471.6</ele>
      </trkpt>
      <trkpt lat="49.998095000" lon="7.704638000">
        <ele>471.6</ele>
      </trkpt>
      <trkpt lat="49.998115000" lon="7.704637000">
        <ele>471.4</ele>
      </trkpt>
      <trkpt lat="49.998147000" lon="7.704643000">
        <ele>471.4</ele>
      </trkpt>
      <trkpt lat="49.998165000" lon="7.704648000">
        <ele>471.2</ele>
      </trkpt>
      <trkpt lat="49.998195000" lon="7.704653000">
        <ele>471.2</ele>
      </trkpt>
      <trkpt lat="49.998217000" lon="7.704655000">
        <ele>471.0</ele>
      </trkpt>
      <trkpt lat="49.998252000" lon="7.704660000">
        <ele>471.0</ele>
      </trkpt>
      <trkpt lat="49.998275000" lon="7.704663000">
        <ele>471.0</ele>
      </trkpt>
      <trkpt lat="49.998297000" lon="7.704668000">
        <ele>470.8</ele>
      </trkpt>
      <trkpt lat="49.998317000" lon="7.704672000">
        <ele>470.8</ele>
      </trkpt>
      <trkpt lat="49.998338000" lon="7.704675000">
        <ele>470.8</ele>
      </trkpt>
      <trkpt lat="49.998358000" lon="7.704677000">
        <ele>470.6</ele>
      </trkpt>
      <trkpt lat="49.998377000" lon="7.704673000">
        <ele>470.6</ele>
      </trkpt>
      <trkpt lat="49.998397000" lon="7.704665000">
        <ele>470.4</ele>
      </trkpt>
      <trkpt lat="49.998428000" lon="7.704668000">
        <ele>470.4</ele>
      </trkpt>
      <trkpt lat="49.998453000" lon="7.704673000">
        <ele>470.4</ele>
      </trkpt>
      <trkpt lat="49.998473000" lon="7.704680000">
        <ele>470.2</ele>
      </trkpt>
      <trkpt lat="49.998492000" lon="7.704687000">
        <ele>470.2</ele>
      </trkpt>
      <trkpt lat="49.998512000" lon="7.704692000">
        <ele>470.0</ele>
      </trkpt>
      <trkpt lat="49.998530000" lon="7.704693000">
        <ele>470.0</ele>
      </trkpt>
      <trkpt lat="49.998568000" lon="7.704700000">
        <ele>469.8</ele>
      </trkpt>
      <trkpt lat="49.998588000" lon="7.704698000">
        <ele>469.8</ele>
      </trkpt>
      <trkpt lat="49.998610000" lon="7.704698000">
        <ele>469.8</ele>
      </trkpt>
      <trkpt lat="49.998642000" lon="7.704692000">
        <ele>469.8</ele>
      </trkpt>
      <trkpt lat="49.998680000" lon="7.704687000">
        <ele>469.6</ele>
      </trkpt>
      <trkpt lat="49.998703000" lon="7.704688000">
        <ele>469.6</ele>
      </trkpt>
      <trkpt lat="49.998732000" lon="7.704688000">
        <ele>469.6</ele>
      </trkpt>
      <trkpt lat="49.998763000" lon="7.704693000">
        <ele>469.6</ele>
      </trkpt>
      <trkpt lat="49.998793000" lon="7.704675000">
        <ele>469.6</ele>
      </trkpt>
      <trkpt lat="49.998828000" lon="7.704668000">
        <ele>469.4</ele>
      </trkpt>
      <trkpt lat="49.998847000" lon="7.704665000">
        <ele>469.4</ele>
      </trkpt>
      <trkpt lat="49.998867000" lon="7.704665000">
        <ele>469.2</ele>
      </trkpt>
      <trkpt lat="49.998902000" lon="7.704680000">
        <ele>469.2</ele>
      </trkpt>
      <trkpt lat="49.998920000" lon="7.704687000">
        <ele>469.2</ele>
      </trkpt>
      <trkpt lat="49.998943000" lon="7.704707000">
        <ele>469.2</ele>
      </trkpt>
      <trkpt lat="49.998968000" lon="7.704720000">
        <ele>469.2</ele>
      </trkpt>
      <trkpt lat="49.998988000" lon="7.704730000">
        <ele>469.2</ele>
      </trkpt>
      <trkpt lat="49.999007000" lon="7.704747000">
        <ele>469.0</ele>
      </trkpt>
      <trkpt lat="49.999045000" lon="7.704777000">
        <ele>469.0</ele>
      </trkpt>
      <trkpt lat="49.999065000" lon="7.704785000">
        <ele>469.0</ele>
      </trkpt>
      <trkpt lat="49.999083000" lon="7.704803000">
        <ele>468.8</ele>
      </trkpt>
      <trkpt lat="49.999107000" lon="7.704817000">
        <ele>468.6</ele>
      </trkpt>
      <trkpt lat="49.999125000" lon="7.704813000">
        <ele>468.2</ele>
      </trkpt>
      <trkpt lat="49.999148000" lon="7.704823000">
        <ele>468.0</ele>
      </trkpt>
      <trkpt lat="49.999170000" lon="7.704833000">
        <ele>468.0</ele>
      </trkpt>
      <trkpt lat="49.999190000" lon="7.704840000">
        <ele>467.8</ele>
      </trkpt>
      <trkpt lat="49.999208000" lon="7.704832000">
        <ele>467.8</ele>
      </trkpt>
      <trkpt lat="49.999232000" lon="7.704833000">
        <ele>467.8</ele>
      </trkpt>
      <trkpt lat="49.999263000" lon="7.704835000">
        <ele>467.6</ele>
      </trkpt>
      <trkpt lat="49.999298000" lon="7.704837000">
        <ele>467.6</ele>
      </trkpt>
      <trkpt lat="49.999320000" lon="7.704847000">
        <ele>467.6</ele>
      </trkpt>
      <trkpt lat="49.999343000" lon="7.704860000">
        <ele>467.8</ele>
      </trkpt>
      <trkpt lat="49.999372000" lon="7.704878000">
        <ele>467.8</ele>
      </trkpt>
      <trkpt lat="49.999403000" lon="7.704885000">
        <ele>468.0</ele>
      </trkpt>
      <trkpt lat="49.999427000" lon="7.704897000">
        <ele>468.2</ele>
      </trkpt>
      <trkpt lat="49.999445000" lon="7.704900000">
        <ele>468.2</ele>
      </trkpt>
      <trkpt lat="49.999472000" lon="7.704902000">
        <ele>468.4</ele>
      </trkpt>
      <trkpt lat="49.999490000" lon="7.704903000">
        <ele>468.4</ele>
      </trkpt>
      <trkpt lat="49.999522000" lon="7.704903000">
        <ele>468.6</ele>
      </trkpt>
      <trkpt lat="49.999558000" lon="7.704892000">
        <ele>468.6</ele>
      </trkpt>
      <trkpt lat="49.999577000" lon="7.704900000">
        <ele>468.6</ele>
      </trkpt>
      <trkpt lat="49.999597000" lon="7.704902000">
        <ele>468.6</ele>
      </trkpt>
      <trkpt lat="49.999615000" lon="7.704902000">
        <ele>468.6</ele>
      </trkpt>
      <trkpt lat="49.999653000" lon="7.704912000">
        <ele>468.8</ele>
      </trkpt>
      <trkpt lat="49.999685000" lon="7.704920000">
        <ele>469.0</ele>
      </trkpt>
      <trkpt lat="49.999715000" lon="7.704938000">
        <ele>469.2</ele>
      </trkpt>
      <trkpt lat="49.999743000" lon="7.704935000">
        <ele>469.4</ele>
      </trkpt>
      <trkpt lat="49.999765000" lon="7.704937000">
        <ele>469.4</ele>
      </trkpt>
      <trkpt lat="49.999800000" lon="7.704940000">
        <ele>469.6</ele>
      </trkpt>
      <trkpt lat="49.999820000" lon="7.704943000">
        <ele>469.6</ele>
      </trkpt>
      <trkpt lat="49.999852000" lon="7.704943000">
        <ele>469.6</ele>
      </trkpt>
      <trkpt lat="49.999883000" lon="7.704972000">
        <ele>469.8</ele>
      </trkpt>
      <trkpt lat="49.999913000" lon="7.704988000">
        <ele>469.8</ele>
      </trkpt>
      <trkpt lat="49.999955000" lon="7.705020000">
        <ele>469.8</ele>
      </trkpt>
      <trkpt lat="49.999987000" lon="7.705048000">
        <ele>470.0</ele>
      </trkpt>
      <trkpt lat="50.000025000" lon="7.705075000">
        <ele>470.0</ele>
      </trkpt>
      <trkpt lat="50.000053000" lon="7.705090000">
        <ele>470.0</ele>
      </trkpt>
      <trkpt lat="50.000082000" lon="7.705107000">
        <ele>470.2</ele>
      </trkpt>
      <trkpt lat="50.000102000" lon="7.705117000">
        <ele>470.0</ele>
      </trkpt>
      <trkpt lat="50.000133000" lon="7.705135000">
        <ele>470.0</ele>
      </trkpt>
      <trkpt lat="50.000153000" lon="7.705142000">
        <ele>469.8</ele>
      </trkpt>
      <trkpt lat="50.000172000" lon="7.705150000">
        <ele>469.8</ele>
      </trkpt>
      <trkpt lat="50.000198000" lon="7.705187000">
        <ele>469.4</ele>
      </trkpt>
      <trkpt lat="50.000213000" lon="7.705203000">
        <ele>469.4</ele>
      </trkpt>
      <trkpt lat="50.000233000" lon="7.705217000">
        <ele>469.2</ele>
      </trkpt>
      <trkpt lat="50.000252000" lon="7.705227000">
        <ele>469.2</ele>
      </trkpt>
      <trkpt lat="50.000280000" lon="7.705257000">
        <ele>469.0</ele>
      </trkpt>
      <trkpt lat="50.000300000" lon="7.705268000">
        <ele>469.0</ele>
      </trkpt>
      <trkpt lat="50.000320000" lon="7.705280000">
        <ele>469.0</ele>
      </trkpt>
      <trkpt lat="50.000338000" lon="7.705292000">
        <ele>468.8</ele>
      </trkpt>
      <trkpt lat="50.000373000" lon="7.705312000">
        <ele>468.6</ele>
      </trkpt>
      <trkpt lat="50.000397000" lon="7.705322000">
        <ele>468.6</ele>
      </trkpt>
      <trkpt lat="50.000415000" lon="7.705340000">
        <ele>468.4</ele>
      </trkpt>
      <trkpt lat="50.000438000" lon="7.705358000">
        <ele>468.4</ele>
      </trkpt>
      <trkpt lat="50.000463000" lon="7.705375000">
        <ele>468.2</ele>
      </trkpt>
      <trkpt lat="50.000492000" lon="7.705393000">
        <ele>468.2</ele>
      </trkpt>
      <trkpt lat="50.000520000" lon="7.705413000">
        <ele>468.0</ele>
      </trkpt>
      <trkpt lat="50.000540000" lon="7.705433000">
        <ele>468.0</ele>
      </trkpt>
      <trkpt lat="50.000568000" lon="7.705455000">
        <ele>467.8</ele>
      </trkpt>
      <trkpt lat="50.000582000" lon="7.705475000">
        <ele>467.8</ele>
      </trkpt>
      <trkpt lat="50.000595000" lon="7.705495000">
        <ele>467.6</ele>
      </trkpt>
      <trkpt lat="50.000613000" lon="7.705517000">
        <ele>467.6</ele>
      </trkpt>
      <trkpt lat="50.000637000" lon="7.705538000">
        <ele>467.4</ele>
      </trkpt>
      <trkpt lat="50.000658000" lon="7.705557000">
        <ele>467.4</ele>
      </trkpt>
      <trkpt lat="50.000680000" lon="7.705567000">
        <ele>467.2</ele>
      </trkpt>
      <trkpt lat="50.000707000" lon="7.705580000">
        <ele>467.2</ele>
      </trkpt>
      <trkpt lat="50.000722000" lon="7.705612000">
        <ele>467.0</ele>
      </trkpt>
      <trkpt lat="50.000742000" lon="7.705640000">
        <ele>466.8</ele>
      </trkpt>
      <trkpt lat="50.000770000" lon="7.705688000">
        <ele>466.8</ele>
      </trkpt>
      <trkpt lat="50.000787000" lon="7.705713000">
        <ele>466.8</ele>
      </trkpt>
      <trkpt lat="50.000815000" lon="7.705728000">
        <ele>466.8</ele>
      </trkpt>
      <trkpt lat="50.000835000" lon="7.705742000">
        <ele>466.8</ele>
      </trkpt>
      <trkpt lat="50.000860000" lon="7.705755000">
        <ele>466.8</ele>
      </trkpt>
      <trkpt lat="50.000888000" lon="7.705765000">
        <ele>466.8</ele>
      </trkpt>
      <trkpt lat="50.000912000" lon="7.705775000">
        <ele>466.8</ele>
      </trkpt>
      <trkpt lat="50.000940000" lon="7.705785000">
        <ele>466.8</ele>
      </trkpt>
      <trkpt lat="50.000978000" lon="7.705813000">
        <ele>466.8</ele>
      </trkpt>
      <trkpt lat="50.001017000" lon="7.705840000">
        <ele>466.8</ele>
      </trkpt>
      <trkpt lat="50.001058000" lon="7.705875000">
        <ele>466.8</ele>
      </trkpt>
      <trkpt lat="50.001093000" lon="7.705900000">
        <ele>466.6</ele>
      </trkpt>
      <trkpt lat="50.001138000" lon="7.705922000">
        <ele>466.6</ele>
      </trkpt>
      <trkpt lat="50.001155000" lon="7.705965000">
        <ele>466.6</ele>
      </trkpt>
      <trkpt lat="50.001163000" lon="7.705997000">
        <ele>466.6</ele>
      </trkpt>
      <trkpt lat="50.001202000" lon="7.706000000">
        <ele>466.6</ele>
      </trkpt>
      <trkpt lat="50.001250000" lon="7.706023000">
        <ele>466.6</ele>
      </trkpt>
      <trkpt lat="50.001292000" lon="7.706068000">
        <ele>466.6</ele>
      </trkpt>
      <trkpt lat="50.001333000" lon="7.706130000">
        <ele>466.4</ele>
      </trkpt>
      <trkpt lat="50.001365000" lon="7.706178000">
        <ele>466.4</ele>
      </trkpt>
      <trkpt lat="50.001395000" lon="7.706238000">
        <ele>466.4</ele>
      </trkpt>
      <trkpt lat="50.001423000" lon="7.706272000">
        <ele>466.6</ele>
      </trkpt>
      <trkpt lat="50.001445000" lon="7.706300000">
        <ele>466.6</ele>
      </trkpt>
      <trkpt lat="50.001468000" lon="7.706328000">
        <ele>466.8</ele>
      </trkpt>
      <trkpt lat="50.001490000" lon="7.706348000">
        <ele>466.8</ele>
      </trkpt>
      <trkpt lat="50.001517000" lon="7.706358000">
        <ele>466.8</ele>
      </trkpt>
      <trkpt lat="50.001548000" lon="7.706362000">
        <ele>467.0</ele>
      </trkpt>
      <trkpt lat="50.001570000" lon="7.706368000">
        <ele>467.0</ele>
      </trkpt>
      <trkpt lat="50.001570000" lon="7.706418000">
        <ele>467.0</ele>
      </trkpt>
      <trkpt lat="50.001583000" lon="7.706438000">
        <ele>467.0</ele>
      </trkpt>
      <trkpt lat="50.001605000" lon="7.706442000">
        <ele>466.8</ele>
      </trkpt>
      <trkpt lat="50.001628000" lon="7.706460000">
        <ele>466.6</ele>
      </trkpt>
      <trkpt lat="50.001640000" lon="7.706505000">
        <ele>466.2</ele>
      </trkpt>
      <trkpt lat="50.001650000" lon="7.706545000">
        <ele>466.2</ele>
      </trkpt>
      <trkpt lat="50.001663000" lon="7.706597000">
        <ele>466.0</ele>
      </trkpt>
      <trkpt lat="50.001682000" lon="7.706633000">
        <ele>466.0</ele>
      </trkpt>
      <trkpt lat="50.001702000" lon="7.706648000">
        <ele>465.8</ele>
      </trkpt>
      <trkpt lat="50.001733000" lon="7.706680000">
        <ele>465.8</ele>
      </trkpt>
      <trkpt lat="50.001753000" lon="7.706695000">
        <ele>465.6</ele>
      </trkpt>
      <trkpt lat="50.001772000" lon="7.706688000">
        <ele>465.6</ele>
      </trkpt>
      <trkpt lat="50.001788000" lon="7.706712000">
        <ele>465.4</ele>
      </trkpt>
      <trkpt lat="50.001795000" lon="7.706738000">
        <ele>465.4</ele>
      </trkpt>
      <trkpt lat="50.001813000" lon="7.706758000">
        <ele>465.2</ele>
      </trkpt>
      <trkpt lat="50.001833000" lon="7.706775000">
        <ele>465.2</ele>
      </trkpt>
      <trkpt lat="50.001852000" lon="7.706797000">
        <ele>465.0</ele>
      </trkpt>
      <trkpt lat="50.001868000" lon="7.706817000">
        <ele>465.0</ele>
      </trkpt>
      <trkpt lat="50.001887000" lon="7.706837000">
        <ele>464.8</ele>
      </trkpt>
      <trkpt lat="50.001907000" lon="7.706858000">
        <ele>464.8</ele>
      </trkpt>
      <trkpt lat="50.001925000" lon="7.706880000">
        <ele>464.6</ele>
      </trkpt>
      <trkpt lat="50.001948000" lon="7.706907000">
        <ele>464.4</ele>
      </trkpt>
      <trkpt lat="50.001970000" lon="7.706922000">
        <ele>464.4</ele>
      </trkpt>
      <trkpt lat="50.001993000" lon="7.706938000">
        <ele>464.4</ele>
      </trkpt>
      <trkpt lat="50.002022000" lon="7.706967000">
        <ele>464.2</ele>
      </trkpt>
      <trkpt lat="50.002038000" lon="7.706983000">
        <ele>464.2</ele>
      </trkpt>
      <trkpt lat="50.002070000" lon="7.707018000">
        <ele>464.2</ele>
      </trkpt>
      <trkpt lat="50.002088000" lon="7.707035000">
        <ele>464.0</ele>
      </trkpt>
      <trkpt lat="50.002105000" lon="7.707048000">
        <ele>464.0</ele>
      </trkpt>
      <trkpt lat="50.002120000" lon="7.707062000">
        <ele>464.0</ele>
      </trkpt>
      <trkpt lat="50.002147000" lon="7.707093000">
        <ele>463.8</ele>
      </trkpt>
      <trkpt lat="50.002165000" lon="7.707108000">
        <ele>463.8</ele>
      </trkpt>
      <trkpt lat="50.002185000" lon="7.707122000">
        <ele>463.6</ele>
      </trkpt>
      <trkpt lat="50.002203000" lon="7.707140000">
        <ele>463.6</ele>
      </trkpt>
      <trkpt lat="50.002227000" lon="7.707162000">
        <ele>463.6</ele>
      </trkpt>
      <trkpt lat="50.002242000" lon="7.707185000">
        <ele>463.4</ele>
      </trkpt>
      <trkpt lat="50.002255000" lon="7.707207000">
        <ele>463.4</ele>
      </trkpt>
      <trkpt lat="50.002280000" lon="7.707243000">
        <ele>463.0</ele>
      </trkpt>
      <trkpt lat="50.002300000" lon="7.707257000">
        <ele>463.0</ele>
      </trkpt>
      <trkpt lat="50.002322000" lon="7.707275000">
        <ele>463.0</ele>
      </trkpt>
      <trkpt lat="50.002338000" lon="7.707303000">
        <ele>462.8</ele>
      </trkpt>
      <trkpt lat="50.002348000" lon="7.707328000">
        <ele>462.8</ele>
      </trkpt>
      <trkpt lat="50.002358000" lon="7.707357000">
        <ele>462.8</ele>
      </trkpt>
      <trkpt lat="50.002377000" lon="7.707385000">
        <ele>462.6</ele>
      </trkpt>
      <trkpt lat="50.002397000" lon="7.707412000">
        <ele>462.4</ele>
      </trkpt>
      <trkpt lat="50.002418000" lon="7.707445000">
        <ele>462.2</ele>
      </trkpt>
      <trkpt lat="50.002435000" lon="7.707460000">
        <ele>462.2</ele>
      </trkpt>
      <trkpt lat="50.002447000" lon="7.707480000">
        <ele>462.0</ele>
      </trkpt>
      <trkpt lat="50.002463000" lon="7.707507000">
        <ele>462.0</ele>
      </trkpt>
      <trkpt lat="50.002482000" lon="7.707525000">
        <ele>462.0</ele>
      </trkpt>
      <trkpt lat="50.002495000" lon="7.707558000">
        <ele>462.0</ele>
      </trkpt>
      <trkpt lat="50.002502000" lon="7.707590000">
        <ele>462.2</ele>
      </trkpt>
      <trkpt lat="50.002520000" lon="7.707627000">
        <ele>462.2</ele>
      </trkpt>
      <trkpt lat="50.002537000" lon="7.707653000">
        <ele>462.4</ele>
      </trkpt>
      <trkpt lat="50.002560000" lon="7.707660000">
        <ele>462.4</ele>
      </trkpt>
      <trkpt lat="50.002575000" lon="7.707678000">
        <ele>462.6</ele>
      </trkpt>
      <trkpt lat="50.002595000" lon="7.707702000">
        <ele>462.6</ele>
      </trkpt>
      <trkpt lat="50.002600000" lon="7.707735000">
        <ele>462.8</ele>
      </trkpt>
      <trkpt lat="50.002623000" lon="7.707755000">
        <ele>463.0</ele>
      </trkpt>
      <trkpt lat="50.002642000" lon="7.707775000">
        <ele>463.4</ele>
      </trkpt>
      <trkpt lat="50.002665000" lon="7.707788000">
        <ele>463.6</ele>
      </trkpt>
      <trkpt lat="50.002683000" lon="7.707817000">
        <ele>463.8</ele>
      </trkpt>
      <trkpt lat="50.002703000" lon="7.707845000">
        <ele>464.2</ele>
      </trkpt>
      <trkpt lat="50.002720000" lon="7.707870000">
        <ele>464.4</ele>
      </trkpt>
      <trkpt lat="50.002720000" lon="7.707900000">
        <ele>464.8</ele>
      </trkpt>
      <trkpt lat="50.002738000" lon="7.707900000">
        <ele>464.8</ele>
      </trkpt>
      <trkpt lat="50.002758000" lon="7.707917000">
        <ele>464.8</ele>
      </trkpt>
      <trkpt lat="50.002777000" lon="7.707930000">
        <ele>464.8</ele>
      </trkpt>
      <trkpt lat="50.002797000" lon="7.707943000">
        <ele>464.8</ele>
      </trkpt>
      <trkpt lat="50.002812000" lon="7.707960000">
        <ele>464.8</ele>
      </trkpt>
      <trkpt lat="50.002840000" lon="7.707992000">
        <ele>464.8</ele>
      </trkpt>
      <trkpt lat="50.002863000" lon="7.708015000">
        <ele>464.6</ele>
      </trkpt>
      <trkpt lat="50.002895000" lon="7.708040000">
        <ele>464.8</ele>
      </trkpt>
      <trkpt lat="50.002915000" lon="7.708053000">
        <ele>464.8</ele>
      </trkpt>
      <trkpt lat="50.002943000" lon="7.708068000">
        <ele>465.0</ele>
      </trkpt>
      <trkpt lat="50.002962000" lon="7.708065000">
        <ele>465.0</ele>
      </trkpt>
      <trkpt lat="50.002982000" lon="7.708077000">
        <ele>465.0</ele>
      </trkpt>
      <trkpt lat="50.003000000" lon="7.708092000">
        <ele>465.2</ele>
      </trkpt>
      <trkpt lat="50.003010000" lon="7.708057000">
        <ele>465.2</ele>
      </trkpt>
      <trkpt lat="50.003000000" lon="7.708032000">
        <ele>465.4</ele>
      </trkpt>
      <trkpt lat="50.002995000" lon="7.707995000">
        <ele>465.4</ele>
      </trkpt>
      <trkpt lat="50.002985000" lon="7.707955000">
        <ele>465.8</ele>
      </trkpt>
      <trkpt lat="50.002992000" lon="7.707920000">
        <ele>465.8</ele>
      </trkpt>
      <trkpt lat="50.002982000" lon="7.707877000">
        <ele>465.8</ele>
      </trkpt>
      <trkpt lat="50.002975000" lon="7.707838000">
        <ele>465.4</ele>
      </trkpt>
      <trkpt lat="50.002972000" lon="7.707793000">
        <ele>465.4</ele>
      </trkpt>
      <trkpt lat="50.002972000" lon="7.707755000">
        <ele>465.2</ele>
      </trkpt>
      <trkpt lat="50.002962000" lon="7.707715000">
        <ele>465.0</ele>
      </trkpt>
      <trkpt lat="50.002972000" lon="7.707678000">
        <ele>464.8</ele>
      </trkpt>
      <trkpt lat="50.002965000" lon="7.707647000">
        <ele>464.6</ele>
      </trkpt>
      <trkpt lat="50.002960000" lon="7.707607000">
        <ele>464.4</ele>
      </trkpt>
      <trkpt lat="50.002947000" lon="7.707567000">
        <ele>464.2</ele>
      </trkpt>
      <trkpt lat="50.002937000" lon="7.707520000">
        <ele>463.8</ele>
      </trkpt>
      <trkpt lat="50.002920000" lon="7.707505000">
        <ele>463.6</ele>
      </trkpt>
      <trkpt lat="50.002905000" lon="7.707478000">
        <ele>463.4</ele>
      </trkpt>
      <trkpt lat="50.002902000" lon="7.707438000">
        <ele>463.2</ele>
      </trkpt>
      <trkpt lat="50.002885000" lon="7.707395000">
        <ele>463.2</ele>
      </trkpt>
      <trkpt lat="50.002880000" lon="7.707367000">
        <ele>463.0</ele>
      </trkpt>
      <trkpt lat="50.002873000" lon="7.707337000">
        <ele>463.0</ele>
      </trkpt>
      <trkpt lat="50.002863000" lon="7.707307000">
        <ele>463.0</ele>
      </trkpt>
      <trkpt lat="50.002860000" lon="7.707280000">
        <ele>462.8</ele>
      </trkpt>
      <trkpt lat="50.002860000" lon="7.707250000">
        <ele>462.8</ele>
      </trkpt>
      <trkpt lat="50.002860000" lon="7.707220000">
        <ele>462.6</ele>
      </trkpt>
      <trkpt lat="50.002857000" lon="7.707193000">
        <ele>462.4</ele>
      </trkpt>
      <trkpt lat="50.002853000" lon="7.707162000">
        <ele>462.2</ele>
      </trkpt>
      <trkpt lat="50.002843000" lon="7.707137000">
        <ele>462.2</ele>
      </trkpt>
      <trkpt lat="50.002840000" lon="7.707100000">
        <ele>461.8</ele>
      </trkpt>
      <trkpt lat="50.002838000" lon="7.707043000">
        <ele>461.6</ele>
      </trkpt>
      <trkpt lat="50.002832000" lon="7.706995000">
        <ele>461.4</ele>
      </trkpt>
      <trkpt lat="50.002838000" lon="7.706962000">
        <ele>461.2</ele>
      </trkpt>
      <trkpt lat="50.002838000" lon="7.706930000">
        <ele>461.0</ele>
      </trkpt>
      <trkpt lat="50.002832000" lon="7.706897000">
        <ele>460.8</ele>
      </trkpt>
      <trkpt lat="50.002822000" lon="7.706867000">
        <ele>460.8</ele>
      </trkpt>
      <trkpt lat="50.002818000" lon="7.706840000">
        <ele>460.6</ele>
      </trkpt>
      <trkpt lat="50.002818000" lon="7.706812000">
        <ele>460.6</ele>
      </trkpt>
      <trkpt lat="50.002800000" lon="7.706762000">
        <ele>460.4</ele>
      </trkpt>
      <trkpt lat="50.002793000" lon="7.706728000">
        <ele>460.2</ele>
      </trkpt>
      <trkpt lat="50.002787000" lon="7.706692000">
        <ele>460.2</ele>
      </trkpt>
      <trkpt lat="50.002783000" lon="7.706657000">
        <ele>460.0</ele>
      </trkpt>
      <trkpt lat="50.002777000" lon="7.706620000">
        <ele>459.8</ele>
      </trkpt>
      <trkpt lat="50.002777000" lon="7.706575000">
        <ele>459.6</ele>
      </trkpt>
      <trkpt lat="50.002773000" lon="7.706543000">
        <ele>459.4</ele>
      </trkpt>
      <trkpt lat="50.002767000" lon="7.706518000">
        <ele>459.2</ele>
      </trkpt>
      <trkpt lat="50.002767000" lon="7.706470000">
        <ele>459.0</ele>
      </trkpt>
      <trkpt lat="50.002763000" lon="7.706420000">
        <ele>458.8</ele>
      </trkpt>
      <trkpt lat="50.002760000" lon="7.706388000">
        <ele>458.6</ele>
      </trkpt>
      <trkpt lat="50.002758000" lon="7.706357000">
        <ele>458.6</ele>
      </trkpt>
      <trkpt lat="50.002755000" lon="7.706322000">
        <ele>458.4</ele>
      </trkpt>
      <trkpt lat="50.002748000" lon="7.706295000">
        <ele>458.4</ele>
      </trkpt>
      <trkpt lat="50.002745000" lon="7.706247000">
        <ele>458.2</ele>
      </trkpt>
      <trkpt lat="50.002742000" lon="7.706197000">
        <ele>458.0</ele>
      </trkpt>
      <trkpt lat="50.002735000" lon="7.706140000">
        <ele>457.8</ele>
      </trkpt>
      <trkpt lat="50.002732000" lon="7.706105000">
        <ele>457.8</ele>
      </trkpt>
      <trkpt lat="50.002725000" lon="7.706077000">
        <ele>457.6</ele>
      </trkpt>
      <trkpt lat="50.002722000" lon="7.706025000">
        <ele>457.6</ele>
      </trkpt>
      <trkpt lat="50.002720000" lon="7.705982000">
        <ele>457.4</ele>
      </trkpt>
      <trkpt lat="50.002717000" lon="7.705937000">
        <ele>457.4</ele>
      </trkpt>
      <trkpt lat="50.002713000" lon="7.705877000">
        <ele>457.2</ele>
      </trkpt>
      <trkpt lat="50.002707000" lon="7.705840000">
        <ele>457.2</ele>
      </trkpt>
      <trkpt lat="50.002700000" lon="7.705807000">
        <ele>457.2</ele>
      </trkpt>
      <trkpt lat="50.002693000" lon="7.705778000">
        <ele>457.0</ele>
      </trkpt>
      <trkpt lat="50.002680000" lon="7.705748000">
        <ele>456.8</ele>
      </trkpt>
      <trkpt lat="50.002668000" lon="7.705695000">
        <ele>456.8</ele>
      </trkpt>
      <trkpt lat="50.002665000" lon="7.705663000">
        <ele>456.6</ele>
      </trkpt>
      <trkpt lat="50.002655000" lon="7.705632000">
        <ele>456.6</ele>
      </trkpt>
      <trkpt lat="50.002637000" lon="7.705572000">
        <ele>456.4</ele>
      </trkpt>
      <trkpt lat="50.002627000" lon="7.705518000">
        <ele>456.4</ele>
      </trkpt>
      <trkpt lat="50.002623000" lon="7.705463000">
        <ele>456.2</ele>
      </trkpt>
      <trkpt lat="50.002620000" lon="7.705425000">
        <ele>456.2</ele>
      </trkpt>
      <trkpt lat="50.002623000" lon="7.705388000">
        <ele>456.0</ele>
      </trkpt>
      <trkpt lat="50.002620000" lon="7.705348000">
        <ele>456.0</ele>
      </trkpt>
      <trkpt lat="50.002620000" lon="7.705317000">
        <ele>455.8</ele>
      </trkpt>
      <trkpt lat="50.002613000" lon="7.705278000">
        <ele>455.8</ele>
      </trkpt>
      <trkpt lat="50.002603000" lon="7.705243000">
        <ele>455.6</ele>
      </trkpt>
      <trkpt lat="50.002598000" lon="7.705207000">
        <ele>455.4</ele>
      </trkpt>
      <trkpt lat="50.002598000" lon="7.705178000">
        <ele>455.4</ele>
      </trkpt>
      <trkpt lat="50.002598000" lon="7.705142000">
        <ele>455.2</ele>
      </trkpt>
      <trkpt lat="50.002595000" lon="7.705110000">
        <ele>455.2</ele>
      </trkpt>
      <trkpt lat="50.002585000" lon="7.705075000">
        <ele>455.0</ele>
      </trkpt>
      <trkpt lat="50.002582000" lon="7.705040000">
        <ele>455.0</ele>
      </trkpt>
      <trkpt lat="50.002575000" lon="7.705008000">
        <ele>455.0</ele>
      </trkpt>
      <trkpt lat="50.002575000" lon="7.704973000">
        <ele>454.8</ele>
      </trkpt>
      <trkpt lat="50.002562000" lon="7.704935000">
        <ele>454.8</ele>
      </trkpt>
      <trkpt lat="50.002562000" lon="7.704900000">
        <ele>454.8</ele>
      </trkpt>
      <trkpt lat="50.002557000" lon="7.704870000">
        <ele>454.6</ele>
      </trkpt>
      <trkpt lat="50.002543000" lon="7.704838000">
        <ele>454.6</ele>
      </trkpt>
      <trkpt lat="50.002540000" lon="7.704807000">
        <ele>454.4</ele>
      </trkpt>
      <trkpt lat="50.002540000" lon="7.704773000">
        <ele>454.2</ele>
      </trkpt>
      <trkpt lat="50.002540000" lon="7.704733000">
        <ele>454.2</ele>
      </trkpt>
      <trkpt lat="50.002540000" lon="7.704700000">
        <ele>454.0</ele>
      </trkpt>
      <trkpt lat="50.002537000" lon="7.704663000">
        <ele>454.0</ele>
      </trkpt>
      <trkpt lat="50.002533000" lon="7.704637000">
        <ele>453.8</ele>
      </trkpt>
      <trkpt lat="50.002533000" lon="7.704603000">
        <ele>453.8</ele>
      </trkpt>
      <trkpt lat="50.002527000" lon="7.704572000">
        <ele>453.6</ele>
      </trkpt>
      <trkpt lat="50.002523000" lon="7.704540000">
        <ele>453.4</ele>
      </trkpt>
      <trkpt lat="50.002520000" lon="7.704507000">
        <ele>453.4</ele>
      </trkpt>
      <trkpt lat="50.002508000" lon="7.704473000">
        <ele>453.2</ele>
      </trkpt>
      <trkpt lat="50.002502000" lon="7.704440000">
        <ele>453.0</ele>
      </trkpt>
      <trkpt lat="50.002498000" lon="7.704398000">
        <ele>453.0</ele>
      </trkpt>
      <trkpt lat="50.002495000" lon="7.704370000">
        <ele>452.8</ele>
      </trkpt>
      <trkpt lat="50.002485000" lon="7.704342000">
        <ele>452.8</ele>
      </trkpt>
      <trkpt lat="50.002477000" lon="7.704298000">
        <ele>452.6</ele>
      </trkpt>
      <trkpt lat="50.002467000" lon="7.704248000">
        <ele>452.2</ele>
      </trkpt>
      <trkpt lat="50.002463000" lon="7.704200000">
        <ele>452.0</ele>
      </trkpt>
      <trkpt lat="50.002463000" lon="7.704147000">
        <ele>452.0</ele>
      </trkpt>
      <trkpt lat="50.002457000" lon="7.704118000">
        <ele>451.8</ele>
      </trkpt>
      <trkpt lat="50.002457000" lon="7.704087000">
        <ele>451.6</ele>
      </trkpt>
      <trkpt lat="50.002453000" lon="7.704060000">
        <ele>451.6</ele>
      </trkpt>
      <trkpt lat="50.002443000" lon="7.704027000">
        <ele>451.4</ele>
      </trkpt>
      <trkpt lat="50.002428000" lon="7.703993000">
        <ele>451.2</ele>
      </trkpt>
      <trkpt lat="50.002418000" lon="7.703962000">
        <ele>451.0</ele>
      </trkpt>
      <trkpt lat="50.002405000" lon="7.703932000">
        <ele>450.8</ele>
      </trkpt>
      <trkpt lat="50.002402000" lon="7.703900000">
        <ele>450.8</ele>
      </trkpt>
      <trkpt lat="50.002400000" lon="7.703865000">
        <ele>450.8</ele>
      </trkpt>
      <trkpt lat="50.002397000" lon="7.703832000">
        <ele>450.6</ele>
      </trkpt>
      <trkpt lat="50.002397000" lon="7.703800000">
        <ele>450.6</ele>
      </trkpt>
      <trkpt lat="50.002390000" lon="7.703773000">
        <ele>450.4</ele>
      </trkpt>
      <trkpt lat="50.002387000" lon="7.703720000">
        <ele>450.4</ele>
      </trkpt>
      <trkpt lat="50.002383000" lon="7.703682000">
        <ele>450.2</ele>
      </trkpt>
      <trkpt lat="50.002390000" lon="7.703650000">
        <ele>450.2</ele>
      </trkpt>
      <trkpt lat="50.002383000" lon="7.703615000">
        <ele>450.0</ele>
      </trkpt>
      <trkpt lat="50.002383000" lon="7.703577000">
        <ele>450.0</ele>
      </trkpt>
      <trkpt lat="50.002383000" lon="7.703532000">
        <ele>449.8</ele>
      </trkpt>
      <trkpt lat="50.002387000" lon="7.703497000">
        <ele>449.8</ele>
      </trkpt>
      <trkpt lat="50.002390000" lon="7.703463000">
        <ele>449.6</ele>
      </trkpt>
      <trkpt lat="50.002387000" lon="7.703435000">
        <ele>449.4</ele>
      </trkpt>
      <trkpt lat="50.002377000" lon="7.703398000">
        <ele>449.4</ele>
      </trkpt>
      <trkpt lat="50.002363000" lon="7.703367000">
        <ele>449.2</ele>
      </trkpt>
      <trkpt lat="50.002360000" lon="7.703340000">
        <ele>449.0</ele>
      </trkpt>
      <trkpt lat="50.002358000" lon="7.703312000">
        <ele>449.0</ele>
      </trkpt>
      <trkpt lat="50.002355000" lon="7.703277000">
        <ele>448.8</ele>
      </trkpt>
      <trkpt lat="50.002355000" lon="7.703242000">
        <ele>448.8</ele>
      </trkpt>
      <trkpt lat="50.002348000" lon="7.703212000">
        <ele>448.6</ele>
      </trkpt>
      <trkpt lat="50.002338000" lon="7.703183000">
        <ele>448.6</ele>
      </trkpt>
      <trkpt lat="50.002335000" lon="7.703127000">
        <ele>448.2</ele>
      </trkpt>
      <trkpt lat="50.002322000" lon="7.703087000">
        <ele>448.2</ele>
      </trkpt>
      <trkpt lat="50.002317000" lon="7.703047000">
        <ele>448.0</ele>
      </trkpt>
      <trkpt lat="50.002310000" lon="7.703017000">
        <ele>448.0</ele>
      </trkpt>
      <trkpt lat="50.002300000" lon="7.702980000">
        <ele>447.8</ele>
      </trkpt>
      <trkpt lat="50.002300000" lon="7.702945000">
        <ele>447.6</ele>
      </trkpt>
      <trkpt lat="50.002297000" lon="7.702912000">
        <ele>447.6</ele>
      </trkpt>
      <trkpt lat="50.002297000" lon="7.702877000">
        <ele>447.4</ele>
      </trkpt>
      <trkpt lat="50.002290000" lon="7.702842000">
        <ele>447.4</ele>
      </trkpt>
      <trkpt lat="50.002290000" lon="7.702808000">
        <ele>447.2</ele>
      </trkpt>
      <trkpt lat="50.002283000" lon="7.702775000">
        <ele>447.2</ele>
      </trkpt>
      <trkpt lat="50.002280000" lon="7.702740000">
        <ele>447.0</ele>
      </trkpt>
      <trkpt lat="50.002272000" lon="7.702683000">
        <ele>447.0</ele>
      </trkpt>
      <trkpt lat="50.002268000" lon="7.702655000">
        <ele>446.8</ele>
      </trkpt>
      <trkpt lat="50.002265000" lon="7.702623000">
        <ele>446.8</ele>
      </trkpt>
      <trkpt lat="50.002262000" lon="7.702593000">
        <ele>446.8</ele>
      </trkpt>
      <trkpt lat="50.002258000" lon="7.702560000">
        <ele>446.8</ele>
      </trkpt>
      <trkpt lat="50.002258000" lon="7.702528000">
        <ele>446.6</ele>
      </trkpt>
      <trkpt lat="50.002255000" lon="7.702495000">
        <ele>446.6</ele>
      </trkpt>
      <trkpt lat="50.002248000" lon="7.702458000">
        <ele>446.6</ele>
      </trkpt>
      <trkpt lat="50.002255000" lon="7.702422000">
        <ele>446.4</ele>
      </trkpt>
      <trkpt lat="50.002245000" lon="7.702392000">
        <ele>446.4</ele>
      </trkpt>
      <trkpt lat="50.002242000" lon="7.702358000">
        <ele>446.2</ele>
      </trkpt>
      <trkpt lat="50.002237000" lon="7.702323000">
        <ele>446.2</ele>
      </trkpt>
      <trkpt lat="50.002230000" lon="7.702285000">
        <ele>446.0</ele>
      </trkpt>
      <trkpt lat="50.002223000" lon="7.702250000">
        <ele>446.0</ele>
      </trkpt>
      <trkpt lat="50.002223000" lon="7.702217000">
        <ele>445.8</ele>
      </trkpt>
      <trkpt lat="50.002217000" lon="7.702180000">
        <ele>445.6</ele>
      </trkpt>
      <trkpt lat="50.002203000" lon="7.702145000">
        <ele>445.4</ele>
      </trkpt>
      <trkpt lat="50.002192000" lon="7.702108000">
        <ele>445.2</ele>
      </trkpt>
      <trkpt lat="50.002185000" lon="7.702072000">
        <ele>445.0</ele>
      </trkpt>
      <trkpt lat="50.002178000" lon="7.702040000">
        <ele>444.8</ele>
      </trkpt>
      <trkpt lat="50.002168000" lon="7.702007000">
        <ele>444.6</ele>
      </trkpt>
      <trkpt lat="50.002165000" lon="7.701975000">
        <ele>444.4</ele>
      </trkpt>
      <trkpt lat="50.002160000" lon="7.701938000">
        <ele>444.2</ele>
      </trkpt>
      <trkpt lat="50.002157000" lon="7.701900000">
        <ele>444.0</ele>
      </trkpt>
      <trkpt lat="50.002147000" lon="7.701872000">
        <ele>443.8</ele>
      </trkpt>
      <trkpt lat="50.002140000" lon="7.701838000">
        <ele>443.6</ele>
      </trkpt>
      <trkpt lat="50.002127000" lon="7.701803000">
        <ele>443.6</ele>
      </trkpt>
      <trkpt lat="50.002120000" lon="7.701772000">
        <ele>443.4</ele>
      </trkpt>
      <trkpt lat="50.002118000" lon="7.701735000">
        <ele>443.2</ele>
      </trkpt>
      <trkpt lat="50.002112000" lon="7.701700000">
        <ele>443.2</ele>
      </trkpt>
      <trkpt lat="50.002108000" lon="7.701667000">
        <ele>443.0</ele>
      </trkpt>
      <trkpt lat="50.002102000" lon="7.701630000">
        <ele>443.0</ele>
      </trkpt>
      <trkpt lat="50.002098000" lon="7.701590000">
        <ele>442.8</ele>
      </trkpt>
      <trkpt lat="50.002092000" lon="7.701555000">
        <ele>442.6</ele>
      </trkpt>
      <trkpt lat="50.002098000" lon="7.701522000">
        <ele>442.6</ele>
      </trkpt>
      <trkpt lat="50.002092000" lon="7.701485000">
        <ele>442.4</ele>
      </trkpt>
      <trkpt lat="50.002085000" lon="7.701452000">
        <ele>442.4</ele>
      </trkpt>
      <trkpt lat="50.002085000" lon="7.701420000">
        <ele>442.4</ele>
      </trkpt>
      <trkpt lat="50.002080000" lon="7.701390000">
        <ele>442.2</ele>
      </trkpt>
      <trkpt lat="50.002080000" lon="7.701358000">
        <ele>442.2</ele>
      </trkpt>
      <trkpt lat="50.002070000" lon="7.701323000">
        <ele>442.0</ele>
      </trkpt>
      <trkpt lat="50.002063000" lon="7.701287000">
        <ele>441.8</ele>
      </trkpt>
      <trkpt lat="50.002060000" lon="7.701253000">
        <ele>441.6</ele>
      </trkpt>
      <trkpt lat="50.002050000" lon="7.701218000">
        <ele>441.6</ele>
      </trkpt>
      <trkpt lat="50.002047000" lon="7.701182000">
        <ele>441.4</ele>
      </trkpt>
      <trkpt lat="50.002047000" lon="7.701148000">
        <ele>441.2</ele>
      </trkpt>
      <trkpt lat="50.002043000" lon="7.701108000">
        <ele>441.0</ele>
      </trkpt>
      <trkpt lat="50.002043000" lon="7.701068000">
        <ele>440.8</ele>
      </trkpt>
      <trkpt lat="50.002043000" lon="7.701028000">
        <ele>440.6</ele>
      </trkpt>
      <trkpt lat="50.002040000" lon="7.700998000">
        <ele>440.2</ele>
      </trkpt>
      <trkpt lat="50.002022000" lon="7.700957000">
        <ele>440.0</ele>
      </trkpt>
      <trkpt lat="50.002005000" lon="7.700918000">
        <ele>439.8</ele>
      </trkpt>
      <trkpt lat="50.002000000" lon="7.700885000">
        <ele>439.6</ele>
      </trkpt>
      <trkpt lat="50.001993000" lon="7.700850000">
        <ele>439.4</ele>
      </trkpt>
      <trkpt lat="50.001993000" lon="7.700818000">
        <ele>439.2</ele>
      </trkpt>
      <trkpt lat="50.002000000" lon="7.700768000">
        <ele>439.0</ele>
      </trkpt>
      <trkpt lat="50.002000000" lon="7.700718000">
        <ele>438.6</ele>
      </trkpt>
      <trkpt lat="50.001993000" lon="7.700670000">
        <ele>438.2</ele>
      </trkpt>
      <trkpt lat="50.001993000" lon="7.700637000">
        <ele>438.0</ele>
      </trkpt>
      <trkpt lat="50.001993000" lon="7.700600000">
        <ele>438.0</ele>
      </trkpt>
      <trkpt lat="50.001987000" lon="7.700567000">
        <ele>438.0</ele>
      </trkpt>
      <trkpt lat="50.001977000" lon="7.700535000">
        <ele>438.0</ele>
      </trkpt>
      <trkpt lat="50.001967000" lon="7.700505000">
        <ele>437.8</ele>
      </trkpt>
      <trkpt lat="50.001967000" lon="7.700465000">
        <ele>437.8</ele>
      </trkpt>
      <trkpt lat="50.001967000" lon="7.700433000">
        <ele>437.8</ele>
      </trkpt>
      <trkpt lat="50.001948000" lon="7.700380000">
        <ele>437.8</ele>
      </trkpt>
      <trkpt lat="50.001932000" lon="7.700347000">
        <ele>437.8</ele>
      </trkpt>
      <trkpt lat="50.001928000" lon="7.700317000">
        <ele>437.8</ele>
      </trkpt>
      <trkpt lat="50.001928000" lon="7.700287000">
        <ele>438.0</ele>
      </trkpt>
      <trkpt lat="50.001922000" lon="7.700253000">
        <ele>438.0</ele>
      </trkpt>
      <trkpt lat="50.001913000" lon="7.700218000">
        <ele>437.8</ele>
      </trkpt>
      <trkpt lat="50.001913000" lon="7.700185000">
        <ele>437.8</ele>
      </trkpt>
      <trkpt lat="50.001910000" lon="7.700155000">
        <ele>437.8</ele>
      </trkpt>
      <trkpt lat="50.001907000" lon="7.700122000">
        <ele>437.8</ele>
      </trkpt>
      <trkpt lat="50.001907000" lon="7.700088000">
        <ele>437.8</ele>
      </trkpt>
      <trkpt lat="50.001907000" lon="7.700057000">
        <ele>437.8</ele>
      </trkpt>
      <trkpt lat="50.001907000" lon="7.700023000">
        <ele>437.8</ele>
      </trkpt>
      <trkpt lat="50.001920000" lon="7.699967000">
        <ele>437.6</ele>
      </trkpt>
      <trkpt lat="50.001932000" lon="7.699940000">
        <ele>437.4</ele>
      </trkpt>
      <trkpt lat="50.001948000" lon="7.699918000">
        <ele>437.4</ele>
      </trkpt>
      <trkpt lat="50.001963000" lon="7.699900000">
        <ele>437.4</ele>
      </trkpt>
      <trkpt lat="50.001977000" lon="7.699880000">
        <ele>437.4</ele>
      </trkpt>
      <trkpt lat="50.002002000" lon="7.699842000">
        <ele>437.2</ele>
      </trkpt>
      <trkpt lat="50.002018000" lon="7.699823000">
        <ele>437.2</ele>
      </trkpt>
      <trkpt lat="50.002047000" lon="7.699790000">
        <ele>437.0</ele>
      </trkpt>
      <trkpt lat="50.002067000" lon="7.699758000">
        <ele>437.0</ele>
      </trkpt>
      <trkpt lat="50.002085000" lon="7.699722000">
        <ele>437.0</ele>
      </trkpt>
      <trkpt lat="50.002098000" lon="7.699688000">
        <ele>436.8</ele>
      </trkpt>
      <trkpt lat="50.002108000" lon="7.699647000">
        <ele>436.8</ele>
      </trkpt>
      <trkpt lat="50.002112000" lon="7.699600000">
        <ele>436.6</ele>
      </trkpt>
      <trkpt lat="50.002118000" lon="7.699555000">
        <ele>436.6</ele>
      </trkpt>
      <trkpt lat="50.002127000" lon="7.699515000">
        <ele>436.4</ele>
      </trkpt>
      <trkpt lat="50.002137000" lon="7.699485000">
        <ele>436.2</ele>
      </trkpt>
      <trkpt lat="50.002147000" lon="7.699460000">
        <ele>436.0</ele>
      </trkpt>
      <trkpt lat="50.002157000" lon="7.699433000">
        <ele>436.0</ele>
      </trkpt>
      <trkpt lat="50.002162000" lon="7.699400000">
        <ele>435.8</ele>
      </trkpt>
      <trkpt lat="50.002168000" lon="7.699363000">
        <ele>435.8</ele>
      </trkpt>
      <trkpt lat="50.002185000" lon="7.699332000">
        <ele>435.6</ele>
      </trkpt>
      <trkpt lat="50.002200000" lon="7.699303000">
        <ele>435.6</ele>
      </trkpt>
      <trkpt lat="50.002217000" lon="7.699280000">
        <ele>435.4</ele>
      </trkpt>
      <trkpt lat="50.002227000" lon="7.699255000">
        <ele>435.4</ele>
      </trkpt>
      <trkpt lat="50.002242000" lon="7.699233000">
        <ele>435.4</ele>
      </trkpt>
      <trkpt lat="50.002255000" lon="7.699210000">
        <ele>435.4</ele>
      </trkpt>
      <trkpt lat="50.002268000" lon="7.699190000">
        <ele>435.4</ele>
      </trkpt>
      <trkpt lat="50.002283000" lon="7.699170000">
        <ele>435.4</ele>
      </trkpt>
      <trkpt lat="50.002300000" lon="7.699150000">
        <ele>435.2</ele>
      </trkpt>
      <trkpt lat="50.002310000" lon="7.699100000">
        <ele>435.0</ele>
      </trkpt>
      <trkpt lat="50.002322000" lon="7.699077000">
        <ele>435.0</ele>
      </trkpt>
      <trkpt lat="50.002335000" lon="7.699043000">
        <ele>434.8</ele>
      </trkpt>
      <trkpt lat="50.002348000" lon="7.699008000">
        <ele>434.8</ele>
      </trkpt>
      <trkpt lat="50.002363000" lon="7.698980000">
        <ele>434.6</ele>
      </trkpt>
      <trkpt lat="50.002377000" lon="7.698952000">
        <ele>434.4</ele>
      </trkpt>
      <trkpt lat="50.002383000" lon="7.698918000">
        <ele>434.2</ele>
      </trkpt>
      <trkpt lat="50.002387000" lon="7.698880000">
        <ele>434.0</ele>
      </trkpt>
      <trkpt lat="50.002390000" lon="7.698843000">
        <ele>433.8</ele>
      </trkpt>
      <trkpt lat="50.002400000" lon="7.698810000">
        <ele>433.6</ele>
      </trkpt>
      <trkpt lat="50.002402000" lon="7.698775000">
        <ele>433.4</ele>
      </trkpt>
      <trkpt lat="50.002415000" lon="7.698745000">
        <ele>433.2</ele>
      </trkpt>
      <trkpt lat="50.002435000" lon="7.698712000">
        <ele>432.8</ele>
      </trkpt>
      <trkpt lat="50.002447000" lon="7.698668000">
        <ele>432.4</ele>
      </trkpt>
      <trkpt lat="50.002460000" lon="7.698643000">
        <ele>432.4</ele>
      </trkpt>
      <trkpt lat="50.002467000" lon="7.698617000">
        <ele>432.2</ele>
      </trkpt>
      <trkpt lat="50.002482000" lon="7.698587000">
        <ele>432.0</ele>
      </trkpt>
      <trkpt lat="50.002495000" lon="7.698537000">
        <ele>431.8</ele>
      </trkpt>
      <trkpt lat="50.002505000" lon="7.698507000">
        <ele>431.8</ele>
      </trkpt>
      <trkpt lat="50.002518000" lon="7.698478000">
        <ele>431.6</ele>
      </trkpt>
      <trkpt lat="50.002533000" lon="7.698450000">
        <ele>431.4</ele>
      </trkpt>
      <trkpt lat="50.002540000" lon="7.698420000">
        <ele>431.4</ele>
      </trkpt>
      <trkpt lat="50.002543000" lon="7.698392000">
        <ele>431.2</ele>
      </trkpt>
      <trkpt lat="50.002560000" lon="7.698362000">
        <ele>431.2</ele>
      </trkpt>
      <trkpt lat="50.002568000" lon="7.698335000">
        <ele>431.2</ele>
      </trkpt>
      <trkpt lat="50.002582000" lon="7.698302000">
        <ele>431.0</ele>
      </trkpt>
      <trkpt lat="50.002598000" lon="7.698280000">
        <ele>431.0</ele>
      </trkpt>
      <trkpt lat="50.002613000" lon="7.698260000">
        <ele>431.0</ele>
      </trkpt>
      <trkpt lat="50.002642000" lon="7.698220000">
        <ele>430.8</ele>
      </trkpt>
      <trkpt lat="50.002658000" lon="7.698182000">
        <ele>430.6</ele>
      </trkpt>
      <trkpt lat="50.002665000" lon="7.698153000">
        <ele>430.6</ele>
      </trkpt>
      <trkpt lat="50.002683000" lon="7.698107000">
        <ele>430.2</ele>
      </trkpt>
      <trkpt lat="50.002700000" lon="7.698093000">
        <ele>430.2</ele>
      </trkpt>
      <trkpt lat="50.002720000" lon="7.698080000">
        <ele>430.0</ele>
      </trkpt>
      <trkpt lat="50.002738000" lon="7.698030000">
        <ele>429.8</ele>
      </trkpt>
      <trkpt lat="50.002745000" lon="7.698002000">
        <ele>429.6</ele>
      </trkpt>
      <trkpt lat="50.002763000" lon="7.697962000">
        <ele>429.4</ele>
      </trkpt>
      <trkpt lat="50.002777000" lon="7.697942000">
        <ele>429.2</ele>
      </trkpt>
      <trkpt lat="50.002793000" lon="7.697928000">
        <ele>429.2</ele>
      </trkpt>
      <trkpt lat="50.002822000" lon="7.697900000">
        <ele>428.8</ele>
      </trkpt>
      <trkpt lat="50.002838000" lon="7.697883000">
        <ele>428.8</ele>
      </trkpt>
      <trkpt lat="50.002847000" lon="7.697852000">
        <ele>428.6</ele>
      </trkpt>
      <trkpt lat="50.002867000" lon="7.697827000">
        <ele>428.6</ele>
      </trkpt>
      <trkpt lat="50.002885000" lon="7.697803000">
        <ele>428.4</ele>
      </trkpt>
      <trkpt lat="50.002898000" lon="7.697780000">
        <ele>428.4</ele>
      </trkpt>
      <trkpt lat="50.002915000" lon="7.697762000">
        <ele>428.2</ele>
      </trkpt>
      <trkpt lat="50.002930000" lon="7.697747000">
        <ele>428.0</ele>
      </trkpt>
      <trkpt lat="50.002943000" lon="7.697723000">
        <ele>428.0</ele>
      </trkpt>
      <trkpt lat="50.002972000" lon="7.697687000">
        <ele>427.6</ele>
      </trkpt>
      <trkpt lat="50.002985000" lon="7.697667000">
        <ele>427.4</ele>
      </trkpt>
      <trkpt lat="50.003003000" lon="7.697648000">
        <ele>427.4</ele>
      </trkpt>
      <trkpt lat="50.003017000" lon="7.697628000">
        <ele>427.2</ele>
      </trkpt>
      <trkpt lat="50.003033000" lon="7.697605000">
        <ele>427.0</ele>
      </trkpt>
      <trkpt lat="50.003052000" lon="7.697588000">
        <ele>427.0</ele>
      </trkpt>
      <trkpt lat="50.003072000" lon="7.697572000">
        <ele>426.8</ele>
      </trkpt>
      <trkpt lat="50.003090000" lon="7.697555000">
        <ele>426.8</ele>
      </trkpt>
      <trkpt lat="50.003122000" lon="7.697502000">
        <ele>426.6</ele>
      </trkpt>
      <trkpt lat="50.003138000" lon="7.697480000">
        <ele>426.4</ele>
      </trkpt>
      <trkpt lat="50.003163000" lon="7.697437000">
        <ele>426.2</ele>
      </trkpt>
      <trkpt lat="50.003177000" lon="7.697413000">
        <ele>426.2</ele>
      </trkpt>
      <trkpt lat="50.003183000" lon="7.697383000">
        <ele>426.0</ele>
      </trkpt>
      <trkpt lat="50.003193000" lon="7.697358000">
        <ele>426.0</ele>
      </trkpt>
      <trkpt lat="50.003208000" lon="7.697333000">
        <ele>426.0</ele>
      </trkpt>
      <trkpt lat="50.003235000" lon="7.697315000">
        <ele>426.0</ele>
      </trkpt>
      <trkpt lat="50.003257000" lon="7.697320000">
        <ele>426.0</ele>
      </trkpt>
      <trkpt lat="50.003288000" lon="7.697325000">
        <ele>426.0</ele>
      </trkpt>
      <trkpt lat="50.003315000" lon="7.697333000">
        <ele>426.0</ele>
      </trkpt>
      <trkpt lat="50.003340000" lon="7.697338000">
        <ele>426.0</ele>
      </trkpt>
      <trkpt lat="50.003362000" lon="7.697337000">
        <ele>425.8</ele>
      </trkpt>
      <trkpt lat="50.003395000" lon="7.697338000">
        <ele>425.8</ele>
      </trkpt>
      <trkpt lat="50.003420000" lon="7.697338000">
        <ele>425.8</ele>
      </trkpt>
      <trkpt lat="50.003448000" lon="7.697338000">
        <ele>425.8</ele>
      </trkpt>
      <trkpt lat="50.003472000" lon="7.697337000">
        <ele>425.8</ele>
      </trkpt>
      <trkpt lat="50.003493000" lon="7.697330000">
        <ele>425.8</ele>
      </trkpt>
      <trkpt lat="50.003517000" lon="7.697323000">
        <ele>425.6</ele>
      </trkpt>
      <trkpt lat="50.003538000" lon="7.697318000">
        <ele>425.6</ele>
      </trkpt>
      <trkpt lat="50.003558000" lon="7.697313000">
        <ele>425.4</ele>
      </trkpt>
      <trkpt lat="50.003577000" lon="7.697308000">
        <ele>425.4</ele>
      </trkpt>
      <trkpt lat="50.003600000" lon="7.697308000">
        <ele>425.2</ele>
      </trkpt>
      <trkpt lat="50.003635000" lon="7.697305000">
        <ele>425.2</ele>
      </trkpt>
      <trkpt lat="50.003657000" lon="7.697305000">
        <ele>425.2</ele>
      </trkpt>
      <trkpt lat="50.003685000" lon="7.697313000">
        <ele>425.0</ele>
      </trkpt>
      <trkpt lat="50.003708000" lon="7.697320000">
        <ele>425.0</ele>
      </trkpt>
      <trkpt lat="50.003747000" lon="7.697325000">
        <ele>425.0</ele>
      </trkpt>
      <trkpt lat="50.003765000" lon="7.697320000">
        <ele>425.0</ele>
      </trkpt>
      <trkpt lat="50.003788000" lon="7.697318000">
        <ele>425.0</ele>
      </trkpt>
      <trkpt lat="50.003810000" lon="7.697315000">
        <ele>425.0</ele>
      </trkpt>
      <trkpt lat="50.003830000" lon="7.697308000">
        <ele>425.0</ele>
      </trkpt>
      <trkpt lat="50.003855000" lon="7.697305000">
        <ele>425.0</ele>
      </trkpt>
      <trkpt lat="50.003878000" lon="7.697308000">
        <ele>425.0</ele>
      </trkpt>
      <trkpt lat="50.003903000" lon="7.697308000">
        <ele>424.8</ele>
      </trkpt>
      <trkpt lat="50.003945000" lon="7.697305000">
        <ele>424.8</ele>
      </trkpt>
      <trkpt lat="50.003963000" lon="7.697305000">
        <ele>424.8</ele>
      </trkpt>
      <trkpt lat="50.003983000" lon="7.697302000">
        <ele>424.6</ele>
      </trkpt>
      <trkpt lat="50.004002000" lon="7.697302000">
        <ele>424.6</ele>
      </trkpt>
      <trkpt lat="50.004038000" lon="7.697308000">
        <ele>424.6</ele>
      </trkpt>
      <trkpt lat="50.004077000" lon="7.697302000">
        <ele>424.4</ele>
      </trkpt>
      <trkpt lat="50.004095000" lon="7.697305000">
        <ele>424.4</ele>
      </trkpt>
      <trkpt lat="50.004123000" lon="7.697300000">
        <ele>424.4</ele>
      </trkpt>
      <trkpt lat="50.004147000" lon="7.697300000">
        <ele>424.4</ele>
      </trkpt>
      <trkpt lat="50.004185000" lon="7.697297000">
        <ele>424.4</ele>
      </trkpt>
      <trkpt lat="50.004207000" lon="7.697293000">
        <ele>424.2</ele>
      </trkpt>
      <trkpt lat="50.004230000" lon="7.697285000">
        <ele>424.2</ele>
      </trkpt>
      <trkpt lat="50.004252000" lon="7.697282000">
        <ele>424.2</ele>
      </trkpt>
      <trkpt lat="50.004275000" lon="7.697283000">
        <ele>424.2</ele>
      </trkpt>
      <trkpt lat="50.004303000" lon="7.697288000">
        <ele>424.2</ele>
      </trkpt>
      <trkpt lat="50.004325000" lon="7.697288000">
        <ele>424.2</ele>
      </trkpt>
      <trkpt lat="50.004348000" lon="7.697288000">
        <ele>424.2</ele>
      </trkpt>
      <trkpt lat="50.004370000" lon="7.697288000">
        <ele>424.2</ele>
      </trkpt>
      <trkpt lat="50.004390000" lon="7.697292000">
        <ele>424.0</ele>
      </trkpt>
      <trkpt lat="50.004412000" lon="7.697293000">
        <ele>424.0</ele>
      </trkpt>
      <trkpt lat="50.004432000" lon="7.697295000">
        <ele>424.0</ele>
      </trkpt>
      <trkpt lat="50.004453000" lon="7.697295000">
        <ele>423.8</ele>
      </trkpt>
      <trkpt lat="50.004480000" lon="7.697292000">
        <ele>423.8</ele>
      </trkpt>
      <trkpt lat="50.004515000" lon="7.697282000">
        <ele>423.6</ele>
      </trkpt>
      <trkpt lat="50.004533000" lon="7.697280000">
        <ele>423.6</ele>
      </trkpt>
      <trkpt lat="50.004560000" lon="7.697280000">
        <ele>423.4</ele>
      </trkpt>
      <trkpt lat="50.004582000" lon="7.697280000">
        <ele>423.4</ele>
      </trkpt>
      <trkpt lat="50.004600000" lon="7.697280000">
        <ele>423.4</ele>
      </trkpt>
      <trkpt lat="50.004623000" lon="7.697282000">
        <ele>423.4</ele>
      </trkpt>
      <trkpt lat="50.004642000" lon="7.697288000">
        <ele>423.4</ele>
      </trkpt>
      <trkpt lat="50.004665000" lon="7.697288000">
        <ele>423.2</ele>
      </trkpt>
      <trkpt lat="50.004687000" lon="7.697292000">
        <ele>423.2</ele>
      </trkpt>
      <trkpt lat="50.004710000" lon="7.697293000">
        <ele>423.2</ele>
      </trkpt>
      <trkpt lat="50.004732000" lon="7.697298000">
        <ele>423.0</ele>
      </trkpt>
      <trkpt lat="50.004752000" lon="7.697298000">
        <ele>423.0</ele>
      </trkpt>
      <trkpt lat="50.004777000" lon="7.697297000">
        <ele>423.0</ele>
      </trkpt>
      <trkpt lat="50.004802000" lon="7.697295000">
        <ele>422.8</ele>
      </trkpt>
      <trkpt lat="50.004822000" lon="7.697302000">
        <ele>422.8</ele>
      </trkpt>
      <trkpt lat="50.004847000" lon="7.697302000">
        <ele>422.8</ele>
      </trkpt>
      <trkpt lat="50.004870000" lon="7.697305000">
        <ele>422.8</ele>
      </trkpt>
      <trkpt lat="50.004902000" lon="7.697302000">
        <ele>423.0</ele>
      </trkpt>
      <trkpt lat="50.004927000" lon="7.697297000">
        <ele>423.0</ele>
      </trkpt>
      <trkpt lat="50.004950000" lon="7.697305000">
        <ele>423.0</ele>
      </trkpt>
      <trkpt lat="50.004968000" lon="7.697315000">
        <ele>423.0</ele>
      </trkpt>
      <trkpt lat="50.004988000" lon="7.697320000">
        <ele>423.0</ele>
      </trkpt>
      <trkpt lat="50.005007000" lon="7.697322000">
        <ele>423.2</ele>
      </trkpt>
      <trkpt lat="50.005030000" lon="7.697320000">
        <ele>423.2</ele>
      </trkpt>
      <trkpt lat="50.005058000" lon="7.697320000">
        <ele>423.2</ele>
      </trkpt>
      <trkpt lat="50.005078000" lon="7.697320000">
        <ele>423.2</ele>
      </trkpt>
      <trkpt lat="50.005103000" lon="7.697333000">
        <ele>422.8</ele>
      </trkpt>
      <trkpt lat="50.005122000" lon="7.697343000">
        <ele>422.6</ele>
      </trkpt>
      <trkpt lat="50.005142000" lon="7.697353000">
        <ele>422.6</ele>
      </trkpt>
      <trkpt lat="50.005163000" lon="7.697353000">
        <ele>422.8</ele>
      </trkpt>
      <trkpt lat="50.005187000" lon="7.697360000">
        <ele>423.2</ele>
      </trkpt>
      <trkpt lat="50.005208000" lon="7.697370000">
        <ele>423.4</ele>
      </trkpt>
      <trkpt lat="50.005228000" lon="7.697367000">
        <ele>423.4</ele>
      </trkpt>
      <trkpt lat="50.005257000" lon="7.697358000">
        <ele>423.6</ele>
      </trkpt>
      <trkpt lat="50.005282000" lon="7.697358000">
        <ele>423.6</ele>
      </trkpt>
      <trkpt lat="50.005318000" lon="7.697358000">
        <ele>423.4</ele>
      </trkpt>
      <trkpt lat="50.005343000" lon="7.697353000">
        <ele>423.4</ele>
      </trkpt>
      <trkpt lat="50.005375000" lon="7.697353000">
        <ele>423.2</ele>
      </trkpt>
      <trkpt lat="50.005400000" lon="7.697350000">
        <ele>423.2</ele>
      </trkpt>
      <trkpt lat="50.005427000" lon="7.697353000">
        <ele>423.0</ele>
      </trkpt>
      <trkpt lat="50.005455000" lon="7.697338000">
        <ele>423.0</ele>
      </trkpt>
      <trkpt lat="50.005483000" lon="7.697322000">
        <ele>422.8</ele>
      </trkpt>
      <trkpt lat="50.005503000" lon="7.697317000">
        <ele>422.6</ele>
      </trkpt>
      <trkpt lat="50.005525000" lon="7.697308000">
        <ele>422.6</ele>
      </trkpt>
      <trkpt lat="50.005555000" lon="7.697302000">
        <ele>422.4</ele>
      </trkpt>
      <trkpt lat="50.005577000" lon="7.697293000">
        <ele>422.4</ele>
      </trkpt>
      <trkpt lat="50.005593000" lon="7.697278000">
        <ele>422.2</ele>
      </trkpt>
      <trkpt lat="50.005612000" lon="7.697268000">
        <ele>422.2</ele>
      </trkpt>
      <trkpt lat="50.005635000" lon="7.697260000">
        <ele>422.0</ele>
      </trkpt>
      <trkpt lat="50.005653000" lon="7.697248000">
        <ele>421.8</ele>
      </trkpt>
      <trkpt lat="50.005682000" lon="7.697205000">
        <ele>421.6</ele>
      </trkpt>
      <trkpt lat="50.005695000" lon="7.697180000">
        <ele>421.4</ele>
      </trkpt>
      <trkpt lat="50.005712000" lon="7.697152000">
        <ele>421.4</ele>
      </trkpt>
      <trkpt lat="50.005720000" lon="7.697120000">
        <ele>421.2</ele>
      </trkpt>
      <trkpt lat="50.005733000" lon="7.697087000">
        <ele>421.2</ele>
      </trkpt>
      <trkpt lat="50.005743000" lon="7.697057000">
        <ele>421.0</ele>
      </trkpt>
      <trkpt lat="50.005760000" lon="7.697030000">
        <ele>421.0</ele>
      </trkpt>
      <trkpt lat="50.005772000" lon="7.697002000">
        <ele>421.0</ele>
      </trkpt>
      <trkpt lat="50.005782000" lon="7.696968000">
        <ele>420.8</ele>
      </trkpt>
      <trkpt lat="50.005795000" lon="7.696940000">
        <ele>420.6</ele>
      </trkpt>
      <trkpt lat="50.005810000" lon="7.696915000">
        <ele>420.6</ele>
      </trkpt>
      <trkpt lat="50.005820000" lon="7.696888000">
        <ele>420.4</ele>
      </trkpt>
      <trkpt lat="50.005833000" lon="7.696863000">
        <ele>420.2</ele>
      </trkpt>
      <trkpt lat="50.005842000" lon="7.696840000">
        <ele>420.0</ele>
      </trkpt>
      <trkpt lat="50.005855000" lon="7.696818000">
        <ele>419.8</ele>
      </trkpt>
      <trkpt lat="50.005865000" lon="7.696793000">
        <ele>419.8</ele>
      </trkpt>
      <trkpt lat="50.005878000" lon="7.696762000">
        <ele>419.6</ele>
      </trkpt>
      <trkpt lat="50.005883000" lon="7.696733000">
        <ele>419.4</ele>
      </trkpt>
      <trkpt lat="50.005897000" lon="7.696705000">
        <ele>419.4</ele>
      </trkpt>
      <trkpt lat="50.005910000" lon="7.696682000">
        <ele>419.2</ele>
      </trkpt>
      <trkpt lat="50.005917000" lon="7.696657000">
        <ele>419.0</ele>
      </trkpt>
      <trkpt lat="50.005928000" lon="7.696623000">
        <ele>419.0</ele>
      </trkpt>
      <trkpt lat="50.005942000" lon="7.696597000">
        <ele>418.8</ele>
      </trkpt>
      <trkpt lat="50.005952000" lon="7.696565000">
        <ele>418.6</ele>
      </trkpt>
      <trkpt lat="50.005960000" lon="7.696538000">
        <ele>418.6</ele>
      </trkpt>
      <trkpt lat="50.005973000" lon="7.696512000">
        <ele>418.4</ele>
      </trkpt>
      <trkpt lat="50.005983000" lon="7.696483000">
        <ele>418.4</ele>
      </trkpt>
      <trkpt lat="50.005997000" lon="7.696458000">
        <ele>418.2</ele>
      </trkpt>
      <trkpt lat="50.006008000" lon="7.696427000">
        <ele>418.2</ele>
      </trkpt>
      <trkpt lat="50.006018000" lon="7.696400000">
        <ele>418.0</ele>
      </trkpt>
      <trkpt lat="50.006028000" lon="7.696375000">
        <ele>418.0</ele>
      </trkpt>
      <trkpt lat="50.006040000" lon="7.696350000">
        <ele>417.8</ele>
      </trkpt>
      <trkpt lat="50.006053000" lon="7.696322000">
        <ele>417.6</ele>
      </trkpt>
      <trkpt lat="50.006060000" lon="7.696293000">
        <ele>417.4</ele>
      </trkpt>
      <trkpt lat="50.006077000" lon="7.696272000">
        <ele>417.4</ele>
      </trkpt>
      <trkpt lat="50.006088000" lon="7.696245000">
        <ele>417.2</ele>
      </trkpt>
      <trkpt lat="50.006102000" lon="7.696222000">
        <ele>417.2</ele>
      </trkpt>
      <trkpt lat="50.006115000" lon="7.696198000">
        <ele>417.0</ele>
      </trkpt>
      <trkpt lat="50.006127000" lon="7.696168000">
        <ele>417.0</ele>
      </trkpt>
      <trkpt lat="50.006137000" lon="7.696132000">
        <ele>416.8</ele>
      </trkpt>
      <trkpt lat="50.006150000" lon="7.696100000">
        <ele>416.8</ele>
      </trkpt>
      <trkpt lat="50.006160000" lon="7.696067000">
        <ele>416.8</ele>
      </trkpt>
      <trkpt lat="50.006172000" lon="7.696033000">
        <ele>416.6</ele>
      </trkpt>
      <trkpt lat="50.006182000" lon="7.695998000">
        <ele>416.4</ele>
      </trkpt>
      <trkpt lat="50.006195000" lon="7.695967000">
        <ele>416.2</ele>
      </trkpt>
      <trkpt lat="50.006207000" lon="7.695937000">
        <ele>416.2</ele>
      </trkpt>
      <trkpt lat="50.006220000" lon="7.695905000">
        <ele>416.0</ele>
      </trkpt>
      <trkpt lat="50.006233000" lon="7.695878000">
        <ele>416.0</ele>
      </trkpt>
      <trkpt lat="50.006248000" lon="7.695843000">
        <ele>416.0</ele>
      </trkpt>
      <trkpt lat="50.006255000" lon="7.695812000">
        <ele>415.8</ele>
      </trkpt>
      <trkpt lat="50.006272000" lon="7.695782000">
        <ele>415.6</ele>
      </trkpt>
      <trkpt lat="50.006280000" lon="7.695752000">
        <ele>415.6</ele>
      </trkpt>
      <trkpt lat="50.006293000" lon="7.695723000">
        <ele>415.4</ele>
      </trkpt>
      <trkpt lat="50.006307000" lon="7.695697000">
        <ele>415.2</ele>
      </trkpt>
      <trkpt lat="50.006322000" lon="7.695670000">
        <ele>415.0</ele>
      </trkpt>
      <trkpt lat="50.006338000" lon="7.695645000">
        <ele>415.0</ele>
      </trkpt>
      <trkpt lat="50.006352000" lon="7.695620000">
        <ele>414.8</ele>
      </trkpt>
      <trkpt lat="50.006360000" lon="7.695592000">
        <ele>414.6</ele>
      </trkpt>
      <trkpt lat="50.006367000" lon="7.695558000">
        <ele>414.4</ele>
      </trkpt>
      <trkpt lat="50.006380000" lon="7.695528000">
        <ele>414.2</ele>
      </trkpt>
      <trkpt lat="50.006393000" lon="7.695500000">
        <ele>414.0</ele>
      </trkpt>
      <trkpt lat="50.006405000" lon="7.695475000">
        <ele>413.8</ele>
      </trkpt>
      <trkpt lat="50.006418000" lon="7.695443000">
        <ele>413.6</ele>
      </trkpt>
      <trkpt lat="50.006432000" lon="7.695408000">
        <ele>413.4</ele>
      </trkpt>
      <trkpt lat="50.006438000" lon="7.695378000">
        <ele>413.4</ele>
      </trkpt>
      <trkpt lat="50.006450000" lon="7.695347000">
        <ele>413.2</ele>
      </trkpt>
      <trkpt lat="50.006457000" lon="7.695307000">
        <ele>413.2</ele>
      </trkpt>
      <trkpt lat="50.006470000" lon="7.695273000">
        <ele>413.0</ele>
      </trkpt>
      <trkpt lat="50.006477000" lon="7.695237000">
        <ele>412.8</ele>
      </trkpt>
      <trkpt lat="50.006488000" lon="7.695200000">
        <ele>412.8</ele>
      </trkpt>
      <trkpt lat="50.006495000" lon="7.695160000">
        <ele>412.6</ele>
      </trkpt>
      <trkpt lat="50.006508000" lon="7.695132000">
        <ele>412.6</ele>
      </trkpt>
      <trkpt lat="50.006520000" lon="7.695105000">
        <ele>412.6</ele>
      </trkpt>
      <trkpt lat="50.006533000" lon="7.695080000">
        <ele>412.6</ele>
      </trkpt>
      <trkpt lat="50.006547000" lon="7.695052000">
        <ele>412.4</ele>
      </trkpt>
      <trkpt lat="50.006557000" lon="7.695020000">
        <ele>412.4</ele>
      </trkpt>
      <trkpt lat="50.006565000" lon="7.694990000">
        <ele>412.4</ele>
      </trkpt>
      <trkpt lat="50.006572000" lon="7.694958000">
        <ele>412.2</ele>
      </trkpt>
      <trkpt lat="50.006588000" lon="7.694935000">
        <ele>412.2</ele>
      </trkpt>
      <trkpt lat="50.006598000" lon="7.694903000">
        <ele>412.0</ele>
      </trkpt>
      <trkpt lat="50.006610000" lon="7.694877000">
        <ele>412.0</ele>
      </trkpt>
      <trkpt lat="50.006617000" lon="7.694845000">
        <ele>411.8</ele>
      </trkpt>
      <trkpt lat="50.006627000" lon="7.694817000">
        <ele>411.8</ele>
      </trkpt>
      <trkpt lat="50.006637000" lon="7.694785000">
        <ele>411.6</ele>
      </trkpt>
      <trkpt lat="50.006645000" lon="7.694757000">
        <ele>411.6</ele>
      </trkpt>
      <trkpt lat="50.006652000" lon="7.694728000">
        <ele>411.4</ele>
      </trkpt>
      <trkpt lat="50.006665000" lon="7.694700000">
        <ele>411.4</ele>
      </trkpt>
      <trkpt lat="50.006675000" lon="7.694675000">
        <ele>411.2</ele>
      </trkpt>
      <trkpt lat="50.006678000" lon="7.694643000">
        <ele>411.2</ele>
      </trkpt>
      <trkpt lat="50.006690000" lon="7.694613000">
        <ele>411.2</ele>
      </trkpt>
      <trkpt lat="50.006697000" lon="7.694580000">
        <ele>411.0</ele>
      </trkpt>
      <trkpt lat="50.006710000" lon="7.694553000">
        <ele>411.0</ele>
      </trkpt>
      <trkpt lat="50.006725000" lon="7.694528000">
        <ele>410.8</ele>
      </trkpt>
      <trkpt lat="50.006738000" lon="7.694505000">
        <ele>410.6</ele>
      </trkpt>
      <trkpt lat="50.006752000" lon="7.694480000">
        <ele>410.4</ele>
      </trkpt>
      <trkpt lat="50.006767000" lon="7.694458000">
        <ele>410.2</ele>
      </trkpt>
      <trkpt lat="50.006777000" lon="7.694428000">
        <ele>410.0</ele>
      </trkpt>
      <trkpt lat="50.006790000" lon="7.694398000">
        <ele>409.8</ele>
      </trkpt>
      <trkpt lat="50.006797000" lon="7.694368000">
        <ele>409.6</ele>
      </trkpt>
      <trkpt lat="50.006808000" lon="7.694340000">
        <ele>409.4</ele>
      </trkpt>
      <trkpt lat="50.006825000" lon="7.694312000">
        <ele>409.2</ele>
      </trkpt>
      <trkpt lat="50.006838000" lon="7.694287000">
        <ele>409.0</ele>
      </trkpt>
      <trkpt lat="50.006857000" lon="7.694262000">
        <ele>408.8</ele>
      </trkpt>
      <trkpt lat="50.006870000" lon="7.694235000">
        <ele>408.6</ele>
      </trkpt>
      <trkpt lat="50.006882000" lon="7.694205000">
        <ele>408.4</ele>
      </trkpt>
      <trkpt lat="50.006892000" lon="7.694172000">
        <ele>408.2</ele>
      </trkpt>
      <trkpt lat="50.006905000" lon="7.694135000">
        <ele>408.0</ele>
      </trkpt>
      <trkpt lat="50.006908000" lon="7.694100000">
        <ele>407.8</ele>
      </trkpt>
      <trkpt lat="50.006912000" lon="7.694068000">
        <ele>407.8</ele>
      </trkpt>
      <trkpt lat="50.006918000" lon="7.694038000">
        <ele>407.6</ele>
      </trkpt>
      <trkpt lat="50.006930000" lon="7.694012000">
        <ele>407.4</ele>
      </trkpt>
      <trkpt lat="50.006947000" lon="7.693960000">
        <ele>407.2</ele>
      </trkpt>
      <trkpt lat="50.006953000" lon="7.693930000">
        <ele>407.2</ele>
      </trkpt>
      <trkpt lat="50.006965000" lon="7.693900000">
        <ele>407.0</ele>
      </trkpt>
      <trkpt lat="50.006975000" lon="7.693870000">
        <ele>407.0</ele>
      </trkpt>
      <trkpt lat="50.006988000" lon="7.693838000">
        <ele>407.0</ele>
      </trkpt>
      <trkpt lat="50.006998000" lon="7.693805000">
        <ele>406.8</ele>
      </trkpt>
      <trkpt lat="50.007010000" lon="7.693773000">
        <ele>406.8</ele>
      </trkpt>
      <trkpt lat="50.007017000" lon="7.693743000">
        <ele>406.6</ele>
      </trkpt>
      <trkpt lat="50.007033000" lon="7.693718000">
        <ele>406.4</ele>
      </trkpt>
      <trkpt lat="50.007045000" lon="7.693692000">
        <ele>406.4</ele>
      </trkpt>
      <trkpt lat="50.007052000" lon="7.693660000">
        <ele>406.2</ele>
      </trkpt>
      <trkpt lat="50.007065000" lon="7.693632000">
        <ele>406.0</ele>
      </trkpt>
      <trkpt lat="50.007087000" lon="7.693580000">
        <ele>405.6</ele>
      </trkpt>
      <trkpt lat="50.007097000" lon="7.693550000">
        <ele>405.4</ele>
      </trkpt>
      <trkpt lat="50.007107000" lon="7.693520000">
        <ele>405.2</ele>
      </trkpt>
      <trkpt lat="50.007113000" lon="7.693490000">
        <ele>405.0</ele>
      </trkpt>
      <trkpt lat="50.007113000" lon="7.693462000">
        <ele>404.8</ele>
      </trkpt>
      <trkpt lat="50.007110000" lon="7.693435000">
        <ele>404.6</ele>
      </trkpt>
      <trkpt lat="50.007107000" lon="7.693388000">
        <ele>404.2</ele>
      </trkpt>
      <trkpt lat="50.007093000" lon="7.693338000">
        <ele>404.0</ele>
      </trkpt>
      <trkpt lat="50.007087000" lon="7.693308000">
        <ele>403.8</ele>
      </trkpt>
      <trkpt lat="50.007075000" lon="7.693282000">
        <ele>403.8</ele>
      </trkpt>
      <trkpt lat="50.007072000" lon="7.693253000">
        <ele>403.6</ele>
      </trkpt>
      <trkpt lat="50.007068000" lon="7.693222000">
        <ele>403.6</ele>
      </trkpt>
      <trkpt lat="50.007068000" lon="7.693190000">
        <ele>403.6</ele>
      </trkpt>
      <trkpt lat="50.007065000" lon="7.693157000">
        <ele>403.4</ele>
      </trkpt>
      <trkpt lat="50.007068000" lon="7.693128000">
        <ele>403.4</ele>
      </trkpt>
      <trkpt lat="50.007068000" lon="7.693098000">
        <ele>403.4</ele>
      </trkpt>
      <trkpt lat="50.007065000" lon="7.693065000">
        <ele>403.4</ele>
      </trkpt>
      <trkpt lat="50.007062000" lon="7.693033000">
        <ele>403.4</ele>
      </trkpt>
      <trkpt lat="50.007055000" lon="7.693005000">
        <ele>403.6</ele>
      </trkpt>
      <trkpt lat="50.007052000" lon="7.692977000">
        <ele>403.6</ele>
      </trkpt>
      <trkpt lat="50.007052000" lon="7.692945000">
        <ele>403.4</ele>
      </trkpt>
      <trkpt lat="50.007048000" lon="7.692890000">
        <ele>403.4</ele>
      </trkpt>
      <trkpt lat="50.007045000" lon="7.692855000">
        <ele>403.2</ele>
      </trkpt>
      <trkpt lat="50.007048000" lon="7.692822000">
        <ele>403.2</ele>
      </trkpt>
      <trkpt lat="50.007052000" lon="7.692790000">
        <ele>403.2</ele>
      </trkpt>
      <trkpt lat="50.007048000" lon="7.692745000">
        <ele>403.0</ele>
      </trkpt>
      <trkpt lat="50.007052000" lon="7.692717000">
        <ele>403.0</ele>
      </trkpt>
      <trkpt lat="50.007045000" lon="7.692663000">
        <ele>403.0</ele>
      </trkpt>
      <trkpt lat="50.007037000" lon="7.692628000">
        <ele>403.0</ele>
      </trkpt>
      <trkpt lat="50.007033000" lon="7.692598000">
        <ele>403.0</ele>
      </trkpt>
      <trkpt lat="50.007027000" lon="7.692568000">
        <ele>403.2</ele>
      </trkpt>
      <trkpt lat="50.007017000" lon="7.692520000">
        <ele>403.2</ele>
      </trkpt>
      <trkpt lat="50.007013000" lon="7.692475000">
        <ele>403.4</ele>
      </trkpt>
      <trkpt lat="50.007007000" lon="7.692425000">
        <ele>403.4</ele>
      </trkpt>
      <trkpt lat="50.007003000" lon="7.692378000">
        <ele>403.4</ele>
      </trkpt>
      <trkpt lat="50.006998000" lon="7.692328000">
        <ele>403.4</ele>
      </trkpt>
      <trkpt lat="50.006998000" lon="7.692280000">
        <ele>403.4</ele>
      </trkpt>
      <trkpt lat="50.006998000" lon="7.692232000">
        <ele>403.2</ele>
      </trkpt>
      <trkpt lat="50.006998000" lon="7.692183000">
        <ele>403.2</ele>
      </trkpt>
      <trkpt lat="50.007007000" lon="7.692158000">
        <ele>403.4</ele>
      </trkpt>
      <trkpt lat="50.007027000" lon="7.692118000">
        <ele>403.6</ele>
      </trkpt>
      <trkpt lat="50.007048000" lon="7.692080000">
        <ele>403.8</ele>
      </trkpt>
      <trkpt lat="50.007065000" lon="7.692060000">
        <ele>403.8</ele>
      </trkpt>
      <trkpt lat="50.007080000" lon="7.692045000">
        <ele>404.0</ele>
      </trkpt>
      <trkpt lat="50.007110000" lon="7.692012000">
        <ele>404.2</ele>
      </trkpt>
      <trkpt lat="50.007125000" lon="7.691995000">
        <ele>404.4</ele>
      </trkpt>
      <trkpt lat="50.007142000" lon="7.691978000">
        <ele>404.4</ele>
      </trkpt>
      <trkpt lat="50.007160000" lon="7.691963000">
        <ele>404.6</ele>
      </trkpt>
      <trkpt lat="50.007187000" lon="7.691937000">
        <ele>404.8</ele>
      </trkpt>
      <trkpt lat="50.007205000" lon="7.691897000">
        <ele>405.0</ele>
      </trkpt>
      <trkpt lat="50.007222000" lon="7.691877000">
        <ele>405.2</ele>
      </trkpt>
      <trkpt lat="50.007250000" lon="7.691842000">
        <ele>405.6</ele>
      </trkpt>
      <trkpt lat="50.007285000" lon="7.691827000">
        <ele>405.8</ele>
      </trkpt>
      <trkpt lat="50.007308000" lon="7.691827000">
        <ele>406.0</ele>
      </trkpt>
      <trkpt lat="50.007330000" lon="7.691823000">
        <ele>406.2</ele>
      </trkpt>
      <trkpt lat="50.007350000" lon="7.691820000">
        <ele>406.4</ele>
      </trkpt>
      <trkpt lat="50.007368000" lon="7.691822000">
        <ele>406.6</ele>
      </trkpt>
      <trkpt lat="50.007392000" lon="7.691820000">
        <ele>406.8</ele>
      </trkpt>
      <trkpt lat="50.007407000" lon="7.691803000">
        <ele>406.8</ele>
      </trkpt>
      <trkpt lat="50.007433000" lon="7.691780000">
        <ele>407.2</ele>
      </trkpt>
      <trkpt lat="50.007448000" lon="7.691765000">
        <ele>407.4</ele>
      </trkpt>
      <trkpt lat="50.007478000" lon="7.691725000">
        <ele>407.6</ele>
      </trkpt>
      <trkpt lat="50.007487000" lon="7.691677000">
        <ele>407.8</ele>
      </trkpt>
      <trkpt lat="50.007500000" lon="7.691653000">
        <ele>407.8</ele>
      </trkpt>
      <trkpt lat="50.007507000" lon="7.691623000">
        <ele>408.0</ele>
      </trkpt>
      <trkpt lat="50.007510000" lon="7.691597000">
        <ele>408.0</ele>
      </trkpt>
      <trkpt lat="50.007520000" lon="7.691565000">
        <ele>408.0</ele>
      </trkpt>
      <trkpt lat="50.007525000" lon="7.691540000">
        <ele>408.0</ele>
      </trkpt>
      <trkpt lat="50.007532000" lon="7.691492000">
        <ele>408.0</ele>
      </trkpt>
      <trkpt lat="50.007532000" lon="7.691462000">
        <ele>408.2</ele>
      </trkpt>
      <trkpt lat="50.007538000" lon="7.691435000">
        <ele>408.2</ele>
      </trkpt>
      <trkpt lat="50.007542000" lon="7.691380000">
        <ele>408.4</ele>
      </trkpt>
      <trkpt lat="50.007545000" lon="7.691353000">
        <ele>408.4</ele>
      </trkpt>
      <trkpt lat="50.007548000" lon="7.691323000">
        <ele>408.4</ele>
      </trkpt>
      <trkpt lat="50.007563000" lon="7.691275000">
        <ele>408.6</ele>
      </trkpt>
      <trkpt lat="50.007580000" lon="7.691252000">
        <ele>408.6</ele>
      </trkpt>
      <trkpt lat="50.007593000" lon="7.691228000">
        <ele>408.6</ele>
      </trkpt>
      <trkpt lat="50.007622000" lon="7.691198000">
        <ele>408.8</ele>
      </trkpt>
      <trkpt lat="50.007660000" lon="7.691183000">
        <ele>408.8</ele>
      </trkpt>
      <trkpt lat="50.007692000" lon="7.691183000">
        <ele>409.2</ele>
      </trkpt>
      <trkpt lat="50.007712000" lon="7.691180000">
        <ele>409.2</ele>
      </trkpt>
      <trkpt lat="50.007743000" lon="7.691168000">
        <ele>409.6</ele>
      </trkpt>
      <trkpt lat="50.007762000" lon="7.691172000">
        <ele>409.8</ele>
      </trkpt>
      <trkpt lat="50.007792000" lon="7.691173000">
        <ele>410.0</ele>
      </trkpt>
      <trkpt lat="50.007820000" lon="7.691168000">
        <ele>410.4</ele>
      </trkpt>
      <trkpt lat="50.007842000" lon="7.691173000">
        <ele>410.6</ele>
      </trkpt>
      <trkpt lat="50.007862000" lon="7.691180000">
        <ele>410.8</ele>
      </trkpt>
      <trkpt lat="50.007883000" lon="7.691187000">
        <ele>411.2</ele>
      </trkpt>
      <trkpt lat="50.007922000" lon="7.691187000">
        <ele>411.6</ele>
      </trkpt>
      <trkpt lat="50.007958000" lon="7.691180000">
        <ele>412.0</ele>
      </trkpt>
      <trkpt lat="50.007977000" lon="7.691180000">
        <ele>412.2</ele>
      </trkpt>
      <trkpt lat="50.008002000" lon="7.691180000">
        <ele>412.2</ele>
      </trkpt>
      <trkpt lat="50.008025000" lon="7.691177000">
        <ele>412.4</ele>
      </trkpt>
      <trkpt lat="50.008053000" lon="7.691167000">
        <ele>412.4</ele>
      </trkpt>
      <trkpt lat="50.008085000" lon="7.691158000">
        <ele>412.8</ele>
      </trkpt>
      <trkpt lat="50.008120000" lon="7.691150000">
        <ele>413.0</ele>
      </trkpt>
      <trkpt lat="50.008140000" lon="7.691137000">
        <ele>413.2</ele>
      </trkpt>
      <trkpt lat="50.008157000" lon="7.691118000">
        <ele>413.6</ele>
      </trkpt>
      <trkpt lat="50.008175000" lon="7.691095000">
        <ele>413.8</ele>
      </trkpt>
      <trkpt lat="50.008195000" lon="7.691085000">
        <ele>414.0</ele>
      </trkpt>
      <trkpt lat="50.008223000" lon="7.691067000">
        <ele>414.2</ele>
      </trkpt>
      <trkpt lat="50.008248000" lon="7.691047000">
        <ele>414.4</ele>
      </trkpt>
      <trkpt lat="50.008265000" lon="7.691017000">
        <ele>414.6</ele>
      </trkpt>
      <trkpt lat="50.008268000" lon="7.690978000">
        <ele>415.0</ele>
      </trkpt>
      <trkpt lat="50.008275000" lon="7.690948000">
        <ele>415.4</ele>
      </trkpt>
      <trkpt lat="50.008275000" lon="7.690913000">
        <ele>415.8</ele>
      </trkpt>
      <trkpt lat="50.008278000" lon="7.690878000">
        <ele>416.0</ele>
      </trkpt>
      <trkpt lat="50.008262000" lon="7.690850000">
        <ele>416.2</ele>
      </trkpt>
      <trkpt lat="50.008248000" lon="7.690807000">
        <ele>416.4</ele>
      </trkpt>
      <trkpt lat="50.008245000" lon="7.690777000">
        <ele>416.6</ele>
      </trkpt>
      <trkpt lat="50.008242000" lon="7.690720000">
        <ele>416.6</ele>
      </trkpt>
      <trkpt lat="50.008240000" lon="7.690687000">
        <ele>416.8</ele>
      </trkpt>
      <trkpt lat="50.008223000" lon="7.690647000">
        <ele>417.0</ele>
      </trkpt>
      <trkpt lat="50.008213000" lon="7.690600000">
        <ele>417.2</ele>
      </trkpt>
      <trkpt lat="50.008203000" lon="7.690577000">
        <ele>417.4</ele>
      </trkpt>
      <trkpt lat="50.008200000" lon="7.690548000">
        <ele>417.4</ele>
      </trkpt>
      <trkpt lat="50.008188000" lon="7.690512000">
        <ele>417.6</ele>
      </trkpt>
      <trkpt lat="50.008182000" lon="7.690483000">
        <ele>417.6</ele>
      </trkpt>
      <trkpt lat="50.008168000" lon="7.690452000">
        <ele>417.8</ele>
      </trkpt>
      <trkpt lat="50.008162000" lon="7.690413000">
        <ele>417.8</ele>
      </trkpt>
      <trkpt lat="50.008153000" lon="7.690380000">
        <ele>418.0</ele>
      </trkpt>
      <trkpt lat="50.008133000" lon="7.690328000">
        <ele>418.0</ele>
      </trkpt>
      <trkpt lat="50.008118000" lon="7.690305000">
        <ele>418.0</ele>
      </trkpt>
      <trkpt lat="50.008098000" lon="7.690285000">
        <ele>418.2</ele>
      </trkpt>
      <trkpt lat="50.008082000" lon="7.690262000">
        <ele>418.2</ele>
      </trkpt>
      <trkpt lat="50.008063000" lon="7.690240000">
        <ele>418.2</ele>
      </trkpt>
      <trkpt lat="50.008047000" lon="7.690222000">
        <ele>418.2</ele>
      </trkpt>
      <trkpt lat="50.008022000" lon="7.690188000">
        <ele>418.4</ele>
      </trkpt>
      <trkpt lat="50.008002000" lon="7.690172000">
        <ele>418.4</ele>
      </trkpt>
      <trkpt lat="50.007987000" lon="7.690152000">
        <ele>418.4</ele>
      </trkpt>
      <trkpt lat="50.007970000" lon="7.690140000">
        <ele>418.6</ele>
      </trkpt>
      <trkpt lat="50.007955000" lon="7.690120000">
        <ele>418.6</ele>
      </trkpt>
      <trkpt lat="50.007928000" lon="7.690102000">
        <ele>418.8</ele>
      </trkpt>
      <trkpt lat="50.007903000" lon="7.690082000">
        <ele>418.8</ele>
      </trkpt>
      <trkpt lat="50.007880000" lon="7.690070000">
        <ele>419.0</ele>
      </trkpt>
      <trkpt lat="50.007858000" lon="7.690047000">
        <ele>419.0</ele>
      </trkpt>
      <trkpt lat="50.007840000" lon="7.690022000">
        <ele>419.2</ele>
      </trkpt>
      <trkpt lat="50.007820000" lon="7.690015000">
        <ele>419.2</ele>
      </trkpt>
      <trkpt lat="50.007800000" lon="7.690013000">
        <ele>419.2</ele>
      </trkpt>
      <trkpt lat="50.007765000" lon="7.690003000">
        <ele>419.2</ele>
      </trkpt>
      <trkpt lat="50.007737000" lon="7.689987000">
        <ele>419.2</ele>
      </trkpt>
      <trkpt lat="50.007712000" lon="7.689958000">
        <ele>419.4</ele>
      </trkpt>
      <trkpt lat="50.007692000" lon="7.689945000">
        <ele>419.4</ele>
      </trkpt>
      <trkpt lat="50.007667000" lon="7.689937000">
        <ele>419.4</ele>
      </trkpt>
      <trkpt lat="50.007643000" lon="7.689933000">
        <ele>419.4</ele>
      </trkpt>
      <trkpt lat="50.007625000" lon="7.689928000">
        <ele>419.6</ele>
      </trkpt>
      <trkpt lat="50.007602000" lon="7.689917000">
        <ele>419.6</ele>
      </trkpt>
      <trkpt lat="50.007580000" lon="7.689895000">
        <ele>419.6</ele>
      </trkpt>
      <trkpt lat="50.007558000" lon="7.689880000">
        <ele>419.8</ele>
      </trkpt>
      <trkpt lat="50.007538000" lon="7.689863000">
        <ele>419.8</ele>
      </trkpt>
      <trkpt lat="50.007513000" lon="7.689857000">
        <ele>420.0</ele>
      </trkpt>
      <trkpt lat="50.007493000" lon="7.689848000">
        <ele>420.0</ele>
      </trkpt>
      <trkpt lat="50.007452000" lon="7.689845000">
        <ele>420.0</ele>
      </trkpt>
      <trkpt lat="50.007430000" lon="7.689845000">
        <ele>420.0</ele>
      </trkpt>
      <trkpt lat="50.007407000" lon="7.689845000">
        <ele>420.0</ele>
      </trkpt>
      <trkpt lat="50.007385000" lon="7.689840000">
        <ele>420.0</ele>
      </trkpt>
      <trkpt lat="50.007362000" lon="7.689837000">
        <ele>420.0</ele>
      </trkpt>
      <trkpt lat="50.007340000" lon="7.689835000">
        <ele>420.0</ele>
      </trkpt>
      <trkpt lat="50.007315000" lon="7.689835000">
        <ele>420.0</ele>
      </trkpt>
      <trkpt lat="50.007280000" lon="7.689827000">
        <ele>420.0</ele>
      </trkpt>
      <trkpt lat="50.007253000" lon="7.689827000">
        <ele>420.0</ele>
      </trkpt>
      <trkpt lat="50.007235000" lon="7.689825000">
        <ele>420.0</ele>
      </trkpt>
      <trkpt lat="50.007208000" lon="7.689822000">
        <ele>420.0</ele>
      </trkpt>
      <trkpt lat="50.007190000" lon="7.689820000">
        <ele>420.2</ele>
      </trkpt>
      <trkpt lat="50.007170000" lon="7.689817000">
        <ele>420.2</ele>
      </trkpt>
      <trkpt lat="50.007148000" lon="7.689815000">
        <ele>420.2</ele>
      </trkpt>
      <trkpt lat="50.007128000" lon="7.689817000">
        <ele>420.4</ele>
      </trkpt>
      <trkpt lat="50.007107000" lon="7.689817000">
        <ele>420.4</ele>
      </trkpt>
      <trkpt lat="50.007080000" lon="7.689812000">
        <ele>420.4</ele>
      </trkpt>
      <trkpt lat="50.007055000" lon="7.689812000">
        <ele>420.6</ele>
      </trkpt>
      <trkpt lat="50.007033000" lon="7.689812000">
        <ele>420.6</ele>
      </trkpt>
      <trkpt lat="50.007013000" lon="7.689805000">
        <ele>420.6</ele>
      </trkpt>
      <trkpt lat="50.006992000" lon="7.689800000">
        <ele>420.6</ele>
      </trkpt>
      <trkpt lat="50.006972000" lon="7.689795000">
        <ele>420.8</ele>
      </trkpt>
      <trkpt lat="50.006950000" lon="7.689787000">
        <ele>420.8</ele>
      </trkpt>
      <trkpt lat="50.006930000" lon="7.689777000">
        <ele>420.8</ele>
      </trkpt>
      <trkpt lat="50.006912000" lon="7.689767000">
        <ele>420.8</ele>
      </trkpt>
      <trkpt lat="50.006892000" lon="7.689758000">
        <ele>420.8</ele>
      </trkpt>
      <trkpt lat="50.006870000" lon="7.689750000">
        <ele>420.6</ele>
      </trkpt>
      <trkpt lat="50.006850000" lon="7.689740000">
        <ele>420.6</ele>
      </trkpt>
      <trkpt lat="50.006828000" lon="7.689730000">
        <ele>420.6</ele>
      </trkpt>
      <trkpt lat="50.006805000" lon="7.689722000">
        <ele>420.4</ele>
      </trkpt>
      <trkpt lat="50.006783000" lon="7.689715000">
        <ele>420.4</ele>
      </trkpt>
      <trkpt lat="50.006763000" lon="7.689707000">
        <ele>420.2</ele>
      </trkpt>
      <trkpt lat="50.006735000" lon="7.689695000">
        <ele>420.2</ele>
      </trkpt>
      <trkpt lat="50.006717000" lon="7.689683000">
        <ele>420.2</ele>
      </trkpt>
      <trkpt lat="50.006693000" lon="7.689673000">
        <ele>420.0</ele>
      </trkpt>
      <trkpt lat="50.006675000" lon="7.689660000">
        <ele>420.0</ele>
      </trkpt>
      <trkpt lat="50.006655000" lon="7.689647000">
        <ele>419.8</ele>
      </trkpt>
      <trkpt lat="50.006620000" lon="7.689622000">
        <ele>419.6</ele>
      </trkpt>
      <trkpt lat="50.006603000" lon="7.689608000">
        <ele>419.6</ele>
      </trkpt>
      <trkpt lat="50.006588000" lon="7.689590000">
        <ele>419.4</ele>
      </trkpt>
      <trkpt lat="50.006568000" lon="7.689577000">
        <ele>419.4</ele>
      </trkpt>
      <trkpt lat="50.006550000" lon="7.689560000">
        <ele>419.2</ele>
      </trkpt>
      <trkpt lat="50.006527000" lon="7.689543000">
        <ele>419.0</ele>
      </trkpt>
      <trkpt lat="50.006508000" lon="7.689528000">
        <ele>419.0</ele>
      </trkpt>
      <trkpt lat="50.006488000" lon="7.689515000">
        <ele>418.8</ele>
      </trkpt>
      <trkpt lat="50.006453000" lon="7.689488000">
        <ele>418.4</ele>
      </trkpt>
      <trkpt lat="50.006435000" lon="7.689472000">
        <ele>418.4</ele>
      </trkpt>
      <trkpt lat="50.006412000" lon="7.689458000">
        <ele>418.2</ele>
      </trkpt>
      <trkpt lat="50.006393000" lon="7.689443000">
        <ele>418.2</ele>
      </trkpt>
      <trkpt lat="50.006370000" lon="7.689435000">
        <ele>418.2</ele>
      </trkpt>
      <trkpt lat="50.006348000" lon="7.689425000">
        <ele>418.2</ele>
      </trkpt>
      <trkpt lat="50.006322000" lon="7.689415000">
        <ele>418.0</ele>
      </trkpt>
      <trkpt lat="50.006300000" lon="7.689400000">
        <ele>418.0</ele>
      </trkpt>
      <trkpt lat="50.006280000" lon="7.689387000">
        <ele>418.0</ele>
      </trkpt>
      <trkpt lat="50.006258000" lon="7.689370000">
        <ele>418.0</ele>
      </trkpt>
      <trkpt lat="50.006237000" lon="7.689350000">
        <ele>418.0</ele>
      </trkpt>
      <trkpt lat="50.006213000" lon="7.689330000">
        <ele>418.0</ele>
      </trkpt>
      <trkpt lat="50.006195000" lon="7.689310000">
        <ele>418.0</ele>
      </trkpt>
      <trkpt lat="50.006175000" lon="7.689293000">
        <ele>418.0</ele>
      </trkpt>
      <trkpt lat="50.006153000" lon="7.689273000">
        <ele>418.0</ele>
      </trkpt>
      <trkpt lat="50.006130000" lon="7.689253000">
        <ele>418.0</ele>
      </trkpt>
      <trkpt lat="50.006108000" lon="7.689237000">
        <ele>418.0</ele>
      </trkpt>
      <trkpt lat="50.006088000" lon="7.689218000">
        <ele>418.0</ele>
      </trkpt>
      <trkpt lat="50.006073000" lon="7.689200000">
        <ele>418.0</ele>
      </trkpt>
      <trkpt lat="50.006057000" lon="7.689180000">
        <ele>418.0</ele>
      </trkpt>
      <trkpt lat="50.006038000" lon="7.689160000">
        <ele>418.0</ele>
      </trkpt>
      <trkpt lat="50.006018000" lon="7.689142000">
        <ele>418.0</ele>
      </trkpt>
      <trkpt lat="50.005997000" lon="7.689125000">
        <ele>418.0</ele>
      </trkpt>
      <trkpt lat="50.005977000" lon="7.689112000">
        <ele>418.0</ele>
      </trkpt>
      <trkpt lat="50.005958000" lon="7.689095000">
        <ele>418.0</ele>
      </trkpt>
      <trkpt lat="50.005935000" lon="7.689077000">
        <ele>418.0</ele>
      </trkpt>
      <trkpt lat="50.005917000" lon="7.689060000">
        <ele>418.0</ele>
      </trkpt>
      <trkpt lat="50.005893000" lon="7.689042000">
        <ele>418.0</ele>
      </trkpt>
      <trkpt lat="50.005872000" lon="7.689023000">
        <ele>418.0</ele>
      </trkpt>
      <trkpt lat="50.005852000" lon="7.689010000">
        <ele>418.0</ele>
      </trkpt>
      <trkpt lat="50.005830000" lon="7.688995000">
        <ele>418.0</ele>
      </trkpt>
      <trkpt lat="50.005803000" lon="7.688980000">
        <ele>418.0</ele>
      </trkpt>
      <trkpt lat="50.005785000" lon="7.688963000">
        <ele>418.0</ele>
      </trkpt>
      <trkpt lat="50.005762000" lon="7.688950000">
        <ele>418.0</ele>
      </trkpt>
      <trkpt lat="50.005743000" lon="7.688927000">
        <ele>418.0</ele>
      </trkpt>
      <trkpt lat="50.005723000" lon="7.688910000">
        <ele>418.0</ele>
      </trkpt>
      <trkpt lat="50.005712000" lon="7.688888000">
        <ele>418.0</ele>
      </trkpt>
      <trkpt lat="50.005692000" lon="7.688868000">
        <ele>418.0</ele>
      </trkpt>
      <trkpt lat="50.005673000" lon="7.688853000">
        <ele>418.0</ele>
      </trkpt>
      <trkpt lat="50.005653000" lon="7.688835000">
        <ele>418.0</ele>
      </trkpt>
      <trkpt lat="50.005635000" lon="7.688817000">
        <ele>418.0</ele>
      </trkpt>
      <trkpt lat="50.005615000" lon="7.688798000">
        <ele>418.0</ele>
      </trkpt>
      <trkpt lat="50.005600000" lon="7.688780000">
        <ele>418.0</ele>
      </trkpt>
      <trkpt lat="50.005577000" lon="7.688752000">
        <ele>418.0</ele>
      </trkpt>
      <trkpt lat="50.005560000" lon="7.688732000">
        <ele>418.0</ele>
      </trkpt>
      <trkpt lat="50.005545000" lon="7.688712000">
        <ele>418.2</ele>
      </trkpt>
      <trkpt lat="50.005525000" lon="7.688690000">
        <ele>418.2</ele>
      </trkpt>
      <trkpt lat="50.005503000" lon="7.688667000">
        <ele>418.2</ele>
      </trkpt>
      <trkpt lat="50.005480000" lon="7.688653000">
        <ele>418.2</ele>
      </trkpt>
      <trkpt lat="50.005465000" lon="7.688635000">
        <ele>418.0</ele>
      </trkpt>
      <trkpt lat="50.005445000" lon="7.688610000">
        <ele>418.0</ele>
      </trkpt>
      <trkpt lat="50.005427000" lon="7.688598000">
        <ele>418.0</ele>
      </trkpt>
      <trkpt lat="50.005407000" lon="7.688590000">
        <ele>418.0</ele>
      </trkpt>
      <trkpt lat="50.005388000" lon="7.688587000">
        <ele>417.8</ele>
      </trkpt>
      <trkpt lat="50.005347000" lon="7.688560000">
        <ele>417.8</ele>
      </trkpt>
      <trkpt lat="50.005323000" lon="7.688553000">
        <ele>417.8</ele>
      </trkpt>
      <trkpt lat="50.005305000" lon="7.688542000">
        <ele>417.8</ele>
      </trkpt>
      <trkpt lat="50.005282000" lon="7.688533000">
        <ele>417.8</ele>
      </trkpt>
      <trkpt lat="50.005260000" lon="7.688520000">
        <ele>418.0</ele>
      </trkpt>
      <trkpt lat="50.005240000" lon="7.688513000">
        <ele>418.0</ele>
      </trkpt>
      <trkpt lat="50.005218000" lon="7.688503000">
        <ele>418.0</ele>
      </trkpt>
      <trkpt lat="50.005197000" lon="7.688493000">
        <ele>418.0</ele>
      </trkpt>
      <trkpt lat="50.005177000" lon="7.688482000">
        <ele>418.0</ele>
      </trkpt>
      <trkpt lat="50.005148000" lon="7.688473000">
        <ele>418.2</ele>
      </trkpt>
      <trkpt lat="50.005128000" lon="7.688460000">
        <ele>418.2</ele>
      </trkpt>
      <trkpt lat="50.005110000" lon="7.688452000">
        <ele>418.4</ele>
      </trkpt>
      <trkpt lat="50.005090000" lon="7.688438000">
        <ele>418.4</ele>
      </trkpt>
      <trkpt lat="50.005072000" lon="7.688428000">
        <ele>418.4</ele>
      </trkpt>
      <trkpt lat="50.005048000" lon="7.688418000">
        <ele>418.4</ele>
      </trkpt>
      <trkpt lat="50.005027000" lon="7.688412000">
        <ele>418.6</ele>
      </trkpt>
      <trkpt lat="50.005003000" lon="7.688405000">
        <ele>418.6</ele>
      </trkpt>
      <trkpt lat="50.004985000" lon="7.688398000">
        <ele>418.8</ele>
      </trkpt>
      <trkpt lat="50.004965000" lon="7.688392000">
        <ele>418.8</ele>
      </trkpt>
      <trkpt lat="50.004947000" lon="7.688380000">
        <ele>418.8</ele>
      </trkpt>
      <trkpt lat="50.004927000" lon="7.688372000">
        <ele>418.8</ele>
      </trkpt>
      <trkpt lat="50.004908000" lon="7.688360000">
        <ele>418.8</ele>
      </trkpt>
      <trkpt lat="50.004888000" lon="7.688353000">
        <ele>419.0</ele>
      </trkpt>
      <trkpt lat="50.004867000" lon="7.688343000">
        <ele>419.0</ele>
      </trkpt>
      <trkpt lat="50.004843000" lon="7.688335000">
        <ele>419.0</ele>
      </trkpt>
      <trkpt lat="50.004825000" lon="7.688327000">
        <ele>419.0</ele>
      </trkpt>
      <trkpt lat="50.004802000" lon="7.688320000">
        <ele>419.2</ele>
      </trkpt>
      <trkpt lat="50.004780000" lon="7.688310000">
        <ele>419.2</ele>
      </trkpt>
      <trkpt lat="50.004758000" lon="7.688302000">
        <ele>419.2</ele>
      </trkpt>
      <trkpt lat="50.004738000" lon="7.688297000">
        <ele>419.2</ele>
      </trkpt>
      <trkpt lat="50.004713000" lon="7.688290000">
        <ele>419.4</ele>
      </trkpt>
      <trkpt lat="50.004693000" lon="7.688282000">
        <ele>419.4</ele>
      </trkpt>
      <trkpt lat="50.004658000" lon="7.688263000">
        <ele>419.2</ele>
      </trkpt>
      <trkpt lat="50.004633000" lon="7.688257000">
        <ele>419.2</ele>
      </trkpt>
      <trkpt lat="50.004595000" lon="7.688245000">
        <ele>419.2</ele>
      </trkpt>
      <trkpt lat="50.004560000" lon="7.688230000">
        <ele>419.2</ele>
      </trkpt>
      <trkpt lat="50.004533000" lon="7.688218000">
        <ele>419.2</ele>
      </trkpt>
      <trkpt lat="50.004515000" lon="7.688210000">
        <ele>419.2</ele>
      </trkpt>
      <trkpt lat="50.004492000" lon="7.688200000">
        <ele>419.2</ele>
      </trkpt>
      <trkpt lat="50.004473000" lon="7.688195000">
        <ele>419.2</ele>
      </trkpt>
      <trkpt lat="50.004450000" lon="7.688188000">
        <ele>419.2</ele>
      </trkpt>
      <trkpt lat="50.004428000" lon="7.688177000">
        <ele>419.2</ele>
      </trkpt>
      <trkpt lat="50.004408000" lon="7.688168000">
        <ele>419.2</ele>
      </trkpt>
      <trkpt lat="50.004390000" lon="7.688157000">
        <ele>419.4</ele>
      </trkpt>
      <trkpt lat="50.004370000" lon="7.688148000">
        <ele>419.4</ele>
      </trkpt>
      <trkpt lat="50.004348000" lon="7.688140000">
        <ele>419.4</ele>
      </trkpt>
      <trkpt lat="50.004328000" lon="7.688128000">
        <ele>419.4</ele>
      </trkpt>
      <trkpt lat="50.004307000" lon="7.688120000">
        <ele>419.6</ele>
      </trkpt>
      <trkpt lat="50.004287000" lon="7.688108000">
        <ele>419.6</ele>
      </trkpt>
      <trkpt lat="50.004268000" lon="7.688100000">
        <ele>419.8</ele>
      </trkpt>
      <trkpt lat="50.004245000" lon="7.688088000">
        <ele>419.8</ele>
      </trkpt>
      <trkpt lat="50.004227000" lon="7.688077000">
        <ele>419.8</ele>
      </trkpt>
      <trkpt lat="50.004207000" lon="7.688063000">
        <ele>419.8</ele>
      </trkpt>
      <trkpt lat="50.004188000" lon="7.688055000">
        <ele>419.8</ele>
      </trkpt>
      <trkpt lat="50.004150000" lon="7.688032000">
        <ele>419.8</ele>
      </trkpt>
      <trkpt lat="50.004130000" lon="7.688022000">
        <ele>419.8</ele>
      </trkpt>
      <trkpt lat="50.004112000" lon="7.688015000">
        <ele>419.8</ele>
      </trkpt>
      <trkpt lat="50.004092000" lon="7.688005000">
        <ele>419.8</ele>
      </trkpt>
      <trkpt lat="50.004063000" lon="7.687983000">
        <ele>419.8</ele>
      </trkpt>
      <trkpt lat="50.004038000" lon="7.687975000">
        <ele>419.8</ele>
      </trkpt>
      <trkpt lat="50.004018000" lon="7.687970000">
        <ele>419.8</ele>
      </trkpt>
      <trkpt lat="50.003983000" lon="7.687953000">
        <ele>419.8</ele>
      </trkpt>
      <trkpt lat="50.003963000" lon="7.687940000">
        <ele>419.8</ele>
      </trkpt>
      <trkpt lat="50.003945000" lon="7.687930000">
        <ele>419.8</ele>
      </trkpt>
      <trkpt lat="50.003920000" lon="7.687923000">
        <ele>419.8</ele>
      </trkpt>
      <trkpt lat="50.003897000" lon="7.687920000">
        <ele>419.8</ele>
      </trkpt>
      <trkpt lat="50.003878000" lon="7.687918000">
        <ele>419.8</ele>
      </trkpt>
      <trkpt lat="50.003855000" lon="7.687917000">
        <ele>419.8</ele>
      </trkpt>
      <trkpt lat="50.003837000" lon="7.687915000">
        <ele>419.8</ele>
      </trkpt>
      <trkpt lat="50.003813000" lon="7.687913000">
        <ele>419.8</ele>
      </trkpt>
      <trkpt lat="50.003792000" lon="7.687907000">
        <ele>419.8</ele>
      </trkpt>
      <trkpt lat="50.003768000" lon="7.687910000">
        <ele>419.8</ele>
      </trkpt>
      <trkpt lat="50.003750000" lon="7.687900000">
        <ele>420.0</ele>
      </trkpt>
      <trkpt lat="50.003730000" lon="7.687897000">
        <ele>420.0</ele>
      </trkpt>
      <trkpt lat="50.003712000" lon="7.687890000">
        <ele>420.0</ele>
      </trkpt>
      <trkpt lat="50.003688000" lon="7.687885000">
        <ele>420.0</ele>
      </trkpt>
      <trkpt lat="50.003667000" lon="7.687885000">
        <ele>420.2</ele>
      </trkpt>
      <trkpt lat="50.003640000" lon="7.687880000">
        <ele>420.2</ele>
      </trkpt>
      <trkpt lat="50.003622000" lon="7.687880000">
        <ele>420.2</ele>
      </trkpt>
      <trkpt lat="50.003600000" lon="7.687878000">
        <ele>420.2</ele>
      </trkpt>
      <trkpt lat="50.003577000" lon="7.687872000">
        <ele>420.4</ele>
      </trkpt>
      <trkpt lat="50.003555000" lon="7.687867000">
        <ele>420.4</ele>
      </trkpt>
      <trkpt lat="50.003535000" lon="7.687860000">
        <ele>420.4</ele>
      </trkpt>
      <trkpt lat="50.003513000" lon="7.687858000">
        <ele>420.4</ele>
      </trkpt>
      <trkpt lat="50.003490000" lon="7.687847000">
        <ele>420.6</ele>
      </trkpt>
      <trkpt lat="50.003472000" lon="7.687842000">
        <ele>420.6</ele>
      </trkpt>
      <trkpt lat="50.003448000" lon="7.687833000">
        <ele>420.6</ele>
      </trkpt>
      <trkpt lat="50.003423000" lon="7.687828000">
        <ele>420.6</ele>
      </trkpt>
      <trkpt lat="50.003392000" lon="7.687798000">
        <ele>420.6</ele>
      </trkpt>
      <trkpt lat="50.003372000" lon="7.687780000">
        <ele>420.8</ele>
      </trkpt>
      <trkpt lat="50.003353000" lon="7.687758000">
        <ele>420.8</ele>
      </trkpt>
      <trkpt lat="50.003337000" lon="7.687740000">
        <ele>420.6</ele>
      </trkpt>
      <trkpt lat="50.003318000" lon="7.687720000">
        <ele>420.6</ele>
      </trkpt>
      <trkpt lat="50.003302000" lon="7.687702000">
        <ele>420.6</ele>
      </trkpt>
      <trkpt lat="50.003277000" lon="7.687678000">
        <ele>420.4</ele>
      </trkpt>
      <trkpt lat="50.003260000" lon="7.687660000">
        <ele>420.2</ele>
      </trkpt>
      <trkpt lat="50.003238000" lon="7.687652000">
        <ele>420.2</ele>
      </trkpt>
      <trkpt lat="50.003218000" lon="7.687640000">
        <ele>420.0</ele>
      </trkpt>
      <trkpt lat="50.003202000" lon="7.687627000">
        <ele>420.0</ele>
      </trkpt>
      <trkpt lat="50.003183000" lon="7.687615000">
        <ele>420.0</ele>
      </trkpt>
      <trkpt lat="50.003163000" lon="7.687600000">
        <ele>420.0</ele>
      </trkpt>
      <trkpt lat="50.003142000" lon="7.687580000">
        <ele>420.0</ele>
      </trkpt>
      <trkpt lat="50.003113000" lon="7.687567000">
        <ele>420.0</ele>
      </trkpt>
      <trkpt lat="50.003090000" lon="7.687558000">
        <ele>420.0</ele>
      </trkpt>
      <trkpt lat="50.003065000" lon="7.687540000">
        <ele>420.0</ele>
      </trkpt>
      <trkpt lat="50.003042000" lon="7.687530000">
        <ele>420.0</ele>
      </trkpt>
      <trkpt lat="50.003020000" lon="7.687518000">
        <ele>420.0</ele>
      </trkpt>
      <trkpt lat="50.002998000" lon="7.687510000">
        <ele>420.0</ele>
      </trkpt>
      <trkpt lat="50.002972000" lon="7.687500000">
        <ele>420.0</ele>
      </trkpt>
      <trkpt lat="50.002953000" lon="7.687495000">
        <ele>420.0</ele>
      </trkpt>
      <trkpt lat="50.002933000" lon="7.687485000">
        <ele>420.0</ele>
      </trkpt>
      <trkpt lat="50.002915000" lon="7.687478000">
        <ele>420.0</ele>
      </trkpt>
      <trkpt lat="50.002895000" lon="7.687468000">
        <ele>420.0</ele>
      </trkpt>
      <trkpt lat="50.002877000" lon="7.687458000">
        <ele>419.8</ele>
      </trkpt>
      <trkpt lat="50.002857000" lon="7.687448000">
        <ele>419.8</ele>
      </trkpt>
      <trkpt lat="50.002838000" lon="7.687438000">
        <ele>419.8</ele>
      </trkpt>
      <trkpt lat="50.002818000" lon="7.687432000">
        <ele>419.6</ele>
      </trkpt>
      <trkpt lat="50.002787000" lon="7.687417000">
        <ele>419.6</ele>
      </trkpt>
      <trkpt lat="50.002758000" lon="7.687400000">
        <ele>419.6</ele>
      </trkpt>
      <trkpt lat="50.002732000" lon="7.687385000">
        <ele>419.4</ele>
      </trkpt>
      <trkpt lat="50.002697000" lon="7.687360000">
        <ele>419.6</ele>
      </trkpt>
      <trkpt lat="50.002678000" lon="7.687345000">
        <ele>419.6</ele>
      </trkpt>
      <trkpt lat="50.002645000" lon="7.687325000">
        <ele>419.6</ele>
      </trkpt>
      <trkpt lat="50.002617000" lon="7.687287000">
        <ele>419.6</ele>
      </trkpt>
      <trkpt lat="50.002600000" lon="7.687270000">
        <ele>419.4</ele>
      </trkpt>
      <trkpt lat="50.002585000" lon="7.687257000">
        <ele>419.2</ele>
      </trkpt>
      <trkpt lat="50.002565000" lon="7.687245000">
        <ele>419.2</ele>
      </trkpt>
      <trkpt lat="50.002547000" lon="7.687230000">
        <ele>419.0</ele>
      </trkpt>
      <trkpt lat="50.002527000" lon="7.687215000">
        <ele>418.8</ele>
      </trkpt>
      <trkpt lat="50.002508000" lon="7.687182000">
        <ele>418.6</ele>
      </trkpt>
      <trkpt lat="50.002495000" lon="7.687160000">
        <ele>418.6</ele>
      </trkpt>
      <trkpt lat="50.002480000" lon="7.687132000">
        <ele>418.4</ele>
      </trkpt>
      <trkpt lat="50.002463000" lon="7.687105000">
        <ele>418.2</ele>
      </trkpt>
      <trkpt lat="50.002443000" lon="7.687085000">
        <ele>418.2</ele>
      </trkpt>
      <trkpt lat="50.002428000" lon="7.687065000">
        <ele>418.0</ele>
      </trkpt>
      <trkpt lat="50.002408000" lon="7.687042000">
        <ele>418.0</ele>
      </trkpt>
      <trkpt lat="50.002397000" lon="7.687015000">
        <ele>417.8</ele>
      </trkpt>
      <trkpt lat="50.002383000" lon="7.686992000">
        <ele>417.8</ele>
      </trkpt>
      <trkpt lat="50.002370000" lon="7.686968000">
        <ele>417.6</ele>
      </trkpt>
      <trkpt lat="50.002358000" lon="7.686930000">
        <ele>417.6</ele>
      </trkpt>
      <trkpt lat="50.002345000" lon="7.686898000">
        <ele>417.6</ele>
      </trkpt>
      <trkpt lat="50.002335000" lon="7.686870000">
        <ele>417.8</ele>
      </trkpt>
      <trkpt lat="50.002335000" lon="7.686830000">
        <ele>417.8</ele>
      </trkpt>
      <trkpt lat="50.002317000" lon="7.686783000">
        <ele>417.8</ele>
      </trkpt>
      <trkpt lat="50.002297000" lon="7.686748000">
        <ele>418.0</ele>
      </trkpt>
      <trkpt lat="50.002283000" lon="7.686720000">
        <ele>418.0</ele>
      </trkpt>
      <trkpt lat="50.002278000" lon="7.686688000">
        <ele>418.0</ele>
      </trkpt>
      <trkpt lat="50.002265000" lon="7.686648000">
        <ele>418.0</ele>
      </trkpt>
      <trkpt lat="50.002255000" lon="7.686615000">
        <ele>418.0</ele>
      </trkpt>
      <trkpt lat="50.002242000" lon="7.686573000">
        <ele>418.0</ele>
      </trkpt>
      <trkpt lat="50.002230000" lon="7.686527000">
        <ele>418.0</ele>
      </trkpt>
      <trkpt lat="50.002227000" lon="7.686483000">
        <ele>417.8</ele>
      </trkpt>
      <trkpt lat="50.002220000" lon="7.686450000">
        <ele>417.8</ele>
      </trkpt>
      <trkpt lat="50.002210000" lon="7.686413000">
        <ele>417.6</ele>
      </trkpt>
      <trkpt lat="50.002207000" lon="7.686372000">
        <ele>417.6</ele>
      </trkpt>
      <trkpt lat="50.002200000" lon="7.686338000">
        <ele>417.6</ele>
      </trkpt>
      <trkpt lat="50.002200000" lon="7.686307000">
        <ele>417.6</ele>
      </trkpt>
      <trkpt lat="50.002192000" lon="7.686268000">
        <ele>417.8</ele>
      </trkpt>
      <trkpt lat="50.002178000" lon="7.686207000">
        <ele>417.8</ele>
      </trkpt>
      <trkpt lat="50.002172000" lon="7.686140000">
        <ele>418.0</ele>
      </trkpt>
      <trkpt lat="50.002165000" lon="7.686103000">
        <ele>418.0</ele>
      </trkpt>
      <trkpt lat="50.002165000" lon="7.686072000">
        <ele>418.0</ele>
      </trkpt>
      <trkpt lat="50.002162000" lon="7.686040000">
        <ele>418.0</ele>
      </trkpt>
      <trkpt lat="50.002160000" lon="7.686005000">
        <ele>418.0</ele>
      </trkpt>
      <trkpt lat="50.002157000" lon="7.685965000">
        <ele>417.8</ele>
      </trkpt>
      <trkpt lat="50.002157000" lon="7.685937000">
        <ele>417.8</ele>
      </trkpt>
      <trkpt lat="50.002150000" lon="7.685902000">
        <ele>417.8</ele>
      </trkpt>
      <trkpt lat="50.002147000" lon="7.685870000">
        <ele>417.8</ele>
      </trkpt>
      <trkpt lat="50.002143000" lon="7.685840000">
        <ele>417.8</ele>
      </trkpt>
      <trkpt lat="50.002140000" lon="7.685805000">
        <ele>417.8</ele>
      </trkpt>
      <trkpt lat="50.002137000" lon="7.685770000">
        <ele>417.8</ele>
      </trkpt>
      <trkpt lat="50.002130000" lon="7.685738000">
        <ele>417.8</ele>
      </trkpt>
      <trkpt lat="50.002123000" lon="7.685703000">
        <ele>417.6</ele>
      </trkpt>
      <trkpt lat="50.002120000" lon="7.685662000">
        <ele>417.6</ele>
      </trkpt>
      <trkpt lat="50.002112000" lon="7.685612000">
        <ele>417.6</ele>
      </trkpt>
      <trkpt lat="50.002112000" lon="7.685580000">
        <ele>417.6</ele>
      </trkpt>
      <trkpt lat="50.002108000" lon="7.685548000">
        <ele>417.6</ele>
      </trkpt>
      <trkpt lat="50.002105000" lon="7.685513000">
        <ele>417.6</ele>
      </trkpt>
      <trkpt lat="50.002102000" lon="7.685483000">
        <ele>417.6</ele>
      </trkpt>
      <trkpt lat="50.002085000" lon="7.685425000">
        <ele>417.6</ele>
      </trkpt>
      <trkpt lat="50.002080000" lon="7.685395000">
        <ele>417.6</ele>
      </trkpt>
      <trkpt lat="50.002070000" lon="7.685360000">
        <ele>417.6</ele>
      </trkpt>
      <trkpt lat="50.002063000" lon="7.685298000">
        <ele>417.6</ele>
      </trkpt>
      <trkpt lat="50.002060000" lon="7.685262000">
        <ele>417.6</ele>
      </trkpt>
      <trkpt lat="50.002060000" lon="7.685230000">
        <ele>417.4</ele>
      </trkpt>
      <trkpt lat="50.002057000" lon="7.685198000">
        <ele>417.4</ele>
      </trkpt>
      <trkpt lat="50.002050000" lon="7.685167000">
        <ele>417.4</ele>
      </trkpt>
      <trkpt lat="50.002047000" lon="7.685127000">
        <ele>417.4</ele>
      </trkpt>
      <trkpt lat="50.002047000" lon="7.685100000">
        <ele>417.2</ele>
      </trkpt>
      <trkpt lat="50.002047000" lon="7.685070000">
        <ele>417.2</ele>
      </trkpt>
      <trkpt lat="50.002047000" lon="7.685033000">
        <ele>417.0</ele>
      </trkpt>
      <trkpt lat="50.002040000" lon="7.685002000">
        <ele>417.0</ele>
      </trkpt>
      <trkpt lat="50.002038000" lon="7.684968000">
        <ele>417.0</ele>
      </trkpt>
      <trkpt lat="50.002032000" lon="7.684940000">
        <ele>417.0</ele>
      </trkpt>
      <trkpt lat="50.002028000" lon="7.684905000">
        <ele>417.0</ele>
      </trkpt>
      <trkpt lat="50.002028000" lon="7.684875000">
        <ele>416.8</ele>
      </trkpt>
      <trkpt lat="50.002025000" lon="7.684842000">
        <ele>416.8</ele>
      </trkpt>
      <trkpt lat="50.002022000" lon="7.684810000">
        <ele>416.8</ele>
      </trkpt>
      <trkpt lat="50.002018000" lon="7.684778000">
        <ele>416.8</ele>
      </trkpt>
      <trkpt lat="50.002012000" lon="7.684747000">
        <ele>416.8</ele>
      </trkpt>
      <trkpt lat="50.002005000" lon="7.684718000">
        <ele>416.6</ele>
      </trkpt>
      <trkpt lat="50.002002000" lon="7.684683000">
        <ele>416.6</ele>
      </trkpt>
      <trkpt lat="50.001993000" lon="7.684655000">
        <ele>416.6</ele>
      </trkpt>
      <trkpt lat="50.001990000" lon="7.684620000">
        <ele>416.6</ele>
      </trkpt>
      <trkpt lat="50.001987000" lon="7.684588000">
        <ele>416.6</ele>
      </trkpt>
      <trkpt lat="50.001980000" lon="7.684560000">
        <ele>416.6</ele>
      </trkpt>
      <trkpt lat="50.001977000" lon="7.684523000">
        <ele>416.6</ele>
      </trkpt>
      <trkpt lat="50.001967000" lon="7.684487000">
        <ele>416.8</ele>
      </trkpt>
      <trkpt lat="50.001963000" lon="7.684453000">
        <ele>416.8</ele>
      </trkpt>
      <trkpt lat="50.001958000" lon="7.684420000">
        <ele>416.8</ele>
      </trkpt>
      <trkpt lat="50.001952000" lon="7.684387000">
        <ele>416.8</ele>
      </trkpt>
      <trkpt lat="50.001945000" lon="7.684353000">
        <ele>416.8</ele>
      </trkpt>
      <trkpt lat="50.001942000" lon="7.684318000">
        <ele>416.8</ele>
      </trkpt>
      <trkpt lat="50.001932000" lon="7.684283000">
        <ele>416.8</ele>
      </trkpt>
      <trkpt lat="50.001928000" lon="7.684248000">
        <ele>416.8</ele>
      </trkpt>
      <trkpt lat="50.001925000" lon="7.684215000">
        <ele>417.0</ele>
      </trkpt>
      <trkpt lat="50.001920000" lon="7.684183000">
        <ele>417.0</ele>
      </trkpt>
      <trkpt lat="50.001913000" lon="7.684157000">
        <ele>417.0</ele>
      </trkpt>
      <trkpt lat="50.001913000" lon="7.684122000">
        <ele>417.0</ele>
      </trkpt>
      <trkpt lat="50.001910000" lon="7.684090000">
        <ele>416.8</ele>
      </trkpt>
      <trkpt lat="50.001907000" lon="7.684058000">
        <ele>416.8</ele>
      </trkpt>
      <trkpt lat="50.001903000" lon="7.684023000">
        <ele>416.8</ele>
      </trkpt>
      <trkpt lat="50.001893000" lon="7.683995000">
        <ele>416.8</ele>
      </trkpt>
      <trkpt lat="50.001890000" lon="7.683960000">
        <ele>416.6</ele>
      </trkpt>
      <trkpt lat="50.001883000" lon="7.683933000">
        <ele>416.6</ele>
      </trkpt>
      <trkpt lat="50.001880000" lon="7.683900000">
        <ele>416.8</ele>
      </trkpt>
      <trkpt lat="50.001878000" lon="7.683872000">
        <ele>416.8</ele>
      </trkpt>
      <trkpt lat="50.001868000" lon="7.683843000">
        <ele>416.8</ele>
      </trkpt>
      <trkpt lat="50.001862000" lon="7.683812000">
        <ele>416.8</ele>
      </trkpt>
      <trkpt lat="50.001852000" lon="7.683787000">
        <ele>416.8</ele>
      </trkpt>
      <trkpt lat="50.001833000" lon="7.683737000">
        <ele>416.8</ele>
      </trkpt>
      <trkpt lat="50.001820000" lon="7.683713000">
        <ele>416.8</ele>
      </trkpt>
      <trkpt lat="50.001800000" lon="7.683690000">
        <ele>416.8</ele>
      </trkpt>
      <trkpt lat="50.001782000" lon="7.683670000">
        <ele>416.8</ele>
      </trkpt>
      <trkpt lat="50.001762000" lon="7.683660000">
        <ele>416.8</ele>
      </trkpt>
      <trkpt lat="50.001743000" lon="7.683645000">
        <ele>416.8</ele>
      </trkpt>
      <trkpt lat="50.001723000" lon="7.683637000">
        <ele>416.8</ele>
      </trkpt>
      <trkpt lat="50.001702000" lon="7.683625000">
        <ele>416.6</ele>
      </trkpt>
      <trkpt lat="50.001682000" lon="7.683615000">
        <ele>416.6</ele>
      </trkpt>
      <trkpt lat="50.001663000" lon="7.683608000">
        <ele>416.6</ele>
      </trkpt>
      <trkpt lat="50.001628000" lon="7.683585000">
        <ele>416.6</ele>
      </trkpt>
      <trkpt lat="50.001608000" lon="7.683580000">
        <ele>416.4</ele>
      </trkpt>
      <trkpt lat="50.001587000" lon="7.683573000">
        <ele>416.4</ele>
      </trkpt>
      <trkpt lat="50.001563000" lon="7.683563000">
        <ele>416.4</ele>
      </trkpt>
      <trkpt lat="50.001542000" lon="7.683555000">
        <ele>416.4</ele>
      </trkpt>
      <trkpt lat="50.001517000" lon="7.683543000">
        <ele>416.4</ele>
      </trkpt>
      <trkpt lat="50.001497000" lon="7.683532000">
        <ele>416.2</ele>
      </trkpt>
      <trkpt lat="50.001480000" lon="7.683520000">
        <ele>416.2</ele>
      </trkpt>
      <trkpt lat="50.001462000" lon="7.683507000">
        <ele>416.2</ele>
      </trkpt>
      <trkpt lat="50.001442000" lon="7.683498000">
        <ele>416.0</ele>
      </trkpt>
      <trkpt lat="50.001423000" lon="7.683487000">
        <ele>416.0</ele>
      </trkpt>
      <trkpt lat="50.001398000" lon="7.683477000">
        <ele>416.0</ele>
      </trkpt>
      <trkpt lat="50.001357000" lon="7.683457000">
        <ele>415.8</ele>
      </trkpt>
      <trkpt lat="50.001333000" lon="7.683440000">
        <ele>415.8</ele>
      </trkpt>
      <trkpt lat="50.001315000" lon="7.683432000">
        <ele>415.6</ele>
      </trkpt>
      <trkpt lat="50.001292000" lon="7.683423000">
        <ele>415.6</ele>
      </trkpt>
      <trkpt lat="50.001273000" lon="7.683415000">
        <ele>415.6</ele>
      </trkpt>
      <trkpt lat="50.001253000" lon="7.683407000">
        <ele>415.6</ele>
      </trkpt>
      <trkpt lat="50.001232000" lon="7.683398000">
        <ele>415.6</ele>
      </trkpt>
      <trkpt lat="50.001212000" lon="7.683387000">
        <ele>415.6</ele>
      </trkpt>
      <trkpt lat="50.001193000" lon="7.683378000">
        <ele>415.4</ele>
      </trkpt>
      <trkpt lat="50.001170000" lon="7.683362000">
        <ele>415.4</ele>
      </trkpt>
      <trkpt lat="50.001148000" lon="7.683353000">
        <ele>415.4</ele>
      </trkpt>
      <trkpt lat="50.001125000" lon="7.683340000">
        <ele>415.4</ele>
      </trkpt>
      <trkpt lat="50.001107000" lon="7.683327000">
        <ele>415.2</ele>
      </trkpt>
      <trkpt lat="50.001087000" lon="7.683320000">
        <ele>415.2</ele>
      </trkpt>
      <trkpt lat="50.001068000" lon="7.683308000">
        <ele>415.2</ele>
      </trkpt>
      <trkpt lat="50.001033000" lon="7.683285000">
        <ele>414.8</ele>
      </trkpt>
      <trkpt lat="50.001013000" lon="7.683273000">
        <ele>414.8</ele>
      </trkpt>
      <trkpt lat="50.000995000" lon="7.683262000">
        <ele>414.6</ele>
      </trkpt>
      <trkpt lat="50.000975000" lon="7.683253000">
        <ele>414.6</ele>
      </trkpt>
      <trkpt lat="50.000953000" lon="7.683240000">
        <ele>414.4</ele>
      </trkpt>
      <trkpt lat="50.000920000" lon="7.683218000">
        <ele>414.2</ele>
      </trkpt>
      <trkpt lat="50.000885000" lon="7.683200000">
        <ele>414.0</ele>
      </trkpt>
      <trkpt lat="50.000867000" lon="7.683200000">
        <ele>414.0</ele>
      </trkpt>
      <trkpt lat="50.000840000" lon="7.683200000">
        <ele>413.8</ele>
      </trkpt>
      <trkpt lat="50.000818000" lon="7.683208000">
        <ele>413.8</ele>
      </trkpt>
      <trkpt lat="50.000798000" lon="7.683215000">
        <ele>413.8</ele>
      </trkpt>
      <trkpt lat="50.000780000" lon="7.683225000">
        <ele>413.6</ele>
      </trkpt>
      <trkpt lat="50.000760000" lon="7.683235000">
        <ele>413.6</ele>
      </trkpt>
      <trkpt lat="50.000738000" lon="7.683245000">
        <ele>413.4</ele>
      </trkpt>
      <trkpt lat="50.000707000" lon="7.683268000">
        <ele>413.2</ele>
      </trkpt>
      <trkpt lat="50.000680000" lon="7.683288000">
        <ele>413.0</ele>
      </trkpt>
      <trkpt lat="50.000658000" lon="7.683305000">
        <ele>412.8</ele>
      </trkpt>
      <trkpt lat="50.000642000" lon="7.683335000">
        <ele>412.8</ele>
      </trkpt>
      <trkpt lat="50.000620000" lon="7.683353000">
        <ele>412.6</ele>
      </trkpt>
      <trkpt lat="50.000598000" lon="7.683365000">
        <ele>412.4</ele>
      </trkpt>
      <trkpt lat="50.000572000" lon="7.683377000">
        <ele>412.4</ele>
      </trkpt>
      <trkpt lat="50.000553000" lon="7.683387000">
        <ele>412.2</ele>
      </trkpt>
      <trkpt lat="50.000527000" lon="7.683395000">
        <ele>412.0</ele>
      </trkpt>
      <trkpt lat="50.000502000" lon="7.683398000">
        <ele>412.0</ele>
      </trkpt>
      <trkpt lat="50.000482000" lon="7.683395000">
        <ele>411.8</ele>
      </trkpt>
      <trkpt lat="50.000463000" lon="7.683383000">
        <ele>411.6</ele>
      </trkpt>
      <trkpt lat="50.000440000" lon="7.683370000">
        <ele>411.4</ele>
      </trkpt>
      <trkpt lat="50.000422000" lon="7.683343000">
        <ele>411.2</ele>
      </trkpt>
      <trkpt lat="50.000408000" lon="7.683310000">
        <ele>411.0</ele>
      </trkpt>
      <trkpt lat="50.000400000" lon="7.683280000">
        <ele>410.8</ele>
      </trkpt>
      <trkpt lat="50.000390000" lon="7.683253000">
        <ele>410.6</ele>
      </trkpt>
      <trkpt lat="50.000370000" lon="7.683220000">
        <ele>410.4</ele>
      </trkpt>
      <trkpt lat="50.000355000" lon="7.683195000">
        <ele>410.2</ele>
      </trkpt>
      <trkpt lat="50.000338000" lon="7.683162000">
        <ele>410.0</ele>
      </trkpt>
      <trkpt lat="50.000322000" lon="7.683135000">
        <ele>409.8</ele>
      </trkpt>
      <trkpt lat="50.000313000" lon="7.683110000">
        <ele>409.6</ele>
      </trkpt>
      <trkpt lat="50.000300000" lon="7.683080000">
        <ele>409.4</ele>
      </trkpt>
      <trkpt lat="50.000290000" lon="7.683055000">
        <ele>409.2</ele>
      </trkpt>
      <trkpt lat="50.000275000" lon="7.683023000">
        <ele>409.0</ele>
      </trkpt>
      <trkpt lat="50.000258000" lon="7.682993000">
        <ele>408.8</ele>
      </trkpt>
      <trkpt lat="50.000242000" lon="7.682963000">
        <ele>408.8</ele>
      </trkpt>
      <trkpt lat="50.000237000" lon="7.682938000">
        <ele>408.6</ele>
      </trkpt>
      <trkpt lat="50.000223000" lon="7.682913000">
        <ele>408.4</ele>
      </trkpt>
      <trkpt lat="50.000213000" lon="7.682882000">
        <ele>408.2</ele>
      </trkpt>
      <trkpt lat="50.000198000" lon="7.682848000">
        <ele>408.2</ele>
      </trkpt>
      <trkpt lat="50.000185000" lon="7.682817000">
        <ele>408.0</ele>
      </trkpt>
      <trkpt lat="50.000175000" lon="7.682782000">
        <ele>407.8</ele>
      </trkpt>
      <trkpt lat="50.000165000" lon="7.682753000">
        <ele>407.8</ele>
      </trkpt>
      <trkpt lat="50.000153000" lon="7.682717000">
        <ele>407.6</ele>
      </trkpt>
      <trkpt lat="50.000140000" lon="7.682680000">
        <ele>407.4</ele>
      </trkpt>
      <trkpt lat="50.000130000" lon="7.682650000">
        <ele>407.2</ele>
      </trkpt>
      <trkpt lat="50.000118000" lon="7.682622000">
        <ele>407.0</ele>
      </trkpt>
      <trkpt lat="50.000105000" lon="7.682597000">
        <ele>406.8</ele>
      </trkpt>
      <trkpt lat="50.000095000" lon="7.682563000">
        <ele>406.8</ele>
      </trkpt>
      <trkpt lat="50.000082000" lon="7.682535000">
        <ele>406.6</ele>
      </trkpt>
      <trkpt lat="50.000077000" lon="7.682508000">
        <ele>406.4</ele>
      </trkpt>
      <trkpt lat="50.000067000" lon="7.682478000">
        <ele>406.4</ele>
      </trkpt>
      <trkpt lat="50.000063000" lon="7.682412000">
        <ele>406.0</ele>
      </trkpt>
      <trkpt lat="50.000067000" lon="7.682372000">
        <ele>405.8</ele>
      </trkpt>
      <trkpt lat="50.000073000" lon="7.682330000">
        <ele>405.6</ele>
      </trkpt>
      <trkpt lat="50.000080000" lon="7.682298000">
        <ele>405.4</ele>
      </trkpt>
      <trkpt lat="50.000102000" lon="7.682262000">
        <ele>405.2</ele>
      </trkpt>
      <trkpt lat="50.000118000" lon="7.682232000">
        <ele>405.0</ele>
      </trkpt>
      <trkpt lat="50.000133000" lon="7.682205000">
        <ele>404.8</ele>
      </trkpt>
      <trkpt lat="50.000147000" lon="7.682183000">
        <ele>404.6</ele>
      </trkpt>
      <trkpt lat="50.000172000" lon="7.682160000">
        <ele>404.4</ele>
      </trkpt>
      <trkpt lat="50.000192000" lon="7.682143000">
        <ele>404.2</ele>
      </trkpt>
      <trkpt lat="50.000210000" lon="7.682132000">
        <ele>403.8</ele>
      </trkpt>
      <trkpt lat="50.000237000" lon="7.682112000">
        <ele>403.6</ele>
      </trkpt>
      <trkpt lat="50.000255000" lon="7.682092000">
        <ele>403.4</ele>
      </trkpt>
      <trkpt lat="50.000275000" lon="7.682075000">
        <ele>403.2</ele>
      </trkpt>
      <trkpt lat="50.000293000" lon="7.682063000">
        <ele>403.0</ele>
      </trkpt>
      <trkpt lat="50.000317000" lon="7.682055000">
        <ele>402.8</ele>
      </trkpt>
      <trkpt lat="50.000338000" lon="7.682047000">
        <ele>402.6</ele>
      </trkpt>
      <trkpt lat="50.000360000" lon="7.682035000">
        <ele>402.4</ele>
      </trkpt>
      <trkpt lat="50.000383000" lon="7.682020000">
        <ele>402.2</ele>
      </trkpt>
      <trkpt lat="50.000408000" lon="7.682007000">
        <ele>402.0</ele>
      </trkpt>
      <trkpt lat="50.000428000" lon="7.681997000">
        <ele>401.8</ele>
      </trkpt>
      <trkpt lat="50.000450000" lon="7.681982000">
        <ele>401.6</ele>
      </trkpt>
      <trkpt lat="50.000470000" lon="7.681967000">
        <ele>401.4</ele>
      </trkpt>
      <trkpt lat="50.000488000" lon="7.681953000">
        <ele>401.0</ele>
      </trkpt>
      <trkpt lat="50.000512000" lon="7.681933000">
        <ele>400.8</ele>
      </trkpt>
      <trkpt lat="50.000527000" lon="7.681913000">
        <ele>400.6</ele>
      </trkpt>
      <trkpt lat="50.000540000" lon="7.681888000">
        <ele>400.2</ele>
      </trkpt>
      <trkpt lat="50.000560000" lon="7.681868000">
        <ele>400.0</ele>
      </trkpt>
      <trkpt lat="50.000578000" lon="7.681852000">
        <ele>399.8</ele>
      </trkpt>
      <trkpt lat="50.000598000" lon="7.681833000">
        <ele>399.4</ele>
      </trkpt>
      <trkpt lat="50.000617000" lon="7.681817000">
        <ele>399.2</ele>
      </trkpt>
      <trkpt lat="50.000633000" lon="7.681800000">
        <ele>398.8</ele>
      </trkpt>
      <trkpt lat="50.000652000" lon="7.681785000">
        <ele>398.6</ele>
      </trkpt>
      <trkpt lat="50.000672000" lon="7.681768000">
        <ele>398.4</ele>
      </trkpt>
      <trkpt lat="50.000687000" lon="7.681748000">
        <ele>398.0</ele>
      </trkpt>
      <trkpt lat="50.000707000" lon="7.681732000">
        <ele>397.8</ele>
      </trkpt>
      <trkpt lat="50.000728000" lon="7.681720000">
        <ele>397.6</ele>
      </trkpt>
      <trkpt lat="50.000752000" lon="7.681712000">
        <ele>397.4</ele>
      </trkpt>
      <trkpt lat="50.000773000" lon="7.681695000">
        <ele>397.2</ele>
      </trkpt>
      <trkpt lat="50.000798000" lon="7.681643000">
        <ele>396.6</ele>
      </trkpt>
      <trkpt lat="50.000812000" lon="7.681615000">
        <ele>396.4</ele>
      </trkpt>
      <trkpt lat="50.000828000" lon="7.681598000">
        <ele>396.2</ele>
      </trkpt>
      <trkpt lat="50.000850000" lon="7.681585000">
        <ele>396.0</ele>
      </trkpt>
      <trkpt lat="50.000873000" lon="7.681575000">
        <ele>395.8</ele>
      </trkpt>
      <trkpt lat="50.000895000" lon="7.681560000">
        <ele>395.6</ele>
      </trkpt>
      <trkpt lat="50.000918000" lon="7.681545000">
        <ele>395.4</ele>
      </trkpt>
      <trkpt lat="50.000940000" lon="7.681533000">
        <ele>395.2</ele>
      </trkpt>
      <trkpt lat="50.000957000" lon="7.681513000">
        <ele>395.0</ele>
      </trkpt>
      <trkpt lat="50.000975000" lon="7.681497000">
        <ele>394.8</ele>
      </trkpt>
      <trkpt lat="50.000995000" lon="7.681478000">
        <ele>394.6</ele>
      </trkpt>
      <trkpt lat="50.001013000" lon="7.681462000">
        <ele>394.4</ele>
      </trkpt>
      <trkpt lat="50.001033000" lon="7.681448000">
        <ele>394.2</ele>
      </trkpt>
      <trkpt lat="50.001052000" lon="7.681437000">
        <ele>394.0</ele>
      </trkpt>
      <trkpt lat="50.001075000" lon="7.681425000">
        <ele>393.8</ele>
      </trkpt>
      <trkpt lat="50.001093000" lon="7.681412000">
        <ele>393.6</ele>
      </trkpt>
      <trkpt lat="50.001110000" lon="7.681387000">
        <ele>393.4</ele>
      </trkpt>
      <trkpt lat="50.001128000" lon="7.681367000">
        <ele>393.2</ele>
      </trkpt>
      <trkpt lat="50.001148000" lon="7.681322000">
        <ele>392.8</ele>
      </trkpt>
      <trkpt lat="50.001145000" lon="7.681290000">
        <ele>392.6</ele>
      </trkpt>
      <trkpt lat="50.001125000" lon="7.681270000">
        <ele>392.4</ele>
      </trkpt>
      <trkpt lat="50.001107000" lon="7.681255000">
        <ele>392.4</ele>
      </trkpt>
      <trkpt lat="50.001078000" lon="7.681250000">
        <ele>392.2</ele>
      </trkpt>
      <trkpt lat="50.001055000" lon="7.681260000">
        <ele>392.2</ele>
      </trkpt>
      <trkpt lat="50.001033000" lon="7.681273000">
        <ele>392.0</ele>
      </trkpt>
      <trkpt lat="50.001003000" lon="7.681280000">
        <ele>391.8</ele>
      </trkpt>
      <trkpt lat="50.000975000" lon="7.681283000">
        <ele>391.6</ele>
      </trkpt>
      <trkpt lat="50.000953000" lon="7.681295000">
        <ele>391.6</ele>
      </trkpt>
      <trkpt lat="50.000927000" lon="7.681302000">
        <ele>391.4</ele>
      </trkpt>
      <trkpt lat="50.000898000" lon="7.681295000">
        <ele>391.0</ele>
      </trkpt>
      <trkpt lat="50.000877000" lon="7.681312000">
        <ele>390.8</ele>
      </trkpt>
      <trkpt lat="50.000853000" lon="7.681330000">
        <ele>390.6</ele>
      </trkpt>
      <trkpt lat="50.000835000" lon="7.681342000">
        <ele>390.4</ele>
      </trkpt>
      <trkpt lat="50.000818000" lon="7.681358000">
        <ele>390.4</ele>
      </trkpt>
      <trkpt lat="50.000798000" lon="7.681372000">
        <ele>390.2</ele>
      </trkpt>
      <trkpt lat="50.000767000" lon="7.681372000">
        <ele>390.2</ele>
      </trkpt>
      <trkpt lat="50.000742000" lon="7.681380000">
        <ele>390.2</ele>
      </trkpt>
      <trkpt lat="50.000722000" lon="7.681392000">
        <ele>390.2</ele>
      </trkpt>
      <trkpt lat="50.000697000" lon="7.681420000">
        <ele>390.2</ele>
      </trkpt>
      <trkpt lat="50.000662000" lon="7.681440000">
        <ele>390.0</ele>
      </trkpt>
      <trkpt lat="50.000640000" lon="7.681448000">
        <ele>390.0</ele>
      </trkpt>
      <trkpt lat="50.000613000" lon="7.681457000">
        <ele>389.8</ele>
      </trkpt>
      <trkpt lat="50.000592000" lon="7.681462000">
        <ele>389.6</ele>
      </trkpt>
      <trkpt lat="50.000568000" lon="7.681473000">
        <ele>389.4</ele>
      </trkpt>
      <trkpt lat="50.000540000" lon="7.681483000">
        <ele>389.2</ele>
      </trkpt>
      <trkpt lat="50.000518000" lon="7.681492000">
        <ele>389.0</ele>
      </trkpt>
      <trkpt lat="50.000495000" lon="7.681502000">
        <ele>389.0</ele>
      </trkpt>
      <trkpt lat="50.000473000" lon="7.681508000">
        <ele>388.8</ele>
      </trkpt>
      <trkpt lat="50.000443000" lon="7.681518000">
        <ele>388.6</ele>
      </trkpt>
      <trkpt lat="50.000408000" lon="7.681540000">
        <ele>388.4</ele>
      </trkpt>
      <trkpt lat="50.000380000" lon="7.681553000">
        <ele>388.2</ele>
      </trkpt>
      <trkpt lat="50.000355000" lon="7.681562000">
        <ele>388.2</ele>
      </trkpt>
      <trkpt lat="50.000332000" lon="7.681578000">
        <ele>388.2</ele>
      </trkpt>
      <trkpt lat="50.000310000" lon="7.681590000">
        <ele>388.0</ele>
      </trkpt>
      <trkpt lat="50.000283000" lon="7.681600000">
        <ele>387.8</ele>
      </trkpt>
      <trkpt lat="50.000258000" lon="7.681603000">
        <ele>387.8</ele>
      </trkpt>
      <trkpt lat="50.000237000" lon="7.681603000">
        <ele>387.8</ele>
      </trkpt>
      <trkpt lat="50.000217000" lon="7.681590000">
        <ele>387.6</ele>
      </trkpt>
      <trkpt lat="50.000200000" lon="7.681567000">
        <ele>387.6</ele>
      </trkpt>
      <trkpt lat="50.000185000" lon="7.681540000">
        <ele>387.4</ele>
      </trkpt>
      <trkpt lat="50.000175000" lon="7.681512000">
        <ele>387.4</ele>
      </trkpt>
      <trkpt lat="50.000160000" lon="7.681475000">
        <ele>387.2</ele>
      </trkpt>
      <trkpt lat="50.000147000" lon="7.681435000">
        <ele>387.0</ele>
      </trkpt>
      <trkpt lat="50.000140000" lon="7.681397000">
        <ele>386.8</ele>
      </trkpt>
      <trkpt lat="50.000133000" lon="7.681360000">
        <ele>386.8</ele>
      </trkpt>
      <trkpt lat="50.000130000" lon="7.681327000">
        <ele>386.6</ele>
      </trkpt>
      <trkpt lat="50.000123000" lon="7.681297000">
        <ele>386.4</ele>
      </trkpt>
      <trkpt lat="50.000118000" lon="7.681263000">
        <ele>386.2</ele>
      </trkpt>
      <trkpt lat="50.000112000" lon="7.681230000">
        <ele>386.2</ele>
      </trkpt>
      <trkpt lat="50.000105000" lon="7.681200000">
        <ele>386.0</ele>
      </trkpt>
      <trkpt lat="50.000098000" lon="7.681165000">
        <ele>386.0</ele>
      </trkpt>
      <trkpt lat="50.000095000" lon="7.681135000">
        <ele>386.0</ele>
      </trkpt>
      <trkpt lat="50.000092000" lon="7.681102000">
        <ele>385.8</ele>
      </trkpt>
      <trkpt lat="50.000080000" lon="7.681075000">
        <ele>385.8</ele>
      </trkpt>
      <trkpt lat="50.000067000" lon="7.681042000">
        <ele>385.8</ele>
      </trkpt>
      <trkpt lat="50.000063000" lon="7.681012000">
        <ele>385.6</ele>
      </trkpt>
      <trkpt lat="50.000063000" lon="7.680980000">
        <ele>385.6</ele>
      </trkpt>
      <trkpt lat="50.000057000" lon="7.680947000">
        <ele>385.4</ele>
      </trkpt>
      <trkpt lat="50.000040000" lon="7.680900000">
        <ele>385.4</ele>
      </trkpt>
      <trkpt lat="50.000035000" lon="7.680860000">
        <ele>385.2</ele>
      </trkpt>
      <trkpt lat="50.000025000" lon="7.680813000">
        <ele>385.2</ele>
      </trkpt>
      <trkpt lat="50.000012000" lon="7.680780000">
        <ele>385.0</ele>
      </trkpt>
      <trkpt lat="50.000000000" lon="7.680748000">
        <ele>385.0</ele>
      </trkpt>
      <trkpt lat="49.999987000" lon="7.680717000">
        <ele>385.0</ele>
      </trkpt>
      <trkpt lat="49.999977000" lon="7.680683000">
        <ele>384.8</ele>
      </trkpt>
      <trkpt lat="49.999963000" lon="7.680653000">
        <ele>384.8</ele>
      </trkpt>
      <trkpt lat="49.999958000" lon="7.680613000">
        <ele>384.8</ele>
      </trkpt>
      <trkpt lat="49.999960000" lon="7.680577000">
        <ele>384.6</ele>
      </trkpt>
      <trkpt lat="49.999958000" lon="7.680537000">
        <ele>384.6</ele>
      </trkpt>
      <trkpt lat="49.999945000" lon="7.680485000">
        <ele>384.4</ele>
      </trkpt>
      <trkpt lat="49.999932000" lon="7.680438000">
        <ele>384.4</ele>
      </trkpt>
      <trkpt lat="49.999917000" lon="7.680398000">
        <ele>384.4</ele>
      </trkpt>
      <trkpt lat="49.999907000" lon="7.680360000">
        <ele>384.4</ele>
      </trkpt>
      <trkpt lat="49.999897000" lon="7.680328000">
        <ele>384.4</ele>
      </trkpt>
      <trkpt lat="49.999893000" lon="7.680298000">
        <ele>384.4</ele>
      </trkpt>
      <trkpt lat="49.999887000" lon="7.680260000">
        <ele>384.4</ele>
      </trkpt>
      <trkpt lat="49.999883000" lon="7.680227000">
        <ele>384.2</ele>
      </trkpt>
      <trkpt lat="49.999880000" lon="7.680195000">
        <ele>384.2</ele>
      </trkpt>
      <trkpt lat="49.999878000" lon="7.680160000">
        <ele>384.0</ele>
      </trkpt>
      <trkpt lat="49.999868000" lon="7.680105000">
        <ele>383.8</ele>
      </trkpt>
      <trkpt lat="49.999862000" lon="7.680080000">
        <ele>383.8</ele>
      </trkpt>
      <trkpt lat="49.999855000" lon="7.680045000">
        <ele>383.8</ele>
      </trkpt>
      <trkpt lat="49.999852000" lon="7.680015000">
        <ele>383.8</ele>
      </trkpt>
      <trkpt lat="49.999840000" lon="7.679977000">
        <ele>383.8</ele>
      </trkpt>
      <trkpt lat="49.999833000" lon="7.679938000">
        <ele>383.8</ele>
      </trkpt>
      <trkpt lat="49.999827000" lon="7.679907000">
        <ele>383.8</ele>
      </trkpt>
      <trkpt lat="49.999820000" lon="7.679880000">
        <ele>383.6</ele>
      </trkpt>
      <trkpt lat="49.999813000" lon="7.679850000">
        <ele>383.6</ele>
      </trkpt>
      <trkpt lat="49.999803000" lon="7.679820000">
        <ele>383.6</ele>
      </trkpt>
      <trkpt lat="49.999798000" lon="7.679790000">
        <ele>383.6</ele>
      </trkpt>
      <trkpt lat="49.999798000" lon="7.679758000">
        <ele>383.4</ele>
      </trkpt>
      <trkpt lat="49.999788000" lon="7.679718000">
        <ele>383.4</ele>
      </trkpt>
      <trkpt lat="49.999778000" lon="7.679680000">
        <ele>383.4</ele>
      </trkpt>
      <trkpt lat="49.999778000" lon="7.679648000">
        <ele>383.2</ele>
      </trkpt>
      <trkpt lat="49.999775000" lon="7.679617000">
        <ele>383.2</ele>
      </trkpt>
      <trkpt lat="49.999765000" lon="7.679590000">
        <ele>383.0</ele>
      </trkpt>
      <trkpt lat="49.999762000" lon="7.679555000">
        <ele>382.8</ele>
      </trkpt>
      <trkpt lat="49.999753000" lon="7.679515000">
        <ele>382.6</ele>
      </trkpt>
      <trkpt lat="49.999740000" lon="7.679480000">
        <ele>382.4</ele>
      </trkpt>
      <trkpt lat="49.999737000" lon="7.679440000">
        <ele>382.4</ele>
      </trkpt>
      <trkpt lat="49.999723000" lon="7.679400000">
        <ele>382.4</ele>
      </trkpt>
      <trkpt lat="49.999720000" lon="7.679360000">
        <ele>382.2</ele>
      </trkpt>
      <trkpt lat="49.999708000" lon="7.679323000">
        <ele>382.2</ele>
      </trkpt>
      <trkpt lat="49.999698000" lon="7.679287000">
        <ele>382.2</ele>
      </trkpt>
      <trkpt lat="49.999688000" lon="7.679243000">
        <ele>382.2</ele>
      </trkpt>
      <trkpt lat="49.999688000" lon="7.679198000">
        <ele>382.2</ele>
      </trkpt>
      <trkpt lat="49.999685000" lon="7.679157000">
        <ele>382.2</ele>
      </trkpt>
      <trkpt lat="49.999682000" lon="7.679110000">
        <ele>382.2</ele>
      </trkpt>
      <trkpt lat="49.999682000" lon="7.679068000">
        <ele>382.4</ele>
      </trkpt>
      <trkpt lat="49.999685000" lon="7.679028000">
        <ele>382.2</ele>
      </trkpt>
      <trkpt lat="49.999698000" lon="7.678988000">
        <ele>382.2</ele>
      </trkpt>
      <trkpt lat="49.999705000" lon="7.678948000">
        <ele>382.2</ele>
      </trkpt>
      <trkpt lat="49.999733000" lon="7.678912000">
        <ele>382.2</ele>
      </trkpt>
      <trkpt lat="49.999753000" lon="7.678862000">
        <ele>382.4</ele>
      </trkpt>
      <trkpt lat="49.999765000" lon="7.678837000">
        <ele>382.4</ele>
      </trkpt>
      <trkpt lat="49.999785000" lon="7.678810000">
        <ele>382.4</ele>
      </trkpt>
      <trkpt lat="49.999800000" lon="7.678780000">
        <ele>382.4</ele>
      </trkpt>
      <trkpt lat="49.999820000" lon="7.678757000">
        <ele>382.4</ele>
      </trkpt>
      <trkpt lat="49.999840000" lon="7.678733000">
        <ele>382.4</ele>
      </trkpt>
      <trkpt lat="49.999862000" lon="7.678717000">
        <ele>382.6</ele>
      </trkpt>
      <trkpt lat="49.999878000" lon="7.678688000">
        <ele>382.6</ele>
      </trkpt>
      <trkpt lat="49.999893000" lon="7.678665000">
        <ele>382.6</ele>
      </trkpt>
      <trkpt lat="49.999907000" lon="7.678645000">
        <ele>382.8</ele>
      </trkpt>
      <trkpt lat="49.999922000" lon="7.678623000">
        <ele>382.8</ele>
      </trkpt>
      <trkpt lat="49.999942000" lon="7.678600000">
        <ele>383.0</ele>
      </trkpt>
      <trkpt lat="49.999955000" lon="7.678577000">
        <ele>383.0</ele>
      </trkpt>
      <trkpt lat="49.999963000" lon="7.678552000">
        <ele>383.0</ele>
      </trkpt>
      <trkpt lat="49.999983000" lon="7.678522000">
        <ele>383.2</ele>
      </trkpt>
      <trkpt lat="50.000000000" lon="7.678498000">
        <ele>383.2</ele>
      </trkpt>
      <trkpt lat="50.000012000" lon="7.678475000">
        <ele>383.2</ele>
      </trkpt>
      <trkpt lat="50.000015000" lon="7.678443000">
        <ele>383.2</ele>
      </trkpt>
      <trkpt lat="50.000022000" lon="7.678410000">
        <ele>383.2</ele>
      </trkpt>
      <trkpt lat="50.000040000" lon="7.678382000">
        <ele>383.2</ele>
      </trkpt>
      <trkpt lat="50.000060000" lon="7.678360000">
        <ele>383.2</ele>
      </trkpt>
      <trkpt lat="50.000080000" lon="7.678335000">
        <ele>383.2</ele>
      </trkpt>
      <trkpt lat="50.000085000" lon="7.678305000">
        <ele>383.2</ele>
      </trkpt>
      <trkpt lat="50.000095000" lon="7.678277000">
        <ele>383.2</ele>
      </trkpt>
      <trkpt lat="50.000105000" lon="7.678245000">
        <ele>383.0</ele>
      </trkpt>
      <trkpt lat="50.000120000" lon="7.678228000">
        <ele>383.0</ele>
      </trkpt>
      <trkpt lat="50.000140000" lon="7.678217000">
        <ele>383.0</ele>
      </trkpt>
      <trkpt lat="50.000153000" lon="7.678190000">
        <ele>383.0</ele>
      </trkpt>
      <trkpt lat="50.000172000" lon="7.678138000">
        <ele>383.0</ele>
      </trkpt>
      <trkpt lat="50.000195000" lon="7.678097000">
        <ele>383.0</ele>
      </trkpt>
      <trkpt lat="50.000210000" lon="7.678080000">
        <ele>383.0</ele>
      </trkpt>
      <trkpt lat="50.000242000" lon="7.678047000">
        <ele>383.0</ele>
      </trkpt>
      <trkpt lat="50.000262000" lon="7.678033000">
        <ele>383.2</ele>
      </trkpt>
      <trkpt lat="50.000278000" lon="7.678020000">
        <ele>383.2</ele>
      </trkpt>
      <trkpt lat="50.000293000" lon="7.677993000">
        <ele>383.2</ele>
      </trkpt>
      <trkpt lat="50.000300000" lon="7.677965000">
        <ele>383.4</ele>
      </trkpt>
      <trkpt lat="50.000322000" lon="7.677955000">
        <ele>383.6</ele>
      </trkpt>
      <trkpt lat="50.000342000" lon="7.677933000">
        <ele>383.8</ele>
      </trkpt>
      <trkpt lat="50.000370000" lon="7.677908000">
        <ele>383.8</ele>
      </trkpt>
      <trkpt lat="50.000380000" lon="7.677883000">
        <ele>383.8</ele>
      </trkpt>
      <trkpt lat="50.000380000" lon="7.677848000">
        <ele>384.0</ele>
      </trkpt>
      <trkpt lat="50.000380000" lon="7.677817000">
        <ele>384.2</ele>
      </trkpt>
      <trkpt lat="50.000397000" lon="7.677800000">
        <ele>384.4</ele>
      </trkpt>
      <trkpt lat="50.000422000" lon="7.677790000">
        <ele>384.4</ele>
      </trkpt>
      <trkpt lat="50.000443000" lon="7.677780000">
        <ele>384.6</ele>
      </trkpt>
      <trkpt lat="50.000470000" lon="7.677767000">
        <ele>384.8</ele>
      </trkpt>
      <trkpt lat="50.000482000" lon="7.677733000">
        <ele>384.8</ele>
      </trkpt>
      <trkpt lat="50.000498000" lon="7.677710000">
        <ele>385.0</ele>
      </trkpt>
      <trkpt lat="50.000653034" lon="7.677397669">
        <ele>386.0</ele>
      </trkpt>
      <trkpt lat="50.000492520" lon="7.677513660">
        <ele>385.6</ele>
      </trkpt>
      <trkpt lat="50.000412899" lon="7.677627433">
        <ele>385.1</ele>
      </trkpt>
      <trkpt lat="50.000332959" lon="7.677713316">
        <ele>384.7</ele>
      </trkpt>
      <trkpt lat="50.000280302" lon="7.677826349">
        <ele>384.2</ele>
      </trkpt>
      <trkpt lat="50.000156533" lon="7.678011073">
        <ele>382.9</ele>
      </trkpt>
      <trkpt lat="50.000014471" lon="7.678168401">
        <ele>382.0</ele>
      </trkpt>
      <trkpt lat="49.999890068" lon="7.678297347">
        <ele>381.5</ele>
      </trkpt>
      <trkpt lat="49.999747370" lon="7.678398897">
        <ele>381.6</ele>
      </trkpt>
      <trkpt lat="49.999667747" lon="7.678512666">
        <ele>381.3</ele>
      </trkpt>
      <trkpt lat="49.999542867" lon="7.678599778">
        <ele>381.1</ele>
      </trkpt>
      <trkpt lat="49.999364852" lon="7.678758087">
        <ele>380.4</ele>
      </trkpt>
      <trkpt lat="49.999186677" lon="7.678902451">
        <ele>379.8</ele>
      </trkpt>
      <trkpt lat="49.999044773" lon="7.679073717">
        <ele>379.3</ele>
      </trkpt>
      <trkpt lat="49.998964515" lon="7.679131708">
        <ele>378.9</ele>
      </trkpt>
      <trkpt lat="49.998830804" lon="7.679233007">
        <ele>378.4</ele>
      </trkpt>
      <trkpt lat="49.998733522" lon="7.679375152">
        <ele>378.5</ele>
      </trkpt>
      <trkpt lat="49.998609910" lon="7.679573810">
        <ele>378.8</ele>
      </trkpt>
      <trkpt lat="49.998539750" lon="7.679729160">
        <ele>379.4</ele>
      </trkpt>
      <trkpt lat="49.998460444" lon="7.679870811">
        <ele>379.8</ele>
      </trkpt>
      <trkpt lat="49.998371832" lon="7.679984821">
        <ele>380.2</ele>
      </trkpt>
      <trkpt lat="49.998283695" lon="7.680140661">
        <ele>380.6</ele>
      </trkpt>
      <trkpt lat="49.998213059" lon="7.680254178">
        <ele>380.8</ele>
      </trkpt>
      <trkpt lat="49.998160716" lon="7.680395090">
        <ele>380.8</ele>
      </trkpt>
      <trkpt lat="49.998090396" lon="7.680536493">
        <ele>380.9</ele>
      </trkpt>
      <trkpt lat="49.998019601" lon="7.680636065">
        <ele>381.0</ele>
      </trkpt>
      <trkpt lat="49.997966782" lon="7.680735146">
        <ele>381.0</ele>
      </trkpt>
      <trkpt lat="49.997847560" lon="7.680529189">
        <ele>382.8</ele>
      </trkpt>
      <trkpt lat="49.997926550" lon="7.680359654">
        <ele>382.8</ele>
      </trkpt>
      <trkpt lat="49.998005699" lon="7.680204061">
        <ele>382.6</ele>
      </trkpt>
      <trkpt lat="49.998155642" lon="7.679948895">
        <ele>381.5</ele>
      </trkpt>
      <trkpt lat="49.998244413" lon="7.679848829">
        <ele>381.0</ele>
      </trkpt>
      <trkpt lat="49.998279413" lon="7.679764183">
        <ele>380.7</ele>
      </trkpt>
      <trkpt lat="49.998278462" lon="7.679680521">
        <ele>380.7</ele>
      </trkpt>
      <trkpt lat="49.998196300" lon="7.679571187">
        <ele>381.5</ele>
      </trkpt>
      <trkpt lat="49.998140151" lon="7.679377453">
        <ele>382.2</ele>
      </trkpt>
      <trkpt lat="49.998120746" lon="7.679252453">
        <ele>382.3</ele>
      </trkpt>
      <trkpt lat="49.998127196" lon="7.679029110">
        <ele>381.7</ele>
      </trkpt>
      <trkpt lat="49.998124498" lon="7.678792069">
        <ele>380.7</ele>
      </trkpt>
      <trkpt lat="49.998132216" lon="7.678680274">
        <ele>380.0</ele>
      </trkpt>
      <trkpt lat="49.998113446" lon="7.678611048">
        <ele>379.9</ele>
      </trkpt>
      <trkpt lat="49.998104299" lon="7.678597351">
        <ele>379.9</ele>
      </trkpt>
      <trkpt lat="49.998032077" lon="7.678571434">
        <ele>380.8</ele>
      </trkpt>
      <trkpt lat="49.997923744" lon="7.678532559">
        <ele>382.1</ele>
      </trkpt>
      <trkpt lat="49.997876898" lon="7.678366468">
        <ele>382.1</ele>
      </trkpt>
      <trkpt lat="49.997866164" lon="7.678213336">
        <ele>381.8</ele>
      </trkpt>
      <trkpt lat="49.997864734" lon="7.678087844">
        <ele>381.5</ele>
      </trkpt>
      <trkpt lat="49.997862829" lon="7.677920522">
        <ele>381.0</ele>
      </trkpt>
      <trkpt lat="49.997896875" lon="7.677752214">
        <ele>379.8</ele>
      </trkpt>
    </trkseg>
  </trk>
</gpx>
