<?xml version="1.0" encoding="UTF-8" standalone="yes"?>
<gpx version="1.1" creator="MagicMaps Tour Explorer"
     xmlns:xsi="http://www.w3.org/2001/XMLSchema-instance"
     xmlns="http://www.topografix.com/GPX/1/1">
  <trk>
    <name>suuntoapp-TrailRunning-2022-09-08T09-20-18Z (1) (1)</name>
    <trkseg>
      <trkpt lat="49.816850000" lon="7.718305000">
        <ele>281.8</ele>
      </trkpt>
      <trkpt lat="49.816850000" lon="7.718305000">
        <ele>281.8</ele>
      </trkpt>
      <trkpt lat="49.816867000" lon="7.718328000">
        <ele>281.8</ele>
      </trkpt>
      <trkpt lat="49.816880000" lon="7.718355000">
        <ele>281.8</ele>
      </trkpt>
      <trkpt lat="49.816895000" lon="7.718380000">
        <ele>281.8</ele>
      </trkpt>
      <trkpt lat="49.816908000" lon="7.718410000">
        <ele>281.8</ele>
      </trkpt>
      <trkpt lat="49.816923000" lon="7.718435000">
        <ele>278.2</ele>
      </trkpt>
      <trkpt lat="49.816940000" lon="7.718463000">
        <ele>274.8</ele>
      </trkpt>
      <trkpt lat="49.816957000" lon="7.718478000">
        <ele>273.0</ele>
      </trkpt>
      <trkpt lat="49.816978000" lon="7.718485000">
        <ele>271.4</ele>
      </trkpt>
      <trkpt lat="49.817003000" lon="7.718495000">
        <ele>269.8</ele>
      </trkpt>
      <trkpt lat="49.817037000" lon="7.718517000">
        <ele>266.6</ele>
      </trkpt>
      <trkpt lat="49.817062000" lon="7.718555000">
        <ele>263.6</ele>
      </trkpt>
      <trkpt lat="49.817062000" lon="7.718592000">
        <ele>260.6</ele>
      </trkpt>
      <trkpt lat="49.817078000" lon="7.718617000">
        <ele>256.6</ele>
      </trkpt>
      <trkpt lat="49.817093000" lon="7.718640000">
        <ele>254.0</ele>
      </trkpt>
      <trkpt lat="49.817110000" lon="7.718663000">
        <ele>251.4</ele>
      </trkpt>
      <trkpt lat="49.817128000" lon="7.718688000">
        <ele>249.2</ele>
      </trkpt>
      <trkpt lat="49.817155000" lon="7.718703000">
        <ele>246.8</ele>
      </trkpt>
      <trkpt lat="49.817177000" lon="7.718725000">
        <ele>244.8</ele>
      </trkpt>
      <trkpt lat="49.817193000" lon="7.718742000">
        <ele>243.6</ele>
      </trkpt>
      <trkpt lat="49.817208000" lon="7.718762000">
        <ele>241.6</ele>
      </trkpt>
      <trkpt lat="49.817235000" lon="7.718777000">
        <ele>239.8</ele>
      </trkpt>
      <trkpt lat="49.817247000" lon="7.718807000">
        <ele>237.0</ele>
      </trkpt>
      <trkpt lat="49.817263000" lon="7.718837000">
        <ele>235.0</ele>
      </trkpt>
      <trkpt lat="49.817277000" lon="7.718860000">
        <ele>233.2</ele>
      </trkpt>
      <trkpt lat="49.817298000" lon="7.718890000">
        <ele>231.4</ele>
      </trkpt>
      <trkpt lat="49.817305000" lon="7.718923000">
        <ele>229.0</ele>
      </trkpt>
      <trkpt lat="49.817320000" lon="7.718943000">
        <ele>227.4</ele>
      </trkpt>
      <trkpt lat="49.817340000" lon="7.718955000">
        <ele>225.8</ele>
      </trkpt>
      <trkpt lat="49.817360000" lon="7.718972000">
        <ele>223.8</ele>
      </trkpt>
      <trkpt lat="49.817375000" lon="7.719000000">
        <ele>222.4</ele>
      </trkpt>
      <trkpt lat="49.817385000" lon="7.719038000">
        <ele>221.2</ele>
      </trkpt>
      <trkpt lat="49.817398000" lon="7.719077000">
        <ele>220.2</ele>
      </trkpt>
      <trkpt lat="49.817398000" lon="7.719110000">
        <ele>219.2</ele>
      </trkpt>
      <trkpt lat="49.817385000" lon="7.719142000">
        <ele>218.2</ele>
      </trkpt>
      <trkpt lat="49.817360000" lon="7.719177000">
        <ele>217.6</ele>
      </trkpt>
      <trkpt lat="49.817340000" lon="7.719200000">
        <ele>217.2</ele>
      </trkpt>
      <trkpt lat="49.817320000" lon="7.719222000">
        <ele>216.8</ele>
      </trkpt>
      <trkpt lat="49.817305000" lon="7.719237000">
        <ele>216.4</ele>
      </trkpt>
      <trkpt lat="49.817292000" lon="7.719257000">
        <ele>215.6</ele>
      </trkpt>
      <trkpt lat="49.817273000" lon="7.719278000">
        <ele>214.8</ele>
      </trkpt>
      <trkpt lat="49.817257000" lon="7.719297000">
        <ele>214.2</ele>
      </trkpt>
      <trkpt lat="49.817240000" lon="7.719315000">
        <ele>213.6</ele>
      </trkpt>
      <trkpt lat="49.817222000" lon="7.719335000">
        <ele>213.0</ele>
      </trkpt>
      <trkpt lat="49.817193000" lon="7.719352000">
        <ele>212.4</ele>
      </trkpt>
      <trkpt lat="49.817177000" lon="7.719373000">
        <ele>212.2</ele>
      </trkpt>
      <trkpt lat="49.817160000" lon="7.719397000">
        <ele>212.0</ele>
      </trkpt>
      <trkpt lat="49.817138000" lon="7.719433000">
        <ele>211.8</ele>
      </trkpt>
      <trkpt lat="49.817125000" lon="7.719457000">
        <ele>211.8</ele>
      </trkpt>
      <trkpt lat="49.817103000" lon="7.719497000">
        <ele>211.6</ele>
      </trkpt>
      <trkpt lat="49.817083000" lon="7.719530000">
        <ele>211.2</ele>
      </trkpt>
      <trkpt lat="49.817055000" lon="7.719560000">
        <ele>211.0</ele>
      </trkpt>
      <trkpt lat="49.817023000" lon="7.719587000">
        <ele>210.6</ele>
      </trkpt>
      <trkpt lat="49.817003000" lon="7.719605000">
        <ele>210.4</ele>
      </trkpt>
      <trkpt lat="49.816982000" lon="7.719622000">
        <ele>210.2</ele>
      </trkpt>
      <trkpt lat="49.816957000" lon="7.719642000">
        <ele>210.0</ele>
      </trkpt>
      <trkpt lat="49.816930000" lon="7.719652000">
        <ele>209.6</ele>
      </trkpt>
      <trkpt lat="49.816902000" lon="7.719672000">
        <ele>209.2</ele>
      </trkpt>
      <trkpt lat="49.816885000" lon="7.719692000">
        <ele>209.0</ele>
      </trkpt>
      <trkpt lat="49.816867000" lon="7.719718000">
        <ele>208.6</ele>
      </trkpt>
      <trkpt lat="49.816832000" lon="7.719742000">
        <ele>208.2</ele>
      </trkpt>
      <trkpt lat="49.816815000" lon="7.719758000">
        <ele>208.0</ele>
      </trkpt>
      <trkpt lat="49.816797000" lon="7.719768000">
        <ele>207.8</ele>
      </trkpt>
      <trkpt lat="49.816770000" lon="7.719790000">
        <ele>207.6</ele>
      </trkpt>
      <trkpt lat="49.816745000" lon="7.719820000">
        <ele>207.2</ele>
      </trkpt>
      <trkpt lat="49.816728000" lon="7.719835000">
        <ele>207.2</ele>
      </trkpt>
      <trkpt lat="49.816700000" lon="7.719863000">
        <ele>207.0</ele>
      </trkpt>
      <trkpt lat="49.816668000" lon="7.719902000">
        <ele>206.8</ele>
      </trkpt>
      <trkpt lat="49.816652000" lon="7.719920000">
        <ele>206.6</ele>
      </trkpt>
      <trkpt lat="49.816623000" lon="7.719952000">
        <ele>206.2</ele>
      </trkpt>
      <trkpt lat="49.816603000" lon="7.719962000">
        <ele>206.2</ele>
      </trkpt>
      <trkpt lat="49.816582000" lon="7.719987000">
        <ele>206.0</ele>
      </trkpt>
      <trkpt lat="49.816565000" lon="7.720002000">
        <ele>206.0</ele>
      </trkpt>
      <trkpt lat="49.816550000" lon="7.720032000">
        <ele>205.8</ele>
      </trkpt>
      <trkpt lat="49.816530000" lon="7.720072000">
        <ele>205.6</ele>
      </trkpt>
      <trkpt lat="49.816520000" lon="7.720105000">
        <ele>205.6</ele>
      </trkpt>
      <trkpt lat="49.816502000" lon="7.720133000">
        <ele>205.4</ele>
      </trkpt>
      <trkpt lat="49.816485000" lon="7.720167000">
        <ele>205.4</ele>
      </trkpt>
      <trkpt lat="49.816473000" lon="7.720197000">
        <ele>205.4</ele>
      </trkpt>
      <trkpt lat="49.816460000" lon="7.720233000">
        <ele>205.4</ele>
      </trkpt>
      <trkpt lat="49.816447000" lon="7.720255000">
        <ele>205.4</ele>
      </trkpt>
      <trkpt lat="49.816435000" lon="7.720287000">
        <ele>205.6</ele>
      </trkpt>
      <trkpt lat="49.816425000" lon="7.720312000">
        <ele>205.8</ele>
      </trkpt>
      <trkpt lat="49.816405000" lon="7.720355000">
        <ele>205.8</ele>
      </trkpt>
      <trkpt lat="49.816390000" lon="7.720367000">
        <ele>206.0</ele>
      </trkpt>
      <trkpt lat="49.816363000" lon="7.720395000">
        <ele>206.2</ele>
      </trkpt>
      <trkpt lat="49.816355000" lon="7.720422000">
        <ele>206.6</ele>
      </trkpt>
      <trkpt lat="49.816355000" lon="7.720460000">
        <ele>206.8</ele>
      </trkpt>
      <trkpt lat="49.816363000" lon="7.720497000">
        <ele>207.0</ele>
      </trkpt>
      <trkpt lat="49.816387000" lon="7.720530000">
        <ele>207.0</ele>
      </trkpt>
      <trkpt lat="49.816402000" lon="7.720545000">
        <ele>207.2</ele>
      </trkpt>
      <trkpt lat="49.816422000" lon="7.720558000">
        <ele>207.2</ele>
      </trkpt>
      <trkpt lat="49.816435000" lon="7.720580000">
        <ele>207.4</ele>
      </trkpt>
      <trkpt lat="49.816453000" lon="7.720558000">
        <ele>207.6</ele>
      </trkpt>
      <trkpt lat="49.816480000" lon="7.720542000">
        <ele>208.0</ele>
      </trkpt>
      <trkpt lat="49.816498000" lon="7.720537000">
        <ele>208.2</ele>
      </trkpt>
      <trkpt lat="49.816518000" lon="7.720523000">
        <ele>208.4</ele>
      </trkpt>
      <trkpt lat="49.816540000" lon="7.720505000">
        <ele>208.6</ele>
      </trkpt>
      <trkpt lat="49.816562000" lon="7.720502000">
        <ele>208.8</ele>
      </trkpt>
      <trkpt lat="49.816582000" lon="7.720483000">
        <ele>209.0</ele>
      </trkpt>
      <trkpt lat="49.816598000" lon="7.720468000">
        <ele>209.2</ele>
      </trkpt>
      <trkpt lat="49.816617000" lon="7.720462000">
        <ele>209.4</ele>
      </trkpt>
      <trkpt lat="49.816645000" lon="7.720468000">
        <ele>209.8</ele>
      </trkpt>
      <trkpt lat="49.816668000" lon="7.720475000">
        <ele>210.2</ele>
      </trkpt>
      <trkpt lat="49.816683000" lon="7.720497000">
        <ele>210.6</ele>
      </trkpt>
      <trkpt lat="49.816697000" lon="7.720525000">
        <ele>210.8</ele>
      </trkpt>
      <trkpt lat="49.816722000" lon="7.720558000">
        <ele>211.0</ele>
      </trkpt>
      <trkpt lat="49.816742000" lon="7.720575000">
        <ele>211.0</ele>
      </trkpt>
      <trkpt lat="49.816780000" lon="7.720595000">
        <ele>211.0</ele>
      </trkpt>
      <trkpt lat="49.816808000" lon="7.720627000">
        <ele>211.0</ele>
      </trkpt>
      <trkpt lat="49.816822000" lon="7.720653000">
        <ele>211.0</ele>
      </trkpt>
      <trkpt lat="49.816832000" lon="7.720700000">
        <ele>211.0</ele>
      </trkpt>
      <trkpt lat="49.816867000" lon="7.720715000">
        <ele>210.8</ele>
      </trkpt>
      <trkpt lat="49.816882000" lon="7.720732000">
        <ele>210.8</ele>
      </trkpt>
      <trkpt lat="49.816895000" lon="7.720752000">
        <ele>210.8</ele>
      </trkpt>
      <trkpt lat="49.816915000" lon="7.720788000">
        <ele>210.8</ele>
      </trkpt>
      <trkpt lat="49.816937000" lon="7.720813000">
        <ele>210.8</ele>
      </trkpt>
      <trkpt lat="49.816960000" lon="7.720828000">
        <ele>210.8</ele>
      </trkpt>
      <trkpt lat="49.816985000" lon="7.720842000">
        <ele>210.8</ele>
      </trkpt>
      <trkpt lat="49.817003000" lon="7.720878000">
        <ele>210.8</ele>
      </trkpt>
      <trkpt lat="49.817017000" lon="7.720918000">
        <ele>210.6</ele>
      </trkpt>
      <trkpt lat="49.817040000" lon="7.720960000">
        <ele>210.6</ele>
      </trkpt>
      <trkpt lat="49.817055000" lon="7.720998000">
        <ele>210.6</ele>
      </trkpt>
      <trkpt lat="49.817075000" lon="7.721025000">
        <ele>210.4</ele>
      </trkpt>
      <trkpt lat="49.817093000" lon="7.721040000">
        <ele>210.4</ele>
      </trkpt>
      <trkpt lat="49.817107000" lon="7.721067000">
        <ele>210.2</ele>
      </trkpt>
      <trkpt lat="49.817122000" lon="7.721092000">
        <ele>210.0</ele>
      </trkpt>
      <trkpt lat="49.817135000" lon="7.721120000">
        <ele>210.0</ele>
      </trkpt>
      <trkpt lat="49.817138000" lon="7.721153000">
        <ele>209.8</ele>
      </trkpt>
      <trkpt lat="49.817155000" lon="7.721172000">
        <ele>209.8</ele>
      </trkpt>
      <trkpt lat="49.817163000" lon="7.721220000">
        <ele>209.6</ele>
      </trkpt>
      <trkpt lat="49.817177000" lon="7.721247000">
        <ele>209.6</ele>
      </trkpt>
      <trkpt lat="49.817187000" lon="7.721277000">
        <ele>209.6</ele>
      </trkpt>
      <trkpt lat="49.817200000" lon="7.721302000">
        <ele>209.6</ele>
      </trkpt>
      <trkpt lat="49.817208000" lon="7.721330000">
        <ele>209.6</ele>
      </trkpt>
      <trkpt lat="49.817218000" lon="7.721360000">
        <ele>209.6</ele>
      </trkpt>
      <trkpt lat="49.817218000" lon="7.721387000">
        <ele>209.8</ele>
      </trkpt>
      <trkpt lat="49.817215000" lon="7.721418000">
        <ele>209.8</ele>
      </trkpt>
      <trkpt lat="49.817208000" lon="7.721445000">
        <ele>209.8</ele>
      </trkpt>
      <trkpt lat="49.817202000" lon="7.721475000">
        <ele>210.0</ele>
      </trkpt>
      <trkpt lat="49.817187000" lon="7.721522000">
        <ele>210.2</ele>
      </trkpt>
      <trkpt lat="49.817160000" lon="7.721567000">
        <ele>210.4</ele>
      </trkpt>
      <trkpt lat="49.817138000" lon="7.721618000">
        <ele>210.8</ele>
      </trkpt>
      <trkpt lat="49.817125000" lon="7.721640000">
        <ele>211.0</ele>
      </trkpt>
      <trkpt lat="49.817110000" lon="7.721670000">
        <ele>211.2</ele>
      </trkpt>
      <trkpt lat="49.817103000" lon="7.721700000">
        <ele>211.4</ele>
      </trkpt>
      <trkpt lat="49.817107000" lon="7.721732000">
        <ele>211.6</ele>
      </trkpt>
      <trkpt lat="49.817120000" lon="7.721757000">
        <ele>211.8</ele>
      </trkpt>
      <trkpt lat="49.817122000" lon="7.721783000">
        <ele>212.0</ele>
      </trkpt>
      <trkpt lat="49.817122000" lon="7.721815000">
        <ele>212.2</ele>
      </trkpt>
      <trkpt lat="49.817117000" lon="7.721842000">
        <ele>212.2</ele>
      </trkpt>
      <trkpt lat="49.817120000" lon="7.721878000">
        <ele>212.4</ele>
      </trkpt>
      <trkpt lat="49.817142000" lon="7.721917000">
        <ele>212.6</ele>
      </trkpt>
      <trkpt lat="49.817160000" lon="7.721943000">
        <ele>212.8</ele>
      </trkpt>
      <trkpt lat="49.817160000" lon="7.721975000">
        <ele>212.8</ele>
      </trkpt>
      <trkpt lat="49.817173000" lon="7.722000000">
        <ele>213.0</ele>
      </trkpt>
      <trkpt lat="49.817177000" lon="7.722030000">
        <ele>213.0</ele>
      </trkpt>
      <trkpt lat="49.817177000" lon="7.722060000">
        <ele>213.0</ele>
      </trkpt>
      <trkpt lat="49.817180000" lon="7.722088000">
        <ele>213.2</ele>
      </trkpt>
      <trkpt lat="49.817187000" lon="7.722117000">
        <ele>213.2</ele>
      </trkpt>
      <trkpt lat="49.817193000" lon="7.722148000">
        <ele>213.4</ele>
      </trkpt>
      <trkpt lat="49.817193000" lon="7.722208000">
        <ele>213.6</ele>
      </trkpt>
      <trkpt lat="49.817205000" lon="7.722242000">
        <ele>213.6</ele>
      </trkpt>
      <trkpt lat="49.817225000" lon="7.722295000">
        <ele>213.6</ele>
      </trkpt>
      <trkpt lat="49.817238000" lon="7.722325000">
        <ele>213.8</ele>
      </trkpt>
      <trkpt lat="49.817247000" lon="7.722350000">
        <ele>213.8</ele>
      </trkpt>
      <trkpt lat="49.817263000" lon="7.722392000">
        <ele>214.0</ele>
      </trkpt>
      <trkpt lat="49.817267000" lon="7.722422000">
        <ele>214.0</ele>
      </trkpt>
      <trkpt lat="49.817273000" lon="7.722452000">
        <ele>214.0</ele>
      </trkpt>
      <trkpt lat="49.817280000" lon="7.722480000">
        <ele>214.0</ele>
      </trkpt>
      <trkpt lat="49.817292000" lon="7.722535000">
        <ele>214.0</ele>
      </trkpt>
      <trkpt lat="49.817308000" lon="7.722580000">
        <ele>214.0</ele>
      </trkpt>
      <trkpt lat="49.817320000" lon="7.722605000">
        <ele>214.0</ele>
      </trkpt>
      <trkpt lat="49.817337000" lon="7.722628000">
        <ele>214.0</ele>
      </trkpt>
      <trkpt lat="49.817357000" lon="7.722650000">
        <ele>214.0</ele>
      </trkpt>
      <trkpt lat="49.817362000" lon="7.722678000">
        <ele>214.0</ele>
      </trkpt>
      <trkpt lat="49.817375000" lon="7.722703000">
        <ele>214.2</ele>
      </trkpt>
      <trkpt lat="49.817385000" lon="7.722755000">
        <ele>214.0</ele>
      </trkpt>
      <trkpt lat="49.817398000" lon="7.722783000">
        <ele>214.0</ele>
      </trkpt>
      <trkpt lat="49.817403000" lon="7.722815000">
        <ele>214.0</ele>
      </trkpt>
      <trkpt lat="49.817417000" lon="7.722868000">
        <ele>214.0</ele>
      </trkpt>
      <trkpt lat="49.817433000" lon="7.722903000">
        <ele>214.0</ele>
      </trkpt>
      <trkpt lat="49.817445000" lon="7.722937000">
        <ele>214.0</ele>
      </trkpt>
      <trkpt lat="49.817455000" lon="7.722970000">
        <ele>214.0</ele>
      </trkpt>
      <trkpt lat="49.817462000" lon="7.723002000">
        <ele>214.0</ele>
      </trkpt>
      <trkpt lat="49.817478000" lon="7.723037000">
        <ele>214.0</ele>
      </trkpt>
      <trkpt lat="49.817493000" lon="7.723067000">
        <ele>214.0</ele>
      </trkpt>
      <trkpt lat="49.817493000" lon="7.723102000">
        <ele>214.0</ele>
      </trkpt>
      <trkpt lat="49.817500000" lon="7.723137000">
        <ele>214.0</ele>
      </trkpt>
      <trkpt lat="49.817503000" lon="7.723177000">
        <ele>214.0</ele>
      </trkpt>
      <trkpt lat="49.817513000" lon="7.723212000">
        <ele>213.8</ele>
      </trkpt>
      <trkpt lat="49.817520000" lon="7.723248000">
        <ele>213.8</ele>
      </trkpt>
      <trkpt lat="49.817520000" lon="7.723293000">
        <ele>214.0</ele>
      </trkpt>
      <trkpt lat="49.817520000" lon="7.723325000">
        <ele>214.0</ele>
      </trkpt>
      <trkpt lat="49.817520000" lon="7.723363000">
        <ele>214.0</ele>
      </trkpt>
      <trkpt lat="49.817520000" lon="7.723402000">
        <ele>214.0</ele>
      </trkpt>
      <trkpt lat="49.817517000" lon="7.723440000">
        <ele>214.2</ele>
      </trkpt>
      <trkpt lat="49.817517000" lon="7.723480000">
        <ele>214.2</ele>
      </trkpt>
      <trkpt lat="49.817522000" lon="7.723512000">
        <ele>214.2</ele>
      </trkpt>
      <trkpt lat="49.817532000" lon="7.723560000">
        <ele>214.4</ele>
      </trkpt>
      <trkpt lat="49.817535000" lon="7.723588000">
        <ele>214.2</ele>
      </trkpt>
      <trkpt lat="49.817538000" lon="7.723620000">
        <ele>214.2</ele>
      </trkpt>
      <trkpt lat="49.817538000" lon="7.723657000">
        <ele>214.2</ele>
      </trkpt>
      <trkpt lat="49.817538000" lon="7.723690000">
        <ele>214.2</ele>
      </trkpt>
      <trkpt lat="49.817542000" lon="7.723730000">
        <ele>214.2</ele>
      </trkpt>
      <trkpt lat="49.817545000" lon="7.723767000">
        <ele>214.4</ele>
      </trkpt>
      <trkpt lat="49.817555000" lon="7.723800000">
        <ele>214.4</ele>
      </trkpt>
      <trkpt lat="49.817558000" lon="7.723840000">
        <ele>214.4</ele>
      </trkpt>
      <trkpt lat="49.817558000" lon="7.723880000">
        <ele>214.6</ele>
      </trkpt>
      <trkpt lat="49.817563000" lon="7.723920000">
        <ele>214.6</ele>
      </trkpt>
      <trkpt lat="49.817570000" lon="7.723948000">
        <ele>214.6</ele>
      </trkpt>
      <trkpt lat="49.817573000" lon="7.723978000">
        <ele>214.6</ele>
      </trkpt>
      <trkpt lat="49.817583000" lon="7.724037000">
        <ele>214.8</ele>
      </trkpt>
      <trkpt lat="49.817597000" lon="7.724067000">
        <ele>214.8</ele>
      </trkpt>
      <trkpt lat="49.817602000" lon="7.724100000">
        <ele>214.8</ele>
      </trkpt>
      <trkpt lat="49.817605000" lon="7.724130000">
        <ele>214.8</ele>
      </trkpt>
      <trkpt lat="49.817612000" lon="7.724162000">
        <ele>214.8</ele>
      </trkpt>
      <trkpt lat="49.817615000" lon="7.724197000">
        <ele>214.8</ele>
      </trkpt>
      <trkpt lat="49.817622000" lon="7.724232000">
        <ele>214.8</ele>
      </trkpt>
      <trkpt lat="49.817622000" lon="7.724275000">
        <ele>214.8</ele>
      </trkpt>
      <trkpt lat="49.817635000" lon="7.724315000">
        <ele>214.8</ele>
      </trkpt>
      <trkpt lat="49.817632000" lon="7.724358000">
        <ele>214.8</ele>
      </trkpt>
      <trkpt lat="49.817638000" lon="7.724400000">
        <ele>214.6</ele>
      </trkpt>
      <trkpt lat="49.817643000" lon="7.724440000">
        <ele>214.6</ele>
      </trkpt>
      <trkpt lat="49.817657000" lon="7.724478000">
        <ele>214.6</ele>
      </trkpt>
      <trkpt lat="49.817670000" lon="7.724518000">
        <ele>214.6</ele>
      </trkpt>
      <trkpt lat="49.817670000" lon="7.724550000">
        <ele>214.4</ele>
      </trkpt>
      <trkpt lat="49.817677000" lon="7.724582000">
        <ele>214.4</ele>
      </trkpt>
      <trkpt lat="49.817677000" lon="7.724620000">
        <ele>214.4</ele>
      </trkpt>
      <trkpt lat="49.817680000" lon="7.724655000">
        <ele>214.2</ele>
      </trkpt>
      <trkpt lat="49.817692000" lon="7.724692000">
        <ele>214.2</ele>
      </trkpt>
      <trkpt lat="49.817698000" lon="7.724730000">
        <ele>214.0</ele>
      </trkpt>
      <trkpt lat="49.817702000" lon="7.724770000">
        <ele>214.0</ele>
      </trkpt>
      <trkpt lat="49.817702000" lon="7.724807000">
        <ele>214.0</ele>
      </trkpt>
      <trkpt lat="49.817702000" lon="7.724842000">
        <ele>213.8</ele>
      </trkpt>
      <trkpt lat="49.817705000" lon="7.724880000">
        <ele>213.8</ele>
      </trkpt>
      <trkpt lat="49.817705000" lon="7.724913000">
        <ele>213.8</ele>
      </trkpt>
      <trkpt lat="49.817712000" lon="7.724942000">
        <ele>213.8</ele>
      </trkpt>
      <trkpt lat="49.817712000" lon="7.724977000">
        <ele>213.8</ele>
      </trkpt>
      <trkpt lat="49.817715000" lon="7.725008000">
        <ele>213.6</ele>
      </trkpt>
      <trkpt lat="49.817715000" lon="7.725038000">
        <ele>213.6</ele>
      </trkpt>
      <trkpt lat="49.817718000" lon="7.725065000">
        <ele>213.6</ele>
      </trkpt>
      <trkpt lat="49.817720000" lon="7.725093000">
        <ele>213.4</ele>
      </trkpt>
      <trkpt lat="49.817718000" lon="7.725127000">
        <ele>213.4</ele>
      </trkpt>
      <trkpt lat="49.817705000" lon="7.725167000">
        <ele>213.2</ele>
      </trkpt>
      <trkpt lat="49.817702000" lon="7.725207000">
        <ele>213.2</ele>
      </trkpt>
      <trkpt lat="49.817702000" lon="7.725243000">
        <ele>213.0</ele>
      </trkpt>
      <trkpt lat="49.817695000" lon="7.725280000">
        <ele>213.0</ele>
      </trkpt>
      <trkpt lat="49.817682000" lon="7.725337000">
        <ele>213.0</ele>
      </trkpt>
      <trkpt lat="49.817680000" lon="7.725365000">
        <ele>212.8</ele>
      </trkpt>
      <trkpt lat="49.817680000" lon="7.725395000">
        <ele>212.8</ele>
      </trkpt>
      <trkpt lat="49.817673000" lon="7.725442000">
        <ele>212.6</ele>
      </trkpt>
      <trkpt lat="49.817653000" lon="7.725455000">
        <ele>212.6</ele>
      </trkpt>
      <trkpt lat="49.817635000" lon="7.725475000">
        <ele>212.6</ele>
      </trkpt>
      <trkpt lat="49.817605000" lon="7.725493000">
        <ele>212.6</ele>
      </trkpt>
      <trkpt lat="49.817583000" lon="7.725505000">
        <ele>212.6</ele>
      </trkpt>
      <trkpt lat="49.817552000" lon="7.725520000">
        <ele>212.6</ele>
      </trkpt>
      <trkpt lat="49.817513000" lon="7.725527000">
        <ele>212.6</ele>
      </trkpt>
      <trkpt lat="49.817478000" lon="7.725540000">
        <ele>212.4</ele>
      </trkpt>
      <trkpt lat="49.817442000" lon="7.725552000">
        <ele>212.4</ele>
      </trkpt>
      <trkpt lat="49.817413000" lon="7.725573000">
        <ele>212.4</ele>
      </trkpt>
      <trkpt lat="49.817392000" lon="7.725582000">
        <ele>212.4</ele>
      </trkpt>
      <trkpt lat="49.817365000" lon="7.725583000">
        <ele>212.2</ele>
      </trkpt>
      <trkpt lat="49.817340000" lon="7.725587000">
        <ele>212.2</ele>
      </trkpt>
      <trkpt lat="49.817315000" lon="7.725592000">
        <ele>212.0</ele>
      </trkpt>
      <trkpt lat="49.817285000" lon="7.725592000">
        <ele>212.0</ele>
      </trkpt>
      <trkpt lat="49.817263000" lon="7.725593000">
        <ele>211.8</ele>
      </trkpt>
      <trkpt lat="49.817240000" lon="7.725582000">
        <ele>211.8</ele>
      </trkpt>
      <trkpt lat="49.817215000" lon="7.725575000">
        <ele>211.8</ele>
      </trkpt>
      <trkpt lat="49.817197000" lon="7.725572000">
        <ele>211.8</ele>
      </trkpt>
      <trkpt lat="49.817177000" lon="7.725573000">
        <ele>212.0</ele>
      </trkpt>
      <trkpt lat="49.817158000" lon="7.725573000">
        <ele>212.0</ele>
      </trkpt>
      <trkpt lat="49.817128000" lon="7.725567000">
        <ele>212.0</ele>
      </trkpt>
      <trkpt lat="49.817107000" lon="7.725563000">
        <ele>212.0</ele>
      </trkpt>
      <trkpt lat="49.817083000" lon="7.725562000">
        <ele>212.0</ele>
      </trkpt>
      <trkpt lat="49.817065000" lon="7.725560000">
        <ele>212.0</ele>
      </trkpt>
      <trkpt lat="49.817042000" lon="7.725560000">
        <ele>211.8</ele>
      </trkpt>
      <trkpt lat="49.817020000" lon="7.725558000">
        <ele>211.8</ele>
      </trkpt>
      <trkpt lat="49.816998000" lon="7.725558000">
        <ele>211.8</ele>
      </trkpt>
      <trkpt lat="49.816975000" lon="7.725553000">
        <ele>211.8</ele>
      </trkpt>
      <trkpt lat="49.816943000" lon="7.725562000">
        <ele>211.8</ele>
      </trkpt>
      <trkpt lat="49.816920000" lon="7.725563000">
        <ele>212.0</ele>
      </trkpt>
      <trkpt lat="49.816902000" lon="7.725562000">
        <ele>212.0</ele>
      </trkpt>
      <trkpt lat="49.816882000" lon="7.725550000">
        <ele>212.0</ele>
      </trkpt>
      <trkpt lat="49.816860000" lon="7.725543000">
        <ele>212.0</ele>
      </trkpt>
      <trkpt lat="49.816840000" lon="7.725547000">
        <ele>212.0</ele>
      </trkpt>
      <trkpt lat="49.816818000" lon="7.725552000">
        <ele>211.8</ele>
      </trkpt>
      <trkpt lat="49.816797000" lon="7.725563000">
        <ele>211.8</ele>
      </trkpt>
      <trkpt lat="49.816780000" lon="7.725578000">
        <ele>211.8</ele>
      </trkpt>
      <trkpt lat="49.816770000" lon="7.725620000">
        <ele>211.8</ele>
      </trkpt>
      <trkpt lat="49.816767000" lon="7.725658000">
        <ele>211.8</ele>
      </trkpt>
      <trkpt lat="49.816763000" lon="7.725693000">
        <ele>211.8</ele>
      </trkpt>
      <trkpt lat="49.816763000" lon="7.725725000">
        <ele>211.6</ele>
      </trkpt>
      <trkpt lat="49.816767000" lon="7.725760000">
        <ele>211.6</ele>
      </trkpt>
      <trkpt lat="49.816777000" lon="7.725793000">
        <ele>211.6</ele>
      </trkpt>
      <trkpt lat="49.816787000" lon="7.725825000">
        <ele>211.4</ele>
      </trkpt>
      <trkpt lat="49.816790000" lon="7.725862000">
        <ele>211.4</ele>
      </trkpt>
      <trkpt lat="49.816790000" lon="7.725895000">
        <ele>211.2</ele>
      </trkpt>
      <trkpt lat="49.816797000" lon="7.725922000">
        <ele>211.2</ele>
      </trkpt>
      <trkpt lat="49.816797000" lon="7.725960000">
        <ele>211.0</ele>
      </trkpt>
      <trkpt lat="49.816800000" lon="7.725988000">
        <ele>210.8</ele>
      </trkpt>
      <trkpt lat="49.816805000" lon="7.726042000">
        <ele>210.6</ele>
      </trkpt>
      <trkpt lat="49.816815000" lon="7.726073000">
        <ele>210.4</ele>
      </trkpt>
      <trkpt lat="49.816818000" lon="7.726108000">
        <ele>210.4</ele>
      </trkpt>
      <trkpt lat="49.816818000" lon="7.726138000">
        <ele>210.2</ele>
      </trkpt>
      <trkpt lat="49.816818000" lon="7.726170000">
        <ele>210.2</ele>
      </trkpt>
      <trkpt lat="49.816828000" lon="7.726200000">
        <ele>210.0</ele>
      </trkpt>
      <trkpt lat="49.816832000" lon="7.726233000">
        <ele>210.0</ele>
      </trkpt>
      <trkpt lat="49.816832000" lon="7.726272000">
        <ele>209.8</ele>
      </trkpt>
      <trkpt lat="49.816838000" lon="7.726308000">
        <ele>209.8</ele>
      </trkpt>
      <trkpt lat="49.816843000" lon="7.726345000">
        <ele>209.6</ele>
      </trkpt>
      <trkpt lat="49.816843000" lon="7.726380000">
        <ele>209.4</ele>
      </trkpt>
      <trkpt lat="49.816847000" lon="7.726408000">
        <ele>209.4</ele>
      </trkpt>
      <trkpt lat="49.816843000" lon="7.726445000">
        <ele>209.2</ele>
      </trkpt>
      <trkpt lat="49.816847000" lon="7.726478000">
        <ele>209.2</ele>
      </trkpt>
      <trkpt lat="49.816863000" lon="7.726503000">
        <ele>209.2</ele>
      </trkpt>
      <trkpt lat="49.816870000" lon="7.726533000">
        <ele>209.2</ele>
      </trkpt>
      <trkpt lat="49.816885000" lon="7.726563000">
        <ele>209.0</ele>
      </trkpt>
      <trkpt lat="49.816898000" lon="7.726600000">
        <ele>209.0</ele>
      </trkpt>
      <trkpt lat="49.816898000" lon="7.726640000">
        <ele>208.8</ele>
      </trkpt>
      <trkpt lat="49.816902000" lon="7.726680000">
        <ele>208.8</ele>
      </trkpt>
      <trkpt lat="49.816898000" lon="7.726712000">
        <ele>208.6</ele>
      </trkpt>
      <trkpt lat="49.816902000" lon="7.726755000">
        <ele>208.4</ele>
      </trkpt>
      <trkpt lat="49.816908000" lon="7.726792000">
        <ele>208.4</ele>
      </trkpt>
      <trkpt lat="49.816918000" lon="7.726825000">
        <ele>208.2</ele>
      </trkpt>
      <trkpt lat="49.816930000" lon="7.726858000">
        <ele>208.0</ele>
      </trkpt>
      <trkpt lat="49.816937000" lon="7.726883000">
        <ele>207.8</ele>
      </trkpt>
      <trkpt lat="49.816937000" lon="7.726917000">
        <ele>207.6</ele>
      </trkpt>
      <trkpt lat="49.816937000" lon="7.726943000">
        <ele>207.6</ele>
      </trkpt>
      <trkpt lat="49.816937000" lon="7.726978000">
        <ele>207.4</ele>
      </trkpt>
      <trkpt lat="49.816937000" lon="7.727007000">
        <ele>207.2</ele>
      </trkpt>
      <trkpt lat="49.816947000" lon="7.727060000">
        <ele>207.0</ele>
      </trkpt>
      <trkpt lat="49.816957000" lon="7.727112000">
        <ele>206.8</ele>
      </trkpt>
      <trkpt lat="49.816960000" lon="7.727142000">
        <ele>206.8</ele>
      </trkpt>
      <trkpt lat="49.816965000" lon="7.727177000">
        <ele>206.6</ele>
      </trkpt>
      <trkpt lat="49.816975000" lon="7.727205000">
        <ele>206.6</ele>
      </trkpt>
      <trkpt lat="49.816978000" lon="7.727237000">
        <ele>206.4</ele>
      </trkpt>
      <trkpt lat="49.816988000" lon="7.727265000">
        <ele>206.4</ele>
      </trkpt>
      <trkpt lat="49.817000000" lon="7.727297000">
        <ele>206.2</ele>
      </trkpt>
      <trkpt lat="49.816998000" lon="7.727332000">
        <ele>206.0</ele>
      </trkpt>
      <trkpt lat="49.816985000" lon="7.727372000">
        <ele>206.0</ele>
      </trkpt>
      <trkpt lat="49.816982000" lon="7.727415000">
        <ele>205.8</ele>
      </trkpt>
      <trkpt lat="49.816985000" lon="7.727453000">
        <ele>205.8</ele>
      </trkpt>
      <trkpt lat="49.816982000" lon="7.727488000">
        <ele>205.6</ele>
      </trkpt>
      <trkpt lat="49.817016323" lon="7.727625187">
        <ele>204.8</ele>
      </trkpt>
      <trkpt lat="49.817010078" lon="7.727875474">
        <ele>204.0</ele>
      </trkpt>
      <trkpt lat="49.817012974" lon="7.728139417">
        <ele>203.3</ele>
      </trkpt>
      <trkpt lat="49.817060659" lon="7.728388291">
        <ele>202.7</ele>
      </trkpt>
      <trkpt lat="49.817131652" lon="7.729122907">
        <ele>201.4</ele>
      </trkpt>
      <trkpt lat="49.817103000" lon="7.729162000">
        <ele>202.8</ele>
      </trkpt>
      <trkpt lat="49.817093000" lon="7.729200000">
        <ele>202.6</ele>
      </trkpt>
      <trkpt lat="49.817078000" lon="7.729225000">
        <ele>202.6</ele>
      </trkpt>
      <trkpt lat="49.817062000" lon="7.729248000">
        <ele>202.6</ele>
      </trkpt>
      <trkpt lat="49.817048000" lon="7.729272000">
        <ele>202.6</ele>
      </trkpt>
      <trkpt lat="49.817037000" lon="7.729302000">
        <ele>202.6</ele>
      </trkpt>
      <trkpt lat="49.817017000" lon="7.729337000">
        <ele>202.4</ele>
      </trkpt>
      <trkpt lat="49.816998000" lon="7.729367000">
        <ele>202.2</ele>
      </trkpt>
      <trkpt lat="49.816978000" lon="7.729400000">
        <ele>202.2</ele>
      </trkpt>
      <trkpt lat="49.816962000" lon="7.729415000">
        <ele>202.2</ele>
      </trkpt>
      <trkpt lat="49.816943000" lon="7.729445000">
        <ele>202.2</ele>
      </trkpt>
      <trkpt lat="49.816927000" lon="7.729480000">
        <ele>202.2</ele>
      </trkpt>
      <trkpt lat="49.816908000" lon="7.729508000">
        <ele>202.0</ele>
      </trkpt>
      <trkpt lat="49.816895000" lon="7.729535000">
        <ele>201.8</ele>
      </trkpt>
      <trkpt lat="49.816880000" lon="7.729560000">
        <ele>201.4</ele>
      </trkpt>
      <trkpt lat="49.816867000" lon="7.729582000">
        <ele>201.2</ele>
      </trkpt>
      <trkpt lat="49.816847000" lon="7.729608000">
        <ele>201.0</ele>
      </trkpt>
      <trkpt lat="49.816838000" lon="7.729640000">
        <ele>200.8</ele>
      </trkpt>
      <trkpt lat="49.816822000" lon="7.729663000">
        <ele>201.0</ele>
      </trkpt>
      <trkpt lat="49.816802000" lon="7.729700000">
        <ele>201.0</ele>
      </trkpt>
      <trkpt lat="49.816787000" lon="7.729727000">
        <ele>200.8</ele>
      </trkpt>
      <trkpt lat="49.816763000" lon="7.729760000">
        <ele>201.0</ele>
      </trkpt>
      <trkpt lat="49.816748000" lon="7.729793000">
        <ele>201.0</ele>
      </trkpt>
      <trkpt lat="49.816725000" lon="7.729822000">
        <ele>201.0</ele>
      </trkpt>
      <trkpt lat="49.816717000" lon="7.729852000">
        <ele>201.0</ele>
      </trkpt>
      <trkpt lat="49.816707000" lon="7.729880000">
        <ele>201.0</ele>
      </trkpt>
      <trkpt lat="49.816690000" lon="7.729915000">
        <ele>201.0</ele>
      </trkpt>
      <trkpt lat="49.816678000" lon="7.729945000">
        <ele>200.8</ele>
      </trkpt>
      <trkpt lat="49.816662000" lon="7.729980000">
        <ele>200.8</ele>
      </trkpt>
      <trkpt lat="49.816658000" lon="7.730018000">
        <ele>200.6</ele>
      </trkpt>
      <trkpt lat="49.816652000" lon="7.730060000">
        <ele>200.4</ele>
      </trkpt>
      <trkpt lat="49.816645000" lon="7.730097000">
        <ele>200.4</ele>
      </trkpt>
      <trkpt lat="49.816640000" lon="7.730137000">
        <ele>200.4</ele>
      </trkpt>
      <trkpt lat="49.816630000" lon="7.730183000">
        <ele>200.4</ele>
      </trkpt>
      <trkpt lat="49.816623000" lon="7.730235000">
        <ele>200.4</ele>
      </trkpt>
      <trkpt lat="49.816617000" lon="7.730280000">
        <ele>200.4</ele>
      </trkpt>
      <trkpt lat="49.816607000" lon="7.730320000">
        <ele>200.4</ele>
      </trkpt>
      <trkpt lat="49.816607000" lon="7.730367000">
        <ele>200.4</ele>
      </trkpt>
      <trkpt lat="49.816598000" lon="7.730418000">
        <ele>200.6</ele>
      </trkpt>
      <trkpt lat="49.816588000" lon="7.730467000">
        <ele>200.6</ele>
      </trkpt>
      <trkpt lat="49.816588000" lon="7.730512000">
        <ele>200.8</ele>
      </trkpt>
      <trkpt lat="49.816578000" lon="7.730555000">
        <ele>201.0</ele>
      </trkpt>
      <trkpt lat="49.816565000" lon="7.730600000">
        <ele>201.2</ele>
      </trkpt>
      <trkpt lat="49.816562000" lon="7.730645000">
        <ele>201.2</ele>
      </trkpt>
      <trkpt lat="49.816553000" lon="7.730687000">
        <ele>201.4</ele>
      </trkpt>
      <trkpt lat="49.816547000" lon="7.730730000">
        <ele>201.4</ele>
      </trkpt>
      <trkpt lat="49.816547000" lon="7.730765000">
        <ele>201.4</ele>
      </trkpt>
      <trkpt lat="49.816547000" lon="7.730800000">
        <ele>201.6</ele>
      </trkpt>
      <trkpt lat="49.816533000" lon="7.730840000">
        <ele>201.8</ele>
      </trkpt>
      <trkpt lat="49.816527000" lon="7.730878000">
        <ele>202.0</ele>
      </trkpt>
      <trkpt lat="49.816520000" lon="7.730915000">
        <ele>202.2</ele>
      </trkpt>
      <trkpt lat="49.816520000" lon="7.730948000">
        <ele>202.2</ele>
      </trkpt>
      <trkpt lat="49.816520000" lon="7.730980000">
        <ele>202.4</ele>
      </trkpt>
      <trkpt lat="49.816518000" lon="7.731017000">
        <ele>202.4</ele>
      </trkpt>
      <trkpt lat="49.816502000" lon="7.731053000">
        <ele>202.4</ele>
      </trkpt>
      <trkpt lat="49.816502000" lon="7.731098000">
        <ele>202.4</ele>
      </trkpt>
      <trkpt lat="49.816498000" lon="7.731142000">
        <ele>202.4</ele>
      </trkpt>
      <trkpt lat="49.816518000" lon="7.731187000">
        <ele>202.2</ele>
      </trkpt>
      <trkpt lat="49.816512000" lon="7.731228000">
        <ele>202.2</ele>
      </trkpt>
      <trkpt lat="49.816498000" lon="7.731258000">
        <ele>202.0</ele>
      </trkpt>
      <trkpt lat="49.816482000" lon="7.731288000">
        <ele>202.0</ele>
      </trkpt>
      <trkpt lat="49.816473000" lon="7.731315000">
        <ele>201.8</ele>
      </trkpt>
      <trkpt lat="49.816480000" lon="7.731365000">
        <ele>201.4</ele>
      </trkpt>
      <trkpt lat="49.816482000" lon="7.731413000">
        <ele>201.2</ele>
      </trkpt>
      <trkpt lat="49.816482000" lon="7.731460000">
        <ele>201.2</ele>
      </trkpt>
      <trkpt lat="49.816482000" lon="7.731498000">
        <ele>201.2</ele>
      </trkpt>
      <trkpt lat="49.816480000" lon="7.731540000">
        <ele>201.2</ele>
      </trkpt>
      <trkpt lat="49.816480000" lon="7.731583000">
        <ele>201.2</ele>
      </trkpt>
      <trkpt lat="49.816482000" lon="7.731632000">
        <ele>201.2</ele>
      </trkpt>
      <trkpt lat="49.816488000" lon="7.731680000">
        <ele>201.4</ele>
      </trkpt>
      <trkpt lat="49.816485000" lon="7.731723000">
        <ele>201.4</ele>
      </trkpt>
      <trkpt lat="49.816488000" lon="7.731770000">
        <ele>201.6</ele>
      </trkpt>
      <trkpt lat="49.816488000" lon="7.731815000">
        <ele>201.8</ele>
      </trkpt>
      <trkpt lat="49.816488000" lon="7.731862000">
        <ele>201.8</ele>
      </trkpt>
      <trkpt lat="49.816488000" lon="7.731907000">
        <ele>202.0</ele>
      </trkpt>
      <trkpt lat="49.816492000" lon="7.731943000">
        <ele>201.8</ele>
      </trkpt>
      <trkpt lat="49.816492000" lon="7.731988000">
        <ele>201.8</ele>
      </trkpt>
      <trkpt lat="49.816488000" lon="7.732028000">
        <ele>201.6</ele>
      </trkpt>
      <trkpt lat="49.816482000" lon="7.732062000">
        <ele>201.4</ele>
      </trkpt>
      <trkpt lat="49.816473000" lon="7.732088000">
        <ele>201.4</ele>
      </trkpt>
      <trkpt lat="49.816463000" lon="7.732130000">
        <ele>201.4</ele>
      </trkpt>
      <trkpt lat="49.816450000" lon="7.732163000">
        <ele>201.2</ele>
      </trkpt>
      <trkpt lat="49.816443000" lon="7.732198000">
        <ele>201.0</ele>
      </trkpt>
      <trkpt lat="49.816435000" lon="7.732227000">
        <ele>201.0</ele>
      </trkpt>
      <trkpt lat="49.816428000" lon="7.732265000">
        <ele>201.0</ele>
      </trkpt>
      <trkpt lat="49.816422000" lon="7.732302000">
        <ele>201.0</ele>
      </trkpt>
      <trkpt lat="49.816418000" lon="7.732335000">
        <ele>201.0</ele>
      </trkpt>
      <trkpt lat="49.816408000" lon="7.732373000">
        <ele>201.0</ele>
      </trkpt>
      <trkpt lat="49.816402000" lon="7.732400000">
        <ele>201.0</ele>
      </trkpt>
      <trkpt lat="49.816380000" lon="7.732433000">
        <ele>201.0</ele>
      </trkpt>
      <trkpt lat="49.816363000" lon="7.732463000">
        <ele>201.0</ele>
      </trkpt>
      <trkpt lat="49.816355000" lon="7.732495000">
        <ele>200.8</ele>
      </trkpt>
      <trkpt lat="49.816332000" lon="7.732535000">
        <ele>200.8</ele>
      </trkpt>
      <trkpt lat="49.816320000" lon="7.732563000">
        <ele>200.6</ele>
      </trkpt>
      <trkpt lat="49.816303000" lon="7.732595000">
        <ele>200.2</ele>
      </trkpt>
      <trkpt lat="49.816290000" lon="7.732618000">
        <ele>199.6</ele>
      </trkpt>
      <trkpt lat="49.816275000" lon="7.732640000">
        <ele>199.4</ele>
      </trkpt>
      <trkpt lat="49.816255000" lon="7.732667000">
        <ele>199.2</ele>
      </trkpt>
      <trkpt lat="49.816230000" lon="7.732695000">
        <ele>199.0</ele>
      </trkpt>
      <trkpt lat="49.816210000" lon="7.732725000">
        <ele>199.0</ele>
      </trkpt>
      <trkpt lat="49.816188000" lon="7.732753000">
        <ele>198.8</ele>
      </trkpt>
      <trkpt lat="49.816168000" lon="7.732782000">
        <ele>198.8</ele>
      </trkpt>
      <trkpt lat="49.816150000" lon="7.732812000">
        <ele>198.6</ele>
      </trkpt>
      <trkpt lat="49.816127000" lon="7.732843000">
        <ele>198.6</ele>
      </trkpt>
      <trkpt lat="49.816108000" lon="7.732870000">
        <ele>198.4</ele>
      </trkpt>
      <trkpt lat="49.816092000" lon="7.732890000">
        <ele>198.2</ele>
      </trkpt>
      <trkpt lat="49.816077000" lon="7.732917000">
        <ele>198.2</ele>
      </trkpt>
      <trkpt lat="49.816063000" lon="7.732940000">
        <ele>198.2</ele>
      </trkpt>
      <trkpt lat="49.816047000" lon="7.732960000">
        <ele>198.2</ele>
      </trkpt>
      <trkpt lat="49.816028000" lon="7.732985000">
        <ele>198.4</ele>
      </trkpt>
      <trkpt lat="49.816005000" lon="7.733012000">
        <ele>198.4</ele>
      </trkpt>
      <trkpt lat="49.815987000" lon="7.733035000">
        <ele>198.2</ele>
      </trkpt>
      <trkpt lat="49.815970000" lon="7.733048000">
        <ele>198.2</ele>
      </trkpt>
      <trkpt lat="49.815948000" lon="7.733075000">
        <ele>198.0</ele>
      </trkpt>
      <trkpt lat="49.815925000" lon="7.733100000">
        <ele>198.0</ele>
      </trkpt>
      <trkpt lat="49.815907000" lon="7.733123000">
        <ele>197.8</ele>
      </trkpt>
      <trkpt lat="49.815890000" lon="7.733153000">
        <ele>197.8</ele>
      </trkpt>
      <trkpt lat="49.815872000" lon="7.733180000">
        <ele>197.8</ele>
      </trkpt>
      <trkpt lat="49.815852000" lon="7.733210000">
        <ele>197.6</ele>
      </trkpt>
      <trkpt lat="49.815833000" lon="7.733242000">
        <ele>197.6</ele>
      </trkpt>
      <trkpt lat="49.815813000" lon="7.733270000">
        <ele>197.4</ele>
      </trkpt>
      <trkpt lat="49.815792000" lon="7.733290000">
        <ele>197.4</ele>
      </trkpt>
      <trkpt lat="49.815772000" lon="7.733308000">
        <ele>197.6</ele>
      </trkpt>
      <trkpt lat="49.815753000" lon="7.733338000">
        <ele>197.6</ele>
      </trkpt>
      <trkpt lat="49.815727000" lon="7.733372000">
        <ele>197.6</ele>
      </trkpt>
      <trkpt lat="49.815712000" lon="7.733392000">
        <ele>197.4</ele>
      </trkpt>
      <trkpt lat="49.815685000" lon="7.733420000">
        <ele>197.4</ele>
      </trkpt>
      <trkpt lat="49.815660000" lon="7.733448000">
        <ele>197.6</ele>
      </trkpt>
      <trkpt lat="49.815643000" lon="7.733480000">
        <ele>197.6</ele>
      </trkpt>
      <trkpt lat="49.815625000" lon="7.733512000">
        <ele>197.8</ele>
      </trkpt>
      <trkpt lat="49.815605000" lon="7.733542000">
        <ele>197.8</ele>
      </trkpt>
      <trkpt lat="49.815590000" lon="7.733578000">
        <ele>197.8</ele>
      </trkpt>
      <trkpt lat="49.815573000" lon="7.733610000">
        <ele>197.6</ele>
      </trkpt>
      <trkpt lat="49.815567000" lon="7.733640000">
        <ele>197.6</ele>
      </trkpt>
      <trkpt lat="49.815548000" lon="7.733672000">
        <ele>197.4</ele>
      </trkpt>
      <trkpt lat="49.815535000" lon="7.733695000">
        <ele>197.4</ele>
      </trkpt>
      <trkpt lat="49.815525000" lon="7.733720000">
        <ele>197.4</ele>
      </trkpt>
      <trkpt lat="49.815510000" lon="7.733752000">
        <ele>197.4</ele>
      </trkpt>
      <trkpt lat="49.815497000" lon="7.733785000">
        <ele>197.6</ele>
      </trkpt>
      <trkpt lat="49.815480000" lon="7.733817000">
        <ele>197.8</ele>
      </trkpt>
      <trkpt lat="49.815465000" lon="7.733848000">
        <ele>198.0</ele>
      </trkpt>
      <trkpt lat="49.815452000" lon="7.733870000">
        <ele>198.2</ele>
      </trkpt>
      <trkpt lat="49.815445000" lon="7.733900000">
        <ele>198.4</ele>
      </trkpt>
      <trkpt lat="49.815427000" lon="7.733930000">
        <ele>198.4</ele>
      </trkpt>
      <trkpt lat="49.815410000" lon="7.733953000">
        <ele>198.6</ele>
      </trkpt>
      <trkpt lat="49.815398000" lon="7.733973000">
        <ele>198.6</ele>
      </trkpt>
      <trkpt lat="49.815378000" lon="7.734000000">
        <ele>199.6</ele>
      </trkpt>
      <trkpt lat="49.815365000" lon="7.734035000">
        <ele>199.6</ele>
      </trkpt>
      <trkpt lat="49.815337000" lon="7.734068000">
        <ele>199.8</ele>
      </trkpt>
      <trkpt lat="49.815327000" lon="7.734117000">
        <ele>199.8</ele>
      </trkpt>
      <trkpt lat="49.815315000" lon="7.734137000">
        <ele>199.8</ele>
      </trkpt>
      <trkpt lat="49.815302000" lon="7.734165000">
        <ele>200.0</ele>
      </trkpt>
      <trkpt lat="49.815288000" lon="7.734192000">
        <ele>200.0</ele>
      </trkpt>
      <trkpt lat="49.815273000" lon="7.734210000">
        <ele>200.0</ele>
      </trkpt>
      <trkpt lat="49.815253000" lon="7.734240000">
        <ele>199.8</ele>
      </trkpt>
      <trkpt lat="49.815247000" lon="7.734273000">
        <ele>199.8</ele>
      </trkpt>
      <trkpt lat="49.815228000" lon="7.734298000">
        <ele>199.6</ele>
      </trkpt>
      <trkpt lat="49.815212000" lon="7.734320000">
        <ele>199.6</ele>
      </trkpt>
      <trkpt lat="49.815193000" lon="7.734352000">
        <ele>199.6</ele>
      </trkpt>
      <trkpt lat="49.815183000" lon="7.734385000">
        <ele>199.6</ele>
      </trkpt>
      <trkpt lat="49.815170000" lon="7.734408000">
        <ele>199.8</ele>
      </trkpt>
      <trkpt lat="49.815158000" lon="7.734432000">
        <ele>199.8</ele>
      </trkpt>
      <trkpt lat="49.815135000" lon="7.734460000">
        <ele>199.8</ele>
      </trkpt>
      <trkpt lat="49.815110000" lon="7.734497000">
        <ele>199.8</ele>
      </trkpt>
      <trkpt lat="49.815090000" lon="7.734533000">
        <ele>199.8</ele>
      </trkpt>
      <trkpt lat="49.815068000" lon="7.734570000">
        <ele>199.8</ele>
      </trkpt>
      <trkpt lat="49.815052000" lon="7.734600000">
        <ele>200.0</ele>
      </trkpt>
      <trkpt lat="49.815040000" lon="7.734640000">
        <ele>200.2</ele>
      </trkpt>
      <trkpt lat="49.815020000" lon="7.734670000">
        <ele>200.2</ele>
      </trkpt>
      <trkpt lat="49.815003000" lon="7.734700000">
        <ele>200.4</ele>
      </trkpt>
      <trkpt lat="49.814982000" lon="7.734728000">
        <ele>200.6</ele>
      </trkpt>
      <trkpt lat="49.814962000" lon="7.734752000">
        <ele>200.6</ele>
      </trkpt>
      <trkpt lat="49.814940000" lon="7.734775000">
        <ele>200.8</ele>
      </trkpt>
      <trkpt lat="49.814920000" lon="7.734798000">
        <ele>200.8</ele>
      </trkpt>
      <trkpt lat="49.814902000" lon="7.734823000">
        <ele>200.8</ele>
      </trkpt>
      <trkpt lat="49.814882000" lon="7.734848000">
        <ele>200.8</ele>
      </trkpt>
      <trkpt lat="49.814873000" lon="7.734873000">
        <ele>200.8</ele>
      </trkpt>
      <trkpt lat="49.814860000" lon="7.734898000">
        <ele>200.8</ele>
      </trkpt>
      <trkpt lat="49.814840000" lon="7.734942000">
        <ele>201.0</ele>
      </trkpt>
      <trkpt lat="49.814825000" lon="7.734960000">
        <ele>201.0</ele>
      </trkpt>
      <trkpt lat="49.814812000" lon="7.734995000">
        <ele>201.0</ele>
      </trkpt>
      <trkpt lat="49.814800000" lon="7.735027000">
        <ele>201.0</ele>
      </trkpt>
      <trkpt lat="49.814790000" lon="7.735055000">
        <ele>201.0</ele>
      </trkpt>
      <trkpt lat="49.814770000" lon="7.735087000">
        <ele>201.2</ele>
      </trkpt>
      <trkpt lat="49.814758000" lon="7.735107000">
        <ele>201.2</ele>
      </trkpt>
      <trkpt lat="49.814745000" lon="7.735132000">
        <ele>201.4</ele>
      </trkpt>
      <trkpt lat="49.814732000" lon="7.735160000">
        <ele>201.4</ele>
      </trkpt>
      <trkpt lat="49.814720000" lon="7.735197000">
        <ele>201.6</ele>
      </trkpt>
      <trkpt lat="49.814697000" lon="7.735228000">
        <ele>201.6</ele>
      </trkpt>
      <trkpt lat="49.814683000" lon="7.735253000">
        <ele>201.6</ele>
      </trkpt>
      <trkpt lat="49.814662000" lon="7.735293000">
        <ele>201.6</ele>
      </trkpt>
      <trkpt lat="49.814642000" lon="7.735330000">
        <ele>201.6</ele>
      </trkpt>
      <trkpt lat="49.814623000" lon="7.735370000">
        <ele>201.6</ele>
      </trkpt>
      <trkpt lat="49.814600000" lon="7.735407000">
        <ele>201.8</ele>
      </trkpt>
      <trkpt lat="49.814585000" lon="7.735447000">
        <ele>201.8</ele>
      </trkpt>
      <trkpt lat="49.814572000" lon="7.735482000">
        <ele>202.0</ele>
      </trkpt>
      <trkpt lat="49.814560000" lon="7.735502000">
        <ele>202.0</ele>
      </trkpt>
      <trkpt lat="49.814543000" lon="7.735535000">
        <ele>202.2</ele>
      </trkpt>
      <trkpt lat="49.814523000" lon="7.735558000">
        <ele>202.2</ele>
      </trkpt>
      <trkpt lat="49.814505000" lon="7.735593000">
        <ele>202.2</ele>
      </trkpt>
      <trkpt lat="49.814492000" lon="7.735613000">
        <ele>202.4</ele>
      </trkpt>
      <trkpt lat="49.814473000" lon="7.735642000">
        <ele>202.4</ele>
      </trkpt>
      <trkpt lat="49.814453000" lon="7.735670000">
        <ele>202.6</ele>
      </trkpt>
      <trkpt lat="49.814435000" lon="7.735700000">
        <ele>202.6</ele>
      </trkpt>
      <trkpt lat="49.814418000" lon="7.735720000">
        <ele>202.4</ele>
      </trkpt>
      <trkpt lat="49.814402000" lon="7.735733000">
        <ele>202.4</ele>
      </trkpt>
      <trkpt lat="49.814383000" lon="7.735752000">
        <ele>202.4</ele>
      </trkpt>
      <trkpt lat="49.814360000" lon="7.735772000">
        <ele>202.4</ele>
      </trkpt>
      <trkpt lat="49.814345000" lon="7.735792000">
        <ele>202.4</ele>
      </trkpt>
      <trkpt lat="49.814325000" lon="7.735812000">
        <ele>202.2</ele>
      </trkpt>
      <trkpt lat="49.814307000" lon="7.735825000">
        <ele>202.2</ele>
      </trkpt>
      <trkpt lat="49.814293000" lon="7.735848000">
        <ele>202.2</ele>
      </trkpt>
      <trkpt lat="49.814278000" lon="7.735863000">
        <ele>202.0</ele>
      </trkpt>
      <trkpt lat="49.814255000" lon="7.735897000">
        <ele>202.0</ele>
      </trkpt>
      <trkpt lat="49.814230000" lon="7.735923000">
        <ele>201.8</ele>
      </trkpt>
      <trkpt lat="49.814203000" lon="7.735948000">
        <ele>201.8</ele>
      </trkpt>
      <trkpt lat="49.814188000" lon="7.735975000">
        <ele>201.6</ele>
      </trkpt>
      <trkpt lat="49.814168000" lon="7.735993000">
        <ele>201.6</ele>
      </trkpt>
      <trkpt lat="49.814147000" lon="7.736018000">
        <ele>201.6</ele>
      </trkpt>
      <trkpt lat="49.814130000" lon="7.736040000">
        <ele>201.6</ele>
      </trkpt>
      <trkpt lat="49.814108000" lon="7.736070000">
        <ele>201.6</ele>
      </trkpt>
      <trkpt lat="49.814088000" lon="7.736100000">
        <ele>201.6</ele>
      </trkpt>
      <trkpt lat="49.814080000" lon="7.736132000">
        <ele>201.6</ele>
      </trkpt>
      <trkpt lat="49.814060000" lon="7.736160000">
        <ele>201.4</ele>
      </trkpt>
      <trkpt lat="49.814043000" lon="7.736180000">
        <ele>201.4</ele>
      </trkpt>
      <trkpt lat="49.814032000" lon="7.736212000">
        <ele>203.4</ele>
      </trkpt>
      <trkpt lat="49.814015000" lon="7.736252000">
        <ele>203.4</ele>
      </trkpt>
      <trkpt lat="49.814002000" lon="7.736272000">
        <ele>203.6</ele>
      </trkpt>
      <trkpt lat="49.813990000" lon="7.736293000">
        <ele>203.6</ele>
      </trkpt>
      <trkpt lat="49.813977000" lon="7.736333000">
        <ele>203.6</ele>
      </trkpt>
      <trkpt lat="49.813960000" lon="7.736377000">
        <ele>203.8</ele>
      </trkpt>
      <trkpt lat="49.813948000" lon="7.736403000">
        <ele>203.8</ele>
      </trkpt>
      <trkpt lat="49.813938000" lon="7.736433000">
        <ele>203.8</ele>
      </trkpt>
      <trkpt lat="49.813925000" lon="7.736470000">
        <ele>203.8</ele>
      </trkpt>
      <trkpt lat="49.813910000" lon="7.736507000">
        <ele>203.8</ele>
      </trkpt>
      <trkpt lat="49.813900000" lon="7.736538000">
        <ele>203.8</ele>
      </trkpt>
      <trkpt lat="49.813890000" lon="7.736565000">
        <ele>203.8</ele>
      </trkpt>
      <trkpt lat="49.813878000" lon="7.736597000">
        <ele>204.0</ele>
      </trkpt>
      <trkpt lat="49.813868000" lon="7.736628000">
        <ele>204.0</ele>
      </trkpt>
      <trkpt lat="49.813862000" lon="7.736662000">
        <ele>204.0</ele>
      </trkpt>
      <trkpt lat="49.813848000" lon="7.736697000">
        <ele>204.0</ele>
      </trkpt>
      <trkpt lat="49.813845000" lon="7.736727000">
        <ele>204.0</ele>
      </trkpt>
      <trkpt lat="49.813833000" lon="7.736762000">
        <ele>204.2</ele>
      </trkpt>
      <trkpt lat="49.813820000" lon="7.736792000">
        <ele>204.6</ele>
      </trkpt>
      <trkpt lat="49.813807000" lon="7.736817000">
        <ele>204.6</ele>
      </trkpt>
      <trkpt lat="49.813798000" lon="7.736847000">
        <ele>204.8</ele>
      </trkpt>
      <trkpt lat="49.813782000" lon="7.736877000">
        <ele>204.8</ele>
      </trkpt>
      <trkpt lat="49.813772000" lon="7.736908000">
        <ele>204.8</ele>
      </trkpt>
      <trkpt lat="49.813762000" lon="7.736943000">
        <ele>204.8</ele>
      </trkpt>
      <trkpt lat="49.813750000" lon="7.736980000">
        <ele>205.0</ele>
      </trkpt>
      <trkpt lat="49.813740000" lon="7.737007000">
        <ele>205.0</ele>
      </trkpt>
      <trkpt lat="49.813730000" lon="7.737042000">
        <ele>205.0</ele>
      </trkpt>
      <trkpt lat="49.813723000" lon="7.737082000">
        <ele>205.0</ele>
      </trkpt>
      <trkpt lat="49.813727000" lon="7.737117000">
        <ele>205.0</ele>
      </trkpt>
      <trkpt lat="49.813718000" lon="7.737155000">
        <ele>205.2</ele>
      </trkpt>
      <trkpt lat="49.813708000" lon="7.737190000">
        <ele>205.2</ele>
      </trkpt>
      <trkpt lat="49.813698000" lon="7.737227000">
        <ele>205.4</ele>
      </trkpt>
      <trkpt lat="49.813682000" lon="7.737255000">
        <ele>205.4</ele>
      </trkpt>
      <trkpt lat="49.813670000" lon="7.737288000">
        <ele>205.4</ele>
      </trkpt>
      <trkpt lat="49.813667000" lon="7.737325000">
        <ele>205.6</ele>
      </trkpt>
      <trkpt lat="49.813663000" lon="7.737360000">
        <ele>206.0</ele>
      </trkpt>
      <trkpt lat="49.813653000" lon="7.737387000">
        <ele>206.2</ele>
      </trkpt>
      <trkpt lat="49.813643000" lon="7.737417000">
        <ele>206.6</ele>
      </trkpt>
      <trkpt lat="49.813625000" lon="7.737453000">
        <ele>206.8</ele>
      </trkpt>
      <trkpt lat="49.813608000" lon="7.737483000">
        <ele>207.0</ele>
      </trkpt>
      <trkpt lat="49.813590000" lon="7.737503000">
        <ele>207.2</ele>
      </trkpt>
      <trkpt lat="49.813573000" lon="7.737523000">
        <ele>207.6</ele>
      </trkpt>
      <trkpt lat="49.813555000" lon="7.737547000">
        <ele>207.6</ele>
      </trkpt>
      <trkpt lat="49.813545000" lon="7.737572000">
        <ele>208.6</ele>
      </trkpt>
      <trkpt lat="49.813525000" lon="7.737585000">
        <ele>209.2</ele>
      </trkpt>
      <trkpt lat="49.813510000" lon="7.737620000">
        <ele>209.4</ele>
      </trkpt>
      <trkpt lat="49.813500000" lon="7.737643000">
        <ele>209.6</ele>
      </trkpt>
      <trkpt lat="49.813483000" lon="7.737668000">
        <ele>209.8</ele>
      </trkpt>
      <trkpt lat="49.813475000" lon="7.737693000">
        <ele>210.2</ele>
      </trkpt>
      <trkpt lat="49.813472000" lon="7.737720000">
        <ele>210.4</ele>
      </trkpt>
      <trkpt lat="49.813468000" lon="7.737760000">
        <ele>210.8</ele>
      </trkpt>
      <trkpt lat="49.813455000" lon="7.737800000">
        <ele>211.2</ele>
      </trkpt>
      <trkpt lat="49.813448000" lon="7.737838000">
        <ele>211.6</ele>
      </trkpt>
      <trkpt lat="49.813442000" lon="7.737870000">
        <ele>211.8</ele>
      </trkpt>
      <trkpt lat="49.813433000" lon="7.737902000">
        <ele>212.0</ele>
      </trkpt>
      <trkpt lat="49.813430000" lon="7.737940000">
        <ele>212.2</ele>
      </trkpt>
      <trkpt lat="49.813430000" lon="7.737978000">
        <ele>212.4</ele>
      </trkpt>
      <trkpt lat="49.813423000" lon="7.738008000">
        <ele>212.6</ele>
      </trkpt>
      <trkpt lat="49.813420000" lon="7.738042000">
        <ele>212.6</ele>
      </trkpt>
      <trkpt lat="49.813413000" lon="7.738080000">
        <ele>212.8</ele>
      </trkpt>
      <trkpt lat="49.813413000" lon="7.738120000">
        <ele>213.0</ele>
      </trkpt>
      <trkpt lat="49.813423000" lon="7.738158000">
        <ele>213.4</ele>
      </trkpt>
      <trkpt lat="49.813430000" lon="7.738198000">
        <ele>213.6</ele>
      </trkpt>
      <trkpt lat="49.813433000" lon="7.738233000">
        <ele>213.8</ele>
      </trkpt>
      <trkpt lat="49.813440000" lon="7.738265000">
        <ele>214.0</ele>
      </trkpt>
      <trkpt lat="49.813442000" lon="7.738298000">
        <ele>214.2</ele>
      </trkpt>
      <trkpt lat="49.813452000" lon="7.738337000">
        <ele>214.4</ele>
      </trkpt>
      <trkpt lat="49.813465000" lon="7.738368000">
        <ele>214.6</ele>
      </trkpt>
      <trkpt lat="49.813465000" lon="7.738397000">
        <ele>215.0</ele>
      </trkpt>
      <trkpt lat="49.813475000" lon="7.738427000">
        <ele>215.2</ele>
      </trkpt>
      <trkpt lat="49.813483000" lon="7.738458000">
        <ele>215.4</ele>
      </trkpt>
      <trkpt lat="49.813490000" lon="7.738487000">
        <ele>215.4</ele>
      </trkpt>
      <trkpt lat="49.813500000" lon="7.738527000">
        <ele>215.6</ele>
      </trkpt>
      <trkpt lat="49.813500000" lon="7.738555000">
        <ele>215.4</ele>
      </trkpt>
      <trkpt lat="49.813493000" lon="7.738580000">
        <ele>215.4</ele>
      </trkpt>
      <trkpt lat="49.813493000" lon="7.738612000">
        <ele>216.4</ele>
      </trkpt>
      <trkpt lat="49.813503000" lon="7.738652000">
        <ele>216.6</ele>
      </trkpt>
      <trkpt lat="49.813510000" lon="7.738697000">
        <ele>216.6</ele>
      </trkpt>
      <trkpt lat="49.813510000" lon="7.738740000">
        <ele>216.8</ele>
      </trkpt>
      <trkpt lat="49.813507000" lon="7.738787000">
        <ele>217.0</ele>
      </trkpt>
      <trkpt lat="49.813507000" lon="7.738827000">
        <ele>217.0</ele>
      </trkpt>
      <trkpt lat="49.813507000" lon="7.738870000">
        <ele>217.2</ele>
      </trkpt>
      <trkpt lat="49.813507000" lon="7.738907000">
        <ele>217.2</ele>
      </trkpt>
      <trkpt lat="49.813503000" lon="7.738942000">
        <ele>217.2</ele>
      </trkpt>
      <trkpt lat="49.813503000" lon="7.738972000">
        <ele>217.2</ele>
      </trkpt>
      <trkpt lat="49.813503000" lon="7.739005000">
        <ele>217.2</ele>
      </trkpt>
      <trkpt lat="49.813503000" lon="7.739042000">
        <ele>217.2</ele>
      </trkpt>
      <trkpt lat="49.813507000" lon="7.739083000">
        <ele>217.4</ele>
      </trkpt>
      <trkpt lat="49.813503000" lon="7.739125000">
        <ele>217.4</ele>
      </trkpt>
      <trkpt lat="49.813500000" lon="7.739165000">
        <ele>217.4</ele>
      </trkpt>
      <trkpt lat="49.813510000" lon="7.739210000">
        <ele>217.2</ele>
      </trkpt>
      <trkpt lat="49.813522000" lon="7.739235000">
        <ele>217.2</ele>
      </trkpt>
      <trkpt lat="49.813525000" lon="7.739278000">
        <ele>217.0</ele>
      </trkpt>
      <trkpt lat="49.813532000" lon="7.739320000">
        <ele>216.8</ele>
      </trkpt>
      <trkpt lat="49.813535000" lon="7.739352000">
        <ele>216.8</ele>
      </trkpt>
      <trkpt lat="49.813535000" lon="7.739388000">
        <ele>216.8</ele>
      </trkpt>
      <trkpt lat="49.813545000" lon="7.739418000">
        <ele>216.6</ele>
      </trkpt>
      <trkpt lat="49.813542000" lon="7.739445000">
        <ele>216.6</ele>
      </trkpt>
      <trkpt lat="49.813535000" lon="7.739483000">
        <ele>216.6</ele>
      </trkpt>
      <trkpt lat="49.813522000" lon="7.739517000">
        <ele>216.4</ele>
      </trkpt>
      <trkpt lat="49.813520000" lon="7.739553000">
        <ele>216.2</ele>
      </trkpt>
      <trkpt lat="49.813513000" lon="7.739593000">
        <ele>216.2</ele>
      </trkpt>
      <trkpt lat="49.813510000" lon="7.739638000">
        <ele>216.2</ele>
      </trkpt>
      <trkpt lat="49.813507000" lon="7.739677000">
        <ele>216.0</ele>
      </trkpt>
      <trkpt lat="49.813503000" lon="7.739718000">
        <ele>215.8</ele>
      </trkpt>
      <trkpt lat="49.813493000" lon="7.739760000">
        <ele>215.4</ele>
      </trkpt>
      <trkpt lat="49.813487000" lon="7.739805000">
        <ele>215.2</ele>
      </trkpt>
      <trkpt lat="49.813483000" lon="7.739850000">
        <ele>215.0</ele>
      </trkpt>
      <trkpt lat="49.813490000" lon="7.739878000">
        <ele>214.8</ele>
      </trkpt>
      <trkpt lat="49.813490000" lon="7.739927000">
        <ele>214.6</ele>
      </trkpt>
      <trkpt lat="49.813487000" lon="7.739970000">
        <ele>214.4</ele>
      </trkpt>
      <trkpt lat="49.813490000" lon="7.740003000">
        <ele>214.2</ele>
      </trkpt>
      <trkpt lat="49.813503000" lon="7.740038000">
        <ele>213.8</ele>
      </trkpt>
      <trkpt lat="49.813510000" lon="7.740065000">
        <ele>213.6</ele>
      </trkpt>
      <trkpt lat="49.813520000" lon="7.740095000">
        <ele>213.6</ele>
      </trkpt>
      <trkpt lat="49.813525000" lon="7.740122000">
        <ele>213.2</ele>
      </trkpt>
      <trkpt lat="49.813535000" lon="7.740155000">
        <ele>213.0</ele>
      </trkpt>
      <trkpt lat="49.813545000" lon="7.740188000">
        <ele>213.0</ele>
      </trkpt>
      <trkpt lat="49.813552000" lon="7.740217000">
        <ele>213.0</ele>
      </trkpt>
      <trkpt lat="49.813560000" lon="7.740257000">
        <ele>212.6</ele>
      </trkpt>
      <trkpt lat="49.813583000" lon="7.740298000">
        <ele>212.4</ele>
      </trkpt>
      <trkpt lat="49.813600000" lon="7.740340000">
        <ele>212.2</ele>
      </trkpt>
      <trkpt lat="49.813608000" lon="7.740385000">
        <ele>212.2</ele>
      </trkpt>
      <trkpt lat="49.813622000" lon="7.740408000">
        <ele>212.2</ele>
      </trkpt>
      <trkpt lat="49.813632000" lon="7.740455000">
        <ele>212.0</ele>
      </trkpt>
      <trkpt lat="49.813640000" lon="7.740480000">
        <ele>212.0</ele>
      </trkpt>
      <trkpt lat="49.813647000" lon="7.740513000">
        <ele>211.8</ele>
      </trkpt>
      <trkpt lat="49.813660000" lon="7.740543000">
        <ele>211.6</ele>
      </trkpt>
      <trkpt lat="49.813670000" lon="7.740575000">
        <ele>211.6</ele>
      </trkpt>
      <trkpt lat="49.813688000" lon="7.740610000">
        <ele>211.6</ele>
      </trkpt>
      <trkpt lat="49.813702000" lon="7.740640000">
        <ele>211.6</ele>
      </trkpt>
      <trkpt lat="49.813708000" lon="7.740670000">
        <ele>211.4</ele>
      </trkpt>
      <trkpt lat="49.813712000" lon="7.740702000">
        <ele>211.4</ele>
      </trkpt>
      <trkpt lat="49.813712000" lon="7.740732000">
        <ele>211.2</ele>
      </trkpt>
      <trkpt lat="49.813702000" lon="7.740763000">
        <ele>211.2</ele>
      </trkpt>
      <trkpt lat="49.813685000" lon="7.740795000">
        <ele>211.0</ele>
      </trkpt>
      <trkpt lat="49.813667000" lon="7.740805000">
        <ele>210.8</ele>
      </trkpt>
      <trkpt lat="49.813647000" lon="7.740823000">
        <ele>210.6</ele>
      </trkpt>
      <trkpt lat="49.813622000" lon="7.740838000">
        <ele>210.2</ele>
      </trkpt>
      <trkpt lat="49.813600000" lon="7.740850000">
        <ele>210.0</ele>
      </trkpt>
      <trkpt lat="49.813580000" lon="7.740868000">
        <ele>209.8</ele>
      </trkpt>
      <trkpt lat="49.813552000" lon="7.740905000">
        <ele>209.4</ele>
      </trkpt>
      <trkpt lat="49.813535000" lon="7.740930000">
        <ele>209.4</ele>
      </trkpt>
      <trkpt lat="49.813522000" lon="7.740950000">
        <ele>209.2</ele>
      </trkpt>
      <trkpt lat="49.813507000" lon="7.740967000">
        <ele>209.2</ele>
      </trkpt>
      <trkpt lat="49.813490000" lon="7.740982000">
        <ele>209.2</ele>
      </trkpt>
      <trkpt lat="49.813475000" lon="7.741000000">
        <ele>209.2</ele>
      </trkpt>
      <trkpt lat="49.813448000" lon="7.741032000">
        <ele>209.0</ele>
      </trkpt>
      <trkpt lat="49.813427000" lon="7.741060000">
        <ele>208.8</ele>
      </trkpt>
      <trkpt lat="49.813407000" lon="7.741082000">
        <ele>208.6</ele>
      </trkpt>
      <trkpt lat="49.813382000" lon="7.741103000">
        <ele>208.4</ele>
      </trkpt>
      <trkpt lat="49.813357000" lon="7.741120000">
        <ele>208.0</ele>
      </trkpt>
      <trkpt lat="49.813333000" lon="7.741132000">
        <ele>207.8</ele>
      </trkpt>
      <trkpt lat="49.813320000" lon="7.741152000">
        <ele>207.6</ele>
      </trkpt>
      <trkpt lat="49.813305000" lon="7.741168000">
        <ele>207.4</ele>
      </trkpt>
      <trkpt lat="49.813285000" lon="7.741188000">
        <ele>207.2</ele>
      </trkpt>
      <trkpt lat="49.813267000" lon="7.741213000">
        <ele>207.2</ele>
      </trkpt>
      <trkpt lat="49.813243000" lon="7.741237000">
        <ele>207.0</ele>
      </trkpt>
      <trkpt lat="49.813225000" lon="7.741250000">
        <ele>206.8</ele>
      </trkpt>
      <trkpt lat="49.813205000" lon="7.741260000">
        <ele>206.6</ele>
      </trkpt>
      <trkpt lat="49.813187000" lon="7.741280000">
        <ele>206.4</ele>
      </trkpt>
      <trkpt lat="49.813173000" lon="7.741300000">
        <ele>206.2</ele>
      </trkpt>
      <trkpt lat="49.813148000" lon="7.741318000">
        <ele>206.0</ele>
      </trkpt>
      <trkpt lat="49.813128000" lon="7.741342000">
        <ele>205.8</ele>
      </trkpt>
      <trkpt lat="49.813107000" lon="7.741362000">
        <ele>205.6</ele>
      </trkpt>
      <trkpt lat="49.813078000" lon="7.741383000">
        <ele>205.6</ele>
      </trkpt>
      <trkpt lat="49.813052000" lon="7.741412000">
        <ele>205.4</ele>
      </trkpt>
      <trkpt lat="49.813030000" lon="7.741437000">
        <ele>205.0</ele>
      </trkpt>
      <trkpt lat="49.813003000" lon="7.741472000">
        <ele>204.8</ele>
      </trkpt>
      <trkpt lat="49.812992000" lon="7.741493000">
        <ele>204.8</ele>
      </trkpt>
      <trkpt lat="49.812975000" lon="7.741508000">
        <ele>204.8</ele>
      </trkpt>
      <trkpt lat="49.812953000" lon="7.741537000">
        <ele>204.8</ele>
      </trkpt>
      <trkpt lat="49.812927000" lon="7.741562000">
        <ele>204.6</ele>
      </trkpt>
      <trkpt lat="49.812905000" lon="7.741590000">
        <ele>204.4</ele>
      </trkpt>
      <trkpt lat="49.812877000" lon="7.741618000">
        <ele>204.0</ele>
      </trkpt>
      <trkpt lat="49.812850000" lon="7.741643000">
        <ele>204.2</ele>
      </trkpt>
      <trkpt lat="49.812825000" lon="7.741673000">
        <ele>204.0</ele>
      </trkpt>
      <trkpt lat="49.812808000" lon="7.741687000">
        <ele>204.0</ele>
      </trkpt>
      <trkpt lat="49.812780000" lon="7.741715000">
        <ele>204.0</ele>
      </trkpt>
      <trkpt lat="49.812758000" lon="7.741743000">
        <ele>204.0</ele>
      </trkpt>
      <trkpt lat="49.812735000" lon="7.741772000">
        <ele>204.0</ele>
      </trkpt>
      <trkpt lat="49.812713000" lon="7.741800000">
        <ele>204.0</ele>
      </trkpt>
      <trkpt lat="49.812690000" lon="7.741820000">
        <ele>204.0</ele>
      </trkpt>
      <trkpt lat="49.812672000" lon="7.741840000">
        <ele>203.8</ele>
      </trkpt>
      <trkpt lat="49.812648000" lon="7.741860000">
        <ele>203.8</ele>
      </trkpt>
      <trkpt lat="49.812630000" lon="7.741880000">
        <ele>203.8</ele>
      </trkpt>
      <trkpt lat="49.812610000" lon="7.741895000">
        <ele>203.8</ele>
      </trkpt>
      <trkpt lat="49.812592000" lon="7.741913000">
        <ele>203.8</ele>
      </trkpt>
      <trkpt lat="49.812575000" lon="7.741930000">
        <ele>203.8</ele>
      </trkpt>
      <trkpt lat="49.812553000" lon="7.741950000">
        <ele>203.6</ele>
      </trkpt>
      <trkpt lat="49.812530000" lon="7.741963000">
        <ele>203.6</ele>
      </trkpt>
      <trkpt lat="49.812508000" lon="7.741978000">
        <ele>203.6</ele>
      </trkpt>
      <trkpt lat="49.812480000" lon="7.741985000">
        <ele>203.8</ele>
      </trkpt>
      <trkpt lat="49.812457000" lon="7.741982000">
        <ele>203.8</ele>
      </trkpt>
      <trkpt lat="49.812435000" lon="7.741978000">
        <ele>203.6</ele>
      </trkpt>
      <trkpt lat="49.812415000" lon="7.741963000">
        <ele>203.6</ele>
      </trkpt>
      <trkpt lat="49.812400000" lon="7.741938000">
        <ele>203.8</ele>
      </trkpt>
      <trkpt lat="49.812380000" lon="7.741905000">
        <ele>203.8</ele>
      </trkpt>
      <trkpt lat="49.812360000" lon="7.741877000">
        <ele>203.8</ele>
      </trkpt>
      <trkpt lat="49.812338000" lon="7.741848000">
        <ele>203.8</ele>
      </trkpt>
      <trkpt lat="49.812320000" lon="7.741825000">
        <ele>204.0</ele>
      </trkpt>
      <trkpt lat="49.812303000" lon="7.741802000">
        <ele>204.0</ele>
      </trkpt>
      <trkpt lat="49.812283000" lon="7.741775000">
        <ele>204.4</ele>
      </trkpt>
      <trkpt lat="49.812272000" lon="7.741742000">
        <ele>204.6</ele>
      </trkpt>
      <trkpt lat="49.812255000" lon="7.741707000">
        <ele>204.8</ele>
      </trkpt>
      <trkpt lat="49.812237000" lon="7.741677000">
        <ele>205.0</ele>
      </trkpt>
      <trkpt lat="49.812220000" lon="7.741650000">
        <ele>205.2</ele>
      </trkpt>
      <trkpt lat="49.812200000" lon="7.741637000">
        <ele>205.2</ele>
      </trkpt>
      <trkpt lat="49.812185000" lon="7.741607000">
        <ele>205.4</ele>
      </trkpt>
      <trkpt lat="49.812168000" lon="7.741588000">
        <ele>205.6</ele>
      </trkpt>
      <trkpt lat="49.812140000" lon="7.741568000">
        <ele>205.8</ele>
      </trkpt>
      <trkpt lat="49.812120000" lon="7.741542000">
        <ele>206.0</ele>
      </trkpt>
      <trkpt lat="49.812105000" lon="7.741520000">
        <ele>206.2</ele>
      </trkpt>
      <trkpt lat="49.812092000" lon="7.741500000">
        <ele>206.4</ele>
      </trkpt>
      <trkpt lat="49.812073000" lon="7.741480000">
        <ele>206.4</ele>
      </trkpt>
      <trkpt lat="49.812050000" lon="7.741457000">
        <ele>206.6</ele>
      </trkpt>
      <trkpt lat="49.812032000" lon="7.741435000">
        <ele>206.8</ele>
      </trkpt>
      <trkpt lat="49.812012000" lon="7.741405000">
        <ele>207.0</ele>
      </trkpt>
      <trkpt lat="49.812000000" lon="7.741375000">
        <ele>207.2</ele>
      </trkpt>
      <trkpt lat="49.811983000" lon="7.741342000">
        <ele>207.4</ele>
      </trkpt>
      <trkpt lat="49.811970000" lon="7.741315000">
        <ele>207.8</ele>
      </trkpt>
      <trkpt lat="49.811958000" lon="7.741290000">
        <ele>208.0</ele>
      </trkpt>
      <trkpt lat="49.811938000" lon="7.741282000">
        <ele>210.0</ele>
      </trkpt>
      <trkpt lat="49.811935000" lon="7.741255000">
        <ele>210.6</ele>
      </trkpt>
      <trkpt lat="49.811917000" lon="7.741250000">
        <ele>210.8</ele>
      </trkpt>
      <trkpt lat="49.811900000" lon="7.741227000">
        <ele>210.8</ele>
      </trkpt>
      <trkpt lat="49.811880000" lon="7.741200000">
        <ele>211.0</ele>
      </trkpt>
      <trkpt lat="49.811865000" lon="7.741180000">
        <ele>211.0</ele>
      </trkpt>
      <trkpt lat="49.811852000" lon="7.741157000">
        <ele>211.0</ele>
      </trkpt>
      <trkpt lat="49.811837000" lon="7.741132000">
        <ele>210.8</ele>
      </trkpt>
      <trkpt lat="49.811817000" lon="7.741108000">
        <ele>210.8</ele>
      </trkpt>
      <trkpt lat="49.811795000" lon="7.741095000">
        <ele>210.8</ele>
      </trkpt>
      <trkpt lat="49.811782000" lon="7.741072000">
        <ele>210.8</ele>
      </trkpt>
      <trkpt lat="49.811765000" lon="7.741047000">
        <ele>210.8</ele>
      </trkpt>
      <trkpt lat="49.811753000" lon="7.741022000">
        <ele>210.8</ele>
      </trkpt>
      <trkpt lat="49.811740000" lon="7.740998000">
        <ele>210.8</ele>
      </trkpt>
      <trkpt lat="49.811733000" lon="7.740970000">
        <ele>210.8</ele>
      </trkpt>
      <trkpt lat="49.811708000" lon="7.740957000">
        <ele>210.8</ele>
      </trkpt>
      <trkpt lat="49.811692000" lon="7.740938000">
        <ele>210.8</ele>
      </trkpt>
      <trkpt lat="49.811667000" lon="7.740920000">
        <ele>211.0</ele>
      </trkpt>
      <trkpt lat="49.811647000" lon="7.740910000">
        <ele>211.2</ele>
      </trkpt>
      <trkpt lat="49.811625000" lon="7.740910000">
        <ele>211.4</ele>
      </trkpt>
      <trkpt lat="49.811602000" lon="7.740902000">
        <ele>211.6</ele>
      </trkpt>
      <trkpt lat="49.811587000" lon="7.740890000">
        <ele>211.8</ele>
      </trkpt>
      <trkpt lat="49.811563000" lon="7.740880000">
        <ele>211.8</ele>
      </trkpt>
      <trkpt lat="49.811545000" lon="7.740870000">
        <ele>211.8</ele>
      </trkpt>
      <trkpt lat="49.811522000" lon="7.740860000">
        <ele>212.0</ele>
      </trkpt>
      <trkpt lat="49.811503000" lon="7.740855000">
        <ele>212.0</ele>
      </trkpt>
      <trkpt lat="49.811480000" lon="7.740845000">
        <ele>212.2</ele>
      </trkpt>
      <trkpt lat="49.811465000" lon="7.740828000">
        <ele>212.4</ele>
      </trkpt>
      <trkpt lat="49.811442000" lon="7.740835000">
        <ele>212.6</ele>
      </trkpt>
      <trkpt lat="49.811423000" lon="7.740832000">
        <ele>212.8</ele>
      </trkpt>
      <trkpt lat="49.811403000" lon="7.740828000">
        <ele>213.0</ele>
      </trkpt>
      <trkpt lat="49.811400000" lon="7.740860000">
        <ele>214.2</ele>
      </trkpt>
      <trkpt lat="49.811382000" lon="7.740848000">
        <ele>213.8</ele>
      </trkpt>
      <trkpt lat="49.811357000" lon="7.740837000">
        <ele>213.8</ele>
      </trkpt>
      <trkpt lat="49.811327000" lon="7.740835000">
        <ele>213.8</ele>
      </trkpt>
      <trkpt lat="49.811298000" lon="7.740842000">
        <ele>213.8</ele>
      </trkpt>
      <trkpt lat="49.811267000" lon="7.740840000">
        <ele>213.8</ele>
      </trkpt>
      <trkpt lat="49.811240000" lon="7.740840000">
        <ele>214.0</ele>
      </trkpt>
      <trkpt lat="49.811218000" lon="7.740823000">
        <ele>214.0</ele>
      </trkpt>
      <trkpt lat="49.811200000" lon="7.740812000">
        <ele>214.2</ele>
      </trkpt>
      <trkpt lat="49.811180000" lon="7.740788000">
        <ele>214.4</ele>
      </trkpt>
      <trkpt lat="49.811160000" lon="7.740768000">
        <ele>214.6</ele>
      </trkpt>
      <trkpt lat="49.811138000" lon="7.740758000">
        <ele>214.8</ele>
      </trkpt>
      <trkpt lat="49.811120000" lon="7.740742000">
        <ele>214.8</ele>
      </trkpt>
      <trkpt lat="49.811100000" lon="7.740728000">
        <ele>215.0</ele>
      </trkpt>
      <trkpt lat="49.811072000" lon="7.740718000">
        <ele>215.2</ele>
      </trkpt>
      <trkpt lat="49.811052000" lon="7.740710000">
        <ele>215.4</ele>
      </trkpt>
      <trkpt lat="49.811033000" lon="7.740707000">
        <ele>215.6</ele>
      </trkpt>
      <trkpt lat="49.811010000" lon="7.740690000">
        <ele>216.4</ele>
      </trkpt>
      <trkpt lat="49.810998000" lon="7.740667000">
        <ele>216.6</ele>
      </trkpt>
      <trkpt lat="49.810982000" lon="7.740640000">
        <ele>217.0</ele>
      </trkpt>
      <trkpt lat="49.810965000" lon="7.740620000">
        <ele>217.2</ele>
      </trkpt>
      <trkpt lat="49.810950000" lon="7.740597000">
        <ele>217.2</ele>
      </trkpt>
      <trkpt lat="49.810927000" lon="7.740578000">
        <ele>217.4</ele>
      </trkpt>
      <trkpt lat="49.810912000" lon="7.740555000">
        <ele>217.6</ele>
      </trkpt>
      <trkpt lat="49.810902000" lon="7.740530000">
        <ele>217.6</ele>
      </trkpt>
      <trkpt lat="49.810885000" lon="7.740502000">
        <ele>217.8</ele>
      </trkpt>
      <trkpt lat="49.810873000" lon="7.740480000">
        <ele>218.0</ele>
      </trkpt>
      <trkpt lat="49.810850000" lon="7.740448000">
        <ele>218.2</ele>
      </trkpt>
      <trkpt lat="49.810832000" lon="7.740428000">
        <ele>218.2</ele>
      </trkpt>
      <trkpt lat="49.810808000" lon="7.740412000">
        <ele>218.4</ele>
      </trkpt>
      <trkpt lat="49.810790000" lon="7.740387000">
        <ele>218.6</ele>
      </trkpt>
      <trkpt lat="49.810773000" lon="7.740357000">
        <ele>218.6</ele>
      </trkpt>
      <trkpt lat="49.810755000" lon="7.740327000">
        <ele>218.6</ele>
      </trkpt>
      <trkpt lat="49.810742000" lon="7.740297000">
        <ele>218.8</ele>
      </trkpt>
      <trkpt lat="49.810728000" lon="7.740263000">
        <ele>219.0</ele>
      </trkpt>
      <trkpt lat="49.810722000" lon="7.740237000">
        <ele>219.2</ele>
      </trkpt>
      <trkpt lat="49.810703000" lon="7.740210000">
        <ele>219.2</ele>
      </trkpt>
      <trkpt lat="49.810690000" lon="7.740183000">
        <ele>219.4</ele>
      </trkpt>
      <trkpt lat="49.810675000" lon="7.740163000">
        <ele>219.6</ele>
      </trkpt>
      <trkpt lat="49.810655000" lon="7.740153000">
        <ele>222.0</ele>
      </trkpt>
      <trkpt lat="49.810640000" lon="7.740125000">
        <ele>222.2</ele>
      </trkpt>
      <trkpt lat="49.810620000" lon="7.740118000">
        <ele>222.4</ele>
      </trkpt>
      <trkpt lat="49.810600000" lon="7.740115000">
        <ele>222.6</ele>
      </trkpt>
      <trkpt lat="49.810585000" lon="7.740097000">
        <ele>222.8</ele>
      </trkpt>
      <trkpt lat="49.810575000" lon="7.740072000">
        <ele>225.0</ele>
      </trkpt>
      <trkpt lat="49.810562000" lon="7.740032000">
        <ele>225.0</ele>
      </trkpt>
      <trkpt lat="49.810543000" lon="7.739992000">
        <ele>225.2</ele>
      </trkpt>
      <trkpt lat="49.810530000" lon="7.739972000">
        <ele>225.2</ele>
      </trkpt>
      <trkpt lat="49.810520000" lon="7.739935000">
        <ele>225.4</ele>
      </trkpt>
      <trkpt lat="49.810508000" lon="7.739900000">
        <ele>225.4</ele>
      </trkpt>
      <trkpt lat="49.810495000" lon="7.739858000">
        <ele>225.4</ele>
      </trkpt>
      <trkpt lat="49.810482000" lon="7.739813000">
        <ele>225.6</ele>
      </trkpt>
      <trkpt lat="49.810477000" lon="7.739773000">
        <ele>225.8</ele>
      </trkpt>
      <trkpt lat="49.810477000" lon="7.739728000">
        <ele>226.0</ele>
      </trkpt>
      <trkpt lat="49.810477000" lon="7.739692000">
        <ele>226.2</ele>
      </trkpt>
      <trkpt lat="49.810473000" lon="7.739652000">
        <ele>226.4</ele>
      </trkpt>
      <trkpt lat="49.810477000" lon="7.739612000">
        <ele>226.6</ele>
      </trkpt>
      <trkpt lat="49.810485000" lon="7.739570000">
        <ele>226.8</ele>
      </trkpt>
      <trkpt lat="49.810488000" lon="7.739530000">
        <ele>227.0</ele>
      </trkpt>
      <trkpt lat="49.810492000" lon="7.739485000">
        <ele>227.4</ele>
      </trkpt>
      <trkpt lat="49.810502000" lon="7.739438000">
        <ele>227.6</ele>
      </trkpt>
      <trkpt lat="49.810505000" lon="7.739397000">
        <ele>228.0</ele>
      </trkpt>
      <trkpt lat="49.810502000" lon="7.739355000">
        <ele>228.2</ele>
      </trkpt>
      <trkpt lat="49.810502000" lon="7.739317000">
        <ele>228.4</ele>
      </trkpt>
      <trkpt lat="49.810488000" lon="7.739290000">
        <ele>228.6</ele>
      </trkpt>
      <trkpt lat="49.810473000" lon="7.739267000">
        <ele>228.8</ele>
      </trkpt>
      <trkpt lat="49.810463000" lon="7.739220000">
        <ele>230.2</ele>
      </trkpt>
      <trkpt lat="49.810457000" lon="7.739177000">
        <ele>230.2</ele>
      </trkpt>
      <trkpt lat="49.810450000" lon="7.739122000">
        <ele>230.4</ele>
      </trkpt>
      <trkpt lat="49.810440000" lon="7.739082000">
        <ele>230.4</ele>
      </trkpt>
      <trkpt lat="49.810425000" lon="7.739042000">
        <ele>230.6</ele>
      </trkpt>
      <trkpt lat="49.810415000" lon="7.739017000">
        <ele>230.8</ele>
      </trkpt>
      <trkpt lat="49.810425000" lon="7.738988000">
        <ele>232.4</ele>
      </trkpt>
      <trkpt lat="49.810432000" lon="7.738955000">
        <ele>232.4</ele>
      </trkpt>
      <trkpt lat="49.810440000" lon="7.738907000">
        <ele>232.4</ele>
      </trkpt>
      <trkpt lat="49.810440000" lon="7.738860000">
        <ele>232.6</ele>
      </trkpt>
      <trkpt lat="49.810435000" lon="7.738810000">
        <ele>232.6</ele>
      </trkpt>
      <trkpt lat="49.810432000" lon="7.738762000">
        <ele>232.4</ele>
      </trkpt>
      <trkpt lat="49.810425000" lon="7.738735000">
        <ele>232.4</ele>
      </trkpt>
      <trkpt lat="49.810412000" lon="7.738715000">
        <ele>232.6</ele>
      </trkpt>
      <trkpt lat="49.810412000" lon="7.738685000">
        <ele>232.6</ele>
      </trkpt>
      <trkpt lat="49.810412000" lon="7.738643000">
        <ele>232.8</ele>
      </trkpt>
      <trkpt lat="49.810412000" lon="7.738612000">
        <ele>233.0</ele>
      </trkpt>
      <trkpt lat="49.810422000" lon="7.738583000">
        <ele>233.4</ele>
      </trkpt>
      <trkpt lat="49.810412000" lon="7.738560000">
        <ele>233.6</ele>
      </trkpt>
      <trkpt lat="49.810402000" lon="7.738535000">
        <ele>234.0</ele>
      </trkpt>
      <trkpt lat="49.810387000" lon="7.738513000">
        <ele>234.2</ele>
      </trkpt>
      <trkpt lat="49.810370000" lon="7.738500000">
        <ele>234.2</ele>
      </trkpt>
      <trkpt lat="49.810377000" lon="7.738460000">
        <ele>234.4</ele>
      </trkpt>
      <trkpt lat="49.810367000" lon="7.738425000">
        <ele>237.8</ele>
      </trkpt>
      <trkpt lat="49.810345000" lon="7.738400000">
        <ele>238.0</ele>
      </trkpt>
      <trkpt lat="49.810325000" lon="7.738363000">
        <ele>238.0</ele>
      </trkpt>
      <trkpt lat="49.810310000" lon="7.738340000">
        <ele>238.2</ele>
      </trkpt>
      <trkpt lat="49.810297000" lon="7.738318000">
        <ele>238.2</ele>
      </trkpt>
      <trkpt lat="49.810307000" lon="7.738282000">
        <ele>238.4</ele>
      </trkpt>
      <trkpt lat="49.810313000" lon="7.738257000">
        <ele>238.4</ele>
      </trkpt>
      <trkpt lat="49.810317000" lon="7.738227000">
        <ele>238.6</ele>
      </trkpt>
      <trkpt lat="49.810325000" lon="7.738192000">
        <ele>238.6</ele>
      </trkpt>
      <trkpt lat="49.810322000" lon="7.738160000">
        <ele>238.6</ele>
      </trkpt>
      <trkpt lat="49.810322000" lon="7.738118000">
        <ele>238.8</ele>
      </trkpt>
      <trkpt lat="49.810325000" lon="7.738080000">
        <ele>239.2</ele>
      </trkpt>
      <trkpt lat="49.810322000" lon="7.738050000">
        <ele>239.2</ele>
      </trkpt>
      <trkpt lat="49.810322000" lon="7.738017000">
        <ele>239.4</ele>
      </trkpt>
      <trkpt lat="49.810322000" lon="7.737983000">
        <ele>239.4</ele>
      </trkpt>
      <trkpt lat="49.810322000" lon="7.737943000">
        <ele>239.8</ele>
      </trkpt>
      <trkpt lat="49.810307000" lon="7.737877000">
        <ele>241.8</ele>
      </trkpt>
      <trkpt lat="49.810307000" lon="7.737820000">
        <ele>241.8</ele>
      </trkpt>
      <trkpt lat="49.810310000" lon="7.737793000">
        <ele>241.8</ele>
      </trkpt>
      <trkpt lat="49.810310000" lon="7.737758000">
        <ele>242.0</ele>
      </trkpt>
      <trkpt lat="49.810310000" lon="7.737730000">
        <ele>242.0</ele>
      </trkpt>
      <trkpt lat="49.810313000" lon="7.737700000">
        <ele>242.0</ele>
      </trkpt>
      <trkpt lat="49.810313000" lon="7.737652000">
        <ele>242.0</ele>
      </trkpt>
      <trkpt lat="49.810313000" lon="7.737608000">
        <ele>242.0</ele>
      </trkpt>
      <trkpt lat="49.810317000" lon="7.737565000">
        <ele>241.8</ele>
      </trkpt>
      <trkpt lat="49.810317000" lon="7.737532000">
        <ele>242.0</ele>
      </trkpt>
      <trkpt lat="49.810322000" lon="7.737498000">
        <ele>242.2</ele>
      </trkpt>
      <trkpt lat="49.810317000" lon="7.737458000">
        <ele>242.4</ele>
      </trkpt>
      <trkpt lat="49.810313000" lon="7.737425000">
        <ele>242.8</ele>
      </trkpt>
      <trkpt lat="49.810317000" lon="7.737383000">
        <ele>243.2</ele>
      </trkpt>
      <trkpt lat="49.810317000" lon="7.737355000">
        <ele>243.6</ele>
      </trkpt>
      <trkpt lat="49.810303000" lon="7.737320000">
        <ele>244.2</ele>
      </trkpt>
      <trkpt lat="49.810293000" lon="7.737295000">
        <ele>244.8</ele>
      </trkpt>
      <trkpt lat="49.810303000" lon="7.737268000">
        <ele>244.8</ele>
      </trkpt>
      <trkpt lat="49.810307000" lon="7.737240000">
        <ele>244.8</ele>
      </trkpt>
      <trkpt lat="49.810307000" lon="7.737200000">
        <ele>245.2</ele>
      </trkpt>
      <trkpt lat="49.810307000" lon="7.737170000">
        <ele>245.4</ele>
      </trkpt>
      <trkpt lat="49.810307000" lon="7.737140000">
        <ele>245.6</ele>
      </trkpt>
      <trkpt lat="49.810307000" lon="7.737103000">
        <ele>245.6</ele>
      </trkpt>
      <trkpt lat="49.810307000" lon="7.737075000">
        <ele>246.2</ele>
      </trkpt>
      <trkpt lat="49.810325000" lon="7.737055000">
        <ele>247.4</ele>
      </trkpt>
      <trkpt lat="49.810325000" lon="7.737022000">
        <ele>247.4</ele>
      </trkpt>
      <trkpt lat="49.810328000" lon="7.736988000">
        <ele>247.4</ele>
      </trkpt>
      <trkpt lat="49.810328000" lon="7.736960000">
        <ele>247.6</ele>
      </trkpt>
      <trkpt lat="49.810332000" lon="7.736932000">
        <ele>247.8</ele>
      </trkpt>
      <trkpt lat="49.810332000" lon="7.736900000">
        <ele>247.8</ele>
      </trkpt>
      <trkpt lat="49.810335000" lon="7.736860000">
        <ele>248.0</ele>
      </trkpt>
      <trkpt lat="49.810342000" lon="7.736828000">
        <ele>248.0</ele>
      </trkpt>
      <trkpt lat="49.810332000" lon="7.736800000">
        <ele>248.2</ele>
      </trkpt>
      <trkpt lat="49.810335000" lon="7.736770000">
        <ele>248.4</ele>
      </trkpt>
      <trkpt lat="49.810332000" lon="7.736737000">
        <ele>248.8</ele>
      </trkpt>
      <trkpt lat="49.810332000" lon="7.736703000">
        <ele>249.2</ele>
      </trkpt>
      <trkpt lat="49.810332000" lon="7.736673000">
        <ele>249.4</ele>
      </trkpt>
      <trkpt lat="49.810332000" lon="7.736643000">
        <ele>249.8</ele>
      </trkpt>
      <trkpt lat="49.810328000" lon="7.736613000">
        <ele>251.0</ele>
      </trkpt>
      <trkpt lat="49.810325000" lon="7.736573000">
        <ele>251.4</ele>
      </trkpt>
      <trkpt lat="49.810325000" lon="7.736540000">
        <ele>251.6</ele>
      </trkpt>
      <trkpt lat="49.810328000" lon="7.736507000">
        <ele>251.8</ele>
      </trkpt>
      <trkpt lat="49.810328000" lon="7.736472000">
        <ele>252.0</ele>
      </trkpt>
      <trkpt lat="49.810332000" lon="7.736433000">
        <ele>252.0</ele>
      </trkpt>
      <trkpt lat="49.810332000" lon="7.736398000">
        <ele>252.2</ele>
      </trkpt>
      <trkpt lat="49.810332000" lon="7.736357000">
        <ele>252.6</ele>
      </trkpt>
      <trkpt lat="49.810332000" lon="7.736320000">
        <ele>252.8</ele>
      </trkpt>
      <trkpt lat="49.810332000" lon="7.736280000">
        <ele>253.0</ele>
      </trkpt>
      <trkpt lat="49.810332000" lon="7.736238000">
        <ele>253.2</ele>
      </trkpt>
      <trkpt lat="49.810332000" lon="7.736203000">
        <ele>253.4</ele>
      </trkpt>
      <trkpt lat="49.810328000" lon="7.736175000">
        <ele>253.8</ele>
      </trkpt>
      <trkpt lat="49.810317000" lon="7.736142000">
        <ele>253.8</ele>
      </trkpt>
      <trkpt lat="49.810317000" lon="7.736112000">
        <ele>254.0</ele>
      </trkpt>
      <trkpt lat="49.810328000" lon="7.736092000">
        <ele>254.0</ele>
      </trkpt>
      <trkpt lat="49.810332000" lon="7.736060000">
        <ele>254.0</ele>
      </trkpt>
      <trkpt lat="49.810335000" lon="7.736030000">
        <ele>254.2</ele>
      </trkpt>
      <trkpt lat="49.810335000" lon="7.735990000">
        <ele>254.6</ele>
      </trkpt>
      <trkpt lat="49.810335000" lon="7.735948000">
        <ele>254.8</ele>
      </trkpt>
      <trkpt lat="49.810332000" lon="7.735918000">
        <ele>255.0</ele>
      </trkpt>
      <trkpt lat="49.810322000" lon="7.735882000">
        <ele>255.4</ele>
      </trkpt>
      <trkpt lat="49.810307000" lon="7.735862000">
        <ele>255.8</ele>
      </trkpt>
      <trkpt lat="49.810290000" lon="7.735837000">
        <ele>256.2</ele>
      </trkpt>
      <trkpt lat="49.810275000" lon="7.735817000">
        <ele>256.4</ele>
      </trkpt>
      <trkpt lat="49.810258000" lon="7.735790000">
        <ele>256.8</ele>
      </trkpt>
      <trkpt lat="49.810242000" lon="7.735772000">
        <ele>257.0</ele>
      </trkpt>
      <trkpt lat="49.810227000" lon="7.735757000">
        <ele>257.2</ele>
      </trkpt>
      <trkpt lat="49.810203000" lon="7.735740000">
        <ele>257.4</ele>
      </trkpt>
      <trkpt lat="49.810188000" lon="7.735715000">
        <ele>257.6</ele>
      </trkpt>
      <trkpt lat="49.810172000" lon="7.735690000">
        <ele>257.8</ele>
      </trkpt>
      <trkpt lat="49.810153000" lon="7.735670000">
        <ele>258.2</ele>
      </trkpt>
      <trkpt lat="49.810133000" lon="7.735643000">
        <ele>258.6</ele>
      </trkpt>
      <trkpt lat="49.810123000" lon="7.735618000">
        <ele>259.0</ele>
      </trkpt>
      <trkpt lat="49.810105000" lon="7.735597000">
        <ele>259.4</ele>
      </trkpt>
      <trkpt lat="49.810085000" lon="7.735575000">
        <ele>259.8</ele>
      </trkpt>
      <trkpt lat="49.810070000" lon="7.735555000">
        <ele>260.0</ele>
      </trkpt>
      <trkpt lat="49.810047000" lon="7.735528000">
        <ele>260.6</ele>
      </trkpt>
      <trkpt lat="49.810028000" lon="7.735528000">
        <ele>260.8</ele>
      </trkpt>
      <trkpt lat="49.810025000" lon="7.735498000">
        <ele>261.6</ele>
      </trkpt>
      <trkpt lat="49.810008000" lon="7.735478000">
        <ele>261.6</ele>
      </trkpt>
      <trkpt lat="49.809997000" lon="7.735447000">
        <ele>261.8</ele>
      </trkpt>
      <trkpt lat="49.809977000" lon="7.735428000">
        <ele>262.0</ele>
      </trkpt>
      <trkpt lat="49.809963000" lon="7.735408000">
        <ele>262.2</ele>
      </trkpt>
      <trkpt lat="49.809945000" lon="7.735393000">
        <ele>262.4</ele>
      </trkpt>
      <trkpt lat="49.809925000" lon="7.735375000">
        <ele>262.8</ele>
      </trkpt>
      <trkpt lat="49.809900000" lon="7.735357000">
        <ele>263.2</ele>
      </trkpt>
      <trkpt lat="49.809880000" lon="7.735335000">
        <ele>263.4</ele>
      </trkpt>
      <trkpt lat="49.809858000" lon="7.735310000">
        <ele>263.6</ele>
      </trkpt>
      <trkpt lat="49.809840000" lon="7.735280000">
        <ele>263.6</ele>
      </trkpt>
      <trkpt lat="49.809827000" lon="7.735255000">
        <ele>263.6</ele>
      </trkpt>
      <trkpt lat="49.809810000" lon="7.735225000">
        <ele>263.6</ele>
      </trkpt>
      <trkpt lat="49.809798000" lon="7.735195000">
        <ele>263.6</ele>
      </trkpt>
      <trkpt lat="49.809788000" lon="7.735165000">
        <ele>263.8</ele>
      </trkpt>
      <trkpt lat="49.809765000" lon="7.735143000">
        <ele>263.8</ele>
      </trkpt>
      <trkpt lat="49.809750000" lon="7.735122000">
        <ele>263.8</ele>
      </trkpt>
      <trkpt lat="49.809733000" lon="7.735100000">
        <ele>264.0</ele>
      </trkpt>
      <trkpt lat="49.809718000" lon="7.735080000">
        <ele>264.4</ele>
      </trkpt>
      <trkpt lat="49.809695000" lon="7.735052000">
        <ele>264.8</ele>
      </trkpt>
      <trkpt lat="49.809680000" lon="7.735035000">
        <ele>265.0</ele>
      </trkpt>
      <trkpt lat="49.809660000" lon="7.735010000">
        <ele>265.0</ele>
      </trkpt>
      <trkpt lat="49.809635000" lon="7.734987000">
        <ele>264.8</ele>
      </trkpt>
      <trkpt lat="49.809615000" lon="7.734962000">
        <ele>265.0</ele>
      </trkpt>
      <trkpt lat="49.809602000" lon="7.734940000">
        <ele>265.2</ele>
      </trkpt>
      <trkpt lat="49.809580000" lon="7.734918000">
        <ele>265.4</ele>
      </trkpt>
      <trkpt lat="49.809567000" lon="7.734885000">
        <ele>265.6</ele>
      </trkpt>
      <trkpt lat="49.809548000" lon="7.734858000">
        <ele>266.0</ele>
      </trkpt>
      <trkpt lat="49.809522000" lon="7.734840000">
        <ele>266.4</ele>
      </trkpt>
      <trkpt lat="49.809500000" lon="7.734812000">
        <ele>266.6</ele>
      </trkpt>
      <trkpt lat="49.809478000" lon="7.734780000">
        <ele>267.0</ele>
      </trkpt>
      <trkpt lat="49.809458000" lon="7.734752000">
        <ele>267.4</ele>
      </trkpt>
      <trkpt lat="49.809448000" lon="7.734722000">
        <ele>267.8</ele>
      </trkpt>
      <trkpt lat="49.809437000" lon="7.734698000">
        <ele>268.0</ele>
      </trkpt>
      <trkpt lat="49.809417000" lon="7.734675000">
        <ele>268.0</ele>
      </trkpt>
      <trkpt lat="49.809398000" lon="7.734653000">
        <ele>268.0</ele>
      </trkpt>
      <trkpt lat="49.809382000" lon="7.734630000">
        <ele>268.0</ele>
      </trkpt>
      <trkpt lat="49.809362000" lon="7.734610000">
        <ele>268.2</ele>
      </trkpt>
      <trkpt lat="49.809343000" lon="7.734580000">
        <ele>268.4</ele>
      </trkpt>
      <trkpt lat="49.809330000" lon="7.734557000">
        <ele>268.4</ele>
      </trkpt>
      <trkpt lat="49.809315000" lon="7.734535000">
        <ele>268.4</ele>
      </trkpt>
      <trkpt lat="49.809298000" lon="7.734512000">
        <ele>268.6</ele>
      </trkpt>
      <trkpt lat="49.809282000" lon="7.734488000">
        <ele>268.6</ele>
      </trkpt>
      <trkpt lat="49.809263000" lon="7.734475000">
        <ele>268.8</ele>
      </trkpt>
      <trkpt lat="49.809238000" lon="7.734457000">
        <ele>269.2</ele>
      </trkpt>
      <trkpt lat="49.809222000" lon="7.734438000">
        <ele>269.4</ele>
      </trkpt>
      <trkpt lat="49.809200000" lon="7.734422000">
        <ele>269.6</ele>
      </trkpt>
      <trkpt lat="49.809183000" lon="7.734403000">
        <ele>270.6</ele>
      </trkpt>
      <trkpt lat="49.809180000" lon="7.734372000">
        <ele>270.8</ele>
      </trkpt>
      <trkpt lat="49.809170000" lon="7.734338000">
        <ele>270.8</ele>
      </trkpt>
      <trkpt lat="49.809152000" lon="7.734310000">
        <ele>270.8</ele>
      </trkpt>
      <trkpt lat="49.809132000" lon="7.734277000">
        <ele>271.0</ele>
      </trkpt>
      <trkpt lat="49.809113000" lon="7.734250000">
        <ele>271.2</ele>
      </trkpt>
      <trkpt lat="49.809093000" lon="7.734235000">
        <ele>271.4</ele>
      </trkpt>
      <trkpt lat="49.809075000" lon="7.734213000">
        <ele>271.6</ele>
      </trkpt>
      <trkpt lat="49.809058000" lon="7.734185000">
        <ele>271.8</ele>
      </trkpt>
      <trkpt lat="49.809042000" lon="7.734158000">
        <ele>272.0</ele>
      </trkpt>
      <trkpt lat="49.809027000" lon="7.734137000">
        <ele>272.2</ele>
      </trkpt>
      <trkpt lat="49.809003000" lon="7.734117000">
        <ele>272.6</ele>
      </trkpt>
      <trkpt lat="49.808995000" lon="7.734088000">
        <ele>272.6</ele>
      </trkpt>
      <trkpt lat="49.808995000" lon="7.734052000">
        <ele>272.8</ele>
      </trkpt>
      <trkpt lat="49.809000000" lon="7.734018000">
        <ele>273.0</ele>
      </trkpt>
      <trkpt lat="49.808998000" lon="7.733987000">
        <ele>273.6</ele>
      </trkpt>
      <trkpt lat="49.808962000" lon="7.733967000">
        <ele>275.6</ele>
      </trkpt>
      <trkpt lat="49.808943000" lon="7.733950000">
        <ele>275.8</ele>
      </trkpt>
      <trkpt lat="49.808920000" lon="7.733937000">
        <ele>275.8</ele>
      </trkpt>
      <trkpt lat="49.808895000" lon="7.733917000">
        <ele>275.8</ele>
      </trkpt>
      <trkpt lat="49.808867000" lon="7.733890000">
        <ele>276.0</ele>
      </trkpt>
      <trkpt lat="49.808843000" lon="7.733858000">
        <ele>276.2</ele>
      </trkpt>
      <trkpt lat="49.808825000" lon="7.733835000">
        <ele>276.8</ele>
      </trkpt>
      <trkpt lat="49.808798000" lon="7.733808000">
        <ele>277.0</ele>
      </trkpt>
      <trkpt lat="49.808777000" lon="7.733778000">
        <ele>277.0</ele>
      </trkpt>
      <trkpt lat="49.808748000" lon="7.733752000">
        <ele>277.2</ele>
      </trkpt>
      <trkpt lat="49.808728000" lon="7.733728000">
        <ele>277.4</ele>
      </trkpt>
      <trkpt lat="49.808707000" lon="7.733707000">
        <ele>277.4</ele>
      </trkpt>
      <trkpt lat="49.808687000" lon="7.733685000">
        <ele>277.6</ele>
      </trkpt>
      <trkpt lat="49.808665000" lon="7.733667000">
        <ele>277.8</ele>
      </trkpt>
      <trkpt lat="49.808648000" lon="7.733643000">
        <ele>277.8</ele>
      </trkpt>
      <trkpt lat="49.808623000" lon="7.733620000">
        <ele>278.0</ele>
      </trkpt>
      <trkpt lat="49.808598000" lon="7.733607000">
        <ele>278.0</ele>
      </trkpt>
      <trkpt lat="49.808575000" lon="7.733582000">
        <ele>278.2</ele>
      </trkpt>
      <trkpt lat="49.808562000" lon="7.733562000">
        <ele>278.4</ele>
      </trkpt>
      <trkpt lat="49.808550000" lon="7.733540000">
        <ele>278.6</ele>
      </trkpt>
      <trkpt lat="49.808527000" lon="7.733502000">
        <ele>278.6</ele>
      </trkpt>
      <trkpt lat="49.808505000" lon="7.733475000">
        <ele>278.6</ele>
      </trkpt>
      <trkpt lat="49.808482000" lon="7.733445000">
        <ele>278.6</ele>
      </trkpt>
      <trkpt lat="49.808467000" lon="7.733412000">
        <ele>278.6</ele>
      </trkpt>
      <trkpt lat="49.808447000" lon="7.733382000">
        <ele>278.6</ele>
      </trkpt>
      <trkpt lat="49.808432000" lon="7.733367000">
        <ele>278.6</ele>
      </trkpt>
      <trkpt lat="49.808415000" lon="7.733340000">
        <ele>278.8</ele>
      </trkpt>
      <trkpt lat="49.808397000" lon="7.733333000">
        <ele>278.6</ele>
      </trkpt>
      <trkpt lat="49.808380000" lon="7.733287000">
        <ele>280.4</ele>
      </trkpt>
      <trkpt lat="49.808363000" lon="7.733242000">
        <ele>280.4</ele>
      </trkpt>
      <trkpt lat="49.808352000" lon="7.733202000">
        <ele>280.4</ele>
      </trkpt>
      <trkpt lat="49.808338000" lon="7.733173000">
        <ele>280.4</ele>
      </trkpt>
      <trkpt lat="49.808320000" lon="7.733138000">
        <ele>281.2</ele>
      </trkpt>
      <trkpt lat="49.808300000" lon="7.733097000">
        <ele>281.4</ele>
      </trkpt>
      <trkpt lat="49.808272000" lon="7.733075000">
        <ele>281.4</ele>
      </trkpt>
      <trkpt lat="49.808248000" lon="7.733048000">
        <ele>281.6</ele>
      </trkpt>
      <trkpt lat="49.808233000" lon="7.733018000">
        <ele>281.6</ele>
      </trkpt>
      <trkpt lat="49.808217000" lon="7.733000000">
        <ele>281.8</ele>
      </trkpt>
      <trkpt lat="49.808203000" lon="7.732972000">
        <ele>282.0</ele>
      </trkpt>
      <trkpt lat="49.808192000" lon="7.732947000">
        <ele>282.0</ele>
      </trkpt>
      <trkpt lat="49.808178000" lon="7.732920000">
        <ele>282.0</ele>
      </trkpt>
      <trkpt lat="49.808160000" lon="7.732897000">
        <ele>282.0</ele>
      </trkpt>
      <trkpt lat="49.808133000" lon="7.732870000">
        <ele>282.0</ele>
      </trkpt>
      <trkpt lat="49.808118000" lon="7.732845000">
        <ele>282.0</ele>
      </trkpt>
      <trkpt lat="49.808102000" lon="7.732823000">
        <ele>282.0</ele>
      </trkpt>
      <trkpt lat="49.808085000" lon="7.732797000">
        <ele>281.8</ele>
      </trkpt>
      <trkpt lat="49.808067000" lon="7.732765000">
        <ele>281.6</ele>
      </trkpt>
      <trkpt lat="49.808047000" lon="7.732748000">
        <ele>281.6</ele>
      </trkpt>
      <trkpt lat="49.808032000" lon="7.732728000">
        <ele>281.6</ele>
      </trkpt>
      <trkpt lat="49.808012000" lon="7.732717000">
        <ele>281.4</ele>
      </trkpt>
      <trkpt lat="49.807993000" lon="7.732692000">
        <ele>281.2</ele>
      </trkpt>
      <trkpt lat="49.807973000" lon="7.732662000">
        <ele>281.0</ele>
      </trkpt>
      <trkpt lat="49.807948000" lon="7.732632000">
        <ele>281.0</ele>
      </trkpt>
      <trkpt lat="49.807928000" lon="7.732607000">
        <ele>280.8</ele>
      </trkpt>
      <trkpt lat="49.807907000" lon="7.732587000">
        <ele>281.0</ele>
      </trkpt>
      <trkpt lat="49.807890000" lon="7.732572000">
        <ele>281.0</ele>
      </trkpt>
      <trkpt lat="49.807872000" lon="7.732542000">
        <ele>281.2</ele>
      </trkpt>
      <trkpt lat="49.807852000" lon="7.732522000">
        <ele>281.2</ele>
      </trkpt>
      <trkpt lat="49.807840000" lon="7.732500000">
        <ele>281.4</ele>
      </trkpt>
      <trkpt lat="49.807823000" lon="7.732477000">
        <ele>281.4</ele>
      </trkpt>
      <trkpt lat="49.807810000" lon="7.732455000">
        <ele>281.4</ele>
      </trkpt>
      <trkpt lat="49.807792000" lon="7.732428000">
        <ele>281.4</ele>
      </trkpt>
      <trkpt lat="49.807768000" lon="7.732408000">
        <ele>281.4</ele>
      </trkpt>
      <trkpt lat="49.807753000" lon="7.732382000">
        <ele>281.6</ele>
      </trkpt>
      <trkpt lat="49.807730000" lon="7.732348000">
        <ele>281.6</ele>
      </trkpt>
      <trkpt lat="49.807715000" lon="7.732323000">
        <ele>281.8</ele>
      </trkpt>
      <trkpt lat="49.807692000" lon="7.732305000">
        <ele>281.8</ele>
      </trkpt>
      <trkpt lat="49.807677000" lon="7.732285000">
        <ele>282.0</ele>
      </trkpt>
      <trkpt lat="49.807667000" lon="7.732260000">
        <ele>282.2</ele>
      </trkpt>
      <trkpt lat="49.807647000" lon="7.732230000">
        <ele>282.4</ele>
      </trkpt>
      <trkpt lat="49.807625000" lon="7.732207000">
        <ele>282.4</ele>
      </trkpt>
      <trkpt lat="49.807608000" lon="7.732185000">
        <ele>282.4</ele>
      </trkpt>
      <trkpt lat="49.807593000" lon="7.732162000">
        <ele>282.4</ele>
      </trkpt>
      <trkpt lat="49.807573000" lon="7.732145000">
        <ele>282.6</ele>
      </trkpt>
      <trkpt lat="49.807555000" lon="7.732123000">
        <ele>282.6</ele>
      </trkpt>
      <trkpt lat="49.807535000" lon="7.732097000">
        <ele>282.6</ele>
      </trkpt>
      <trkpt lat="49.807522000" lon="7.732072000">
        <ele>282.8</ele>
      </trkpt>
      <trkpt lat="49.807507000" lon="7.732048000">
        <ele>283.0</ele>
      </trkpt>
      <trkpt lat="49.807493000" lon="7.732020000">
        <ele>283.0</ele>
      </trkpt>
      <trkpt lat="49.807478000" lon="7.731997000">
        <ele>283.2</ele>
      </trkpt>
      <trkpt lat="49.807465000" lon="7.731968000">
        <ele>283.4</ele>
      </trkpt>
      <trkpt lat="49.807445000" lon="7.731940000">
        <ele>283.6</ele>
      </trkpt>
      <trkpt lat="49.807430000" lon="7.731917000">
        <ele>283.8</ele>
      </trkpt>
      <trkpt lat="49.807413000" lon="7.731893000">
        <ele>283.8</ele>
      </trkpt>
      <trkpt lat="49.807395000" lon="7.731880000">
        <ele>283.8</ele>
      </trkpt>
      <trkpt lat="49.807388000" lon="7.731853000">
        <ele>284.0</ele>
      </trkpt>
      <trkpt lat="49.807372000" lon="7.731822000">
        <ele>284.0</ele>
      </trkpt>
      <trkpt lat="49.807353000" lon="7.731797000">
        <ele>284.2</ele>
      </trkpt>
      <trkpt lat="49.807327000" lon="7.731798000">
        <ele>284.2</ele>
      </trkpt>
      <trkpt lat="49.807308000" lon="7.731797000">
        <ele>284.6</ele>
      </trkpt>
      <trkpt lat="49.807305000" lon="7.731767000">
        <ele>284.6</ele>
      </trkpt>
      <trkpt lat="49.807288000" lon="7.731737000">
        <ele>284.6</ele>
      </trkpt>
      <trkpt lat="49.807280000" lon="7.731712000">
        <ele>284.6</ele>
      </trkpt>
      <trkpt lat="49.807263000" lon="7.731688000">
        <ele>284.8</ele>
      </trkpt>
      <trkpt lat="49.807243000" lon="7.731660000">
        <ele>285.0</ele>
      </trkpt>
      <trkpt lat="49.807228000" lon="7.731640000">
        <ele>285.2</ele>
      </trkpt>
      <trkpt lat="49.807208000" lon="7.731612000">
        <ele>285.6</ele>
      </trkpt>
      <trkpt lat="49.807190000" lon="7.731585000">
        <ele>285.8</ele>
      </trkpt>
      <trkpt lat="49.807177000" lon="7.731560000">
        <ele>285.8</ele>
      </trkpt>
      <trkpt lat="49.807163000" lon="7.731527000">
        <ele>285.8</ele>
      </trkpt>
      <trkpt lat="49.807145000" lon="7.731498000">
        <ele>286.0</ele>
      </trkpt>
      <trkpt lat="49.807125000" lon="7.731470000">
        <ele>286.2</ele>
      </trkpt>
      <trkpt lat="49.807100000" lon="7.731447000">
        <ele>286.4</ele>
      </trkpt>
      <trkpt lat="49.807080000" lon="7.731420000">
        <ele>286.6</ele>
      </trkpt>
      <trkpt lat="49.807058000" lon="7.731398000">
        <ele>286.6</ele>
      </trkpt>
      <trkpt lat="49.807037000" lon="7.731365000">
        <ele>286.6</ele>
      </trkpt>
      <trkpt lat="49.807010000" lon="7.731328000">
        <ele>286.6</ele>
      </trkpt>
      <trkpt lat="49.806995000" lon="7.731313000">
        <ele>286.6</ele>
      </trkpt>
      <trkpt lat="49.806975000" lon="7.731277000">
        <ele>286.6</ele>
      </trkpt>
      <trkpt lat="49.806953000" lon="7.731233000">
        <ele>286.6</ele>
      </trkpt>
      <trkpt lat="49.806927000" lon="7.731200000">
        <ele>286.4</ele>
      </trkpt>
      <trkpt lat="49.806912000" lon="7.731162000">
        <ele>286.4</ele>
      </trkpt>
      <trkpt lat="49.806898000" lon="7.731140000">
        <ele>286.2</ele>
      </trkpt>
      <trkpt lat="49.806882000" lon="7.731120000">
        <ele>286.2</ele>
      </trkpt>
      <trkpt lat="49.806867000" lon="7.731080000">
        <ele>286.2</ele>
      </trkpt>
      <trkpt lat="49.806840000" lon="7.731050000">
        <ele>286.2</ele>
      </trkpt>
      <trkpt lat="49.806818000" lon="7.731020000">
        <ele>286.2</ele>
      </trkpt>
      <trkpt lat="49.806793000" lon="7.730997000">
        <ele>286.4</ele>
      </trkpt>
      <trkpt lat="49.806770000" lon="7.730963000">
        <ele>286.4</ele>
      </trkpt>
      <trkpt lat="49.806755000" lon="7.730940000">
        <ele>286.2</ele>
      </trkpt>
      <trkpt lat="49.806738000" lon="7.730920000">
        <ele>286.4</ele>
      </trkpt>
      <trkpt lat="49.806728000" lon="7.730892000">
        <ele>286.4</ele>
      </trkpt>
      <trkpt lat="49.806722000" lon="7.730863000">
        <ele>286.4</ele>
      </trkpt>
      <trkpt lat="49.806713000" lon="7.730892000">
        <ele>285.4</ele>
      </trkpt>
      <trkpt lat="49.806703000" lon="7.730843000">
        <ele>285.4</ele>
      </trkpt>
      <trkpt lat="49.806700000" lon="7.730817000">
        <ele>285.4</ele>
      </trkpt>
      <trkpt lat="49.806713000" lon="7.730780000">
        <ele>285.4</ele>
      </trkpt>
      <trkpt lat="49.806703000" lon="7.730747000">
        <ele>285.4</ele>
      </trkpt>
      <trkpt lat="49.806675000" lon="7.730730000">
        <ele>285.6</ele>
      </trkpt>
      <trkpt lat="49.806652000" lon="7.730713000">
        <ele>285.6</ele>
      </trkpt>
      <trkpt lat="49.806630000" lon="7.730680000">
        <ele>285.6</ele>
      </trkpt>
      <trkpt lat="49.806603000" lon="7.730652000">
        <ele>285.6</ele>
      </trkpt>
      <trkpt lat="49.806582000" lon="7.730622000">
        <ele>285.4</ele>
      </trkpt>
      <trkpt lat="49.806557000" lon="7.730595000">
        <ele>285.4</ele>
      </trkpt>
      <trkpt lat="49.806533000" lon="7.730565000">
        <ele>285.4</ele>
      </trkpt>
      <trkpt lat="49.806518000" lon="7.730552000">
        <ele>285.4</ele>
      </trkpt>
      <trkpt lat="49.806495000" lon="7.730527000">
        <ele>285.2</ele>
      </trkpt>
      <trkpt lat="49.806477000" lon="7.730502000">
        <ele>285.2</ele>
      </trkpt>
      <trkpt lat="49.806457000" lon="7.730477000">
        <ele>285.0</ele>
      </trkpt>
      <trkpt lat="49.806435000" lon="7.730447000">
        <ele>285.0</ele>
      </trkpt>
      <trkpt lat="49.806415000" lon="7.730410000">
        <ele>284.8</ele>
      </trkpt>
      <trkpt lat="49.806397000" lon="7.730382000">
        <ele>284.6</ele>
      </trkpt>
      <trkpt lat="49.806380000" lon="7.730360000">
        <ele>284.6</ele>
      </trkpt>
      <trkpt lat="49.806360000" lon="7.730325000">
        <ele>284.6</ele>
      </trkpt>
      <trkpt lat="49.806342000" lon="7.730293000">
        <ele>284.4</ele>
      </trkpt>
      <trkpt lat="49.806322000" lon="7.730263000">
        <ele>284.6</ele>
      </trkpt>
      <trkpt lat="49.806317000" lon="7.730228000">
        <ele>284.6</ele>
      </trkpt>
      <trkpt lat="49.806317000" lon="7.730188000">
        <ele>284.6</ele>
      </trkpt>
      <trkpt lat="49.806320000" lon="7.730150000">
        <ele>284.8</ele>
      </trkpt>
      <trkpt lat="49.806322000" lon="7.730110000">
        <ele>284.6</ele>
      </trkpt>
      <trkpt lat="49.806335000" lon="7.730075000">
        <ele>284.8</ele>
      </trkpt>
      <trkpt lat="49.806345000" lon="7.730047000">
        <ele>285.0</ele>
      </trkpt>
      <trkpt lat="49.806360000" lon="7.730022000">
        <ele>285.0</ele>
      </trkpt>
      <trkpt lat="49.806377000" lon="7.729987000">
        <ele>284.8</ele>
      </trkpt>
      <trkpt lat="49.806393000" lon="7.729958000">
        <ele>284.8</ele>
      </trkpt>
      <trkpt lat="49.806402000" lon="7.729923000">
        <ele>285.0</ele>
      </trkpt>
      <trkpt lat="49.806418000" lon="7.729900000">
        <ele>285.0</ele>
      </trkpt>
      <trkpt lat="49.806435000" lon="7.729875000">
        <ele>285.0</ele>
      </trkpt>
      <trkpt lat="49.806443000" lon="7.729845000">
        <ele>285.2</ele>
      </trkpt>
      <trkpt lat="49.806453000" lon="7.729820000">
        <ele>285.2</ele>
      </trkpt>
      <trkpt lat="49.806457000" lon="7.729793000">
        <ele>285.2</ele>
      </trkpt>
      <trkpt lat="49.806470000" lon="7.729760000">
        <ele>285.4</ele>
      </trkpt>
      <trkpt lat="49.806477000" lon="7.729722000">
        <ele>285.6</ele>
      </trkpt>
      <trkpt lat="49.806492000" lon="7.729700000">
        <ele>285.6</ele>
      </trkpt>
      <trkpt lat="49.806505000" lon="7.729667000">
        <ele>285.6</ele>
      </trkpt>
      <trkpt lat="49.806512000" lon="7.729640000">
        <ele>285.6</ele>
      </trkpt>
      <trkpt lat="49.806518000" lon="7.729612000">
        <ele>285.4</ele>
      </trkpt>
      <trkpt lat="49.806520000" lon="7.729568000">
        <ele>285.4</ele>
      </trkpt>
      <trkpt lat="49.806530000" lon="7.729542000">
        <ele>285.4</ele>
      </trkpt>
      <trkpt lat="49.806540000" lon="7.729518000">
        <ele>285.2</ele>
      </trkpt>
      <trkpt lat="49.806550000" lon="7.729482000">
        <ele>285.0</ele>
      </trkpt>
      <trkpt lat="49.806553000" lon="7.729438000">
        <ele>284.8</ele>
      </trkpt>
      <trkpt lat="49.806557000" lon="7.729402000">
        <ele>284.8</ele>
      </trkpt>
      <trkpt lat="49.806562000" lon="7.729377000">
        <ele>284.8</ele>
      </trkpt>
      <trkpt lat="49.806575000" lon="7.729353000">
        <ele>284.6</ele>
      </trkpt>
      <trkpt lat="49.806592000" lon="7.729325000">
        <ele>284.8</ele>
      </trkpt>
      <trkpt lat="49.806610000" lon="7.729298000">
        <ele>284.8</ele>
      </trkpt>
      <trkpt lat="49.806620000" lon="7.729273000">
        <ele>284.6</ele>
      </trkpt>
      <trkpt lat="49.806640000" lon="7.729258000">
        <ele>285.8</ele>
      </trkpt>
      <trkpt lat="49.806655000" lon="7.729243000">
        <ele>285.8</ele>
      </trkpt>
      <trkpt lat="49.806675000" lon="7.729208000">
        <ele>285.8</ele>
      </trkpt>
      <trkpt lat="49.806697000" lon="7.729178000">
        <ele>285.8</ele>
      </trkpt>
      <trkpt lat="49.806717000" lon="7.729145000">
        <ele>285.8</ele>
      </trkpt>
      <trkpt lat="49.806735000" lon="7.729120000">
        <ele>285.8</ele>
      </trkpt>
      <trkpt lat="49.806755000" lon="7.729098000">
        <ele>285.6</ele>
      </trkpt>
      <trkpt lat="49.806770000" lon="7.729060000">
        <ele>285.6</ele>
      </trkpt>
      <trkpt lat="49.806783000" lon="7.729025000">
        <ele>285.6</ele>
      </trkpt>
      <trkpt lat="49.806800000" lon="7.729003000">
        <ele>285.6</ele>
      </trkpt>
      <trkpt lat="49.806815000" lon="7.728983000">
        <ele>285.6</ele>
      </trkpt>
      <trkpt lat="49.806835000" lon="7.728960000">
        <ele>285.6</ele>
      </trkpt>
      <trkpt lat="49.806853000" lon="7.728923000">
        <ele>285.6</ele>
      </trkpt>
      <trkpt lat="49.806873000" lon="7.728900000">
        <ele>285.4</ele>
      </trkpt>
      <trkpt lat="49.806892000" lon="7.728862000">
        <ele>285.4</ele>
      </trkpt>
      <trkpt lat="49.806908000" lon="7.728837000">
        <ele>285.4</ele>
      </trkpt>
      <trkpt lat="49.806927000" lon="7.728815000">
        <ele>285.6</ele>
      </trkpt>
      <trkpt lat="49.806947000" lon="7.728797000">
        <ele>285.6</ele>
      </trkpt>
      <trkpt lat="49.806965000" lon="7.728767000">
        <ele>285.4</ele>
      </trkpt>
      <trkpt lat="49.806978000" lon="7.728740000">
        <ele>285.4</ele>
      </trkpt>
      <trkpt lat="49.806995000" lon="7.728715000">
        <ele>285.6</ele>
      </trkpt>
      <trkpt lat="49.807017000" lon="7.728690000">
        <ele>285.6</ele>
      </trkpt>
      <trkpt lat="49.807040000" lon="7.728687000">
        <ele>285.6</ele>
      </trkpt>
      <trkpt lat="49.807055000" lon="7.728675000">
        <ele>285.6</ele>
      </trkpt>
      <trkpt lat="49.807075000" lon="7.728658000">
        <ele>285.4</ele>
      </trkpt>
      <trkpt lat="49.807090000" lon="7.728637000">
        <ele>285.2</ele>
      </trkpt>
      <trkpt lat="49.807107000" lon="7.728620000">
        <ele>285.2</ele>
      </trkpt>
      <trkpt lat="49.807125000" lon="7.728600000">
        <ele>285.4</ele>
      </trkpt>
      <trkpt lat="49.807152000" lon="7.728587000">
        <ele>285.6</ele>
      </trkpt>
      <trkpt lat="49.807177000" lon="7.728578000">
        <ele>285.6</ele>
      </trkpt>
      <trkpt lat="49.807197000" lon="7.728560000">
        <ele>285.8</ele>
      </trkpt>
      <trkpt lat="49.807218000" lon="7.728543000">
        <ele>286.0</ele>
      </trkpt>
      <trkpt lat="49.807243000" lon="7.728528000">
        <ele>286.2</ele>
      </trkpt>
      <trkpt lat="49.807263000" lon="7.728520000">
        <ele>286.2</ele>
      </trkpt>
      <trkpt lat="49.807295000" lon="7.728512000">
        <ele>286.2</ele>
      </trkpt>
      <trkpt lat="49.807323000" lon="7.728503000">
        <ele>286.2</ele>
      </trkpt>
      <trkpt lat="49.807347000" lon="7.728500000">
        <ele>286.4</ele>
      </trkpt>
      <trkpt lat="49.807375000" lon="7.728500000">
        <ele>286.2</ele>
      </trkpt>
      <trkpt lat="49.807403000" lon="7.728485000">
        <ele>286.4</ele>
      </trkpt>
      <trkpt lat="49.807427000" lon="7.728463000">
        <ele>286.6</ele>
      </trkpt>
      <trkpt lat="49.807452000" lon="7.728455000">
        <ele>286.8</ele>
      </trkpt>
      <trkpt lat="49.807475000" lon="7.728442000">
        <ele>286.8</ele>
      </trkpt>
      <trkpt lat="49.807503000" lon="7.728432000">
        <ele>286.8</ele>
      </trkpt>
      <trkpt lat="49.807528000" lon="7.728423000">
        <ele>287.0</ele>
      </trkpt>
      <trkpt lat="49.807558000" lon="7.728422000">
        <ele>287.2</ele>
      </trkpt>
      <trkpt lat="49.807577000" lon="7.728412000">
        <ele>287.2</ele>
      </trkpt>
      <trkpt lat="49.807602000" lon="7.728407000">
        <ele>287.2</ele>
      </trkpt>
      <trkpt lat="49.807625000" lon="7.728400000">
        <ele>287.2</ele>
      </trkpt>
      <trkpt lat="49.807643000" lon="7.728388000">
        <ele>287.2</ele>
      </trkpt>
      <trkpt lat="49.807663000" lon="7.728373000">
        <ele>287.4</ele>
      </trkpt>
      <trkpt lat="49.807682000" lon="7.728360000">
        <ele>287.4</ele>
      </trkpt>
      <trkpt lat="49.807705000" lon="7.728350000">
        <ele>287.2</ele>
      </trkpt>
      <trkpt lat="49.807743000" lon="7.728350000">
        <ele>287.2</ele>
      </trkpt>
      <trkpt lat="49.807775000" lon="7.728347000">
        <ele>287.4</ele>
      </trkpt>
      <trkpt lat="49.807803000" lon="7.728343000">
        <ele>287.4</ele>
      </trkpt>
      <trkpt lat="49.807823000" lon="7.728337000">
        <ele>287.4</ele>
      </trkpt>
      <trkpt lat="49.807845000" lon="7.728323000">
        <ele>287.4</ele>
      </trkpt>
      <trkpt lat="49.807865000" lon="7.728315000">
        <ele>287.2</ele>
      </trkpt>
      <trkpt lat="49.807887000" lon="7.728303000">
        <ele>287.2</ele>
      </trkpt>
      <trkpt lat="49.807910000" lon="7.728290000">
        <ele>287.0</ele>
      </trkpt>
      <trkpt lat="49.807942000" lon="7.728275000">
        <ele>287.0</ele>
      </trkpt>
      <trkpt lat="49.807967000" lon="7.728270000">
        <ele>287.0</ele>
      </trkpt>
      <trkpt lat="49.807990000" lon="7.728260000">
        <ele>287.0</ele>
      </trkpt>
      <trkpt lat="49.808012000" lon="7.728258000">
        <ele>287.0</ele>
      </trkpt>
      <trkpt lat="49.808038000" lon="7.728250000">
        <ele>287.0</ele>
      </trkpt>
      <trkpt lat="49.808053000" lon="7.728228000">
        <ele>287.2</ele>
      </trkpt>
      <trkpt lat="49.808080000" lon="7.728223000">
        <ele>287.2</ele>
      </trkpt>
      <trkpt lat="49.808102000" lon="7.728213000">
        <ele>287.2</ele>
      </trkpt>
      <trkpt lat="49.808120000" lon="7.728200000">
        <ele>287.4</ele>
      </trkpt>
      <trkpt lat="49.808140000" lon="7.728188000">
        <ele>287.6</ele>
      </trkpt>
      <trkpt lat="49.808165000" lon="7.728180000">
        <ele>287.8</ele>
      </trkpt>
      <trkpt lat="49.808185000" lon="7.728168000">
        <ele>288.0</ele>
      </trkpt>
      <trkpt lat="49.808210000" lon="7.728165000">
        <ele>288.0</ele>
      </trkpt>
      <trkpt lat="49.808240000" lon="7.728153000">
        <ele>288.0</ele>
      </trkpt>
      <trkpt lat="49.808262000" lon="7.728148000">
        <ele>288.2</ele>
      </trkpt>
      <trkpt lat="49.808283000" lon="7.728145000">
        <ele>288.2</ele>
      </trkpt>
      <trkpt lat="49.808303000" lon="7.728140000">
        <ele>288.2</ele>
      </trkpt>
      <trkpt lat="49.808325000" lon="7.728135000">
        <ele>288.0</ele>
      </trkpt>
      <trkpt lat="49.808345000" lon="7.728120000">
        <ele>288.0</ele>
      </trkpt>
      <trkpt lat="49.808370000" lon="7.728117000">
        <ele>288.0</ele>
      </trkpt>
      <trkpt lat="49.808402000" lon="7.728120000">
        <ele>287.8</ele>
      </trkpt>
      <trkpt lat="49.808425000" lon="7.728123000">
        <ele>287.8</ele>
      </trkpt>
      <trkpt lat="49.808443000" lon="7.728125000">
        <ele>287.8</ele>
      </trkpt>
      <trkpt lat="49.808467000" lon="7.728118000">
        <ele>287.6</ele>
      </trkpt>
      <trkpt lat="49.808488000" lon="7.728108000">
        <ele>287.6</ele>
      </trkpt>
      <trkpt lat="49.808515000" lon="7.728112000">
        <ele>287.8</ele>
      </trkpt>
      <trkpt lat="49.808543000" lon="7.728118000">
        <ele>287.8</ele>
      </trkpt>
      <trkpt lat="49.808565000" lon="7.728135000">
        <ele>287.8</ele>
      </trkpt>
      <trkpt lat="49.808588000" lon="7.728140000">
        <ele>287.6</ele>
      </trkpt>
      <trkpt lat="49.808613000" lon="7.728138000">
        <ele>287.4</ele>
      </trkpt>
      <trkpt lat="49.808642000" lon="7.728123000">
        <ele>287.4</ele>
      </trkpt>
      <trkpt lat="49.808665000" lon="7.728123000">
        <ele>287.4</ele>
      </trkpt>
      <trkpt lat="49.808697000" lon="7.728125000">
        <ele>287.6</ele>
      </trkpt>
      <trkpt lat="49.808722000" lon="7.728123000">
        <ele>287.6</ele>
      </trkpt>
      <trkpt lat="49.808742000" lon="7.728122000">
        <ele>287.8</ele>
      </trkpt>
      <trkpt lat="49.808760000" lon="7.728112000">
        <ele>287.8</ele>
      </trkpt>
      <trkpt lat="49.808780000" lon="7.728103000">
        <ele>287.8</ele>
      </trkpt>
      <trkpt lat="49.808802000" lon="7.728100000">
        <ele>288.0</ele>
      </trkpt>
      <trkpt lat="49.808822000" lon="7.728092000">
        <ele>288.2</ele>
      </trkpt>
      <trkpt lat="49.808840000" lon="7.728098000">
        <ele>288.2</ele>
      </trkpt>
      <trkpt lat="49.808867000" lon="7.728098000">
        <ele>288.4</ele>
      </trkpt>
      <trkpt lat="49.808885000" lon="7.728092000">
        <ele>288.4</ele>
      </trkpt>
      <trkpt lat="49.808915000" lon="7.728075000">
        <ele>288.4</ele>
      </trkpt>
      <trkpt lat="49.808933000" lon="7.728065000">
        <ele>288.6</ele>
      </trkpt>
      <trkpt lat="49.808960000" lon="7.728067000">
        <ele>288.4</ele>
      </trkpt>
      <trkpt lat="49.808978000" lon="7.728067000">
        <ele>288.4</ele>
      </trkpt>
      <trkpt lat="49.809000000" lon="7.728063000">
        <ele>288.2</ele>
      </trkpt>
      <trkpt lat="49.809020000" lon="7.728062000">
        <ele>288.2</ele>
      </trkpt>
      <trkpt lat="49.809040000" lon="7.728057000">
        <ele>288.2</ele>
      </trkpt>
      <trkpt lat="49.809062000" lon="7.728043000">
        <ele>288.4</ele>
      </trkpt>
      <trkpt lat="49.809080000" lon="7.728042000">
        <ele>288.4</ele>
      </trkpt>
      <trkpt lat="49.809103000" lon="7.728045000">
        <ele>288.6</ele>
      </trkpt>
      <trkpt lat="49.809122000" lon="7.728045000">
        <ele>288.8</ele>
      </trkpt>
      <trkpt lat="49.809142000" lon="7.728052000">
        <ele>289.0</ele>
      </trkpt>
      <trkpt lat="49.809160000" lon="7.728060000">
        <ele>289.2</ele>
      </trkpt>
      <trkpt lat="49.809183000" lon="7.728042000">
        <ele>289.4</ele>
      </trkpt>
      <trkpt lat="49.809212000" lon="7.728032000">
        <ele>289.4</ele>
      </trkpt>
      <trkpt lat="49.809235000" lon="7.728020000">
        <ele>289.6</ele>
      </trkpt>
      <trkpt lat="49.809257000" lon="7.728022000">
        <ele>289.8</ele>
      </trkpt>
      <trkpt lat="49.809282000" lon="7.728020000">
        <ele>290.2</ele>
      </trkpt>
      <trkpt lat="49.809302000" lon="7.728010000">
        <ele>290.4</ele>
      </trkpt>
      <trkpt lat="49.809330000" lon="7.728007000">
        <ele>290.4</ele>
      </trkpt>
      <trkpt lat="49.809350000" lon="7.728007000">
        <ele>290.2</ele>
      </trkpt>
      <trkpt lat="49.809368000" lon="7.728010000">
        <ele>290.2</ele>
      </trkpt>
      <trkpt lat="49.809388000" lon="7.728010000">
        <ele>290.0</ele>
      </trkpt>
      <trkpt lat="49.809410000" lon="7.727997000">
        <ele>289.8</ele>
      </trkpt>
      <trkpt lat="49.809433000" lon="7.727983000">
        <ele>289.8</ele>
      </trkpt>
      <trkpt lat="49.809452000" lon="7.727980000">
        <ele>289.8</ele>
      </trkpt>
      <trkpt lat="49.809475000" lon="7.727975000">
        <ele>289.8</ele>
      </trkpt>
      <trkpt lat="49.809503000" lon="7.727973000">
        <ele>289.8</ele>
      </trkpt>
      <trkpt lat="49.809535000" lon="7.727970000">
        <ele>290.0</ele>
      </trkpt>
      <trkpt lat="49.809558000" lon="7.727978000">
        <ele>290.0</ele>
      </trkpt>
      <trkpt lat="49.809580000" lon="7.727980000">
        <ele>290.0</ele>
      </trkpt>
      <trkpt lat="49.809608000" lon="7.727980000">
        <ele>290.0</ele>
      </trkpt>
      <trkpt lat="49.809628000" lon="7.727977000">
        <ele>289.8</ele>
      </trkpt>
      <trkpt lat="49.809650000" lon="7.727970000">
        <ele>290.0</ele>
      </trkpt>
      <trkpt lat="49.809673000" lon="7.727970000">
        <ele>290.0</ele>
      </trkpt>
      <trkpt lat="49.809695000" lon="7.727977000">
        <ele>289.8</ele>
      </trkpt>
      <trkpt lat="49.809718000" lon="7.727962000">
        <ele>289.4</ele>
      </trkpt>
      <trkpt lat="49.809740000" lon="7.727940000">
        <ele>289.2</ele>
      </trkpt>
      <trkpt lat="49.809775000" lon="7.727927000">
        <ele>289.2</ele>
      </trkpt>
      <trkpt lat="49.809807000" lon="7.727930000">
        <ele>289.2</ele>
      </trkpt>
      <trkpt lat="49.809827000" lon="7.727940000">
        <ele>289.0</ele>
      </trkpt>
      <trkpt lat="49.809852000" lon="7.727940000">
        <ele>288.8</ele>
      </trkpt>
      <trkpt lat="49.809872000" lon="7.727930000">
        <ele>288.6</ele>
      </trkpt>
      <trkpt lat="49.809893000" lon="7.727923000">
        <ele>288.8</ele>
      </trkpt>
      <trkpt lat="49.809917000" lon="7.727923000">
        <ele>288.6</ele>
      </trkpt>
      <trkpt lat="49.809948000" lon="7.727925000">
        <ele>288.4</ele>
      </trkpt>
      <trkpt lat="49.809973000" lon="7.727923000">
        <ele>288.2</ele>
      </trkpt>
      <trkpt lat="49.810000000" lon="7.727920000">
        <ele>288.2</ele>
      </trkpt>
      <trkpt lat="49.810028000" lon="7.727920000">
        <ele>288.2</ele>
      </trkpt>
      <trkpt lat="49.810047000" lon="7.727923000">
        <ele>288.2</ele>
      </trkpt>
      <trkpt lat="49.810070000" lon="7.727927000">
        <ele>288.2</ele>
      </trkpt>
      <trkpt lat="49.810088000" lon="7.727933000">
        <ele>288.0</ele>
      </trkpt>
      <trkpt lat="49.810108000" lon="7.727947000">
        <ele>288.0</ele>
      </trkpt>
      <trkpt lat="49.810127000" lon="7.727967000">
        <ele>288.0</ele>
      </trkpt>
      <trkpt lat="49.810153000" lon="7.727990000">
        <ele>288.0</ele>
      </trkpt>
      <trkpt lat="49.810168000" lon="7.728003000">
        <ele>288.0</ele>
      </trkpt>
      <trkpt lat="49.810188000" lon="7.728027000">
        <ele>288.2</ele>
      </trkpt>
      <trkpt lat="49.810207000" lon="7.728042000">
        <ele>288.4</ele>
      </trkpt>
      <trkpt lat="49.810227000" lon="7.728070000">
        <ele>288.4</ele>
      </trkpt>
      <trkpt lat="49.810242000" lon="7.728083000">
        <ele>288.4</ele>
      </trkpt>
      <trkpt lat="49.810255000" lon="7.728122000">
        <ele>288.2</ele>
      </trkpt>
      <trkpt lat="49.810272000" lon="7.728148000">
        <ele>288.0</ele>
      </trkpt>
      <trkpt lat="49.810283000" lon="7.728173000">
        <ele>288.0</ele>
      </trkpt>
      <trkpt lat="49.810307000" lon="7.728200000">
        <ele>287.8</ele>
      </trkpt>
      <trkpt lat="49.810332000" lon="7.728215000">
        <ele>287.6</ele>
      </trkpt>
      <trkpt lat="49.810358000" lon="7.728235000">
        <ele>287.4</ele>
      </trkpt>
      <trkpt lat="49.810377000" lon="7.728250000">
        <ele>287.2</ele>
      </trkpt>
      <trkpt lat="49.810402000" lon="7.728270000">
        <ele>287.0</ele>
      </trkpt>
      <trkpt lat="49.810425000" lon="7.728293000">
        <ele>287.0</ele>
      </trkpt>
      <trkpt lat="49.810440000" lon="7.728320000">
        <ele>287.0</ele>
      </trkpt>
      <trkpt lat="49.810450000" lon="7.728343000">
        <ele>286.8</ele>
      </trkpt>
      <trkpt lat="49.810470000" lon="7.728367000">
        <ele>286.6</ele>
      </trkpt>
      <trkpt lat="49.810488000" lon="7.728387000">
        <ele>286.4</ele>
      </trkpt>
      <trkpt lat="49.810508000" lon="7.728408000">
        <ele>286.2</ele>
      </trkpt>
      <trkpt lat="49.810520000" lon="7.728428000">
        <ele>286.2</ele>
      </trkpt>
      <trkpt lat="49.810530000" lon="7.728465000">
        <ele>286.2</ele>
      </trkpt>
      <trkpt lat="49.810547000" lon="7.728498000">
        <ele>286.2</ele>
      </trkpt>
      <trkpt lat="49.810568000" lon="7.728523000">
        <ele>286.2</ele>
      </trkpt>
      <trkpt lat="49.810585000" lon="7.728555000">
        <ele>286.2</ele>
      </trkpt>
      <trkpt lat="49.810600000" lon="7.728580000">
        <ele>286.0</ele>
      </trkpt>
      <trkpt lat="49.810620000" lon="7.728602000">
        <ele>285.8</ele>
      </trkpt>
      <trkpt lat="49.810642000" lon="7.728625000">
        <ele>285.6</ele>
      </trkpt>
      <trkpt lat="49.810655000" lon="7.728645000">
        <ele>285.4</ele>
      </trkpt>
      <trkpt lat="49.810672000" lon="7.728665000">
        <ele>285.4</ele>
      </trkpt>
      <trkpt lat="49.810683000" lon="7.728687000">
        <ele>285.4</ele>
      </trkpt>
      <trkpt lat="49.810700000" lon="7.728715000">
        <ele>285.4</ele>
      </trkpt>
      <trkpt lat="49.810720000" lon="7.728742000">
        <ele>285.4</ele>
      </trkpt>
      <trkpt lat="49.810728000" lon="7.728780000">
        <ele>285.4</ele>
      </trkpt>
      <trkpt lat="49.810742000" lon="7.728808000">
        <ele>285.4</ele>
      </trkpt>
      <trkpt lat="49.810763000" lon="7.728832000">
        <ele>285.4</ele>
      </trkpt>
      <trkpt lat="49.810783000" lon="7.728860000">
        <ele>285.4</ele>
      </trkpt>
      <trkpt lat="49.810800000" lon="7.728888000">
        <ele>285.2</ele>
      </trkpt>
      <trkpt lat="49.810812000" lon="7.728910000">
        <ele>285.2</ele>
      </trkpt>
      <trkpt lat="49.810832000" lon="7.728938000">
        <ele>285.2</ele>
      </trkpt>
      <trkpt lat="49.810853000" lon="7.728970000">
        <ele>285.2</ele>
      </trkpt>
      <trkpt lat="49.810863000" lon="7.729002000">
        <ele>285.2</ele>
      </trkpt>
      <trkpt lat="49.810880000" lon="7.729047000">
        <ele>285.2</ele>
      </trkpt>
      <trkpt lat="49.810898000" lon="7.729080000">
        <ele>285.0</ele>
      </trkpt>
      <trkpt lat="49.810920000" lon="7.729107000">
        <ele>285.0</ele>
      </trkpt>
      <trkpt lat="49.810930000" lon="7.729140000">
        <ele>285.2</ele>
      </trkpt>
      <trkpt lat="49.810940000" lon="7.729177000">
        <ele>285.2</ele>
      </trkpt>
      <trkpt lat="49.810943000" lon="7.729212000">
        <ele>285.2</ele>
      </trkpt>
      <trkpt lat="49.810962000" lon="7.729238000">
        <ele>285.2</ele>
      </trkpt>
      <trkpt lat="49.810972000" lon="7.729267000">
        <ele>285.2</ele>
      </trkpt>
      <trkpt lat="49.810982000" lon="7.729300000">
        <ele>285.2</ele>
      </trkpt>
      <trkpt lat="49.810982000" lon="7.729337000">
        <ele>285.2</ele>
      </trkpt>
      <trkpt lat="49.810985000" lon="7.729375000">
        <ele>285.0</ele>
      </trkpt>
      <trkpt lat="49.810992000" lon="7.729403000">
        <ele>285.0</ele>
      </trkpt>
      <trkpt lat="49.810998000" lon="7.729437000">
        <ele>284.8</ele>
      </trkpt>
      <trkpt lat="49.811000000" lon="7.729478000">
        <ele>284.8</ele>
      </trkpt>
      <trkpt lat="49.811010000" lon="7.729520000">
        <ele>284.8</ele>
      </trkpt>
      <trkpt lat="49.811023000" lon="7.729560000">
        <ele>284.8</ele>
      </trkpt>
      <trkpt lat="49.811023000" lon="7.729593000">
        <ele>284.6</ele>
      </trkpt>
      <trkpt lat="49.811020000" lon="7.729620000">
        <ele>284.6</ele>
      </trkpt>
      <trkpt lat="49.811030000" lon="7.729655000">
        <ele>284.6</ele>
      </trkpt>
      <trkpt lat="49.811033000" lon="7.729695000">
        <ele>284.6</ele>
      </trkpt>
      <trkpt lat="49.811045000" lon="7.729730000">
        <ele>284.6</ele>
      </trkpt>
      <trkpt lat="49.811052000" lon="7.729760000">
        <ele>284.6</ele>
      </trkpt>
      <trkpt lat="49.811062000" lon="7.729793000">
        <ele>284.4</ele>
      </trkpt>
      <trkpt lat="49.811065000" lon="7.729823000">
        <ele>284.4</ele>
      </trkpt>
      <trkpt lat="49.811078000" lon="7.729860000">
        <ele>284.4</ele>
      </trkpt>
      <trkpt lat="49.811090000" lon="7.729895000">
        <ele>284.4</ele>
      </trkpt>
      <trkpt lat="49.811110000" lon="7.729915000">
        <ele>284.4</ele>
      </trkpt>
      <trkpt lat="49.811122000" lon="7.729940000">
        <ele>284.4</ele>
      </trkpt>
      <trkpt lat="49.811128000" lon="7.729967000">
        <ele>284.6</ele>
      </trkpt>
      <trkpt lat="49.811142000" lon="7.730000000">
        <ele>284.6</ele>
      </trkpt>
      <trkpt lat="49.811163000" lon="7.730030000">
        <ele>284.6</ele>
      </trkpt>
      <trkpt lat="49.811183000" lon="7.730035000">
        <ele>284.6</ele>
      </trkpt>
      <trkpt lat="49.811202000" lon="7.730030000">
        <ele>284.6</ele>
      </trkpt>
      <trkpt lat="49.811218000" lon="7.730005000">
        <ele>284.6</ele>
      </trkpt>
      <trkpt lat="49.811218000" lon="7.729965000">
        <ele>284.6</ele>
      </trkpt>
      <trkpt lat="49.811232000" lon="7.729940000">
        <ele>284.6</ele>
      </trkpt>
      <trkpt lat="49.811232000" lon="7.729913000">
        <ele>284.4</ele>
      </trkpt>
      <trkpt lat="49.811232000" lon="7.729880000">
        <ele>284.2</ele>
      </trkpt>
      <trkpt lat="49.811232000" lon="7.729842000">
        <ele>284.0</ele>
      </trkpt>
      <trkpt lat="49.811240000" lon="7.729815000">
        <ele>283.8</ele>
      </trkpt>
      <trkpt lat="49.811243000" lon="7.729777000">
        <ele>283.6</ele>
      </trkpt>
      <trkpt lat="49.811257000" lon="7.729747000">
        <ele>283.2</ele>
      </trkpt>
      <trkpt lat="49.811257000" lon="7.729710000">
        <ele>283.2</ele>
      </trkpt>
      <trkpt lat="49.811257000" lon="7.729675000">
        <ele>283.0</ele>
      </trkpt>
      <trkpt lat="49.811260000" lon="7.729638000">
        <ele>282.8</ele>
      </trkpt>
      <trkpt lat="49.811260000" lon="7.729597000">
        <ele>282.4</ele>
      </trkpt>
      <trkpt lat="49.811263000" lon="7.729560000">
        <ele>282.4</ele>
      </trkpt>
      <trkpt lat="49.811263000" lon="7.729523000">
        <ele>282.2</ele>
      </trkpt>
      <trkpt lat="49.811260000" lon="7.729488000">
        <ele>282.0</ele>
      </trkpt>
      <trkpt lat="49.811260000" lon="7.729452000">
        <ele>281.8</ele>
      </trkpt>
      <trkpt lat="49.811260000" lon="7.729417000">
        <ele>281.6</ele>
      </trkpt>
      <trkpt lat="49.811260000" lon="7.729387000">
        <ele>281.2</ele>
      </trkpt>
      <trkpt lat="49.811267000" lon="7.729360000">
        <ele>281.0</ele>
      </trkpt>
      <trkpt lat="49.811267000" lon="7.729325000">
        <ele>280.8</ele>
      </trkpt>
      <trkpt lat="49.811267000" lon="7.729298000">
        <ele>280.4</ele>
      </trkpt>
      <trkpt lat="49.811263000" lon="7.729265000">
        <ele>280.2</ele>
      </trkpt>
      <trkpt lat="49.811263000" lon="7.729228000">
        <ele>280.0</ele>
      </trkpt>
      <trkpt lat="49.811267000" lon="7.729192000">
        <ele>279.8</ele>
      </trkpt>
      <trkpt lat="49.811270000" lon="7.729157000">
        <ele>279.6</ele>
      </trkpt>
      <trkpt lat="49.811267000" lon="7.729122000">
        <ele>279.4</ele>
      </trkpt>
      <trkpt lat="49.811260000" lon="7.729088000">
        <ele>279.0</ele>
      </trkpt>
      <trkpt lat="49.811260000" lon="7.729050000">
        <ele>278.8</ele>
      </trkpt>
      <trkpt lat="49.811257000" lon="7.729002000">
        <ele>278.6</ele>
      </trkpt>
      <trkpt lat="49.811257000" lon="7.728970000">
        <ele>278.2</ele>
      </trkpt>
      <trkpt lat="49.811267000" lon="7.728937000">
        <ele>278.0</ele>
      </trkpt>
      <trkpt lat="49.811270000" lon="7.728905000">
        <ele>277.6</ele>
      </trkpt>
      <trkpt lat="49.811270000" lon="7.728873000">
        <ele>277.4</ele>
      </trkpt>
      <trkpt lat="49.811270000" lon="7.728823000">
        <ele>277.2</ele>
      </trkpt>
      <trkpt lat="49.811270000" lon="7.728788000">
        <ele>276.8</ele>
      </trkpt>
      <trkpt lat="49.811260000" lon="7.728762000">
        <ele>276.4</ele>
      </trkpt>
      <trkpt lat="49.811250000" lon="7.728733000">
        <ele>276.2</ele>
      </trkpt>
      <trkpt lat="49.811240000" lon="7.728697000">
        <ele>276.0</ele>
      </trkpt>
      <trkpt lat="49.811247000" lon="7.728658000">
        <ele>275.8</ele>
      </trkpt>
      <trkpt lat="49.811257000" lon="7.728623000">
        <ele>275.4</ele>
      </trkpt>
      <trkpt lat="49.811260000" lon="7.728585000">
        <ele>275.0</ele>
      </trkpt>
      <trkpt lat="49.811257000" lon="7.728553000">
        <ele>274.8</ele>
      </trkpt>
      <trkpt lat="49.811250000" lon="7.728520000">
        <ele>274.6</ele>
      </trkpt>
      <trkpt lat="49.811247000" lon="7.728480000">
        <ele>274.4</ele>
      </trkpt>
      <trkpt lat="49.811243000" lon="7.728440000">
        <ele>274.0</ele>
      </trkpt>
      <trkpt lat="49.811243000" lon="7.728412000">
        <ele>273.6</ele>
      </trkpt>
      <trkpt lat="49.811228000" lon="7.728398000">
        <ele>272.2</ele>
      </trkpt>
      <trkpt lat="49.811238000" lon="7.728373000">
        <ele>271.0</ele>
      </trkpt>
      <trkpt lat="49.811282000" lon="7.728377000">
        <ele>267.8</ele>
      </trkpt>
      <trkpt lat="49.811280000" lon="7.728320000">
        <ele>267.8</ele>
      </trkpt>
      <trkpt lat="49.811280000" lon="7.728287000">
        <ele>267.8</ele>
      </trkpt>
      <trkpt lat="49.811277000" lon="7.728257000">
        <ele>267.8</ele>
      </trkpt>
      <trkpt lat="49.811280000" lon="7.728225000">
        <ele>267.6</ele>
      </trkpt>
      <trkpt lat="49.811277000" lon="7.728195000">
        <ele>267.6</ele>
      </trkpt>
      <trkpt lat="49.811277000" lon="7.728163000">
        <ele>267.6</ele>
      </trkpt>
      <trkpt lat="49.811270000" lon="7.728137000">
        <ele>267.6</ele>
      </trkpt>
      <trkpt lat="49.811267000" lon="7.728103000">
        <ele>267.4</ele>
      </trkpt>
      <trkpt lat="49.811260000" lon="7.728067000">
        <ele>267.2</ele>
      </trkpt>
      <trkpt lat="49.811260000" lon="7.728030000">
        <ele>267.0</ele>
      </trkpt>
      <trkpt lat="49.811257000" lon="7.727997000">
        <ele>266.8</ele>
      </trkpt>
      <trkpt lat="49.811257000" lon="7.727955000">
        <ele>266.8</ele>
      </trkpt>
      <trkpt lat="49.811260000" lon="7.727913000">
        <ele>266.6</ele>
      </trkpt>
      <trkpt lat="49.811267000" lon="7.727872000">
        <ele>266.4</ele>
      </trkpt>
      <trkpt lat="49.811267000" lon="7.727828000">
        <ele>266.2</ele>
      </trkpt>
      <trkpt lat="49.811267000" lon="7.727792000">
        <ele>265.8</ele>
      </trkpt>
      <trkpt lat="49.811260000" lon="7.727755000">
        <ele>265.4</ele>
      </trkpt>
      <trkpt lat="49.811260000" lon="7.727720000">
        <ele>265.2</ele>
      </trkpt>
      <trkpt lat="49.811263000" lon="7.727687000">
        <ele>265.0</ele>
      </trkpt>
      <trkpt lat="49.811263000" lon="7.727650000">
        <ele>264.8</ele>
      </trkpt>
      <trkpt lat="49.811267000" lon="7.727620000">
        <ele>264.6</ele>
      </trkpt>
      <trkpt lat="49.811267000" lon="7.727590000">
        <ele>264.6</ele>
      </trkpt>
      <trkpt lat="49.811267000" lon="7.727550000">
        <ele>264.4</ele>
      </trkpt>
      <trkpt lat="49.811267000" lon="7.727513000">
        <ele>264.2</ele>
      </trkpt>
      <trkpt lat="49.811260000" lon="7.727472000">
        <ele>264.0</ele>
      </trkpt>
      <trkpt lat="49.811257000" lon="7.727428000">
        <ele>264.0</ele>
      </trkpt>
      <trkpt lat="49.811257000" lon="7.727383000">
        <ele>263.8</ele>
      </trkpt>
      <trkpt lat="49.811260000" lon="7.727340000">
        <ele>263.6</ele>
      </trkpt>
      <trkpt lat="49.811257000" lon="7.727297000">
        <ele>263.4</ele>
      </trkpt>
      <trkpt lat="49.811250000" lon="7.727262000">
        <ele>263.2</ele>
      </trkpt>
      <trkpt lat="49.811247000" lon="7.727230000">
        <ele>263.2</ele>
      </trkpt>
      <trkpt lat="49.811250000" lon="7.727182000">
        <ele>263.0</ele>
      </trkpt>
      <trkpt lat="49.811250000" lon="7.727148000">
        <ele>262.8</ele>
      </trkpt>
      <trkpt lat="49.811250000" lon="7.727118000">
        <ele>262.6</ele>
      </trkpt>
      <trkpt lat="49.811250000" lon="7.727082000">
        <ele>262.4</ele>
      </trkpt>
      <trkpt lat="49.811247000" lon="7.727042000">
        <ele>262.6</ele>
      </trkpt>
      <trkpt lat="49.811247000" lon="7.727012000">
        <ele>262.6</ele>
      </trkpt>
      <trkpt lat="49.811243000" lon="7.726973000">
        <ele>262.6</ele>
      </trkpt>
      <trkpt lat="49.811243000" lon="7.726940000">
        <ele>262.6</ele>
      </trkpt>
      <trkpt lat="49.811243000" lon="7.726865000">
        <ele>261.6</ele>
      </trkpt>
      <trkpt lat="49.811243000" lon="7.726828000">
        <ele>261.2</ele>
      </trkpt>
      <trkpt lat="49.811232000" lon="7.726793000">
        <ele>260.8</ele>
      </trkpt>
      <trkpt lat="49.811238000" lon="7.726765000">
        <ele>260.6</ele>
      </trkpt>
      <trkpt lat="49.811243000" lon="7.726740000">
        <ele>260.4</ele>
      </trkpt>
      <trkpt lat="49.811247000" lon="7.726688000">
        <ele>260.4</ele>
      </trkpt>
      <trkpt lat="49.811250000" lon="7.726658000">
        <ele>260.2</ele>
      </trkpt>
      <trkpt lat="49.811250000" lon="7.726615000">
        <ele>260.0</ele>
      </trkpt>
      <trkpt lat="49.811243000" lon="7.726563000">
        <ele>260.0</ele>
      </trkpt>
      <trkpt lat="49.811240000" lon="7.726525000">
        <ele>260.0</ele>
      </trkpt>
      <trkpt lat="49.811243000" lon="7.726473000">
        <ele>259.8</ele>
      </trkpt>
      <trkpt lat="49.811250000" lon="7.726443000">
        <ele>259.8</ele>
      </trkpt>
      <trkpt lat="49.811260000" lon="7.726418000">
        <ele>260.0</ele>
      </trkpt>
      <trkpt lat="49.811282000" lon="7.726368000">
        <ele>260.0</ele>
      </trkpt>
      <trkpt lat="49.811288000" lon="7.726338000">
        <ele>260.0</ele>
      </trkpt>
      <trkpt lat="49.811305000" lon="7.726313000">
        <ele>260.0</ele>
      </trkpt>
      <trkpt lat="49.811320000" lon="7.726292000">
        <ele>260.0</ele>
      </trkpt>
      <trkpt lat="49.811343000" lon="7.726267000">
        <ele>260.0</ele>
      </trkpt>
      <trkpt lat="49.811368000" lon="7.726252000">
        <ele>259.8</ele>
      </trkpt>
      <trkpt lat="49.811388000" lon="7.726243000">
        <ele>259.8</ele>
      </trkpt>
      <trkpt lat="49.811417000" lon="7.726235000">
        <ele>259.8</ele>
      </trkpt>
      <trkpt lat="49.811442000" lon="7.726220000">
        <ele>259.6</ele>
      </trkpt>
      <trkpt lat="49.811475000" lon="7.726210000">
        <ele>259.8</ele>
      </trkpt>
      <trkpt lat="49.811500000" lon="7.726200000">
        <ele>259.6</ele>
      </trkpt>
      <trkpt lat="49.811520000" lon="7.726180000">
        <ele>259.6</ele>
      </trkpt>
      <trkpt lat="49.811528000" lon="7.726147000">
        <ele>259.4</ele>
      </trkpt>
      <trkpt lat="49.811548000" lon="7.726118000">
        <ele>259.2</ele>
      </trkpt>
      <trkpt lat="49.811563000" lon="7.726080000">
        <ele>259.0</ele>
      </trkpt>
      <trkpt lat="49.811587000" lon="7.726048000">
        <ele>258.8</ele>
      </trkpt>
      <trkpt lat="49.811615000" lon="7.726020000">
        <ele>258.8</ele>
      </trkpt>
      <trkpt lat="49.811640000" lon="7.726008000">
        <ele>258.6</ele>
      </trkpt>
      <trkpt lat="49.811673000" lon="7.726003000">
        <ele>258.4</ele>
      </trkpt>
      <trkpt lat="49.811692000" lon="7.726000000">
        <ele>258.2</ele>
      </trkpt>
      <trkpt lat="49.811720000" lon="7.725988000">
        <ele>258.0</ele>
      </trkpt>
      <trkpt lat="49.811747000" lon="7.725982000">
        <ele>257.6</ele>
      </trkpt>
      <trkpt lat="49.811772000" lon="7.725985000">
        <ele>257.2</ele>
      </trkpt>
      <trkpt lat="49.811792000" lon="7.725992000">
        <ele>257.2</ele>
      </trkpt>
      <trkpt lat="49.811820000" lon="7.725988000">
        <ele>256.8</ele>
      </trkpt>
      <trkpt lat="49.811838000" lon="7.725987000">
        <ele>256.6</ele>
      </trkpt>
      <trkpt lat="49.811862000" lon="7.725980000">
        <ele>256.4</ele>
      </trkpt>
      <trkpt lat="49.811900000" lon="7.725972000">
        <ele>256.2</ele>
      </trkpt>
      <trkpt lat="49.811922000" lon="7.725968000">
        <ele>256.2</ele>
      </trkpt>
      <trkpt lat="49.811942000" lon="7.725965000">
        <ele>256.0</ele>
      </trkpt>
      <trkpt lat="49.811963000" lon="7.725967000">
        <ele>255.8</ele>
      </trkpt>
      <trkpt lat="49.811983000" lon="7.725972000">
        <ele>255.6</ele>
      </trkpt>
      <trkpt lat="49.812012000" lon="7.725980000">
        <ele>255.2</ele>
      </trkpt>
      <trkpt lat="49.812038000" lon="7.725972000">
        <ele>255.0</ele>
      </trkpt>
      <trkpt lat="49.812070000" lon="7.725967000">
        <ele>254.6</ele>
      </trkpt>
      <trkpt lat="49.812092000" lon="7.725962000">
        <ele>254.2</ele>
      </trkpt>
      <trkpt lat="49.812112000" lon="7.725950000">
        <ele>253.8</ele>
      </trkpt>
      <trkpt lat="49.812140000" lon="7.725945000">
        <ele>253.4</ele>
      </trkpt>
      <trkpt lat="49.812172000" lon="7.725932000">
        <ele>253.0</ele>
      </trkpt>
      <trkpt lat="49.812198000" lon="7.725920000">
        <ele>252.8</ele>
      </trkpt>
      <trkpt lat="49.812223000" lon="7.725913000">
        <ele>252.6</ele>
      </trkpt>
      <trkpt lat="49.812242000" lon="7.725907000">
        <ele>252.2</ele>
      </trkpt>
      <trkpt lat="49.812272000" lon="7.725902000">
        <ele>252.0</ele>
      </trkpt>
      <trkpt lat="49.812297000" lon="7.725887000">
        <ele>251.6</ele>
      </trkpt>
      <trkpt lat="49.812322000" lon="7.725867000">
        <ele>251.2</ele>
      </trkpt>
      <trkpt lat="49.812338000" lon="7.725845000">
        <ele>251.0</ele>
      </trkpt>
      <trkpt lat="49.812360000" lon="7.725835000">
        <ele>250.6</ele>
      </trkpt>
      <trkpt lat="49.812390000" lon="7.725818000">
        <ele>250.4</ele>
      </trkpt>
      <trkpt lat="49.812408000" lon="7.725798000">
        <ele>250.0</ele>
      </trkpt>
      <trkpt lat="49.812435000" lon="7.725777000">
        <ele>249.6</ele>
      </trkpt>
      <trkpt lat="49.812453000" lon="7.725753000">
        <ele>249.0</ele>
      </trkpt>
      <trkpt lat="49.812477000" lon="7.725733000">
        <ele>248.8</ele>
      </trkpt>
      <trkpt lat="49.812495000" lon="7.725708000">
        <ele>248.4</ele>
      </trkpt>
      <trkpt lat="49.812518000" lon="7.725688000">
        <ele>248.0</ele>
      </trkpt>
      <trkpt lat="49.812537000" lon="7.725658000">
        <ele>247.8</ele>
      </trkpt>
      <trkpt lat="49.812560000" lon="7.725632000">
        <ele>247.6</ele>
      </trkpt>
      <trkpt lat="49.812582000" lon="7.725612000">
        <ele>247.4</ele>
      </trkpt>
      <trkpt lat="49.812610000" lon="7.725595000">
        <ele>247.0</ele>
      </trkpt>
      <trkpt lat="49.812633000" lon="7.725577000">
        <ele>246.8</ele>
      </trkpt>
      <trkpt lat="49.812658000" lon="7.725558000">
        <ele>246.6</ele>
      </trkpt>
      <trkpt lat="49.812680000" lon="7.725540000">
        <ele>246.4</ele>
      </trkpt>
      <trkpt lat="49.812707000" lon="7.725527000">
        <ele>246.2</ele>
      </trkpt>
      <trkpt lat="49.812725000" lon="7.725503000">
        <ele>246.0</ele>
      </trkpt>
      <trkpt lat="49.812748000" lon="7.725487000">
        <ele>245.8</ele>
      </trkpt>
      <trkpt lat="49.812767000" lon="7.725463000">
        <ele>245.6</ele>
      </trkpt>
      <trkpt lat="49.812787000" lon="7.725443000">
        <ele>245.2</ele>
      </trkpt>
      <trkpt lat="49.812808000" lon="7.725428000">
        <ele>244.8</ele>
      </trkpt>
      <trkpt lat="49.812828000" lon="7.725408000">
        <ele>244.6</ele>
      </trkpt>
      <trkpt lat="49.812843000" lon="7.725395000">
        <ele>244.4</ele>
      </trkpt>
      <trkpt lat="49.812870000" lon="7.725372000">
        <ele>244.2</ele>
      </trkpt>
      <trkpt lat="49.812885000" lon="7.725357000">
        <ele>244.0</ele>
      </trkpt>
      <trkpt lat="49.812912000" lon="7.725345000">
        <ele>243.8</ele>
      </trkpt>
      <trkpt lat="49.812930000" lon="7.725335000">
        <ele>243.4</ele>
      </trkpt>
      <trkpt lat="49.812950000" lon="7.725292000">
        <ele>243.2</ele>
      </trkpt>
      <trkpt lat="49.812968000" lon="7.725262000">
        <ele>242.8</ele>
      </trkpt>
      <trkpt lat="49.812988000" lon="7.725242000">
        <ele>242.6</ele>
      </trkpt>
      <trkpt lat="49.813003000" lon="7.725220000">
        <ele>242.4</ele>
      </trkpt>
      <trkpt lat="49.813027000" lon="7.725210000">
        <ele>242.0</ele>
      </trkpt>
      <trkpt lat="49.813045000" lon="7.725202000">
        <ele>242.0</ele>
      </trkpt>
      <trkpt lat="49.813068000" lon="7.725180000">
        <ele>241.6</ele>
      </trkpt>
      <trkpt lat="49.813083000" lon="7.725150000">
        <ele>241.2</ele>
      </trkpt>
      <trkpt lat="49.813113000" lon="7.725138000">
        <ele>241.0</ele>
      </trkpt>
      <trkpt lat="49.813142000" lon="7.725127000">
        <ele>238.6</ele>
      </trkpt>
      <trkpt lat="49.813173000" lon="7.725105000">
        <ele>238.6</ele>
      </trkpt>
      <trkpt lat="49.813197000" lon="7.725085000">
        <ele>238.4</ele>
      </trkpt>
      <trkpt lat="49.813215000" lon="7.725072000">
        <ele>238.4</ele>
      </trkpt>
      <trkpt lat="49.813235000" lon="7.725060000">
        <ele>238.2</ele>
      </trkpt>
      <trkpt lat="49.813270000" lon="7.725037000">
        <ele>238.2</ele>
      </trkpt>
      <trkpt lat="49.813302000" lon="7.725018000">
        <ele>238.2</ele>
      </trkpt>
      <trkpt lat="49.813323000" lon="7.725008000">
        <ele>238.2</ele>
      </trkpt>
      <trkpt lat="49.813347000" lon="7.724995000">
        <ele>238.0</ele>
      </trkpt>
      <trkpt lat="49.813372000" lon="7.724978000">
        <ele>238.0</ele>
      </trkpt>
      <trkpt lat="49.813403000" lon="7.724957000">
        <ele>237.8</ele>
      </trkpt>
      <trkpt lat="49.813420000" lon="7.724940000">
        <ele>237.8</ele>
      </trkpt>
      <trkpt lat="49.813440000" lon="7.724932000">
        <ele>237.8</ele>
      </trkpt>
      <trkpt lat="49.813465000" lon="7.724897000">
        <ele>237.6</ele>
      </trkpt>
      <trkpt lat="49.813490000" lon="7.724880000">
        <ele>237.4</ele>
      </trkpt>
      <trkpt lat="49.813520000" lon="7.724870000">
        <ele>237.0</ele>
      </trkpt>
      <trkpt lat="49.813545000" lon="7.724852000">
        <ele>237.0</ele>
      </trkpt>
      <trkpt lat="49.813567000" lon="7.724837000">
        <ele>237.0</ele>
      </trkpt>
      <trkpt lat="49.813590000" lon="7.724830000">
        <ele>236.8</ele>
      </trkpt>
      <trkpt lat="49.813605000" lon="7.724847000">
        <ele>236.8</ele>
      </trkpt>
      <trkpt lat="49.813625000" lon="7.724817000">
        <ele>235.6</ele>
      </trkpt>
      <trkpt lat="49.813647000" lon="7.724800000">
        <ele>235.2</ele>
      </trkpt>
      <trkpt lat="49.813670000" lon="7.724782000">
        <ele>235.0</ele>
      </trkpt>
      <trkpt lat="49.813692000" lon="7.724762000">
        <ele>234.6</ele>
      </trkpt>
      <trkpt lat="49.813718000" lon="7.724740000">
        <ele>234.4</ele>
      </trkpt>
      <trkpt lat="49.813733000" lon="7.724705000">
        <ele>234.0</ele>
      </trkpt>
      <trkpt lat="49.813762000" lon="7.724677000">
        <ele>233.8</ele>
      </trkpt>
      <trkpt lat="49.813785000" lon="7.724648000">
        <ele>233.6</ele>
      </trkpt>
      <trkpt lat="49.813810000" lon="7.724620000">
        <ele>233.2</ele>
      </trkpt>
      <trkpt lat="49.813833000" lon="7.724587000">
        <ele>233.0</ele>
      </trkpt>
      <trkpt lat="49.813862000" lon="7.724552000">
        <ele>233.0</ele>
      </trkpt>
      <trkpt lat="49.813887000" lon="7.724530000">
        <ele>232.8</ele>
      </trkpt>
      <trkpt lat="49.813910000" lon="7.724527000">
        <ele>232.8</ele>
      </trkpt>
      <trkpt lat="49.813928000" lon="7.724490000">
        <ele>233.0</ele>
      </trkpt>
      <trkpt lat="49.813952000" lon="7.724455000">
        <ele>233.0</ele>
      </trkpt>
      <trkpt lat="49.813970000" lon="7.724427000">
        <ele>232.8</ele>
      </trkpt>
      <trkpt lat="49.813987000" lon="7.724405000">
        <ele>232.8</ele>
      </trkpt>
      <trkpt lat="49.814002000" lon="7.724370000">
        <ele>232.4</ele>
      </trkpt>
      <trkpt lat="49.814022000" lon="7.724345000">
        <ele>232.2</ele>
      </trkpt>
      <trkpt lat="49.814038000" lon="7.724318000">
        <ele>232.2</ele>
      </trkpt>
      <trkpt lat="49.814060000" lon="7.724288000">
        <ele>232.0</ele>
      </trkpt>
      <trkpt lat="49.814080000" lon="7.724263000">
        <ele>231.8</ele>
      </trkpt>
      <trkpt lat="49.814098000" lon="7.724240000">
        <ele>231.8</ele>
      </trkpt>
      <trkpt lat="49.814118000" lon="7.724228000">
        <ele>231.8</ele>
      </trkpt>
      <trkpt lat="49.814137000" lon="7.724200000">
        <ele>231.8</ele>
      </trkpt>
      <trkpt lat="49.814162000" lon="7.724167000">
        <ele>231.8</ele>
      </trkpt>
      <trkpt lat="49.814175000" lon="7.724147000">
        <ele>231.6</ele>
      </trkpt>
      <trkpt lat="49.814188000" lon="7.724120000">
        <ele>231.4</ele>
      </trkpt>
      <trkpt lat="49.814210000" lon="7.724095000">
        <ele>231.2</ele>
      </trkpt>
      <trkpt lat="49.814230000" lon="7.724065000">
        <ele>231.0</ele>
      </trkpt>
      <trkpt lat="49.814242000" lon="7.724042000">
        <ele>230.8</ele>
      </trkpt>
      <trkpt lat="49.814258000" lon="7.724015000">
        <ele>230.6</ele>
      </trkpt>
      <trkpt lat="49.814268000" lon="7.723983000">
        <ele>230.4</ele>
      </trkpt>
      <trkpt lat="49.814280000" lon="7.723955000">
        <ele>230.0</ele>
      </trkpt>
      <trkpt lat="49.814297000" lon="7.723925000">
        <ele>229.8</ele>
      </trkpt>
      <trkpt lat="49.814322000" lon="7.723892000">
        <ele>229.6</ele>
      </trkpt>
      <trkpt lat="49.814345000" lon="7.723862000">
        <ele>229.4</ele>
      </trkpt>
      <trkpt lat="49.814360000" lon="7.723835000">
        <ele>229.0</ele>
      </trkpt>
      <trkpt lat="49.814373000" lon="7.723807000">
        <ele>228.8</ele>
      </trkpt>
      <trkpt lat="49.814377000" lon="7.723777000">
        <ele>228.4</ele>
      </trkpt>
      <trkpt lat="49.814387000" lon="7.723747000">
        <ele>228.2</ele>
      </trkpt>
      <trkpt lat="49.814400000" lon="7.723723000">
        <ele>227.8</ele>
      </trkpt>
      <trkpt lat="49.814415000" lon="7.723697000">
        <ele>227.6</ele>
      </trkpt>
      <trkpt lat="49.814435000" lon="7.723665000">
        <ele>227.4</ele>
      </trkpt>
      <trkpt lat="49.814447000" lon="7.723632000">
        <ele>227.2</ele>
      </trkpt>
      <trkpt lat="49.814457000" lon="7.723582000">
        <ele>227.0</ele>
      </trkpt>
      <trkpt lat="49.814467000" lon="7.723542000">
        <ele>226.6</ele>
      </trkpt>
      <trkpt lat="49.814467000" lon="7.723497000">
        <ele>226.4</ele>
      </trkpt>
      <trkpt lat="49.814477000" lon="7.723453000">
        <ele>226.2</ele>
      </trkpt>
      <trkpt lat="49.814492000" lon="7.723407000">
        <ele>226.0</ele>
      </trkpt>
      <trkpt lat="49.814502000" lon="7.723380000">
        <ele>225.8</ele>
      </trkpt>
      <trkpt lat="49.814505000" lon="7.723350000">
        <ele>225.6</ele>
      </trkpt>
      <trkpt lat="49.814518000" lon="7.723308000">
        <ele>225.0</ele>
      </trkpt>
      <trkpt lat="49.814537000" lon="7.723272000">
        <ele>224.6</ele>
      </trkpt>
      <trkpt lat="49.814553000" lon="7.723255000">
        <ele>224.4</ele>
      </trkpt>
      <trkpt lat="49.814575000" lon="7.723220000">
        <ele>224.2</ele>
      </trkpt>
      <trkpt lat="49.814595000" lon="7.723183000">
        <ele>223.8</ele>
      </trkpt>
      <trkpt lat="49.814613000" lon="7.723152000">
        <ele>223.4</ele>
      </trkpt>
      <trkpt lat="49.814627000" lon="7.723107000">
        <ele>223.0</ele>
      </trkpt>
      <trkpt lat="49.814638000" lon="7.723062000">
        <ele>222.8</ele>
      </trkpt>
      <trkpt lat="49.814652000" lon="7.723042000">
        <ele>222.8</ele>
      </trkpt>
      <trkpt lat="49.814665000" lon="7.723007000">
        <ele>222.6</ele>
      </trkpt>
      <trkpt lat="49.814683000" lon="7.722973000">
        <ele>222.4</ele>
      </trkpt>
      <trkpt lat="49.814700000" lon="7.722940000">
        <ele>222.4</ele>
      </trkpt>
      <trkpt lat="49.814713000" lon="7.722918000">
        <ele>222.2</ele>
      </trkpt>
      <trkpt lat="49.814732000" lon="7.722895000">
        <ele>222.0</ele>
      </trkpt>
      <trkpt lat="49.814755000" lon="7.722848000">
        <ele>221.6</ele>
      </trkpt>
      <trkpt lat="49.814777000" lon="7.722807000">
        <ele>221.2</ele>
      </trkpt>
      <trkpt lat="49.814793000" lon="7.722767000">
        <ele>221.0</ele>
      </trkpt>
      <trkpt lat="49.814805000" lon="7.722747000">
        <ele>220.8</ele>
      </trkpt>
      <trkpt lat="49.814822000" lon="7.722730000">
        <ele>220.8</ele>
      </trkpt>
      <trkpt lat="49.814850000" lon="7.722698000">
        <ele>220.4</ele>
      </trkpt>
      <trkpt lat="49.814873000" lon="7.722670000">
        <ele>220.2</ele>
      </trkpt>
      <trkpt lat="49.814892000" lon="7.722637000">
        <ele>220.0</ele>
      </trkpt>
      <trkpt lat="49.814912000" lon="7.722608000">
        <ele>219.8</ele>
      </trkpt>
      <trkpt lat="49.814923000" lon="7.722573000">
        <ele>219.4</ele>
      </trkpt>
      <trkpt lat="49.814937000" lon="7.722540000">
        <ele>219.0</ele>
      </trkpt>
      <trkpt lat="49.814950000" lon="7.722505000">
        <ele>218.6</ele>
      </trkpt>
      <trkpt lat="49.814953000" lon="7.722463000">
        <ele>218.2</ele>
      </trkpt>
      <trkpt lat="49.814968000" lon="7.722435000">
        <ele>217.6</ele>
      </trkpt>
      <trkpt lat="49.814982000" lon="7.722412000">
        <ele>217.2</ele>
      </trkpt>
      <trkpt lat="49.814992000" lon="7.722383000">
        <ele>216.8</ele>
      </trkpt>
      <trkpt lat="49.814998000" lon="7.722355000">
        <ele>216.0</ele>
      </trkpt>
      <trkpt lat="49.815010000" lon="7.722318000">
        <ele>215.6</ele>
      </trkpt>
      <trkpt lat="49.815020000" lon="7.722282000">
        <ele>215.2</ele>
      </trkpt>
      <trkpt lat="49.815037000" lon="7.722240000">
        <ele>214.8</ele>
      </trkpt>
      <trkpt lat="49.815048000" lon="7.722195000">
        <ele>214.4</ele>
      </trkpt>
      <trkpt lat="49.815058000" lon="7.722152000">
        <ele>214.0</ele>
      </trkpt>
      <trkpt lat="49.815072000" lon="7.722117000">
        <ele>213.6</ele>
      </trkpt>
      <trkpt lat="49.815090000" lon="7.722083000">
        <ele>213.4</ele>
      </trkpt>
      <trkpt lat="49.815110000" lon="7.722047000">
        <ele>213.0</ele>
      </trkpt>
      <trkpt lat="49.815122000" lon="7.722010000">
        <ele>212.8</ele>
      </trkpt>
      <trkpt lat="49.815135000" lon="7.721970000">
        <ele>212.4</ele>
      </trkpt>
      <trkpt lat="49.815148000" lon="7.721930000">
        <ele>212.0</ele>
      </trkpt>
      <trkpt lat="49.815158000" lon="7.721888000">
        <ele>211.8</ele>
      </trkpt>
      <trkpt lat="49.815167000" lon="7.721853000">
        <ele>211.6</ele>
      </trkpt>
      <trkpt lat="49.815180000" lon="7.721812000">
        <ele>211.2</ele>
      </trkpt>
      <trkpt lat="49.815193000" lon="7.721772000">
        <ele>210.8</ele>
      </trkpt>
      <trkpt lat="49.815200000" lon="7.721732000">
        <ele>210.4</ele>
      </trkpt>
      <trkpt lat="49.815212000" lon="7.721712000">
        <ele>210.2</ele>
      </trkpt>
      <trkpt lat="49.815232000" lon="7.721677000">
        <ele>209.8</ele>
      </trkpt>
      <trkpt lat="49.815250000" lon="7.721640000">
        <ele>209.6</ele>
      </trkpt>
      <trkpt lat="49.815260000" lon="7.721607000">
        <ele>209.4</ele>
      </trkpt>
      <trkpt lat="49.815270000" lon="7.721573000">
        <ele>209.0</ele>
      </trkpt>
      <trkpt lat="49.815277000" lon="7.721535000">
        <ele>208.8</ele>
      </trkpt>
      <trkpt lat="49.815288000" lon="7.721493000">
        <ele>208.6</ele>
      </trkpt>
      <trkpt lat="49.815298000" lon="7.721457000">
        <ele>208.2</ele>
      </trkpt>
      <trkpt lat="49.815315000" lon="7.721423000">
        <ele>208.0</ele>
      </trkpt>
      <trkpt lat="49.815320000" lon="7.721387000">
        <ele>207.8</ele>
      </trkpt>
      <trkpt lat="49.815330000" lon="7.721360000">
        <ele>207.4</ele>
      </trkpt>
      <trkpt lat="49.815337000" lon="7.721320000">
        <ele>207.2</ele>
      </trkpt>
      <trkpt lat="49.815350000" lon="7.721280000">
        <ele>206.8</ele>
      </trkpt>
      <trkpt lat="49.815357000" lon="7.721247000">
        <ele>206.6</ele>
      </trkpt>
      <trkpt lat="49.815365000" lon="7.721213000">
        <ele>206.4</ele>
      </trkpt>
      <trkpt lat="49.815378000" lon="7.721175000">
        <ele>206.4</ele>
      </trkpt>
      <trkpt lat="49.815378000" lon="7.721140000">
        <ele>206.2</ele>
      </trkpt>
      <trkpt lat="49.815392000" lon="7.721105000">
        <ele>206.0</ele>
      </trkpt>
      <trkpt lat="49.815400000" lon="7.721075000">
        <ele>206.0</ele>
      </trkpt>
      <trkpt lat="49.815410000" lon="7.721040000">
        <ele>205.8</ele>
      </trkpt>
      <trkpt lat="49.815417000" lon="7.721002000">
        <ele>205.8</ele>
      </trkpt>
      <trkpt lat="49.815427000" lon="7.720970000">
        <ele>205.6</ele>
      </trkpt>
      <trkpt lat="49.815440000" lon="7.720938000">
        <ele>205.6</ele>
      </trkpt>
      <trkpt lat="49.815455000" lon="7.720915000">
        <ele>205.4</ele>
      </trkpt>
      <trkpt lat="49.815472000" lon="7.720877000">
        <ele>205.2</ele>
      </trkpt>
      <trkpt lat="49.815490000" lon="7.720840000">
        <ele>205.2</ele>
      </trkpt>
      <trkpt lat="49.815513000" lon="7.720818000">
        <ele>205.2</ele>
      </trkpt>
      <trkpt lat="49.815532000" lon="7.720815000">
        <ele>205.2</ele>
      </trkpt>
      <trkpt lat="49.815552000" lon="7.720802000">
        <ele>205.2</ele>
      </trkpt>
      <trkpt lat="49.815570000" lon="7.720793000">
        <ele>205.0</ele>
      </trkpt>
      <trkpt lat="49.815597000" lon="7.720780000">
        <ele>205.0</ele>
      </trkpt>
      <trkpt lat="49.815615000" lon="7.720763000">
        <ele>205.0</ele>
      </trkpt>
      <trkpt lat="49.815643000" lon="7.720752000">
        <ele>205.0</ele>
      </trkpt>
      <trkpt lat="49.815670000" lon="7.720727000">
        <ele>205.0</ele>
      </trkpt>
      <trkpt lat="49.815688000" lon="7.720707000">
        <ele>205.0</ele>
      </trkpt>
      <trkpt lat="49.815715000" lon="7.720687000">
        <ele>205.0</ele>
      </trkpt>
      <trkpt lat="49.815733000" lon="7.720663000">
        <ele>205.2</ele>
      </trkpt>
      <trkpt lat="49.815757000" lon="7.720647000">
        <ele>205.4</ele>
      </trkpt>
      <trkpt lat="49.815775000" lon="7.720640000">
        <ele>205.4</ele>
      </trkpt>
      <trkpt lat="49.815803000" lon="7.720623000">
        <ele>205.4</ele>
      </trkpt>
      <trkpt lat="49.815827000" lon="7.720602000">
        <ele>205.4</ele>
      </trkpt>
      <trkpt lat="49.815842000" lon="7.720587000">
        <ele>205.4</ele>
      </trkpt>
      <trkpt lat="49.815865000" lon="7.720565000">
        <ele>205.4</ele>
      </trkpt>
      <trkpt lat="49.815887000" lon="7.720543000">
        <ele>205.4</ele>
      </trkpt>
      <trkpt lat="49.815910000" lon="7.720533000">
        <ele>205.6</ele>
      </trkpt>
      <trkpt lat="49.815935000" lon="7.720527000">
        <ele>205.6</ele>
      </trkpt>
      <trkpt lat="49.815958000" lon="7.720522000">
        <ele>205.6</ele>
      </trkpt>
      <trkpt lat="49.815977000" lon="7.720517000">
        <ele>205.8</ele>
      </trkpt>
      <trkpt lat="49.816002000" lon="7.720518000">
        <ele>206.0</ele>
      </trkpt>
      <trkpt lat="49.816025000" lon="7.720502000">
        <ele>206.0</ele>
      </trkpt>
      <trkpt lat="49.816040000" lon="7.720478000">
        <ele>206.0</ele>
      </trkpt>
      <trkpt lat="49.816050000" lon="7.720432000">
        <ele>206.0</ele>
      </trkpt>
      <trkpt lat="49.816053000" lon="7.720392000">
        <ele>206.0</ele>
      </trkpt>
      <trkpt lat="49.816067000" lon="7.720367000">
        <ele>206.0</ele>
      </trkpt>
      <trkpt lat="49.816077000" lon="7.720342000">
        <ele>206.0</ele>
      </trkpt>
      <trkpt lat="49.816105000" lon="7.720318000">
        <ele>205.8</ele>
      </trkpt>
      <trkpt lat="49.816130000" lon="7.720295000">
        <ele>205.8</ele>
      </trkpt>
      <trkpt lat="49.816147000" lon="7.720277000">
        <ele>205.6</ele>
      </trkpt>
      <trkpt lat="49.816165000" lon="7.720243000">
        <ele>205.6</ele>
      </trkpt>
      <trkpt lat="49.816175000" lon="7.720217000">
        <ele>205.6</ele>
      </trkpt>
      <trkpt lat="49.816195000" lon="7.720172000">
        <ele>205.6</ele>
      </trkpt>
      <trkpt lat="49.816223000" lon="7.720148000">
        <ele>205.4</ele>
      </trkpt>
      <trkpt lat="49.816240000" lon="7.720122000">
        <ele>205.4</ele>
      </trkpt>
      <trkpt lat="49.816268000" lon="7.720100000">
        <ele>205.4</ele>
      </trkpt>
      <trkpt lat="49.816300000" lon="7.720080000">
        <ele>205.4</ele>
      </trkpt>
      <trkpt lat="49.816320000" lon="7.720065000">
        <ele>205.4</ele>
      </trkpt>
      <trkpt lat="49.816342000" lon="7.720038000">
        <ele>205.4</ele>
      </trkpt>
      <trkpt lat="49.816352000" lon="7.719998000">
        <ele>205.6</ele>
      </trkpt>
      <trkpt lat="49.816367000" lon="7.719978000">
        <ele>205.4</ele>
      </trkpt>
      <trkpt lat="49.816387000" lon="7.719962000">
        <ele>205.4</ele>
      </trkpt>
      <trkpt lat="49.816412000" lon="7.719942000">
        <ele>205.6</ele>
      </trkpt>
      <trkpt lat="49.816435000" lon="7.719927000">
        <ele>205.8</ele>
      </trkpt>
      <trkpt lat="49.816450000" lon="7.719882000">
        <ele>206.4</ele>
      </trkpt>
      <trkpt lat="49.816480000" lon="7.719860000">
        <ele>206.6</ele>
      </trkpt>
      <trkpt lat="49.816505000" lon="7.719838000">
        <ele>207.0</ele>
      </trkpt>
      <trkpt lat="49.816530000" lon="7.719820000">
        <ele>207.2</ele>
      </trkpt>
      <trkpt lat="49.816547000" lon="7.719793000">
        <ele>207.4</ele>
      </trkpt>
      <trkpt lat="49.816527000" lon="7.719797000">
        <ele>208.0</ele>
      </trkpt>
      <trkpt lat="49.816560000" lon="7.719778000">
        <ele>208.0</ele>
      </trkpt>
      <trkpt lat="49.816578000" lon="7.719763000">
        <ele>208.2</ele>
      </trkpt>
      <trkpt lat="49.816607000" lon="7.719745000">
        <ele>208.4</ele>
      </trkpt>
      <trkpt lat="49.816627000" lon="7.719738000">
        <ele>208.6</ele>
      </trkpt>
      <trkpt lat="49.816645000" lon="7.719717000">
        <ele>208.8</ele>
      </trkpt>
      <trkpt lat="49.816662000" lon="7.719700000">
        <ele>209.2</ele>
      </trkpt>
      <trkpt lat="49.816678000" lon="7.719680000">
        <ele>209.6</ele>
      </trkpt>
      <trkpt lat="49.816697000" lon="7.719665000">
        <ele>209.8</ele>
      </trkpt>
      <trkpt lat="49.816725000" lon="7.719647000">
        <ele>209.8</ele>
      </trkpt>
      <trkpt lat="49.816752000" lon="7.719640000">
        <ele>209.8</ele>
      </trkpt>
      <trkpt lat="49.816770000" lon="7.719652000">
        <ele>210.0</ele>
      </trkpt>
      <trkpt lat="49.816787000" lon="7.719665000">
        <ele>210.0</ele>
      </trkpt>
      <trkpt lat="49.816805000" lon="7.719652000">
        <ele>210.0</ele>
      </trkpt>
      <trkpt lat="49.816822000" lon="7.719637000">
        <ele>210.0</ele>
      </trkpt>
      <trkpt lat="49.816838000" lon="7.719618000">
        <ele>210.0</ele>
      </trkpt>
      <trkpt lat="49.816857000" lon="7.719600000">
        <ele>209.8</ele>
      </trkpt>
      <trkpt lat="49.816895000" lon="7.719578000">
        <ele>209.8</ele>
      </trkpt>
      <trkpt lat="49.816915000" lon="7.719575000">
        <ele>209.6</ele>
      </trkpt>
      <trkpt lat="49.816950000" lon="7.719575000">
        <ele>209.6</ele>
      </trkpt>
      <trkpt lat="49.816968000" lon="7.719577000">
        <ele>209.4</ele>
      </trkpt>
      <trkpt lat="49.816988000" lon="7.719575000">
        <ele>209.4</ele>
      </trkpt>
      <trkpt lat="49.817020000" lon="7.719567000">
        <ele>209.0</ele>
      </trkpt>
      <trkpt lat="49.817048000" lon="7.719553000">
        <ele>208.8</ele>
      </trkpt>
      <trkpt lat="49.817078000" lon="7.719520000">
        <ele>208.6</ele>
      </trkpt>
      <trkpt lat="49.817093000" lon="7.719507000">
        <ele>208.4</ele>
      </trkpt>
      <trkpt lat="49.817117000" lon="7.719487000">
        <ele>208.2</ele>
      </trkpt>
      <trkpt lat="49.817135000" lon="7.719473000">
        <ele>207.8</ele>
      </trkpt>
      <trkpt lat="49.817158000" lon="7.719470000">
        <ele>207.4</ele>
      </trkpt>
      <trkpt lat="49.817183000" lon="7.719460000">
        <ele>206.8</ele>
      </trkpt>
      <trkpt lat="49.817202000" lon="7.719422000">
        <ele>206.4</ele>
      </trkpt>
      <trkpt lat="49.817215000" lon="7.719402000">
        <ele>206.2</ele>
      </trkpt>
      <trkpt lat="49.817235000" lon="7.719388000">
        <ele>206.0</ele>
      </trkpt>
      <trkpt lat="49.817260000" lon="7.719363000">
        <ele>205.8</ele>
      </trkpt>
      <trkpt lat="49.817280000" lon="7.719352000">
        <ele>205.4</ele>
      </trkpt>
      <trkpt lat="49.817298000" lon="7.719340000">
        <ele>205.4</ele>
      </trkpt>
      <trkpt lat="49.817347000" lon="7.719263000">
        <ele>205.0</ele>
      </trkpt>
      <trkpt lat="49.817425297" lon="7.719040721">
        <ele>197.9</ele>
      </trkpt>
      <trkpt lat="49.817170396" lon="7.718755637">
        <ele>196.1</ele>
      </trkpt>
      <trkpt lat="49.817051549" lon="7.718578129">
        <ele>194.8</ele>
      </trkpt>
      <trkpt lat="49.816932549" lon="7.718386730">
        <ele>193.3</ele>
      </trkpt>
    </trkseg>
  </trk>
</gpx>
