<?xml version='1.0' encoding='UTF-8'?>
<gpx version="1.1" creator="https://www.komoot.de" xmlns="http://www.topografix.com/GPX/1/1" xmlns:xsi="http://www.w3.org/2001/XMLSchema-instance" xsi:schemaLocation="http://www.topografix.com/GPX/1/1 http://www.topografix.com/GPX/1/1/gpx.xsd">
  <metadata>
    <name>DVV PW "Aystetten im Naturpark Westliche Wälder" Digitalisierung am 09.07.2024</name>
    <author>
      <link href="https://www.komoot.de">
        <text>komoot</text>
        <type>text/html</type>
      </link>
    </author>
  </metadata>
  <trk>
    <name>DVV PW "Aystetten im Naturpark Westliche Wälder" Digitalisierung am 09.07.2024</name>
    <trkseg>
      <trkpt lat="48.404618" lon="10.774921">
        <ele>535.850446</ele>
        <time>2024-07-09T11:16:41.186Z</time>
      </trkpt>
      <trkpt lat="48.404811" lon="10.774737">
        <ele>535.850446</ele>
        <time>2024-07-09T11:16:56.741Z</time>
      </trkpt>
      <trkpt lat="48.404841" lon="10.774877">
        <ele>535.850446</ele>
        <time>2024-07-09T11:17:02.726Z</time>
      </trkpt>
      <trkpt lat="48.404912" lon="10.774969">
        <ele>535.850446</ele>
        <time>2024-07-09T11:17:08.712Z</time>
      </trkpt>
      <trkpt lat="48.405000" lon="10.775027">
        <ele>535.850446</ele>
        <time>2024-07-09T11:17:14.728Z</time>
      </trkpt>
      <trkpt lat="48.404944" lon="10.775173">
        <ele>535.850446</ele>
        <time>2024-07-09T11:17:32.728Z</time>
      </trkpt>
      <trkpt lat="48.404900" lon="10.775299">
        <ele>535.850446</ele>
        <time>2024-07-09T11:17:41.743Z</time>
      </trkpt>
      <trkpt lat="48.404802" lon="10.775308">
        <ele>535.850446</ele>
        <time>2024-07-09T11:17:47.736Z</time>
      </trkpt>
      <trkpt lat="48.404712" lon="10.775339">
        <ele>535.722255</ele>
        <time>2024-07-09T11:17:52.732Z</time>
      </trkpt>
      <trkpt lat="48.404611" lon="10.775364">
        <ele>534.744146</ele>
        <time>2024-07-09T11:17:59.736Z</time>
      </trkpt>
      <trkpt lat="48.404521" lon="10.775416">
        <ele>533.823002</ele>
        <time>2024-07-09T11:18:05.733Z</time>
      </trkpt>
      <trkpt lat="48.404433" lon="10.775475">
        <ele>532.902530</ele>
        <time>2024-07-09T11:18:10.729Z</time>
      </trkpt>
      <trkpt lat="48.404375" lon="10.775369">
        <ele>532.031093</ele>
        <time>2024-07-09T11:18:18.734Z</time>
      </trkpt>
      <trkpt lat="48.404341" lon="10.775226">
        <ele>531.067475</ele>
        <time>2024-07-09T11:18:25.730Z</time>
      </trkpt>
      <trkpt lat="48.404292" lon="10.775092">
        <ele>530.096950</ele>
        <time>2024-07-09T11:18:31.734Z</time>
      </trkpt>
      <trkpt lat="48.404214" lon="10.774965">
        <ele>528.999353</ele>
        <time>2024-07-09T11:18:38.739Z</time>
      </trkpt>
      <trkpt lat="48.404159" lon="10.774856">
        <ele>528.130787</ele>
        <time>2024-07-09T11:18:44.743Z</time>
      </trkpt>
      <trkpt lat="48.404113" lon="10.774724">
        <ele>527.185014</ele>
        <time>2024-07-09T11:18:50.734Z</time>
      </trkpt>
      <trkpt lat="48.404079" lon="10.774591">
        <ele>526.280863</ele>
        <time>2024-07-09T11:18:56.733Z</time>
      </trkpt>
      <trkpt lat="48.403997" lon="10.774496">
        <ele>525.292302</ele>
        <time>2024-07-09T11:19:03.721Z</time>
      </trkpt>
      <trkpt lat="48.403908" lon="10.774433">
        <ele>524.352581</ele>
        <time>2024-07-09T11:19:10.738Z</time>
      </trkpt>
      <trkpt lat="48.403822" lon="10.774384">
        <ele>523.473930</ele>
        <time>2024-07-09T11:19:18.738Z</time>
      </trkpt>
      <trkpt lat="48.403767" lon="10.774254">
        <ele>522.495965</ele>
        <time>2024-07-09T11:19:25.736Z</time>
      </trkpt>
      <trkpt lat="48.403737" lon="10.774104">
        <ele>521.502109</ele>
        <time>2024-07-09T11:19:32.741Z</time>
      </trkpt>
      <trkpt lat="48.403714" lon="10.773956">
        <ele>520.537805</ele>
        <time>2024-07-09T11:19:38.735Z</time>
      </trkpt>
      <trkpt lat="48.403669" lon="10.773837">
        <ele>519.668977</ele>
        <time>2024-07-09T11:19:43.738Z</time>
      </trkpt>
      <trkpt lat="48.403641" lon="10.773702">
        <ele>518.771702</ele>
        <time>2024-07-09T11:19:51.729Z</time>
      </trkpt>
      <trkpt lat="48.403565" lon="10.773624">
        <ele>518.759839</ele>
        <time>2024-07-09T11:19:58.736Z</time>
      </trkpt>
      <trkpt lat="48.403471" lon="10.773566">
        <ele>518.882671</ele>
        <time>2024-07-09T11:20:06.753Z</time>
      </trkpt>
      <trkpt lat="48.403375" lon="10.773574">
        <ele>518.998933</ele>
        <time>2024-07-09T11:20:13.780Z</time>
      </trkpt>
      <trkpt lat="48.403284" lon="10.773577">
        <ele>519.108998</ele>
        <time>2024-07-09T11:20:21.742Z</time>
      </trkpt>
      <trkpt lat="48.403192" lon="10.773607">
        <ele>519.222823</ele>
        <time>2024-07-09T11:20:29.723Z</time>
      </trkpt>
      <trkpt lat="48.403097" lon="10.773644">
        <ele>519.341476</ele>
        <time>2024-07-09T11:20:38.720Z</time>
      </trkpt>
      <trkpt lat="48.403003" lon="10.773662">
        <ele>519.456057</ele>
        <time>2024-07-09T11:20:46.729Z</time>
      </trkpt>
      <trkpt lat="48.402911" lon="10.773686">
        <ele>519.568960</ele>
        <time>2024-07-09T11:20:53.737Z</time>
      </trkpt>
      <trkpt lat="48.402818" lon="10.773729">
        <ele>519.686596</ele>
        <time>2024-07-09T11:21:00.733Z</time>
      </trkpt>
      <trkpt lat="48.402731" lon="10.773772">
        <ele>519.797316</ele>
        <time>2024-07-09T11:21:06.729Z</time>
      </trkpt>
      <trkpt lat="48.402631" lon="10.773785">
        <ele>519.918687</ele>
        <time>2024-07-09T11:21:12.737Z</time>
      </trkpt>
      <trkpt lat="48.402534" lon="10.773799">
        <ele>520.036518</ele>
        <time>2024-07-09T11:21:19.730Z</time>
      </trkpt>
      <trkpt lat="48.402445" lon="10.773750">
        <ele>520.151101</ele>
        <time>2024-07-09T11:21:27.738Z</time>
      </trkpt>
      <trkpt lat="48.402419" lon="10.773611">
        <ele>520.267034</ele>
        <time>2024-07-09T11:21:31.725Z</time>
      </trkpt>
      <trkpt lat="48.402383" lon="10.773485">
        <ele>520.377155</ele>
        <time>2024-07-09T11:21:38.726Z</time>
      </trkpt>
      <trkpt lat="48.402311" lon="10.773394">
        <ele>520.490807</ele>
        <time>2024-07-09T11:21:46.726Z</time>
      </trkpt>
      <trkpt lat="48.402259" lon="10.773269">
        <ele>520.609229</ele>
        <time>2024-07-09T11:21:50.729Z</time>
      </trkpt>
      <trkpt lat="48.402206" lon="10.773141">
        <ele>520.730334</ele>
        <time>2024-07-09T11:21:57.737Z</time>
      </trkpt>
      <trkpt lat="48.402175" lon="10.773010">
        <ele>520.844538</ele>
        <time>2024-07-09T11:22:03.725Z</time>
      </trkpt>
      <trkpt lat="48.402110" lon="10.772900">
        <ele>521.028764</ele>
        <time>2024-07-09T11:22:10.728Z</time>
      </trkpt>
      <trkpt lat="48.402048" lon="10.772795">
        <ele>521.204558</ele>
        <time>2024-07-09T11:22:16.718Z</time>
      </trkpt>
      <trkpt lat="48.401979" lon="10.772691">
        <ele>521.388495</ele>
        <time>2024-07-09T11:22:24.728Z</time>
      </trkpt>
      <trkpt lat="48.401925" lon="10.772574">
        <ele>521.566759</ele>
        <time>2024-07-09T11:22:31.728Z</time>
      </trkpt>
      <trkpt lat="48.401867" lon="10.772460">
        <ele>521.746437</ele>
        <time>2024-07-09T11:22:38.739Z</time>
      </trkpt>
      <trkpt lat="48.401811" lon="10.772338">
        <ele>521.931989</ele>
        <time>2024-07-09T11:22:46.726Z</time>
      </trkpt>
      <trkpt lat="48.401768" lon="10.772199">
        <ele>522.123833</ele>
        <time>2024-07-09T11:22:53.711Z</time>
      </trkpt>
      <trkpt lat="48.401697" lon="10.772097">
        <ele>522.308718</ele>
        <time>2024-07-09T11:23:00.728Z</time>
      </trkpt>
      <trkpt lat="48.401651" lon="10.771979">
        <ele>522.479906</ele>
        <time>2024-07-09T11:23:07.723Z</time>
      </trkpt>
      <trkpt lat="48.401585" lon="10.771860">
        <ele>522.673891</ele>
        <time>2024-07-09T11:23:15.728Z</time>
      </trkpt>
      <trkpt lat="48.401502" lon="10.771768">
        <ele>522.868077</ele>
        <time>2024-07-09T11:23:22.732Z</time>
      </trkpt>
      <trkpt lat="48.401413" lon="10.771688">
        <ele>523.063377</ele>
        <time>2024-07-09T11:23:29.728Z</time>
      </trkpt>
      <trkpt lat="48.401340" lon="10.771594">
        <ele>523.244350</ele>
        <time>2024-07-09T11:23:42.732Z</time>
      </trkpt>
      <trkpt lat="48.401241" lon="10.771566">
        <ele>523.434160</ele>
        <time>2024-07-09T11:23:59.718Z</time>
      </trkpt>
      <trkpt lat="48.401153" lon="10.771507">
        <ele>523.615669</ele>
        <time>2024-07-09T11:24:05.728Z</time>
      </trkpt>
      <trkpt lat="48.401065" lon="10.771463">
        <ele>523.790389</ele>
        <time>2024-07-09T11:24:12.730Z</time>
      </trkpt>
      <trkpt lat="48.400977" lon="10.771405">
        <ele>523.971392</ele>
        <time>2024-07-09T11:24:20.735Z</time>
      </trkpt>
      <trkpt lat="48.400884" lon="10.771347">
        <ele>524.161065</ele>
        <time>2024-07-09T11:24:28.729Z</time>
      </trkpt>
      <trkpt lat="48.400785" lon="10.771314">
        <ele>524.746645</ele>
        <time>2024-07-09T11:24:35.732Z</time>
      </trkpt>
      <trkpt lat="48.400693" lon="10.771265">
        <ele>525.508751</ele>
        <time>2024-07-09T11:24:42.728Z</time>
      </trkpt>
      <trkpt lat="48.400605" lon="10.771195">
        <ele>526.285976</ele>
        <time>2024-07-09T11:24:49.727Z</time>
      </trkpt>
      <trkpt lat="48.400506" lon="10.771158">
        <ele>527.082601</ele>
        <time>2024-07-09T11:24:56.711Z</time>
      </trkpt>
      <trkpt lat="48.400417" lon="10.771115">
        <ele>527.812564</ele>
        <time>2024-07-09T11:25:03.733Z</time>
      </trkpt>
      <trkpt lat="48.400328" lon="10.771062">
        <ele>528.559998</ele>
        <time>2024-07-09T11:25:10.733Z</time>
      </trkpt>
      <trkpt lat="48.400268" lon="10.770958">
        <ele>529.274404</ele>
        <time>2024-07-09T11:25:17.724Z</time>
      </trkpt>
      <trkpt lat="48.400237" lon="10.770811">
        <ele>530.074149</ele>
        <time>2024-07-09T11:25:25.718Z</time>
      </trkpt>
      <trkpt lat="48.400242" lon="10.770665">
        <ele>530.832189</ele>
        <time>2024-07-09T11:25:33.726Z</time>
      </trkpt>
      <trkpt lat="48.400296" lon="10.770551">
        <ele>531.558321</ele>
        <time>2024-07-09T11:25:40.718Z</time>
      </trkpt>
      <trkpt lat="48.400367" lon="10.770462">
        <ele>532.279732</ele>
        <time>2024-07-09T11:25:47.722Z</time>
      </trkpt>
      <trkpt lat="48.400444" lon="10.770392">
        <ele>532.982138</ele>
        <time>2024-07-09T11:25:54.730Z</time>
      </trkpt>
      <trkpt lat="48.400528" lon="10.770343">
        <ele>533.685649</ele>
        <time>2024-07-09T11:26:01.737Z</time>
      </trkpt>
      <trkpt lat="48.400616" lon="10.770293">
        <ele>534.420192</ele>
        <time>2024-07-09T11:26:07.718Z</time>
      </trkpt>
      <trkpt lat="48.400700" lon="10.770230">
        <ele>535.153052</ele>
        <time>2024-07-09T11:26:13.737Z</time>
      </trkpt>
      <trkpt lat="48.400790" lon="10.770162">
        <ele>535.939418</ele>
        <time>2024-07-09T11:26:19.730Z</time>
      </trkpt>
      <trkpt lat="48.400876" lon="10.770094">
        <ele>536.697989</ele>
        <time>2024-07-09T11:26:25.717Z</time>
      </trkpt>
      <trkpt lat="48.400955" lon="10.770007">
        <ele>537.462292</ele>
        <time>2024-07-09T11:26:32.731Z</time>
      </trkpt>
      <trkpt lat="48.401022" lon="10.769909">
        <ele>538.191680</ele>
        <time>2024-07-09T11:26:39.730Z</time>
      </trkpt>
      <trkpt lat="48.401059" lon="10.769775">
        <ele>538.047137</ele>
        <time>2024-07-09T11:26:47.735Z</time>
      </trkpt>
      <trkpt lat="48.401090" lon="10.769633">
        <ele>537.784987</ele>
        <time>2024-07-09T11:26:53.721Z</time>
      </trkpt>
      <trkpt lat="48.401103" lon="10.769493">
        <ele>537.537072</ele>
        <time>2024-07-09T11:27:01.733Z</time>
      </trkpt>
      <trkpt lat="48.401105" lon="10.769352">
        <ele>537.289737</ele>
        <time>2024-07-09T11:27:09.735Z</time>
      </trkpt>
      <trkpt lat="48.401097" lon="10.769200">
        <ele>537.022331</ele>
        <time>2024-07-09T11:27:14.722Z</time>
      </trkpt>
      <trkpt lat="48.401083" lon="10.769047">
        <ele>536.751471</ele>
        <time>2024-07-09T11:27:21.735Z</time>
      </trkpt>
      <trkpt lat="48.401052" lon="10.768910">
        <ele>536.497636</ele>
        <time>2024-07-09T11:27:29.713Z</time>
      </trkpt>
      <trkpt lat="48.401009" lon="10.768779">
        <ele>536.241350</ele>
        <time>2024-07-09T11:27:35.731Z</time>
      </trkpt>
      <trkpt lat="48.400969" lon="10.768653">
        <ele>535.996414</ele>
        <time>2024-07-09T11:27:42.730Z</time>
      </trkpt>
      <trkpt lat="48.400918" lon="10.768527">
        <ele>535.737613</ele>
        <time>2024-07-09T11:27:49.721Z</time>
      </trkpt>
      <trkpt lat="48.400891" lon="10.768391">
        <ele>535.488667</ele>
        <time>2024-07-09T11:27:56.719Z</time>
      </trkpt>
      <trkpt lat="48.400918" lon="10.768261">
        <ele>535.249784</ele>
        <time>2024-07-09T11:28:02.738Z</time>
      </trkpt>
      <trkpt lat="48.400877" lon="10.768101">
        <ele>534.949007</ele>
        <time>2024-07-09T11:28:09.736Z</time>
      </trkpt>
      <trkpt lat="48.400825" lon="10.767948">
        <ele>534.647568</ele>
        <time>2024-07-09T11:28:17.743Z</time>
      </trkpt>
      <trkpt lat="48.400761" lon="10.767828">
        <ele>534.377623</ele>
        <time>2024-07-09T11:28:24.716Z</time>
      </trkpt>
      <trkpt lat="48.400684" lon="10.767725">
        <ele>534.105592</ele>
        <time>2024-07-09T11:28:32.733Z</time>
      </trkpt>
      <trkpt lat="48.400605" lon="10.767637">
        <ele>533.846042</ele>
        <time>2024-07-09T11:28:39.730Z</time>
      </trkpt>
      <trkpt lat="48.400531" lon="10.767547">
        <ele>533.594799</ele>
        <time>2024-07-09T11:28:45.739Z</time>
      </trkpt>
      <trkpt lat="48.400447" lon="10.767469">
        <ele>534.155564</ele>
        <time>2024-07-09T11:28:53.722Z</time>
      </trkpt>
      <trkpt lat="48.400357" lon="10.767396">
        <ele>535.061942</ele>
        <time>2024-07-09T11:29:01.739Z</time>
      </trkpt>
      <trkpt lat="48.400257" lon="10.767354">
        <ele>535.982461</ele>
        <time>2024-07-09T11:29:09.734Z</time>
      </trkpt>
      <trkpt lat="48.400167" lon="10.767320">
        <ele>536.805201</ele>
        <time>2024-07-09T11:29:15.740Z</time>
      </trkpt>
      <trkpt lat="48.400073" lon="10.767257">
        <ele>537.717482</ele>
        <time>2024-07-09T11:29:21.720Z</time>
      </trkpt>
      <trkpt lat="48.399991" lon="10.767169">
        <ele>538.610250</ele>
        <time>2024-07-09T11:29:28.740Z</time>
      </trkpt>
      <trkpt lat="48.399905" lon="10.767110">
        <ele>539.448182</ele>
        <time>2024-07-09T11:29:36.722Z</time>
      </trkpt>
      <trkpt lat="48.399827" lon="10.767042">
        <ele>540.247300</ele>
        <time>2024-07-09T11:29:43.734Z</time>
      </trkpt>
      <trkpt lat="48.399729" lon="10.767003">
        <ele>541.146077</ele>
        <time>2024-07-09T11:29:51.736Z</time>
      </trkpt>
      <trkpt lat="48.399629" lon="10.766975">
        <ele>542.047960</ele>
        <time>2024-07-09T11:30:00.728Z</time>
      </trkpt>
      <trkpt lat="48.399532" lon="10.767009">
        <ele>542.931034</ele>
        <time>2024-07-09T11:30:06.737Z</time>
      </trkpt>
      <trkpt lat="48.399440" lon="10.767019">
        <ele>543.748911</ele>
        <time>2024-07-09T11:30:13.714Z</time>
      </trkpt>
      <trkpt lat="48.399352" lon="10.767050">
        <ele>544.550257</ele>
        <time>2024-07-09T11:30:21.722Z</time>
      </trkpt>
      <trkpt lat="48.399261" lon="10.767089">
        <ele>545.389176</ele>
        <time>2024-07-09T11:30:29.729Z</time>
      </trkpt>
      <trkpt lat="48.399171" lon="10.767138">
        <ele>546.237735</ele>
        <time>2024-07-09T11:30:36.731Z</time>
      </trkpt>
      <trkpt lat="48.399075" lon="10.767193">
        <ele>547.148461</ele>
        <time>2024-07-09T11:30:43.727Z</time>
      </trkpt>
      <trkpt lat="48.398992" lon="10.767251">
        <ele>547.959766</ele>
        <time>2024-07-09T11:30:49.720Z</time>
      </trkpt>
      <trkpt lat="48.398893" lon="10.767300">
        <ele>548.883774</ele>
        <time>2024-07-09T11:30:56.714Z</time>
      </trkpt>
      <trkpt lat="48.398806" lon="10.767361">
        <ele>549.719316</ele>
        <time>2024-07-09T11:31:02.737Z</time>
      </trkpt>
      <trkpt lat="48.398718" lon="10.767407">
        <ele>550.497101</ele>
        <time>2024-07-09T11:31:09.727Z</time>
      </trkpt>
      <trkpt lat="48.398619" lon="10.767406">
        <ele>551.323757</ele>
        <time>2024-07-09T11:31:16.732Z</time>
      </trkpt>
      <trkpt lat="48.398518" lon="10.767381">
        <ele>552.178407</ele>
        <time>2024-07-09T11:31:25.738Z</time>
      </trkpt>
      <trkpt lat="48.398352" lon="10.767269">
        <ele>553.697205</ele>
        <time>2024-07-09T11:31:58.733Z</time>
      </trkpt>
      <trkpt lat="48.398341" lon="10.767131">
        <ele>554.467754</ele>
        <time>2024-07-09T11:32:05.712Z</time>
      </trkpt>
      <trkpt lat="48.398347" lon="10.766992">
        <ele>555.239980</ele>
        <time>2024-07-09T11:32:09.714Z</time>
      </trkpt>
      <trkpt lat="48.398387" lon="10.766848">
        <ele>556.105350</ele>
        <time>2024-07-09T11:32:15.734Z</time>
      </trkpt>
      <trkpt lat="48.398418" lon="10.766711">
        <ele>556.907758</ele>
        <time>2024-07-09T11:32:22.718Z</time>
      </trkpt>
      <trkpt lat="48.398477" lon="10.766601">
        <ele>557.691712</ele>
        <time>2024-07-09T11:32:30.732Z</time>
      </trkpt>
      <trkpt lat="48.398543" lon="10.766492">
        <ele>558.509549</ele>
        <time>2024-07-09T11:32:37.730Z</time>
      </trkpt>
      <trkpt lat="48.398590" lon="10.766360">
        <ele>559.339927</ele>
        <time>2024-07-09T11:32:44.732Z</time>
      </trkpt>
      <trkpt lat="48.398563" lon="10.766224">
        <ele>560.126876</ele>
        <time>2024-07-09T11:32:52.716Z</time>
      </trkpt>
      <trkpt lat="48.398521" lon="10.766090">
        <ele>560.948370</ele>
        <time>2024-07-09T11:32:57.736Z</time>
      </trkpt>
      <trkpt lat="48.398453" lon="10.765982">
        <ele>561.773521</ele>
        <time>2024-07-09T11:33:03.740Z</time>
      </trkpt>
      <trkpt lat="48.398397" lon="10.765857">
        <ele>562.609505</ele>
        <time>2024-07-09T11:33:09.717Z</time>
      </trkpt>
      <trkpt lat="48.398323" lon="10.765765">
        <ele>563.410708</ele>
        <time>2024-07-09T11:33:18.733Z</time>
      </trkpt>
      <trkpt lat="48.398248" lon="10.765670">
        <ele>564.228973</ele>
        <time>2024-07-09T11:33:24.734Z</time>
      </trkpt>
      <trkpt lat="48.398160" lon="10.765561">
        <ele>564.781135</ele>
        <time>2024-07-09T11:33:35.731Z</time>
      </trkpt>
      <trkpt lat="48.398058" lon="10.765485">
        <ele>565.182243</ele>
        <time>2024-07-09T11:33:41.723Z</time>
      </trkpt>
      <trkpt lat="48.397983" lon="10.765396">
        <ele>565.518788</ele>
        <time>2024-07-09T11:33:47.733Z</time>
      </trkpt>
      <trkpt lat="48.397942" lon="10.765274">
        <ele>565.838786</ele>
        <time>2024-07-09T11:33:52.720Z</time>
      </trkpt>
      <trkpt lat="48.397918" lon="10.765142">
        <ele>566.159070</ele>
        <time>2024-07-09T11:34:00.741Z</time>
      </trkpt>
      <trkpt lat="48.397887" lon="10.765009">
        <ele>566.488943</ele>
        <time>2024-07-09T11:34:07.722Z</time>
      </trkpt>
      <trkpt lat="48.397862" lon="10.764868">
        <ele>566.830479</ele>
        <time>2024-07-09T11:34:13.722Z</time>
      </trkpt>
      <trkpt lat="48.397800" lon="10.764730">
        <ele>567.220421</ele>
        <time>2024-07-09T11:34:20.732Z</time>
      </trkpt>
      <trkpt lat="48.397772" lon="10.764593">
        <ele>567.555880</ele>
        <time>2024-07-09T11:34:27.735Z</time>
      </trkpt>
      <trkpt lat="48.397713" lon="10.764469">
        <ele>567.912890</ele>
        <time>2024-07-09T11:34:34.735Z</time>
      </trkpt>
      <trkpt lat="48.397650" lon="10.764363">
        <ele>568.245825</ele>
        <time>2024-07-09T11:34:41.721Z</time>
      </trkpt>
      <trkpt lat="48.397585" lon="10.764251">
        <ele>568.593948</ele>
        <time>2024-07-09T11:34:51.729Z</time>
      </trkpt>
      <trkpt lat="48.397503" lon="10.764143">
        <ele>568.977896</ele>
        <time>2024-07-09T11:34:58.719Z</time>
      </trkpt>
      <trkpt lat="48.397435" lon="10.764039">
        <ele>569.319486</ele>
        <time>2024-07-09T11:35:03.729Z</time>
      </trkpt>
      <trkpt lat="48.397382" lon="10.763929">
        <ele>569.637553</ele>
        <time>2024-07-09T11:35:09.749Z</time>
      </trkpt>
      <trkpt lat="48.397326" lon="10.763803">
        <ele>569.992391</ele>
        <time>2024-07-09T11:35:25.731Z</time>
      </trkpt>
      <trkpt lat="48.397307" lon="10.763660">
        <ele>570.333683</ele>
        <time>2024-07-09T11:35:35.723Z</time>
      </trkpt>
      <trkpt lat="48.397285" lon="10.763506">
        <ele>570.702331</ele>
        <time>2024-07-09T11:35:38.716Z</time>
      </trkpt>
      <trkpt lat="48.397257" lon="10.763368">
        <ele>570.746333</ele>
        <time>2024-07-09T11:35:43.712Z</time>
      </trkpt>
      <trkpt lat="48.397234" lon="10.763232">
        <ele>570.617232</ele>
        <time>2024-07-09T11:35:49.732Z</time>
      </trkpt>
      <trkpt lat="48.397199" lon="10.763088">
        <ele>570.476169</ele>
        <time>2024-07-09T11:35:56.715Z</time>
      </trkpt>
      <trkpt lat="48.397152" lon="10.762971">
        <ele>570.350375</ele>
        <time>2024-07-09T11:36:03.729Z</time>
      </trkpt>
      <trkpt lat="48.397063" lon="10.762901">
        <ele>570.211266</ele>
        <time>2024-07-09T11:36:14.716Z</time>
      </trkpt>
      <trkpt lat="48.396987" lon="10.762828">
        <ele>570.086379</ele>
        <time>2024-07-09T11:36:21.720Z</time>
      </trkpt>
      <trkpt lat="48.396892" lon="10.762793">
        <ele>569.950879</ele>
        <time>2024-07-09T11:36:29.735Z</time>
      </trkpt>
      <trkpt lat="48.396807" lon="10.762740">
        <ele>569.823420</ele>
        <time>2024-07-09T11:36:37.724Z</time>
      </trkpt>
      <trkpt lat="48.396713" lon="10.762697">
        <ele>569.687311</ele>
        <time>2024-07-09T11:36:40.732Z</time>
      </trkpt>
      <trkpt lat="48.396625" lon="10.762635">
        <ele>569.552709</ele>
        <time>2024-07-09T11:36:48.724Z</time>
      </trkpt>
      <trkpt lat="48.396572" lon="10.762511">
        <ele>569.417048</ele>
        <time>2024-07-09T11:36:58.727Z</time>
      </trkpt>
      <trkpt lat="48.396532" lon="10.762362">
        <ele>569.269201</ele>
        <time>2024-07-09T11:37:04.714Z</time>
      </trkpt>
      <trkpt lat="48.396500" lon="10.762202">
        <ele>569.115483</ele>
        <time>2024-07-09T11:37:10.734Z</time>
      </trkpt>
      <trkpt lat="48.396454" lon="10.762080">
        <ele>568.986420</ele>
        <time>2024-07-09T11:37:16.727Z</time>
      </trkpt>
      <trkpt lat="48.396412" lon="10.761939">
        <ele>568.844257</ele>
        <time>2024-07-09T11:37:26.733Z</time>
      </trkpt>
      <trkpt lat="48.396354" lon="10.761825">
        <ele>568.712139</ele>
        <time>2024-07-09T11:37:34.717Z</time>
      </trkpt>
      <trkpt lat="48.396294" lon="10.761713">
        <ele>568.579754</ele>
        <time>2024-07-09T11:37:41.729Z</time>
      </trkpt>
      <trkpt lat="48.396235" lon="10.761595">
        <ele>568.443868</ele>
        <time>2024-07-09T11:37:49.724Z</time>
      </trkpt>
      <trkpt lat="48.396183" lon="10.761476">
        <ele>568.142109</ele>
        <time>2024-07-09T11:37:57.713Z</time>
      </trkpt>
      <trkpt lat="48.396137" lon="10.761348">
        <ele>567.072051</ele>
        <time>2024-07-09T11:38:03.731Z</time>
      </trkpt>
      <trkpt lat="48.396075" lon="10.761240">
        <ele>566.022403</ele>
        <time>2024-07-09T11:38:10.727Z</time>
      </trkpt>
      <trkpt lat="48.396013" lon="10.761123">
        <ele>564.921850</ele>
        <time>2024-07-09T11:38:16.729Z</time>
      </trkpt>
      <trkpt lat="48.395958" lon="10.760998">
        <ele>563.819375</ele>
        <time>2024-07-09T11:38:23.733Z</time>
      </trkpt>
      <trkpt lat="48.395913" lon="10.760876">
        <ele>562.793317</ele>
        <time>2024-07-09T11:38:29.726Z</time>
      </trkpt>
      <trkpt lat="48.395874" lon="10.760734">
        <ele>561.663537</ele>
        <time>2024-07-09T11:38:36.726Z</time>
      </trkpt>
      <trkpt lat="48.395839" lon="10.760597">
        <ele>560.584320</ele>
        <time>2024-07-09T11:38:43.723Z</time>
      </trkpt>
      <trkpt lat="48.395817" lon="10.760447">
        <ele>559.454925</ele>
        <time>2024-07-09T11:38:51.726Z</time>
      </trkpt>
      <trkpt lat="48.395810" lon="10.760308">
        <ele>558.430052</ele>
        <time>2024-07-09T11:38:58.728Z</time>
      </trkpt>
      <trkpt lat="48.395798" lon="10.760163">
        <ele>557.355753</ele>
        <time>2024-07-09T11:39:05.726Z</time>
      </trkpt>
      <trkpt lat="48.395770" lon="10.760020">
        <ele>556.259645</ele>
        <time>2024-07-09T11:39:13.727Z</time>
      </trkpt>
      <trkpt lat="48.395754" lon="10.759868">
        <ele>555.128173</ele>
        <time>2024-07-09T11:39:21.733Z</time>
      </trkpt>
      <trkpt lat="48.395717" lon="10.759741">
        <ele>554.108532</ele>
        <time>2024-07-09T11:39:28.726Z</time>
      </trkpt>
      <trkpt lat="48.395720" lon="10.759587">
        <ele>552.975824</ele>
        <time>2024-07-09T11:39:35.725Z</time>
      </trkpt>
      <trkpt lat="48.395742" lon="10.759444">
        <ele>551.896623</ele>
        <time>2024-07-09T11:39:42.728Z</time>
      </trkpt>
      <trkpt lat="48.395727" lon="10.759307">
        <ele>550.875786</ele>
        <time>2024-07-09T11:39:48.723Z</time>
      </trkpt>
      <trkpt lat="48.395693" lon="10.759160">
        <ele>549.731336</ele>
        <time>2024-07-09T11:39:56.721Z</time>
      </trkpt>
      <trkpt lat="48.395666" lon="10.759010">
        <ele>548.588717</ele>
        <time>2024-07-09T11:40:03.726Z</time>
      </trkpt>
      <trkpt lat="48.395643" lon="10.758878">
        <ele>548.614321</ele>
        <time>2024-07-09T11:40:10.729Z</time>
      </trkpt>
      <trkpt lat="48.395618" lon="10.758734">
        <ele>548.866893</ele>
        <time>2024-07-09T11:40:17.735Z</time>
      </trkpt>
      <trkpt lat="48.395602" lon="10.758598">
        <ele>549.101269</ele>
        <time>2024-07-09T11:40:24.730Z</time>
      </trkpt>
      <trkpt lat="48.395587" lon="10.758459">
        <ele>549.340237</ele>
        <time>2024-07-09T11:40:34.725Z</time>
      </trkpt>
      <trkpt lat="48.395568" lon="10.758326">
        <ele>549.571093</ele>
        <time>2024-07-09T11:40:42.732Z</time>
      </trkpt>
      <trkpt lat="48.395562" lon="10.758181">
        <ele>549.817625</ele>
        <time>2024-07-09T11:40:49.730Z</time>
      </trkpt>
      <trkpt lat="48.395544" lon="10.758041">
        <ele>550.059607</ele>
        <time>2024-07-09T11:40:56.720Z</time>
      </trkpt>
      <trkpt lat="48.395543" lon="10.757889">
        <ele>550.317553</ele>
        <time>2024-07-09T11:41:04.729Z</time>
      </trkpt>
      <trkpt lat="48.395549" lon="10.757738">
        <ele>550.574248</ele>
        <time>2024-07-09T11:41:11.728Z</time>
      </trkpt>
      <trkpt lat="48.395565" lon="10.757591">
        <ele>550.827025</ele>
        <time>2024-07-09T11:41:18.731Z</time>
      </trkpt>
      <trkpt lat="48.395600" lon="10.757462">
        <ele>551.063499</ele>
        <time>2024-07-09T11:41:25.729Z</time>
      </trkpt>
      <trkpt lat="48.395583" lon="10.757316">
        <ele>551.315031</ele>
        <time>2024-07-09T11:41:31.733Z</time>
      </trkpt>
      <trkpt lat="48.395587" lon="10.757173">
        <ele>551.557907</ele>
        <time>2024-07-09T11:41:38.728Z</time>
      </trkpt>
      <trkpt lat="48.395631" lon="10.757041">
        <ele>551.808543</ele>
        <time>2024-07-09T11:41:46.726Z</time>
      </trkpt>
      <trkpt lat="48.395619" lon="10.756889">
        <ele>552.068292</ele>
        <time>2024-07-09T11:41:54.726Z</time>
      </trkpt>
      <trkpt lat="48.395646" lon="10.756734">
        <ele>552.340216</ele>
        <time>2024-07-09T11:42:02.729Z</time>
      </trkpt>
      <trkpt lat="48.395697" lon="10.756597">
        <ele>552.606740</ele>
        <time>2024-07-09T11:42:09.728Z</time>
      </trkpt>
      <trkpt lat="48.395738" lon="10.756461">
        <ele>552.860195</ele>
        <time>2024-07-09T11:42:15.727Z</time>
      </trkpt>
      <trkpt lat="48.395770" lon="10.756314">
        <ele>552.981552</ele>
        <time>2024-07-09T11:42:21.726Z</time>
      </trkpt>
      <trkpt lat="48.395780" lon="10.756179">
        <ele>552.900972</ele>
        <time>2024-07-09T11:42:27.708Z</time>
      </trkpt>
      <trkpt lat="48.395775" lon="10.756037">
        <ele>552.816617</ele>
        <time>2024-07-09T11:42:32.722Z</time>
      </trkpt>
      <trkpt lat="48.395777" lon="10.755881">
        <ele>552.724058</ele>
        <time>2024-07-09T11:42:38.730Z</time>
      </trkpt>
      <trkpt lat="48.395754" lon="10.755741">
        <ele>552.638504</ele>
        <time>2024-07-09T11:42:45.707Z</time>
      </trkpt>
      <trkpt lat="48.395742" lon="10.755598">
        <ele>552.552999</ele>
        <time>2024-07-09T11:42:53.725Z</time>
      </trkpt>
      <trkpt lat="48.395759" lon="10.755459">
        <ele>552.469155</ele>
        <time>2024-07-09T11:43:01.722Z</time>
      </trkpt>
      <trkpt lat="48.395794" lon="10.755323">
        <ele>552.382630</ele>
        <time>2024-07-09T11:43:08.734Z</time>
      </trkpt>
      <trkpt lat="48.395778" lon="10.755176">
        <ele>552.294264</ele>
        <time>2024-07-09T11:43:15.729Z</time>
      </trkpt>
      <trkpt lat="48.395756" lon="10.755017">
        <ele>552.197917</ele>
        <time>2024-07-09T11:43:22.728Z</time>
      </trkpt>
      <trkpt lat="48.395779" lon="10.754874">
        <ele>552.110634</ele>
        <time>2024-07-09T11:43:28.717Z</time>
      </trkpt>
      <trkpt lat="48.395814" lon="10.754748">
        <ele>552.029611</ele>
        <time>2024-07-09T11:43:35.728Z</time>
      </trkpt>
      <trkpt lat="48.395859" lon="10.754616">
        <ele>551.941589</ele>
        <time>2024-07-09T11:43:42.732Z</time>
      </trkpt>
      <trkpt lat="48.395901" lon="10.754480">
        <ele>551.852613</ele>
        <time>2024-07-09T11:43:48.738Z</time>
      </trkpt>
      <trkpt lat="48.395940" lon="10.754353">
        <ele>551.769608</ele>
        <time>2024-07-09T11:43:56.730Z</time>
      </trkpt>
      <trkpt lat="48.395985" lon="10.754216">
        <ele>551.678937</ele>
        <time>2024-07-09T11:44:02.727Z</time>
      </trkpt>
      <trkpt lat="48.396005" lon="10.754083">
        <ele>551.598042</ele>
        <time>2024-07-09T11:44:08.728Z</time>
      </trkpt>
      <trkpt lat="48.396008" lon="10.753937">
        <ele>551.511391</ele>
        <time>2024-07-09T11:44:16.728Z</time>
      </trkpt>
      <trkpt lat="48.396024" lon="10.753784">
        <ele>551.419511</ele>
        <time>2024-07-09T11:44:24.730Z</time>
      </trkpt>
      <trkpt lat="48.396004" lon="10.753642">
        <ele>551.541134</ele>
        <time>2024-07-09T11:44:31.734Z</time>
      </trkpt>
      <trkpt lat="48.396028" lon="10.753492">
        <ele>551.694087</ele>
        <time>2024-07-09T11:44:38.728Z</time>
      </trkpt>
      <trkpt lat="48.396073" lon="10.753354">
        <ele>551.846495</ele>
        <time>2024-07-09T11:44:45.720Z</time>
      </trkpt>
      <trkpt lat="48.396080" lon="10.753219">
        <ele>551.980729</ele>
        <time>2024-07-09T11:44:51.709Z</time>
      </trkpt>
      <trkpt lat="48.396053" lon="10.753073">
        <ele>552.130969</ele>
        <time>2024-07-09T11:44:56.726Z</time>
      </trkpt>
      <trkpt lat="48.396020" lon="10.752930">
        <ele>552.281045</ele>
        <time>2024-07-09T11:45:06.728Z</time>
      </trkpt>
      <trkpt lat="48.396005" lon="10.752784">
        <ele>552.427498</ele>
        <time>2024-07-09T11:45:12.741Z</time>
      </trkpt>
      <trkpt lat="48.395994" lon="10.752633">
        <ele>552.578085</ele>
        <time>2024-07-09T11:45:19.735Z</time>
      </trkpt>
      <trkpt lat="48.395977" lon="10.752499">
        <ele>552.713324</ele>
        <time>2024-07-09T11:45:25.734Z</time>
      </trkpt>
      <trkpt lat="48.395943" lon="10.752360">
        <ele>552.860169</ele>
        <time>2024-07-09T11:45:33.713Z</time>
      </trkpt>
      <trkpt lat="48.395920" lon="10.752215">
        <ele>553.007954</ele>
        <time>2024-07-09T11:45:40.721Z</time>
      </trkpt>
      <trkpt lat="48.395909" lon="10.752062">
        <ele>553.160511</ele>
        <time>2024-07-09T11:45:47.733Z</time>
      </trkpt>
      <trkpt lat="48.395869" lon="10.751918">
        <ele>553.315249</ele>
        <time>2024-07-09T11:45:54.723Z</time>
      </trkpt>
      <trkpt lat="48.395849" lon="10.751772">
        <ele>553.463029</ele>
        <time>2024-07-09T11:46:01.731Z</time>
      </trkpt>
      <trkpt lat="48.395832" lon="10.751629">
        <ele>553.607041</ele>
        <time>2024-07-09T11:46:07.726Z</time>
      </trkpt>
      <trkpt lat="48.395789" lon="10.751496">
        <ele>553.753685</ele>
        <time>2024-07-09T11:46:15.720Z</time>
      </trkpt>
      <trkpt lat="48.395760" lon="10.751353">
        <ele>553.901908</ele>
        <time>2024-07-09T11:46:22.728Z</time>
      </trkpt>
      <trkpt lat="48.395724" lon="10.751226">
        <ele>554.038798</ele>
        <time>2024-07-09T11:46:27.726Z</time>
      </trkpt>
      <trkpt lat="48.395689" lon="10.751086">
        <ele>554.136967</ele>
        <time>2024-07-09T11:46:35.726Z</time>
      </trkpt>
      <trkpt lat="48.395644" lon="10.750955">
        <ele>554.202256</ele>
        <time>2024-07-09T11:46:41.716Z</time>
      </trkpt>
      <trkpt lat="48.395608" lon="10.750815">
        <ele>554.268714</ele>
        <time>2024-07-09T11:46:47.732Z</time>
      </trkpt>
      <trkpt lat="48.395595" lon="10.750678">
        <ele>554.329975</ele>
        <time>2024-07-09T11:46:54.730Z</time>
      </trkpt>
      <trkpt lat="48.395569" lon="10.750543">
        <ele>554.392197</ele>
        <time>2024-07-09T11:47:01.718Z</time>
      </trkpt>
      <trkpt lat="48.395543" lon="10.750408">
        <ele>554.454419</ele>
        <time>2024-07-09T11:47:08.726Z</time>
      </trkpt>
      <trkpt lat="48.395529" lon="10.750258">
        <ele>554.521471</ele>
        <time>2024-07-09T11:47:16.736Z</time>
      </trkpt>
      <trkpt lat="48.395497" lon="10.750112">
        <ele>554.589530</ele>
        <time>2024-07-09T11:47:22.729Z</time>
      </trkpt>
      <trkpt lat="48.395476" lon="10.749979">
        <ele>554.650046</ele>
        <time>2024-07-09T11:47:30.728Z</time>
      </trkpt>
      <trkpt lat="48.395432" lon="10.749851">
        <ele>554.713849</ele>
        <time>2024-07-09T11:47:36.721Z</time>
      </trkpt>
      <trkpt lat="48.395377" lon="10.749739">
        <ele>554.775514</ele>
        <time>2024-07-09T11:47:42.726Z</time>
      </trkpt>
      <trkpt lat="48.395352" lon="10.749599">
        <ele>554.839689</ele>
        <time>2024-07-09T11:47:48.732Z</time>
      </trkpt>
      <trkpt lat="48.395330" lon="10.749449">
        <ele>554.907689</ele>
        <time>2024-07-09T11:47:56.733Z</time>
      </trkpt>
      <trkpt lat="48.395293" lon="10.749309">
        <ele>554.974390</ele>
        <time>2024-07-09T11:48:03.732Z</time>
      </trkpt>
      <trkpt lat="48.395291" lon="10.749172">
        <ele>555.035050</ele>
        <time>2024-07-09T11:48:11.725Z</time>
      </trkpt>
      <trkpt lat="48.395253" lon="10.749019">
        <ele>555.107360</ele>
        <time>2024-07-09T11:48:18.726Z</time>
      </trkpt>
      <trkpt lat="48.395209" lon="10.748885">
        <ele>555.173534</ele>
        <time>2024-07-09T11:48:25.730Z</time>
      </trkpt>
      <trkpt lat="48.395187" lon="10.748748">
        <ele>555.235927</ele>
        <time>2024-07-09T11:48:34.728Z</time>
      </trkpt>
      <trkpt lat="48.395152" lon="10.748620">
        <ele>555.309438</ele>
        <time>2024-07-09T11:48:43.727Z</time>
      </trkpt>
      <trkpt lat="48.395129" lon="10.748467">
        <ele>555.919536</ele>
        <time>2024-07-09T11:48:51.730Z</time>
      </trkpt>
      <trkpt lat="48.395111" lon="10.748328">
        <ele>556.470311</ele>
        <time>2024-07-09T11:48:57.726Z</time>
      </trkpt>
      <trkpt lat="48.395079" lon="10.748187">
        <ele>557.049828</ele>
        <time>2024-07-09T11:49:05.733Z</time>
      </trkpt>
      <trkpt lat="48.395036" lon="10.748051">
        <ele>557.635656</ele>
        <time>2024-07-09T11:49:15.713Z</time>
      </trkpt>
      <trkpt lat="48.395014" lon="10.747911">
        <ele>558.195177</ele>
        <time>2024-07-09T11:49:22.725Z</time>
      </trkpt>
      <trkpt lat="48.394976" lon="10.747761">
        <ele>558.819568</ele>
        <time>2024-07-09T11:49:27.718Z</time>
      </trkpt>
      <trkpt lat="48.394920" lon="10.747646">
        <ele>559.374205</ele>
        <time>2024-07-09T11:49:32.710Z</time>
      </trkpt>
      <trkpt lat="48.394860" lon="10.747523">
        <ele>559.967788</ele>
        <time>2024-07-09T11:49:39.719Z</time>
      </trkpt>
      <trkpt lat="48.394812" lon="10.747407">
        <ele>560.499364</ele>
        <time>2024-07-09T11:49:45.721Z</time>
      </trkpt>
      <trkpt lat="48.394776" lon="10.747280">
        <ele>561.036415</ele>
        <time>2024-07-09T11:49:52.723Z</time>
      </trkpt>
      <trkpt lat="48.394758" lon="10.747143">
        <ele>561.579562</ele>
        <time>2024-07-09T11:50:00.732Z</time>
      </trkpt>
      <trkpt lat="48.394716" lon="10.747014">
        <ele>562.138332</ele>
        <time>2024-07-09T11:50:07.718Z</time>
      </trkpt>
      <trkpt lat="48.394636" lon="10.746952">
        <ele>562.665313</ele>
        <time>2024-07-09T11:50:13.728Z</time>
      </trkpt>
      <trkpt lat="48.394558" lon="10.746882">
        <ele>563.197141</ele>
        <time>2024-07-09T11:50:21.731Z</time>
      </trkpt>
      <trkpt lat="48.394467" lon="10.746810">
        <ele>563.799228</ele>
        <time>2024-07-09T11:50:32.720Z</time>
      </trkpt>
      <trkpt lat="48.394379" lon="10.746779">
        <ele>564.328578</ele>
        <time>2024-07-09T11:50:40.731Z</time>
      </trkpt>
      <trkpt lat="48.394281" lon="10.746800">
        <ele>564.908368</ele>
        <time>2024-07-09T11:50:51.728Z</time>
      </trkpt>
      <trkpt lat="48.394190" lon="10.746851">
        <ele>565.477086</ele>
        <time>2024-07-09T11:50:59.729Z</time>
      </trkpt>
      <trkpt lat="48.394105" lon="10.746914">
        <ele>566.107189</ele>
        <time>2024-07-09T11:51:06.733Z</time>
      </trkpt>
      <trkpt lat="48.394016" lon="10.746963">
        <ele>566.869632</ele>
        <time>2024-07-09T11:51:12.731Z</time>
      </trkpt>
      <trkpt lat="48.393925" lon="10.747008">
        <ele>567.640277</ele>
        <time>2024-07-09T11:51:19.729Z</time>
      </trkpt>
      <trkpt lat="48.393834" lon="10.747045">
        <ele>568.398675</ele>
        <time>2024-07-09T11:51:25.729Z</time>
      </trkpt>
      <trkpt lat="48.393751" lon="10.747116">
        <ele>569.166702</ele>
        <time>2024-07-09T11:51:33.720Z</time>
      </trkpt>
      <trkpt lat="48.393657" lon="10.747169">
        <ele>569.974291</ele>
        <time>2024-07-09T11:51:41.725Z</time>
      </trkpt>
      <trkpt lat="48.393576" lon="10.747232">
        <ele>570.707799</ele>
        <time>2024-07-09T11:51:49.725Z</time>
      </trkpt>
      <trkpt lat="48.393479" lon="10.747273">
        <ele>571.518415</ele>
        <time>2024-07-09T11:51:58.724Z</time>
      </trkpt>
      <trkpt lat="48.393387" lon="10.747342">
        <ele>572.345359</ele>
        <time>2024-07-09T11:52:07.717Z</time>
      </trkpt>
      <trkpt lat="48.393304" lon="10.747410">
        <ele>573.105599</ele>
        <time>2024-07-09T11:52:13.733Z</time>
      </trkpt>
      <trkpt lat="48.393217" lon="10.747470">
        <ele>573.875507</ele>
        <time>2024-07-09T11:52:21.726Z</time>
      </trkpt>
      <trkpt lat="48.393127" lon="10.747491">
        <ele>574.608284</ele>
        <time>2024-07-09T11:52:29.726Z</time>
      </trkpt>
      <trkpt lat="48.393029" lon="10.747514">
        <ele>575.406308</ele>
        <time>2024-07-09T11:52:37.732Z</time>
      </trkpt>
      <trkpt lat="48.392938" lon="10.747532">
        <ele>576.144780</ele>
        <time>2024-07-09T11:52:44.726Z</time>
      </trkpt>
      <trkpt lat="48.392853" lon="10.747612">
        <ele>576.951262</ele>
        <time>2024-07-09T11:52:52.725Z</time>
      </trkpt>
      <trkpt lat="48.392777" lon="10.747714">
        <ele>577.770347</ele>
        <time>2024-07-09T11:52:58.715Z</time>
      </trkpt>
      <trkpt lat="48.392694" lon="10.747777">
        <ele>578.518191</ele>
        <time>2024-07-09T11:53:03.732Z</time>
      </trkpt>
      <trkpt lat="48.392606" lon="10.747819">
        <ele>579.260944</ele>
        <time>2024-07-09T11:53:10.734Z</time>
      </trkpt>
      <trkpt lat="48.392517" lon="10.747851">
        <ele>579.997162</ele>
        <time>2024-07-09T11:53:22.729Z</time>
      </trkpt>
      <trkpt lat="48.392428" lon="10.747920">
        <ele>580.138560</ele>
        <time>2024-07-09T11:53:29.727Z</time>
      </trkpt>
      <trkpt lat="48.392332" lon="10.747970">
        <ele>579.870527</ele>
        <time>2024-07-09T11:53:38.726Z</time>
      </trkpt>
      <trkpt lat="48.392202" lon="10.748036">
        <ele>579.508534</ele>
        <time>2024-07-09T11:53:59.730Z</time>
      </trkpt>
      <trkpt lat="48.392106" lon="10.748075">
        <ele>579.246168</ele>
        <time>2024-07-09T11:54:05.729Z</time>
      </trkpt>
      <trkpt lat="48.392018" lon="10.748126">
        <ele>578.997366</ele>
        <time>2024-07-09T11:54:10.714Z</time>
      </trkpt>
      <trkpt lat="48.391936" lon="10.748201">
        <ele>578.744216</ele>
        <time>2024-07-09T11:54:17.736Z</time>
      </trkpt>
      <trkpt lat="48.391853" lon="10.748255">
        <ele>578.505643</ele>
        <time>2024-07-09T11:54:24.726Z</time>
      </trkpt>
      <trkpt lat="48.391761" lon="10.748329">
        <ele>578.230431</ele>
        <time>2024-07-09T11:54:31.727Z</time>
      </trkpt>
      <trkpt lat="48.391668" lon="10.748396">
        <ele>577.958401</ele>
        <time>2024-07-09T11:54:38.731Z</time>
      </trkpt>
      <trkpt lat="48.391580" lon="10.748429">
        <ele>577.719108</ele>
        <time>2024-07-09T11:54:45.727Z</time>
      </trkpt>
      <trkpt lat="48.391494" lon="10.748496">
        <ele>577.463616</ele>
        <time>2024-07-09T11:54:54.731Z</time>
      </trkpt>
      <trkpt lat="48.391393" lon="10.748539">
        <ele>577.186667</ele>
        <time>2024-07-09T11:55:01.719Z</time>
      </trkpt>
      <trkpt lat="48.391293" lon="10.748594">
        <ele>576.905754</ele>
        <time>2024-07-09T11:55:08.727Z</time>
      </trkpt>
      <trkpt lat="48.391204" lon="10.748643">
        <ele>576.655711</ele>
        <time>2024-07-09T11:55:15.741Z</time>
      </trkpt>
      <trkpt lat="48.391119" lon="10.748733">
        <ele>576.381536</ele>
        <time>2024-07-09T11:55:22.723Z</time>
      </trkpt>
      <trkpt lat="48.391033" lon="10.748813">
        <ele>576.114809</ele>
        <time>2024-07-09T11:55:29.723Z</time>
      </trkpt>
      <trkpt lat="48.390951" lon="10.748874">
        <ele>575.873479</ele>
        <time>2024-07-09T11:55:36.726Z</time>
      </trkpt>
      <trkpt lat="48.390891" lon="10.748976">
        <ele>575.634718</ele>
        <time>2024-07-09T11:55:45.727Z</time>
      </trkpt>
      <trkpt lat="48.390854" lon="10.749114">
        <ele>575.276615</ele>
        <time>2024-07-09T11:56:23.728Z</time>
      </trkpt>
      <trkpt lat="48.390845" lon="10.749259">
        <ele>574.885414</ele>
        <time>2024-07-09T11:56:30.736Z</time>
      </trkpt>
      <trkpt lat="48.390847" lon="10.749408">
        <ele>574.485084</ele>
        <time>2024-07-09T11:56:38.715Z</time>
      </trkpt>
      <trkpt lat="48.390851" lon="10.749564">
        <ele>574.065720</ele>
        <time>2024-07-09T11:56:43.728Z</time>
      </trkpt>
      <trkpt lat="48.390846" lon="10.749702">
        <ele>573.694468</ele>
        <time>2024-07-09T11:56:48.739Z</time>
      </trkpt>
      <trkpt lat="48.390820" lon="10.749851">
        <ele>573.280632</ele>
        <time>2024-07-09T11:56:53.727Z</time>
      </trkpt>
      <trkpt lat="48.390812" lon="10.749988">
        <ele>572.911198</ele>
        <time>2024-07-09T11:56:58.734Z</time>
      </trkpt>
      <trkpt lat="48.390795" lon="10.750133">
        <ele>572.515670</ele>
        <time>2024-07-09T11:57:06.725Z</time>
      </trkpt>
      <trkpt lat="48.390759" lon="10.750272">
        <ele>572.114889</ele>
        <time>2024-07-09T11:57:15.730Z</time>
      </trkpt>
      <trkpt lat="48.390752" lon="10.750411">
        <ele>571.740431</ele>
        <time>2024-07-09T11:57:22.729Z</time>
      </trkpt>
      <trkpt lat="48.390731" lon="10.750555">
        <ele>571.344394</ele>
        <time>2024-07-09T11:57:32.724Z</time>
      </trkpt>
      <trkpt lat="48.390709" lon="10.750690">
        <ele>570.970992</ele>
        <time>2024-07-09T11:57:39.713Z</time>
      </trkpt>
      <trkpt lat="48.390691" lon="10.750827">
        <ele>570.595843</ele>
        <time>2024-07-09T11:57:46.729Z</time>
      </trkpt>
      <trkpt lat="48.390658" lon="10.750969">
        <ele>570.191713</ele>
        <time>2024-07-09T11:57:54.732Z</time>
      </trkpt>
      <trkpt lat="48.390622" lon="10.751107">
        <ele>569.793433</ele>
        <time>2024-07-09T11:58:01.725Z</time>
      </trkpt>
      <trkpt lat="48.390592" lon="10.751244">
        <ele>569.405924</ele>
        <time>2024-07-09T11:58:07.726Z</time>
      </trkpt>
      <trkpt lat="48.390577" lon="10.751391">
        <ele>569.006411</ele>
        <time>2024-07-09T11:58:14.718Z</time>
      </trkpt>
      <trkpt lat="48.390546" lon="10.751543">
        <ele>568.579279</ele>
        <time>2024-07-09T11:58:22.724Z</time>
      </trkpt>
      <trkpt lat="48.390521" lon="10.751690">
        <ele>568.382070</ele>
        <time>2024-07-09T11:58:29.711Z</time>
      </trkpt>
      <trkpt lat="48.390513" lon="10.751832">
        <ele>568.738718</ele>
        <time>2024-07-09T11:58:36.727Z</time>
      </trkpt>
      <trkpt lat="48.390516" lon="10.751981">
        <ele>569.111779</ele>
        <time>2024-07-09T11:58:44.728Z</time>
      </trkpt>
      <trkpt lat="48.390503" lon="10.752117">
        <ele>569.455643</ele>
        <time>2024-07-09T11:58:50.722Z</time>
      </trkpt>
      <trkpt lat="48.390478" lon="10.752249">
        <ele>569.799161</ele>
        <time>2024-07-09T11:58:58.732Z</time>
      </trkpt>
      <trkpt lat="48.390446" lon="10.752383">
        <ele>570.155538</ele>
        <time>2024-07-09T11:59:03.731Z</time>
      </trkpt>
      <trkpt lat="48.390414" lon="10.752531">
        <ele>570.545064</ele>
        <time>2024-07-09T11:59:09.728Z</time>
      </trkpt>
      <trkpt lat="48.390384" lon="10.752677">
        <ele>570.927539</ele>
        <time>2024-07-09T11:59:16.730Z</time>
      </trkpt>
      <trkpt lat="48.390365" lon="10.752819">
        <ele>571.290054</ele>
        <time>2024-07-09T11:59:21.730Z</time>
      </trkpt>
      <trkpt lat="48.390348" lon="10.752953">
        <ele>571.631471</ele>
        <time>2024-07-09T11:59:27.731Z</time>
      </trkpt>
      <trkpt lat="48.390336" lon="10.753092">
        <ele>571.982263</ele>
        <time>2024-07-09T11:59:32.727Z</time>
      </trkpt>
      <trkpt lat="48.390323" lon="10.753233">
        <ele>572.338517</ele>
        <time>2024-07-09T11:59:39.723Z</time>
      </trkpt>
      <trkpt lat="48.390315" lon="10.753375">
        <ele>572.695167</ele>
        <time>2024-07-09T11:59:46.722Z</time>
      </trkpt>
      <trkpt lat="48.390303" lon="10.753512">
        <ele>573.040996</ele>
        <time>2024-07-09T11:59:54.727Z</time>
      </trkpt>
      <trkpt lat="48.390268" lon="10.753638">
        <ele>573.382804</ele>
        <time>2024-07-09T12:00:01.712Z</time>
      </trkpt>
      <trkpt lat="48.390246" lon="10.753790">
        <ele>573.772134</ele>
        <time>2024-07-09T12:00:07.727Z</time>
      </trkpt>
      <trkpt lat="48.390222" lon="10.753948">
        <ele>574.177762</ele>
        <time>2024-07-09T12:00:13.729Z</time>
      </trkpt>
      <trkpt lat="48.390185" lon="10.754087">
        <ele>574.552535</ele>
        <time>2024-07-09T12:00:20.729Z</time>
      </trkpt>
      <trkpt lat="48.390144" lon="10.754208">
        <ele>574.892498</ele>
        <time>2024-07-09T12:00:27.728Z</time>
      </trkpt>
      <trkpt lat="48.390123" lon="10.754348">
        <ele>575.081718</ele>
        <time>2024-07-09T12:00:37.726Z</time>
      </trkpt>
      <trkpt lat="48.390092" lon="10.754487">
        <ele>575.124717</ele>
        <time>2024-07-09T12:00:48.716Z</time>
      </trkpt>
      <trkpt lat="48.390038" lon="10.754604">
        <ele>575.166500</ele>
        <time>2024-07-09T12:00:55.729Z</time>
      </trkpt>
      <trkpt lat="48.389995" lon="10.754729">
        <ele>575.207783</ele>
        <time>2024-07-09T12:00:59.723Z</time>
      </trkpt>
      <trkpt lat="48.389972" lon="10.754879">
        <ele>575.252927</ele>
        <time>2024-07-09T12:01:06.732Z</time>
      </trkpt>
      <trkpt lat="48.389922" lon="10.754992">
        <ele>575.292747</ele>
        <time>2024-07-09T12:01:13.720Z</time>
      </trkpt>
      <trkpt lat="48.389885" lon="10.755125">
        <ele>575.335033</ele>
        <time>2024-07-09T12:01:21.710Z</time>
      </trkpt>
      <trkpt lat="48.389824" lon="10.755242">
        <ele>575.378655</ele>
        <time>2024-07-09T12:01:33.726Z</time>
      </trkpt>
      <trkpt lat="48.389761" lon="10.755395">
        <ele>575.431447</ele>
        <time>2024-07-09T12:01:43.711Z</time>
      </trkpt>
      <trkpt lat="48.389712" lon="10.755549">
        <ele>575.481524</ele>
        <time>2024-07-09T12:01:50.714Z</time>
      </trkpt>
      <trkpt lat="48.389663" lon="10.755702">
        <ele>575.531337</ele>
        <time>2024-07-09T12:01:59.731Z</time>
      </trkpt>
      <trkpt lat="48.389614" lon="10.755826">
        <ele>575.573651</ele>
        <time>2024-07-09T12:02:06.729Z</time>
      </trkpt>
      <trkpt lat="48.389556" lon="10.755933">
        <ele>575.614155</ele>
        <time>2024-07-09T12:02:13.719Z</time>
      </trkpt>
      <trkpt lat="48.389473" lon="10.756033">
        <ele>575.661095</ele>
        <time>2024-07-09T12:02:20.728Z</time>
      </trkpt>
      <trkpt lat="48.389404" lon="10.756131">
        <ele>575.702980</ele>
        <time>2024-07-09T12:02:27.725Z</time>
      </trkpt>
      <trkpt lat="48.389351" lon="10.756248">
        <ele>575.744513</ele>
        <time>2024-07-09T12:02:35.726Z</time>
      </trkpt>
      <trkpt lat="48.389331" lon="10.756391">
        <ele>575.787368</ele>
        <time>2024-07-09T12:02:44.714Z</time>
      </trkpt>
      <trkpt lat="48.389292" lon="10.756529">
        <ele>575.831349</ele>
        <time>2024-07-09T12:02:53.732Z</time>
      </trkpt>
      <trkpt lat="48.389232" lon="10.756645">
        <ele>575.953700</ele>
        <time>2024-07-09T12:03:00.730Z</time>
      </trkpt>
      <trkpt lat="48.389176" lon="10.756757">
        <ele>576.149728</ele>
        <time>2024-07-09T12:03:08.732Z</time>
      </trkpt>
      <trkpt lat="48.389117" lon="10.756860">
        <ele>576.339922</ele>
        <time>2024-07-09T12:03:15.768Z</time>
      </trkpt>
      <trkpt lat="48.389047" lon="10.756962">
        <ele>576.545017</ele>
        <time>2024-07-09T12:03:22.728Z</time>
      </trkpt>
      <trkpt lat="48.388986" lon="10.757066">
        <ele>576.739033</ele>
        <time>2024-07-09T12:03:31.728Z</time>
      </trkpt>
      <trkpt lat="48.388934" lon="10.757197">
        <ele>576.952431</ele>
        <time>2024-07-09T12:03:39.728Z</time>
      </trkpt>
      <trkpt lat="48.388878" lon="10.757324">
        <ele>577.165589</ele>
        <time>2024-07-09T12:03:45.715Z</time>
      </trkpt>
      <trkpt lat="48.388788" lon="10.757377">
        <ele>577.369064</ele>
        <time>2024-07-09T12:03:55.728Z</time>
      </trkpt>
      <trkpt lat="48.388697" lon="10.757411">
        <ele>577.566479</ele>
        <time>2024-07-09T12:04:00.733Z</time>
      </trkpt>
      <trkpt lat="48.388601" lon="10.757408">
        <ele>577.768656</ele>
        <time>2024-07-09T12:04:06.722Z</time>
      </trkpt>
      <trkpt lat="48.388499" lon="10.757398">
        <ele>577.983878</ele>
        <time>2024-07-09T12:04:15.731Z</time>
      </trkpt>
      <trkpt lat="48.388399" lon="10.757365">
        <ele>578.199430</ele>
        <time>2024-07-09T12:04:21.725Z</time>
      </trkpt>
      <trkpt lat="48.388296" lon="10.757354">
        <ele>578.416847</ele>
        <time>2024-07-09T12:04:27.728Z</time>
      </trkpt>
      <trkpt lat="48.388205" lon="10.757376">
        <ele>578.610906</ele>
        <time>2024-07-09T12:04:36.736Z</time>
      </trkpt>
      <trkpt lat="48.388124" lon="10.757450">
        <ele>578.810389</ele>
        <time>2024-07-09T12:04:43.731Z</time>
      </trkpt>
      <trkpt lat="48.388091" lon="10.757591">
        <ele>579.019430</ele>
        <time>2024-07-09T12:04:50.729Z</time>
      </trkpt>
      <trkpt lat="48.388067" lon="10.757747">
        <ele>579.243335</ele>
        <time>2024-07-09T12:04:57.728Z</time>
      </trkpt>
      <trkpt lat="48.388088" lon="10.757903">
        <ele>579.465900</ele>
        <time>2024-07-09T12:05:06.725Z</time>
      </trkpt>
      <trkpt lat="48.388105" lon="10.758036">
        <ele>579.604377</ele>
        <time>2024-07-09T12:05:10.738Z</time>
      </trkpt>
      <trkpt lat="48.388103" lon="10.758173">
        <ele>579.132420</ele>
        <time>2024-07-09T12:05:18.726Z</time>
      </trkpt>
      <trkpt lat="48.388084" lon="10.758323">
        <ele>578.606490</ele>
        <time>2024-07-09T12:05:26.738Z</time>
      </trkpt>
      <trkpt lat="48.388100" lon="10.758472">
        <ele>578.086652</ele>
        <time>2024-07-09T12:05:35.729Z</time>
      </trkpt>
      <trkpt lat="48.388108" lon="10.758623">
        <ele>577.564939</ele>
        <time>2024-07-09T12:05:41.720Z</time>
      </trkpt>
      <trkpt lat="48.388124" lon="10.758763">
        <ele>577.075676</ele>
        <time>2024-07-09T12:05:48.732Z</time>
      </trkpt>
      <trkpt lat="48.388130" lon="10.758901">
        <ele>576.599372</ele>
        <time>2024-07-09T12:05:54.732Z</time>
      </trkpt>
      <trkpt lat="48.388144" lon="10.759058">
        <ele>576.053794</ele>
        <time>2024-07-09T12:06:00.728Z</time>
      </trkpt>
      <trkpt lat="48.388149" lon="10.759205">
        <ele>575.546847</ele>
        <time>2024-07-09T12:06:06.730Z</time>
      </trkpt>
      <trkpt lat="48.388161" lon="10.759367">
        <ele>574.985441</ele>
        <time>2024-07-09T12:06:13.715Z</time>
      </trkpt>
      <trkpt lat="48.388159" lon="10.759503">
        <ele>574.516928</ele>
        <time>2024-07-09T12:06:21.720Z</time>
      </trkpt>
      <trkpt lat="48.388156" lon="10.759642">
        <ele>574.037945</ele>
        <time>2024-07-09T12:06:27.713Z</time>
      </trkpt>
      <trkpt lat="48.388153" lon="10.759780">
        <ele>573.562404</ele>
        <time>2024-07-09T12:06:36.735Z</time>
      </trkpt>
      <trkpt lat="48.388156" lon="10.759934">
        <ele>573.031784</ele>
        <time>2024-07-09T12:06:42.727Z</time>
      </trkpt>
      <trkpt lat="48.388160" lon="10.760076">
        <ele>572.542281</ele>
        <time>2024-07-09T12:06:49.726Z</time>
      </trkpt>
      <trkpt lat="48.388175" lon="10.760232">
        <ele>571.999398</ele>
        <time>2024-07-09T12:06:56.740Z</time>
      </trkpt>
      <trkpt lat="48.388181" lon="10.760389">
        <ele>571.457779</ele>
        <time>2024-07-09T12:07:03.715Z</time>
      </trkpt>
      <trkpt lat="48.388193" lon="10.760541">
        <ele>570.930589</ele>
        <time>2024-07-09T12:07:10.727Z</time>
      </trkpt>
      <trkpt lat="48.388212" lon="10.760693">
        <ele>570.397892</ele>
        <time>2024-07-09T12:07:17.731Z</time>
      </trkpt>
      <trkpt lat="48.388224" lon="10.760828">
        <ele>570.089206</ele>
        <time>2024-07-09T12:07:24.728Z</time>
      </trkpt>
      <trkpt lat="48.388251" lon="10.760980">
        <ele>569.773952</ele>
        <time>2024-07-09T12:07:30.729Z</time>
      </trkpt>
      <trkpt lat="48.388251" lon="10.761117">
        <ele>569.499459</ele>
        <time>2024-07-09T12:07:37.723Z</time>
      </trkpt>
      <trkpt lat="48.388244" lon="10.761265">
        <ele>569.202175</ele>
        <time>2024-07-09T12:07:44.724Z</time>
      </trkpt>
      <trkpt lat="48.388266" lon="10.761396">
        <ele>568.931441</ele>
        <time>2024-07-09T12:07:50.731Z</time>
      </trkpt>
      <trkpt lat="48.388279" lon="10.761536">
        <ele>568.648208</ele>
        <time>2024-07-09T12:07:59.728Z</time>
      </trkpt>
      <trkpt lat="48.388295" lon="10.761674">
        <ele>568.367529</ele>
        <time>2024-07-09T12:08:04.727Z</time>
      </trkpt>
      <trkpt lat="48.388315" lon="10.761813">
        <ele>568.082567</ele>
        <time>2024-07-09T12:08:10.742Z</time>
      </trkpt>
      <trkpt lat="48.388318" lon="10.761971">
        <ele>567.765869</ele>
        <time>2024-07-09T12:08:18.724Z</time>
      </trkpt>
      <trkpt lat="48.388317" lon="10.762111">
        <ele>567.485350</ele>
        <time>2024-07-09T12:08:24.735Z</time>
      </trkpt>
      <trkpt lat="48.388302" lon="10.762255">
        <ele>567.193304</ele>
        <time>2024-07-09T12:08:31.736Z</time>
      </trkpt>
      <trkpt lat="48.388319" lon="10.762402">
        <ele>566.894342</ele>
        <time>2024-07-09T12:08:38.733Z</time>
      </trkpt>
      <trkpt lat="48.388344" lon="10.762556">
        <ele>566.576703</ele>
        <time>2024-07-09T12:08:44.731Z</time>
      </trkpt>
      <trkpt lat="48.388370" lon="10.762690">
        <ele>566.296996</ele>
        <time>2024-07-09T12:08:50.716Z</time>
      </trkpt>
      <trkpt lat="48.388388" lon="10.762828">
        <ele>566.015217</ele>
        <time>2024-07-09T12:08:56.731Z</time>
      </trkpt>
      <trkpt lat="48.388421" lon="10.762959">
        <ele>565.734497</ele>
        <time>2024-07-09T12:09:03.733Z</time>
      </trkpt>
      <trkpt lat="48.388367" lon="10.763162">
        <ele>565.296349</ele>
        <time>2024-07-09T12:10:09.731Z</time>
      </trkpt>
      <trkpt lat="48.388355" lon="10.763315">
        <ele>564.987669</ele>
        <time>2024-07-09T12:10:17.738Z</time>
      </trkpt>
      <trkpt lat="48.388356" lon="10.763478">
        <ele>564.758335</ele>
        <time>2024-07-09T12:10:22.731Z</time>
      </trkpt>
      <trkpt lat="48.388363" lon="10.763615">
        <ele>564.602277</ele>
        <time>2024-07-09T12:10:29.729Z</time>
      </trkpt>
      <trkpt lat="48.388364" lon="10.763756">
        <ele>564.442128</ele>
        <time>2024-07-09T12:10:35.734Z</time>
      </trkpt>
      <trkpt lat="48.388378" lon="10.763903">
        <ele>564.273464</ele>
        <time>2024-07-09T12:10:43.729Z</time>
      </trkpt>
      <trkpt lat="48.388382" lon="10.764063">
        <ele>564.091616</ele>
        <time>2024-07-09T12:10:49.721Z</time>
      </trkpt>
      <trkpt lat="48.388393" lon="10.764210">
        <ele>563.923604</ele>
        <time>2024-07-09T12:10:57.723Z</time>
      </trkpt>
      <trkpt lat="48.388426" lon="10.764338">
        <ele>563.767657</ele>
        <time>2024-07-09T12:11:04.727Z</time>
      </trkpt>
      <trkpt lat="48.388432" lon="10.764480">
        <ele>563.606054</ele>
        <time>2024-07-09T12:11:12.734Z</time>
      </trkpt>
      <trkpt lat="48.388434" lon="10.764623">
        <ele>563.443606</ele>
        <time>2024-07-09T12:11:20.727Z</time>
      </trkpt>
      <trkpt lat="48.388451" lon="10.764768">
        <ele>563.276376</ele>
        <time>2024-07-09T12:11:25.722Z</time>
      </trkpt>
      <trkpt lat="48.388451" lon="10.764925">
        <ele>563.098064</ele>
        <time>2024-07-09T12:11:31.722Z</time>
      </trkpt>
      <trkpt lat="48.388428" lon="10.765062">
        <ele>562.937571</ele>
        <time>2024-07-09T12:11:36.725Z</time>
      </trkpt>
      <trkpt lat="48.388432" lon="10.765203">
        <ele>562.777284</ele>
        <time>2024-07-09T12:11:43.724Z</time>
      </trkpt>
      <trkpt lat="48.388454" lon="10.765354">
        <ele>562.601707</ele>
        <time>2024-07-09T12:11:52.726Z</time>
      </trkpt>
      <trkpt lat="48.388480" lon="10.765487">
        <ele>562.444244</ele>
        <time>2024-07-09T12:11:59.728Z</time>
      </trkpt>
      <trkpt lat="48.388503" lon="10.765626">
        <ele>562.281548</ele>
        <time>2024-07-09T12:12:06.727Z</time>
      </trkpt>
      <trkpt lat="48.388496" lon="10.765766">
        <ele>562.122094</ele>
        <time>2024-07-09T12:12:11.729Z</time>
      </trkpt>
      <trkpt lat="48.388496" lon="10.765929">
        <ele>561.936967</ele>
        <time>2024-07-09T12:12:18.725Z</time>
      </trkpt>
      <trkpt lat="48.388498" lon="10.766068">
        <ele>561.724054</ele>
        <time>2024-07-09T12:12:24.726Z</time>
      </trkpt>
      <trkpt lat="48.388503" lon="10.766221">
        <ele>561.235363</ele>
        <time>2024-07-09T12:12:33.731Z</time>
      </trkpt>
      <trkpt lat="48.388515" lon="10.766368">
        <ele>560.762873</ele>
        <time>2024-07-09T12:12:40.715Z</time>
      </trkpt>
      <trkpt lat="48.388565" lon="10.766521">
        <ele>560.218872</ele>
        <time>2024-07-09T12:12:45.715Z</time>
      </trkpt>
      <trkpt lat="48.388584" lon="10.766657">
        <ele>559.775508</ele>
        <time>2024-07-09T12:12:52.729Z</time>
      </trkpt>
      <trkpt lat="48.388584" lon="10.766795">
        <ele>559.335261</ele>
        <time>2024-07-09T12:12:58.715Z</time>
      </trkpt>
      <trkpt lat="48.388582" lon="10.766942">
        <ele>558.866204</ele>
        <time>2024-07-09T12:13:05.728Z</time>
      </trkpt>
      <trkpt lat="48.388605" lon="10.767077">
        <ele>558.421580</ele>
        <time>2024-07-09T12:13:12.729Z</time>
      </trkpt>
      <trkpt lat="48.388615" lon="10.767231">
        <ele>557.927947</ele>
        <time>2024-07-09T12:13:20.724Z</time>
      </trkpt>
      <trkpt lat="48.388629" lon="10.767373">
        <ele>557.469974</ele>
        <time>2024-07-09T12:13:26.727Z</time>
      </trkpt>
      <trkpt lat="48.388617" lon="10.767515">
        <ele>557.013313</ele>
        <time>2024-07-09T12:13:34.726Z</time>
      </trkpt>
      <trkpt lat="48.388559" lon="10.767621">
        <ele>556.575150</ele>
        <time>2024-07-09T12:13:43.727Z</time>
      </trkpt>
      <trkpt lat="48.388549" lon="10.767767">
        <ele>556.106910</ele>
        <time>2024-07-09T12:13:51.715Z</time>
      </trkpt>
      <trkpt lat="48.388588" lon="10.767917">
        <ele>555.593011</ele>
        <time>2024-07-09T12:13:55.731Z</time>
      </trkpt>
      <trkpt lat="48.388633" lon="10.768051">
        <ele>555.113973</ele>
        <time>2024-07-09T12:14:00.729Z</time>
      </trkpt>
      <trkpt lat="48.388661" lon="10.768189">
        <ele>554.653636</ele>
        <time>2024-07-09T12:14:06.725Z</time>
      </trkpt>
      <trkpt lat="48.388685" lon="10.768331">
        <ele>554.186187</ele>
        <time>2024-07-09T12:14:12.732Z</time>
      </trkpt>
      <trkpt lat="48.388693" lon="10.768478">
        <ele>553.715657</ele>
        <time>2024-07-09T12:14:19.716Z</time>
      </trkpt>
      <trkpt lat="48.388685" lon="10.768620">
        <ele>553.261023</ele>
        <time>2024-07-09T12:14:26.728Z</time>
      </trkpt>
      <trkpt lat="48.388673" lon="10.768771">
        <ele>553.032925</ele>
        <time>2024-07-09T12:14:33.718Z</time>
      </trkpt>
      <trkpt lat="48.388671" lon="10.768921">
        <ele>552.867383</ele>
        <time>2024-07-09T12:14:40.723Z</time>
      </trkpt>
      <trkpt lat="48.388683" lon="10.769074">
        <ele>552.697391</ele>
        <time>2024-07-09T12:14:47.730Z</time>
      </trkpt>
      <trkpt lat="48.388705" lon="10.769214">
        <ele>552.538649</ele>
        <time>2024-07-09T12:14:55.733Z</time>
      </trkpt>
      <trkpt lat="48.388747" lon="10.769358">
        <ele>552.365111</ele>
        <time>2024-07-09T12:15:01.724Z</time>
      </trkpt>
      <trkpt lat="48.388777" lon="10.769501">
        <ele>552.199640</ele>
        <time>2024-07-09T12:15:08.727Z</time>
      </trkpt>
      <trkpt lat="48.388777" lon="10.769663">
        <ele>552.020890</ele>
        <time>2024-07-09T12:15:14.731Z</time>
      </trkpt>
      <trkpt lat="48.388779" lon="10.769810">
        <ele>551.858658</ele>
        <time>2024-07-09T12:15:21.722Z</time>
      </trkpt>
      <trkpt lat="48.388783" lon="10.769958">
        <ele>551.695221</ele>
        <time>2024-07-09T12:15:29.723Z</time>
      </trkpt>
      <trkpt lat="48.388799" lon="10.770115">
        <ele>551.519960</ele>
        <time>2024-07-09T12:15:36.728Z</time>
      </trkpt>
      <trkpt lat="48.388829" lon="10.770246">
        <ele>551.367063</ele>
        <time>2024-07-09T12:15:42.726Z</time>
      </trkpt>
      <trkpt lat="48.388822" lon="10.770392">
        <ele>551.205548</ele>
        <time>2024-07-09T12:15:49.729Z</time>
      </trkpt>
      <trkpt lat="48.388803" lon="10.770526">
        <ele>551.054361</ele>
        <time>2024-07-09T12:15:54.711Z</time>
      </trkpt>
      <trkpt lat="48.388821" lon="10.770661">
        <ele>550.902431</ele>
        <time>2024-07-09T12:16:00.721Z</time>
      </trkpt>
      <trkpt lat="48.388846" lon="10.770795">
        <ele>550.748852</ele>
        <time>2024-07-09T12:16:08.733Z</time>
      </trkpt>
      <trkpt lat="48.388846" lon="10.770933">
        <ele>550.596585</ele>
        <time>2024-07-09T12:16:14.728Z</time>
      </trkpt>
      <trkpt lat="48.388844" lon="10.771083">
        <ele>550.431043</ele>
        <time>2024-07-09T12:16:21.721Z</time>
      </trkpt>
      <trkpt lat="48.388872" lon="10.771237">
        <ele>550.254867</ele>
        <time>2024-07-09T12:16:28.730Z</time>
      </trkpt>
      <trkpt lat="48.388878" lon="10.771382">
        <ele>550.022443</ele>
        <time>2024-07-09T12:16:34.721Z</time>
      </trkpt>
      <trkpt lat="48.388870" lon="10.771529">
        <ele>549.722807</ele>
        <time>2024-07-09T12:16:41.730Z</time>
      </trkpt>
      <trkpt lat="48.388860" lon="10.771664">
        <ele>549.446850</ele>
        <time>2024-07-09T12:16:47.710Z</time>
      </trkpt>
      <trkpt lat="48.388871" lon="10.771800">
        <ele>549.168520</ele>
        <time>2024-07-09T12:16:54.727Z</time>
      </trkpt>
      <trkpt lat="48.388878" lon="10.771938">
        <ele>548.887353</ele>
        <time>2024-07-09T12:17:01.733Z</time>
      </trkpt>
      <trkpt lat="48.388884" lon="10.772086">
        <ele>548.586127</ele>
        <time>2024-07-09T12:17:09.730Z</time>
      </trkpt>
      <trkpt lat="48.388890" lon="10.772245">
        <ele>548.262594</ele>
        <time>2024-07-09T12:17:16.710Z</time>
      </trkpt>
      <trkpt lat="48.388889" lon="10.772381">
        <ele>547.986289</ele>
        <time>2024-07-09T12:17:22.727Z</time>
      </trkpt>
      <trkpt lat="48.388891" lon="10.772528">
        <ele>547.687592</ele>
        <time>2024-07-09T12:17:29.725Z</time>
      </trkpt>
      <trkpt lat="48.388908" lon="10.772671">
        <ele>547.392466</ele>
        <time>2024-07-09T12:17:36.721Z</time>
      </trkpt>
      <trkpt lat="48.388919" lon="10.772814">
        <ele>547.100015</ele>
        <time>2024-07-09T12:17:42.727Z</time>
      </trkpt>
      <trkpt lat="48.388912" lon="10.772959">
        <ele>546.804667</ele>
        <time>2024-07-09T12:17:48.732Z</time>
      </trkpt>
      <trkpt lat="48.388901" lon="10.773106">
        <ele>546.504142</ele>
        <time>2024-07-09T12:17:57.729Z</time>
      </trkpt>
      <trkpt lat="48.388921" lon="10.773287">
        <ele>546.131381</ele>
        <time>2024-07-09T12:18:07.729Z</time>
      </trkpt>
      <trkpt lat="48.388917" lon="10.773442">
        <ele>545.816257</ele>
        <time>2024-07-09T12:18:12.712Z</time>
      </trkpt>
      <trkpt lat="48.388945" lon="10.773594">
        <ele>545.495805</ele>
        <time>2024-07-09T12:18:18.721Z</time>
      </trkpt>
      <trkpt lat="48.388969" lon="10.773747">
        <ele>545.176428</ele>
        <time>2024-07-09T12:18:25.728Z</time>
      </trkpt>
      <trkpt lat="48.388969" lon="10.773897">
        <ele>544.871699</ele>
        <time>2024-07-09T12:18:31.726Z</time>
      </trkpt>
      <trkpt lat="48.388993" lon="10.774032">
        <ele>544.664584</ele>
        <time>2024-07-09T12:18:36.727Z</time>
      </trkpt>
      <trkpt lat="48.389015" lon="10.774191">
        <ele>544.615833</ele>
        <time>2024-07-09T12:18:42.727Z</time>
      </trkpt>
      <trkpt lat="48.389049" lon="10.774317">
        <ele>544.575008</ele>
        <time>2024-07-09T12:18:47.722Z</time>
      </trkpt>
      <trkpt lat="48.389129" lon="10.774384">
        <ele>544.533631</ele>
        <time>2024-07-09T12:18:55.710Z</time>
      </trkpt>
      <trkpt lat="48.389270" lon="10.774453">
        <ele>544.466617</ele>
        <time>2024-07-09T12:19:32.713Z</time>
      </trkpt>
      <trkpt lat="48.389372" lon="10.774531">
        <ele>544.414908</ele>
        <time>2024-07-09T12:19:39.729Z</time>
      </trkpt>
      <trkpt lat="48.389470" lon="10.774572">
        <ele>544.368933</ele>
        <time>2024-07-09T12:19:44.731Z</time>
      </trkpt>
      <trkpt lat="48.389567" lon="10.774622">
        <ele>544.322591</ele>
        <time>2024-07-09T12:19:51.728Z</time>
      </trkpt>
      <trkpt lat="48.389642" lon="10.774699">
        <ele>544.281561</ele>
        <time>2024-07-09T12:20:02.722Z</time>
      </trkpt>
      <trkpt lat="48.389717" lon="10.774782">
        <ele>544.239490</ele>
        <time>2024-07-09T12:20:10.730Z</time>
      </trkpt>
      <trkpt lat="48.389796" lon="10.774861">
        <ele>544.196625</ele>
        <time>2024-07-09T12:20:18.730Z</time>
      </trkpt>
      <trkpt lat="48.389865" lon="10.774985">
        <ele>544.148065</ele>
        <time>2024-07-09T12:20:23.721Z</time>
      </trkpt>
      <trkpt lat="48.389923" lon="10.775091">
        <ele>544.106838</ele>
        <time>2024-07-09T12:20:28.729Z</time>
      </trkpt>
      <trkpt lat="48.389995" lon="10.775193">
        <ele>544.062156</ele>
        <time>2024-07-09T12:20:34.729Z</time>
      </trkpt>
      <trkpt lat="48.390044" lon="10.775311">
        <ele>544.020382</ele>
        <time>2024-07-09T12:20:41.712Z</time>
      </trkpt>
      <trkpt lat="48.390097" lon="10.775423">
        <ele>543.979102</ele>
        <time>2024-07-09T12:20:48.711Z</time>
      </trkpt>
      <trkpt lat="48.390162" lon="10.775531">
        <ele>543.935351</ele>
        <time>2024-07-09T12:20:55.728Z</time>
      </trkpt>
      <trkpt lat="48.390230" lon="10.775633">
        <ele>543.891968</ele>
        <time>2024-07-09T12:21:02.740Z</time>
      </trkpt>
      <trkpt lat="48.390305" lon="10.775714">
        <ele>543.887916</ele>
        <time>2024-07-09T12:21:11.725Z</time>
      </trkpt>
      <trkpt lat="48.390359" lon="10.775824">
        <ele>543.952475</ele>
        <time>2024-07-09T12:21:20.727Z</time>
      </trkpt>
      <trkpt lat="48.390434" lon="10.775903">
        <ele>544.017521</ele>
        <time>2024-07-09T12:21:29.717Z</time>
      </trkpt>
      <trkpt lat="48.390507" lon="10.776000">
        <ele>544.086711</ele>
        <time>2024-07-09T12:21:36.736Z</time>
      </trkpt>
      <trkpt lat="48.390571" lon="10.776098">
        <ele>544.151579</ele>
        <time>2024-07-09T12:21:42.726Z</time>
      </trkpt>
      <trkpt lat="48.390649" lon="10.776196">
        <ele>544.223772</ele>
        <time>2024-07-09T12:21:50.729Z</time>
      </trkpt>
      <trkpt lat="48.390734" lon="10.776267">
        <ele>544.292851</ele>
        <time>2024-07-09T12:21:57.731Z</time>
      </trkpt>
      <trkpt lat="48.390813" lon="10.776362">
        <ele>544.364700</ele>
        <time>2024-07-09T12:22:05.720Z</time>
      </trkpt>
      <trkpt lat="48.390896" lon="10.776443">
        <ele>544.434991</ele>
        <time>2024-07-09T12:22:12.731Z</time>
      </trkpt>
      <trkpt lat="48.390979" lon="10.776528">
        <ele>544.506325</ele>
        <time>2024-07-09T12:22:21.727Z</time>
      </trkpt>
      <trkpt lat="48.391068" lon="10.776581">
        <ele>544.574342</ele>
        <time>2024-07-09T12:22:24.728Z</time>
      </trkpt>
      <trkpt lat="48.391159" lon="10.776657">
        <ele>544.648295</ele>
        <time>2024-07-09T12:22:29.712Z</time>
      </trkpt>
      <trkpt lat="48.391237" lon="10.776741">
        <ele>544.716445</ele>
        <time>2024-07-09T12:22:37.730Z</time>
      </trkpt>
      <trkpt lat="48.391313" lon="10.776842">
        <ele>544.788481</ele>
        <time>2024-07-09T12:22:42.715Z</time>
      </trkpt>
      <trkpt lat="48.391402" lon="10.776909">
        <ele>544.859195</ele>
        <time>2024-07-09T12:22:50.731Z</time>
      </trkpt>
      <trkpt lat="48.391488" lon="10.776990">
        <ele>544.931284</ele>
        <time>2024-07-09T12:22:58.726Z</time>
      </trkpt>
      <trkpt lat="48.391568" lon="10.777059">
        <ele>544.996804</ele>
        <time>2024-07-09T12:23:05.718Z</time>
      </trkpt>
      <trkpt lat="48.391640" lon="10.777140">
        <ele>545.060675</ele>
        <time>2024-07-09T12:23:12.725Z</time>
      </trkpt>
      <trkpt lat="48.391708" lon="10.777235">
        <ele>545.126595</ele>
        <time>2024-07-09T12:23:19.730Z</time>
      </trkpt>
      <trkpt lat="48.391779" lon="10.777343">
        <ele>544.685436</ele>
        <time>2024-07-09T12:23:27.732Z</time>
      </trkpt>
      <trkpt lat="48.391854" lon="10.777426">
        <ele>544.136386</ele>
        <time>2024-07-09T12:23:34.734Z</time>
      </trkpt>
      <trkpt lat="48.391952" lon="10.777508">
        <ele>543.475031</ele>
        <time>2024-07-09T12:23:43.729Z</time>
      </trkpt>
      <trkpt lat="48.392021" lon="10.777597">
        <ele>542.939098</ele>
        <time>2024-07-09T12:23:47.730Z</time>
      </trkpt>
      <trkpt lat="48.392112" lon="10.777657">
        <ele>542.353082</ele>
        <time>2024-07-09T12:23:55.726Z</time>
      </trkpt>
      <trkpt lat="48.392182" lon="10.777777">
        <ele>541.727401</ele>
        <time>2024-07-09T12:24:03.717Z</time>
      </trkpt>
      <trkpt lat="48.392260" lon="10.777875">
        <ele>541.128163</ele>
        <time>2024-07-09T12:24:10.731Z</time>
      </trkpt>
      <trkpt lat="48.392330" lon="10.777963">
        <ele>540.590256</ele>
        <time>2024-07-09T12:24:16.716Z</time>
      </trkpt>
      <trkpt lat="48.392388" lon="10.778076">
        <ele>540.030796</ele>
        <time>2024-07-09T12:24:24.731Z</time>
      </trkpt>
      <trkpt lat="48.392472" lon="10.778188">
        <ele>539.368963</ele>
        <time>2024-07-09T12:24:30.726Z</time>
      </trkpt>
      <trkpt lat="48.392512" lon="10.778313">
        <ele>538.825427</ele>
        <time>2024-07-09T12:24:37.729Z</time>
      </trkpt>
      <trkpt lat="48.392554" lon="10.778449">
        <ele>538.237898</ele>
        <time>2024-07-09T12:24:46.725Z</time>
      </trkpt>
      <trkpt lat="48.392588" lon="10.778585">
        <ele>537.668660</ele>
        <time>2024-07-09T12:24:54.734Z</time>
      </trkpt>
      <trkpt lat="48.392643" lon="10.778712">
        <ele>537.074730</ele>
        <time>2024-07-09T12:25:00.727Z</time>
      </trkpt>
      <trkpt lat="48.392708" lon="10.778831">
        <ele>536.471145</ele>
        <time>2024-07-09T12:25:07.728Z</time>
      </trkpt>
      <trkpt lat="48.392748" lon="10.778958">
        <ele>535.920544</ele>
        <time>2024-07-09T12:25:14.732Z</time>
      </trkpt>
      <trkpt lat="48.392798" lon="10.779107">
        <ele>535.266595</ele>
        <time>2024-07-09T12:25:20.728Z</time>
      </trkpt>
      <trkpt lat="48.392817" lon="10.779257">
        <ele>534.668430</ele>
        <time>2024-07-09T12:25:26.728Z</time>
      </trkpt>
      <trkpt lat="48.392836" lon="10.779406">
        <ele>534.156779</ele>
        <time>2024-07-09T12:25:34.723Z</time>
      </trkpt>
      <trkpt lat="48.392883" lon="10.779525">
        <ele>533.712171</ele>
        <time>2024-07-09T12:25:41.712Z</time>
      </trkpt>
      <trkpt lat="48.392900" lon="10.779667">
        <ele>533.248841</ele>
        <time>2024-07-09T12:25:48.728Z</time>
      </trkpt>
      <trkpt lat="48.392945" lon="10.779804">
        <ele>532.758039</ele>
        <time>2024-07-09T12:25:56.727Z</time>
      </trkpt>
      <trkpt lat="48.393040" lon="10.779816">
        <ele>532.297017</ele>
        <time>2024-07-09T12:26:03.719Z</time>
      </trkpt>
      <trkpt lat="48.393114" lon="10.779701">
        <ele>531.782795</ele>
        <time>2024-07-09T12:26:11.728Z</time>
      </trkpt>
      <trkpt lat="48.393195" lon="10.779599">
        <ele>531.272196</ele>
        <time>2024-07-09T12:26:17.732Z</time>
      </trkpt>
      <trkpt lat="48.393285" lon="10.779484">
        <ele>530.701418</ele>
        <time>2024-07-09T12:26:26.724Z</time>
      </trkpt>
      <trkpt lat="48.393377" lon="10.779409">
        <ele>530.195517</ele>
        <time>2024-07-09T12:26:32.727Z</time>
      </trkpt>
      <trkpt lat="48.393461" lon="10.779349">
        <ele>529.745929</ele>
        <time>2024-07-09T12:26:39.731Z</time>
      </trkpt>
      <trkpt lat="48.393523" lon="10.779249">
        <ele>529.306606</ele>
        <time>2024-07-09T12:26:47.725Z</time>
      </trkpt>
      <trkpt lat="48.393617" lon="10.779182">
        <ele>528.803693</ele>
        <time>2024-07-09T12:26:52.725Z</time>
      </trkpt>
      <trkpt lat="48.393715" lon="10.779130">
        <ele>528.301222</ele>
        <time>2024-07-09T12:26:57.723Z</time>
      </trkpt>
      <trkpt lat="48.393802" lon="10.779064">
        <ele>527.830138</ele>
        <time>2024-07-09T12:27:04.726Z</time>
      </trkpt>
      <trkpt lat="48.393893" lon="10.779024">
        <ele>527.371712</ele>
        <time>2024-07-09T12:27:14.725Z</time>
      </trkpt>
      <trkpt lat="48.393993" lon="10.778996">
        <ele>526.879838</ele>
        <time>2024-07-09T12:27:19.730Z</time>
      </trkpt>
      <trkpt lat="48.394082" lon="10.778953">
        <ele>526.427839</ele>
        <time>2024-07-09T12:27:25.727Z</time>
      </trkpt>
      <trkpt lat="48.394173" lon="10.778898">
        <ele>525.953659</ele>
        <time>2024-07-09T12:27:32.730Z</time>
      </trkpt>
      <trkpt lat="48.394261" lon="10.778857">
        <ele>526.273178</ele>
        <time>2024-07-09T12:27:39.727Z</time>
      </trkpt>
      <trkpt lat="48.394349" lon="10.778832">
        <ele>526.854603</ele>
        <time>2024-07-09T12:27:45.719Z</time>
      </trkpt>
      <trkpt lat="48.394449" lon="10.778792">
        <ele>527.526372</ele>
        <time>2024-07-09T12:27:52.719Z</time>
      </trkpt>
      <trkpt lat="48.394537" lon="10.778762">
        <ele>528.112176</ele>
        <time>2024-07-09T12:27:58.711Z</time>
      </trkpt>
      <trkpt lat="48.394628" lon="10.778708">
        <ele>528.747211</ele>
        <time>2024-07-09T12:28:05.727Z</time>
      </trkpt>
      <trkpt lat="48.394706" lon="10.778615">
        <ele>529.393127</ele>
        <time>2024-07-09T12:28:12.729Z</time>
      </trkpt>
      <trkpt lat="48.394778" lon="10.778515">
        <ele>530.029033</ele>
        <time>2024-07-09T12:28:20.723Z</time>
      </trkpt>
      <trkpt lat="48.394850" lon="10.778411">
        <ele>530.676753</ele>
        <time>2024-07-09T12:28:29.726Z</time>
      </trkpt>
      <trkpt lat="48.394924" lon="10.778315">
        <ele>531.310878</ele>
        <time>2024-07-09T12:28:38.728Z</time>
      </trkpt>
      <trkpt lat="48.394980" lon="10.778205">
        <ele>531.908433</ele>
        <time>2024-07-09T12:28:45.727Z</time>
      </trkpt>
      <trkpt lat="48.395034" lon="10.778087">
        <ele>532.526250</ele>
        <time>2024-07-09T12:28:53.717Z</time>
      </trkpt>
      <trkpt lat="48.395087" lon="10.777972">
        <ele>533.129736</ele>
        <time>2024-07-09T12:29:01.731Z</time>
      </trkpt>
      <trkpt lat="48.395121" lon="10.777829">
        <ele>533.784542</ele>
        <time>2024-07-09T12:29:08.727Z</time>
      </trkpt>
      <trkpt lat="48.395124" lon="10.777693">
        <ele>534.371164</ele>
        <time>2024-07-09T12:29:14.726Z</time>
      </trkpt>
      <trkpt lat="48.395107" lon="10.777546">
        <ele>535.014423</ele>
        <time>2024-07-09T12:29:23.726Z</time>
      </trkpt>
      <trkpt lat="48.395154" lon="10.777426">
        <ele>535.615040</ele>
        <time>2024-07-09T12:29:34.736Z</time>
      </trkpt>
      <trkpt lat="48.395189" lon="10.777277">
        <ele>536.296391</ele>
        <time>2024-07-09T12:29:43.729Z</time>
      </trkpt>
      <trkpt lat="48.395252" lon="10.777169">
        <ele>536.916134</ele>
        <time>2024-07-09T12:29:50.733Z</time>
      </trkpt>
      <trkpt lat="48.395308" lon="10.777057">
        <ele>537.529162</ele>
        <time>2024-07-09T12:29:57.720Z</time>
      </trkpt>
      <trkpt lat="48.395358" lon="10.776945">
        <ele>538.741971</ele>
        <time>2024-07-09T12:30:05.724Z</time>
      </trkpt>
      <trkpt lat="48.395420" lon="10.776794">
        <ele>540.337396</ele>
        <time>2024-07-09T12:30:15.723Z</time>
      </trkpt>
      <trkpt lat="48.395478" lon="10.776690">
        <ele>541.557894</ele>
        <time>2024-07-09T12:30:24.723Z</time>
      </trkpt>
      <trkpt lat="48.395527" lon="10.776551">
        <ele>542.972121</ele>
        <time>2024-07-09T12:30:30.724Z</time>
      </trkpt>
      <trkpt lat="48.395558" lon="10.776419">
        <ele>544.230327</ele>
        <time>2024-07-09T12:30:39.724Z</time>
      </trkpt>
      <trkpt lat="48.395614" lon="10.776304">
        <ele>545.511883</ele>
        <time>2024-07-09T12:30:51.712Z</time>
      </trkpt>
      <trkpt lat="48.395687" lon="10.776193">
        <ele>546.915830</ele>
        <time>2024-07-09T12:30:56.731Z</time>
      </trkpt>
      <trkpt lat="48.395732" lon="10.776061">
        <ele>548.249233</ele>
        <time>2024-07-09T12:31:04.722Z</time>
      </trkpt>
      <trkpt lat="48.395779" lon="10.775944">
        <ele>549.478074</ele>
        <time>2024-07-09T12:31:15.728Z</time>
      </trkpt>
      <trkpt lat="48.395840" lon="10.775829">
        <ele>550.800771</ele>
        <time>2024-07-09T12:31:24.716Z</time>
      </trkpt>
      <trkpt lat="48.395901" lon="10.775720">
        <ele>552.081784</ele>
        <time>2024-07-09T12:31:30.723Z</time>
      </trkpt>
      <trkpt lat="48.395954" lon="10.775609">
        <ele>553.310390</ele>
        <time>2024-07-09T12:31:38.713Z</time>
      </trkpt>
      <trkpt lat="48.396010" lon="10.775496">
        <ele>554.577491</ele>
        <time>2024-07-09T12:31:47.726Z</time>
      </trkpt>
      <trkpt lat="48.396055" lon="10.775376">
        <ele>555.815938</ele>
        <time>2024-07-09T12:31:55.727Z</time>
      </trkpt>
      <trkpt lat="48.396086" lon="10.775235">
        <ele>557.150652</ele>
        <time>2024-07-09T12:32:04.734Z</time>
      </trkpt>
      <trkpt lat="48.396135" lon="10.775108">
        <ele>558.470591</ele>
        <time>2024-07-09T12:32:12.734Z</time>
      </trkpt>
      <trkpt lat="48.396179" lon="10.774978">
        <ele>559.781821</ele>
        <time>2024-07-09T12:32:20.729Z</time>
      </trkpt>
      <trkpt lat="48.396224" lon="10.774850">
        <ele>561.083341</ele>
        <time>2024-07-09T12:32:28.730Z</time>
      </trkpt>
      <trkpt lat="48.396252" lon="10.774714">
        <ele>562.047059</ele>
        <time>2024-07-09T12:32:35.722Z</time>
      </trkpt>
      <trkpt lat="48.396319" lon="10.774612">
        <ele>562.534090</ele>
        <time>2024-07-09T12:32:47.710Z</time>
      </trkpt>
      <trkpt lat="48.396385" lon="10.774494">
        <ele>563.057809</ele>
        <time>2024-07-09T12:32:55.727Z</time>
      </trkpt>
      <trkpt lat="48.396442" lon="10.774375">
        <ele>563.555885</ele>
        <time>2024-07-09T12:33:03.725Z</time>
      </trkpt>
      <trkpt lat="48.396512" lon="10.774284">
        <ele>564.028620</ele>
        <time>2024-07-09T12:33:15.722Z</time>
      </trkpt>
      <trkpt lat="48.396578" lon="10.774193">
        <ele>564.486071</ele>
        <time>2024-07-09T12:33:26.725Z</time>
      </trkpt>
      <trkpt lat="48.396598" lon="10.774030">
        <ele>565.048728</ele>
        <time>2024-07-09T12:33:34.718Z</time>
      </trkpt>
      <trkpt lat="48.396660" lon="10.773919">
        <ele>565.541098</ele>
        <time>2024-07-09T12:33:43.723Z</time>
      </trkpt>
      <trkpt lat="48.396726" lon="10.773818">
        <ele>566.022121</ele>
        <time>2024-07-09T12:33:50.732Z</time>
      </trkpt>
      <trkpt lat="48.396782" lon="10.773707">
        <ele>566.495326</ele>
        <time>2024-07-09T12:33:58.726Z</time>
      </trkpt>
      <trkpt lat="48.396844" lon="10.773607">
        <ele>566.959745</ele>
        <time>2024-07-09T12:34:04.729Z</time>
      </trkpt>
      <trkpt lat="48.396930" lon="10.773540">
        <ele>567.454741</ele>
        <time>2024-07-09T12:34:12.731Z</time>
      </trkpt>
      <trkpt lat="48.397016" lon="10.773480">
        <ele>567.939279</ele>
        <time>2024-07-09T12:34:19.723Z</time>
      </trkpt>
      <trkpt lat="48.397093" lon="10.773397">
        <ele>568.423357</ele>
        <time>2024-07-09T12:34:26.717Z</time>
      </trkpt>
      <trkpt lat="48.397123" lon="10.773265">
        <ele>568.896938</ele>
        <time>2024-07-09T12:34:31.722Z</time>
      </trkpt>
      <trkpt lat="48.397196" lon="10.773183">
        <ele>569.362501</ele>
        <time>2024-07-09T12:34:37.729Z</time>
      </trkpt>
      <trkpt lat="48.397283" lon="10.773122">
        <ele>569.853105</ele>
        <time>2024-07-09T12:34:43.729Z</time>
      </trkpt>
      <trkpt lat="48.397364" lon="10.773031">
        <ele>570.369716</ele>
        <time>2024-07-09T12:34:51.734Z</time>
      </trkpt>
      <trkpt lat="48.397426" lon="10.772925">
        <ele>570.849219</ele>
        <time>2024-07-09T12:34:57.736Z</time>
      </trkpt>
      <trkpt lat="48.397526" lon="10.772900">
        <ele>571.125257</ele>
        <time>2024-07-09T12:35:06.733Z</time>
      </trkpt>
      <trkpt lat="48.397617" lon="10.772859">
        <ele>571.239738</ele>
        <time>2024-07-09T12:35:13.728Z</time>
      </trkpt>
      <trkpt lat="48.397709" lon="10.772815">
        <ele>571.356078</ele>
        <time>2024-07-09T12:35:20.727Z</time>
      </trkpt>
      <trkpt lat="48.397797" lon="10.772782">
        <ele>571.465379</ele>
        <time>2024-07-09T12:35:28.721Z</time>
      </trkpt>
      <trkpt lat="48.397887" lon="10.772762">
        <ele>571.575026</ele>
        <time>2024-07-09T12:35:36.731Z</time>
      </trkpt>
      <trkpt lat="48.397981" lon="10.772725">
        <ele>571.692125</ele>
        <time>2024-07-09T12:35:44.730Z</time>
      </trkpt>
      <trkpt lat="48.398068" lon="10.772682">
        <ele>571.802484</ele>
        <time>2024-07-09T12:35:50.714Z</time>
      </trkpt>
      <trkpt lat="48.398154" lon="10.772615">
        <ele>571.919182</ele>
        <time>2024-07-09T12:35:57.728Z</time>
      </trkpt>
      <trkpt lat="48.398240" lon="10.772567">
        <ele>572.029722</ele>
        <time>2024-07-09T12:36:03.723Z</time>
      </trkpt>
      <trkpt lat="48.398323" lon="10.772510">
        <ele>572.139667</ele>
        <time>2024-07-09T12:36:06.725Z</time>
      </trkpt>
      <trkpt lat="48.398413" lon="10.772583">
        <ele>572.262870</ele>
        <time>2024-07-09T12:36:15.725Z</time>
      </trkpt>
      <trkpt lat="48.398446" lon="10.772735">
        <ele>572.390842</ele>
        <time>2024-07-09T12:36:22.725Z</time>
      </trkpt>
      <trkpt lat="48.398470" lon="10.772868">
        <ele>572.501133</ele>
        <time>2024-07-09T12:36:25.717Z</time>
      </trkpt>
      <trkpt lat="48.398485" lon="10.773008">
        <ele>572.614614</ele>
        <time>2024-07-09T12:36:30.727Z</time>
      </trkpt>
      <trkpt lat="48.398500" lon="10.773179">
        <ele>572.752641</ele>
        <time>2024-07-09T12:36:36.724Z</time>
      </trkpt>
      <trkpt lat="48.398505" lon="10.773323">
        <ele>572.868031</ele>
        <time>2024-07-09T12:36:42.729Z</time>
      </trkpt>
      <trkpt lat="48.398517" lon="10.773469">
        <ele>572.985756</ele>
        <time>2024-07-09T12:36:49.727Z</time>
      </trkpt>
      <trkpt lat="48.398576" lon="10.773603">
        <ele>573.114422</ele>
        <time>2024-07-09T12:36:54.728Z</time>
      </trkpt>
      <trkpt lat="48.398638" lon="10.773715">
        <ele>573.178145</ele>
        <time>2024-07-09T12:37:00.725Z</time>
      </trkpt>
      <trkpt lat="48.398672" lon="10.773882">
        <ele>572.736708</ele>
        <time>2024-07-09T12:37:09.730Z</time>
      </trkpt>
      <trkpt lat="48.398698" lon="10.774016">
        <ele>572.383899</ele>
        <time>2024-07-09T12:37:17.734Z</time>
      </trkpt>
      <trkpt lat="48.398755" lon="10.774148">
        <ele>571.985962</ele>
        <time>2024-07-09T12:37:27.721Z</time>
      </trkpt>
      <trkpt lat="48.398836" lon="10.774241">
        <ele>571.598283</ele>
        <time>2024-07-09T12:37:32.723Z</time>
      </trkpt>
      <trkpt lat="48.398914" lon="10.774329">
        <ele>571.227332</ele>
        <time>2024-07-09T12:37:36.725Z</time>
      </trkpt>
      <trkpt lat="48.398979" lon="10.774428">
        <ele>570.875468</ele>
        <time>2024-07-09T12:37:43.712Z</time>
      </trkpt>
      <trkpt lat="48.399041" lon="10.774532">
        <ele>570.522240</ele>
        <time>2024-07-09T12:37:52.727Z</time>
      </trkpt>
      <trkpt lat="48.399105" lon="10.774632">
        <ele>570.171227</ele>
        <time>2024-07-09T12:37:59.732Z</time>
      </trkpt>
      <trkpt lat="48.399163" lon="10.774761">
        <ele>569.777505</ele>
        <time>2024-07-09T12:38:05.717Z</time>
      </trkpt>
      <trkpt lat="48.399228" lon="10.774878">
        <ele>569.391968</ele>
        <time>2024-07-09T12:38:13.722Z</time>
      </trkpt>
      <trkpt lat="48.399298" lon="10.775004">
        <ele>568.976775</ele>
        <time>2024-07-09T12:38:20.726Z</time>
      </trkpt>
      <trkpt lat="48.399368" lon="10.775123">
        <ele>568.574989</ele>
        <time>2024-07-09T12:38:25.724Z</time>
      </trkpt>
      <trkpt lat="48.399433" lon="10.775230">
        <ele>568.208476</ele>
        <time>2024-07-09T12:38:32.722Z</time>
      </trkpt>
      <trkpt lat="48.399496" lon="10.775344">
        <ele>567.833639</ele>
        <time>2024-07-09T12:38:41.720Z</time>
      </trkpt>
      <trkpt lat="48.399564" lon="10.775434">
        <ele>567.489075</ele>
        <time>2024-07-09T12:38:47.720Z</time>
      </trkpt>
      <trkpt lat="48.399621" lon="10.775561">
        <ele>567.101674</ele>
        <time>2024-07-09T12:38:55.730Z</time>
      </trkpt>
      <trkpt lat="48.399666" lon="10.775679">
        <ele>566.757779</ele>
        <time>2024-07-09T12:39:02.720Z</time>
      </trkpt>
      <trkpt lat="48.399687" lon="10.775836">
        <ele>566.345613</ele>
        <time>2024-07-09T12:39:06.725Z</time>
      </trkpt>
      <trkpt lat="48.399750" lon="10.775954">
        <ele>565.813903</ele>
        <time>2024-07-09T12:39:12.710Z</time>
      </trkpt>
      <trkpt lat="48.399831" lon="10.776051">
        <ele>565.266593</ele>
        <time>2024-07-09T12:39:18.720Z</time>
      </trkpt>
      <trkpt lat="48.399870" lon="10.776174">
        <ele>564.787954</ele>
        <time>2024-07-09T12:39:26.727Z</time>
      </trkpt>
      <trkpt lat="48.399883" lon="10.776311">
        <ele>564.301993</ele>
        <time>2024-07-09T12:39:33.720Z</time>
      </trkpt>
      <trkpt lat="48.399858" lon="10.776447">
        <ele>563.806465</ele>
        <time>2024-07-09T12:39:41.725Z</time>
      </trkpt>
      <trkpt lat="48.399829" lon="10.776598">
        <ele>563.254494</ele>
        <time>2024-07-09T12:39:48.720Z</time>
      </trkpt>
      <trkpt lat="48.399810" lon="10.776750">
        <ele>562.711371</ele>
        <time>2024-07-09T12:39:55.713Z</time>
      </trkpt>
      <trkpt lat="48.399786" lon="10.776884">
        <ele>562.224012</ele>
        <time>2024-07-09T12:40:02.725Z</time>
      </trkpt>
      <trkpt lat="48.399808" lon="10.777028">
        <ele>561.705143</ele>
        <time>2024-07-09T12:40:09.716Z</time>
      </trkpt>
      <trkpt lat="48.399796" lon="10.777163">
        <ele>561.226863</ele>
        <time>2024-07-09T12:40:16.718Z</time>
      </trkpt>
      <trkpt lat="48.399754" lon="10.777296">
        <ele>560.709699</ele>
        <time>2024-07-09T12:40:19.728Z</time>
      </trkpt>
      <trkpt lat="48.399711" lon="10.777419">
        <ele>560.221569</ele>
        <time>2024-07-09T12:40:24.725Z</time>
      </trkpt>
      <trkpt lat="48.399714" lon="10.777566">
        <ele>559.705136</ele>
        <time>2024-07-09T12:40:33.715Z</time>
      </trkpt>
      <trkpt lat="48.399707" lon="10.777709">
        <ele>559.201630</ele>
        <time>2024-07-09T12:40:40.714Z</time>
      </trkpt>
      <trkpt lat="48.399694" lon="10.777844">
        <ele>558.722619</ele>
        <time>2024-07-09T12:40:47.729Z</time>
      </trkpt>
      <trkpt lat="48.399698" lon="10.778005">
        <ele>558.156873</ele>
        <time>2024-07-09T12:40:53.717Z</time>
      </trkpt>
      <trkpt lat="48.399704" lon="10.778143">
        <ele>557.671250</ele>
        <time>2024-07-09T12:41:00.719Z</time>
      </trkpt>
      <trkpt lat="48.399705" lon="10.778304">
        <ele>557.105875</ele>
        <time>2024-07-09T12:41:06.722Z</time>
      </trkpt>
      <trkpt lat="48.399697" lon="10.778454">
        <ele>556.816325</ele>
        <time>2024-07-09T12:41:14.726Z</time>
      </trkpt>
      <trkpt lat="48.399698" lon="10.778589">
        <ele>556.744173</ele>
        <time>2024-07-09T12:41:20.715Z</time>
      </trkpt>
      <trkpt lat="48.399705" lon="10.778747">
        <ele>556.659547</ele>
        <time>2024-07-09T12:41:27.725Z</time>
      </trkpt>
      <trkpt lat="48.399704" lon="10.778886">
        <ele>556.585257</ele>
        <time>2024-07-09T12:41:32.715Z</time>
      </trkpt>
      <trkpt lat="48.399707" lon="10.779026">
        <ele>556.510399</ele>
        <time>2024-07-09T12:41:40.727Z</time>
      </trkpt>
      <trkpt lat="48.399717" lon="10.779166">
        <ele>556.435148</ele>
        <time>2024-07-09T12:41:45.727Z</time>
      </trkpt>
      <trkpt lat="48.399735" lon="10.779315">
        <ele>556.354211</ele>
        <time>2024-07-09T12:41:52.725Z</time>
      </trkpt>
      <trkpt lat="48.399739" lon="10.779472">
        <ele>556.270245</ele>
        <time>2024-07-09T12:42:00.726Z</time>
      </trkpt>
      <trkpt lat="48.399754" lon="10.779616">
        <ele>556.192346</ele>
        <time>2024-07-09T12:42:08.734Z</time>
      </trkpt>
      <trkpt lat="48.399743" lon="10.779819">
        <ele>556.083498</ele>
        <time>2024-07-09T12:42:15.718Z</time>
      </trkpt>
      <trkpt lat="48.399783" lon="10.779961">
        <ele>556.001062</ele>
        <time>2024-07-09T12:42:25.724Z</time>
      </trkpt>
      <trkpt lat="48.399817" lon="10.780090">
        <ele>555.926888</ele>
        <time>2024-07-09T12:42:31.709Z</time>
      </trkpt>
      <trkpt lat="48.399874" lon="10.780219">
        <ele>555.844075</ele>
        <time>2024-07-09T12:42:37.725Z</time>
      </trkpt>
      <trkpt lat="48.399867" lon="10.780371">
        <ele>555.762648</ele>
        <time>2024-07-09T12:42:42.718Z</time>
      </trkpt>
      <trkpt lat="48.399842" lon="10.780521">
        <ele>555.679997</ele>
        <time>2024-07-09T12:42:50.715Z</time>
      </trkpt>
      <trkpt lat="48.399831" lon="10.780670">
        <ele>555.599877</ele>
        <time>2024-07-09T12:42:58.721Z</time>
      </trkpt>
      <trkpt lat="48.399848" lon="10.780811">
        <ele>555.523291</ele>
        <time>2024-07-09T12:43:02.720Z</time>
      </trkpt>
      <trkpt lat="48.399863" lon="10.780964">
        <ele>555.440638</ele>
        <time>2024-07-09T12:43:08.724Z</time>
      </trkpt>
      <trkpt lat="48.399872" lon="10.781122">
        <ele>555.183868</ele>
        <time>2024-07-09T12:43:15.712Z</time>
      </trkpt>
      <trkpt lat="48.399849" lon="10.781258">
        <ele>554.876464</ele>
        <time>2024-07-09T12:43:22.713Z</time>
      </trkpt>
      <trkpt lat="48.399815" lon="10.781410">
        <ele>554.525138</ele>
        <time>2024-07-09T12:43:29.726Z</time>
      </trkpt>
      <trkpt lat="48.399825" lon="10.781560">
        <ele>554.194929</ele>
        <time>2024-07-09T12:43:36.720Z</time>
      </trkpt>
      <trkpt lat="48.399861" lon="10.781701">
        <ele>553.864035</ele>
        <time>2024-07-09T12:43:40.730Z</time>
      </trkpt>
      <trkpt lat="48.399874" lon="10.781842">
        <ele>553.552228</ele>
        <time>2024-07-09T12:43:47.713Z</time>
      </trkpt>
      <trkpt lat="48.399879" lon="10.781982">
        <ele>553.245132</ele>
        <time>2024-07-09T12:43:54.709Z</time>
      </trkpt>
      <trkpt lat="48.399905" lon="10.782137">
        <ele>552.894955</ele>
        <time>2024-07-09T12:44:02.710Z</time>
      </trkpt>
      <trkpt lat="48.399912" lon="10.782282">
        <ele>552.576512</ele>
        <time>2024-07-09T12:44:07.727Z</time>
      </trkpt>
      <trkpt lat="48.399938" lon="10.782415">
        <ele>552.272826</ele>
        <time>2024-07-09T12:44:13.726Z</time>
      </trkpt>
      <trkpt lat="48.399964" lon="10.782549">
        <ele>551.967038</ele>
        <time>2024-07-09T12:44:21.728Z</time>
      </trkpt>
      <trkpt lat="48.400005" lon="10.782693">
        <ele>551.623844</ele>
        <time>2024-07-09T12:44:29.721Z</time>
      </trkpt>
      <trkpt lat="48.400053" lon="10.782818">
        <ele>551.307550</ele>
        <time>2024-07-09T12:44:34.729Z</time>
      </trkpt>
      <trkpt lat="48.400079" lon="10.782957">
        <ele>550.991236</ele>
        <time>2024-07-09T12:44:42.723Z</time>
      </trkpt>
      <trkpt lat="48.400088" lon="10.783111">
        <ele>550.652615</ele>
        <time>2024-07-09T12:44:49.730Z</time>
      </trkpt>
      <trkpt lat="48.400112" lon="10.783251">
        <ele>550.335906</ele>
        <time>2024-07-09T12:44:56.724Z</time>
      </trkpt>
      <trkpt lat="48.400128" lon="10.783394">
        <ele>550.018267</ele>
        <time>2024-07-09T12:45:03.722Z</time>
      </trkpt>
      <trkpt lat="48.400153" lon="10.783527">
        <ele>549.715497</ele>
        <time>2024-07-09T12:45:10.719Z</time>
      </trkpt>
      <trkpt lat="48.400156" lon="10.783663">
        <ele>549.351939</ele>
        <time>2024-07-09T12:45:16.708Z</time>
      </trkpt>
      <trkpt lat="48.400205" lon="10.783792">
        <ele>548.671120</ele>
        <time>2024-07-09T12:45:23.727Z</time>
      </trkpt>
      <trkpt lat="48.400238" lon="10.783943">
        <ele>547.942890</ele>
        <time>2024-07-09T12:45:30.723Z</time>
      </trkpt>
      <trkpt lat="48.400270" lon="10.784087">
        <ele>547.247267</ele>
        <time>2024-07-09T12:45:38.715Z</time>
      </trkpt>
      <trkpt lat="48.400324" lon="10.784199">
        <ele>546.613189</ele>
        <time>2024-07-09T12:45:43.724Z</time>
      </trkpt>
      <trkpt lat="48.400368" lon="10.784324">
        <ele>545.965074</ele>
        <time>2024-07-09T12:45:48.728Z</time>
      </trkpt>
      <trkpt lat="48.400409" lon="10.784448">
        <ele>545.330496</ele>
        <time>2024-07-09T12:45:54.718Z</time>
      </trkpt>
      <trkpt lat="48.400457" lon="10.784562">
        <ele>544.712109</ele>
        <time>2024-07-09T12:46:00.721Z</time>
      </trkpt>
      <trkpt lat="48.400517" lon="10.784683">
        <ele>544.020284</ele>
        <time>2024-07-09T12:46:07.712Z</time>
      </trkpt>
      <trkpt lat="48.400582" lon="10.784801">
        <ele>543.317911</ele>
        <time>2024-07-09T12:46:16.722Z</time>
      </trkpt>
      <trkpt lat="48.400645" lon="10.784925">
        <ele>542.602642</ele>
        <time>2024-07-09T12:46:25.712Z</time>
      </trkpt>
      <trkpt lat="48.400691" lon="10.785055">
        <ele>541.927828</ele>
        <time>2024-07-09T12:46:32.732Z</time>
      </trkpt>
      <trkpt lat="48.400739" lon="10.785178">
        <ele>541.274253</ele>
        <time>2024-07-09T12:46:39.730Z</time>
      </trkpt>
      <trkpt lat="48.400780" lon="10.785315">
        <ele>540.585861</ele>
        <time>2024-07-09T12:46:44.711Z</time>
      </trkpt>
      <trkpt lat="48.400823" lon="10.785434">
        <ele>539.965228</ele>
        <time>2024-07-09T12:46:50.708Z</time>
      </trkpt>
      <trkpt lat="48.400871" lon="10.785557">
        <ele>539.311655</ele>
        <time>2024-07-09T12:46:58.712Z</time>
      </trkpt>
      <trkpt lat="48.400925" lon="10.785686">
        <ele>538.613070</ele>
        <time>2024-07-09T12:47:06.713Z</time>
      </trkpt>
      <trkpt lat="48.400971" lon="10.785823">
        <ele>537.909799</ele>
        <time>2024-07-09T12:47:13.719Z</time>
      </trkpt>
      <trkpt lat="48.401007" lon="10.785956">
        <ele>537.251856</ele>
        <time>2024-07-09T12:47:17.725Z</time>
      </trkpt>
      <trkpt lat="48.401052" lon="10.786077">
        <ele>536.683387</ele>
        <time>2024-07-09T12:47:23.725Z</time>
      </trkpt>
      <trkpt lat="48.401093" lon="10.786204">
        <ele>536.132442</ele>
        <time>2024-07-09T12:47:31.729Z</time>
      </trkpt>
      <trkpt lat="48.401143" lon="10.786331">
        <ele>535.556403</ele>
        <time>2024-07-09T12:47:37.720Z</time>
      </trkpt>
      <trkpt lat="48.401189" lon="10.786449">
        <ele>535.022550</ele>
        <time>2024-07-09T12:47:43.715Z</time>
      </trkpt>
      <trkpt lat="48.401229" lon="10.786580">
        <ele>534.460012</ele>
        <time>2024-07-09T12:47:51.719Z</time>
      </trkpt>
      <trkpt lat="48.401270" lon="10.786706">
        <ele>533.912575</ele>
        <time>2024-07-09T12:47:58.718Z</time>
      </trkpt>
      <trkpt lat="48.401296" lon="10.786855">
        <ele>533.311531</ele>
        <time>2024-07-09T12:48:04.708Z</time>
      </trkpt>
      <trkpt lat="48.401343" lon="10.786983">
        <ele>532.740873</ele>
        <time>2024-07-09T12:48:10.724Z</time>
      </trkpt>
      <trkpt lat="48.401380" lon="10.787124">
        <ele>532.149374</ele>
        <time>2024-07-09T12:48:18.716Z</time>
      </trkpt>
      <trkpt lat="48.401420" lon="10.787260">
        <ele>531.569058</ele>
        <time>2024-07-09T12:48:26.716Z</time>
      </trkpt>
      <trkpt lat="48.401494" lon="10.787343">
        <ele>531.026890</ele>
        <time>2024-07-09T12:48:34.727Z</time>
      </trkpt>
      <trkpt lat="48.401561" lon="10.787472">
        <ele>530.387913</ele>
        <time>2024-07-09T12:48:42.721Z</time>
      </trkpt>
      <trkpt lat="48.401602" lon="10.787595">
        <ele>529.850964</ele>
        <time>2024-07-09T12:48:48.722Z</time>
      </trkpt>
      <trkpt lat="48.401636" lon="10.787728">
        <ele>529.294951</ele>
        <time>2024-07-09T12:48:55.713Z</time>
      </trkpt>
      <trkpt lat="48.401700" lon="10.787836">
        <ele>528.730178</ele>
        <time>2024-07-09T12:49:04.726Z</time>
      </trkpt>
      <trkpt lat="48.401746" lon="10.787972">
        <ele>528.134711</ele>
        <time>2024-07-09T12:49:12.718Z</time>
      </trkpt>
      <trkpt lat="48.401775" lon="10.788111">
        <ele>527.566283</ele>
        <time>2024-07-09T12:49:19.723Z</time>
      </trkpt>
      <trkpt lat="48.401793" lon="10.788253">
        <ele>527.002291</ele>
        <time>2024-07-09T12:49:25.719Z</time>
      </trkpt>
      <trkpt lat="48.401805" lon="10.788427">
        <ele>526.596393</ele>
        <time>2024-07-09T12:49:32.717Z</time>
      </trkpt>
      <trkpt lat="48.401815" lon="10.788578">
        <ele>526.924207</ele>
        <time>2024-07-09T12:49:37.717Z</time>
      </trkpt>
      <trkpt lat="48.401805" lon="10.788736">
        <ele>527.267071</ele>
        <time>2024-07-09T12:49:42.719Z</time>
      </trkpt>
      <trkpt lat="48.401813" lon="10.788897">
        <ele>527.615842</ele>
        <time>2024-07-09T12:49:49.718Z</time>
      </trkpt>
      <trkpt lat="48.401825" lon="10.789041">
        <ele>527.929356</ele>
        <time>2024-07-09T12:49:55.717Z</time>
      </trkpt>
      <trkpt lat="48.401792" lon="10.789178">
        <ele>528.244185</ele>
        <time>2024-07-09T12:50:02.727Z</time>
      </trkpt>
      <trkpt lat="48.401783" lon="10.789339">
        <ele>528.593214</ele>
        <time>2024-07-09T12:50:08.721Z</time>
      </trkpt>
      <trkpt lat="48.401790" lon="10.789495">
        <ele>528.930979</ele>
        <time>2024-07-09T12:50:14.719Z</time>
      </trkpt>
      <trkpt lat="48.401772" lon="10.789637">
        <ele>529.243274</ele>
        <time>2024-07-09T12:50:24.723Z</time>
      </trkpt>
      <trkpt lat="48.401761" lon="10.789777">
        <ele>529.547817</ele>
        <time>2024-07-09T12:50:31.716Z</time>
      </trkpt>
      <trkpt lat="48.401764" lon="10.789923">
        <ele>529.863363</ele>
        <time>2024-07-09T12:50:37.717Z</time>
      </trkpt>
      <trkpt lat="48.401748" lon="10.790089">
        <ele>530.225721</ele>
        <time>2024-07-09T12:50:42.717Z</time>
      </trkpt>
      <trkpt lat="48.401730" lon="10.790230">
        <ele>530.535894</ele>
        <time>2024-07-09T12:50:50.718Z</time>
      </trkpt>
      <trkpt lat="48.401731" lon="10.790382">
        <ele>530.864266</ele>
        <time>2024-07-09T12:50:57.723Z</time>
      </trkpt>
      <trkpt lat="48.401757" lon="10.790529">
        <ele>531.192897</ele>
        <time>2024-07-09T12:51:01.716Z</time>
      </trkpt>
      <trkpt lat="48.401777" lon="10.790676">
        <ele>531.517051</ele>
        <time>2024-07-09T12:51:10.716Z</time>
      </trkpt>
      <trkpt lat="48.401782" lon="10.790824">
        <ele>531.837180</ele>
        <time>2024-07-09T12:51:18.716Z</time>
      </trkpt>
      <trkpt lat="48.401793" lon="10.790967">
        <ele>532.148160</ele>
        <time>2024-07-09T12:51:25.736Z</time>
      </trkpt>
      <trkpt lat="48.401822" lon="10.791097">
        <ele>532.312581</ele>
        <time>2024-07-09T12:51:31.711Z</time>
      </trkpt>
      <trkpt lat="48.401843" lon="10.791243">
        <ele>532.183146</ele>
        <time>2024-07-09T12:51:38.726Z</time>
      </trkpt>
      <trkpt lat="48.401856" lon="10.791385">
        <ele>532.058947</ele>
        <time>2024-07-09T12:51:46.729Z</time>
      </trkpt>
      <trkpt lat="48.401840" lon="10.791534">
        <ele>531.928170</ele>
        <time>2024-07-09T12:51:54.727Z</time>
      </trkpt>
      <trkpt lat="48.401829" lon="10.791684">
        <ele>531.797413</ele>
        <time>2024-07-09T12:52:01.723Z</time>
      </trkpt>
      <trkpt lat="48.401847" lon="10.791836">
        <ele>531.663635</ele>
        <time>2024-07-09T12:52:10.725Z</time>
      </trkpt>
      <trkpt lat="48.401902" lon="10.791944">
        <ele>531.545701</ele>
        <time>2024-07-09T12:52:15.711Z</time>
      </trkpt>
      <trkpt lat="48.401928" lon="10.792091">
        <ele>531.413892</ele>
        <time>2024-07-09T12:52:24.723Z</time>
      </trkpt>
      <trkpt lat="48.401952" lon="10.792236">
        <ele>531.284413</ele>
        <time>2024-07-09T12:52:32.716Z</time>
      </trkpt>
      <trkpt lat="48.401955" lon="10.792379">
        <ele>531.160450</ele>
        <time>2024-07-09T12:52:36.715Z</time>
      </trkpt>
      <trkpt lat="48.401965" lon="10.792526">
        <ele>531.032417</ele>
        <time>2024-07-09T12:52:41.724Z</time>
      </trkpt>
      <trkpt lat="48.401975" lon="10.792670">
        <ele>530.906969</ele>
        <time>2024-07-09T12:52:48.723Z</time>
      </trkpt>
      <trkpt lat="48.402020" lon="10.792798">
        <ele>530.781475</ele>
        <time>2024-07-09T12:52:55.715Z</time>
      </trkpt>
      <trkpt lat="48.402104" lon="10.792864">
        <ele>530.657830</ele>
        <time>2024-07-09T12:53:04.728Z</time>
      </trkpt>
      <trkpt lat="48.402152" lon="10.792694">
        <ele>530.497769</ele>
        <time>2024-07-09T12:53:10.728Z</time>
      </trkpt>
      <trkpt lat="48.402169" lon="10.792552">
        <ele>530.372751</ele>
        <time>2024-07-09T12:53:19.720Z</time>
      </trkpt>
      <trkpt lat="48.402192" lon="10.792402">
        <ele>530.239364</ele>
        <time>2024-07-09T12:53:24.728Z</time>
      </trkpt>
      <trkpt lat="48.402210" lon="10.792259">
        <ele>530.113257</ele>
        <time>2024-07-09T12:53:30.707Z</time>
      </trkpt>
      <trkpt lat="48.402231" lon="10.792112">
        <ele>529.976230</ele>
        <time>2024-07-09T12:53:41.719Z</time>
      </trkpt>
      <trkpt lat="48.402273" lon="10.791989">
        <ele>529.815945</ele>
        <time>2024-07-09T12:53:47.707Z</time>
      </trkpt>
      <trkpt lat="48.402306" lon="10.791857">
        <ele>529.652493</ele>
        <time>2024-07-09T12:53:59.723Z</time>
      </trkpt>
      <trkpt lat="48.402322" lon="10.791706">
        <ele>529.475294</ele>
        <time>2024-07-09T12:54:07.727Z</time>
      </trkpt>
      <trkpt lat="48.402333" lon="10.791571">
        <ele>529.317677</ele>
        <time>2024-07-09T12:54:14.715Z</time>
      </trkpt>
      <trkpt lat="48.402346" lon="10.791421">
        <ele>529.142377</ele>
        <time>2024-07-09T12:54:23.719Z</time>
      </trkpt>
      <trkpt lat="48.402356" lon="10.791275">
        <ele>528.972289</ele>
        <time>2024-07-09T12:54:32.725Z</time>
      </trkpt>
      <trkpt lat="48.402322" lon="10.791140">
        <ele>528.804968</ele>
        <time>2024-07-09T12:54:39.725Z</time>
      </trkpt>
      <trkpt lat="48.402303" lon="10.790994">
        <ele>528.632558</ele>
        <time>2024-07-09T12:54:45.717Z</time>
      </trkpt>
      <trkpt lat="48.402310" lon="10.790839">
        <ele>528.452523</ele>
        <time>2024-07-09T12:54:51.720Z</time>
      </trkpt>
      <trkpt lat="48.402349" lon="10.790710">
        <ele>528.288263</ele>
        <time>2024-07-09T12:54:58.719Z</time>
      </trkpt>
      <trkpt lat="48.402405" lon="10.790575">
        <ele>528.103793</ele>
        <time>2024-07-09T12:55:05.711Z</time>
      </trkpt>
      <trkpt lat="48.402445" lon="10.790444">
        <ele>527.936699</ele>
        <time>2024-07-09T12:55:09.715Z</time>
      </trkpt>
      <trkpt lat="48.402503" lon="10.790337">
        <ele>527.776624</ele>
        <time>2024-07-09T12:55:15.715Z</time>
      </trkpt>
      <trkpt lat="48.402588" lon="10.790262">
        <ele>527.604674</ele>
        <time>2024-07-09T12:55:24.722Z</time>
      </trkpt>
      <trkpt lat="48.402674" lon="10.790206">
        <ele>527.441133</ele>
        <time>2024-07-09T12:55:32.720Z</time>
      </trkpt>
      <trkpt lat="48.402721" lon="10.790083">
        <ele>527.276674</ele>
        <time>2024-07-09T12:55:44.716Z</time>
      </trkpt>
      <trkpt lat="48.402761" lon="10.789943">
        <ele>527.100052</ele>
        <time>2024-07-09T12:55:49.720Z</time>
      </trkpt>
      <trkpt lat="48.402801" lon="10.789808">
        <ele>526.928737</ele>
        <time>2024-07-09T12:55:55.716Z</time>
      </trkpt>
      <trkpt lat="48.402793" lon="10.789657">
        <ele>526.416565</ele>
        <time>2024-07-09T12:55:59.709Z</time>
      </trkpt>
      <trkpt lat="48.402831" lon="10.789511">
        <ele>525.679798</ele>
        <time>2024-07-09T12:56:05.718Z</time>
      </trkpt>
      <trkpt lat="48.402855" lon="10.789361">
        <ele>524.954891</ele>
        <time>2024-07-09T12:56:09.723Z</time>
      </trkpt>
      <trkpt lat="48.402844" lon="10.789179">
        <ele>524.096284</ele>
        <time>2024-07-09T12:56:17.720Z</time>
      </trkpt>
      <trkpt lat="48.402831" lon="10.789045">
        <ele>523.460040</ele>
        <time>2024-07-09T12:56:26.720Z</time>
      </trkpt>
      <trkpt lat="48.402810" lon="10.788912">
        <ele>522.817750</ele>
        <time>2024-07-09T12:56:34.714Z</time>
      </trkpt>
      <trkpt lat="48.402836" lon="10.788767">
        <ele>522.112101</ele>
        <time>2024-07-09T12:56:41.720Z</time>
      </trkpt>
      <trkpt lat="48.402868" lon="10.788614">
        <ele>521.358450</ele>
        <time>2024-07-09T12:56:47.722Z</time>
      </trkpt>
      <trkpt lat="48.402850" lon="10.788452">
        <ele>520.586757</ele>
        <time>2024-07-09T12:56:53.718Z</time>
      </trkpt>
      <trkpt lat="48.402830" lon="10.788318">
        <ele>519.941485</ele>
        <time>2024-07-09T12:57:01.703Z</time>
      </trkpt>
      <trkpt lat="48.402839" lon="10.788177">
        <ele>519.275985</ele>
        <time>2024-07-09T12:57:08.719Z</time>
      </trkpt>
      <trkpt lat="48.402861" lon="10.788032">
        <ele>518.577183</ele>
        <time>2024-07-09T12:57:14.718Z</time>
      </trkpt>
      <trkpt lat="48.402862" lon="10.787882">
        <ele>517.872419</ele>
        <time>2024-07-09T12:57:21.721Z</time>
      </trkpt>
      <trkpt lat="48.402852" lon="10.787737">
        <ele>517.187515</ele>
        <time>2024-07-09T12:57:27.732Z</time>
      </trkpt>
      <trkpt lat="48.402844" lon="10.787599">
        <ele>516.536697</ele>
        <time>2024-07-09T12:57:35.722Z</time>
      </trkpt>
      <trkpt lat="48.402818" lon="10.787465">
        <ele>515.880803</ele>
        <time>2024-07-09T12:57:42.740Z</time>
      </trkpt>
      <trkpt lat="48.402831" lon="10.787325">
        <ele>515.216653</ele>
        <time>2024-07-09T12:57:49.722Z</time>
      </trkpt>
      <trkpt lat="48.402823" lon="10.787168">
        <ele>514.476866</ele>
        <time>2024-07-09T12:57:57.715Z</time>
      </trkpt>
      <trkpt lat="48.402787" lon="10.787025">
        <ele>514.240026</ele>
        <time>2024-07-09T12:58:02.732Z</time>
      </trkpt>
      <trkpt lat="48.402783" lon="10.786875">
        <ele>514.437113</ele>
        <time>2024-07-09T12:58:10.738Z</time>
      </trkpt>
      <trkpt lat="48.402754" lon="10.786740">
        <ele>514.623396</ele>
        <time>2024-07-09T12:58:18.752Z</time>
      </trkpt>
      <trkpt lat="48.402725" lon="10.786612">
        <ele>514.800959</ele>
        <time>2024-07-09T12:58:27.735Z</time>
      </trkpt>
      <trkpt lat="48.402698" lon="10.786444">
        <ele>515.027890</ele>
        <time>2024-07-09T12:58:33.726Z</time>
      </trkpt>
      <trkpt lat="48.402675" lon="10.786292">
        <ele>515.232563</ele>
        <time>2024-07-09T12:58:39.730Z</time>
      </trkpt>
      <trkpt lat="48.402668" lon="10.786126">
        <ele>515.450937</ele>
        <time>2024-07-09T12:58:44.732Z</time>
      </trkpt>
      <trkpt lat="48.402679" lon="10.785964">
        <ele>515.664730</ele>
        <time>2024-07-09T12:58:50.734Z</time>
      </trkpt>
      <trkpt lat="48.402679" lon="10.785817">
        <ele>515.857721</ele>
        <time>2024-07-09T12:58:57.731Z</time>
      </trkpt>
      <trkpt lat="48.402667" lon="10.785677">
        <ele>516.043047</ele>
        <time>2024-07-09T12:59:02.727Z</time>
      </trkpt>
      <trkpt lat="48.402693" lon="10.785544">
        <ele>516.225070</ele>
        <time>2024-07-09T12:59:15.729Z</time>
      </trkpt>
      <trkpt lat="48.402757" lon="10.785413">
        <ele>516.438604</ele>
        <time>2024-07-09T12:59:21.739Z</time>
      </trkpt>
      <trkpt lat="48.402798" lon="10.785275">
        <ele>516.637093</ele>
        <time>2024-07-09T12:59:27.725Z</time>
      </trkpt>
      <trkpt lat="48.402819" lon="10.785128">
        <ele>516.834501</ele>
        <time>2024-07-09T12:59:31.713Z</time>
      </trkpt>
      <trkpt lat="48.402875" lon="10.784996">
        <ele>517.040159</ele>
        <time>2024-07-09T12:59:37.718Z</time>
      </trkpt>
      <trkpt lat="48.402908" lon="10.784866">
        <ele>517.222882</ele>
        <time>2024-07-09T12:59:42.710Z</time>
      </trkpt>
      <trkpt lat="48.402958" lon="10.784750">
        <ele>517.404456</ele>
        <time>2024-07-09T12:59:49.727Z</time>
      </trkpt>
      <trkpt lat="48.403025" lon="10.784637">
        <ele>517.603360</ele>
        <time>2024-07-09T12:59:55.720Z</time>
      </trkpt>
      <trkpt lat="48.403076" lon="10.784525">
        <ele>517.537808</ele>
        <time>2024-07-09T13:00:02.722Z</time>
      </trkpt>
      <trkpt lat="48.403156" lon="10.784421">
        <ele>517.180433</ele>
        <time>2024-07-09T13:00:12.718Z</time>
      </trkpt>
      <trkpt lat="48.403203" lon="10.784285">
        <ele>516.836197</ele>
        <time>2024-07-09T13:00:19.732Z</time>
      </trkpt>
      <trkpt lat="48.403259" lon="10.784140">
        <ele>516.459570</ele>
        <time>2024-07-09T13:00:26.722Z</time>
      </trkpt>
      <trkpt lat="48.403327" lon="10.784045">
        <ele>516.145919</ele>
        <time>2024-07-09T13:00:33.727Z</time>
      </trkpt>
      <trkpt lat="48.403357" lon="10.783908">
        <ele>515.822033</ele>
        <time>2024-07-09T13:00:42.727Z</time>
      </trkpt>
      <trkpt lat="48.403378" lon="10.783774">
        <ele>515.512913</ele>
        <time>2024-07-09T13:00:49.719Z</time>
      </trkpt>
      <trkpt lat="48.403400" lon="10.783625">
        <ele>515.170212</ele>
        <time>2024-07-09T13:00:57.727Z</time>
      </trkpt>
      <trkpt lat="48.403427" lon="10.783473">
        <ele>514.816944</ele>
        <time>2024-07-09T13:01:06.709Z</time>
      </trkpt>
      <trkpt lat="48.403471" lon="10.783344">
        <ele>514.491330</ele>
        <time>2024-07-09T13:01:11.722Z</time>
      </trkpt>
      <trkpt lat="48.403491" lon="10.783197">
        <ele>514.154434</ele>
        <time>2024-07-09T13:01:17.729Z</time>
      </trkpt>
      <trkpt lat="48.403510" lon="10.783060">
        <ele>513.840209</ele>
        <time>2024-07-09T13:01:23.735Z</time>
      </trkpt>
      <trkpt lat="48.403524" lon="10.782924">
        <ele>513.531220</ele>
        <time>2024-07-09T13:01:29.722Z</time>
      </trkpt>
      <trkpt lat="48.403527" lon="10.782779">
        <ele>513.205515</ele>
        <time>2024-07-09T13:01:35.718Z</time>
      </trkpt>
      <trkpt lat="48.403538" lon="10.782634">
        <ele>512.877851</ele>
        <time>2024-07-09T13:01:42.716Z</time>
      </trkpt>
      <trkpt lat="48.403552" lon="10.782443">
        <ele>512.446422</ele>
        <time>2024-07-09T13:01:49.707Z</time>
      </trkpt>
      <trkpt lat="48.403600" lon="10.782313">
        <ele>512.112449</ele>
        <time>2024-07-09T13:01:57.731Z</time>
      </trkpt>
      <trkpt lat="48.403588" lon="10.782175">
        <ele>511.799972</ele>
        <time>2024-07-09T13:02:03.722Z</time>
      </trkpt>
      <trkpt lat="48.403610" lon="10.782024">
        <ele>511.556182</ele>
        <time>2024-07-09T13:02:10.726Z</time>
      </trkpt>
      <trkpt lat="48.403645" lon="10.781883">
        <ele>511.441930</ele>
        <time>2024-07-09T13:02:16.727Z</time>
      </trkpt>
      <trkpt lat="48.403673" lon="10.781754">
        <ele>511.338922</ele>
        <time>2024-07-09T13:02:21.724Z</time>
      </trkpt>
      <trkpt lat="48.403673" lon="10.781612">
        <ele>511.231147</ele>
        <time>2024-07-09T13:02:27.724Z</time>
      </trkpt>
      <trkpt lat="48.403668" lon="10.781464">
        <ele>511.118673</ele>
        <time>2024-07-09T13:02:34.727Z</time>
      </trkpt>
      <trkpt lat="48.403660" lon="10.781318">
        <ele>511.007486</ele>
        <time>2024-07-09T13:02:42.734Z</time>
      </trkpt>
      <trkpt lat="48.403640" lon="10.781185">
        <ele>510.903985</ele>
        <time>2024-07-09T13:02:48.730Z</time>
      </trkpt>
      <trkpt lat="48.403604" lon="10.781042">
        <ele>510.787910</ele>
        <time>2024-07-09T13:02:53.726Z</time>
      </trkpt>
      <trkpt lat="48.403603" lon="10.780902">
        <ele>510.681647</ele>
        <time>2024-07-09T13:02:59.729Z</time>
      </trkpt>
      <trkpt lat="48.403598" lon="10.780756">
        <ele>510.570689</ele>
        <time>2024-07-09T13:03:08.727Z</time>
      </trkpt>
      <trkpt lat="48.403619" lon="10.780613">
        <ele>510.459532</ele>
        <time>2024-07-09T13:03:13.726Z</time>
      </trkpt>
      <trkpt lat="48.403644" lon="10.780467">
        <ele>510.345095</ele>
        <time>2024-07-09T13:03:21.731Z</time>
      </trkpt>
      <trkpt lat="48.403674" lon="10.780332">
        <ele>510.237045</ele>
        <time>2024-07-09T13:03:29.716Z</time>
      </trkpt>
      <trkpt lat="48.403680" lon="10.780196">
        <ele>510.133597</ele>
        <time>2024-07-09T13:03:34.728Z</time>
      </trkpt>
      <trkpt lat="48.403674" lon="10.780054">
        <ele>510.025604</ele>
        <time>2024-07-09T13:03:40.729Z</time>
      </trkpt>
      <trkpt lat="48.403685" lon="10.779910">
        <ele>509.915590</ele>
        <time>2024-07-09T13:03:48.726Z</time>
      </trkpt>
      <trkpt lat="48.403702" lon="10.779771">
        <ele>509.808318</ele>
        <time>2024-07-09T13:03:55.727Z</time>
      </trkpt>
      <trkpt lat="48.403708" lon="10.779635">
        <ele>509.704869</ele>
        <time>2024-07-09T13:04:01.721Z</time>
      </trkpt>
      <trkpt lat="48.403747" lon="10.779497">
        <ele>509.591036</ele>
        <time>2024-07-09T13:04:10.727Z</time>
      </trkpt>
      <trkpt lat="48.403765" lon="10.779346">
        <ele>509.546452</ele>
        <time>2024-07-09T13:04:17.719Z</time>
      </trkpt>
      <trkpt lat="48.403771" lon="10.779177">
        <ele>509.536263</ele>
        <time>2024-07-09T13:04:24.709Z</time>
      </trkpt>
      <trkpt lat="48.403759" lon="10.779042">
        <ele>509.528063</ele>
        <time>2024-07-09T13:04:29.726Z</time>
      </trkpt>
      <trkpt lat="48.403817" lon="10.778921">
        <ele>509.519078</ele>
        <time>2024-07-09T13:04:38.730Z</time>
      </trkpt>
      <trkpt lat="48.403826" lon="10.778776">
        <ele>509.510311</ele>
        <time>2024-07-09T13:04:45.723Z</time>
      </trkpt>
      <trkpt lat="48.403858" lon="10.778646">
        <ele>509.501963</ele>
        <time>2024-07-09T13:04:51.735Z</time>
      </trkpt>
      <trkpt lat="48.403914" lon="10.778532">
        <ele>509.493426</ele>
        <time>2024-07-09T13:04:59.716Z</time>
      </trkpt>
      <trkpt lat="48.403989" lon="10.778419">
        <ele>509.483806</ele>
        <time>2024-07-09T13:05:05.732Z</time>
      </trkpt>
      <trkpt lat="48.404063" lon="10.778329">
        <ele>509.475181</ele>
        <time>2024-07-09T13:05:13.749Z</time>
      </trkpt>
      <trkpt lat="48.404152" lon="10.778274">
        <ele>509.466457</ele>
        <time>2024-07-09T13:05:19.736Z</time>
      </trkpt>
      <trkpt lat="48.404230" lon="10.778174">
        <ele>509.457169</ele>
        <time>2024-07-09T13:05:25.741Z</time>
      </trkpt>
      <trkpt lat="48.404272" lon="10.778028">
        <ele>509.447590</ele>
        <time>2024-07-09T13:05:30.727Z</time>
      </trkpt>
      <trkpt lat="48.404291" lon="10.777891">
        <ele>509.439164</ele>
        <time>2024-07-09T13:05:34.743Z</time>
      </trkpt>
      <trkpt lat="48.404352" lon="10.777781">
        <ele>509.430535</ele>
        <time>2024-07-09T13:05:41.771Z</time>
      </trkpt>
      <trkpt lat="48.404389" lon="10.777650">
        <ele>509.421964</ele>
        <time>2024-07-09T13:05:50.710Z</time>
      </trkpt>
      <trkpt lat="48.404431" lon="10.777499">
        <ele>509.412108</ele>
        <time>2024-07-09T13:05:55.737Z</time>
      </trkpt>
      <trkpt lat="48.404476" lon="10.777366">
        <ele>509.403121</ele>
        <time>2024-07-09T13:06:01.711Z</time>
      </trkpt>
      <trkpt lat="48.404481" lon="10.777222">
        <ele>509.394440</ele>
        <time>2024-07-09T13:06:10.737Z</time>
      </trkpt>
      <trkpt lat="48.404498" lon="10.777088">
        <ele>509.389534</ele>
        <time>2024-07-09T13:06:15.733Z</time>
      </trkpt>
      <trkpt lat="48.404490" lon="10.776936">
        <ele>509.389534</ele>
        <time>2024-07-09T13:06:20.737Z</time>
      </trkpt>
      <trkpt lat="48.404483" lon="10.776792">
        <ele>509.389534</ele>
        <time>2024-07-09T13:06:27.736Z</time>
      </trkpt>
      <trkpt lat="48.404486" lon="10.776654">
        <ele>509.389534</ele>
        <time>2024-07-09T13:06:33.738Z</time>
      </trkpt>
      <trkpt lat="48.404496" lon="10.776496">
        <ele>509.389534</ele>
        <time>2024-07-09T13:06:41.736Z</time>
      </trkpt>
      <trkpt lat="48.404513" lon="10.776356">
        <ele>509.389534</ele>
        <time>2024-07-09T13:06:47.707Z</time>
      </trkpt>
      <trkpt lat="48.404498" lon="10.776215">
        <ele>509.389534</ele>
        <time>2024-07-09T13:06:54.736Z</time>
      </trkpt>
      <trkpt lat="48.404471" lon="10.776070">
        <ele>509.389534</ele>
        <time>2024-07-09T13:07:02.743Z</time>
      </trkpt>
      <trkpt lat="48.404451" lon="10.775931">
        <ele>509.389534</ele>
        <time>2024-07-09T13:07:09.737Z</time>
      </trkpt>
      <trkpt lat="48.404468" lon="10.775783">
        <ele>509.389534</ele>
        <time>2024-07-09T13:07:15.738Z</time>
      </trkpt>
      <trkpt lat="48.404492" lon="10.775639">
        <ele>509.389534</ele>
        <time>2024-07-09T13:07:21.738Z</time>
      </trkpt>
      <trkpt lat="48.404549" lon="10.775524">
        <ele>509.389534</ele>
        <time>2024-07-09T13:07:28.741Z</time>
      </trkpt>
      <trkpt lat="48.404612" lon="10.775417">
        <ele>509.389534</ele>
        <time>2024-07-09T13:07:34.737Z</time>
      </trkpt>
      <trkpt lat="48.404650" lon="10.775291">
        <ele>509.389534</ele>
        <time>2024-07-09T13:07:38.714Z</time>
      </trkpt>
      <trkpt lat="48.404751" lon="10.775278">
        <ele>509.389534</ele>
        <time>2024-07-09T13:07:45.736Z</time>
      </trkpt>
      <trkpt lat="48.404839" lon="10.775240">
        <ele>509.389534</ele>
        <time>2024-07-09T13:07:53.767Z</time>
      </trkpt>
      <trkpt lat="48.404927" lon="10.775170">
        <ele>509.389534</ele>
        <time>2024-07-09T13:08:02.737Z</time>
      </trkpt>
      <trkpt lat="48.404937" lon="10.775028">
        <ele>509.389534</ele>
        <time>2024-07-09T13:08:11.712Z</time>
      </trkpt>
      <trkpt lat="48.405027" lon="10.775001">
        <ele>509.389534</ele>
        <time>2024-07-09T13:08:26.753Z</time>
      </trkpt>
      <trkpt lat="48.405013" lon="10.774861">
        <ele>509.389534</ele>
        <time>2024-07-09T13:08:38.743Z</time>
      </trkpt>
      <trkpt lat="48.404984" lon="10.774723">
        <ele>509.389534</ele>
        <time>2024-07-09T13:08:47.738Z</time>
      </trkpt>
      <trkpt lat="48.404931" lon="10.774599">
        <ele>509.389534</ele>
        <time>2024-07-09T13:08:55.747Z</time>
      </trkpt>
      <trkpt lat="48.404868" lon="10.774536">
        <ele>509.389534</ele>
        <time>2024-07-09T13:09:02.478Z</time>
      </trkpt>
    </trkseg>
  </trk>
</gpx>