<?xml version="1.0" encoding="utf-8"?>
<gpx xmlns:xsi="http://www.w3.org/2001/XMLSchema-instance" xmlns:xsd="http://www.w3.org/2001/XMLSchema" xsi:schemaLocation="http://www.topografix.com/GPX/1/1 http://www.topografix.com/GPX/1/1/gpx.xsd" version="1.1" creator="QuoVadis 7.4.0.11" xmlns="http://www.topografix.com/GPX/1/1">
  <metadata>
    <link href="http://www.quovadis-gps.com">
      <text>QuoVadis Homepage</text>
    </link>
    <time>2021-09-29T17:18:46.0846768Z</time>
  </metadata>
  <trk>
    <name>IVV-Permanentwanderweg_Wilzenberg_Neu_AM</name>
    <cmt>Schöne Wanderung zum Wilzenberg, dem "Heiligen Berg" des Sauerlandes.</cmt>
    <extensions>
      <gpxx:TrackExtension xsi:schemaLocation="http://www.garmin.com/xmlschemas/GpxExtensions/v3 http://www.garmin.com/xmlschemas/GpxExtensions/v3/GpxExtensionsv3.xsd" xmlns:gpxx="http://www.garmin.com/xmlschemas/GpxExtensions/v3">
        <gpxx:DisplayColor>Blue</gpxx:DisplayColor>
      </gpxx:TrackExtension>
    </extensions>
    <trkseg>
      <trkpt lat="51.182399" lon="8.340842">
        <ele>489.4</ele>
        <time>0001-01-01T00:00:00Z</time>
        <cmt>51.182390,8.340841</cmt>
      </trkpt>
      <trkpt lat="51.182398" lon="8.340862">
        <ele>489.4</ele>
        <time>0001-01-01T00:00:00Z</time>
      </trkpt>
      <trkpt lat="51.182366" lon="8.341105">
        <ele>489.3</ele>
        <time>0001-01-01T00:00:00Z</time>
      </trkpt>
      <trkpt lat="51.182366" lon="8.341105">
        <ele>489.3</ele>
        <time>0001-01-01T00:00:00Z</time>
        <cmt>51.182366,8.341105</cmt>
      </trkpt>
      <trkpt lat="51.182341" lon="8.341294">
        <ele>489.2</ele>
        <time>0001-01-01T00:00:00Z</time>
      </trkpt>
      <trkpt lat="51.1823" lon="8.341419">
        <ele>488.8</ele>
        <time>0001-01-01T00:00:00Z</time>
      </trkpt>
      <trkpt lat="51.1823" lon="8.341419">
        <ele>488.8</ele>
        <time>0001-01-01T00:00:00Z</time>
        <cmt>51.182300,8.341419</cmt>
      </trkpt>
      <trkpt lat="51.182235" lon="8.341614">
        <ele>488.2</ele>
        <time>0001-01-01T00:00:00Z</time>
      </trkpt>
      <trkpt lat="51.182226" lon="8.341657">
        <ele>488.2</ele>
        <time>0001-01-01T00:00:00Z</time>
      </trkpt>
      <trkpt lat="51.182226" lon="8.341657">
        <ele>488.2</ele>
        <time>0001-01-01T00:00:00Z</time>
        <cmt>51.182226,8.341657</cmt>
      </trkpt>
      <trkpt lat="51.182197" lon="8.341806">
        <ele>488.1</ele>
        <time>0001-01-01T00:00:00Z</time>
      </trkpt>
      <trkpt lat="51.182169" lon="8.341934">
        <ele>488.1</ele>
        <time>0001-01-01T00:00:00Z</time>
      </trkpt>
      <trkpt lat="51.182138" lon="8.342059">
        <ele>488.1</ele>
        <time>0001-01-01T00:00:00Z</time>
      </trkpt>
      <trkpt lat="51.182106" lon="8.342169">
        <ele>488.2</ele>
        <time>0001-01-01T00:00:00Z</time>
      </trkpt>
      <trkpt lat="51.182071" lon="8.342266">
        <ele>488.1</ele>
        <time>0001-01-01T00:00:00Z</time>
      </trkpt>
      <trkpt lat="51.182033" lon="8.342352">
        <ele>488.1</ele>
        <time>0001-01-01T00:00:00Z</time>
      </trkpt>
      <trkpt lat="51.181987" lon="8.342441">
        <ele>488</ele>
        <time>0001-01-01T00:00:00Z</time>
      </trkpt>
      <trkpt lat="51.181963" lon="8.342489">
        <ele>488</ele>
        <time>0001-01-01T00:00:00Z</time>
      </trkpt>
      <trkpt lat="51.18194" lon="8.342532">
        <ele>488</ele>
        <time>0001-01-01T00:00:00Z</time>
      </trkpt>
      <trkpt lat="51.181894" lon="8.342617">
        <ele>488</ele>
        <time>0001-01-01T00:00:00Z</time>
      </trkpt>
      <trkpt lat="51.181754" lon="8.342862">
        <ele>488.4</ele>
        <time>0001-01-01T00:00:00Z</time>
      </trkpt>
      <trkpt lat="51.181754" lon="8.342862">
        <ele>488.4</ele>
        <time>0001-01-01T00:00:00Z</time>
        <cmt>51.181754,8.342862</cmt>
      </trkpt>
      <trkpt lat="51.181638" lon="8.343065">
        <ele>488.7</ele>
        <time>0001-01-01T00:00:00Z</time>
      </trkpt>
      <trkpt lat="51.181382" lon="8.343513">
        <ele>489.9</ele>
        <time>0001-01-01T00:00:00Z</time>
      </trkpt>
      <trkpt lat="51.181126" lon="8.343961">
        <ele>492.8</ele>
        <time>0001-01-01T00:00:00Z</time>
      </trkpt>
      <trkpt lat="51.181088" lon="8.344027">
        <ele>493.2</ele>
        <time>0001-01-01T00:00:00Z</time>
      </trkpt>
      <trkpt lat="51.181074" lon="8.344016">
        <ele>493.1</ele>
        <time>0001-01-01T00:00:00Z</time>
      </trkpt>
      <trkpt lat="51.181074" lon="8.344016">
        <ele>493.1</ele>
        <time>0001-01-01T00:00:00Z</time>
        <cmt>51.181074,8.344016</cmt>
      </trkpt>
      <trkpt lat="51.180808" lon="8.343794">
        <ele>492.3</ele>
        <time>0001-01-01T00:00:00Z</time>
      </trkpt>
      <trkpt lat="51.180808" lon="8.343794">
        <ele>492.3</ele>
        <time>0001-01-01T00:00:00Z</time>
        <cmt>51.180808,8.343794</cmt>
      </trkpt>
      <trkpt lat="51.180719" lon="8.343721">
        <ele>492</ele>
        <time>0001-01-01T00:00:00Z</time>
      </trkpt>
      <trkpt lat="51.180351" lon="8.343414">
        <ele>491.2</ele>
        <time>0001-01-01T00:00:00Z</time>
      </trkpt>
      <trkpt lat="51.179982" lon="8.343107">
        <ele>489.8</ele>
        <time>0001-01-01T00:00:00Z</time>
      </trkpt>
      <trkpt lat="51.179613" lon="8.342801">
        <ele>490.1</ele>
        <time>0001-01-01T00:00:00Z</time>
      </trkpt>
      <trkpt lat="51.179576" lon="8.342773">
        <ele>490.1</ele>
        <time>0001-01-01T00:00:00Z</time>
      </trkpt>
      <trkpt lat="51.179527" lon="8.342736">
        <ele>490.2</ele>
        <time>0001-01-01T00:00:00Z</time>
      </trkpt>
      <trkpt lat="51.179527" lon="8.342736">
        <ele>490.2</ele>
        <time>0001-01-01T00:00:00Z</time>
        <cmt>51.179527,8.342736</cmt>
      </trkpt>
      <trkpt lat="51.179309" lon="8.342572">
        <ele>490.7</ele>
        <time>0001-01-01T00:00:00Z</time>
      </trkpt>
      <trkpt lat="51.178989" lon="8.342331">
        <ele>491.1</ele>
        <time>0001-01-01T00:00:00Z</time>
      </trkpt>
      <trkpt lat="51.178669" lon="8.34209">
        <ele>491.5</ele>
        <time>0001-01-01T00:00:00Z</time>
      </trkpt>
      <trkpt lat="51.178349" lon="8.341849">
        <ele>491.3</ele>
        <time>0001-01-01T00:00:00Z</time>
      </trkpt>
      <trkpt lat="51.178029" lon="8.341608">
        <ele>490.1</ele>
        <time>0001-01-01T00:00:00Z</time>
      </trkpt>
      <trkpt lat="51.17795" lon="8.341543">
        <ele>489.5</ele>
        <time>0001-01-01T00:00:00Z</time>
      </trkpt>
      <trkpt lat="51.177914" lon="8.341518">
        <ele>489.2</ele>
        <time>0001-01-01T00:00:00Z</time>
      </trkpt>
      <trkpt lat="51.177881" lon="8.3415">
        <ele>489</ele>
        <time>0001-01-01T00:00:00Z</time>
      </trkpt>
      <trkpt lat="51.177844" lon="8.341484">
        <ele>488.8</ele>
        <time>0001-01-01T00:00:00Z</time>
      </trkpt>
      <trkpt lat="51.177802" lon="8.341471">
        <ele>488.7</ele>
        <time>0001-01-01T00:00:00Z</time>
      </trkpt>
      <trkpt lat="51.177745" lon="8.341458">
        <ele>488.5</ele>
        <time>0001-01-01T00:00:00Z</time>
      </trkpt>
      <trkpt lat="51.177643" lon="8.341497">
        <ele>488.5</ele>
        <time>0001-01-01T00:00:00Z</time>
      </trkpt>
      <trkpt lat="51.177584" lon="8.341522">
        <ele>488.4</ele>
        <time>0001-01-01T00:00:00Z</time>
      </trkpt>
      <trkpt lat="51.177584" lon="8.341522">
        <ele>488.4</ele>
        <time>0001-01-01T00:00:00Z</time>
        <cmt>51.177584,8.341522</cmt>
      </trkpt>
      <trkpt lat="51.177569" lon="8.341529">
        <ele>488.4</ele>
        <time>0001-01-01T00:00:00Z</time>
      </trkpt>
      <trkpt lat="51.177503" lon="8.341563">
        <ele>488.2</ele>
        <time>0001-01-01T00:00:00Z</time>
      </trkpt>
      <trkpt lat="51.177444" lon="8.341599">
        <ele>488</ele>
        <time>0001-01-01T00:00:00Z</time>
      </trkpt>
      <trkpt lat="51.177383" lon="8.341645">
        <ele>487.8</ele>
        <time>0001-01-01T00:00:00Z</time>
      </trkpt>
      <trkpt lat="51.177232" lon="8.341771">
        <ele>486.9</ele>
        <time>0001-01-01T00:00:00Z</time>
      </trkpt>
      <trkpt lat="51.177161" lon="8.341825">
        <ele>486.5</ele>
        <time>0001-01-01T00:00:00Z</time>
      </trkpt>
      <trkpt lat="51.177091" lon="8.341868">
        <ele>486</ele>
        <time>0001-01-01T00:00:00Z</time>
      </trkpt>
      <trkpt lat="51.177016" lon="8.341903">
        <ele>485.6</ele>
        <time>0001-01-01T00:00:00Z</time>
      </trkpt>
      <trkpt lat="51.17694" lon="8.341931">
        <ele>485.3</ele>
        <time>0001-01-01T00:00:00Z</time>
      </trkpt>
      <trkpt lat="51.17686" lon="8.341952">
        <ele>484.9</ele>
        <time>0001-01-01T00:00:00Z</time>
      </trkpt>
      <trkpt lat="51.176773" lon="8.341967">
        <ele>484.6</ele>
        <time>0001-01-01T00:00:00Z</time>
      </trkpt>
      <trkpt lat="51.176679" lon="8.341977">
        <ele>484.4</ele>
        <time>0001-01-01T00:00:00Z</time>
      </trkpt>
      <trkpt lat="51.176557" lon="8.341982">
        <ele>484.3</ele>
        <time>0001-01-01T00:00:00Z</time>
      </trkpt>
      <trkpt lat="51.176429" lon="8.341979">
        <ele>484.3</ele>
        <time>0001-01-01T00:00:00Z</time>
      </trkpt>
      <trkpt lat="51.176292" lon="8.341968">
        <ele>484</ele>
        <time>0001-01-01T00:00:00Z</time>
      </trkpt>
      <trkpt lat="51.176144" lon="8.341948">
        <ele>483.5</ele>
        <time>0001-01-01T00:00:00Z</time>
      </trkpt>
      <trkpt lat="51.175796" lon="8.341894">
        <ele>482.1</ele>
        <time>0001-01-01T00:00:00Z</time>
      </trkpt>
      <trkpt lat="51.175657" lon="8.341872">
        <ele>481.4</ele>
        <time>0001-01-01T00:00:00Z</time>
      </trkpt>
      <trkpt lat="51.175657" lon="8.341872">
        <ele>481.4</ele>
        <time>0001-01-01T00:00:00Z</time>
        <cmt>51.175657,8.341872</cmt>
      </trkpt>
      <trkpt lat="51.175447" lon="8.341839">
        <ele>480.4</ele>
        <time>0001-01-01T00:00:00Z</time>
      </trkpt>
      <trkpt lat="51.17535" lon="8.341681">
        <ele>479.6</ele>
        <time>0001-01-01T00:00:00Z</time>
      </trkpt>
      <trkpt lat="51.175315" lon="8.341617">
        <ele>479.2</ele>
        <time>0001-01-01T00:00:00Z</time>
      </trkpt>
      <trkpt lat="51.175307" lon="8.341601">
        <ele>479.1</ele>
        <time>0001-01-01T00:00:00Z</time>
      </trkpt>
      <trkpt lat="51.175307" lon="8.341601">
        <ele>479.1</ele>
        <time>0001-01-01T00:00:00Z</time>
        <cmt>51.175307,8.341601</cmt>
      </trkpt>
      <trkpt lat="51.175284" lon="8.341557">
        <ele>478.8</ele>
        <time>0001-01-01T00:00:00Z</time>
      </trkpt>
      <trkpt lat="51.17525" lon="8.341481">
        <ele>478.2</ele>
        <time>0001-01-01T00:00:00Z</time>
      </trkpt>
      <trkpt lat="51.175215" lon="8.341395">
        <ele>477.7</ele>
        <time>0001-01-01T00:00:00Z</time>
      </trkpt>
      <trkpt lat="51.175178" lon="8.341297">
        <ele>477.2</ele>
        <time>0001-01-01T00:00:00Z</time>
      </trkpt>
      <trkpt lat="51.175131" lon="8.341163">
        <ele>476.7</ele>
        <time>0001-01-01T00:00:00Z</time>
      </trkpt>
      <trkpt lat="51.175128" lon="8.341147">
        <ele>476.6</ele>
        <time>0001-01-01T00:00:00Z</time>
      </trkpt>
      <trkpt lat="51.175082" lon="8.34097">
        <ele>475.5</ele>
        <time>0001-01-01T00:00:00Z</time>
      </trkpt>
      <trkpt lat="51.17502" lon="8.340753">
        <ele>474.1</ele>
        <time>0001-01-01T00:00:00Z</time>
      </trkpt>
      <trkpt lat="51.174884" lon="8.340289">
        <ele>471.8</ele>
        <time>0001-01-01T00:00:00Z</time>
      </trkpt>
      <trkpt lat="51.174747" lon="8.339825">
        <ele>469.4</ele>
        <time>0001-01-01T00:00:00Z</time>
      </trkpt>
      <trkpt lat="51.174572" lon="8.339311">
        <ele>466.5</ele>
        <time>0001-01-01T00:00:00Z</time>
      </trkpt>
      <trkpt lat="51.174511" lon="8.339171">
        <ele>465.6</ele>
        <time>0001-01-01T00:00:00Z</time>
      </trkpt>
      <trkpt lat="51.174511" lon="8.339171">
        <ele>465.6</ele>
        <time>0001-01-01T00:00:00Z</time>
        <cmt>51.174511,8.339171</cmt>
      </trkpt>
      <trkpt lat="51.174347" lon="8.338796">
        <ele>463.2</ele>
        <time>0001-01-01T00:00:00Z</time>
      </trkpt>
      <trkpt lat="51.174297" lon="8.338685">
        <ele>462.6</ele>
        <time>0001-01-01T00:00:00Z</time>
      </trkpt>
      <trkpt lat="51.174271" lon="8.338624">
        <ele>462.2</ele>
        <time>0001-01-01T00:00:00Z</time>
      </trkpt>
      <trkpt lat="51.174252" lon="8.338571">
        <ele>461.9</ele>
        <time>0001-01-01T00:00:00Z</time>
      </trkpt>
      <trkpt lat="51.174186" lon="8.33838">
        <ele>460.8</ele>
        <time>0001-01-01T00:00:00Z</time>
      </trkpt>
      <trkpt lat="51.174171" lon="8.338327">
        <ele>460.6</ele>
        <time>0001-01-01T00:00:00Z</time>
      </trkpt>
      <trkpt lat="51.17416" lon="8.338271">
        <ele>460.3</ele>
        <time>0001-01-01T00:00:00Z</time>
      </trkpt>
      <trkpt lat="51.174153" lon="8.338213">
        <ele>460</ele>
        <time>0001-01-01T00:00:00Z</time>
      </trkpt>
      <trkpt lat="51.17415" lon="8.338155">
        <ele>459.7</ele>
        <time>0001-01-01T00:00:00Z</time>
      </trkpt>
      <trkpt lat="51.174148" lon="8.337745">
        <ele>457.3</ele>
        <time>0001-01-01T00:00:00Z</time>
      </trkpt>
      <trkpt lat="51.174148" lon="8.337584">
        <ele>456.4</ele>
        <time>0001-01-01T00:00:00Z</time>
      </trkpt>
      <trkpt lat="51.174145" lon="8.337497">
        <ele>456</ele>
        <time>0001-01-01T00:00:00Z</time>
      </trkpt>
      <trkpt lat="51.174139" lon="8.337424">
        <ele>455.7</ele>
        <time>0001-01-01T00:00:00Z</time>
      </trkpt>
      <trkpt lat="51.174109" lon="8.337182">
        <ele>454.7</ele>
        <time>0001-01-01T00:00:00Z</time>
      </trkpt>
      <trkpt lat="51.174094" lon="8.337084">
        <ele>454.3</ele>
        <time>0001-01-01T00:00:00Z</time>
      </trkpt>
      <trkpt lat="51.174093" lon="8.337081">
        <ele>454.3</ele>
        <time>0001-01-01T00:00:00Z</time>
      </trkpt>
      <trkpt lat="51.174093" lon="8.337081">
        <ele>454.3</ele>
        <time>0001-01-01T00:00:00Z</time>
        <cmt>51.174093,8.337081</cmt>
      </trkpt>
      <trkpt lat="51.174072" lon="8.336985">
        <ele>453.9</ele>
        <time>0001-01-01T00:00:00Z</time>
      </trkpt>
      <trkpt lat="51.174044" lon="8.336886">
        <ele>453.4</ele>
        <time>0001-01-01T00:00:00Z</time>
      </trkpt>
      <trkpt lat="51.174009" lon="8.336789">
        <ele>453</ele>
        <time>0001-01-01T00:00:00Z</time>
      </trkpt>
      <trkpt lat="51.173977" lon="8.336712">
        <ele>452.7</ele>
        <time>0001-01-01T00:00:00Z</time>
      </trkpt>
      <trkpt lat="51.173943" lon="8.336644">
        <ele>452.4</ele>
        <time>0001-01-01T00:00:00Z</time>
      </trkpt>
      <trkpt lat="51.173907" lon="8.336584">
        <ele>452</ele>
        <time>0001-01-01T00:00:00Z</time>
      </trkpt>
      <trkpt lat="51.17387" lon="8.336532">
        <ele>451.6</ele>
        <time>0001-01-01T00:00:00Z</time>
      </trkpt>
      <trkpt lat="51.17384" lon="8.336498">
        <ele>451.2</ele>
        <time>0001-01-01T00:00:00Z</time>
      </trkpt>
      <trkpt lat="51.173806" lon="8.336464">
        <ele>450.8</ele>
        <time>0001-01-01T00:00:00Z</time>
      </trkpt>
      <trkpt lat="51.173713" lon="8.336386">
        <ele>449.7</ele>
        <time>0001-01-01T00:00:00Z</time>
      </trkpt>
      <trkpt lat="51.173605" lon="8.336322">
        <ele>448.7</ele>
        <time>0001-01-01T00:00:00Z</time>
      </trkpt>
      <trkpt lat="51.173561" lon="8.336299">
        <ele>448.3</ele>
        <time>0001-01-01T00:00:00Z</time>
      </trkpt>
      <trkpt lat="51.173561" lon="8.336299">
        <ele>448.3</ele>
        <time>0001-01-01T00:00:00Z</time>
        <cmt>51.173561,8.336299</cmt>
      </trkpt>
      <trkpt lat="51.173527" lon="8.336281">
        <ele>448</ele>
        <time>0001-01-01T00:00:00Z</time>
      </trkpt>
      <trkpt lat="51.173483" lon="8.336262">
        <ele>447.6</ele>
        <time>0001-01-01T00:00:00Z</time>
      </trkpt>
      <trkpt lat="51.173443" lon="8.336248">
        <ele>447.3</ele>
        <time>0001-01-01T00:00:00Z</time>
      </trkpt>
      <trkpt lat="51.173406" lon="8.336238">
        <ele>447.1</ele>
        <time>0001-01-01T00:00:00Z</time>
      </trkpt>
      <trkpt lat="51.17337" lon="8.336233">
        <ele>447</ele>
        <time>0001-01-01T00:00:00Z</time>
      </trkpt>
      <trkpt lat="51.173324" lon="8.336234">
        <ele>446.9</ele>
        <time>0001-01-01T00:00:00Z</time>
      </trkpt>
      <trkpt lat="51.173256" lon="8.336241">
        <ele>446.9</ele>
        <time>0001-01-01T00:00:00Z</time>
      </trkpt>
      <trkpt lat="51.173131" lon="8.336253">
        <ele>446.8</ele>
        <time>0001-01-01T00:00:00Z</time>
      </trkpt>
      <trkpt lat="51.172998" lon="8.33626">
        <ele>446.4</ele>
        <time>0001-01-01T00:00:00Z</time>
      </trkpt>
      <trkpt lat="51.172555" lon="8.336275">
        <ele>444.1</ele>
        <time>0001-01-01T00:00:00Z</time>
      </trkpt>
      <trkpt lat="51.172317" lon="8.336267">
        <ele>443.1</ele>
        <time>0001-01-01T00:00:00Z</time>
      </trkpt>
      <trkpt lat="51.17208" lon="8.336259">
        <ele>442.3</ele>
        <time>0001-01-01T00:00:00Z</time>
      </trkpt>
      <trkpt lat="51.17202" lon="8.336251">
        <ele>441.8</ele>
        <time>0001-01-01T00:00:00Z</time>
      </trkpt>
      <trkpt lat="51.171928" lon="8.336239">
        <ele>441.1</ele>
        <time>0001-01-01T00:00:00Z</time>
      </trkpt>
      <trkpt lat="51.171822" lon="8.33623">
        <ele>440.3</ele>
        <time>0001-01-01T00:00:00Z</time>
      </trkpt>
      <trkpt lat="51.171822" lon="8.33623">
        <ele>440.3</ele>
        <time>0001-01-01T00:00:00Z</time>
        <cmt>51.171822,8.336230</cmt>
      </trkpt>
      <trkpt lat="51.171729" lon="8.336221">
        <ele>439.6</ele>
        <time>0001-01-01T00:00:00Z</time>
      </trkpt>
      <trkpt lat="51.171642" lon="8.336211">
        <ele>438.8</ele>
        <time>0001-01-01T00:00:00Z</time>
      </trkpt>
      <trkpt lat="51.171406" lon="8.336172">
        <ele>436</ele>
        <time>0001-01-01T00:00:00Z</time>
      </trkpt>
      <trkpt lat="51.171293" lon="8.33616">
        <ele>434.7</ele>
        <time>0001-01-01T00:00:00Z</time>
      </trkpt>
      <trkpt lat="51.171195" lon="8.336161">
        <ele>433.6</ele>
        <time>0001-01-01T00:00:00Z</time>
      </trkpt>
      <trkpt lat="51.17109" lon="8.336171">
        <ele>432.8</ele>
        <time>0001-01-01T00:00:00Z</time>
      </trkpt>
      <trkpt lat="51.170973" lon="8.336192">
        <ele>431.9</ele>
        <time>0001-01-01T00:00:00Z</time>
      </trkpt>
      <trkpt lat="51.170829" lon="8.336226">
        <ele>430.8</ele>
        <time>0001-01-01T00:00:00Z</time>
      </trkpt>
      <trkpt lat="51.170628" lon="8.336276">
        <ele>428.4</ele>
        <time>0001-01-01T00:00:00Z</time>
      </trkpt>
      <trkpt lat="51.17056" lon="8.336268">
        <ele>427.5</ele>
        <time>0001-01-01T00:00:00Z</time>
      </trkpt>
      <trkpt lat="51.17047" lon="8.33624">
        <ele>426.2</ele>
        <time>0001-01-01T00:00:00Z</time>
      </trkpt>
      <trkpt lat="51.17047" lon="8.33624">
        <ele>426.2</ele>
        <time>0001-01-01T00:00:00Z</time>
        <cmt>51.170470,8.336240</cmt>
      </trkpt>
      <trkpt lat="51.170458" lon="8.336237">
        <ele>426.1</ele>
        <time>0001-01-01T00:00:00Z</time>
      </trkpt>
      <trkpt lat="51.170385" lon="8.336208">
        <ele>425.1</ele>
        <time>0001-01-01T00:00:00Z</time>
      </trkpt>
      <trkpt lat="51.170326" lon="8.336178">
        <ele>424.5</ele>
        <time>0001-01-01T00:00:00Z</time>
      </trkpt>
      <trkpt lat="51.170247" lon="8.336133">
        <ele>423.8</ele>
        <time>0001-01-01T00:00:00Z</time>
      </trkpt>
      <trkpt lat="51.170005" lon="8.335898">
        <ele>422.6</ele>
        <time>0001-01-01T00:00:00Z</time>
      </trkpt>
      <trkpt lat="51.169934" lon="8.335831">
        <ele>422.1</ele>
        <time>0001-01-01T00:00:00Z</time>
      </trkpt>
      <trkpt lat="51.169816" lon="8.33563">
        <ele>422</ele>
        <time>0001-01-01T00:00:00Z</time>
      </trkpt>
      <trkpt lat="51.16982" lon="8.335676">
        <ele>421.7</ele>
        <time>0001-01-01T00:00:00Z</time>
      </trkpt>
      <trkpt lat="51.16982" lon="8.335676">
        <ele>421.7</ele>
        <time>0001-01-01T00:00:00Z</time>
        <cmt>51.169820,8.335676</cmt>
      </trkpt>
      <trkpt lat="51.16982" lon="8.335681">
        <ele>421.6</ele>
        <time>0001-01-01T00:00:00Z</time>
      </trkpt>
      <trkpt lat="51.169821" lon="8.335709">
        <ele>421.4</ele>
        <time>0001-01-01T00:00:00Z</time>
      </trkpt>
      <trkpt lat="51.169819" lon="8.335731">
        <ele>421.3</ele>
        <time>0001-01-01T00:00:00Z</time>
      </trkpt>
      <trkpt lat="51.169725" lon="8.336247">
        <ele>418.4</ele>
        <time>0001-01-01T00:00:00Z</time>
      </trkpt>
      <trkpt lat="51.169636" lon="8.33645">
        <ele>421.2</ele>
        <time>0001-01-01T00:00:00Z</time>
      </trkpt>
      <trkpt lat="51.169634481119" lon="8.33663651265576">
        <ele>423</ele>
        <time>0001-01-01T00:00:00Z</time>
      </trkpt>
      <trkpt lat="51.169631862263" lon="8.33675664086596">
        <ele>423</ele>
        <time>0001-01-01T00:00:00Z</time>
        <cmt>51.169594,8.336555</cmt>
      </trkpt>
      <trkpt lat="51.1696361088724" lon="8.33692362866454">
        <ele>428.9</ele>
        <time>0001-01-01T00:00:00Z</time>
      </trkpt>
      <trkpt lat="51.1696439803068" lon="8.33714798531001">
        <ele>425.001</ele>
        <time>0001-01-01T00:00:00Z</time>
      </trkpt>
      <trkpt lat="51.1696252472358" lon="8.33732055163108">
        <ele>426.001</ele>
        <time>0001-01-01T00:00:00Z</time>
      </trkpt>
      <trkpt lat="51.1695462778941" lon="8.33729036631307">
        <ele>427.001</ele>
        <time>0001-01-01T00:00:00Z</time>
      </trkpt>
      <trkpt lat="51.1694569070402" lon="8.33715591628162">
        <ele>431.2</ele>
        <time>0001-01-01T00:00:00Z</time>
      </trkpt>
      <trkpt lat="51.169366" lon="8.337021">
        <ele>431.4</ele>
        <time>0001-01-01T00:00:00Z</time>
      </trkpt>
      <trkpt lat="51.169366" lon="8.337021">
        <ele>431.4</ele>
        <time>0001-01-01T00:00:00Z</time>
        <cmt>51.169366,8.337021</cmt>
      </trkpt>
      <trkpt lat="51.169363" lon="8.337017">
        <ele>431.5</ele>
        <time>0001-01-01T00:00:00Z</time>
      </trkpt>
      <trkpt lat="51.169315" lon="8.336947">
        <ele>432.2</ele>
        <time>0001-01-01T00:00:00Z</time>
      </trkpt>
      <trkpt lat="51.169265" lon="8.336878">
        <ele>432.8</ele>
        <time>0001-01-01T00:00:00Z</time>
      </trkpt>
      <trkpt lat="51.169214" lon="8.336812">
        <ele>433.5</ele>
        <time>0001-01-01T00:00:00Z</time>
      </trkpt>
      <trkpt lat="51.16916" lon="8.336748">
        <ele>434.2</ele>
        <time>0001-01-01T00:00:00Z</time>
      </trkpt>
      <trkpt lat="51.169051" lon="8.336623">
        <ele>435.6</ele>
        <time>0001-01-01T00:00:00Z</time>
      </trkpt>
      <trkpt lat="51.16901" lon="8.336581">
        <ele>436.2</ele>
        <time>0001-01-01T00:00:00Z</time>
      </trkpt>
      <trkpt lat="51.168951" lon="8.336528">
        <ele>437.1</ele>
        <time>0001-01-01T00:00:00Z</time>
      </trkpt>
      <trkpt lat="51.168893" lon="8.336476">
        <ele>438</ele>
        <time>0001-01-01T00:00:00Z</time>
      </trkpt>
      <trkpt lat="51.168852" lon="8.336432">
        <ele>438.6</ele>
        <time>0001-01-01T00:00:00Z</time>
      </trkpt>
      <trkpt lat="51.168624" lon="8.336154">
        <ele>441.6</ele>
        <time>0001-01-01T00:00:00Z</time>
      </trkpt>
      <trkpt lat="51.168624" lon="8.336154">
        <ele>441.6</ele>
        <time>0001-01-01T00:00:00Z</time>
        <cmt>51.168624,8.336154</cmt>
      </trkpt>
      <trkpt lat="51.168574" lon="8.336094">
        <ele>442.3</ele>
        <time>0001-01-01T00:00:00Z</time>
      </trkpt>
      <trkpt lat="51.168297" lon="8.335756">
        <ele>446.6</ele>
        <time>0001-01-01T00:00:00Z</time>
      </trkpt>
      <trkpt lat="51.168209" lon="8.335674">
        <ele>448</ele>
        <time>0001-01-01T00:00:00Z</time>
      </trkpt>
      <trkpt lat="51.168144" lon="8.335619">
        <ele>449</ele>
        <time>0001-01-01T00:00:00Z</time>
      </trkpt>
      <trkpt lat="51.168084" lon="8.335576">
        <ele>449.9</ele>
        <time>0001-01-01T00:00:00Z</time>
      </trkpt>
      <trkpt lat="51.168003" lon="8.335523">
        <ele>451.3</ele>
        <time>0001-01-01T00:00:00Z</time>
      </trkpt>
      <trkpt lat="51.167987" lon="8.335513">
        <ele>451.6</ele>
        <time>0001-01-01T00:00:00Z</time>
      </trkpt>
      <trkpt lat="51.167987" lon="8.335513">
        <ele>451.6</ele>
        <time>0001-01-01T00:00:00Z</time>
        <cmt>51.167987,8.335513</cmt>
      </trkpt>
      <trkpt lat="51.167914" lon="8.33547">
        <ele>452.9</ele>
        <time>0001-01-01T00:00:00Z</time>
      </trkpt>
      <trkpt lat="51.167879" lon="8.335454">
        <ele>453.5</ele>
        <time>0001-01-01T00:00:00Z</time>
      </trkpt>
      <trkpt lat="51.167846" lon="8.335443">
        <ele>454</ele>
        <time>0001-01-01T00:00:00Z</time>
      </trkpt>
      <trkpt lat="51.167814" lon="8.335437">
        <ele>454.5</ele>
        <time>0001-01-01T00:00:00Z</time>
      </trkpt>
      <trkpt lat="51.16778" lon="8.335434">
        <ele>455</ele>
        <time>0001-01-01T00:00:00Z</time>
      </trkpt>
      <trkpt lat="51.167743" lon="8.335435">
        <ele>455.4</ele>
        <time>0001-01-01T00:00:00Z</time>
      </trkpt>
      <trkpt lat="51.167704" lon="8.33544">
        <ele>455.9</ele>
        <time>0001-01-01T00:00:00Z</time>
      </trkpt>
      <trkpt lat="51.167649" lon="8.33545">
        <ele>456.4</ele>
        <time>0001-01-01T00:00:00Z</time>
      </trkpt>
      <trkpt lat="51.16754" lon="8.335476">
        <ele>457.5</ele>
        <time>0001-01-01T00:00:00Z</time>
      </trkpt>
      <trkpt lat="51.167479" lon="8.335488">
        <ele>458.1</ele>
        <time>0001-01-01T00:00:00Z</time>
      </trkpt>
      <trkpt lat="51.167415" lon="8.335498">
        <ele>458.6</ele>
        <time>0001-01-01T00:00:00Z</time>
      </trkpt>
      <trkpt lat="51.167349" lon="8.335504">
        <ele>459.1</ele>
        <time>0001-01-01T00:00:00Z</time>
      </trkpt>
      <trkpt lat="51.167279" lon="8.335509">
        <ele>459.4</ele>
        <time>0001-01-01T00:00:00Z</time>
      </trkpt>
      <trkpt lat="51.167127" lon="8.335509">
        <ele>460.5</ele>
        <time>0001-01-01T00:00:00Z</time>
      </trkpt>
      <trkpt lat="51.166981" lon="8.335502">
        <ele>461.4</ele>
        <time>0001-01-01T00:00:00Z</time>
      </trkpt>
      <trkpt lat="51.166981" lon="8.335502">
        <ele>461.4</ele>
        <time>0001-01-01T00:00:00Z</time>
        <cmt>51.166981,8.335502</cmt>
      </trkpt>
      <trkpt lat="51.166934" lon="8.335499">
        <ele>461.7</ele>
        <time>0001-01-01T00:00:00Z</time>
      </trkpt>
      <trkpt lat="51.166767" lon="8.335487">
        <ele>461.4</ele>
        <time>0001-01-01T00:00:00Z</time>
      </trkpt>
      <trkpt lat="51.166588" lon="8.335504">
        <ele>460.7</ele>
        <time>0001-01-01T00:00:00Z</time>
      </trkpt>
      <trkpt lat="51.166413" lon="8.33552">
        <ele>460.1</ele>
        <time>0001-01-01T00:00:00Z</time>
      </trkpt>
      <trkpt lat="51.166413" lon="8.33552">
        <ele>460.1</ele>
        <time>0001-01-01T00:00:00Z</time>
        <cmt>51.166413,8.335520</cmt>
      </trkpt>
      <trkpt lat="51.166379" lon="8.335523">
        <ele>460</ele>
        <time>0001-01-01T00:00:00Z</time>
      </trkpt>
      <trkpt lat="51.16622" lon="8.33554">
        <ele>459.4</ele>
        <time>0001-01-01T00:00:00Z</time>
      </trkpt>
      <trkpt lat="51.166103" lon="8.33556">
        <ele>458.7</ele>
        <time>0001-01-01T00:00:00Z</time>
      </trkpt>
      <trkpt lat="51.166025" lon="8.33558">
        <ele>458.2</ele>
        <time>0001-01-01T00:00:00Z</time>
      </trkpt>
      <trkpt lat="51.165806" lon="8.335643">
        <ele>456.7</ele>
        <time>0001-01-01T00:00:00Z</time>
      </trkpt>
      <trkpt lat="51.165736" lon="8.335658">
        <ele>456.3</ele>
        <time>0001-01-01T00:00:00Z</time>
      </trkpt>
      <trkpt lat="51.165665" lon="8.33567">
        <ele>455.8</ele>
        <time>0001-01-01T00:00:00Z</time>
      </trkpt>
      <trkpt lat="51.165595" lon="8.335678">
        <ele>455.3</ele>
        <time>0001-01-01T00:00:00Z</time>
      </trkpt>
      <trkpt lat="51.165525" lon="8.335683">
        <ele>454.9</ele>
        <time>0001-01-01T00:00:00Z</time>
      </trkpt>
      <trkpt lat="51.165459" lon="8.335683">
        <ele>454.5</ele>
        <time>0001-01-01T00:00:00Z</time>
      </trkpt>
      <trkpt lat="51.165389" lon="8.335681">
        <ele>454.1</ele>
        <time>0001-01-01T00:00:00Z</time>
      </trkpt>
      <trkpt lat="51.16522" lon="8.335667">
        <ele>453.2</ele>
        <time>0001-01-01T00:00:00Z</time>
      </trkpt>
      <trkpt lat="51.165068" lon="8.335651">
        <ele>452.1</ele>
        <time>0001-01-01T00:00:00Z</time>
      </trkpt>
      <trkpt lat="51.164974" lon="8.335644">
        <ele>451.2</ele>
        <time>0001-01-01T00:00:00Z</time>
      </trkpt>
      <trkpt lat="51.164887" lon="8.335641">
        <ele>450.2</ele>
        <time>0001-01-01T00:00:00Z</time>
      </trkpt>
      <trkpt lat="51.164808" lon="8.335644">
        <ele>449.2</ele>
        <time>0001-01-01T00:00:00Z</time>
      </trkpt>
      <trkpt lat="51.164637" lon="8.335655">
        <ele>447.1</ele>
        <time>0001-01-01T00:00:00Z</time>
      </trkpt>
      <trkpt lat="51.164596" lon="8.335653">
        <ele>446.6</ele>
        <time>0001-01-01T00:00:00Z</time>
      </trkpt>
      <trkpt lat="51.164549" lon="8.335642">
        <ele>445.9</ele>
        <time>0001-01-01T00:00:00Z</time>
      </trkpt>
      <trkpt lat="51.164513" lon="8.335628">
        <ele>445.4</ele>
        <time>0001-01-01T00:00:00Z</time>
      </trkpt>
      <trkpt lat="51.164463" lon="8.335605">
        <ele>444.7</ele>
        <time>0001-01-01T00:00:00Z</time>
      </trkpt>
      <trkpt lat="51.164455" lon="8.335543">
        <ele>444.2</ele>
        <time>0001-01-01T00:00:00Z</time>
      </trkpt>
      <trkpt lat="51.164451" lon="8.335498">
        <ele>444</ele>
        <time>0001-01-01T00:00:00Z</time>
      </trkpt>
      <trkpt lat="51.164449" lon="8.335442">
        <ele>443.8</ele>
        <time>0001-01-01T00:00:00Z</time>
      </trkpt>
      <trkpt lat="51.164452" lon="8.335393">
        <ele>443.7</ele>
        <time>0001-01-01T00:00:00Z</time>
      </trkpt>
      <trkpt lat="51.164463" lon="8.335308">
        <ele>443.6</ele>
        <time>0001-01-01T00:00:00Z</time>
      </trkpt>
      <trkpt lat="51.164463" lon="8.335308">
        <ele>443.6</ele>
        <time>0001-01-01T00:00:00Z</time>
        <cmt>51.164463,8.335308</cmt>
      </trkpt>
      <trkpt lat="51.164534" lon="8.334743">
        <ele>442.4</ele>
        <time>0001-01-01T00:00:00Z</time>
      </trkpt>
      <trkpt lat="51.164536" lon="8.334724">
        <ele>442.4</ele>
        <time>0001-01-01T00:00:00Z</time>
      </trkpt>
      <trkpt lat="51.164534" lon="8.334705">
        <ele>442.3</ele>
        <time>0001-01-01T00:00:00Z</time>
      </trkpt>
      <trkpt lat="51.164531" lon="8.334685">
        <ele>442.2</ele>
        <time>0001-01-01T00:00:00Z</time>
      </trkpt>
      <trkpt lat="51.164526" lon="8.334665">
        <ele>442.1</ele>
        <time>0001-01-01T00:00:00Z</time>
      </trkpt>
      <trkpt lat="51.164508" lon="8.334623">
        <ele>441.8</ele>
        <time>0001-01-01T00:00:00Z</time>
      </trkpt>
      <trkpt lat="51.164481" lon="8.334581">
        <ele>441.5</ele>
        <time>0001-01-01T00:00:00Z</time>
      </trkpt>
      <trkpt lat="51.164456" lon="8.33455">
        <ele>441.3</ele>
        <time>0001-01-01T00:00:00Z</time>
      </trkpt>
      <trkpt lat="51.164431" lon="8.334526">
        <ele>441.1</ele>
        <time>0001-01-01T00:00:00Z</time>
      </trkpt>
      <trkpt lat="51.164406" lon="8.33451">
        <ele>440.9</ele>
        <time>0001-01-01T00:00:00Z</time>
      </trkpt>
      <trkpt lat="51.164381" lon="8.334502">
        <ele>440.7</ele>
        <time>0001-01-01T00:00:00Z</time>
      </trkpt>
      <trkpt lat="51.164359" lon="8.334501">
        <ele>440.5</ele>
        <time>0001-01-01T00:00:00Z</time>
      </trkpt>
      <trkpt lat="51.164335" lon="8.334505">
        <ele>440.3</ele>
        <time>0001-01-01T00:00:00Z</time>
      </trkpt>
      <trkpt lat="51.164307" lon="8.334514">
        <ele>440.1</ele>
        <time>0001-01-01T00:00:00Z</time>
      </trkpt>
      <trkpt lat="51.164271" lon="8.334529">
        <ele>439.8</ele>
        <time>0001-01-01T00:00:00Z</time>
      </trkpt>
      <trkpt lat="51.164236" lon="8.334548">
        <ele>439.5</ele>
        <time>0001-01-01T00:00:00Z</time>
      </trkpt>
      <trkpt lat="51.164212" lon="8.334564">
        <ele>439.3</ele>
        <time>0001-01-01T00:00:00Z</time>
      </trkpt>
      <trkpt lat="51.164185" lon="8.334591">
        <ele>439</ele>
        <time>0001-01-01T00:00:00Z</time>
      </trkpt>
      <trkpt lat="51.164172" lon="8.33461">
        <ele>438.8</ele>
        <time>0001-01-01T00:00:00Z</time>
      </trkpt>
      <trkpt lat="51.164172" lon="8.33461">
        <ele>438.8</ele>
        <time>0001-01-01T00:00:00Z</time>
        <cmt>51.164172,8.334610</cmt>
      </trkpt>
      <trkpt lat="51.164165" lon="8.334622">
        <ele>438.8</ele>
        <time>0001-01-01T00:00:00Z</time>
      </trkpt>
      <trkpt lat="51.163916" lon="8.335122">
        <ele>436.4</ele>
        <time>0001-01-01T00:00:00Z</time>
      </trkpt>
      <trkpt lat="51.163835" lon="8.335288">
        <ele>436</ele>
        <time>0001-01-01T00:00:00Z</time>
      </trkpt>
      <trkpt lat="51.163808" lon="8.335337">
        <ele>435.8</ele>
        <time>0001-01-01T00:00:00Z</time>
      </trkpt>
      <trkpt lat="51.163782" lon="8.335377">
        <ele>435.6</ele>
        <time>0001-01-01T00:00:00Z</time>
      </trkpt>
      <trkpt lat="51.163742" lon="8.335428">
        <ele>435.4</ele>
        <time>0001-01-01T00:00:00Z</time>
      </trkpt>
      <trkpt lat="51.163695" lon="8.335477">
        <ele>435</ele>
        <time>0001-01-01T00:00:00Z</time>
      </trkpt>
      <trkpt lat="51.163644" lon="8.335523">
        <ele>434.5</ele>
        <time>0001-01-01T00:00:00Z</time>
      </trkpt>
      <trkpt lat="51.163542" lon="8.335607">
        <ele>433.4</ele>
        <time>0001-01-01T00:00:00Z</time>
      </trkpt>
      <trkpt lat="51.16346" lon="8.33568">
        <ele>432.8</ele>
        <time>0001-01-01T00:00:00Z</time>
      </trkpt>
      <trkpt lat="51.163308" lon="8.335823">
        <ele>431.9</ele>
        <time>0001-01-01T00:00:00Z</time>
      </trkpt>
      <trkpt lat="51.163243" lon="8.335885">
        <ele>431.6</ele>
        <time>0001-01-01T00:00:00Z</time>
      </trkpt>
      <trkpt lat="51.163201" lon="8.335933">
        <ele>431.5</ele>
        <time>0001-01-01T00:00:00Z</time>
      </trkpt>
      <trkpt lat="51.163123" lon="8.33605">
        <ele>431.4</ele>
        <time>0001-01-01T00:00:00Z</time>
      </trkpt>
      <trkpt lat="51.163104" lon="8.336076">
        <ele>431.3</ele>
        <time>0001-01-01T00:00:00Z</time>
      </trkpt>
      <trkpt lat="51.163005" lon="8.336181">
        <ele>430.9</ele>
        <time>0001-01-01T00:00:00Z</time>
      </trkpt>
      <trkpt lat="51.162917" lon="8.336262">
        <ele>430.4</ele>
        <time>0001-01-01T00:00:00Z</time>
      </trkpt>
      <trkpt lat="51.162822" lon="8.336312">
        <ele>429.6</ele>
        <time>0001-01-01T00:00:00Z</time>
      </trkpt>
      <trkpt lat="51.162729" lon="8.336358">
        <ele>428.8</ele>
        <time>0001-01-01T00:00:00Z</time>
      </trkpt>
      <trkpt lat="51.16266" lon="8.336389">
        <ele>428.1</ele>
        <time>0001-01-01T00:00:00Z</time>
      </trkpt>
      <trkpt lat="51.16266" lon="8.336389">
        <ele>428.1</ele>
        <time>0001-01-01T00:00:00Z</time>
        <cmt>51.162660,8.336389</cmt>
      </trkpt>
      <trkpt lat="51.162588" lon="8.336421">
        <ele>427.4</ele>
        <time>0001-01-01T00:00:00Z</time>
      </trkpt>
      <trkpt lat="51.162491" lon="8.336465">
        <ele>426.5</ele>
        <time>0001-01-01T00:00:00Z</time>
      </trkpt>
      <trkpt lat="51.162417" lon="8.336503">
        <ele>425.9</ele>
        <time>0001-01-01T00:00:00Z</time>
      </trkpt>
      <trkpt lat="51.162349" lon="8.336545">
        <ele>425.3</ele>
        <time>0001-01-01T00:00:00Z</time>
      </trkpt>
      <trkpt lat="51.162283" lon="8.336591">
        <ele>424.9</ele>
        <time>0001-01-01T00:00:00Z</time>
      </trkpt>
      <trkpt lat="51.162208" lon="8.336652">
        <ele>424.5</ele>
        <time>0001-01-01T00:00:00Z</time>
      </trkpt>
      <trkpt lat="51.162134" lon="8.336721">
        <ele>424.2</ele>
        <time>0001-01-01T00:00:00Z</time>
      </trkpt>
      <trkpt lat="51.161942" lon="8.336909">
        <ele>423.7</ele>
        <time>0001-01-01T00:00:00Z</time>
      </trkpt>
      <trkpt lat="51.161748" lon="8.337115">
        <ele>423</ele>
        <time>0001-01-01T00:00:00Z</time>
      </trkpt>
      <trkpt lat="51.16157" lon="8.337325">
        <ele>422.6</ele>
        <time>0001-01-01T00:00:00Z</time>
      </trkpt>
      <trkpt lat="51.161407" lon="8.337459">
        <ele>421.7</ele>
        <time>0001-01-01T00:00:00Z</time>
      </trkpt>
      <trkpt lat="51.161328" lon="8.337538">
        <ele>421.3</ele>
        <time>0001-01-01T00:00:00Z</time>
      </trkpt>
      <trkpt lat="51.16125" lon="8.337607">
        <ele>420.8</ele>
        <time>0001-01-01T00:00:00Z</time>
      </trkpt>
      <trkpt lat="51.161198" lon="8.337653">
        <ele>420.5</ele>
        <time>0001-01-01T00:00:00Z</time>
      </trkpt>
      <trkpt lat="51.161126" lon="8.337717">
        <ele>420.1</ele>
        <time>0001-01-01T00:00:00Z</time>
      </trkpt>
      <trkpt lat="51.161077" lon="8.337751">
        <ele>419.7</ele>
        <time>0001-01-01T00:00:00Z</time>
      </trkpt>
      <trkpt lat="51.161077" lon="8.337751">
        <ele>419.7</ele>
        <time>0001-01-01T00:00:00Z</time>
        <cmt>51.161077,8.337751</cmt>
      </trkpt>
      <trkpt lat="51.160809" lon="8.337936">
        <ele>417.4</ele>
        <time>0001-01-01T00:00:00Z</time>
      </trkpt>
      <trkpt lat="51.160491" lon="8.338155">
        <ele>414.3</ele>
        <time>0001-01-01T00:00:00Z</time>
      </trkpt>
      <trkpt lat="51.160335" lon="8.33825">
        <ele>412.7</ele>
        <time>0001-01-01T00:00:00Z</time>
      </trkpt>
      <trkpt lat="51.160335" lon="8.33825">
        <ele>412.7</ele>
        <time>0001-01-01T00:00:00Z</time>
        <cmt>51.160292,8.338183</cmt>
      </trkpt>
      <trkpt lat="51.160203" lon="8.338736">
        <ele>412.1</ele>
        <time>0001-01-01T00:00:00Z</time>
      </trkpt>
      <trkpt lat="51.160071" lon="8.339222">
        <ele>409.9</ele>
        <time>0001-01-01T00:00:00Z</time>
      </trkpt>
      <trkpt lat="51.160015" lon="8.339429">
        <ele>408.9</ele>
        <time>0001-01-01T00:00:00Z</time>
      </trkpt>
      <trkpt lat="51.160015" lon="8.339429">
        <ele>408.9</ele>
        <time>0001-01-01T00:00:00Z</time>
        <cmt>51.159982,8.339406</cmt>
      </trkpt>
      <trkpt lat="51.1599226905855" lon="8.33963780764617">
        <ele>407.5</ele>
        <time>0001-01-01T00:00:00Z</time>
      </trkpt>
      <trkpt lat="51.1598533053118" lon="8.33978857841434">
        <ele>404.7</ele>
        <time>0001-01-01T00:00:00Z</time>
      </trkpt>
      <trkpt lat="51.1597752801331" lon="8.33991770004586">
        <ele>404.6</ele>
        <time>0001-01-01T00:00:00Z</time>
      </trkpt>
      <trkpt lat="51.1596853978802" lon="8.34007145725692">
        <ele>406</ele>
        <time>0001-01-01T00:00:00Z</time>
      </trkpt>
      <trkpt lat="51.1595977287146" lon="8.34016695843257">
        <ele>406.1</ele>
        <time>0001-01-01T00:00:00Z</time>
      </trkpt>
      <trkpt lat="51.1595493940664" lon="8.340096836183">
        <ele>406.1</ele>
        <time>0001-01-01T00:00:00Z</time>
        <cmt>51.159593,8.340330</cmt>
      </trkpt>
      <trkpt lat="51.1595027232238" lon="8.34002126510545">
        <ele>406.1</ele>
        <time>0001-01-01T00:00:00Z</time>
      </trkpt>
      <trkpt lat="51.1594492451293" lon="8.33994848620644">
        <ele>405.4</ele>
        <time>0001-01-01T00:00:00Z</time>
      </trkpt>
      <trkpt lat="51.159303" lon="8.339766">
        <ele>404.3</ele>
        <time>0001-01-01T00:00:00Z</time>
      </trkpt>
      <trkpt lat="51.1592440811761" lon="8.3397062515108">
        <ele>404.1</ele>
        <time>0001-01-01T00:00:00Z</time>
      </trkpt>
      <trkpt lat="51.159175" lon="8.339658">
        <ele>403.8</ele>
        <time>0001-01-01T00:00:00Z</time>
      </trkpt>
      <trkpt lat="51.159172" lon="8.339654">
        <ele>403.8</ele>
        <time>0001-01-01T00:00:00Z</time>
      </trkpt>
      <trkpt lat="51.159172" lon="8.339655">
        <ele>403.8</ele>
        <time>0001-01-01T00:00:00Z</time>
        <cmt>51.159172,8.339654</cmt>
      </trkpt>
      <trkpt lat="51.159113" lon="8.339587">
        <ele>403.7</ele>
        <time>0001-01-01T00:00:00Z</time>
      </trkpt>
      <trkpt lat="51.159072" lon="8.33954">
        <ele>403.7</ele>
        <time>0001-01-01T00:00:00Z</time>
      </trkpt>
      <trkpt lat="51.159057" lon="8.33953">
        <ele>403.7</ele>
        <time>0001-01-01T00:00:00Z</time>
      </trkpt>
      <trkpt lat="51.15892" lon="8.339435">
        <ele>403.6</ele>
        <time>0001-01-01T00:00:00Z</time>
      </trkpt>
      <trkpt lat="51.158834" lon="8.339399">
        <ele>403.6</ele>
        <time>0001-01-01T00:00:00Z</time>
      </trkpt>
      <trkpt lat="51.158805" lon="8.339388">
        <ele>403.6</ele>
        <time>0001-01-01T00:00:00Z</time>
      </trkpt>
      <trkpt lat="51.158775" lon="8.339381">
        <ele>403.7</ele>
        <time>0001-01-01T00:00:00Z</time>
      </trkpt>
      <trkpt lat="51.158751" lon="8.339378">
        <ele>403.8</ele>
        <time>0001-01-01T00:00:00Z</time>
      </trkpt>
      <trkpt lat="51.15873" lon="8.339379">
        <ele>403.9</ele>
        <time>0001-01-01T00:00:00Z</time>
      </trkpt>
      <trkpt lat="51.158695" lon="8.339383">
        <ele>404</ele>
        <time>0001-01-01T00:00:00Z</time>
      </trkpt>
      <trkpt lat="51.158684" lon="8.339381">
        <ele>404.1</ele>
        <time>0001-01-01T00:00:00Z</time>
      </trkpt>
      <trkpt lat="51.158674" lon="8.339376">
        <ele>404.2</ele>
        <time>0001-01-01T00:00:00Z</time>
      </trkpt>
      <trkpt lat="51.158403" lon="8.339181">
        <ele>407.3</ele>
        <time>0001-01-01T00:00:00Z</time>
      </trkpt>
      <trkpt lat="51.158378" lon="8.339167">
        <ele>407.7</ele>
        <time>0001-01-01T00:00:00Z</time>
      </trkpt>
      <trkpt lat="51.158349" lon="8.339157">
        <ele>408.2</ele>
        <time>0001-01-01T00:00:00Z</time>
      </trkpt>
      <trkpt lat="51.158292" lon="8.339148">
        <ele>409.1</ele>
        <time>0001-01-01T00:00:00Z</time>
      </trkpt>
      <trkpt lat="51.158378" lon="8.338776">
        <ele>410.4</ele>
        <time>0001-01-01T00:00:00Z</time>
      </trkpt>
      <trkpt lat="51.15845" lon="8.338432">
        <ele>411.6</ele>
        <time>0001-01-01T00:00:00Z</time>
      </trkpt>
      <trkpt lat="51.1584915406718" lon="8.33800843751004">
        <ele>412.4</ele>
        <time>0001-01-01T00:00:00Z</time>
      </trkpt>
      <trkpt lat="51.1584430362355" lon="8.33797158142874">
        <ele>414.3</ele>
        <time>0001-01-01T00:00:00Z</time>
      </trkpt>
      <trkpt lat="51.1583773092565" lon="8.33797252215256">
        <ele>415.5</ele>
        <time>0001-01-01T00:00:00Z</time>
      </trkpt>
      <trkpt lat="51.158316831985" lon="8.33800278253119">
        <ele>416.6</ele>
        <time>0001-01-01T00:00:00Z</time>
      </trkpt>
      <trkpt lat="51.1582566121738" lon="8.33807066017874">
        <ele>417.8</ele>
        <time>0001-01-01T00:00:00Z</time>
      </trkpt>
      <trkpt lat="51.1581984523303" lon="8.33814006832675">
        <ele>418.9</ele>
        <time>0001-01-01T00:00:00Z</time>
      </trkpt>
      <trkpt lat="51.1581628281588" lon="8.33820433158348">
        <ele>419.5</ele>
        <time>0001-01-01T00:00:00Z</time>
      </trkpt>
      <trkpt lat="51.1581334018858" lon="8.33826847061539">
        <ele>420.2</ele>
        <time>0001-01-01T00:00:00Z</time>
      </trkpt>
      <trkpt lat="51.15811" lon="8.338351">
        <ele>420.5</ele>
        <time>0001-01-01T00:00:00Z</time>
      </trkpt>
      <trkpt lat="51.158099" lon="8.338383">
        <ele>420.4</ele>
        <time>0001-01-01T00:00:00Z</time>
      </trkpt>
      <trkpt lat="51.158088" lon="8.338421">
        <ele>420.3</ele>
        <time>0001-01-01T00:00:00Z</time>
      </trkpt>
      <trkpt lat="51.158056" lon="8.33856">
        <ele>419.3</ele>
        <time>0001-01-01T00:00:00Z</time>
      </trkpt>
      <trkpt lat="51.15803" lon="8.338652">
        <ele>418.8</ele>
        <time>0001-01-01T00:00:00Z</time>
      </trkpt>
      <trkpt lat="51.157987" lon="8.338775">
        <ele>418.4</ele>
        <time>0001-01-01T00:00:00Z</time>
      </trkpt>
      <trkpt lat="51.157952" lon="8.338873">
        <ele>418.1</ele>
        <time>0001-01-01T00:00:00Z</time>
      </trkpt>
      <trkpt lat="51.157925" lon="8.338939">
        <ele>418.1</ele>
        <time>0001-01-01T00:00:00Z</time>
      </trkpt>
      <trkpt lat="51.157874" lon="8.339052">
        <ele>418.1</ele>
        <time>0001-01-01T00:00:00Z</time>
      </trkpt>
      <trkpt lat="51.157851" lon="8.339108">
        <ele>418.1</ele>
        <time>0001-01-01T00:00:00Z</time>
      </trkpt>
      <trkpt lat="51.1578280331394" lon="8.33913871770522">
        <ele>417.9</ele>
        <time>0001-01-01T00:00:00Z</time>
      </trkpt>
      <trkpt lat="51.1577946053296" lon="8.33922085445187">
        <ele>417.5</ele>
        <time>0001-01-01T00:00:00Z</time>
      </trkpt>
      <trkpt lat="51.1577764509819" lon="8.33928323571717">
        <ele>417.4</ele>
        <time>0001-01-01T00:00:00Z</time>
      </trkpt>
      <trkpt lat="51.1576789583228" lon="8.33966859912799">
        <ele>416.2</ele>
        <time>0001-01-01T00:00:00Z</time>
      </trkpt>
      <trkpt lat="51.1576264421611" lon="8.33982947536438">
        <ele>416.1</ele>
        <time>0001-01-01T00:00:00Z</time>
      </trkpt>
      <trkpt lat="51.1576152635378" lon="8.33985576715398">
        <ele>416.1</ele>
        <time>0001-01-01T00:00:00Z</time>
        <cmt>51.157641,8.339861</cmt>
      </trkpt>
      <trkpt lat="51.1575909088854" lon="8.33991001024702">
        <ele>416</ele>
        <time>0001-01-01T00:00:00Z</time>
      </trkpt>
      <trkpt lat="51.157500465532" lon="8.34008287977333">
        <ele>417.7</ele>
        <time>0001-01-01T00:00:00Z</time>
      </trkpt>
      <trkpt lat="51.157395675843" lon="8.34027393015346">
        <ele>419.9</ele>
        <time>0001-01-01T00:00:00Z</time>
      </trkpt>
      <trkpt lat="51.1572858298582" lon="8.34046990941331">
        <ele>421.5</ele>
        <time>0001-01-01T00:00:00Z</time>
      </trkpt>
      <trkpt lat="51.157233857909" lon="8.34053766473021">
        <ele>422.7</ele>
        <time>0001-01-01T00:00:00Z</time>
      </trkpt>
      <trkpt lat="51.1571715132432" lon="8.34060067465639">
        <ele>424.5</ele>
        <time>0001-01-01T00:00:00Z</time>
      </trkpt>
      <trkpt lat="51.1571040204262" lon="8.34065226965857">
        <ele>426.7</ele>
        <time>0001-01-01T00:00:00Z</time>
      </trkpt>
      <trkpt lat="51.1570425628036" lon="8.34069069480024">
        <ele>428.4</ele>
        <time>0001-01-01T00:00:00Z</time>
      </trkpt>
      <trkpt lat="51.157011806025" lon="8.34070099026246">
        <ele>429.5</ele>
        <time>0001-01-01T00:00:00Z</time>
      </trkpt>
      <trkpt lat="51.1569830356827" lon="8.34069976929532">
        <ele>430.8</ele>
        <time>0001-01-01T00:00:00Z</time>
      </trkpt>
      <trkpt lat="51.1569542097862" lon="8.34068869205101">
        <ele>432.6</ele>
        <time>0001-01-01T00:00:00Z</time>
      </trkpt>
      <trkpt lat="51.1569138649418" lon="8.34064356294414">
        <ele>434.1</ele>
        <time>0001-01-01T00:00:00Z</time>
      </trkpt>
      <trkpt lat="51.1568827580187" lon="8.34059174267764">
        <ele>434.7</ele>
        <time>0001-01-01T00:00:00Z</time>
      </trkpt>
      <trkpt lat="51.156854" lon="8.340534">
        <ele>435.1</ele>
        <time>0001-01-01T00:00:00Z</time>
      </trkpt>
      <trkpt lat="51.156874" lon="8.340372">
        <ele>435.2</ele>
        <time>0001-01-01T00:00:00Z</time>
      </trkpt>
      <trkpt lat="51.156886" lon="8.340314">
        <ele>435.3</ele>
        <time>0001-01-01T00:00:00Z</time>
      </trkpt>
      <trkpt lat="51.156886" lon="8.340314">
        <ele>435.3</ele>
        <time>0001-01-01T00:00:00Z</time>
        <cmt>51.156886,8.340314</cmt>
      </trkpt>
      <trkpt lat="51.156992" lon="8.339812">
        <ele>435.9</ele>
        <time>0001-01-01T00:00:00Z</time>
      </trkpt>
      <trkpt lat="51.1569918386224" lon="8.33953299829965">
        <ele>438.7</ele>
        <time>0001-01-01T00:00:00Z</time>
      </trkpt>
      <trkpt lat="51.1569610290076" lon="8.33917071212319">
        <ele>445.2</ele>
        <time>0001-01-01T00:00:00Z</time>
      </trkpt>
      <trkpt lat="51.1569319548371" lon="8.33893420331331">
        <ele>446.4</ele>
        <time>0001-01-01T00:00:00Z</time>
      </trkpt>
      <trkpt lat="51.1569264207137" lon="8.33886241092294">
        <ele>446.4</ele>
        <time>0001-01-01T00:00:00Z</time>
        <cmt>51.156914,8.338995</cmt>
      </trkpt>
      <trkpt lat="51.1569048393685" lon="8.33868139200912">
        <ele>450.8</ele>
        <time>0001-01-01T00:00:00Z</time>
      </trkpt>
      <trkpt lat="51.1568898174794" lon="8.33857211542583">
        <ele>451</ele>
        <time>0001-01-01T00:00:00Z</time>
      </trkpt>
      <trkpt lat="51.1568924876612" lon="8.33850017036116">
        <ele>451.4</ele>
        <time>0001-01-01T00:00:00Z</time>
      </trkpt>
      <trkpt lat="51.156997" lon="8.338046">
        <ele>452</ele>
        <time>0001-01-01T00:00:00Z</time>
      </trkpt>
      <trkpt lat="51.157112" lon="8.337593">
        <ele>453.6</ele>
        <time>0001-01-01T00:00:00Z</time>
      </trkpt>
      <trkpt lat="51.157123" lon="8.337543">
        <ele>453.7</ele>
        <time>0001-01-01T00:00:00Z</time>
      </trkpt>
      <trkpt lat="51.157204" lon="8.33719">
        <ele>454.5</ele>
        <time>0001-01-01T00:00:00Z</time>
      </trkpt>
      <trkpt lat="51.1572316860523" lon="8.33688779181451">
        <ele>460.7</ele>
        <time>0001-01-01T00:00:00Z</time>
      </trkpt>
      <trkpt lat="51.157222397639" lon="8.33669677466894">
        <ele>461.9</ele>
        <time>0001-01-01T00:00:00Z</time>
      </trkpt>
      <trkpt lat="51.1571778373159" lon="8.33663203044682">
        <ele>463.6</ele>
        <time>0001-01-01T00:00:00Z</time>
      </trkpt>
      <trkpt lat="51.157137546418" lon="8.3365966900771">
        <ele>464.7</ele>
        <time>0001-01-01T00:00:00Z</time>
      </trkpt>
      <trkpt lat="51.1570748684654" lon="8.33659269589096">
        <ele>465.1</ele>
        <time>0001-01-01T00:00:00Z</time>
      </trkpt>
      <trkpt lat="51.1570380045604" lon="8.33661120136183">
        <ele>466</ele>
        <time>0001-01-01T00:00:00Z</time>
      </trkpt>
      <trkpt lat="51.1570165058112" lon="8.33662618893854">
        <ele>466.4</ele>
        <time>0001-01-01T00:00:00Z</time>
      </trkpt>
      <trkpt lat="51.1569909233965" lon="8.33664453257595">
        <ele>466.8</ele>
        <time>0001-01-01T00:00:00Z</time>
      </trkpt>
      <trkpt lat="51.1569736198925" lon="8.33667584114501">
        <ele>466.9</ele>
        <time>0001-01-01T00:00:00Z</time>
      </trkpt>
      <trkpt lat="51.1569542929426" lon="8.33671207178404">
        <ele>466.9</ele>
        <time>0001-01-01T00:00:00Z</time>
      </trkpt>
      <trkpt lat="51.1569150654538" lon="8.3368564126622">
        <ele>467</ele>
        <time>0001-01-01T00:00:00Z</time>
      </trkpt>
      <trkpt lat="51.1568553756474" lon="8.33702554737565">
        <ele>467.4</ele>
        <time>0001-01-01T00:00:00Z</time>
      </trkpt>
      <trkpt lat="51.1567079697233" lon="8.33729727432611">
        <ele>468.4</ele>
        <time>0001-01-01T00:00:00Z</time>
      </trkpt>
      <trkpt lat="51.1565944353628" lon="8.33757340752422">
        <ele>468.6</ele>
        <time>0001-01-01T00:00:00Z</time>
      </trkpt>
      <trkpt lat="51.1565153229161" lon="8.33775423527217">
        <ele>469.8</ele>
        <time>0001-01-01T00:00:00Z</time>
      </trkpt>
      <trkpt lat="51.1564277021962" lon="8.33788948050154">
        <ele>470.3</ele>
        <time>0001-01-01T00:00:00Z</time>
      </trkpt>
      <trkpt lat="51.1563867726381" lon="8.33791456689043">
        <ele>471.1</ele>
        <time>0001-01-01T00:00:00Z</time>
      </trkpt>
      <trkpt lat="51.1563407353438" lon="8.33795117882641">
        <ele>472.1</ele>
        <time>0001-01-01T00:00:00Z</time>
      </trkpt>
      <trkpt lat="51.1562998998317" lon="8.33800076427052">
        <ele>474.6</ele>
        <time>0001-01-01T00:00:00Z</time>
      </trkpt>
      <trkpt lat="51.1561263451045" lon="8.33819116720283">
        <ele>477.5</ele>
        <time>0001-01-01T00:00:00Z</time>
      </trkpt>
      <trkpt lat="51.156017934875" lon="8.33827770711682">
        <ele>481</ele>
        <time>0001-01-01T00:00:00Z</time>
      </trkpt>
      <trkpt lat="51.1559586758824" lon="8.33833415032351">
        <ele>482.3</ele>
        <time>0001-01-01T00:00:00Z</time>
      </trkpt>
      <trkpt lat="51.1558827313941" lon="8.3383499154897">
        <ele>484.9</ele>
        <time>0001-01-01T00:00:00Z</time>
      </trkpt>
      <trkpt lat="51.1558148809332" lon="8.33834599300387">
        <ele>485.8</ele>
        <time>0001-01-01T00:00:00Z</time>
      </trkpt>
      <trkpt lat="51.155743944473" lon="8.33834048368485">
        <ele>486.8</ele>
        <time>0001-01-01T00:00:00Z</time>
      </trkpt>
      <trkpt lat="51.1556823223053" lon="8.33831027006761">
        <ele>488</ele>
        <time>0001-01-01T00:00:00Z</time>
      </trkpt>
      <trkpt lat="51.1556121250293" lon="8.33825411898684">
        <ele>489.5</ele>
        <time>0001-01-01T00:00:00Z</time>
      </trkpt>
      <trkpt lat="51.1554522345353" lon="8.33814039438453">
        <ele>495.2</ele>
        <time>0001-01-01T00:00:00Z</time>
      </trkpt>
      <trkpt lat="51.1553046879402" lon="8.33803301779584">
        <ele>498.1</ele>
        <time>0001-01-01T00:00:00Z</time>
      </trkpt>
      <trkpt lat="51.1552705694599" lon="8.33800085122739">
        <ele>498.1</ele>
        <time>0001-01-01T00:00:00Z</time>
        <cmt>51.155277,8.338067</cmt>
      </trkpt>
      <trkpt lat="51.155189295025" lon="8.33794159771258">
        <ele>500.5</ele>
        <time>0001-01-01T00:00:00Z</time>
      </trkpt>
      <trkpt lat="51.1550643743055" lon="8.33783716041513">
        <ele>503.6</ele>
        <time>0001-01-01T00:00:00Z</time>
      </trkpt>
      <trkpt lat="51.154988078449" lon="8.33779084837931">
        <ele>504.2</ele>
        <time>0001-01-01T00:00:00Z</time>
      </trkpt>
      <trkpt lat="51.1549313876634" lon="8.33775737438443">
        <ele>504.6</ele>
        <time>0001-01-01T00:00:00Z</time>
      </trkpt>
      <trkpt lat="51.1548768496178" lon="8.33774181013476">
        <ele>504.9</ele>
        <time>0001-01-01T00:00:00Z</time>
      </trkpt>
      <trkpt lat="51.1547988911481" lon="8.33776416397571">
        <ele>505.2</ele>
        <time>0001-01-01T00:00:00Z</time>
      </trkpt>
      <trkpt lat="51.1547077593118" lon="8.33782272896885">
        <ele>507.1</ele>
        <time>0001-01-01T00:00:00Z</time>
      </trkpt>
      <trkpt lat="51.1546813451677" lon="8.33787536824405">
        <ele>507.3</ele>
        <time>0001-01-01T00:00:00Z</time>
      </trkpt>
      <trkpt lat="51.1546398910107" lon="8.33799686420084">
        <ele>507.8</ele>
        <time>0001-01-01T00:00:00Z</time>
      </trkpt>
      <trkpt lat="51.1546162862739" lon="8.33818348413048">
        <ele>508</ele>
        <time>0001-01-01T00:00:00Z</time>
      </trkpt>
      <trkpt lat="51.1545995921218" lon="8.33850391964818">
        <ele>507.4</ele>
        <time>0001-01-01T00:00:00Z</time>
      </trkpt>
      <trkpt lat="51.1545926346443" lon="8.33872462188931">
        <ele>507</ele>
        <time>0001-01-01T00:00:00Z</time>
      </trkpt>
      <trkpt lat="51.1545776585142" lon="8.3388048585052">
        <ele>507</ele>
        <time>0001-01-01T00:00:00Z</time>
        <cmt>51.154606,8.338731</cmt>
      </trkpt>
      <trkpt lat="51.1545548562894" lon="8.33895221733512">
        <ele>506.8</ele>
        <time>0001-01-01T00:00:00Z</time>
      </trkpt>
      <trkpt lat="51.1545137412585" lon="8.33912603904666">
        <ele>507.3</ele>
        <time>0001-01-01T00:00:00Z</time>
      </trkpt>
      <trkpt lat="51.154470992238" lon="8.3392001128898">
        <ele>509.1</ele>
        <time>0001-01-01T00:00:00Z</time>
      </trkpt>
      <trkpt lat="51.1544370939136" lon="8.33919896615658">
        <ele>510.2</ele>
        <time>0001-01-01T00:00:00Z</time>
      </trkpt>
      <trkpt lat="51.1544009429915" lon="8.33917009023211">
        <ele>511.3</ele>
        <time>0001-01-01T00:00:00Z</time>
      </trkpt>
      <trkpt lat="51.1542473986716" lon="8.33889293348294">
        <ele>516.7</ele>
        <time>0001-01-01T00:00:00Z</time>
      </trkpt>
      <trkpt lat="51.1542245878838" lon="8.33885730809357">
        <ele>516.7</ele>
        <time>0001-01-01T00:00:00Z</time>
        <cmt>51.154231,8.338932</cmt>
      </trkpt>
      <trkpt lat="51.1541893128744" lon="8.33879406418134">
        <ele>517.5</ele>
        <time>0001-01-01T00:00:00Z</time>
      </trkpt>
      <trkpt lat="51.1540731154834" lon="8.33859969490234">
        <ele>521.7</ele>
        <time>0001-01-01T00:00:00Z</time>
      </trkpt>
      <trkpt lat="51.1540367594108" lon="8.3385266813092">
        <ele>521.9</ele>
        <time>0001-01-01T00:00:00Z</time>
      </trkpt>
      <trkpt lat="51.1540014584798" lon="8.33846677102811">
        <ele>522.4</ele>
        <time>0001-01-01T00:00:00Z</time>
      </trkpt>
      <trkpt lat="51.1539796343309" lon="8.33841638272582">
        <ele>522.6</ele>
        <time>0001-01-01T00:00:00Z</time>
      </trkpt>
      <trkpt lat="51.153965" lon="8.338294">
        <ele>523</ele>
        <time>0001-01-01T00:00:00Z</time>
      </trkpt>
      <trkpt lat="51.154049" lon="8.338018">
        <ele>523.3</ele>
        <time>0001-01-01T00:00:00Z</time>
      </trkpt>
      <trkpt lat="51.15422" lon="8.337574">
        <ele>524</ele>
        <time>0001-01-01T00:00:00Z</time>
      </trkpt>
      <trkpt lat="51.154405" lon="8.337154">
        <ele>524.6</ele>
        <time>0001-01-01T00:00:00Z</time>
      </trkpt>
      <trkpt lat="51.154552" lon="8.336877">
        <ele>525.4</ele>
        <time>0001-01-01T00:00:00Z</time>
      </trkpt>
      <trkpt lat="51.154552" lon="8.336877">
        <ele>525.4</ele>
        <time>0001-01-01T00:00:00Z</time>
        <cmt>51.154552,8.336877</cmt>
      </trkpt>
      <trkpt lat="51.154618" lon="8.336752">
        <ele>525.8</ele>
        <time>0001-01-01T00:00:00Z</time>
      </trkpt>
      <trkpt lat="51.154663" lon="8.336689">
        <ele>526.2</ele>
        <time>0001-01-01T00:00:00Z</time>
      </trkpt>
      <trkpt lat="51.154697" lon="8.336647">
        <ele>526.5</ele>
        <time>0001-01-01T00:00:00Z</time>
      </trkpt>
      <trkpt lat="51.15473" lon="8.336615">
        <ele>526.9</ele>
        <time>0001-01-01T00:00:00Z</time>
      </trkpt>
      <trkpt lat="51.154761" lon="8.336593">
        <ele>527.1</ele>
        <time>0001-01-01T00:00:00Z</time>
      </trkpt>
      <trkpt lat="51.154784" lon="8.336583">
        <ele>527.3</ele>
        <time>0001-01-01T00:00:00Z</time>
      </trkpt>
      <trkpt lat="51.154811" lon="8.336575">
        <ele>527.5</ele>
        <time>0001-01-01T00:00:00Z</time>
      </trkpt>
      <trkpt lat="51.154883" lon="8.336566">
        <ele>528.1</ele>
        <time>0001-01-01T00:00:00Z</time>
      </trkpt>
      <trkpt lat="51.15502" lon="8.336598">
        <ele>528.9</ele>
        <time>0001-01-01T00:00:00Z</time>
      </trkpt>
      <trkpt lat="51.155096" lon="8.336597">
        <ele>529.6</ele>
        <time>0001-01-01T00:00:00Z</time>
      </trkpt>
      <trkpt lat="51.155452" lon="8.336297">
        <ele>532.3</ele>
        <time>0001-01-01T00:00:00Z</time>
      </trkpt>
      <trkpt lat="51.155698" lon="8.335888">
        <ele>534.8</ele>
        <time>0001-01-01T00:00:00Z</time>
      </trkpt>
      <trkpt lat="51.15597" lon="8.335424">
        <ele>538.9</ele>
        <time>0001-01-01T00:00:00Z</time>
      </trkpt>
      <trkpt lat="51.156242" lon="8.33496">
        <ele>542.1</ele>
        <time>0001-01-01T00:00:00Z</time>
      </trkpt>
      <trkpt lat="51.156431" lon="8.334633">
        <ele>543.2</ele>
        <time>0001-01-01T00:00:00Z</time>
      </trkpt>
      <trkpt lat="51.15662" lon="8.334307">
        <ele>544</ele>
        <time>0001-01-01T00:00:00Z</time>
      </trkpt>
      <trkpt lat="51.156894" lon="8.333801">
        <ele>539.6</ele>
        <time>0001-01-01T00:00:00Z</time>
      </trkpt>
      <trkpt lat="51.157072" lon="8.333358">
        <ele>539.3</ele>
        <time>0001-01-01T00:00:00Z</time>
      </trkpt>
      <trkpt lat="51.157183" lon="8.333021">
        <ele>541.3</ele>
        <time>0001-01-01T00:00:00Z</time>
      </trkpt>
      <trkpt lat="51.157294" lon="8.332685">
        <ele>541.4</ele>
        <time>0001-01-01T00:00:00Z</time>
      </trkpt>
      <trkpt lat="51.157369" lon="8.3322">
        <ele>540.8</ele>
        <time>0001-01-01T00:00:00Z</time>
      </trkpt>
      <trkpt lat="51.157422" lon="8.331748">
        <ele>540.4</ele>
        <time>0001-01-01T00:00:00Z</time>
      </trkpt>
      <trkpt lat="51.157474" lon="8.331295">
        <ele>539.7</ele>
        <time>0001-01-01T00:00:00Z</time>
      </trkpt>
      <trkpt lat="51.157506" lon="8.331035">
        <ele>538.4</ele>
        <time>0001-01-01T00:00:00Z</time>
      </trkpt>
      <trkpt lat="51.15751" lon="8.331003">
        <ele>538.2</ele>
        <time>0001-01-01T00:00:00Z</time>
      </trkpt>
      <trkpt lat="51.157507" lon="8.33063">
        <ele>537.2</ele>
        <time>0001-01-01T00:00:00Z</time>
      </trkpt>
      <trkpt lat="51.157507" lon="8.33063">
        <ele>537.2</ele>
        <time>0001-01-01T00:00:00Z</time>
        <cmt>51.157507,8.330630</cmt>
      </trkpt>
      <trkpt lat="51.157505" lon="8.330445">
        <ele>536.8</ele>
        <time>0001-01-01T00:00:00Z</time>
      </trkpt>
      <trkpt lat="51.157477" lon="8.330202">
        <ele>536.6</ele>
        <time>0001-01-01T00:00:00Z</time>
      </trkpt>
      <trkpt lat="51.157464" lon="8.330089">
        <ele>536.5</ele>
        <time>0001-01-01T00:00:00Z</time>
      </trkpt>
      <trkpt lat="51.157435" lon="8.329668">
        <ele>534.5</ele>
        <time>0001-01-01T00:00:00Z</time>
      </trkpt>
      <trkpt lat="51.157382" lon="8.329323">
        <ele>533.6</ele>
        <time>0001-01-01T00:00:00Z</time>
      </trkpt>
      <trkpt lat="51.157345" lon="8.329186">
        <ele>533.6</ele>
        <time>0001-01-01T00:00:00Z</time>
      </trkpt>
      <trkpt lat="51.157316" lon="8.32909">
        <ele>533.7</ele>
        <time>0001-01-01T00:00:00Z</time>
      </trkpt>
      <trkpt lat="51.157245" lon="8.328878">
        <ele>534</ele>
        <time>0001-01-01T00:00:00Z</time>
      </trkpt>
      <trkpt lat="51.157215" lon="8.328783">
        <ele>533.9</ele>
        <time>0001-01-01T00:00:00Z</time>
      </trkpt>
      <trkpt lat="51.15719" lon="8.328698">
        <ele>533.7</ele>
        <time>0001-01-01T00:00:00Z</time>
      </trkpt>
      <trkpt lat="51.157137" lon="8.328496">
        <ele>532.9</ele>
        <time>0001-01-01T00:00:00Z</time>
      </trkpt>
      <trkpt lat="51.157108" lon="8.328399">
        <ele>532.6</ele>
        <time>0001-01-01T00:00:00Z</time>
      </trkpt>
      <trkpt lat="51.156961" lon="8.327932">
        <ele>530.9</ele>
        <time>0001-01-01T00:00:00Z</time>
      </trkpt>
      <trkpt lat="51.156745" lon="8.327411">
        <ele>530.2</ele>
        <time>0001-01-01T00:00:00Z</time>
      </trkpt>
      <trkpt lat="51.156578" lon="8.326978">
        <ele>529.2</ele>
        <time>0001-01-01T00:00:00Z</time>
      </trkpt>
      <trkpt lat="51.156411" lon="8.326545">
        <ele>528.3</ele>
        <time>0001-01-01T00:00:00Z</time>
      </trkpt>
      <trkpt lat="51.156304" lon="8.326224">
        <ele>527.5</ele>
        <time>0001-01-01T00:00:00Z</time>
      </trkpt>
      <trkpt lat="51.156198" lon="8.325904">
        <ele>527</ele>
        <time>0001-01-01T00:00:00Z</time>
      </trkpt>
      <trkpt lat="51.15607" lon="8.325547">
        <ele>527</ele>
        <time>0001-01-01T00:00:00Z</time>
      </trkpt>
      <trkpt lat="51.155965" lon="8.325047">
        <ele>525.3</ele>
        <time>0001-01-01T00:00:00Z</time>
      </trkpt>
      <trkpt lat="51.155938" lon="8.32492">
        <ele>524.9</ele>
        <time>0001-01-01T00:00:00Z</time>
      </trkpt>
      <trkpt lat="51.15584" lon="8.324384">
        <ele>522.8</ele>
        <time>0001-01-01T00:00:00Z</time>
      </trkpt>
      <trkpt lat="51.155834" lon="8.324351">
        <ele>522.7</ele>
        <time>0001-01-01T00:00:00Z</time>
      </trkpt>
      <trkpt lat="51.155834" lon="8.324351">
        <ele>522.7</ele>
        <time>0001-01-01T00:00:00Z</time>
        <cmt>51.155834,8.324351</cmt>
      </trkpt>
      <trkpt lat="51.155743" lon="8.323849">
        <ele>521.5</ele>
        <time>0001-01-01T00:00:00Z</time>
      </trkpt>
      <trkpt lat="51.155665" lon="8.323504">
        <ele>521.2</ele>
        <time>0001-01-01T00:00:00Z</time>
      </trkpt>
      <trkpt lat="51.155588" lon="8.32316">
        <ele>520.4</ele>
        <time>0001-01-01T00:00:00Z</time>
      </trkpt>
      <trkpt lat="51.155515" lon="8.322778">
        <ele>518.8</ele>
        <time>0001-01-01T00:00:00Z</time>
      </trkpt>
      <trkpt lat="51.155442" lon="8.322396">
        <ele>517.1</ele>
        <time>0001-01-01T00:00:00Z</time>
      </trkpt>
      <trkpt lat="51.155295" lon="8.321865">
        <ele>514.9</ele>
        <time>0001-01-01T00:00:00Z</time>
      </trkpt>
      <trkpt lat="51.155146" lon="8.321299">
        <ele>512.5</ele>
        <time>0001-01-01T00:00:00Z</time>
      </trkpt>
      <trkpt lat="51.154987" lon="8.32064">
        <ele>508.5</ele>
        <time>0001-01-01T00:00:00Z</time>
      </trkpt>
      <trkpt lat="51.154816" lon="8.320098">
        <ele>506.2</ele>
        <time>0001-01-01T00:00:00Z</time>
      </trkpt>
      <trkpt lat="51.154621" lon="8.319475">
        <ele>503.2</ele>
        <time>0001-01-01T00:00:00Z</time>
      </trkpt>
      <trkpt lat="51.154459" lon="8.319604">
        <ele>507.2</ele>
        <time>0001-01-01T00:00:00Z</time>
      </trkpt>
      <trkpt lat="51.154459" lon="8.319604">
        <ele>507.2</ele>
        <time>0001-01-01T00:00:00Z</time>
        <cmt>51.154459,8.319604</cmt>
      </trkpt>
      <trkpt lat="51.154451" lon="8.31961">
        <ele>507.4</ele>
        <time>0001-01-01T00:00:00Z</time>
      </trkpt>
      <trkpt lat="51.154224" lon="8.319843">
        <ele>514</ele>
        <time>0001-01-01T00:00:00Z</time>
      </trkpt>
      <trkpt lat="51.154224" lon="8.319843">
        <ele>514</ele>
        <time>0001-01-01T00:00:00Z</time>
        <cmt>51.154224,8.319843</cmt>
      </trkpt>
      <trkpt lat="51.1541" lon="8.31997">
        <ele>517.7</ele>
        <time>0001-01-01T00:00:00Z</time>
      </trkpt>
      <trkpt lat="51.154068" lon="8.319994">
        <ele>518.5</ele>
        <time>0001-01-01T00:00:00Z</time>
      </trkpt>
      <trkpt lat="51.153886" lon="8.320013">
        <ele>521.4</ele>
        <time>0001-01-01T00:00:00Z</time>
      </trkpt>
      <trkpt lat="51.153886" lon="8.320013">
        <ele>521.4</ele>
        <time>0001-01-01T00:00:00Z</time>
        <cmt>51.153886,8.320013</cmt>
      </trkpt>
      <trkpt lat="51.153679" lon="8.320034">
        <ele>524.6</ele>
        <time>0001-01-01T00:00:00Z</time>
      </trkpt>
      <trkpt lat="51.153682" lon="8.320042">
        <ele>524.7</ele>
        <time>0001-01-01T00:00:00Z</time>
      </trkpt>
      <trkpt lat="51.153682" lon="8.320042">
        <ele>524.7</ele>
        <time>0001-01-01T00:00:00Z</time>
        <cmt>51.153682,8.320042</cmt>
      </trkpt>
      <trkpt lat="51.153688" lon="8.320058">
        <ele>524.9</ele>
        <time>0001-01-01T00:00:00Z</time>
      </trkpt>
      <trkpt lat="51.153705" lon="8.320106">
        <ele>525.5</ele>
        <time>0001-01-01T00:00:00Z</time>
      </trkpt>
      <trkpt lat="51.153713" lon="8.320134">
        <ele>525.9</ele>
        <time>0001-01-01T00:00:00Z</time>
      </trkpt>
      <trkpt lat="51.153729" lon="8.32019">
        <ele>526.6</ele>
        <time>0001-01-01T00:00:00Z</time>
      </trkpt>
      <trkpt lat="51.153729" lon="8.32019">
        <ele>526.6</ele>
        <time>0001-01-01T00:00:00Z</time>
        <cmt>51.153729,8.320190</cmt>
      </trkpt>
      <trkpt lat="51.153809" lon="8.320467">
        <ele>530.4</ele>
        <time>0001-01-01T00:00:00Z</time>
      </trkpt>
      <trkpt lat="51.153893" lon="8.320693">
        <ele>533.2</ele>
        <time>0001-01-01T00:00:00Z</time>
      </trkpt>
      <trkpt lat="51.153915" lon="8.320739">
        <ele>533.6</ele>
        <time>0001-01-01T00:00:00Z</time>
      </trkpt>
      <trkpt lat="51.153929" lon="8.320775">
        <ele>534.1</ele>
        <time>0001-01-01T00:00:00Z</time>
      </trkpt>
      <trkpt lat="51.153944" lon="8.320838">
        <ele>535</ele>
        <time>0001-01-01T00:00:00Z</time>
      </trkpt>
      <trkpt lat="51.153914" lon="8.320857">
        <ele>535.9</ele>
        <time>0001-01-01T00:00:00Z</time>
      </trkpt>
      <trkpt lat="51.1539" lon="8.32086">
        <ele>536.2</ele>
        <time>0001-01-01T00:00:00Z</time>
      </trkpt>
      <trkpt lat="51.1539" lon="8.32086">
        <ele>536.2</ele>
        <time>0001-01-01T00:00:00Z</time>
        <cmt>51.153900,8.320860</cmt>
      </trkpt>
      <trkpt lat="51.153896" lon="8.320861">
        <ele>536.3</ele>
        <time>0001-01-01T00:00:00Z</time>
      </trkpt>
      <trkpt lat="51.153876" lon="8.320858">
        <ele>536.6</ele>
        <time>0001-01-01T00:00:00Z</time>
      </trkpt>
      <trkpt lat="51.153853" lon="8.320849">
        <ele>536.8</ele>
        <time>0001-01-01T00:00:00Z</time>
      </trkpt>
      <trkpt lat="51.153823" lon="8.320831">
        <ele>537</ele>
        <time>0001-01-01T00:00:00Z</time>
      </trkpt>
      <trkpt lat="51.153652" lon="8.320781">
        <ele>538.8</ele>
        <time>0001-01-01T00:00:00Z</time>
      </trkpt>
      <trkpt lat="51.153498" lon="8.320766">
        <ele>540.5</ele>
        <time>0001-01-01T00:00:00Z</time>
      </trkpt>
      <trkpt lat="51.153245" lon="8.320847">
        <ele>544.6</ele>
        <time>0001-01-01T00:00:00Z</time>
      </trkpt>
      <trkpt lat="51.152987" lon="8.320955">
        <ele>548.4</ele>
        <time>0001-01-01T00:00:00Z</time>
      </trkpt>
      <trkpt lat="51.152819" lon="8.321043">
        <ele>550.7</ele>
        <time>0001-01-01T00:00:00Z</time>
      </trkpt>
      <trkpt lat="51.152819" lon="8.321043">
        <ele>550.7</ele>
        <time>0001-01-01T00:00:00Z</time>
        <cmt>51.152819,8.321043</cmt>
      </trkpt>
      <trkpt lat="51.152722" lon="8.321093">
        <ele>552.1</ele>
        <time>0001-01-01T00:00:00Z</time>
      </trkpt>
      <trkpt lat="51.152633" lon="8.321184">
        <ele>554.1</ele>
        <time>0001-01-01T00:00:00Z</time>
      </trkpt>
      <trkpt lat="51.152624" lon="8.321193">
        <ele>554.2</ele>
        <time>0001-01-01T00:00:00Z</time>
      </trkpt>
      <trkpt lat="51.152535" lon="8.321286">
        <ele>555.8</ele>
        <time>0001-01-01T00:00:00Z</time>
      </trkpt>
      <trkpt lat="51.15241" lon="8.32147">
        <ele>558.5</ele>
        <time>0001-01-01T00:00:00Z</time>
      </trkpt>
      <trkpt lat="51.152195" lon="8.321784">
        <ele>561.2</ele>
        <time>0001-01-01T00:00:00Z</time>
      </trkpt>
      <trkpt lat="51.15198" lon="8.322099">
        <ele>562.2</ele>
        <time>0001-01-01T00:00:00Z</time>
      </trkpt>
      <trkpt lat="51.15198" lon="8.322099">
        <ele>562.2</ele>
        <time>0001-01-01T00:00:00Z</time>
        <cmt>51.151980,8.322099</cmt>
      </trkpt>
      <trkpt lat="51.151824" lon="8.32254">
        <ele>565.8</ele>
        <time>0001-01-01T00:00:00Z</time>
      </trkpt>
      <trkpt lat="51.151655" lon="8.32299">
        <ele>566.3</ele>
        <time>0001-01-01T00:00:00Z</time>
      </trkpt>
      <trkpt lat="51.151554" lon="8.323342">
        <ele>566.3</ele>
        <time>0001-01-01T00:00:00Z</time>
      </trkpt>
      <trkpt lat="51.151497" lon="8.323565">
        <ele>566</ele>
        <time>0001-01-01T00:00:00Z</time>
      </trkpt>
      <trkpt lat="51.151458" lon="8.324029">
        <ele>568</ele>
        <time>0001-01-01T00:00:00Z</time>
      </trkpt>
      <trkpt lat="51.151464" lon="8.324403">
        <ele>570.9</ele>
        <time>0001-01-01T00:00:00Z</time>
      </trkpt>
      <trkpt lat="51.151467" lon="8.324445">
        <ele>571.3</ele>
        <time>0001-01-01T00:00:00Z</time>
      </trkpt>
      <trkpt lat="51.15149" lon="8.324712">
        <ele>574</ele>
        <time>0001-01-01T00:00:00Z</time>
      </trkpt>
      <trkpt lat="51.151521" lon="8.325076">
        <ele>577.4</ele>
        <time>0001-01-01T00:00:00Z</time>
      </trkpt>
      <trkpt lat="51.151552" lon="8.32544">
        <ele>580.7</ele>
        <time>0001-01-01T00:00:00Z</time>
      </trkpt>
      <trkpt lat="51.15161" lon="8.325968">
        <ele>586.1</ele>
        <time>0001-01-01T00:00:00Z</time>
      </trkpt>
      <trkpt lat="51.15165" lon="8.32643">
        <ele>590.3</ele>
        <time>0001-01-01T00:00:00Z</time>
      </trkpt>
      <trkpt lat="51.151653" lon="8.326482">
        <ele>590.7</ele>
        <time>0001-01-01T00:00:00Z</time>
      </trkpt>
      <trkpt lat="51.151653" lon="8.326482">
        <ele>590.7</ele>
        <time>0001-01-01T00:00:00Z</time>
        <cmt>51.151653,8.326482</cmt>
      </trkpt>
      <trkpt lat="51.151672" lon="8.326797">
        <ele>593.1</ele>
        <time>0001-01-01T00:00:00Z</time>
      </trkpt>
      <trkpt lat="51.151724" lon="8.327435">
        <ele>598.1</ele>
        <time>0001-01-01T00:00:00Z</time>
      </trkpt>
      <trkpt lat="51.151765" lon="8.327832">
        <ele>601.4</ele>
        <time>0001-01-01T00:00:00Z</time>
      </trkpt>
      <trkpt lat="51.15183" lon="8.328467">
        <ele>606.1</ele>
        <time>0001-01-01T00:00:00Z</time>
      </trkpt>
      <trkpt lat="51.1519043552152" lon="8.32902493095532">
        <ele>611.6</ele>
        <time>0001-01-01T00:00:00Z</time>
      </trkpt>
      <trkpt lat="51.151944" lon="8.329417">
        <ele>612.8</ele>
        <time>0001-01-01T00:00:00Z</time>
      </trkpt>
      <trkpt lat="51.152055" lon="8.329929">
        <ele>617.2</ele>
        <time>0001-01-01T00:00:00Z</time>
      </trkpt>
      <trkpt lat="51.152055" lon="8.329929">
        <ele>617.2</ele>
        <time>0001-01-01T00:00:00Z</time>
        <cmt>51.152055,8.329929</cmt>
      </trkpt>
      <trkpt lat="51.152063" lon="8.329966">
        <ele>617.5</ele>
        <time>0001-01-01T00:00:00Z</time>
      </trkpt>
      <trkpt lat="51.152125" lon="8.329365">
        <ele>620.2</ele>
        <time>0001-01-01T00:00:00Z</time>
      </trkpt>
      <trkpt lat="51.152159" lon="8.328976">
        <ele>621.3</ele>
        <time>0001-01-01T00:00:00Z</time>
      </trkpt>
      <trkpt lat="51.152193" lon="8.328588">
        <ele>622.2</ele>
        <time>0001-01-01T00:00:00Z</time>
      </trkpt>
      <trkpt lat="51.152207" lon="8.32816">
        <ele>621.9</ele>
        <time>0001-01-01T00:00:00Z</time>
      </trkpt>
      <trkpt lat="51.152259" lon="8.327786">
        <ele>623</ele>
        <time>0001-01-01T00:00:00Z</time>
      </trkpt>
      <trkpt lat="51.152296" lon="8.327523">
        <ele>623.6</ele>
        <time>0001-01-01T00:00:00Z</time>
      </trkpt>
      <trkpt lat="51.152296" lon="8.327523">
        <ele>623.6</ele>
        <time>0001-01-01T00:00:00Z</time>
        <cmt>51.152296,8.327523</cmt>
      </trkpt>
      <trkpt lat="51.152311" lon="8.327412">
        <ele>623.9</ele>
        <time>0001-01-01T00:00:00Z</time>
      </trkpt>
      <trkpt lat="51.152392" lon="8.326828">
        <ele>624.6</ele>
        <time>0001-01-01T00:00:00Z</time>
      </trkpt>
      <trkpt lat="51.152466" lon="8.326513">
        <ele>625.9</ele>
        <time>0001-01-01T00:00:00Z</time>
      </trkpt>
      <trkpt lat="51.152498" lon="8.326379">
        <ele>626.3</ele>
        <time>0001-01-01T00:00:00Z</time>
      </trkpt>
      <trkpt lat="51.152508" lon="8.326349">
        <ele>626.5</ele>
        <time>0001-01-01T00:00:00Z</time>
      </trkpt>
      <trkpt lat="51.152562" lon="8.326197">
        <ele>627.5</ele>
        <time>0001-01-01T00:00:00Z</time>
      </trkpt>
      <trkpt lat="51.152618" lon="8.326039">
        <ele>628.3</ele>
        <time>0001-01-01T00:00:00Z</time>
      </trkpt>
      <trkpt lat="51.152618" lon="8.326039">
        <ele>628.3</ele>
        <time>0001-01-01T00:00:00Z</time>
        <cmt>51.152618,8.326039</cmt>
      </trkpt>
      <trkpt lat="51.152645" lon="8.325965">
        <ele>628.7</ele>
        <time>0001-01-01T00:00:00Z</time>
      </trkpt>
      <trkpt lat="51.152736" lon="8.325723">
        <ele>629.6</ele>
        <time>0001-01-01T00:00:00Z</time>
      </trkpt>
      <trkpt lat="51.152736" lon="8.325723">
        <ele>629.6</ele>
        <time>0001-01-01T00:00:00Z</time>
        <cmt>51.152736,8.325723</cmt>
      </trkpt>
      <trkpt lat="51.152765" lon="8.325646">
        <ele>629.9</ele>
        <time>0001-01-01T00:00:00Z</time>
      </trkpt>
      <trkpt lat="51.152819" lon="8.326179">
        <ele>633.6</ele>
        <time>0001-01-01T00:00:00Z</time>
      </trkpt>
      <trkpt lat="51.15286" lon="8.326583">
        <ele>636.2</ele>
        <time>0001-01-01T00:00:00Z</time>
      </trkpt>
      <trkpt lat="51.15286" lon="8.326583">
        <ele>636.2</ele>
        <time>0001-01-01T00:00:00Z</time>
        <cmt>51.152860,8.326583</cmt>
      </trkpt>
      <trkpt lat="51.152873" lon="8.326711">
        <ele>637</ele>
        <time>0001-01-01T00:00:00Z</time>
      </trkpt>
      <trkpt lat="51.152926" lon="8.327182">
        <ele>640.2</ele>
        <time>0001-01-01T00:00:00Z</time>
      </trkpt>
      <trkpt lat="51.152931" lon="8.32723">
        <ele>640.6</ele>
        <time>0001-01-01T00:00:00Z</time>
      </trkpt>
      <trkpt lat="51.152961" lon="8.327441">
        <ele>642</ele>
        <time>0001-01-01T00:00:00Z</time>
      </trkpt>
      <trkpt lat="51.152961" lon="8.327441">
        <ele>642</ele>
        <time>0001-01-01T00:00:00Z</time>
        <cmt>51.152961,8.327441</cmt>
      </trkpt>
      <trkpt lat="51.152975" lon="8.327536">
        <ele>642.7</ele>
        <time>0001-01-01T00:00:00Z</time>
      </trkpt>
      <trkpt lat="51.152986" lon="8.327665">
        <ele>643.5</ele>
        <time>0001-01-01T00:00:00Z</time>
      </trkpt>
      <trkpt lat="51.152999" lon="8.327893">
        <ele>644.9</ele>
        <time>0001-01-01T00:00:00Z</time>
      </trkpt>
      <trkpt lat="51.153027" lon="8.328355">
        <ele>647.4</ele>
        <time>0001-01-01T00:00:00Z</time>
      </trkpt>
      <trkpt lat="51.153055" lon="8.328817">
        <ele>649.4</ele>
        <time>0001-01-01T00:00:00Z</time>
      </trkpt>
      <trkpt lat="51.153101" lon="8.329335">
        <ele>650.7</ele>
        <time>0001-01-01T00:00:00Z</time>
      </trkpt>
      <trkpt lat="51.153114" lon="8.329492">
        <ele>650.8</ele>
        <time>0001-01-01T00:00:00Z</time>
      </trkpt>
      <trkpt lat="51.153124" lon="8.329613">
        <ele>650.8</ele>
        <time>0001-01-01T00:00:00Z</time>
      </trkpt>
      <trkpt lat="51.153132" lon="8.329684">
        <ele>650.8</ele>
        <time>0001-01-01T00:00:00Z</time>
      </trkpt>
      <trkpt lat="51.153143" lon="8.329747">
        <ele>650.8</ele>
        <time>0001-01-01T00:00:00Z</time>
      </trkpt>
      <trkpt lat="51.153157" lon="8.329801">
        <ele>650.9</ele>
        <time>0001-01-01T00:00:00Z</time>
      </trkpt>
      <trkpt lat="51.153169" lon="8.329835">
        <ele>651</ele>
        <time>0001-01-01T00:00:00Z</time>
      </trkpt>
      <trkpt lat="51.153184" lon="8.329871">
        <ele>651.2</ele>
        <time>0001-01-01T00:00:00Z</time>
      </trkpt>
      <trkpt lat="51.153225" lon="8.329955">
        <ele>651.6</ele>
        <time>0001-01-01T00:00:00Z</time>
      </trkpt>
      <trkpt lat="51.153225" lon="8.329955">
        <ele>651.6</ele>
        <time>0001-01-01T00:00:00Z</time>
        <cmt>51.153225,8.329955</cmt>
      </trkpt>
      <trkpt lat="51.153236" lon="8.329977">
        <ele>651.7</ele>
        <time>0001-01-01T00:00:00Z</time>
      </trkpt>
      <trkpt lat="51.153316" lon="8.330142">
        <ele>652.2</ele>
        <time>0001-01-01T00:00:00Z</time>
      </trkpt>
      <trkpt lat="51.153337" lon="8.330185">
        <ele>652.3</ele>
        <time>0001-01-01T00:00:00Z</time>
      </trkpt>
      <trkpt lat="51.153354" lon="8.330215">
        <ele>652.3</ele>
        <time>0001-01-01T00:00:00Z</time>
      </trkpt>
      <trkpt lat="51.153372" lon="8.330238">
        <ele>652.3</ele>
        <time>0001-01-01T00:00:00Z</time>
      </trkpt>
      <trkpt lat="51.153389" lon="8.330257">
        <ele>652.4</ele>
        <time>0001-01-01T00:00:00Z</time>
      </trkpt>
      <trkpt lat="51.153406" lon="8.330269">
        <ele>652.4</ele>
        <time>0001-01-01T00:00:00Z</time>
      </trkpt>
      <trkpt lat="51.153421" lon="8.330276">
        <ele>652.5</ele>
        <time>0001-01-01T00:00:00Z</time>
      </trkpt>
      <trkpt lat="51.153429" lon="8.330277">
        <ele>652.5</ele>
        <time>0001-01-01T00:00:00Z</time>
      </trkpt>
      <trkpt lat="51.153429" lon="8.330277">
        <ele>652.5</ele>
        <time>0001-01-01T00:00:00Z</time>
        <cmt>51.153429,8.330277</cmt>
      </trkpt>
      <trkpt lat="51.153437" lon="8.330279">
        <ele>652.5</ele>
        <time>0001-01-01T00:00:00Z</time>
      </trkpt>
      <trkpt lat="51.15345" lon="8.330276">
        <ele>652.6</ele>
        <time>0001-01-01T00:00:00Z</time>
      </trkpt>
      <trkpt lat="51.153461" lon="8.33027">
        <ele>652.7</ele>
        <time>0001-01-01T00:00:00Z</time>
      </trkpt>
      <trkpt lat="51.153471" lon="8.330261">
        <ele>652.7</ele>
        <time>0001-01-01T00:00:00Z</time>
      </trkpt>
      <trkpt lat="51.153493" lon="8.330488">
        <ele>651.5</ele>
        <time>0001-01-01T00:00:00Z</time>
      </trkpt>
      <trkpt lat="51.153496" lon="8.330534">
        <ele>651.2</ele>
        <time>0001-01-01T00:00:00Z</time>
      </trkpt>
      <trkpt lat="51.153496" lon="8.330534">
        <ele>651.2</ele>
        <time>0001-01-01T00:00:00Z</time>
        <cmt>51.153496,8.330534</cmt>
      </trkpt>
      <trkpt lat="51.153505" lon="8.330671">
        <ele>650.4</ele>
        <time>0001-01-01T00:00:00Z</time>
      </trkpt>
      <trkpt lat="51.153488" lon="8.330837">
        <ele>649.5</ele>
        <time>0001-01-01T00:00:00Z</time>
      </trkpt>
      <trkpt lat="51.153488" lon="8.330837">
        <ele>649.5</ele>
        <time>0001-01-01T00:00:00Z</time>
        <cmt>51.153488,8.330837</cmt>
      </trkpt>
      <trkpt lat="51.15348" lon="8.330918">
        <ele>649</ele>
        <time>0001-01-01T00:00:00Z</time>
      </trkpt>
      <trkpt lat="51.153465" lon="8.331057">
        <ele>648.1</ele>
        <time>0001-01-01T00:00:00Z</time>
      </trkpt>
      <trkpt lat="51.153455" lon="8.33113">
        <ele>647.6</ele>
        <time>0001-01-01T00:00:00Z</time>
      </trkpt>
      <trkpt lat="51.153444" lon="8.331195">
        <ele>647.1</ele>
        <time>0001-01-01T00:00:00Z</time>
      </trkpt>
      <trkpt lat="51.153404" lon="8.331412">
        <ele>645</ele>
        <time>0001-01-01T00:00:00Z</time>
      </trkpt>
      <trkpt lat="51.153404" lon="8.331412">
        <ele>645</ele>
        <time>0001-01-01T00:00:00Z</time>
        <cmt>51.153404,8.331412</cmt>
      </trkpt>
      <trkpt lat="51.153326" lon="8.331831">
        <ele>640.7</ele>
        <time>0001-01-01T00:00:00Z</time>
      </trkpt>
      <trkpt lat="51.153292" lon="8.331897">
        <ele>639.7</ele>
        <time>0001-01-01T00:00:00Z</time>
      </trkpt>
      <trkpt lat="51.153263" lon="8.33194">
        <ele>638.9</ele>
        <time>0001-01-01T00:00:00Z</time>
      </trkpt>
      <trkpt lat="51.153247" lon="8.331958">
        <ele>638.5</ele>
        <time>0001-01-01T00:00:00Z</time>
      </trkpt>
      <trkpt lat="51.153228" lon="8.331976">
        <ele>638.1</ele>
        <time>0001-01-01T00:00:00Z</time>
      </trkpt>
      <trkpt lat="51.153161" lon="8.332027">
        <ele>636.6</ele>
        <time>0001-01-01T00:00:00Z</time>
      </trkpt>
      <trkpt lat="51.152965" lon="8.332181">
        <ele>631.7</ele>
        <time>0001-01-01T00:00:00Z</time>
      </trkpt>
      <trkpt lat="51.15292" lon="8.332146">
        <ele>631.3</ele>
        <time>0001-01-01T00:00:00Z</time>
      </trkpt>
      <trkpt lat="51.152861" lon="8.332019">
        <ele>631.3</ele>
        <time>0001-01-01T00:00:00Z</time>
      </trkpt>
      <trkpt lat="51.152861" lon="8.332019">
        <ele>631.3</ele>
        <time>0001-01-01T00:00:00Z</time>
        <cmt>51.152861,8.332019</cmt>
      </trkpt>
      <trkpt lat="51.152723" lon="8.331719">
        <ele>631.3</ele>
        <time>0001-01-01T00:00:00Z</time>
      </trkpt>
      <trkpt lat="51.152526" lon="8.331293">
        <ele>629</ele>
        <time>0001-01-01T00:00:00Z</time>
      </trkpt>
      <trkpt lat="51.152438" lon="8.331106">
        <ele>627.1</ele>
        <time>0001-01-01T00:00:00Z</time>
      </trkpt>
      <trkpt lat="51.152438" lon="8.331106">
        <ele>627.1</ele>
        <time>0001-01-01T00:00:00Z</time>
        <cmt>51.152438,8.331106</cmt>
      </trkpt>
      <trkpt lat="51.152308" lon="8.330831">
        <ele>624.4</ele>
        <time>0001-01-01T00:00:00Z</time>
      </trkpt>
      <trkpt lat="51.152265" lon="8.330704">
        <ele>623.3</ele>
        <time>0001-01-01T00:00:00Z</time>
      </trkpt>
      <trkpt lat="51.152265" lon="8.330704">
        <ele>623.3</ele>
        <time>0001-01-01T00:00:00Z</time>
        <cmt>51.152265,8.330704</cmt>
      </trkpt>
      <trkpt lat="51.152239" lon="8.330626">
        <ele>622.7</ele>
        <time>0001-01-01T00:00:00Z</time>
      </trkpt>
      <trkpt lat="51.152265" lon="8.330821">
        <ele>623</ele>
        <time>0001-01-01T00:00:00Z</time>
      </trkpt>
      <trkpt lat="51.15228" lon="8.330967">
        <ele>623</ele>
        <time>0001-01-01T00:00:00Z</time>
      </trkpt>
      <trkpt lat="51.152289" lon="8.331081">
        <ele>622.9</ele>
        <time>0001-01-01T00:00:00Z</time>
      </trkpt>
      <trkpt lat="51.152296" lon="8.331204">
        <ele>622.6</ele>
        <time>0001-01-01T00:00:00Z</time>
      </trkpt>
      <trkpt lat="51.1523" lon="8.331339">
        <ele>622.1</ele>
        <time>0001-01-01T00:00:00Z</time>
      </trkpt>
      <trkpt lat="51.152303" lon="8.331499">
        <ele>621.4</ele>
        <time>0001-01-01T00:00:00Z</time>
      </trkpt>
      <trkpt lat="51.152306" lon="8.331694">
        <ele>620.3</ele>
        <time>0001-01-01T00:00:00Z</time>
      </trkpt>
      <trkpt lat="51.152309" lon="8.331816">
        <ele>619.6</ele>
        <time>0001-01-01T00:00:00Z</time>
      </trkpt>
      <trkpt lat="51.15231" lon="8.331832">
        <ele>619.5</ele>
        <time>0001-01-01T00:00:00Z</time>
      </trkpt>
      <trkpt lat="51.15231" lon="8.331832">
        <ele>619.5</ele>
        <time>0001-01-01T00:00:00Z</time>
        <cmt>51.152310,8.331832</cmt>
      </trkpt>
      <trkpt lat="51.152315" lon="8.331928">
        <ele>618.8</ele>
        <time>0001-01-01T00:00:00Z</time>
      </trkpt>
      <trkpt lat="51.152323" lon="8.332029">
        <ele>618.1</ele>
        <time>0001-01-01T00:00:00Z</time>
      </trkpt>
      <trkpt lat="51.152334" lon="8.332113">
        <ele>617.6</ele>
        <time>0001-01-01T00:00:00Z</time>
      </trkpt>
      <trkpt lat="51.152348" lon="8.332207">
        <ele>616.9</ele>
        <time>0001-01-01T00:00:00Z</time>
      </trkpt>
      <trkpt lat="51.152406" lon="8.332539">
        <ele>614.5</ele>
        <time>0001-01-01T00:00:00Z</time>
      </trkpt>
      <trkpt lat="51.152423" lon="8.332648">
        <ele>613.4</ele>
        <time>0001-01-01T00:00:00Z</time>
      </trkpt>
      <trkpt lat="51.15244" lon="8.332766">
        <ele>612.1</ele>
        <time>0001-01-01T00:00:00Z</time>
      </trkpt>
      <trkpt lat="51.152476" lon="8.333064">
        <ele>608</ele>
        <time>0001-01-01T00:00:00Z</time>
      </trkpt>
      <trkpt lat="51.152481" lon="8.333113">
        <ele>607.3</ele>
        <time>0001-01-01T00:00:00Z</time>
      </trkpt>
      <trkpt lat="51.152481" lon="8.333113">
        <ele>607.3</ele>
        <time>0001-01-01T00:00:00Z</time>
        <cmt>51.152481,8.333113</cmt>
      </trkpt>
      <trkpt lat="51.152507" lon="8.333335">
        <ele>604</ele>
        <time>0001-01-01T00:00:00Z</time>
      </trkpt>
      <trkpt lat="51.152529" lon="8.333512">
        <ele>601.6</ele>
        <time>0001-01-01T00:00:00Z</time>
      </trkpt>
      <trkpt lat="51.152571" lon="8.333829">
        <ele>597.9</ele>
        <time>0001-01-01T00:00:00Z</time>
      </trkpt>
      <trkpt lat="51.152583" lon="8.333928">
        <ele>596.9</ele>
        <time>0001-01-01T00:00:00Z</time>
      </trkpt>
      <trkpt lat="51.152591" lon="8.334017">
        <ele>595.9</ele>
        <time>0001-01-01T00:00:00Z</time>
      </trkpt>
      <trkpt lat="51.152604" lon="8.334204">
        <ele>593.8</ele>
        <time>0001-01-01T00:00:00Z</time>
      </trkpt>
      <trkpt lat="51.152612" lon="8.334289">
        <ele>592.9</ele>
        <time>0001-01-01T00:00:00Z</time>
      </trkpt>
      <trkpt lat="51.152623" lon="8.334372">
        <ele>592.1</ele>
        <time>0001-01-01T00:00:00Z</time>
      </trkpt>
      <trkpt lat="51.152635" lon="8.33443">
        <ele>591.6</ele>
        <time>0001-01-01T00:00:00Z</time>
      </trkpt>
      <trkpt lat="51.152635" lon="8.33443">
        <ele>591.6</ele>
        <time>0001-01-01T00:00:00Z</time>
        <cmt>51.152635,8.334430</cmt>
      </trkpt>
      <trkpt lat="51.152637" lon="8.334444">
        <ele>591.5</ele>
        <time>0001-01-01T00:00:00Z</time>
      </trkpt>
      <trkpt lat="51.152662" lon="8.334529">
        <ele>590.9</ele>
        <time>0001-01-01T00:00:00Z</time>
      </trkpt>
      <trkpt lat="51.152719" lon="8.334694">
        <ele>589.8</ele>
        <time>0001-01-01T00:00:00Z</time>
      </trkpt>
      <trkpt lat="51.15288" lon="8.335188">
        <ele>585.5</ele>
        <time>0001-01-01T00:00:00Z</time>
      </trkpt>
      <trkpt lat="51.152916" lon="8.335335">
        <ele>583.6</ele>
        <time>0001-01-01T00:00:00Z</time>
      </trkpt>
      <trkpt lat="51.152916" lon="8.335335">
        <ele>583.6</ele>
        <time>0001-01-01T00:00:00Z</time>
        <cmt>51.152916,8.335335</cmt>
      </trkpt>
      <trkpt lat="51.153016" lon="8.335733">
        <ele>578.2</ele>
        <time>0001-01-01T00:00:00Z</time>
      </trkpt>
      <trkpt lat="51.15304" lon="8.33582">
        <ele>576.8</ele>
        <time>0001-01-01T00:00:00Z</time>
      </trkpt>
      <trkpt lat="51.153049" lon="8.335861">
        <ele>576.1</ele>
        <time>0001-01-01T00:00:00Z</time>
      </trkpt>
      <trkpt lat="51.153053" lon="8.335901">
        <ele>575.4</ele>
        <time>0001-01-01T00:00:00Z</time>
      </trkpt>
      <trkpt lat="51.153051" lon="8.335934">
        <ele>574.7</ele>
        <time>0001-01-01T00:00:00Z</time>
      </trkpt>
      <trkpt lat="51.153043" lon="8.335965">
        <ele>574</ele>
        <time>0001-01-01T00:00:00Z</time>
      </trkpt>
      <trkpt lat="51.153043" lon="8.335965">
        <ele>574</ele>
        <time>0001-01-01T00:00:00Z</time>
        <cmt>51.153043,8.335965</cmt>
      </trkpt>
      <trkpt lat="51.153028" lon="8.335995">
        <ele>573.3</ele>
        <time>0001-01-01T00:00:00Z</time>
      </trkpt>
      <trkpt lat="51.153006" lon="8.336024">
        <ele>572.5</ele>
        <time>0001-01-01T00:00:00Z</time>
      </trkpt>
      <trkpt lat="51.152976" lon="8.336054">
        <ele>571.5</ele>
        <time>0001-01-01T00:00:00Z</time>
      </trkpt>
      <trkpt lat="51.15294" lon="8.336084">
        <ele>570.5</ele>
        <time>0001-01-01T00:00:00Z</time>
      </trkpt>
      <trkpt lat="51.152903" lon="8.336107">
        <ele>569.6</ele>
        <time>0001-01-01T00:00:00Z</time>
      </trkpt>
      <trkpt lat="51.152863" lon="8.336125">
        <ele>568.6</ele>
        <time>0001-01-01T00:00:00Z</time>
      </trkpt>
      <trkpt lat="51.15282" lon="8.336138">
        <ele>567.8</ele>
        <time>0001-01-01T00:00:00Z</time>
      </trkpt>
      <trkpt lat="51.152751" lon="8.336148">
        <ele>566.6</ele>
        <time>0001-01-01T00:00:00Z</time>
      </trkpt>
      <trkpt lat="51.152715" lon="8.33615">
        <ele>566</ele>
        <time>0001-01-01T00:00:00Z</time>
      </trkpt>
      <trkpt lat="51.152715" lon="8.33615">
        <ele>566</ele>
        <time>0001-01-01T00:00:00Z</time>
        <cmt>51.152715,8.336150</cmt>
      </trkpt>
      <trkpt lat="51.152664" lon="8.336152">
        <ele>565.1</ele>
        <time>0001-01-01T00:00:00Z</time>
      </trkpt>
      <trkpt lat="51.152612" lon="8.336151">
        <ele>564.3</ele>
        <time>0001-01-01T00:00:00Z</time>
      </trkpt>
      <trkpt lat="51.152571" lon="8.336147">
        <ele>563.7</ele>
        <time>0001-01-01T00:00:00Z</time>
      </trkpt>
      <trkpt lat="51.152534" lon="8.336141">
        <ele>563.2</ele>
        <time>0001-01-01T00:00:00Z</time>
      </trkpt>
      <trkpt lat="51.1525" lon="8.336131">
        <ele>562.9</ele>
        <time>0001-01-01T00:00:00Z</time>
      </trkpt>
      <trkpt lat="51.152446" lon="8.336108">
        <ele>562.4</ele>
        <time>0001-01-01T00:00:00Z</time>
      </trkpt>
      <trkpt lat="51.15237" lon="8.336064">
        <ele>561.9</ele>
        <time>0001-01-01T00:00:00Z</time>
      </trkpt>
      <trkpt lat="51.152368" lon="8.336063">
        <ele>561.9</ele>
        <time>0001-01-01T00:00:00Z</time>
      </trkpt>
      <trkpt lat="51.152368" lon="8.336063">
        <ele>561.9</ele>
        <time>0001-01-01T00:00:00Z</time>
        <cmt>51.152368,8.336063</cmt>
      </trkpt>
      <trkpt lat="51.152276" lon="8.336008">
        <ele>561.2</ele>
        <time>0001-01-01T00:00:00Z</time>
      </trkpt>
      <trkpt lat="51.152215" lon="8.335966">
        <ele>560.8</ele>
        <time>0001-01-01T00:00:00Z</time>
      </trkpt>
      <trkpt lat="51.152105" lon="8.335875">
        <ele>560.3</ele>
        <time>0001-01-01T00:00:00Z</time>
      </trkpt>
      <trkpt lat="51.152065" lon="8.335844">
        <ele>560</ele>
        <time>0001-01-01T00:00:00Z</time>
      </trkpt>
      <trkpt lat="51.152029" lon="8.335821">
        <ele>559.7</ele>
        <time>0001-01-01T00:00:00Z</time>
      </trkpt>
      <trkpt lat="51.151989" lon="8.3358">
        <ele>559.2</ele>
        <time>0001-01-01T00:00:00Z</time>
      </trkpt>
      <trkpt lat="51.151903" lon="8.335761">
        <ele>558</ele>
        <time>0001-01-01T00:00:00Z</time>
      </trkpt>
      <trkpt lat="51.151903" lon="8.335761">
        <ele>558</ele>
        <time>0001-01-01T00:00:00Z</time>
        <cmt>51.151903,8.335761</cmt>
      </trkpt>
      <trkpt lat="51.151883" lon="8.335753">
        <ele>557.8</ele>
        <time>0001-01-01T00:00:00Z</time>
      </trkpt>
      <trkpt lat="51.15199" lon="8.336151">
        <ele>552.8</ele>
        <time>0001-01-01T00:00:00Z</time>
      </trkpt>
      <trkpt lat="51.152067" lon="8.33644">
        <ele>548.4</ele>
        <time>0001-01-01T00:00:00Z</time>
      </trkpt>
      <trkpt lat="51.152067" lon="8.33644">
        <ele>548.3</ele>
        <time>0001-01-01T00:00:00Z</time>
        <cmt>51.152067,8.336440</cmt>
      </trkpt>
      <trkpt lat="51.152097" lon="8.33655">
        <ele>546.6</ele>
        <time>0001-01-01T00:00:00Z</time>
      </trkpt>
      <trkpt lat="51.152113" lon="8.336611">
        <ele>545.6</ele>
        <time>0001-01-01T00:00:00Z</time>
      </trkpt>
      <trkpt lat="51.152181" lon="8.336785">
        <ele>542.7</ele>
        <time>0001-01-01T00:00:00Z</time>
      </trkpt>
      <trkpt lat="51.152384" lon="8.337083">
        <ele>538.7</ele>
        <time>0001-01-01T00:00:00Z</time>
      </trkpt>
      <trkpt lat="51.152632" lon="8.337275">
        <ele>537.4</ele>
        <time>0001-01-01T00:00:00Z</time>
      </trkpt>
      <trkpt lat="51.152919" lon="8.337419">
        <ele>537.2</ele>
        <time>0001-01-01T00:00:00Z</time>
      </trkpt>
      <trkpt lat="51.153205" lon="8.337563">
        <ele>535.6</ele>
        <time>0001-01-01T00:00:00Z</time>
      </trkpt>
      <trkpt lat="51.153434" lon="8.33765">
        <ele>533.6</ele>
        <time>0001-01-01T00:00:00Z</time>
      </trkpt>
      <trkpt lat="51.15347" lon="8.337664">
        <ele>533.1</ele>
        <time>0001-01-01T00:00:00Z</time>
      </trkpt>
      <trkpt lat="51.15347" lon="8.337664">
        <ele>533.1</ele>
        <time>0001-01-01T00:00:00Z</time>
        <cmt>51.153470,8.337664</cmt>
      </trkpt>
      <trkpt lat="51.153663" lon="8.337737">
        <ele>530.7</ele>
        <time>0001-01-01T00:00:00Z</time>
      </trkpt>
      <trkpt lat="51.153706" lon="8.337752">
        <ele>530.1</ele>
        <time>0001-01-01T00:00:00Z</time>
      </trkpt>
      <trkpt lat="51.153729" lon="8.337766">
        <ele>529.7</ele>
        <time>0001-01-01T00:00:00Z</time>
      </trkpt>
      <trkpt lat="51.153749" lon="8.337784">
        <ele>529.2</ele>
        <time>0001-01-01T00:00:00Z</time>
      </trkpt>
      <trkpt lat="51.153767" lon="8.33781">
        <ele>528.7</ele>
        <time>0001-01-01T00:00:00Z</time>
      </trkpt>
      <trkpt lat="51.153782" lon="8.337841">
        <ele>528.2</ele>
        <time>0001-01-01T00:00:00Z</time>
      </trkpt>
      <trkpt lat="51.153794" lon="8.337875">
        <ele>527.6</ele>
        <time>0001-01-01T00:00:00Z</time>
      </trkpt>
      <trkpt lat="51.153804" lon="8.337921">
        <ele>527</ele>
        <time>0001-01-01T00:00:00Z</time>
      </trkpt>
      <trkpt lat="51.153812" lon="8.337989">
        <ele>526.2</ele>
        <time>0001-01-01T00:00:00Z</time>
      </trkpt>
      <trkpt lat="51.1538374837945" lon="8.33814346435684">
        <ele>514.001</ele>
        <time>0001-01-01T00:00:00.223Z</time>
      </trkpt>
      <trkpt lat="51.1538836436399" lon="8.3382940184242">
        <ele>513.001</ele>
        <time>0001-01-01T00:00:00.457Z</time>
      </trkpt>
      <trkpt lat="51.1539752262997" lon="8.338472783453">
        <ele>512.001</ele>
        <time>0001-01-01T00:00:00.779Z</time>
      </trkpt>
      <trkpt lat="51.1540942532927" lon="8.33869434091707">
        <ele>510.001</ele>
        <time>0001-01-01T00:00:01.186Z</time>
      </trkpt>
      <trkpt lat="51.1542589672246" lon="8.33899090766896">
        <ele>507.001</ele>
        <time>0001-01-01T00:00:01.739Z</time>
      </trkpt>
      <trkpt lat="51.1543665449716" lon="8.33919100373627">
        <ele>506.001</ele>
        <time>0001-01-01T00:00:02.107Z</time>
      </trkpt>
      <trkpt lat="51.1544418487443" lon="8.33929072711306">
        <ele>504.001</ele>
        <time>0001-01-01T00:00:02.325Z</time>
      </trkpt>
      <trkpt lat="51.1545252081489" lon="8.33921394602086">
        <ele>501.001</ele>
        <time>0001-01-01T00:00:02.539Z</time>
      </trkpt>
      <trkpt lat="51.1545652928753" lon="8.33909452743251">
        <ele>500.001</ele>
        <time>0001-01-01T00:00:02.728Z</time>
      </trkpt>
      <trkpt lat="51.1545958983503" lon="8.33889965342259">
        <ele>498.001</ele>
        <time>0001-01-01T00:00:03.009Z</time>
      </trkpt>
      <trkpt lat="51.1546153603924" lon="8.33873730913311">
        <ele>496.001</ele>
        <time>0001-01-01T00:00:03.24Z</time>
      </trkpt>
      <trkpt lat="51.154629646487" lon="8.3384561925138">
        <ele>493.001</ele>
        <time>0001-01-01T00:00:03.634Z</time>
      </trkpt>
      <trkpt lat="51.154650526581" lon="8.33814261066961">
        <ele>489.001</ele>
        <time>0001-01-01T00:00:04.074Z</time>
      </trkpt>
      <trkpt lat="51.1547259824871" lon="8.33787504845777">
        <ele>492.001</ele>
        <time>0001-01-01T00:00:04.484Z</time>
      </trkpt>
      <trkpt lat="51.1548315839202" lon="8.33781230541276">
        <ele>494.001</ele>
        <time>0001-01-01T00:00:04.735Z</time>
      </trkpt>
      <trkpt lat="51.1549197926571" lon="8.33779668328004">
        <ele>494.001</ele>
        <time>0001-01-01T00:00:04.933Z</time>
      </trkpt>
      <trkpt lat="51.1552018491873" lon="8.33800871305278">
        <ele>490.001</ele>
        <time>0001-01-01T00:00:05.627Z</time>
      </trkpt>
      <trkpt lat="51.1554042112043" lon="8.33815703663101">
        <ele>487.001</ele>
        <time>0001-01-01T00:00:06.123Z</time>
      </trkpt>
      <trkpt lat="51.1556566498929" lon="8.33834428511816">
        <ele>483.001</ele>
        <time>0001-01-01T00:00:06.743Z</time>
      </trkpt>
      <trkpt lat="51.1557882794487" lon="8.3383892045758">
        <ele>479.001</ele>
        <time>0001-01-01T00:00:07.043Z</time>
      </trkpt>
      <trkpt lat="51.1558922579034" lon="8.33840214815186">
        <ele>476.001</ele>
        <time>0001-01-01T00:00:07.275Z</time>
      </trkpt>
      <trkpt lat="51.1560052297923" lon="8.33835731111458">
        <ele>474.001</ele>
        <time>0001-01-01T00:00:07.534Z</time>
      </trkpt>
      <trkpt lat="51.1561831914992" lon="8.3381891129403">
        <ele>473.001</ele>
        <time>0001-01-01T00:00:07.995Z</time>
      </trkpt>
      <trkpt lat="51.1563566454116" lon="8.33802817566947">
        <ele>470.001</ele>
        <time>0001-01-01T00:00:08.442Z</time>
      </trkpt>
      <trkpt lat="51.156491515187" lon="8.33784977745078">
        <ele>467.001</ele>
        <time>0001-01-01T00:00:08.832Z</time>
      </trkpt>
      <trkpt lat="51.1565946195209" lon="8.33766105413748">
        <ele>465.001</ele>
        <time>0001-01-01T00:00:09.181Z</time>
      </trkpt>
      <trkpt lat="51.1566905376589" lon="8.33740038450243">
        <ele>465.001</ele>
        <time>0001-01-01T00:00:09.603Z</time>
      </trkpt>
      <trkpt lat="51.1568115000693" lon="8.33716814597342">
        <ele>464.001</ele>
        <time>0001-01-01T00:00:10.025Z</time>
      </trkpt>
      <trkpt lat="51.156928081124" lon="8.33695763329954">
        <ele>462.001</ele>
        <time>0001-01-01T00:00:10.417Z</time>
      </trkpt>
      <trkpt lat="51.1569725278489" lon="8.33680570073263">
        <ele>462.001</ele>
        <time>0001-01-01T00:00:10.651Z</time>
      </trkpt>
      <trkpt lat="51.1570217846587" lon="8.33670777104059">
        <ele>462.001</ele>
        <time>0001-01-01T00:00:10.826Z</time>
      </trkpt>
      <trkpt lat="51.1570918074745" lon="8.33667797572041">
        <ele>460.001</ele>
        <time>0001-01-01T00:00:10.987Z</time>
      </trkpt>
      <trkpt lat="51.1571708520156" lon="8.33670563352188">
        <ele>458.001</ele>
        <time>0001-01-01T00:00:11.167Z</time>
      </trkpt>
      <trkpt lat="51.1571877270393" lon="8.3368818978472">
        <ele>455.001</ele>
        <time>0001-01-01T00:00:11.416Z</time>
      </trkpt>
      <trkpt lat="51.157173178986" lon="8.33711612432372">
        <ele>454.001</ele>
        <time>0001-01-01T00:00:11.745Z</time>
      </trkpt>
      <trkpt lat="51.1571602521853" lon="8.33723516227541">
        <ele>453.001</ele>
        <time>0001-01-01T00:00:11.914Z</time>
      </trkpt>
      <trkpt lat="51.1570783057438" lon="8.33755328819244">
        <ele>452.001</ele>
        <time>0001-01-01T00:00:12.394Z</time>
      </trkpt>
      <trkpt lat="51.1569919080562" lon="8.33789665124756">
        <ele>452.001</ele>
        <time>0001-01-01T00:00:12.911Z</time>
      </trkpt>
      <trkpt lat="51.1569166926309" lon="8.33821460761106">
        <ele>451.001</ele>
        <time>0001-01-01T00:00:13.386Z</time>
      </trkpt>
      <trkpt lat="51.1568569641369" lon="8.33846398034941">
        <ele>453.001</ele>
        <time>0001-01-01T00:00:13.759Z</time>
      </trkpt>
      <trkpt lat="51.1568672175585" lon="8.33867632765858">
        <ele>451.001</ele>
        <time>0001-01-01T00:00:14.056Z</time>
      </trkpt>
      <trkpt lat="51.1569031903447" lon="8.33902871740076">
        <ele>447.001</ele>
        <time>0001-01-01T00:00:14.555Z</time>
      </trkpt>
      <trkpt lat="51.1569321364188" lon="8.3393452191079">
        <ele>446.001</ele>
        <time>0001-01-01T00:00:15.002Z</time>
      </trkpt>
      <trkpt lat="51.1569524603366" lon="8.33973024101291">
        <ele>444.001</ele>
        <time>0001-01-01T00:00:15.542Z</time>
      </trkpt>
      <trkpt lat="51.1568999331107" lon="8.34005513910163">
        <ele>444.001</ele>
        <time>0001-01-01T00:00:16.011Z</time>
      </trkpt>
      <trkpt lat="51.1568360582906" lon="8.34037654619028">
        <ele>442.001</ele>
        <time>0001-01-01T00:00:16.482Z</time>
      </trkpt>
      <trkpt lat="51.1568306001777" lon="8.34061071109008">
        <ele>440.001</ele>
        <time>0001-01-01T00:00:16.809Z</time>
      </trkpt>
      <trkpt lat="51.156862832122" lon="8.34070389361497">
        <ele>439.001</ele>
        <time>0001-01-01T00:00:16.958Z</time>
      </trkpt>
      <trkpt lat="51.1569242300573" lon="8.34074982184964">
        <ele>438.001</ele>
        <time>0001-01-01T00:00:17.109Z</time>
      </trkpt>
      <trkpt lat="51.1570353143614" lon="8.3407734487289">
        <ele>435.001</ele>
        <time>0001-01-01T00:00:17.359Z</time>
      </trkpt>
      <trkpt lat="51.1571413065053" lon="8.34069272674194">
        <ele>434.001</ele>
        <time>0001-01-01T00:00:17.621Z</time>
      </trkpt>
      <trkpt lat="51.1572482558286" lon="8.3405998643369">
        <ele>432.001</ele>
        <time>0001-01-01T00:00:17.892Z</time>
      </trkpt>
      <trkpt lat="51.1574032028845" lon="8.34036714676216">
        <ele>429.001</ele>
        <time>0001-01-01T00:00:18.366Z</time>
      </trkpt>
      <trkpt lat="51.1575286788583" lon="8.34012765015941">
        <ele>428.001</ele>
        <time>0001-01-01T00:00:18.802Z</time>
      </trkpt>
      <trkpt lat="51.1576472100726" lon="8.33986665766818">
        <ele>426.001</ele>
        <time>0001-01-01T00:00:19.252Z</time>
      </trkpt>
      <trkpt lat="51.1577539715574" lon="8.33951945690644">
        <ele>424.001</ele>
        <time>0001-01-01T00:00:19.792Z</time>
      </trkpt>
      <trkpt lat="51.1578426848531" lon="8.3391904540094">
        <ele>422.001</ele>
        <time>0001-01-01T00:00:20.292Z</time>
      </trkpt>
      <trkpt lat="51.1579432727452" lon="8.33895850553932">
        <ele>421.001</ele>
        <time>0001-01-01T00:00:20.686Z</time>
      </trkpt>
      <trkpt lat="51.158045951307" lon="8.33869415307985">
        <ele>420.001</ele>
        <time>0001-01-01T00:00:21.12Z</time>
      </trkpt>
      <trkpt lat="51.1581458698974" lon="8.33833615886826">
        <ele>418.001</ele>
        <time>0001-01-01T00:00:21.667Z</time>
      </trkpt>
      <trkpt lat="51.1582331006064" lon="8.33814765698941">
        <ele>417.001</ele>
        <time>0001-01-01T00:00:21.994Z</time>
      </trkpt>
      <trkpt lat="51.1583412833632" lon="8.33805246404215">
        <ele>416.001</ele>
        <time>0001-01-01T00:00:22.269Z</time>
      </trkpt>
      <trkpt lat="51.1584293123406" lon="8.33799720139911">
        <ele>414.001</ele>
        <time>0001-01-01T00:00:22.48Z</time>
      </trkpt>
      <trkpt lat="51.158461383249" lon="8.3380615600732">
        <ele>413.001</ele>
        <time>0001-01-01T00:00:22.595Z</time>
      </trkpt>
      <trkpt lat="51.1584442737084" lon="8.33824544311442">
        <ele>411.001</ele>
        <time>0001-01-01T00:00:22.855Z</time>
      </trkpt>
      <trkpt lat="51.1584048416288" lon="8.33848010231371">
        <ele>412.001</ele>
        <time>0001-01-01T00:00:23.194Z</time>
      </trkpt>
      <trkpt lat="51.158329913755" lon="8.33884132228145">
        <ele>410.001</ele>
        <time>0001-01-01T00:00:23.725Z</time>
      </trkpt>
      <trkpt lat="51.1582616366685" lon="8.33918805007417">
        <ele>410.001</ele>
        <time>0001-01-01T00:00:24.232Z</time>
      </trkpt>
      <trkpt lat="51.1583658010261" lon="8.33918656195371">
        <ele>408.001</ele>
        <time>0001-01-01T00:00:24.464Z</time>
      </trkpt>
      <trkpt lat="51.1586046214951" lon="8.33936324305004">
        <ele>405.001</ele>
        <time>0001-01-01T00:00:25.05Z</time>
      </trkpt>
      <trkpt lat="51.1586854701608" lon="8.33943410436099">
        <ele>405.001</ele>
        <time>0001-01-01T00:00:25.255Z</time>
      </trkpt>
      <trkpt lat="51.158894042733" lon="8.33947431423783">
        <ele>405.001</ele>
        <time>0001-01-01T00:00:25.723Z</time>
      </trkpt>
      <trkpt lat="51.1590599918435" lon="8.33958718519938">
        <ele>406.001</ele>
        <time>0001-01-01T00:00:26.125Z</time>
      </trkpt>
      <trkpt lat="51.1592217015407" lon="8.33974695859598">
        <ele>406.001</ele>
        <time>0001-01-01T00:00:26.549Z</time>
      </trkpt>
      <trkpt lat="51.1593196778087" lon="8.33985005740137">
        <ele>407.001</ele>
        <time>0001-01-01T00:00:26.81Z</time>
      </trkpt>
      <trkpt lat="51.1594405496383" lon="8.3399959835114">
        <ele>407.001</ele>
        <time>0001-01-01T00:00:27.148Z</time>
      </trkpt>
      <trkpt lat="51.1596140274571" lon="8.34024197018689">
        <ele>407.001</ele>
        <time>0001-01-01T00:00:27.665Z</time>
      </trkpt>
      <trkpt lat="51.1597551518866" lon="8.34008872352104">
        <ele>409.001</ele>
        <time>0001-01-01T00:00:28.045Z</time>
      </trkpt>
      <trkpt lat="51.1598695654252" lon="8.33989621357938">
        <ele>410.001</ele>
        <time>0001-01-01T00:00:28.415Z</time>
      </trkpt>
      <trkpt lat="51.1599638849934" lon="8.33975437734373">
        <ele>412.001</ele>
        <time>0001-01-01T00:00:28.704Z</time>
      </trkpt>
      <trkpt lat="51.1601390282335" lon="8.33989236784603">
        <ele>414.001</ele>
        <time>0001-01-01T00:00:29.139Z</time>
      </trkpt>
      <trkpt lat="51.1603281611869" lon="8.34009132770569">
        <ele>412.001</ele>
        <time>0001-01-01T00:00:29.643Z</time>
      </trkpt>
      <trkpt lat="51.1604929427597" lon="8.3402582262624">
        <ele>412.001</ele>
        <time>0001-01-01T00:00:30.078Z</time>
      </trkpt>
      <trkpt lat="51.1606977429235" lon="8.34042824314324">
        <ele>413.001</ele>
        <time>0001-01-01T00:00:30.592Z</time>
      </trkpt>
      <trkpt lat="51.1609251094498" lon="8.3405906704622">
        <ele>414.001</ele>
        <time>0001-01-01T00:00:31.147Z</time>
      </trkpt>
      <trkpt lat="51.161073131917" lon="8.34070380585514">
        <ele>414.001</ele>
        <time>0001-01-01T00:00:31.512Z</time>
      </trkpt>
      <trkpt lat="51.1612210164713" lon="8.34082414238568">
        <ele>414.001</ele>
        <time>0001-01-01T00:00:31.882Z</time>
      </trkpt>
      <trkpt lat="51.1613484580922" lon="8.34094118948309">
        <ele>415.001</ele>
        <time>0001-01-01T00:00:32.209Z</time>
      </trkpt>
      <trkpt lat="51.1613045169887" lon="8.34117592534589">
        <ele>411.001</ele>
        <time>0001-01-01T00:00:32.551Z</time>
      </trkpt>
      <trkpt lat="51.1612647950097" lon="8.34136014054408">
        <ele>410.001</ele>
        <time>0001-01-01T00:00:32.823Z</time>
      </trkpt>
      <trkpt lat="51.1611797079033" lon="8.34153425679861">
        <ele>409.001</ele>
        <time>0001-01-01T00:00:33.131Z</time>
      </trkpt>
      <trkpt lat="51.1610970768449" lon="8.34174071267162">
        <ele>408.001</ele>
        <time>0001-01-01T00:00:33.473Z</time>
      </trkpt>
      <trkpt lat="51.1610046639436" lon="8.34181762906095">
        <ele>408.001</ele>
        <time>0001-01-01T00:00:33.705Z</time>
      </trkpt>
      <trkpt lat="51.1611341689126" lon="8.34210347543235">
        <ele>419.2021</ele>
        <time>0001-01-01T00:00:00Z</time>
      </trkpt>
      <trkpt lat="51.1613651202443" lon="8.34252323357461">
        <ele>421.7184</ele>
        <time>0001-01-01T00:00:00Z</time>
      </trkpt>
      <trkpt lat="51.1616009609429" lon="8.34277370822272">
        <ele>420.1435</ele>
        <time>0001-01-01T00:00:00Z</time>
      </trkpt>
      <trkpt lat="51.1617939256829" lon="8.34310000681342">
        <ele>420.5328</ele>
        <time>0001-01-01T00:00:00Z</time>
      </trkpt>
      <trkpt lat="51.1615743015209" lon="8.34293390810643">
        <ele>416.001</ele>
        <time>0001-01-01T00:00:00Z</time>
      </trkpt>
      <trkpt lat="51.1613819132825" lon="8.3427812153895">
        <ele>417.001</ele>
        <time>0001-01-01T00:00:00Z</time>
      </trkpt>
      <trkpt lat="51.1612182008884" lon="8.34261347389761">
        <ele>423.1324</ele>
        <time>0001-01-01T00:00:00Z</time>
      </trkpt>
      <trkpt lat="51.1614871938342" lon="8.34321716346318">
        <ele>427.2788</ele>
        <time>0001-01-01T00:00:00Z</time>
      </trkpt>
      <trkpt lat="51.161557208739" lon="8.34335198067398">
        <ele>427.001</ele>
        <time>0001-01-01T00:00:00Z</time>
      </trkpt>
      <trkpt lat="51.1616249279358" lon="8.34353169395613">
        <ele>429.9137</ele>
        <time>0001-01-01T00:00:00Z</time>
      </trkpt>
      <trkpt lat="51.1617097979515" lon="8.34390647941454">
        <ele>437.3533</ele>
        <time>0001-01-01T00:00:00Z</time>
      </trkpt>
      <trkpt lat="51.1618966054349" lon="8.34454308248426">
        <ele>444.6195</ele>
        <time>0001-01-01T00:00:00Z</time>
      </trkpt>
      <trkpt lat="51.1617998729538" lon="8.34450998550727">
        <ele>452.767</ele>
        <time>0001-01-01T00:00:00Z</time>
      </trkpt>
      <trkpt lat="51.161626274924" lon="8.34447166612995">
        <ele>454.001</ele>
        <time>0001-01-01T00:00:00Z</time>
      </trkpt>
      <trkpt lat="51.1614267564986" lon="8.34438364419974">
        <ele>456.001</ele>
        <time>0001-01-01T00:00:00Z</time>
      </trkpt>
      <trkpt lat="51.1610854915133" lon="8.34430702956289">
        <ele>467.5758</ele>
        <time>0001-01-01T00:00:00Z</time>
      </trkpt>
      <trkpt lat="51.1609385712316" lon="8.34427851034309">
        <ele>460.001</ele>
        <time>0001-01-01T00:00:00Z</time>
      </trkpt>
      <trkpt lat="51.1607658884617" lon="8.34423592167252">
        <ele>461.001</ele>
        <time>0001-01-01T00:00:00Z</time>
      </trkpt>
      <trkpt lat="51.1605422004603" lon="8.34423554719838">
        <ele>463.001</ele>
        <time>0001-01-01T00:00:00Z</time>
      </trkpt>
      <trkpt lat="51.1605928572994" lon="8.34433106973124">
        <ele>482.6486</ele>
        <time>0001-01-01T00:00:00Z</time>
      </trkpt>
      <trkpt lat="51.1604845138985" lon="8.34435076103774">
        <ele>466.001</ele>
        <time>0001-01-01T00:00:00Z</time>
      </trkpt>
      <trkpt lat="51.1603703611008" lon="8.34435237923238">
        <ele>467.001</ele>
        <time>0001-01-01T00:00:00Z</time>
      </trkpt>
      <trkpt lat="51.1602335303656" lon="8.3443815518582">
        <ele>468.001</ele>
        <time>0001-01-01T00:00:00Z</time>
      </trkpt>
      <trkpt lat="51.1601057951924" lon="8.34450591051532">
        <ele>470.001</ele>
        <time>0001-01-01T00:00:00Z</time>
      </trkpt>
      <trkpt lat="51.1600119242969" lon="8.34456170654593">
        <ele>494.1704</ele>
        <time>0001-01-01T00:00:00Z</time>
      </trkpt>
      <trkpt lat="51.1599894243083" lon="8.3446210298474">
        <ele>470.001</ele>
        <time>0001-01-01T00:00:00Z</time>
      </trkpt>
      <trkpt lat="51.1599275811577" lon="8.34478987713383">
        <ele>473.001</ele>
        <time>0001-01-01T00:00:00Z</time>
      </trkpt>
      <trkpt lat="51.1598139617422" lon="8.34488673026547">
        <ele>474.001</ele>
        <time>0001-01-01T00:00:00Z</time>
      </trkpt>
      <trkpt lat="51.1597123934014" lon="8.34509698805807">
        <ele>477.001</ele>
        <time>0001-01-01T00:00:00Z</time>
      </trkpt>
      <trkpt lat="51.1596280236062" lon="8.34532058233132">
        <ele>480.001</ele>
        <time>0001-01-01T00:00:00Z</time>
      </trkpt>
      <trkpt lat="51.159606031153" lon="8.34547067291449">
        <ele>483.001</ele>
        <time>0001-01-01T00:00:00Z</time>
      </trkpt>
      <trkpt lat="51.1595903048549" lon="8.34572056298867">
        <ele>486.001</ele>
        <time>0001-01-01T00:00:00Z</time>
      </trkpt>
      <trkpt lat="51.1595997798585" lon="8.34588378906885">
        <ele>498.2066</ele>
        <time>0001-01-01T00:00:00Z</time>
      </trkpt>
      <trkpt lat="51.1595807419916" lon="8.34605199256991">
        <ele>491.001</ele>
        <time>0001-01-01T00:00:00Z</time>
      </trkpt>
      <trkpt lat="51.1596099651832" lon="8.3461741261002">
        <ele>494.001</ele>
        <time>0001-01-01T00:00:00Z</time>
      </trkpt>
      <trkpt lat="51.1596220143957" lon="8.34628738951296">
        <ele>496.001</ele>
        <time>0001-01-01T00:00:00Z</time>
      </trkpt>
      <trkpt lat="51.1596087598574" lon="8.34646916296765">
        <ele>497.7484</ele>
        <time>0001-01-01T00:00:00Z</time>
      </trkpt>
      <trkpt lat="51.1596686140414" lon="8.34645470093994">
        <ele>498.001</ele>
        <time>0001-01-01T00:00:00Z</time>
      </trkpt>
      <trkpt lat="51.1597055615795" lon="8.34642694622048">
        <ele>500.001</ele>
        <time>0001-01-01T00:00:00Z</time>
      </trkpt>
      <trkpt lat="51.1597338969291" lon="8.34639023559803">
        <ele>500.001</ele>
        <time>0001-01-01T00:00:00Z</time>
      </trkpt>
      <trkpt lat="51.1597450332566" lon="8.34634015164803">
        <ele>499.001</ele>
        <time>0001-01-01T00:00:00Z</time>
      </trkpt>
      <trkpt lat="51.1599313938163" lon="8.34649183706249">
        <ele>504.4699</ele>
        <time>0001-01-01T00:00:00Z</time>
      </trkpt>
      <trkpt lat="51.1599919576883" lon="8.34660441598905">
        <ele>507.3711</ele>
        <time>0001-01-01T00:00:00Z</time>
      </trkpt>
      <trkpt lat="51.1600154475153" lon="8.3467221285808">
        <ele>509.935</ele>
        <time>0001-01-01T00:00:00Z</time>
      </trkpt>
      <trkpt lat="51.1600417910458" lon="8.34683980099231">
        <ele>512.4318</ele>
        <time>0001-01-01T00:00:00Z</time>
      </trkpt>
      <trkpt lat="51.1600396465198" lon="8.34696688246294">
        <ele>515.8804</ele>
        <time>0001-01-01T00:00:00Z</time>
      </trkpt>
      <trkpt lat="51.1600234104602" lon="8.34712600540869">
        <ele>516.8667</ele>
        <time>0001-01-01T00:00:00Z</time>
      </trkpt>
      <trkpt lat="51.1599892148641" lon="8.34713549478471">
        <ele>514.5498</ele>
        <time>0001-01-01T00:00:00Z</time>
      </trkpt>
      <trkpt lat="51.1599606766467" lon="8.34713589760909">
        <ele>511.1161</ele>
        <time>0001-01-01T00:00:00Z</time>
      </trkpt>
      <trkpt lat="51.1599005692734" lon="8.34710500993188">
        <ele>506.9319</ele>
        <time>0001-01-01T00:00:00Z</time>
      </trkpt>
      <trkpt lat="51.1597572953246" lon="8.34700260493922">
        <ele>506.4354</ele>
        <time>0001-01-01T00:00:00Z</time>
      </trkpt>
      <trkpt lat="51.1596516281099" lon="8.34699051589449">
        <ele>506.0294</ele>
        <time>0001-01-01T00:00:00Z</time>
      </trkpt>
      <trkpt lat="51.1596325635196" lon="8.34715421618843">
        <ele>507.5905</ele>
        <time>0001-01-01T00:00:00Z</time>
      </trkpt>
      <trkpt lat="51.1596419352314" lon="8.34729928908038">
        <ele>510.7051</ele>
        <time>0001-01-01T00:00:00Z</time>
      </trkpt>
      <trkpt lat="51.1597419707415" lon="8.34732507463744">
        <ele>512.1017</ele>
        <time>0001-01-01T00:00:00Z</time>
      </trkpt>
      <trkpt lat="51.1598185176436" lon="8.3472332541973">
        <ele>514.9665</ele>
        <time>0001-01-01T00:00:00Z</time>
      </trkpt>
      <trkpt lat="51.1598401655422" lon="8.34753250875985">
        <ele>505.001</ele>
        <time>0001-01-01T00:00:00Z</time>
      </trkpt>
      <trkpt lat="51.1598203912987" lon="8.34756909800436">
        <ele>517.0468</ele>
        <time>0001-01-01T00:00:00Z</time>
      </trkpt>
      <trkpt lat="51.1598743051326" lon="8.34769687752425">
        <ele>513.001</ele>
        <time>0001-01-01T00:00:00Z</time>
      </trkpt>
      <trkpt lat="51.1598636996164" lon="8.34784226841756">
        <ele>516.2398</ele>
        <time>0001-01-01T00:00:00Z</time>
      </trkpt>
      <trkpt lat="51.1598732477494" lon="8.34801914668727">
        <ele>518.001</ele>
        <time>0001-01-01T00:00:00Z</time>
      </trkpt>
      <trkpt lat="51.1598806243301" lon="8.34831856758007">
        <ele>517.5699</ele>
        <time>0001-01-01T00:00:00Z</time>
      </trkpt>
      <trkpt lat="51.1598190538639" lon="8.34853733231138">
        <ele>519.1689</ele>
        <time>0001-01-01T00:00:00Z</time>
      </trkpt>
      <trkpt lat="51.1597916275918" lon="8.34873742510726">
        <ele>519.0368</ele>
        <time>0001-01-01T00:00:00Z</time>
      </trkpt>
      <trkpt lat="51.1598180446897" lon="8.3488686779534">
        <ele>515.5629</ele>
        <time>0001-01-01T00:00:00Z</time>
      </trkpt>
      <trkpt lat="51.1598218078567" lon="8.34903202130883">
        <ele>514.4553</ele>
        <time>0001-01-01T00:00:00Z</time>
      </trkpt>
      <trkpt lat="51.1598567101416" lon="8.34914950317851">
        <ele>515.8074</ele>
        <time>0001-01-01T00:00:00Z</time>
      </trkpt>
      <trkpt lat="51.1598825965574" lon="8.3491854492569">
        <ele>512.9162</ele>
        <time>0001-01-01T00:00:00Z</time>
      </trkpt>
      <trkpt lat="51.1599481336788" lon="8.34916640735126">
        <ele>511.488</ele>
        <time>0001-01-01T00:00:00Z</time>
      </trkpt>
      <trkpt lat="51.1600134433239" lon="8.34910648388034">
        <ele>515.6223</ele>
        <time>0001-01-01T00:00:00Z</time>
      </trkpt>
      <trkpt lat="51.160015640297" lon="8.3489884085474">
        <ele>518.2207</ele>
        <time>0001-01-01T00:00:00Z</time>
      </trkpt>
      <trkpt lat="51.1600262474341" lon="8.34884305288258">
        <ele>520.2752</ele>
        <time>0001-01-01T00:00:00Z</time>
      </trkpt>
      <trkpt lat="51.1600025325125" lon="8.34868452858256">
        <ele>522.3499</ele>
        <time>0001-01-01T00:00:00Z</time>
      </trkpt>
      <trkpt lat="51.1600591793492" lon="8.34860657111659">
        <ele>525.8796</ele>
        <time>0001-01-01T00:00:00Z</time>
      </trkpt>
      <trkpt lat="51.1600931472058" lon="8.3485561657791">
        <ele>520.001</ele>
        <time>0001-01-01T00:00:00Z</time>
      </trkpt>
      <trkpt lat="51.1601294630915" lon="8.34841491548821">
        <ele>518.001</ele>
        <time>0001-01-01T00:00:00Z</time>
      </trkpt>
      <trkpt lat="51.1602325800826" lon="8.34848158067567">
        <ele>518.001</ele>
        <time>0001-01-01T00:00:00Z</time>
      </trkpt>
      <trkpt lat="51.160321124409" lon="8.34849394991979">
        <ele>527.8907</ele>
        <time>0001-01-01T00:00:00Z</time>
      </trkpt>
      <trkpt lat="51.1603218826531" lon="8.34863010432381">
        <ele>528.3273</ele>
        <time>0001-01-01T00:00:00Z</time>
      </trkpt>
      <trkpt lat="51.1602337172121" lon="8.34868577643564">
        <ele>525.5073</ele>
        <time>0001-01-01T00:00:00Z</time>
      </trkpt>
      <trkpt lat="51.1602200797935" lon="8.34879943912924">
        <ele>526.1811</ele>
        <time>0001-01-01T00:00:00Z</time>
      </trkpt>
      <trkpt lat="51.1602232620535" lon="8.34885839906845">
        <ele>525.001</ele>
        <time>0001-01-01T00:00:00Z</time>
      </trkpt>
      <trkpt lat="51.160305922051" lon="8.34883911548845">
        <ele>523.001</ele>
        <time>0001-01-01T00:00:00Z</time>
      </trkpt>
      <trkpt lat="51.1603661047592" lon="8.34888362114367">
        <ele>527.0065</ele>
        <time>0001-01-01T00:00:00Z</time>
      </trkpt>
      <trkpt lat="51.1604415808295" lon="8.34898376073742">
        <ele>528.5042</ele>
        <time>0001-01-01T00:00:00Z</time>
      </trkpt>
      <trkpt lat="51.1605183677104" lon="8.34906303184215">
        <ele>528.8107</ele>
        <time>0001-01-01T00:00:00Z</time>
      </trkpt>
      <trkpt lat="51.1606255388984" lon="8.34920120002961">
        <ele>527.7114</ele>
        <time>0001-01-01T00:00:00Z</time>
      </trkpt>
      <trkpt lat="51.1607052439236" lon="8.34916376751414">
        <ele>525.2009</ele>
        <time>0001-01-01T00:00:00Z</time>
      </trkpt>
      <trkpt lat="51.1607876257846" lon="8.34909448956586">
        <ele>522.2311</ele>
        <time>0001-01-01T00:00:00Z</time>
      </trkpt>
      <trkpt lat="51.1608585169357" lon="8.34901182735318">
        <ele>527.001</ele>
        <time>0001-01-01T00:00:00Z</time>
      </trkpt>
      <trkpt lat="51.1609178914957" lon="8.34891113596593">
        <ele>525.001</ele>
        <time>0001-01-01T00:00:00Z</time>
      </trkpt>
      <trkpt lat="51.1609975202371" lon="8.34886001615518">
        <ele>523.001</ele>
        <time>0001-01-01T00:00:00Z</time>
      </trkpt>
      <trkpt lat="51.1610756345477" lon="8.34904958610353">
        <ele>521.001</ele>
        <time>0001-01-01T00:00:00Z</time>
      </trkpt>
      <trkpt lat="51.1611764524902" lon="8.34921607172064">
        <ele>523.8069</ele>
        <time>0001-01-01T00:00:00Z</time>
      </trkpt>
      <trkpt lat="51.1613182084607" lon="8.34955907150843">
        <ele>522.5165</ele>
        <time>0001-01-01T00:00:00Z</time>
      </trkpt>
      <trkpt lat="51.1614656202338" lon="8.34989284507351">
        <ele>511.6327</ele>
        <time>0001-01-01T00:00:00Z</time>
      </trkpt>
      <trkpt lat="51.16168" lon="8.350706">
        <ele>501.886</ele>
        <time>0001-01-01T00:00:00Z</time>
      </trkpt>
      <trkpt lat="51.161918149456" lon="8.35120736632213">
        <ele>498.2061</ele>
        <time>0001-01-01T00:00:00Z</time>
      </trkpt>
      <trkpt lat="51.162061509457" lon="8.35184085157776">
        <ele>496.2714</ele>
        <time>0001-01-01T00:00:00Z</time>
      </trkpt>
      <trkpt lat="51.1621978513289" lon="8.35223833906174">
        <ele>495.0811</ele>
        <time>0001-01-01T00:00:00Z</time>
      </trkpt>
      <trkpt lat="51.1622690642197" lon="8.35244695247591">
        <ele>494.4292</ele>
        <time>0001-01-01T00:00:00Z</time>
      </trkpt>
      <trkpt lat="51.1624023246171" lon="8.35280370620096">
        <ele>493.3965</ele>
        <time>0001-01-01T00:00:00Z</time>
      </trkpt>
      <trkpt lat="51.1624627319934" lon="8.35288910272697">
        <ele>492.6856</ele>
        <time>0001-01-01T00:00:00Z</time>
      </trkpt>
      <trkpt lat="51.1626206715663" lon="8.35306395164741">
        <ele>492.001</ele>
        <time>0001-01-01T00:00:00Z</time>
      </trkpt>
      <trkpt lat="51.1627409837592" lon="8.3531439365134">
        <ele>491.001</ele>
        <time>0001-01-01T00:00:00Z</time>
      </trkpt>
      <trkpt lat="51.1627844686956" lon="8.35326588337839">
        <ele>491.5688</ele>
        <time>0001-01-01T00:00:00Z</time>
      </trkpt>
      <trkpt lat="51.16314" lon="8.354432">
        <ele>494.5261</ele>
        <time>0001-01-01T00:00:00Z</time>
      </trkpt>
      <trkpt lat="51.1633882949271" lon="8.35520781380744">
        <ele>499.8917</ele>
        <time>0001-01-01T00:00:00Z</time>
      </trkpt>
      <trkpt lat="51.1635437721538" lon="8.35517117688893">
        <ele>498.9355</ele>
        <time>0001-01-01T00:00:00Z</time>
      </trkpt>
      <trkpt lat="51.1640836082729" lon="8.35516680584168">
        <ele>495.2322</ele>
        <time>0001-01-01T00:00:00Z</time>
      </trkpt>
      <trkpt lat="51.164656" lon="8.355326">
        <ele>489.8927</ele>
        <time>0001-01-01T00:00:00Z</time>
      </trkpt>
      <trkpt lat="51.165213049951" lon="8.35561165538991">
        <ele>485.5422</ele>
        <time>0001-01-01T00:00:00Z</time>
      </trkpt>
      <trkpt lat="51.165653388643" lon="8.35578411473644">
        <ele>479.2639</ele>
        <time>0001-01-01T00:00:00Z</time>
      </trkpt>
      <trkpt lat="51.1661573317825" lon="8.35605616132538">
        <ele>469.001</ele>
        <time>0001-01-01T00:00:00Z</time>
      </trkpt>
      <trkpt lat="51.1664280516722" lon="8.35619967475291">
        <ele>467.8345</ele>
        <time>0001-01-01T00:00:00Z</time>
      </trkpt>
      <trkpt lat="51.1667330170396" lon="8.35635026445762">
        <ele>455.6289</ele>
        <time>0001-01-01T00:00:00Z</time>
      </trkpt>
      <trkpt lat="51.1669286634962" lon="8.35642517341799">
        <ele>448.8005</ele>
        <time>0001-01-01T00:00:00Z</time>
      </trkpt>
      <trkpt lat="51.1671661402674" lon="8.35649212418062">
        <ele>449.001</ele>
        <time>0001-01-01T00:00:00.276Z</time>
      </trkpt>
      <trkpt lat="51.1672352110602" lon="8.35653209215968">
        <ele>448.001</ele>
        <time>0001-01-01T00:00:00.44Z</time>
      </trkpt>
      <trkpt lat="51.167282994729" lon="8.35657682239439">
        <ele>448.001</ele>
        <time>0001-01-01T00:00:00.563Z</time>
      </trkpt>
      <trkpt lat="51.1677153399099" lon="8.35647997966482">
        <ele>439.001</ele>
        <time>0001-01-01T00:00:01.535Z</time>
      </trkpt>
      <trkpt lat="51.1679254377252" lon="8.3566283868885">
        <ele>437.001</ele>
        <time>0001-01-01T00:00:02.047Z</time>
      </trkpt>
      <trkpt lat="51.1681550331198" lon="8.35685972664321">
        <ele>432.001</ele>
        <time>0001-01-01T00:00:02.652Z</time>
      </trkpt>
      <trkpt lat="51.1683986061803" lon="8.35703792383727">
        <ele>432.001</ele>
        <time>0001-01-01T00:00:03.249Z</time>
      </trkpt>
      <trkpt lat="51.1686180793304" lon="8.3571559174494">
        <ele>431.001</ele>
        <time>0001-01-01T00:00:03.765Z</time>
      </trkpt>
      <trkpt lat="51.1687190803929" lon="8.35718742576338">
        <ele>431.001</ele>
        <time>0001-01-01T00:00:03.05Z</time>
      </trkpt>
      <trkpt lat="51.168852778301" lon="8.35712321749432">
        <ele>431.001</ele>
        <time>0001-01-01T00:00:02.212Z</time>
      </trkpt>
      <trkpt lat="51.1690105489919" lon="8.3569439406062">
        <ele>432.001</ele>
        <time>0001-01-01T00:00:00.565Z</time>
      </trkpt>
      <trkpt lat="51.1691138130053" lon="8.35695630965219">
        <ele>432</ele>
        <time>0001-01-01T00:00:00Z</time>
      </trkpt>
      <trkpt lat="51.1694755139894" lon="8.35709151025083">
        <ele>433</ele>
        <time>0001-01-01T00:00:00Z</time>
      </trkpt>
      <trkpt lat="51.1696111511271" lon="8.35711855037056">
        <ele>434</ele>
        <time>0001-01-01T00:00:00Z</time>
      </trkpt>
      <trkpt lat="51.1697128787185" lon="8.35709151025083">
        <ele>434</ele>
        <time>0001-01-01T00:00:00Z</time>
      </trkpt>
      <trkpt lat="51.1698089545711" lon="8.35704644338461">
        <ele>434</ele>
        <time>0001-01-01T00:00:00Z</time>
      </trkpt>
      <trkpt lat="51.1699332877302" lon="8.35690222941273">
        <ele>435</ele>
        <time>0001-01-01T00:00:00Z</time>
      </trkpt>
      <trkpt lat="51.1701932559797" lon="8.3566228148422">
        <ele>437</ele>
        <time>0001-01-01T00:00:00Z</time>
      </trkpt>
      <trkpt lat="51.1704475713275" lon="8.3563073467787">
        <ele>442</ele>
        <time>0001-01-01T00:00:00Z</time>
      </trkpt>
      <trkpt lat="51.1705549484977" lon="8.35620819967303">
        <ele>441</ele>
        <time>0001-01-01T00:00:00Z</time>
      </trkpt>
      <trkpt lat="51.1708544729668" lon="8.35607299907439">
        <ele>442</ele>
        <time>0001-01-01T00:00:00Z</time>
      </trkpt>
      <trkpt lat="51.1710183628906" lon="8.35598286534196">
        <ele>445</ele>
        <time>0001-01-01T00:00:00Z</time>
      </trkpt>
      <trkpt lat="51.1711709495374" lon="8.35595582522224">
        <ele>446</ele>
        <time>0001-01-01T00:00:00Z</time>
      </trkpt>
      <trkpt lat="51.1713517923169" lon="8.35591977172926">
        <ele>449</ele>
        <time>0001-01-01T00:00:00Z</time>
      </trkpt>
      <trkpt lat="51.171555239596" lon="8.35594681184899">
        <ele>448</ele>
        <time>0001-01-01T00:00:00Z</time>
      </trkpt>
      <trkpt lat="51.1717473834245" lon="8.35597385196872">
        <ele>449</ele>
        <time>0001-01-01T00:00:00Z</time>
      </trkpt>
      <trkpt lat="51.1718830138801" lon="8.35600089208845">
        <ele>451</ele>
        <time>0001-01-01T00:00:00Z</time>
      </trkpt>
      <trkpt lat="51.1720186439369" lon="8.35608201244763">
        <ele>452</ele>
        <time>0001-01-01T00:00:00Z</time>
      </trkpt>
      <trkpt lat="51.1722616467909" lon="8.35625326653925">
        <ele>454</ele>
        <time>0001-01-01T00:00:00Z</time>
      </trkpt>
      <trkpt lat="51.1726911370756" lon="8.35653268110977">
        <ele>459</ele>
        <time>0001-01-01T00:00:00Z</time>
      </trkpt>
      <trkpt lat="51.1727928578728" lon="8.35660478809572">
        <ele>458</ele>
        <time>0001-01-01T00:00:00Z</time>
      </trkpt>
      <trkpt lat="51.1728719738934" lon="8.35661380146896">
        <ele>458</ele>
        <time>0001-01-01T00:00:00Z</time>
      </trkpt>
      <trkpt lat="51.1729680431644" lon="8.35656873460275">
        <ele>459</ele>
        <time>0001-01-01T00:00:00Z</time>
      </trkpt>
      <trkpt lat="51.1730641122353" lon="8.35646057412383">
        <ele>461</ele>
        <time>0001-01-01T00:00:00Z</time>
      </trkpt>
      <trkpt lat="51.1731827855171" lon="8.35628030665898">
        <ele>463</ele>
        <time>0001-01-01T00:00:00Z</time>
      </trkpt>
      <trkpt lat="51.1734822929178" lon="8.35594681184899">
        <ele>461</ele>
        <time>0001-01-01T00:00:00Z</time>
      </trkpt>
      <trkpt lat="51.1737987514539" lon="8.35563134378549">
        <ele>461</ele>
        <time>0001-01-01T00:00:00Z</time>
      </trkpt>
      <trkpt lat="51.174137811761" lon="8.35532488909524">
        <ele>463</ele>
        <time>0001-01-01T00:00:00Z</time>
      </trkpt>
      <trkpt lat="51.1746463975469" lon="8.35492830067255">
        <ele>468</ele>
        <time>0001-01-01T00:00:00Z</time>
      </trkpt>
      <trkpt lat="51.1749741498587" lon="8.35473000646121">
        <ele>467</ele>
        <time>0001-01-01T00:00:00Z</time>
      </trkpt>
      <trkpt lat="51.1751775811563" lon="8.3546218459823">
        <ele>469</ele>
        <time>0001-01-01T00:00:00Z</time>
      </trkpt>
      <trkpt lat="51.1753188523627" lon="8.35459480586257">
        <ele>471</ele>
        <time>0001-01-01T00:00:00Z</time>
      </trkpt>
      <trkpt lat="51.1755900918656" lon="8.35457677911609">
        <ele>476</ele>
        <time>0001-01-01T00:00:00Z</time>
      </trkpt>
      <trkpt lat="51.1759743450965" lon="8.35453171224987">
        <ele>476</ele>
        <time>0001-01-01T00:00:00Z</time>
      </trkpt>
      <trkpt lat="51.1767541432802" lon="8.35436045815826">
        <ele>479</ele>
        <time>0001-01-01T00:00:00Z</time>
      </trkpt>
      <trkpt lat="51.1772909532057" lon="8.35425229767935">
        <ele>480</ele>
        <time>0001-01-01T00:00:00Z</time>
      </trkpt>
      <trkpt lat="51.1774661214078" lon="8.35420723081313">
        <ele>482</ele>
        <time>0001-01-01T00:00:00Z</time>
      </trkpt>
      <trkpt lat="51.177703445007" lon="8.35407203021449">
        <ele>485</ele>
        <time>0001-01-01T00:00:00Z</time>
      </trkpt>
      <trkpt lat="51.1780085735538" lon="8.3539278162426">
        <ele>481</ele>
        <time>0001-01-01T00:00:00Z</time>
      </trkpt>
      <trkpt lat="51.1783306514957" lon="8.35379261564396">
        <ele>484</ele>
        <time>0001-01-01T00:00:00Z</time>
      </trkpt>
      <trkpt lat="51.1785905724047" lon="8.35372050865802">
        <ele>487</ele>
        <time>0001-01-01T00:00:00Z</time>
      </trkpt>
      <trkpt lat="51.1788448414411" lon="8.35368445516505">
        <ele>489</ele>
        <time>0001-01-01T00:00:00Z</time>
      </trkpt>
      <trkpt lat="51.1791556128035" lon="8.35369346853829">
        <ele>489</ele>
        <time>0001-01-01T00:00:00Z</time>
      </trkpt>
      <trkpt lat="51.1793872773652" lon="8.35367544179181">
        <ele>492</ele>
        <time>0001-01-01T00:00:00Z</time>
      </trkpt>
      <trkpt lat="51.1795527293147" lon="8.35371192569395">
        <ele>494</ele>
        <time>0001-01-01T00:00:00Z</time>
      </trkpt>
      <trkpt lat="51.1800138174946" lon="8.35390261148973">
        <ele>495</ele>
        <time>0001-01-01T00:00:00Z</time>
      </trkpt>
      <trkpt lat="51.1799526983259" lon="8.35372854008043">
        <ele>494</ele>
        <time>0001-01-01T00:00:00Z</time>
      </trkpt>
      <trkpt lat="51.1798771964285" lon="8.35357450062311">
        <ele>509.001</ele>
        <time>0001-01-01T00:00:00Z</time>
      </trkpt>
      <trkpt lat="51.1795334845939" lon="8.35331204369401">
        <ele>492</ele>
        <time>0001-01-01T00:00:00Z</time>
      </trkpt>
      <trkpt lat="51.1793020209798" lon="8.35309080139434">
        <ele>489</ele>
        <time>0001-01-01T00:00:00Z</time>
      </trkpt>
      <trkpt lat="51.1792008157362" lon="8.35292733181265">
        <ele>514</ele>
        <time>0001-01-01T00:00:00Z</time>
      </trkpt>
      <trkpt lat="51.1793397958959" lon="8.35291403666418">
        <ele>517</ele>
        <time>0001-01-01T00:00:00Z</time>
      </trkpt>
      <trkpt lat="51.1794609286547" lon="8.35294086215938">
        <ele>520</ele>
        <time>0001-01-01T00:00:00Z</time>
      </trkpt>
      <trkpt lat="51.1796359614431" lon="8.35298119398075">
        <ele>513</ele>
        <time>0001-01-01T00:00:00Z</time>
      </trkpt>
      <trkpt lat="51.1798333734689" lon="8.3530283077617">
        <ele>513</ele>
        <time>0001-01-01T00:00:00Z</time>
      </trkpt>
      <trkpt lat="51.1799637108706" lon="8.35309069255794">
        <ele>515</ele>
        <time>0001-01-01T00:00:00Z</time>
      </trkpt>
      <trkpt lat="51.1800853164229" lon="8.35320304201773">
        <ele>515</ele>
        <time>0001-01-01T00:00:00Z</time>
      </trkpt>
      <trkpt lat="51.1803195741978" lon="8.35323378650291">
        <ele>518</ele>
        <time>0001-01-01T00:00:00Z</time>
      </trkpt>
      <trkpt lat="51.1804438790176" lon="8.35325181324939">
        <ele>520</ele>
        <time>0001-01-01T00:00:00Z</time>
      </trkpt>
      <trkpt lat="51.1806133850499" lon="8.35330589348885">
        <ele>521</ele>
        <time>0001-01-01T00:00:00Z</time>
      </trkpt>
      <trkpt lat="51.1807941907973" lon="8.35335997372831">
        <ele>523</ele>
        <time>0001-01-01T00:00:00Z</time>
      </trkpt>
      <trkpt lat="51.1810145468433" lon="8.35335997372831">
        <ele>527</ele>
        <time>0001-01-01T00:00:00Z</time>
      </trkpt>
      <trkpt lat="51.1810710482238" lon="8.35336898710155">
        <ele>528</ele>
        <time>0001-01-01T00:00:00Z</time>
      </trkpt>
      <trkpt lat="51.1811388497891" lon="8.35354024119316">
        <ele>528</ele>
        <time>0001-01-01T00:00:00Z</time>
      </trkpt>
      <trkpt lat="51.1811840507772" lon="8.35375656215099">
        <ele>529</ele>
        <time>0001-01-01T00:00:00Z</time>
      </trkpt>
      <trkpt lat="51.1812349018359" lon="8.35382866913693">
        <ele>529</ele>
        <time>0001-01-01T00:00:00Z</time>
      </trkpt>
      <trkpt lat="51.1813196534756" lon="8.35381965576369">
        <ele>530</ele>
        <time>0001-01-01T00:00:00Z</time>
      </trkpt>
      <trkpt lat="51.1814948063707" lon="8.35379261564396">
        <ele>533</ele>
        <time>0001-01-01T00:00:00Z</time>
      </trkpt>
      <trkpt lat="51.1817547094401" lon="8.35374754877775">
        <ele>538</ele>
        <time>0001-01-01T00:00:00Z</time>
      </trkpt>
      <trkpt lat="51.1817095090116" lon="8.35262989049564">
        <ele>537</ele>
        <time>0001-01-01T00:00:00Z</time>
      </trkpt>
      <trkpt lat="51.1816982088975" lon="8.35219724857999">
        <ele>537</ele>
        <time>0001-01-01T00:00:00Z</time>
      </trkpt>
      <trkpt lat="51.1817095090116" lon="8.35187276714324">
        <ele>537</ele>
        <time>0001-01-01T00:00:00Z</time>
      </trkpt>
      <trkpt lat="51.1817321092314" lon="8.35160236594596">
        <ele>538</ele>
        <time>0001-01-01T00:00:00Z</time>
      </trkpt>
      <trkpt lat="51.1817603594906" lon="8.35126887113598">
        <ele>539</ele>
        <time>0001-01-01T00:00:00Z</time>
      </trkpt>
      <trkpt lat="51.1818677103176" lon="8.35065596175546">
        <ele>540</ele>
        <time>0001-01-01T00:00:00Z</time>
      </trkpt>
      <trkpt lat="51.1820146110442" lon="8.34988081165658">
        <ele>538</ele>
        <time>0001-01-01T00:00:00Z</time>
      </trkpt>
      <trkpt lat="51.1821784613024" lon="8.34900651445203">
        <ele>536</ele>
        <time>0001-01-01T00:00:00Z</time>
      </trkpt>
      <trkpt lat="51.1823592609114" lon="8.34815925736721">
        <ele>532</ele>
        <time>0001-01-01T00:00:00Z</time>
      </trkpt>
      <trkpt lat="51.1824666103437" lon="8.34768154858534">
        <ele>531</ele>
        <time>0001-01-01T00:00:00Z</time>
      </trkpt>
      <trkpt lat="51.182596559322" lon="8.34719482643023">
        <ele>528</ele>
        <time>0001-01-01T00:00:00Z</time>
      </trkpt>
      <trkpt lat="51.1827095581357" lon="8.34680725138079">
        <ele>527</ele>
        <time>0001-01-01T00:00:00Z</time>
      </trkpt>
      <trkpt lat="51.1828903556616" lon="8.34630250247919">
        <ele>527</ele>
        <time>0001-01-01T00:00:00Z</time>
      </trkpt>
      <trkpt lat="51.1830429030225" lon="8.34586084719029">
        <ele>527</ele>
        <time>0001-01-01T00:00:00Z</time>
      </trkpt>
      <trkpt lat="51.1831794987954" lon="8.34549875982233">
        <ele>525.001</ele>
        <time>0001-01-01T00:00:00.59Z</time>
      </trkpt>
      <trkpt lat="51.1833855763928" lon="8.34504584644503">
        <ele>525.001</ele>
        <time>0001-01-01T00:00:01.371Z</time>
      </trkpt>
      <trkpt lat="51.1836535552754" lon="8.34446667339843">
        <ele>525.001</ele>
        <time>0001-01-01T00:00:02.376Z</time>
      </trkpt>
      <trkpt lat="51.1837953904848" lon="8.34412904266625">
        <ele>528.001</ele>
        <time>0001-01-01T00:00:02.943Z</time>
      </trkpt>
      <trkpt lat="51.1839165183708" lon="8.34382856529153">
        <ele>529.001</ele>
        <time>0001-01-01T00:00:03.442Z</time>
      </trkpt>
      <trkpt lat="51.1837506961834" lon="8.34360230186911">
        <ele>524.001</ele>
        <time>0001-01-01T00:00:03.928Z</time>
      </trkpt>
      <trkpt lat="51.1836151405435" lon="8.34339764156808">
        <ele>520.001</ele>
        <time>0001-01-01T00:00:04.344Z</time>
      </trkpt>
      <trkpt lat="51.183414864554" lon="8.3432382135486">
        <ele>517.001</ele>
        <time>0001-01-01T00:00:04.842Z</time>
      </trkpt>
      <trkpt lat="51.183200782767" lon="8.34309005204091">
        <ele>512.001</ele>
        <time>0001-01-01T00:00:05.362Z</time>
      </trkpt>
      <trkpt lat="51.1830260120649" lon="8.34293022865582">
        <ele>509.001</ele>
        <time>0001-01-01T00:00:05.81Z</time>
      </trkpt>
      <trkpt lat="51.1828837272753" lon="8.34276629035131">
        <ele>506.001</ele>
        <time>0001-01-01T00:00:06.201Z</time>
      </trkpt>
      <trkpt lat="51.1829669884449" lon="8.342322530182">
        <ele>505.001</ele>
        <time>0001-01-01T00:00:06.847Z</time>
      </trkpt>
      <trkpt lat="51.1830692123106" lon="8.34195221981588">
        <ele>505.001</ele>
        <time>0001-01-01T00:00:07.412Z</time>
      </trkpt>
      <trkpt lat="51.183121277426" lon="8.3417265177841">
        <ele>505.001</ele>
        <time>0001-01-01T00:00:07.748Z</time>
      </trkpt>
      <trkpt lat="51.1831271338524" lon="8.34153099066616">
        <ele>504.001</ele>
        <time>0001-01-01T00:00:08.021Z</time>
      </trkpt>
      <trkpt lat="51.1831050820515" lon="8.34132106728807">
        <ele>503.001</ele>
        <time>0001-01-01T00:00:08.318Z</time>
      </trkpt>
      <trkpt lat="51.1830303224189" lon="8.34122254862643">
        <ele>502.001</ele>
        <time>0001-01-01T00:00:08.534Z</time>
      </trkpt>
      <trkpt lat="51.1829516760008" lon="8.34124949699828">
        <ele>501.001</ele>
        <time>0001-01-01T00:00:08.713Z</time>
      </trkpt>
      <trkpt lat="51.1828430314374" lon="8.34130266460007">
        <ele>499.001</ele>
        <time>0001-01-01T00:00:08.966Z</time>
      </trkpt>
      <trkpt lat="51.1827249667842" lon="8.3413301745287">
        <ele>497.001</ele>
        <time>0001-01-01T00:00:09.232Z</time>
      </trkpt>
      <trkpt lat="51.1826956124276" lon="8.34147076186773">
        <ele>498.001</ele>
        <time>0001-01-01T00:00:09.439Z</time>
      </trkpt>
      <trkpt lat="51.1826342761936" lon="8.34168925047381">
        <ele>498.001</ele>
        <time>0001-01-01T00:00:09.773Z</time>
      </trkpt>
      <trkpt lat="51.1825520418258" lon="8.34149863470165">
        <ele>495.001</ele>
        <time>0001-01-01T00:00:10.096Z</time>
      </trkpt>
      <trkpt lat="51.1824140601437" lon="8.34127560804265">
        <ele>492.001</ele>
        <time>0001-01-01T00:00:10.533Z</time>
      </trkpt>
    </trkseg>
  </trk>
</gpx>