<?xml version="1.0" encoding="utf-8"?><gpx creator="Garmin Desktop App" version="1.1" xsi:schemaLocation="http://www.topografix.com/GPX/1/1 http://www.topografix.com/GPX/1/1/gpx.xsd http://www.garmin.com/xmlschemas/WaypointExtension/v1 http://www8.garmin.com/xmlschemas/WaypointExtensionv1.xsd http://www.garmin.com/xmlschemas/TrackPointExtension/v1 http://www.garmin.com/xmlschemas/TrackPointExtensionv1.xsd http://www.garmin.com/xmlschemas/GpxExtensions/v3 http://www8.garmin.com/xmlschemas/GpxExtensionsv3.xsd http://www.garmin.com/xmlschemas/ActivityExtension/v1 http://www8.garmin.com/xmlschemas/ActivityExtensionv1.xsd http://www.garmin.com/xmlschemas/AdventuresExtensions/v1 http://www8.garmin.com/xmlschemas/AdventuresExtensionv1.xsd http://www.garmin.com/xmlschemas/PressureExtension/v1 http://www.garmin.com/xmlschemas/PressureExtensionv1.xsd http://www.garmin.com/xmlschemas/TripExtensions/v1 http://www.garmin.com/xmlschemas/TripExtensionsv1.xsd http://www.garmin.com/xmlschemas/TripMetaDataExtensions/v1 http://www.garmin.com/xmlschemas/TripMetaDataExtensionsv1.xsd http://www.garmin.com/xmlschemas/ViaPointTransportationModeExtensions/v1 http://www.garmin.com/xmlschemas/ViaPointTransportationModeExtensionsv1.xsd http://www.garmin.com/xmlschemas/CreationTimeExtension/v1 http://www.garmin.com/xmlschemas/CreationTimeExtensionsv1.xsd http://www.garmin.com/xmlschemas/AccelerationExtension/v1 http://www.garmin.com/xmlschemas/AccelerationExtensionv1.xsd http://www.garmin.com/xmlschemas/PowerExtension/v1 http://www.garmin.com/xmlschemas/PowerExtensionv1.xsd http://www.garmin.com/xmlschemas/VideoExtension/v1 http://www.garmin.com/xmlschemas/VideoExtensionv1.xsd" xmlns="http://www.topografix.com/GPX/1/1" xmlns:xsi="http://www.w3.org/2001/XMLSchema-instance" xmlns:wptx1="http://www.garmin.com/xmlschemas/WaypointExtension/v1" xmlns:gpxtrx="http://www.garmin.com/xmlschemas/GpxExtensions/v3" xmlns:gpxtpx="http://www.garmin.com/xmlschemas/TrackPointExtension/v1" xmlns:gpxx="http://www.garmin.com/xmlschemas/GpxExtensions/v3" xmlns:trp="http://www.garmin.com/xmlschemas/TripExtensions/v1" xmlns:adv="http://www.garmin.com/xmlschemas/AdventuresExtensions/v1" xmlns:prs="http://www.garmin.com/xmlschemas/PressureExtension/v1" xmlns:tmd="http://www.garmin.com/xmlschemas/TripMetaDataExtensions/v1" xmlns:vptm="http://www.garmin.com/xmlschemas/ViaPointTransportationModeExtensions/v1" xmlns:ctx="http://www.garmin.com/xmlschemas/CreationTimeExtension/v1" xmlns:gpxacc="http://www.garmin.com/xmlschemas/AccelerationExtension/v1" xmlns:gpxpx="http://www.garmin.com/xmlschemas/PowerExtension/v1" xmlns:vidx1="http://www.garmin.com/xmlschemas/VideoExtension/v1">

  <metadata>
    <link href="http://www.garmin.com">
      <text>Garmin International</text>
    </link>
    <time>2020-10-15T13:57:59Z</time>
    <bounds maxlat="49.624401172623038" maxlon="11.586067713797092" minlat="49.611919764429331" minlon="11.551037393510342" />
  </metadata>

  <trk>
    <name>2020-08-13 10:11:16</name>
    <extensions>
      <gpxx:TrackExtension>
        <gpxx:DisplayColor>Cyan</gpxx:DisplayColor>
      </gpxx:TrackExtension>
    </extensions>
    <trkseg>
      <trkpt lat="49.623557031154633" lon="11.553001273423433">
        <ele>383.24000000000001</ele>
        <time>2020-08-13T05:19:37Z</time>
        <extensions>
          <gpxtpx:TrackPointExtension>
            <gpxtpx:depth>0</gpxtpx:depth>
          </gpxtpx:TrackPointExtension>
          <gpxx:TrackPointExtension>
            <gpxx:Depth>0</gpxx:Depth>
          </gpxx:TrackPointExtension>
        </extensions>
      </trkpt>
      <trkpt lat="49.623406073078513" lon="11.552987862378359">
        <ele>380.85000000000002</ele>
        <time>2020-08-13T05:19:51Z</time>
        <extensions>
          <gpxtpx:TrackPointExtension>
            <gpxtpx:depth>0</gpxtpx:depth>
          </gpxtpx:TrackPointExtension>
          <gpxx:TrackPointExtension>
            <gpxx:Depth>0</gpxx:Depth>
          </gpxx:TrackPointExtension>
        </extensions>
      </trkpt>
      <trkpt lat="49.62338344193995" lon="11.552983922883868">
        <ele>380.73000000000002</ele>
        <time>2020-08-13T05:19:53Z</time>
        <extensions>
          <gpxtpx:TrackPointExtension>
            <gpxtpx:depth>0</gpxtpx:depth>
          </gpxtpx:TrackPointExtension>
          <gpxx:TrackPointExtension>
            <gpxx:Depth>0</gpxx:Depth>
          </gpxx:TrackPointExtension>
        </extensions>
      </trkpt>
      <trkpt lat="49.622824285179377" lon="11.552839670330286">
        <ele>378.83999999999997</ele>
        <time>2020-08-13T05:21:57Z</time>
        <extensions>
          <gpxtpx:TrackPointExtension>
            <gpxtpx:depth>0</gpxtpx:depth>
          </gpxtpx:TrackPointExtension>
          <gpxx:TrackPointExtension>
            <gpxx:Depth>0</gpxx:Depth>
          </gpxx:TrackPointExtension>
        </extensions>
      </trkpt>
      <trkpt lat="49.622814813628793" lon="11.552833467721939">
        <ele>378.88</ele>
        <time>2020-08-13T05:21:58Z</time>
        <extensions>
          <gpxtpx:TrackPointExtension>
            <gpxtpx:depth>0</gpxtpx:depth>
          </gpxtpx:TrackPointExtension>
          <gpxx:TrackPointExtension>
            <gpxx:Depth>0</gpxx:Depth>
          </gpxx:TrackPointExtension>
        </extensions>
      </trkpt>
      <trkpt lat="49.622806012630463" lon="11.552824079990387">
        <ele>378.88</ele>
        <time>2020-08-13T05:21:59Z</time>
        <extensions>
          <gpxtpx:TrackPointExtension>
            <gpxtpx:depth>0</gpxtpx:depth>
          </gpxtpx:TrackPointExtension>
          <gpxx:TrackPointExtension>
            <gpxx:Depth>0</gpxx:Depth>
          </gpxx:TrackPointExtension>
        </extensions>
      </trkpt>
      <trkpt lat="49.622797966003418" lon="11.552813015878201">
        <ele>378.86000000000001</ele>
        <time>2020-08-13T05:22:00Z</time>
        <extensions>
          <gpxtpx:TrackPointExtension>
            <gpxtpx:depth>0</gpxtpx:depth>
          </gpxtpx:TrackPointExtension>
          <gpxx:TrackPointExtension>
            <gpxx:Depth>0</gpxx:Depth>
          </gpxx:TrackPointExtension>
        </extensions>
      </trkpt>
      <trkpt lat="49.62279075756669" lon="11.552801784127951">
        <ele>378.82999999999998</ele>
        <time>2020-08-13T05:22:01Z</time>
        <extensions>
          <gpxtpx:TrackPointExtension>
            <gpxtpx:depth>0</gpxtpx:depth>
          </gpxtpx:TrackPointExtension>
          <gpxx:TrackPointExtension>
            <gpxx:Depth>0</gpxx:Depth>
          </gpxx:TrackPointExtension>
        </extensions>
      </trkpt>
      <trkpt lat="49.622783800587058" lon="11.552790133282542">
        <ele>378.76999999999998</ele>
        <time>2020-08-13T05:22:02Z</time>
        <extensions>
          <gpxtpx:TrackPointExtension>
            <gpxtpx:depth>0</gpxtpx:depth>
          </gpxtpx:TrackPointExtension>
          <gpxx:TrackPointExtension>
            <gpxx:Depth>0</gpxx:Depth>
          </gpxx:TrackPointExtension>
        </extensions>
      </trkpt>
      <trkpt lat="49.622777178883553" lon="11.552774794399738">
        <ele>378.70999999999998</ele>
        <time>2020-08-13T05:22:03Z</time>
        <extensions>
          <gpxtpx:TrackPointExtension>
            <gpxtpx:depth>0</gpxtpx:depth>
          </gpxtpx:TrackPointExtension>
          <gpxx:TrackPointExtension>
            <gpxx:Depth>0</gpxx:Depth>
          </gpxx:TrackPointExtension>
        </extensions>
      </trkpt>
      <trkpt lat="49.622771898284554" lon="11.552756940945983">
        <ele>378.68000000000001</ele>
        <time>2020-08-13T05:22:04Z</time>
        <extensions>
          <gpxtpx:TrackPointExtension>
            <gpxtpx:depth>0</gpxtpx:depth>
          </gpxtpx:TrackPointExtension>
          <gpxx:TrackPointExtension>
            <gpxx:Depth>0</gpxx:Depth>
          </gpxx:TrackPointExtension>
        </extensions>
      </trkpt>
      <trkpt lat="49.622767372056842" lon="11.552736908197403">
        <ele>378.63</ele>
        <time>2020-08-13T05:22:05Z</time>
        <extensions>
          <gpxtpx:TrackPointExtension>
            <gpxtpx:depth>0</gpxtpx:depth>
          </gpxtpx:TrackPointExtension>
          <gpxx:TrackPointExtension>
            <gpxx:Depth>0</gpxx:Depth>
          </gpxx:TrackPointExtension>
        </extensions>
      </trkpt>
      <trkpt lat="49.622764438390732" lon="11.552699021995068">
        <ele>378.60000000000002</ele>
        <time>2020-08-13T05:22:07Z</time>
        <extensions>
          <gpxtpx:TrackPointExtension>
            <gpxtpx:depth>0</gpxtpx:depth>
          </gpxtpx:TrackPointExtension>
          <gpxx:TrackPointExtension>
            <gpxx:Depth>0</gpxx:Depth>
          </gpxx:TrackPointExtension>
        </extensions>
      </trkpt>
      <trkpt lat="49.622798636555672" lon="11.55218169093132">
        <ele>376.81</ele>
        <time>2020-08-13T05:22:38Z</time>
        <extensions>
          <gpxtpx:TrackPointExtension>
            <gpxtpx:depth>0</gpxtpx:depth>
          </gpxtpx:TrackPointExtension>
          <gpxx:TrackPointExtension>
            <gpxx:Depth>0</gpxx:Depth>
          </gpxx:TrackPointExtension>
        </extensions>
      </trkpt>
      <trkpt lat="49.622796960175037" lon="11.551880026236176">
        <ele>387.13</ele>
        <time>2020-08-13T05:23:51Z</time>
        <extensions>
          <gpxtpx:TrackPointExtension>
            <gpxtpx:depth>0</gpxtpx:depth>
          </gpxtpx:TrackPointExtension>
          <gpxx:TrackPointExtension>
            <gpxx:Depth>0</gpxx:Depth>
          </gpxx:TrackPointExtension>
        </extensions>
      </trkpt>
      <trkpt lat="49.622793858870864" lon="11.551843900233507">
        <ele>387.45999999999998</ele>
        <time>2020-08-13T05:23:54Z</time>
        <extensions>
          <gpxtpx:TrackPointExtension>
            <gpxtpx:depth>0</gpxtpx:depth>
          </gpxtpx:TrackPointExtension>
          <gpxx:TrackPointExtension>
            <gpxx:Depth>0</gpxx:Depth>
          </gpxx:TrackPointExtension>
        </extensions>
      </trkpt>
      <trkpt lat="49.622747339308262" lon="11.551596382632852">
        <ele>394.38999999999999</ele>
        <time>2020-08-13T05:24:57Z</time>
        <extensions>
          <gpxtpx:TrackPointExtension>
            <gpxtpx:depth>0</gpxtpx:depth>
          </gpxtpx:TrackPointExtension>
          <gpxx:TrackPointExtension>
            <gpxx:Depth>0</gpxx:Depth>
          </gpxx:TrackPointExtension>
        </extensions>
      </trkpt>
      <trkpt lat="49.622732419520617" lon="11.551549192517996">
        <ele>394.66000000000003</ele>
        <time>2020-08-13T05:25:00Z</time>
        <extensions>
          <gpxtpx:TrackPointExtension>
            <gpxtpx:depth>0</gpxtpx:depth>
          </gpxtpx:TrackPointExtension>
          <gpxx:TrackPointExtension>
            <gpxx:Depth>0</gpxx:Depth>
          </gpxx:TrackPointExtension>
        </extensions>
      </trkpt>
      <trkpt lat="49.622603254392743" lon="11.551251299679279">
        <ele>397.30000000000001</ele>
        <time>2020-08-13T05:25:21Z</time>
        <extensions>
          <gpxtpx:TrackPointExtension>
            <gpxtpx:depth>0</gpxtpx:depth>
          </gpxtpx:TrackPointExtension>
          <gpxx:TrackPointExtension>
            <gpxx:Depth>0</gpxx:Depth>
          </gpxx:TrackPointExtension>
        </extensions>
      </trkpt>
      <trkpt lat="49.622274599969387" lon="11.551037393510342">
        <ele>408.44</ele>
        <time>2020-08-13T05:29:02Z</time>
        <extensions>
          <gpxtpx:TrackPointExtension>
            <gpxtpx:depth>0</gpxtpx:depth>
          </gpxtpx:TrackPointExtension>
          <gpxx:TrackPointExtension>
            <gpxx:Depth>0</gpxx:Depth>
          </gpxx:TrackPointExtension>
        </extensions>
      </trkpt>
      <trkpt lat="49.622176615521312" lon="11.551056168973446">
        <ele>410.50999999999999</ele>
        <time>2020-08-13T05:29:42Z</time>
        <extensions>
          <gpxtpx:TrackPointExtension>
            <gpxtpx:depth>0</gpxtpx:depth>
          </gpxtpx:TrackPointExtension>
          <gpxx:TrackPointExtension>
            <gpxx:Depth>0</gpxx:Depth>
          </gpxx:TrackPointExtension>
        </extensions>
      </trkpt>
      <trkpt lat="49.622134622186422" lon="11.551096569746733">
        <ele>410.88</ele>
        <time>2020-08-13T05:29:46Z</time>
        <extensions>
          <gpxtpx:TrackPointExtension>
            <gpxtpx:depth>0</gpxtpx:depth>
          </gpxtpx:TrackPointExtension>
          <gpxx:TrackPointExtension>
            <gpxx:Depth>0</gpxx:Depth>
          </gpxx:TrackPointExtension>
        </extensions>
      </trkpt>
      <trkpt lat="49.62201333604753" lon="11.551293544471264">
        <ele>411.98000000000002</ele>
        <time>2020-08-13T05:30:03Z</time>
        <extensions>
          <gpxtpx:TrackPointExtension>
            <gpxtpx:depth>0</gpxtpx:depth>
          </gpxtpx:TrackPointExtension>
          <gpxx:TrackPointExtension>
            <gpxx:Depth>0</gpxx:Depth>
          </gpxx:TrackPointExtension>
        </extensions>
      </trkpt>
      <trkpt lat="49.621816361322999" lon="11.551598561927676">
        <ele>412.89999999999998</ele>
        <time>2020-08-13T05:30:27Z</time>
        <extensions>
          <gpxtpx:TrackPointExtension>
            <gpxtpx:depth>0</gpxtpx:depth>
          </gpxtpx:TrackPointExtension>
          <gpxx:TrackPointExtension>
            <gpxx:Depth>0</gpxx:Depth>
          </gpxx:TrackPointExtension>
        </extensions>
      </trkpt>
      <trkpt lat="49.621808566153049" lon="11.551613816991448">
        <ele>413.02999999999997</ele>
        <time>2020-08-13T05:30:28Z</time>
        <extensions>
          <gpxtpx:TrackPointExtension>
            <gpxtpx:depth>0</gpxtpx:depth>
          </gpxtpx:TrackPointExtension>
          <gpxx:TrackPointExtension>
            <gpxx:Depth>0</gpxx:Depth>
          </gpxx:TrackPointExtension>
        </extensions>
      </trkpt>
      <trkpt lat="49.621739666908979" lon="11.551743568852544">
        <ele>413.61000000000001</ele>
        <time>2020-08-13T05:30:46Z</time>
        <extensions>
          <gpxtpx:TrackPointExtension>
            <gpxtpx:depth>0</gpxtpx:depth>
          </gpxtpx:TrackPointExtension>
          <gpxx:TrackPointExtension>
            <gpxx:Depth>0</gpxx:Depth>
          </gpxx:TrackPointExtension>
        </extensions>
      </trkpt>
      <trkpt lat="49.621414449065924" lon="11.553205708041787">
        <ele>425.61000000000001</ele>
        <time>2020-08-13T05:32:38Z</time>
        <extensions>
          <gpxtpx:TrackPointExtension>
            <gpxtpx:depth>0</gpxtpx:depth>
          </gpxtpx:TrackPointExtension>
          <gpxx:TrackPointExtension>
            <gpxx:Depth>0</gpxx:Depth>
          </gpxx:TrackPointExtension>
        </extensions>
      </trkpt>
      <trkpt lat="49.621336245909333" lon="11.553588593378663">
        <ele>428.61000000000001</ele>
        <time>2020-08-13T05:33:02Z</time>
        <extensions>
          <gpxtpx:TrackPointExtension>
            <gpxtpx:depth>0</gpxtpx:depth>
          </gpxtpx:TrackPointExtension>
          <gpxx:TrackPointExtension>
            <gpxx:Depth>0</gpxx:Depth>
          </gpxx:TrackPointExtension>
        </extensions>
      </trkpt>
      <trkpt lat="49.621223425492644" lon="11.553942561149597">
        <ele>431</ele>
        <time>2020-08-13T05:33:25Z</time>
        <extensions>
          <gpxtpx:TrackPointExtension>
            <gpxtpx:depth>0</gpxtpx:depth>
          </gpxtpx:TrackPointExtension>
          <gpxx:TrackPointExtension>
            <gpxx:Depth>0</gpxx:Depth>
          </gpxx:TrackPointExtension>
        </extensions>
      </trkpt>
      <trkpt lat="49.620935171842575" lon="11.554868258535862">
        <ele>432.38999999999999</ele>
        <time>2020-08-13T05:35:38Z</time>
        <extensions>
          <gpxtpx:TrackPointExtension>
            <gpxtpx:depth>0</gpxtpx:depth>
          </gpxtpx:TrackPointExtension>
          <gpxx:TrackPointExtension>
            <gpxx:Depth>0</gpxx:Depth>
          </gpxx:TrackPointExtension>
        </extensions>
      </trkpt>
      <trkpt lat="49.620777340605855" lon="11.555303949862719">
        <ele>432.35000000000002</ele>
        <time>2020-08-13T05:36:04Z</time>
        <extensions>
          <gpxtpx:TrackPointExtension>
            <gpxtpx:depth>0</gpxtpx:depth>
          </gpxtpx:TrackPointExtension>
          <gpxx:TrackPointExtension>
            <gpxx:Depth>0</gpxx:Depth>
          </gpxx:TrackPointExtension>
        </extensions>
      </trkpt>
      <trkpt lat="49.620660832151771" lon="11.555651715025306">
        <ele>431.64999999999998</ele>
        <time>2020-08-13T05:37:02Z</time>
        <extensions>
          <gpxtpx:TrackPointExtension>
            <gpxtpx:depth>0</gpxtpx:depth>
          </gpxtpx:TrackPointExtension>
          <gpxx:TrackPointExtension>
            <gpxx:Depth>0</gpxx:Depth>
          </gpxx:TrackPointExtension>
        </extensions>
      </trkpt>
      <trkpt lat="49.620510125532746" lon="11.556045580655336">
        <ele>428.81</ele>
        <time>2020-08-13T05:37:27Z</time>
        <extensions>
          <gpxtpx:TrackPointExtension>
            <gpxtpx:depth>0</gpxtpx:depth>
          </gpxtpx:TrackPointExtension>
          <gpxx:TrackPointExtension>
            <gpxx:Depth>0</gpxx:Depth>
          </gpxx:TrackPointExtension>
        </extensions>
      </trkpt>
      <trkpt lat="49.620380792766809" lon="11.556370547041297">
        <ele>427.76999999999998</ele>
        <time>2020-08-13T05:37:47Z</time>
        <extensions>
          <gpxtpx:TrackPointExtension>
            <gpxtpx:depth>0</gpxtpx:depth>
          </gpxtpx:TrackPointExtension>
          <gpxx:TrackPointExtension>
            <gpxx:Depth>0</gpxx:Depth>
          </gpxx:TrackPointExtension>
        </extensions>
      </trkpt>
      <trkpt lat="49.620088767260313" lon="11.556693334132433">
        <ele>425.98000000000002</ele>
        <time>2020-08-13T05:38:17Z</time>
        <extensions>
          <gpxtpx:TrackPointExtension>
            <gpxtpx:depth>0</gpxtpx:depth>
          </gpxtpx:TrackPointExtension>
          <gpxx:TrackPointExtension>
            <gpxx:Depth>0</gpxx:Depth>
          </gpxx:TrackPointExtension>
        </extensions>
      </trkpt>
      <trkpt lat="49.619915345683694" lon="11.556761059910059">
        <ele>424.93000000000001</ele>
        <time>2020-08-13T05:38:35Z</time>
        <extensions>
          <gpxtpx:TrackPointExtension>
            <gpxtpx:depth>0</gpxtpx:depth>
          </gpxtpx:TrackPointExtension>
          <gpxx:TrackPointExtension>
            <gpxx:Depth>0</gpxx:Depth>
          </gpxx:TrackPointExtension>
        </extensions>
      </trkpt>
      <trkpt lat="49.619900425896049" lon="11.556766759604216">
        <ele>424.49000000000001</ele>
        <time>2020-08-13T05:38:52Z</time>
        <extensions>
          <gpxtpx:TrackPointExtension>
            <gpxtpx:depth>0</gpxtpx:depth>
          </gpxtpx:TrackPointExtension>
          <gpxx:TrackPointExtension>
            <gpxx:Depth>0</gpxx:Depth>
          </gpxx:TrackPointExtension>
        </extensions>
      </trkpt>
      <trkpt lat="49.619889529421926" lon="11.556771202012897">
        <ele>424.47000000000003</ele>
        <time>2020-08-13T05:38:53Z</time>
        <extensions>
          <gpxtpx:TrackPointExtension>
            <gpxtpx:depth>0</gpxtpx:depth>
          </gpxtpx:TrackPointExtension>
          <gpxx:TrackPointExtension>
            <gpxx:Depth>0</gpxx:Depth>
          </gpxx:TrackPointExtension>
        </extensions>
      </trkpt>
      <trkpt lat="49.619877375662327" lon="11.556774387136102">
        <ele>424.45999999999998</ele>
        <time>2020-08-13T05:38:54Z</time>
        <extensions>
          <gpxtpx:TrackPointExtension>
            <gpxtpx:depth>0</gpxtpx:depth>
          </gpxtpx:TrackPointExtension>
          <gpxx:TrackPointExtension>
            <gpxx:Depth>0</gpxx:Depth>
          </gpxx:TrackPointExtension>
        </extensions>
      </trkpt>
      <trkpt lat="49.619634635746479" lon="11.55679190531373">
        <ele>420.31999999999999</ele>
        <time>2020-08-13T05:39:14Z</time>
        <extensions>
          <gpxtpx:TrackPointExtension>
            <gpxtpx:depth>0</gpxtpx:depth>
          </gpxtpx:TrackPointExtension>
          <gpxx:TrackPointExtension>
            <gpxx:Depth>0</gpxx:Depth>
          </gpxx:TrackPointExtension>
        </extensions>
      </trkpt>
      <trkpt lat="49.619384938850999" lon="11.556890057399869">
        <ele>413.75999999999999</ele>
        <time>2020-08-13T05:39:35Z</time>
        <extensions>
          <gpxtpx:TrackPointExtension>
            <gpxtpx:depth>0</gpxtpx:depth>
          </gpxtpx:TrackPointExtension>
          <gpxx:TrackPointExtension>
            <gpxx:Depth>0</gpxx:Depth>
          </gpxx:TrackPointExtension>
        </extensions>
      </trkpt>
      <trkpt lat="49.619274633005261" lon="11.556976055726409">
        <ele>410.44999999999999</ele>
        <time>2020-08-13T05:39:46Z</time>
        <extensions>
          <gpxtpx:TrackPointExtension>
            <gpxtpx:depth>0</gpxtpx:depth>
          </gpxtpx:TrackPointExtension>
          <gpxx:TrackPointExtension>
            <gpxx:Depth>0</gpxx:Depth>
          </gpxx:TrackPointExtension>
        </extensions>
      </trkpt>
      <trkpt lat="49.619263485074043" lon="11.556989550590515">
        <ele>410.37</ele>
        <time>2020-08-13T05:39:47Z</time>
        <extensions>
          <gpxtpx:TrackPointExtension>
            <gpxtpx:depth>0</gpxtpx:depth>
          </gpxtpx:TrackPointExtension>
          <gpxx:TrackPointExtension>
            <gpxx:Depth>0</gpxx:Depth>
          </gpxx:TrackPointExtension>
        </extensions>
      </trkpt>
      <trkpt lat="49.619034575298429" lon="11.557143190875649">
        <ele>409.66000000000003</ele>
        <time>2020-08-13T05:40:05Z</time>
        <extensions>
          <gpxtpx:TrackPointExtension>
            <gpxtpx:depth>0</gpxtpx:depth>
          </gpxtpx:TrackPointExtension>
          <gpxx:TrackPointExtension>
            <gpxx:Depth>0</gpxx:Depth>
          </gpxx:TrackPointExtension>
        </extensions>
      </trkpt>
      <trkpt lat="49.618880432099104" lon="11.557328347116709">
        <ele>409.89999999999998</ele>
        <time>2020-08-13T05:40:20Z</time>
        <extensions>
          <gpxtpx:TrackPointExtension>
            <gpxtpx:depth>0</gpxtpx:depth>
          </gpxtpx:TrackPointExtension>
          <gpxx:TrackPointExtension>
            <gpxx:Depth>0</gpxx:Depth>
          </gpxx:TrackPointExtension>
        </extensions>
      </trkpt>
      <trkpt lat="49.618702316656709" lon="11.557537810876966">
        <ele>410.63</ele>
        <time>2020-08-13T05:40:38Z</time>
        <extensions>
          <gpxtpx:TrackPointExtension>
            <gpxtpx:depth>0</gpxtpx:depth>
          </gpxtpx:TrackPointExtension>
          <gpxx:TrackPointExtension>
            <gpxx:Depth>0</gpxx:Depth>
          </gpxx:TrackPointExtension>
        </extensions>
      </trkpt>
      <trkpt lat="49.618587400764227" lon="11.55765775591135">
        <ele>412.64999999999998</ele>
        <time>2020-08-13T05:40:51Z</time>
        <extensions>
          <gpxtpx:TrackPointExtension>
            <gpxtpx:depth>0</gpxtpx:depth>
          </gpxtpx:TrackPointExtension>
          <gpxx:TrackPointExtension>
            <gpxx:Depth>0</gpxx:Depth>
          </gpxx:TrackPointExtension>
        </extensions>
      </trkpt>
      <trkpt lat="49.618576755747199" lon="11.557671250775456">
        <ele>412.63</ele>
        <time>2020-08-13T05:40:52Z</time>
        <extensions>
          <gpxtpx:TrackPointExtension>
            <gpxtpx:depth>0</gpxtpx:depth>
          </gpxtpx:TrackPointExtension>
          <gpxx:TrackPointExtension>
            <gpxx:Depth>0</gpxx:Depth>
          </gpxx:TrackPointExtension>
        </extensions>
      </trkpt>
      <trkpt lat="49.618564015254378" lon="11.557686002925038">
        <ele>412.57999999999998</ele>
        <time>2020-08-13T05:40:53Z</time>
        <extensions>
          <gpxtpx:TrackPointExtension>
            <gpxtpx:depth>0</gpxtpx:depth>
          </gpxtpx:TrackPointExtension>
          <gpxx:TrackPointExtension>
            <gpxx:Depth>0</gpxx:Depth>
          </gpxx:TrackPointExtension>
        </extensions>
      </trkpt>
      <trkpt lat="49.618345918133855" lon="11.557878870517015">
        <ele>414.38999999999999</ele>
        <time>2020-08-13T05:41:11Z</time>
        <extensions>
          <gpxtpx:TrackPointExtension>
            <gpxtpx:depth>0</gpxtpx:depth>
          </gpxtpx:TrackPointExtension>
          <gpxx:TrackPointExtension>
            <gpxx:Depth>0</gpxx:Depth>
          </gpxx:TrackPointExtension>
        </extensions>
      </trkpt>
      <trkpt lat="49.617946604266763" lon="11.558139799162745">
        <ele>423.05000000000001</ele>
        <time>2020-08-13T05:42:21Z</time>
        <extensions>
          <gpxtpx:TrackPointExtension>
            <gpxtpx:depth>0</gpxtpx:depth>
          </gpxtpx:TrackPointExtension>
          <gpxx:TrackPointExtension>
            <gpxx:Depth>0</gpxx:Depth>
          </gpxx:TrackPointExtension>
        </extensions>
      </trkpt>
      <trkpt lat="49.617741582915187" lon="11.558391507714987">
        <ele>421.95999999999998</ele>
        <time>2020-08-13T05:42:43Z</time>
        <extensions>
          <gpxtpx:TrackPointExtension>
            <gpxtpx:depth>0</gpxtpx:depth>
          </gpxtpx:TrackPointExtension>
          <gpxx:TrackPointExtension>
            <gpxx:Depth>0</gpxx:Depth>
          </gpxx:TrackPointExtension>
        </extensions>
      </trkpt>
      <trkpt lat="49.617573525756598" lon="11.55862620100379">
        <ele>421.81</ele>
        <time>2020-08-13T05:43:01Z</time>
        <extensions>
          <gpxtpx:TrackPointExtension>
            <gpxtpx:depth>0</gpxtpx:depth>
          </gpxtpx:TrackPointExtension>
          <gpxx:TrackPointExtension>
            <gpxx:Depth>0</gpxx:Depth>
          </gpxx:TrackPointExtension>
        </extensions>
      </trkpt>
      <trkpt lat="49.617486856877804" lon="11.558722844347358">
        <ele>422.72000000000003</ele>
        <time>2020-08-13T05:43:44Z</time>
        <extensions>
          <gpxtpx:TrackPointExtension>
            <gpxtpx:depth>0</gpxtpx:depth>
          </gpxtpx:TrackPointExtension>
          <gpxx:TrackPointExtension>
            <gpxx:Depth>0</gpxx:Depth>
          </gpxx:TrackPointExtension>
        </extensions>
      </trkpt>
      <trkpt lat="49.617428770288825" lon="11.558704655617476">
        <ele>422.81999999999999</ele>
        <time>2020-08-13T05:43:49Z</time>
        <extensions>
          <gpxtpx:TrackPointExtension>
            <gpxtpx:depth>0</gpxtpx:depth>
          </gpxtpx:TrackPointExtension>
          <gpxx:TrackPointExtension>
            <gpxx:Depth>0</gpxx:Depth>
          </gpxx:TrackPointExtension>
        </extensions>
      </trkpt>
      <trkpt lat="49.617191310971975" lon="11.55862863175571">
        <ele>423.06999999999999</ele>
        <time>2020-08-13T05:44:08Z</time>
        <extensions>
          <gpxtpx:TrackPointExtension>
            <gpxtpx:depth>0</gpxtpx:depth>
          </gpxtpx:TrackPointExtension>
          <gpxx:TrackPointExtension>
            <gpxx:Depth>0</gpxx:Depth>
          </gpxx:TrackPointExtension>
        </extensions>
      </trkpt>
      <trkpt lat="49.616952510550618" lon="11.558470465242863">
        <ele>422.27999999999997</ele>
        <time>2020-08-13T05:44:29Z</time>
        <extensions>
          <gpxtpx:TrackPointExtension>
            <gpxtpx:depth>0</gpxtpx:depth>
          </gpxtpx:TrackPointExtension>
          <gpxx:TrackPointExtension>
            <gpxx:Depth>0</gpxx:Depth>
          </gpxx:TrackPointExtension>
        </extensions>
      </trkpt>
      <trkpt lat="49.616687055677176" lon="11.558286650106311">
        <ele>423.04000000000002</ele>
        <time>2020-08-13T05:45:21Z</time>
        <extensions>
          <gpxtpx:TrackPointExtension>
            <gpxtpx:depth>0</gpxtpx:depth>
          </gpxtpx:TrackPointExtension>
          <gpxx:TrackPointExtension>
            <gpxx:Depth>0</gpxx:Depth>
          </gpxx:TrackPointExtension>
        </extensions>
      </trkpt>
      <trkpt lat="49.616328561678529" lon="11.558158826082945">
        <ele>426.32999999999998</ele>
        <time>2020-08-13T05:45:50Z</time>
        <extensions>
          <gpxtpx:TrackPointExtension>
            <gpxtpx:depth>0</gpxtpx:depth>
          </gpxtpx:TrackPointExtension>
          <gpxx:TrackPointExtension>
            <gpxx:Depth>0</gpxx:Depth>
          </gpxx:TrackPointExtension>
        </extensions>
      </trkpt>
      <trkpt lat="49.61611608043313" lon="11.558121861889958">
        <ele>428.49000000000001</ele>
        <time>2020-08-13T05:46:08Z</time>
        <extensions>
          <gpxtpx:TrackPointExtension>
            <gpxtpx:depth>0</gpxtpx:depth>
          </gpxtpx:TrackPointExtension>
          <gpxx:TrackPointExtension>
            <gpxx:Depth>0</gpxx:Depth>
          </gpxx:TrackPointExtension>
        </extensions>
      </trkpt>
      <trkpt lat="49.616103926673532" lon="11.55812244862318">
        <ele>428.69</ele>
        <time>2020-08-13T05:46:09Z</time>
        <extensions>
          <gpxtpx:TrackPointExtension>
            <gpxtpx:depth>0</gpxtpx:depth>
          </gpxtpx:TrackPointExtension>
          <gpxx:TrackPointExtension>
            <gpxx:Depth>0</gpxx:Depth>
          </gpxx:TrackPointExtension>
        </extensions>
      </trkpt>
      <trkpt lat="49.61583805270493" lon="11.558189420029521">
        <ele>433.81999999999999</ele>
        <time>2020-08-13T05:46:31Z</time>
        <extensions>
          <gpxtpx:TrackPointExtension>
            <gpxtpx:depth>0</gpxtpx:depth>
          </gpxtpx:TrackPointExtension>
          <gpxx:TrackPointExtension>
            <gpxx:Depth>0</gpxx:Depth>
          </gpxx:TrackPointExtension>
        </extensions>
      </trkpt>
      <trkpt lat="49.615698242560029" lon="11.558242728933692">
        <ele>439.01999999999998</ele>
        <time>2020-08-13T05:46:44Z</time>
        <extensions>
          <gpxtpx:TrackPointExtension>
            <gpxtpx:depth>0</gpxtpx:depth>
          </gpxtpx:TrackPointExtension>
          <gpxx:TrackPointExtension>
            <gpxx:Depth>0</gpxx:Depth>
          </gpxx:TrackPointExtension>
        </extensions>
      </trkpt>
      <trkpt lat="49.615689273923635" lon="11.558250356465578">
        <ele>439.38</ele>
        <time>2020-08-13T05:46:45Z</time>
        <extensions>
          <gpxtpx:TrackPointExtension>
            <gpxtpx:depth>0</gpxtpx:depth>
          </gpxtpx:TrackPointExtension>
          <gpxx:TrackPointExtension>
            <gpxx:Depth>0</gpxx:Depth>
          </gpxx:TrackPointExtension>
        </extensions>
      </trkpt>
      <trkpt lat="49.615532364696264" lon="11.558380024507642">
        <ele>439.55000000000001</ele>
        <time>2020-08-13T05:47:00Z</time>
        <extensions>
          <gpxtpx:TrackPointExtension>
            <gpxtpx:depth>0</gpxtpx:depth>
          </gpxtpx:TrackPointExtension>
          <gpxx:TrackPointExtension>
            <gpxx:Depth>0</gpxx:Depth>
          </gpxx:TrackPointExtension>
        </extensions>
      </trkpt>
      <trkpt lat="49.615194406360388" lon="11.558668194338679">
        <ele>439.01999999999998</ele>
        <time>2020-08-13T05:47:30Z</time>
        <extensions>
          <gpxtpx:TrackPointExtension>
            <gpxtpx:depth>0</gpxtpx:depth>
          </gpxtpx:TrackPointExtension>
          <gpxx:TrackPointExtension>
            <gpxx:Depth>0</gpxx:Depth>
          </gpxx:TrackPointExtension>
        </extensions>
      </trkpt>
      <trkpt lat="49.615139085799456" lon="11.558711109682918">
        <ele>438.85000000000002</ele>
        <time>2020-08-13T05:47:52Z</time>
        <extensions>
          <gpxtpx:TrackPointExtension>
            <gpxtpx:depth>0</gpxtpx:depth>
          </gpxtpx:TrackPointExtension>
          <gpxx:TrackPointExtension>
            <gpxx:Depth>0</gpxx:Depth>
          </gpxx:TrackPointExtension>
        </extensions>
      </trkpt>
      <trkpt lat="49.6150469686836" lon="11.558805741369724">
        <ele>438.63999999999999</ele>
        <time>2020-08-13T05:48:05Z</time>
        <extensions>
          <gpxtpx:TrackPointExtension>
            <gpxtpx:depth>0</gpxtpx:depth>
          </gpxtpx:TrackPointExtension>
          <gpxx:TrackPointExtension>
            <gpxx:Depth>0</gpxx:Depth>
          </gpxx:TrackPointExtension>
        </extensions>
      </trkpt>
      <trkpt lat="49.615036658942699" lon="11.558813871815801">
        <ele>438.61000000000001</ele>
        <time>2020-08-13T05:48:06Z</time>
        <extensions>
          <gpxtpx:TrackPointExtension>
            <gpxtpx:depth>0</gpxtpx:depth>
          </gpxtpx:TrackPointExtension>
          <gpxx:TrackPointExtension>
            <gpxx:Depth>0</gpxx:Depth>
          </gpxx:TrackPointExtension>
        </extensions>
      </trkpt>
      <trkpt lat="49.615025846287608" lon="11.558821331709623">
        <ele>438.5</ele>
        <time>2020-08-13T05:48:07Z</time>
        <extensions>
          <gpxtpx:TrackPointExtension>
            <gpxtpx:depth>0</gpxtpx:depth>
          </gpxtpx:TrackPointExtension>
          <gpxx:TrackPointExtension>
            <gpxx:Depth>0</gpxx:Depth>
          </gpxx:TrackPointExtension>
        </extensions>
      </trkpt>
      <trkpt lat="49.61501469835639" lon="11.558828623965383">
        <ele>438.39999999999998</ele>
        <time>2020-08-13T05:48:08Z</time>
        <extensions>
          <gpxtpx:TrackPointExtension>
            <gpxtpx:depth>0</gpxtpx:depth>
          </gpxtpx:TrackPointExtension>
          <gpxx:TrackPointExtension>
            <gpxx:Depth>0</gpxx:Depth>
          </gpxx:TrackPointExtension>
        </extensions>
      </trkpt>
      <trkpt lat="49.615003634244204" lon="11.558834072202444">
        <ele>438.29000000000002</ele>
        <time>2020-08-13T05:48:09Z</time>
        <extensions>
          <gpxtpx:TrackPointExtension>
            <gpxtpx:depth>0</gpxtpx:depth>
          </gpxtpx:TrackPointExtension>
          <gpxx:TrackPointExtension>
            <gpxx:Depth>0</gpxx:Depth>
          </gpxx:TrackPointExtension>
        </extensions>
      </trkpt>
      <trkpt lat="49.614992151036859" lon="11.558838430792093">
        <ele>438.19999999999999</ele>
        <time>2020-08-13T05:48:10Z</time>
        <extensions>
          <gpxtpx:TrackPointExtension>
            <gpxtpx:depth>0</gpxtpx:depth>
          </gpxtpx:TrackPointExtension>
          <gpxx:TrackPointExtension>
            <gpxx:Depth>0</gpxx:Depth>
          </gpxx:TrackPointExtension>
        </extensions>
      </trkpt>
      <trkpt lat="49.614823590964079" lon="11.558918142691255">
        <ele>436.19999999999999</ele>
        <time>2020-08-13T05:48:34Z</time>
        <extensions>
          <gpxtpx:TrackPointExtension>
            <gpxtpx:depth>0</gpxtpx:depth>
          </gpxtpx:TrackPointExtension>
          <gpxx:TrackPointExtension>
            <gpxx:Depth>0</gpxx:Depth>
          </gpxx:TrackPointExtension>
        </extensions>
      </trkpt>
      <trkpt lat="49.614627789705992" lon="11.559035908430815">
        <ele>429.11000000000001</ele>
        <time>2020-08-13T05:50:05Z</time>
        <extensions>
          <gpxtpx:TrackPointExtension>
            <gpxtpx:depth>0</gpxtpx:depth>
          </gpxtpx:TrackPointExtension>
          <gpxx:TrackPointExtension>
            <gpxx:Depth>0</gpxx:Depth>
          </gpxx:TrackPointExtension>
        </extensions>
      </trkpt>
      <trkpt lat="49.614556627348065" lon="11.559115368872881">
        <ele>427.92000000000002</ele>
        <time>2020-08-13T05:50:18Z</time>
        <extensions>
          <gpxtpx:TrackPointExtension>
            <gpxtpx:depth>0</gpxtpx:depth>
          </gpxtpx:TrackPointExtension>
          <gpxx:TrackPointExtension>
            <gpxx:Depth>0</gpxx:Depth>
          </gpxx:TrackPointExtension>
        </extensions>
      </trkpt>
      <trkpt lat="49.614476580172777" lon="11.559260794892907">
        <ele>428.25</ele>
        <time>2020-08-13T05:50:43Z</time>
        <extensions>
          <gpxtpx:TrackPointExtension>
            <gpxtpx:depth>0</gpxtpx:depth>
          </gpxtpx:TrackPointExtension>
          <gpxx:TrackPointExtension>
            <gpxx:Depth>0</gpxx:Depth>
          </gpxx:TrackPointExtension>
        </extensions>
      </trkpt>
      <trkpt lat="49.614295950159431" lon="11.559725571423769">
        <ele>425.75</ele>
        <time>2020-08-13T05:51:16Z</time>
        <extensions>
          <gpxtpx:TrackPointExtension>
            <gpxtpx:depth>0</gpxtpx:depth>
          </gpxtpx:TrackPointExtension>
          <gpxx:TrackPointExtension>
            <gpxx:Depth>0</gpxx:Depth>
          </gpxx:TrackPointExtension>
        </extensions>
      </trkpt>
      <trkpt lat="49.614222273230553" lon="11.560054561123252">
        <ele>422.19999999999999</ele>
        <time>2020-08-13T05:51:35Z</time>
        <extensions>
          <gpxtpx:TrackPointExtension>
            <gpxtpx:depth>0</gpxtpx:depth>
          </gpxtpx:TrackPointExtension>
          <gpxx:TrackPointExtension>
            <gpxx:Depth>0</gpxx:Depth>
          </gpxx:TrackPointExtension>
        </extensions>
      </trkpt>
      <trkpt lat="49.614220010116696" lon="11.560372738167644">
        <ele>419.98000000000002</ele>
        <time>2020-08-13T05:51:54Z</time>
        <extensions>
          <gpxtpx:TrackPointExtension>
            <gpxtpx:depth>0</gpxtpx:depth>
          </gpxtpx:TrackPointExtension>
          <gpxx:TrackPointExtension>
            <gpxx:Depth>0</gpxx:Depth>
          </gpxx:TrackPointExtension>
        </extensions>
      </trkpt>
      <trkpt lat="49.614232834428549" lon="11.560889901593328">
        <ele>422.27999999999997</ele>
        <time>2020-08-13T05:52:36Z</time>
        <extensions>
          <gpxtpx:TrackPointExtension>
            <gpxtpx:depth>0</gpxtpx:depth>
          </gpxtpx:TrackPointExtension>
          <gpxx:TrackPointExtension>
            <gpxx:Depth>0</gpxx:Depth>
          </gpxx:TrackPointExtension>
        </extensions>
      </trkpt>
      <trkpt lat="49.614254962652922" lon="11.561079835519195">
        <ele>424.25</ele>
        <time>2020-08-13T05:52:48Z</time>
        <extensions>
          <gpxtpx:TrackPointExtension>
            <gpxtpx:depth>0</gpxtpx:depth>
          </gpxtpx:TrackPointExtension>
          <gpxx:TrackPointExtension>
            <gpxx:Depth>0</gpxx:Depth>
          </gpxx:TrackPointExtension>
        </extensions>
      </trkpt>
      <trkpt lat="49.614266781136394" lon="11.56129315495491">
        <ele>427.85000000000002</ele>
        <time>2020-08-13T05:53:00Z</time>
        <extensions>
          <gpxtpx:TrackPointExtension>
            <gpxtpx:depth>0</gpxtpx:depth>
          </gpxtpx:TrackPointExtension>
          <gpxx:TrackPointExtension>
            <gpxx:Depth>0</gpxx:Depth>
          </gpxx:TrackPointExtension>
        </extensions>
      </trkpt>
      <trkpt lat="49.6142353489995" lon="11.561741251498461">
        <ele>434.01999999999998</ele>
        <time>2020-08-13T05:53:18Z</time>
        <extensions>
          <gpxtpx:TrackPointExtension>
            <gpxtpx:depth>0</gpxtpx:depth>
          </gpxtpx:TrackPointExtension>
          <gpxx:TrackPointExtension>
            <gpxx:Depth>0</gpxx:Depth>
          </gpxx:TrackPointExtension>
        </extensions>
      </trkpt>
      <trkpt lat="49.614195786416531" lon="11.562144001945853">
        <ele>440.81</ele>
        <time>2020-08-13T05:53:33Z</time>
        <extensions>
          <gpxtpx:TrackPointExtension>
            <gpxtpx:depth>0</gpxtpx:depth>
          </gpxtpx:TrackPointExtension>
          <gpxx:TrackPointExtension>
            <gpxx:Depth>0</gpxx:Depth>
          </gpxx:TrackPointExtension>
        </extensions>
      </trkpt>
      <trkpt lat="49.614177262410522" lon="11.562386071309447">
        <ele>444.12</ele>
        <time>2020-08-13T05:53:47Z</time>
        <extensions>
          <gpxtpx:TrackPointExtension>
            <gpxtpx:depth>0</gpxtpx:depth>
          </gpxtpx:TrackPointExtension>
          <gpxx:TrackPointExtension>
            <gpxx:Depth>0</gpxx:Depth>
          </gpxx:TrackPointExtension>
        </extensions>
      </trkpt>
      <trkpt lat="49.614038122817874" lon="11.563185537233949">
        <ele>428.50999999999999</ele>
        <time>2020-08-13T05:55:11Z</time>
        <extensions>
          <gpxtpx:TrackPointExtension>
            <gpxtpx:depth>0</gpxtpx:depth>
          </gpxtpx:TrackPointExtension>
          <gpxx:TrackPointExtension>
            <gpxx:Depth>0</gpxx:Depth>
          </gpxx:TrackPointExtension>
        </extensions>
      </trkpt>
      <trkpt lat="49.613929996266961" lon="11.563474209979177">
        <ele>418.06</ele>
        <time>2020-08-13T05:56:31Z</time>
        <extensions>
          <gpxtpx:TrackPointExtension>
            <gpxtpx:depth>0</gpxtpx:depth>
          </gpxtpx:TrackPointExtension>
          <gpxx:TrackPointExtension>
            <gpxx:Depth>0</gpxx:Depth>
          </gpxx:TrackPointExtension>
        </extensions>
      </trkpt>
      <trkpt lat="49.613924212753773" lon="11.56381594017148">
        <ele>419.08999999999997</ele>
        <time>2020-08-13T05:56:49Z</time>
        <extensions>
          <gpxtpx:TrackPointExtension>
            <gpxtpx:depth>0</gpxtpx:depth>
          </gpxtpx:TrackPointExtension>
          <gpxx:TrackPointExtension>
            <gpxx:Depth>0</gpxx:Depth>
          </gpxx:TrackPointExtension>
        </extensions>
      </trkpt>
      <trkpt lat="49.613982383161783" lon="11.564129255712032">
        <ele>423.06</ele>
        <time>2020-08-13T05:57:06Z</time>
        <extensions>
          <gpxtpx:TrackPointExtension>
            <gpxtpx:depth>0</gpxtpx:depth>
          </gpxtpx:TrackPointExtension>
          <gpxx:TrackPointExtension>
            <gpxx:Depth>0</gpxx:Depth>
          </gpxx:TrackPointExtension>
        </extensions>
      </trkpt>
      <trkpt lat="49.614037619903684" lon="11.56436956487596">
        <ele>428.79000000000002</ele>
        <time>2020-08-13T05:57:51Z</time>
        <extensions>
          <gpxtpx:TrackPointExtension>
            <gpxtpx:depth>0</gpxtpx:depth>
          </gpxtpx:TrackPointExtension>
          <gpxx:TrackPointExtension>
            <gpxx:Depth>0</gpxx:Depth>
          </gpxx:TrackPointExtension>
        </extensions>
      </trkpt>
      <trkpt lat="49.614067710936069" lon="11.564771644771099">
        <ele>437.30000000000001</ele>
        <time>2020-08-13T05:58:12Z</time>
        <extensions>
          <gpxtpx:TrackPointExtension>
            <gpxtpx:depth>0</gpxtpx:depth>
          </gpxtpx:TrackPointExtension>
          <gpxx:TrackPointExtension>
            <gpxx:Depth>0</gpxx:Depth>
          </gpxx:TrackPointExtension>
        </extensions>
      </trkpt>
      <trkpt lat="49.614082965999842" lon="11.56510298140347">
        <ele>451.08999999999997</ele>
        <time>2020-08-13T05:58:31Z</time>
        <extensions>
          <gpxtpx:TrackPointExtension>
            <gpxtpx:depth>0</gpxtpx:depth>
          </gpxtpx:TrackPointExtension>
          <gpxx:TrackPointExtension>
            <gpxx:Depth>0</gpxx:Depth>
          </gpxx:TrackPointExtension>
        </extensions>
      </trkpt>
      <trkpt lat="49.614113559946418" lon="11.565716788172722">
        <ele>455.51999999999998</ele>
        <time>2020-08-13T05:59:12Z</time>
        <extensions>
          <gpxtpx:TrackPointExtension>
            <gpxtpx:depth>0</gpxtpx:depth>
          </gpxtpx:TrackPointExtension>
          <gpxx:TrackPointExtension>
            <gpxx:Depth>0</gpxx:Depth>
          </gpxx:TrackPointExtension>
        </extensions>
      </trkpt>
      <trkpt lat="49.614164773374796" lon="11.566412318497896">
        <ele>453.68000000000001</ele>
        <time>2020-08-13T05:59:54Z</time>
        <extensions>
          <gpxtpx:TrackPointExtension>
            <gpxtpx:depth>0</gpxtpx:depth>
          </gpxtpx:TrackPointExtension>
          <gpxx:TrackPointExtension>
            <gpxx:Depth>0</gpxx:Depth>
          </gpxx:TrackPointExtension>
        </extensions>
      </trkpt>
      <trkpt lat="49.614090006798506" lon="11.566851865500212">
        <ele>459.75</ele>
        <time>2020-08-13T06:00:17Z</time>
        <extensions>
          <gpxtpx:TrackPointExtension>
            <gpxtpx:depth>0</gpxtpx:depth>
          </gpxtpx:TrackPointExtension>
          <gpxx:TrackPointExtension>
            <gpxx:Depth>0</gpxx:Depth>
          </gpxx:TrackPointExtension>
        </extensions>
      </trkpt>
      <trkpt lat="49.614059161394835" lon="11.567086558789015">
        <ele>463.35000000000002</ele>
        <time>2020-08-13T06:00:30Z</time>
        <extensions>
          <gpxtpx:TrackPointExtension>
            <gpxtpx:depth>0</gpxtpx:depth>
          </gpxtpx:TrackPointExtension>
          <gpxx:TrackPointExtension>
            <gpxx:Depth>0</gpxx:Depth>
          </gpxx:TrackPointExtension>
        </extensions>
      </trkpt>
      <trkpt lat="49.614014988765121" lon="11.567334914579988">
        <ele>462.75</ele>
        <time>2020-08-13T06:00:51Z</time>
        <extensions>
          <gpxtpx:TrackPointExtension>
            <gpxtpx:depth>0</gpxtpx:depth>
          </gpxtpx:TrackPointExtension>
          <gpxx:TrackPointExtension>
            <gpxx:Depth>0</gpxx:Depth>
          </gpxx:TrackPointExtension>
        </extensions>
      </trkpt>
      <trkpt lat="49.613986406475306" lon="11.567505653947592">
        <ele>457.75</ele>
        <time>2020-08-13T06:01:16Z</time>
        <extensions>
          <gpxtpx:TrackPointExtension>
            <gpxtpx:depth>0</gpxtpx:depth>
          </gpxtpx:TrackPointExtension>
          <gpxx:TrackPointExtension>
            <gpxx:Depth>0</gpxx:Depth>
          </gpxx:TrackPointExtension>
        </extensions>
      </trkpt>
      <trkpt lat="49.614002080634236" lon="11.56785492785275">
        <ele>457.32999999999998</ele>
        <time>2020-08-13T06:01:31Z</time>
        <extensions>
          <gpxtpx:TrackPointExtension>
            <gpxtpx:depth>0</gpxtpx:depth>
          </gpxtpx:TrackPointExtension>
          <gpxx:TrackPointExtension>
            <gpxx:Depth>0</gpxx:Depth>
          </gpxx:TrackPointExtension>
        </extensions>
      </trkpt>
      <trkpt lat="49.614006020128727" lon="11.568372007459402">
        <ele>450.13999999999999</ele>
        <time>2020-08-13T06:03:00Z</time>
        <extensions>
          <gpxtpx:TrackPointExtension>
            <gpxtpx:depth>0</gpxtpx:depth>
          </gpxtpx:TrackPointExtension>
          <gpxx:TrackPointExtension>
            <gpxx:Depth>0</gpxx:Depth>
          </gpxx:TrackPointExtension>
        </extensions>
      </trkpt>
      <trkpt lat="49.61395338177681" lon="11.568688508123159">
        <ele>444.97000000000003</ele>
        <time>2020-08-13T06:03:16Z</time>
        <extensions>
          <gpxtpx:TrackPointExtension>
            <gpxtpx:depth>0</gpxtpx:depth>
          </gpxtpx:TrackPointExtension>
          <gpxx:TrackPointExtension>
            <gpxx:Depth>0</gpxx:Depth>
          </gpxx:TrackPointExtension>
        </extensions>
      </trkpt>
      <trkpt lat="49.613943994045258" lon="11.569248083978891">
        <ele>434.25999999999999</ele>
        <time>2020-08-13T06:04:39Z</time>
        <extensions>
          <gpxtpx:TrackPointExtension>
            <gpxtpx:depth>0</gpxtpx:depth>
          </gpxtpx:TrackPointExtension>
          <gpxx:TrackPointExtension>
            <gpxx:Depth>0</gpxx:Depth>
          </gpxx:TrackPointExtension>
        </extensions>
      </trkpt>
      <trkpt lat="49.614005936309695" lon="11.569505408406258">
        <ele>432.50999999999999</ele>
        <time>2020-08-13T06:04:55Z</time>
        <extensions>
          <gpxtpx:TrackPointExtension>
            <gpxtpx:depth>0</gpxtpx:depth>
          </gpxtpx:TrackPointExtension>
          <gpxx:TrackPointExtension>
            <gpxx:Depth>0</gpxx:Depth>
          </gpxx:TrackPointExtension>
        </extensions>
      </trkpt>
      <trkpt lat="49.6141576487571" lon="11.570039419457316">
        <ele>429.88999999999999</ele>
        <time>2020-08-13T06:05:29Z</time>
        <extensions>
          <gpxtpx:TrackPointExtension>
            <gpxtpx:depth>0</gpxtpx:depth>
          </gpxtpx:TrackPointExtension>
          <gpxx:TrackPointExtension>
            <gpxx:Depth>0</gpxx:Depth>
          </gpxx:TrackPointExtension>
        </extensions>
      </trkpt>
      <trkpt lat="49.614221518859267" lon="11.57026874832809">
        <ele>429.69999999999999</ele>
        <time>2020-08-13T06:05:43Z</time>
        <extensions>
          <gpxtpx:TrackPointExtension>
            <gpxtpx:depth>0</gpxtpx:depth>
          </gpxtpx:TrackPointExtension>
          <gpxx:TrackPointExtension>
            <gpxx:Depth>0</gpxx:Depth>
          </gpxx:TrackPointExtension>
        </extensions>
      </trkpt>
      <trkpt lat="49.614291088655591" lon="11.570638222619891">
        <ele>427.38</ele>
        <time>2020-08-13T06:06:03Z</time>
        <extensions>
          <gpxtpx:TrackPointExtension>
            <gpxtpx:depth>0</gpxtpx:depth>
          </gpxtpx:TrackPointExtension>
          <gpxx:TrackPointExtension>
            <gpxx:Depth>0</gpxx:Depth>
          </gpxx:TrackPointExtension>
        </extensions>
      </trkpt>
      <trkpt lat="49.614261919632554" lon="11.571236606687307">
        <ele>424.87</ele>
        <time>2020-08-13T06:07:34Z</time>
        <extensions>
          <gpxtpx:TrackPointExtension>
            <gpxtpx:depth>0</gpxtpx:depth>
          </gpxtpx:TrackPointExtension>
          <gpxx:TrackPointExtension>
            <gpxx:Depth>0</gpxx:Depth>
          </gpxx:TrackPointExtension>
        </extensions>
      </trkpt>
      <trkpt lat="49.614172736182809" lon="11.571696186438203">
        <ele>418.01999999999998</ele>
        <time>2020-08-13T06:08:02Z</time>
        <extensions>
          <gpxtpx:TrackPointExtension>
            <gpxtpx:depth>0</gpxtpx:depth>
          </gpxtpx:TrackPointExtension>
          <gpxx:TrackPointExtension>
            <gpxx:Depth>0</gpxx:Depth>
          </gpxx:TrackPointExtension>
        </extensions>
      </trkpt>
      <trkpt lat="49.614139124751091" lon="11.572228102013469">
        <ele>410.99000000000001</ele>
        <time>2020-08-13T06:08:36Z</time>
        <extensions>
          <gpxtpx:TrackPointExtension>
            <gpxtpx:depth>0</gpxtpx:depth>
          </gpxtpx:TrackPointExtension>
          <gpxx:TrackPointExtension>
            <gpxx:Depth>0</gpxx:Depth>
          </gpxx:TrackPointExtension>
        </extensions>
      </trkpt>
      <trkpt lat="49.61411657743156" lon="11.572632528841496">
        <ele>407.31</ele>
        <time>2020-08-13T06:08:55Z</time>
        <extensions>
          <gpxtpx:TrackPointExtension>
            <gpxtpx:depth>0</gpxtpx:depth>
          </gpxtpx:TrackPointExtension>
          <gpxx:TrackPointExtension>
            <gpxx:Depth>0</gpxx:Depth>
          </gpxx:TrackPointExtension>
        </extensions>
      </trkpt>
      <trkpt lat="49.61419964209199" lon="11.573265697807074">
        <ele>410.26999999999998</ele>
        <time>2020-08-13T06:09:52Z</time>
        <extensions>
          <gpxtpx:TrackPointExtension>
            <gpxtpx:depth>0</gpxtpx:depth>
          </gpxtpx:TrackPointExtension>
          <gpxx:TrackPointExtension>
            <gpxx:Depth>0</gpxx:Depth>
          </gpxx:TrackPointExtension>
        </extensions>
      </trkpt>
      <trkpt lat="49.614258147776127" lon="11.573618156835437">
        <ele>412.25999999999999</ele>
        <time>2020-08-13T06:10:10Z</time>
        <extensions>
          <gpxtpx:TrackPointExtension>
            <gpxtpx:depth>0</gpxtpx:depth>
          </gpxtpx:TrackPointExtension>
          <gpxx:TrackPointExtension>
            <gpxx:Depth>0</gpxx:Depth>
          </gpxx:TrackPointExtension>
        </extensions>
      </trkpt>
      <trkpt lat="49.614289999008179" lon="11.573956282809377">
        <ele>414.61000000000001</ele>
        <time>2020-08-13T06:10:28Z</time>
        <extensions>
          <gpxtpx:TrackPointExtension>
            <gpxtpx:depth>0</gpxtpx:depth>
          </gpxtpx:TrackPointExtension>
          <gpxx:TrackPointExtension>
            <gpxx:Depth>0</gpxx:Depth>
          </gpxx:TrackPointExtension>
        </extensions>
      </trkpt>
      <trkpt lat="49.614324951544404" lon="11.574374455958605">
        <ele>417.58999999999997</ele>
        <time>2020-08-13T06:10:48Z</time>
        <extensions>
          <gpxtpx:TrackPointExtension>
            <gpxtpx:depth>0</gpxtpx:depth>
          </gpxtpx:TrackPointExtension>
          <gpxx:TrackPointExtension>
            <gpxx:Depth>0</gpxx:Depth>
          </gpxx:TrackPointExtension>
        </extensions>
      </trkpt>
      <trkpt lat="49.614325286820531" lon="11.57449440099299">
        <ele>418.08999999999997</ele>
        <time>2020-08-13T06:10:54Z</time>
        <extensions>
          <gpxtpx:TrackPointExtension>
            <gpxtpx:depth>0</gpxtpx:depth>
          </gpxtpx:TrackPointExtension>
          <gpxx:TrackPointExtension>
            <gpxx:Depth>0</gpxx:Depth>
          </gpxx:TrackPointExtension>
        </extensions>
      </trkpt>
      <trkpt lat="49.61429201066494" lon="11.574909305199981">
        <ele>422.44</ele>
        <time>2020-08-13T06:11:14Z</time>
        <extensions>
          <gpxtpx:TrackPointExtension>
            <gpxtpx:depth>0</gpxtpx:depth>
          </gpxtpx:TrackPointExtension>
          <gpxx:TrackPointExtension>
            <gpxx:Depth>0</gpxx:Depth>
          </gpxx:TrackPointExtension>
        </extensions>
      </trkpt>
      <trkpt lat="49.614282790571451" lon="11.575242485851049">
        <ele>425.79000000000002</ele>
        <time>2020-08-13T06:11:31Z</time>
        <extensions>
          <gpxtpx:TrackPointExtension>
            <gpxtpx:depth>0</gpxtpx:depth>
          </gpxtpx:TrackPointExtension>
          <gpxx:TrackPointExtension>
            <gpxx:Depth>0</gpxx:Depth>
          </gpxx:TrackPointExtension>
        </extensions>
      </trkpt>
      <trkpt lat="49.614260159432888" lon="11.575613049790263">
        <ele>427.29000000000002</ele>
        <time>2020-08-13T06:11:50Z</time>
        <extensions>
          <gpxtpx:TrackPointExtension>
            <gpxtpx:depth>0</gpxtpx:depth>
          </gpxtpx:TrackPointExtension>
          <gpxx:TrackPointExtension>
            <gpxx:Depth>0</gpxx:Depth>
          </gpxx:TrackPointExtension>
        </extensions>
      </trkpt>
      <trkpt lat="49.614224703982472" lon="11.576088387519121">
        <ele>429.81999999999999</ele>
        <time>2020-08-13T06:12:15Z</time>
        <extensions>
          <gpxtpx:TrackPointExtension>
            <gpxtpx:depth>0</gpxtpx:depth>
          </gpxtpx:TrackPointExtension>
          <gpxx:TrackPointExtension>
            <gpxx:Depth>0</gpxx:Depth>
          </gpxx:TrackPointExtension>
        </extensions>
      </trkpt>
      <trkpt lat="49.614199725911021" lon="11.576584177091718">
        <ele>423.94</ele>
        <time>2020-08-13T06:13:43Z</time>
        <extensions>
          <gpxtpx:TrackPointExtension>
            <gpxtpx:depth>0</gpxtpx:depth>
          </gpxtpx:TrackPointExtension>
          <gpxx:TrackPointExtension>
            <gpxx:Depth>0</gpxx:Depth>
          </gpxx:TrackPointExtension>
        </extensions>
      </trkpt>
      <trkpt lat="49.61416544392705" lon="11.576812667772174">
        <ele>423.02999999999997</ele>
        <time>2020-08-13T06:14:03Z</time>
        <extensions>
          <gpxtpx:TrackPointExtension>
            <gpxtpx:depth>0</gpxtpx:depth>
          </gpxtpx:TrackPointExtension>
          <gpxx:TrackPointExtension>
            <gpxx:Depth>0</gpxx:Depth>
          </gpxx:TrackPointExtension>
        </extensions>
      </trkpt>
      <trkpt lat="49.614098137244582" lon="11.577281970530748">
        <ele>422.83999999999997</ele>
        <time>2020-08-13T06:14:30Z</time>
        <extensions>
          <gpxtpx:TrackPointExtension>
            <gpxtpx:depth>0</gpxtpx:depth>
          </gpxtpx:TrackPointExtension>
          <gpxx:TrackPointExtension>
            <gpxx:Depth>0</gpxx:Depth>
          </gpxx:TrackPointExtension>
        </extensions>
      </trkpt>
      <trkpt lat="49.613988669589162" lon="11.577724954113364">
        <ele>424.56999999999999</ele>
        <time>2020-08-13T06:14:54Z</time>
        <extensions>
          <gpxtpx:TrackPointExtension>
            <gpxtpx:depth>0</gpxtpx:depth>
          </gpxtpx:TrackPointExtension>
          <gpxx:TrackPointExtension>
            <gpxx:Depth>0</gpxx:Depth>
          </gpxx:TrackPointExtension>
        </extensions>
      </trkpt>
      <trkpt lat="49.613882806152105" lon="11.578104738146067">
        <ele>427.56999999999999</ele>
        <time>2020-08-13T06:15:16Z</time>
        <extensions>
          <gpxtpx:TrackPointExtension>
            <gpxtpx:depth>0</gpxtpx:depth>
          </gpxtpx:TrackPointExtension>
          <gpxx:TrackPointExtension>
            <gpxx:Depth>0</gpxx:Depth>
          </gpxx:TrackPointExtension>
        </extensions>
      </trkpt>
      <trkpt lat="49.613730339333415" lon="11.578470021486282">
        <ele>431.19</ele>
        <time>2020-08-13T06:15:37Z</time>
        <extensions>
          <gpxtpx:TrackPointExtension>
            <gpxtpx:depth>0</gpxtpx:depth>
          </gpxtpx:TrackPointExtension>
          <gpxx:TrackPointExtension>
            <gpxx:Depth>0</gpxx:Depth>
          </gpxx:TrackPointExtension>
        </extensions>
      </trkpt>
      <trkpt lat="49.613527245819569" lon="11.578975031152368">
        <ele>435.68000000000001</ele>
        <time>2020-08-13T06:18:41Z</time>
        <extensions>
          <gpxtpx:TrackPointExtension>
            <gpxtpx:depth>0</gpxtpx:depth>
          </gpxtpx:TrackPointExtension>
          <gpxx:TrackPointExtension>
            <gpxx:Depth>0</gpxx:Depth>
          </gpxx:TrackPointExtension>
        </extensions>
      </trkpt>
      <trkpt lat="49.613519115373492" lon="11.578986933454871">
        <ele>435.64999999999998</ele>
        <time>2020-08-13T06:18:42Z</time>
        <extensions>
          <gpxtpx:TrackPointExtension>
            <gpxtpx:depth>0</gpxtpx:depth>
          </gpxtpx:TrackPointExtension>
          <gpxx:TrackPointExtension>
            <gpxx:Depth>0</gpxx:Depth>
          </gpxx:TrackPointExtension>
        </extensions>
      </trkpt>
      <trkpt lat="49.613079903647304" lon="11.579623203724623">
        <ele>428.18000000000001</ele>
        <time>2020-08-13T06:19:28Z</time>
        <extensions>
          <gpxtpx:TrackPointExtension>
            <gpxtpx:depth>0</gpxtpx:depth>
          </gpxtpx:TrackPointExtension>
          <gpxx:TrackPointExtension>
            <gpxx:Depth>0</gpxx:Depth>
          </gpxx:TrackPointExtension>
        </extensions>
      </trkpt>
      <trkpt lat="49.612877983599901" lon="11.579907601699233">
        <ele>425.79000000000002</ele>
        <time>2020-08-13T06:19:49Z</time>
        <extensions>
          <gpxtpx:TrackPointExtension>
            <gpxtpx:depth>0</gpxtpx:depth>
          </gpxtpx:TrackPointExtension>
          <gpxx:TrackPointExtension>
            <gpxx:Depth>0</gpxx:Depth>
          </gpxx:TrackPointExtension>
        </extensions>
      </trkpt>
      <trkpt lat="49.612559219822288" lon="11.58051042817533">
        <ele>425.07999999999998</ele>
        <time>2020-08-13T06:20:28Z</time>
        <extensions>
          <gpxtpx:TrackPointExtension>
            <gpxtpx:depth>0</gpxtpx:depth>
          </gpxtpx:TrackPointExtension>
          <gpxx:TrackPointExtension>
            <gpxx:Depth>0</gpxx:Depth>
          </gpxx:TrackPointExtension>
        </extensions>
      </trkpt>
      <trkpt lat="49.612444136291742" lon="11.580791221931577">
        <ele>425.08999999999997</ele>
        <time>2020-08-13T06:20:44Z</time>
        <extensions>
          <gpxtpx:TrackPointExtension>
            <gpxtpx:depth>0</gpxtpx:depth>
          </gpxtpx:TrackPointExtension>
          <gpxx:TrackPointExtension>
            <gpxx:Depth>0</gpxx:Depth>
          </gpxx:TrackPointExtension>
        </extensions>
      </trkpt>
      <trkpt lat="49.612369788810611" lon="11.580955926328897">
        <ele>424.80000000000001</ele>
        <time>2020-08-13T06:20:55Z</time>
        <extensions>
          <gpxtpx:TrackPointExtension>
            <gpxtpx:depth>0</gpxtpx:depth>
          </gpxtpx:TrackPointExtension>
          <gpxx:TrackPointExtension>
            <gpxx:Depth>0</gpxx:Depth>
          </gpxx:TrackPointExtension>
        </extensions>
      </trkpt>
      <trkpt lat="49.611919764429331" lon="11.582175409421325">
        <ele>429.39999999999998</ele>
        <time>2020-08-13T06:28:49Z</time>
        <extensions>
          <gpxtpx:TrackPointExtension>
            <gpxtpx:depth>0</gpxtpx:depth>
          </gpxtpx:TrackPointExtension>
          <gpxx:TrackPointExtension>
            <gpxx:Depth>0</gpxx:Depth>
          </gpxx:TrackPointExtension>
        </extensions>
      </trkpt>
      <trkpt lat="49.61204482242465" lon="11.582799525931478">
        <ele>428.69999999999999</ele>
        <time>2020-08-13T06:29:36Z</time>
        <extensions>
          <gpxtpx:TrackPointExtension>
            <gpxtpx:depth>0</gpxtpx:depth>
          </gpxtpx:TrackPointExtension>
          <gpxx:TrackPointExtension>
            <gpxx:Depth>0</gpxx:Depth>
          </gpxx:TrackPointExtension>
        </extensions>
      </trkpt>
      <trkpt lat="49.61207072250545" lon="11.582962637767196">
        <ele>428.95999999999998</ele>
        <time>2020-08-13T06:29:47Z</time>
        <extensions>
          <gpxtpx:TrackPointExtension>
            <gpxtpx:depth>0</gpxtpx:depth>
          </gpxtpx:TrackPointExtension>
          <gpxx:TrackPointExtension>
            <gpxx:Depth>0</gpxx:Depth>
          </gpxx:TrackPointExtension>
        </extensions>
      </trkpt>
      <trkpt lat="49.612116320058703" lon="11.583231277763844">
        <ele>430.30000000000001</ele>
        <time>2020-08-13T06:30:06Z</time>
        <extensions>
          <gpxtpx:TrackPointExtension>
            <gpxtpx:depth>0</gpxtpx:depth>
          </gpxtpx:TrackPointExtension>
          <gpxx:TrackPointExtension>
            <gpxx:Depth>0</gpxx:Depth>
          </gpxx:TrackPointExtension>
        </extensions>
      </trkpt>
      <trkpt lat="49.612117493525147" lon="11.583249801769853">
        <ele>430.26999999999998</ele>
        <time>2020-08-13T06:30:07Z</time>
        <extensions>
          <gpxtpx:TrackPointExtension>
            <gpxtpx:depth>0</gpxtpx:depth>
          </gpxtpx:TrackPointExtension>
          <gpxx:TrackPointExtension>
            <gpxx:Depth>0</gpxx:Depth>
          </gpxx:TrackPointExtension>
        </extensions>
      </trkpt>
      <trkpt lat="49.612181112170219" lon="11.583653558045626">
        <ele>433.41000000000003</ele>
        <time>2020-08-13T06:30:27Z</time>
        <extensions>
          <gpxtpx:TrackPointExtension>
            <gpxtpx:depth>0</gpxtpx:depth>
          </gpxtpx:TrackPointExtension>
          <gpxx:TrackPointExtension>
            <gpxx:Depth>0</gpxx:Depth>
          </gpxx:TrackPointExtension>
        </extensions>
      </trkpt>
      <trkpt lat="49.612288568168879" lon="11.584327127784491">
        <ele>447.12</ele>
        <time>2020-08-13T06:31:03Z</time>
        <extensions>
          <gpxtpx:TrackPointExtension>
            <gpxtpx:depth>0</gpxtpx:depth>
          </gpxtpx:TrackPointExtension>
          <gpxx:TrackPointExtension>
            <gpxx:Depth>0</gpxx:Depth>
          </gpxx:TrackPointExtension>
        </extensions>
      </trkpt>
      <trkpt lat="49.61237951181829" lon="11.584616638720036">
        <ele>452.62</ele>
        <time>2020-08-13T06:31:19Z</time>
        <extensions>
          <gpxtpx:TrackPointExtension>
            <gpxtpx:depth>0</gpxtpx:depth>
          </gpxtpx:TrackPointExtension>
          <gpxx:TrackPointExtension>
            <gpxx:Depth>0</gpxx:Depth>
          </gpxx:TrackPointExtension>
        </extensions>
      </trkpt>
      <trkpt lat="49.612541869282722" lon="11.584999272599816">
        <ele>450.48000000000002</ele>
        <time>2020-08-13T06:32:48Z</time>
        <extensions>
          <gpxtpx:TrackPointExtension>
            <gpxtpx:depth>0</gpxtpx:depth>
          </gpxtpx:TrackPointExtension>
          <gpxx:TrackPointExtension>
            <gpxx:Depth>0</gpxx:Depth>
          </gpxx:TrackPointExtension>
        </extensions>
      </trkpt>
      <trkpt lat="49.612655695527792" lon="11.585083091631532">
        <ele>451.75999999999999</ele>
        <time>2020-08-13T06:33:04Z</time>
        <extensions>
          <gpxtpx:TrackPointExtension>
            <gpxtpx:depth>0</gpxtpx:depth>
          </gpxtpx:TrackPointExtension>
          <gpxx:TrackPointExtension>
            <gpxx:Depth>0</gpxx:Depth>
          </gpxx:TrackPointExtension>
        </extensions>
      </trkpt>
      <trkpt lat="49.612831044942141" lon="11.585159869864583">
        <ele>456.25999999999999</ele>
        <time>2020-08-13T06:33:20Z</time>
        <extensions>
          <gpxtpx:TrackPointExtension>
            <gpxtpx:depth>0</gpxtpx:depth>
          </gpxtpx:TrackPointExtension>
          <gpxx:TrackPointExtension>
            <gpxx:Depth>0</gpxx:Depth>
          </gpxx:TrackPointExtension>
        </extensions>
      </trkpt>
      <trkpt lat="49.613154251128435" lon="11.585261207073927">
        <ele>444.52999999999997</ele>
        <time>2020-08-13T06:34:21Z</time>
        <extensions>
          <gpxtpx:TrackPointExtension>
            <gpxtpx:depth>0</gpxtpx:depth>
          </gpxtpx:TrackPointExtension>
          <gpxx:TrackPointExtension>
            <gpxx:Depth>0</gpxx:Depth>
          </gpxx:TrackPointExtension>
        </extensions>
      </trkpt>
      <trkpt lat="49.613404283300042" lon="11.585381990298629">
        <ele>450.26999999999998</ele>
        <time>2020-08-13T06:34:41Z</time>
        <extensions>
          <gpxtpx:TrackPointExtension>
            <gpxtpx:depth>0</gpxtpx:depth>
          </gpxtpx:TrackPointExtension>
          <gpxx:TrackPointExtension>
            <gpxx:Depth>0</gpxx:Depth>
          </gpxx:TrackPointExtension>
        </extensions>
      </trkpt>
      <trkpt lat="49.613654650747776" lon="11.585515094920993">
        <ele>452.56999999999999</ele>
        <time>2020-08-13T06:34:58Z</time>
        <extensions>
          <gpxtpx:TrackPointExtension>
            <gpxtpx:depth>0</gpxtpx:depth>
          </gpxtpx:TrackPointExtension>
          <gpxx:TrackPointExtension>
            <gpxx:Depth>0</gpxx:Depth>
          </gpxx:TrackPointExtension>
        </extensions>
      </trkpt>
      <trkpt lat="49.614093191921711" lon="11.585668567568064">
        <ele>455.47000000000003</ele>
        <time>2020-08-13T06:35:31Z</time>
        <extensions>
          <gpxtpx:TrackPointExtension>
            <gpxtpx:depth>0</gpxtpx:depth>
          </gpxtpx:TrackPointExtension>
          <gpxx:TrackPointExtension>
            <gpxx:Depth>0</gpxx:Depth>
          </gpxx:TrackPointExtension>
        </extensions>
      </trkpt>
      <trkpt lat="49.614525027573109" lon="11.58581399358809">
        <ele>462.18000000000001</ele>
        <time>2020-08-13T06:36:06Z</time>
        <extensions>
          <gpxtpx:TrackPointExtension>
            <gpxtpx:depth>0</gpxtpx:depth>
          </gpxtpx:TrackPointExtension>
          <gpxx:TrackPointExtension>
            <gpxx:Depth>0</gpxx:Depth>
          </gpxx:TrackPointExtension>
        </extensions>
      </trkpt>
      <trkpt lat="49.614708758890629" lon="11.585895465686917">
        <ele>462.16000000000003</ele>
        <time>2020-08-13T06:36:21Z</time>
        <extensions>
          <gpxtpx:TrackPointExtension>
            <gpxtpx:depth>0</gpxtpx:depth>
          </gpxtpx:TrackPointExtension>
          <gpxx:TrackPointExtension>
            <gpxx:Depth>0</gpxx:Depth>
          </gpxx:TrackPointExtension>
        </extensions>
      </trkpt>
      <trkpt lat="49.614982847124338" lon="11.586008705198765">
        <ele>451.51999999999998</ele>
        <time>2020-08-13T06:37:13Z</time>
        <extensions>
          <gpxtpx:TrackPointExtension>
            <gpxtpx:depth>0</gpxtpx:depth>
          </gpxtpx:TrackPointExtension>
          <gpxx:TrackPointExtension>
            <gpxx:Depth>0</gpxx:Depth>
          </gpxx:TrackPointExtension>
        </extensions>
      </trkpt>
      <trkpt lat="49.615314854308963" lon="11.586067713797092">
        <ele>445.20999999999998</ele>
        <time>2020-08-13T06:37:37Z</time>
        <extensions>
          <gpxtpx:TrackPointExtension>
            <gpxtpx:depth>0</gpxtpx:depth>
          </gpxtpx:TrackPointExtension>
          <gpxx:TrackPointExtension>
            <gpxx:Depth>0</gpxx:Depth>
          </gpxx:TrackPointExtension>
        </extensions>
      </trkpt>
      <trkpt lat="49.615398170426488" lon="11.586064361035824">
        <ele>438.16000000000003</ele>
        <time>2020-08-13T06:37:59Z</time>
        <extensions>
          <gpxtpx:TrackPointExtension>
            <gpxtpx:depth>0</gpxtpx:depth>
          </gpxtpx:TrackPointExtension>
          <gpxx:TrackPointExtension>
            <gpxx:Depth>0</gpxx:Depth>
          </gpxx:TrackPointExtension>
        </extensions>
      </trkpt>
      <trkpt lat="49.616166455671191" lon="11.585909631103277">
        <ele>428.43000000000001</ele>
        <time>2020-08-13T06:39:06Z</time>
        <extensions>
          <gpxtpx:TrackPointExtension>
            <gpxtpx:depth>0</gpxtpx:depth>
          </gpxtpx:TrackPointExtension>
          <gpxx:TrackPointExtension>
            <gpxx:Depth>0</gpxx:Depth>
          </gpxx:TrackPointExtension>
        </extensions>
      </trkpt>
      <trkpt lat="49.616172658279538" lon="11.58589705824852">
        <ele>428.26999999999998</ele>
        <time>2020-08-13T06:39:07Z</time>
        <extensions>
          <gpxtpx:TrackPointExtension>
            <gpxtpx:depth>0</gpxtpx:depth>
          </gpxtpx:TrackPointExtension>
          <gpxx:TrackPointExtension>
            <gpxx:Depth>0</gpxx:Depth>
          </gpxx:TrackPointExtension>
        </extensions>
      </trkpt>
      <trkpt lat="49.616213645786047" lon="11.585602182894945">
        <ele>424.94</ele>
        <time>2020-08-13T06:39:24Z</time>
        <extensions>
          <gpxtpx:TrackPointExtension>
            <gpxtpx:depth>0</gpxtpx:depth>
          </gpxtpx:TrackPointExtension>
          <gpxx:TrackPointExtension>
            <gpxx:Depth>0</gpxx:Depth>
          </gpxx:TrackPointExtension>
        </extensions>
      </trkpt>
      <trkpt lat="49.616325879469514" lon="11.585316611453891">
        <ele>422.44</ele>
        <time>2020-08-13T06:39:42Z</time>
        <extensions>
          <gpxtpx:TrackPointExtension>
            <gpxtpx:depth>0</gpxtpx:depth>
          </gpxtpx:TrackPointExtension>
          <gpxx:TrackPointExtension>
            <gpxx:Depth>0</gpxx:Depth>
          </gpxx:TrackPointExtension>
        </extensions>
      </trkpt>
      <trkpt lat="49.616461750119925" lon="11.585002960637212">
        <ele>424.88</ele>
        <time>2020-08-13T06:39:59Z</time>
        <extensions>
          <gpxtpx:TrackPointExtension>
            <gpxtpx:depth>0</gpxtpx:depth>
          </gpxtpx:TrackPointExtension>
          <gpxx:TrackPointExtension>
            <gpxx:Depth>0</gpxx:Depth>
          </gpxx:TrackPointExtension>
        </extensions>
      </trkpt>
      <trkpt lat="49.616626873612404" lon="11.584718227386475">
        <ele>424.19</ele>
        <time>2020-08-13T06:40:19Z</time>
        <extensions>
          <gpxtpx:TrackPointExtension>
            <gpxtpx:depth>0</gpxtpx:depth>
          </gpxtpx:TrackPointExtension>
          <gpxx:TrackPointExtension>
            <gpxx:Depth>0</gpxx:Depth>
          </gpxx:TrackPointExtension>
        </extensions>
      </trkpt>
      <trkpt lat="49.616820579394698" lon="11.584457969292998">
        <ele>424.50999999999999</ele>
        <time>2020-08-13T06:40:40Z</time>
        <extensions>
          <gpxtpx:TrackPointExtension>
            <gpxtpx:depth>0</gpxtpx:depth>
          </gpxtpx:TrackPointExtension>
          <gpxx:TrackPointExtension>
            <gpxx:Depth>0</gpxx:Depth>
          </gpxx:TrackPointExtension>
        </extensions>
      </trkpt>
      <trkpt lat="49.616853268817067" lon="11.58441849052906">
        <ele>423.81999999999999</ele>
        <time>2020-08-13T06:40:48Z</time>
        <extensions>
          <gpxtpx:TrackPointExtension>
            <gpxtpx:depth>0</gpxtpx:depth>
          </gpxtpx:TrackPointExtension>
          <gpxx:TrackPointExtension>
            <gpxx:Depth>0</gpxx:Depth>
          </gpxx:TrackPointExtension>
        </extensions>
      </trkpt>
      <trkpt lat="49.616888388991356" lon="11.584374066442251">
        <ele>423.88</ele>
        <time>2020-08-13T06:40:52Z</time>
        <extensions>
          <gpxtpx:TrackPointExtension>
            <gpxtpx:depth>0</gpxtpx:depth>
          </gpxtpx:TrackPointExtension>
          <gpxx:TrackPointExtension>
            <gpxx:Depth>0</gpxx:Depth>
          </gpxx:TrackPointExtension>
        </extensions>
      </trkpt>
      <trkpt lat="49.617163566872478" lon="11.584038119763136">
        <ele>423.60000000000002</ele>
        <time>2020-08-13T06:41:20Z</time>
        <extensions>
          <gpxtpx:TrackPointExtension>
            <gpxtpx:depth>0</gpxtpx:depth>
          </gpxtpx:TrackPointExtension>
          <gpxx:TrackPointExtension>
            <gpxx:Depth>0</gpxx:Depth>
          </gpxx:TrackPointExtension>
        </extensions>
      </trkpt>
      <trkpt lat="49.617441846057773" lon="11.583744334056973">
        <ele>426.86000000000001</ele>
        <time>2020-08-13T06:42:30Z</time>
        <extensions>
          <gpxtpx:TrackPointExtension>
            <gpxtpx:depth>0</gpxtpx:depth>
          </gpxtpx:TrackPointExtension>
          <gpxx:TrackPointExtension>
            <gpxx:Depth>0</gpxx:Depth>
          </gpxx:TrackPointExtension>
        </extensions>
      </trkpt>
      <trkpt lat="49.617659691721201" lon="11.583493631333113">
        <ele>427.30000000000001</ele>
        <time>2020-08-13T06:42:54Z</time>
        <extensions>
          <gpxtpx:TrackPointExtension>
            <gpxtpx:depth>0</gpxtpx:depth>
          </gpxtpx:TrackPointExtension>
          <gpxx:TrackPointExtension>
            <gpxx:Depth>0</gpxx:Depth>
          </gpxx:TrackPointExtension>
        </extensions>
      </trkpt>
      <trkpt lat="49.617957668378949" lon="11.583028938621283">
        <ele>427.36000000000001</ele>
        <time>2020-08-13T06:43:57Z</time>
        <extensions>
          <gpxtpx:TrackPointExtension>
            <gpxtpx:depth>0</gpxtpx:depth>
          </gpxtpx:TrackPointExtension>
          <gpxx:TrackPointExtension>
            <gpxx:Depth>0</gpxx:Depth>
          </gpxx:TrackPointExtension>
        </extensions>
      </trkpt>
      <trkpt lat="49.617998152971268" lon="11.582939503714442">
        <ele>427.98000000000002</ele>
        <time>2020-08-13T06:44:13Z</time>
        <extensions>
          <gpxtpx:TrackPointExtension>
            <gpxtpx:depth>0</gpxtpx:depth>
          </gpxtpx:TrackPointExtension>
          <gpxx:TrackPointExtension>
            <gpxx:Depth>0</gpxx:Depth>
          </gpxx:TrackPointExtension>
        </extensions>
      </trkpt>
      <trkpt lat="49.618000583723187" lon="11.582935648038983">
        <ele>427.63999999999999</ele>
        <time>2020-08-13T06:44:29Z</time>
        <extensions>
          <gpxtpx:TrackPointExtension>
            <gpxtpx:depth>0</gpxtpx:depth>
          </gpxtpx:TrackPointExtension>
          <gpxx:TrackPointExtension>
            <gpxx:Depth>0</gpxx:Depth>
          </gpxx:TrackPointExtension>
        </extensions>
      </trkpt>
      <trkpt lat="49.618004271760583" lon="11.582936821505427">
        <ele>427.56999999999999</ele>
        <time>2020-08-13T06:44:43Z</time>
        <extensions>
          <gpxtpx:TrackPointExtension>
            <gpxtpx:depth>0</gpxtpx:depth>
          </gpxtpx:TrackPointExtension>
          <gpxx:TrackPointExtension>
            <gpxx:Depth>0</gpxx:Depth>
          </gpxx:TrackPointExtension>
        </extensions>
      </trkpt>
      <trkpt lat="49.617999996989965" lon="11.582891223952174">
        <ele>427.16000000000003</ele>
        <time>2020-08-13T06:44:46Z</time>
        <extensions>
          <gpxtpx:TrackPointExtension>
            <gpxtpx:depth>0</gpxtpx:depth>
          </gpxtpx:TrackPointExtension>
          <gpxx:TrackPointExtension>
            <gpxx:Depth>0</gpxx:Depth>
          </gpxx:TrackPointExtension>
        </extensions>
      </trkpt>
      <trkpt lat="49.617971079424024" lon="11.58276298083365">
        <ele>424.80000000000001</ele>
        <time>2020-08-13T06:45:05Z</time>
        <extensions>
          <gpxtpx:TrackPointExtension>
            <gpxtpx:depth>0</gpxtpx:depth>
          </gpxtpx:TrackPointExtension>
          <gpxx:TrackPointExtension>
            <gpxx:Depth>0</gpxx:Depth>
          </gpxx:TrackPointExtension>
        </extensions>
      </trkpt>
      <trkpt lat="49.617965882644057" lon="11.58274881541729">
        <ele>424.76999999999998</ele>
        <time>2020-08-13T06:45:06Z</time>
        <extensions>
          <gpxtpx:TrackPointExtension>
            <gpxtpx:depth>0</gpxtpx:depth>
          </gpxtpx:TrackPointExtension>
          <gpxx:TrackPointExtension>
            <gpxx:Depth>0</gpxx:Depth>
          </gpxx:TrackPointExtension>
        </extensions>
      </trkpt>
      <trkpt lat="49.617935204878449" lon="11.58261738717556">
        <ele>423</ele>
        <time>2020-08-13T06:45:13Z</time>
        <extensions>
          <gpxtpx:TrackPointExtension>
            <gpxtpx:depth>0</gpxtpx:depth>
          </gpxtpx:TrackPointExtension>
          <gpxx:TrackPointExtension>
            <gpxx:Depth>0</gpxx:Depth>
          </gpxx:TrackPointExtension>
        </extensions>
      </trkpt>
      <trkpt lat="49.617702690884471" lon="11.582087902352214">
        <ele>407.41000000000003</ele>
        <time>2020-08-13T06:46:32Z</time>
        <extensions>
          <gpxtpx:TrackPointExtension>
            <gpxtpx:depth>0</gpxtpx:depth>
          </gpxtpx:TrackPointExtension>
          <gpxx:TrackPointExtension>
            <gpxx:Depth>0</gpxx:Depth>
          </gpxx:TrackPointExtension>
        </extensions>
      </trkpt>
      <trkpt lat="49.617004562169313" lon="11.580963050946593">
        <ele>431.61000000000001</ele>
        <time>2020-08-13T06:51:28Z</time>
        <extensions>
          <gpxtpx:TrackPointExtension>
            <gpxtpx:depth>0</gpxtpx:depth>
          </gpxtpx:TrackPointExtension>
          <gpxx:TrackPointExtension>
            <gpxx:Depth>0</gpxx:Depth>
          </gpxx:TrackPointExtension>
        </extensions>
      </trkpt>
      <trkpt lat="49.616872882470489" lon="11.581070506945252">
        <ele>423.88999999999999</ele>
        <time>2020-08-13T06:59:35Z</time>
        <extensions>
          <gpxtpx:TrackPointExtension>
            <gpxtpx:depth>0</gpxtpx:depth>
          </gpxtpx:TrackPointExtension>
          <gpxx:TrackPointExtension>
            <gpxx:Depth>0</gpxx:Depth>
          </gpxx:TrackPointExtension>
        </extensions>
      </trkpt>
      <trkpt lat="49.616813790053129" lon="11.581084420904517">
        <ele>424.49000000000001</ele>
        <time>2020-08-13T06:59:55Z</time>
        <extensions>
          <gpxtpx:TrackPointExtension>
            <gpxtpx:depth>0</gpxtpx:depth>
          </gpxtpx:TrackPointExtension>
          <gpxx:TrackPointExtension>
            <gpxx:Depth>0</gpxx:Depth>
          </gpxx:TrackPointExtension>
        </extensions>
      </trkpt>
      <trkpt lat="49.616782106459141" lon="11.581021305173635">
        <ele>425.93000000000001</ele>
        <time>2020-08-13T07:00:00Z</time>
        <extensions>
          <gpxtpx:TrackPointExtension>
            <gpxtpx:depth>0</gpxtpx:depth>
          </gpxtpx:TrackPointExtension>
          <gpxx:TrackPointExtension>
            <gpxx:Depth>0</gpxx:Depth>
          </gpxx:TrackPointExtension>
        </extensions>
      </trkpt>
      <trkpt lat="49.616756541654468" lon="11.580849727615714">
        <ele>427.06999999999999</ele>
        <time>2020-08-13T07:00:10Z</time>
        <extensions>
          <gpxtpx:TrackPointExtension>
            <gpxtpx:depth>0</gpxtpx:depth>
          </gpxtpx:TrackPointExtension>
          <gpxx:TrackPointExtension>
            <gpxx:Depth>0</gpxx:Depth>
          </gpxx:TrackPointExtension>
        </extensions>
      </trkpt>
      <trkpt lat="49.616873469203711" lon="11.579563105478883">
        <ele>434.60000000000002</ele>
        <time>2020-08-13T07:01:32Z</time>
        <extensions>
          <gpxtpx:TrackPointExtension>
            <gpxtpx:depth>0</gpxtpx:depth>
          </gpxtpx:TrackPointExtension>
          <gpxx:TrackPointExtension>
            <gpxx:Depth>0</gpxx:Depth>
          </gpxx:TrackPointExtension>
        </extensions>
      </trkpt>
      <trkpt lat="49.617108330130577" lon="11.577735599130392">
        <ele>437.39999999999998</ele>
        <time>2020-08-13T07:03:39Z</time>
        <extensions>
          <gpxtpx:TrackPointExtension>
            <gpxtpx:depth>0</gpxtpx:depth>
          </gpxtpx:TrackPointExtension>
          <gpxx:TrackPointExtension>
            <gpxx:Depth>0</gpxx:Depth>
          </gpxx:TrackPointExtension>
        </extensions>
      </trkpt>
      <trkpt lat="49.616816639900208" lon="11.576624158769846">
        <ele>452.33999999999997</ele>
        <time>2020-08-13T07:06:51Z</time>
        <extensions>
          <gpxtpx:TrackPointExtension>
            <gpxtpx:depth>0</gpxtpx:depth>
          </gpxtpx:TrackPointExtension>
          <gpxx:TrackPointExtension>
            <gpxx:Depth>0</gpxx:Depth>
          </gpxx:TrackPointExtension>
        </extensions>
      </trkpt>
      <trkpt lat="49.616792751476169" lon="11.576495748013258">
        <ele>452.82999999999998</ele>
        <time>2020-08-13T07:06:57Z</time>
        <extensions>
          <gpxtpx:TrackPointExtension>
            <gpxtpx:depth>0</gpxtpx:depth>
          </gpxtpx:TrackPointExtension>
          <gpxx:TrackPointExtension>
            <gpxx:Depth>0</gpxx:Depth>
          </gpxx:TrackPointExtension>
        </extensions>
      </trkpt>
      <trkpt lat="49.616744890809059" lon="11.57589677721262">
        <ele>455.38</ele>
        <time>2020-08-13T07:07:29Z</time>
        <extensions>
          <gpxtpx:TrackPointExtension>
            <gpxtpx:depth>0</gpxtpx:depth>
          </gpxtpx:TrackPointExtension>
          <gpxx:TrackPointExtension>
            <gpxx:Depth>0</gpxx:Depth>
          </gpxx:TrackPointExtension>
        </extensions>
      </trkpt>
      <trkpt lat="49.616758972406387" lon="11.575212562456727">
        <ele>455.66000000000003</ele>
        <time>2020-08-13T07:07:57Z</time>
        <extensions>
          <gpxtpx:TrackPointExtension>
            <gpxtpx:depth>0</gpxtpx:depth>
          </gpxtpx:TrackPointExtension>
          <gpxx:TrackPointExtension>
            <gpxx:Depth>0</gpxx:Depth>
          </gpxx:TrackPointExtension>
        </extensions>
      </trkpt>
      <trkpt lat="49.616802055388689" lon="11.574998237192631">
        <ele>453.10000000000002</ele>
        <time>2020-08-13T07:08:13Z</time>
        <extensions>
          <gpxtpx:TrackPointExtension>
            <gpxtpx:depth>0</gpxtpx:depth>
          </gpxtpx:TrackPointExtension>
          <gpxx:TrackPointExtension>
            <gpxx:Depth>0</gpxx:Depth>
          </gpxx:TrackPointExtension>
        </extensions>
      </trkpt>
      <trkpt lat="49.616855196654797" lon="11.574796484783292">
        <ele>450.01999999999998</ele>
        <time>2020-08-13T07:09:03Z</time>
        <extensions>
          <gpxtpx:TrackPointExtension>
            <gpxtpx:depth>0</gpxtpx:depth>
          </gpxtpx:TrackPointExtension>
          <gpxx:TrackPointExtension>
            <gpxx:Depth>0</gpxx:Depth>
          </gpxx:TrackPointExtension>
        </extensions>
      </trkpt>
      <trkpt lat="49.61686173453927" lon="11.574577298015356">
        <ele>443.94</ele>
        <time>2020-08-13T07:09:25Z</time>
        <extensions>
          <gpxtpx:TrackPointExtension>
            <gpxtpx:depth>0</gpxtpx:depth>
          </gpxtpx:TrackPointExtension>
          <gpxx:TrackPointExtension>
            <gpxx:Depth>0</gpxx:Depth>
          </gpxx:TrackPointExtension>
        </extensions>
      </trkpt>
      <trkpt lat="49.61684069596231" lon="11.574327517300844">
        <ele>438.14999999999998</ele>
        <time>2020-08-13T07:10:04Z</time>
        <extensions>
          <gpxtpx:TrackPointExtension>
            <gpxtpx:depth>0</gpxtpx:depth>
          </gpxtpx:TrackPointExtension>
          <gpxx:TrackPointExtension>
            <gpxx:Depth>0</gpxx:Depth>
          </gpxx:TrackPointExtension>
        </extensions>
      </trkpt>
      <trkpt lat="49.616830889135599" lon="11.573127983137965">
        <ele>421.07999999999998</ele>
        <time>2020-08-13T07:11:28Z</time>
        <extensions>
          <gpxtpx:TrackPointExtension>
            <gpxtpx:depth>0</gpxtpx:depth>
          </gpxtpx:TrackPointExtension>
          <gpxx:TrackPointExtension>
            <gpxx:Depth>0</gpxx:Depth>
          </gpxx:TrackPointExtension>
        </extensions>
      </trkpt>
      <trkpt lat="49.617133559659123" lon="11.572718108072877">
        <ele>409.95999999999998</ele>
        <time>2020-08-13T07:13:51Z</time>
        <extensions>
          <gpxtpx:TrackPointExtension>
            <gpxtpx:depth>0</gpxtpx:depth>
          </gpxtpx:TrackPointExtension>
          <gpxx:TrackPointExtension>
            <gpxx:Depth>0</gpxx:Depth>
          </gpxx:TrackPointExtension>
        </extensions>
      </trkpt>
      <trkpt lat="49.617184353992343" lon="11.572645604610443">
        <ele>408.60000000000002</ele>
        <time>2020-08-13T07:13:56Z</time>
        <extensions>
          <gpxtpx:TrackPointExtension>
            <gpxtpx:depth>0</gpxtpx:depth>
          </gpxtpx:TrackPointExtension>
          <gpxx:TrackPointExtension>
            <gpxx:Depth>0</gpxx:Depth>
          </gpxx:TrackPointExtension>
        </extensions>
      </trkpt>
      <trkpt lat="49.61742608807981" lon="11.572372689843178">
        <ele>403.70999999999998</ele>
        <time>2020-08-13T07:15:14Z</time>
        <extensions>
          <gpxtpx:TrackPointExtension>
            <gpxtpx:depth>0</gpxtpx:depth>
          </gpxtpx:TrackPointExtension>
          <gpxx:TrackPointExtension>
            <gpxx:Depth>0</gpxx:Depth>
          </gpxx:TrackPointExtension>
        </extensions>
      </trkpt>
      <trkpt lat="49.617662122473121" lon="11.572255594655871">
        <ele>401.04000000000002</ele>
        <time>2020-08-13T07:15:34Z</time>
        <extensions>
          <gpxtpx:TrackPointExtension>
            <gpxtpx:depth>0</gpxtpx:depth>
          </gpxtpx:TrackPointExtension>
          <gpxx:TrackPointExtension>
            <gpxx:Depth>0</gpxx:Depth>
          </gpxx:TrackPointExtension>
        </extensions>
      </trkpt>
      <trkpt lat="49.618344577029347" lon="11.571611277759075">
        <ele>403.20999999999998</ele>
        <time>2020-08-13T07:17:07Z</time>
        <extensions>
          <gpxtpx:TrackPointExtension>
            <gpxtpx:depth>0</gpxtpx:depth>
          </gpxtpx:TrackPointExtension>
          <gpxx:TrackPointExtension>
            <gpxx:Depth>0</gpxx:Depth>
          </gpxx:TrackPointExtension>
        </extensions>
      </trkpt>
      <trkpt lat="49.618416326120496" lon="11.57137943431735">
        <ele>402.91000000000003</ele>
        <time>2020-08-13T07:17:20Z</time>
        <extensions>
          <gpxtpx:TrackPointExtension>
            <gpxtpx:depth>0</gpxtpx:depth>
          </gpxtpx:TrackPointExtension>
          <gpxx:TrackPointExtension>
            <gpxx:Depth>0</gpxx:Depth>
          </gpxx:TrackPointExtension>
        </extensions>
      </trkpt>
      <trkpt lat="49.618466785177588" lon="11.571096042171121">
        <ele>401.83999999999997</ele>
        <time>2020-08-13T07:17:35Z</time>
        <extensions>
          <gpxtpx:TrackPointExtension>
            <gpxtpx:depth>0</gpxtpx:depth>
          </gpxtpx:TrackPointExtension>
          <gpxx:TrackPointExtension>
            <gpxx:Depth>0</gpxx:Depth>
          </gpxx:TrackPointExtension>
        </extensions>
      </trkpt>
      <trkpt lat="49.618471646681428" lon="11.570670995861292">
        <ele>398.16000000000003</ele>
        <time>2020-08-13T07:17:55Z</time>
        <extensions>
          <gpxtpx:TrackPointExtension>
            <gpxtpx:depth>0</gpxtpx:depth>
          </gpxtpx:TrackPointExtension>
          <gpxx:TrackPointExtension>
            <gpxx:Depth>0</gpxx:Depth>
          </gpxx:TrackPointExtension>
        </extensions>
      </trkpt>
      <trkpt lat="49.618437364697456" lon="11.570364721119404">
        <ele>396.36000000000001</ele>
        <time>2020-08-13T07:18:12Z</time>
        <extensions>
          <gpxtpx:TrackPointExtension>
            <gpxtpx:depth>0</gpxtpx:depth>
          </gpxtpx:TrackPointExtension>
          <gpxx:TrackPointExtension>
            <gpxx:Depth>0</gpxx:Depth>
          </gpxx:TrackPointExtension>
        </extensions>
      </trkpt>
      <trkpt lat="49.618036039173603" lon="11.568280309438705">
        <ele>400.10000000000002</ele>
        <time>2020-08-13T07:22:15Z</time>
        <extensions>
          <gpxtpx:TrackPointExtension>
            <gpxtpx:depth>0</gpxtpx:depth>
          </gpxtpx:TrackPointExtension>
          <gpxx:TrackPointExtension>
            <gpxx:Depth>0</gpxx:Depth>
          </gpxx:TrackPointExtension>
        </extensions>
      </trkpt>
      <trkpt lat="49.617919363081455" lon="11.567969340831041">
        <ele>400.18000000000001</ele>
        <time>2020-08-13T07:22:33Z</time>
        <extensions>
          <gpxtpx:TrackPointExtension>
            <gpxtpx:depth>0</gpxtpx:depth>
          </gpxtpx:TrackPointExtension>
          <gpxx:TrackPointExtension>
            <gpxx:Depth>0</gpxx:Depth>
          </gpxx:TrackPointExtension>
        </extensions>
      </trkpt>
      <trkpt lat="49.617786342278123" lon="11.567652923986316">
        <ele>400.13999999999999</ele>
        <time>2020-08-13T07:22:52Z</time>
        <extensions>
          <gpxtpx:TrackPointExtension>
            <gpxtpx:depth>0</gpxtpx:depth>
          </gpxtpx:TrackPointExtension>
          <gpxx:TrackPointExtension>
            <gpxx:Depth>0</gpxx:Depth>
          </gpxx:TrackPointExtension>
        </extensions>
      </trkpt>
      <trkpt lat="49.617792293429375" lon="11.567245731130242">
        <ele>395.36000000000001</ele>
        <time>2020-08-13T07:23:12Z</time>
        <extensions>
          <gpxtpx:TrackPointExtension>
            <gpxtpx:depth>0</gpxtpx:depth>
          </gpxtpx:TrackPointExtension>
          <gpxx:TrackPointExtension>
            <gpxx:Depth>0</gpxx:Depth>
          </gpxx:TrackPointExtension>
        </extensions>
      </trkpt>
      <trkpt lat="49.617960853502154" lon="11.566811297088861">
        <ele>392.38999999999999</ele>
        <time>2020-08-13T07:23:59Z</time>
        <extensions>
          <gpxtpx:TrackPointExtension>
            <gpxtpx:depth>0</gpxtpx:depth>
          </gpxtpx:TrackPointExtension>
          <gpxx:TrackPointExtension>
            <gpxx:Depth>0</gpxx:Depth>
          </gpxx:TrackPointExtension>
        </extensions>
      </trkpt>
      <trkpt lat="49.618255896493793" lon="11.56646235845983">
        <ele>380.25999999999999</ele>
        <time>2020-08-13T07:24:37Z</time>
        <extensions>
          <gpxtpx:TrackPointExtension>
            <gpxtpx:depth>0</gpxtpx:depth>
          </gpxtpx:TrackPointExtension>
          <gpxx:TrackPointExtension>
            <gpxx:Depth>0</gpxx:Depth>
          </gpxx:TrackPointExtension>
        </extensions>
      </trkpt>
      <trkpt lat="49.618339883163571" lon="11.566331097856164">
        <ele>380.49000000000001</ele>
        <time>2020-08-13T07:24:46Z</time>
        <extensions>
          <gpxtpx:TrackPointExtension>
            <gpxtpx:depth>0</gpxtpx:depth>
          </gpxtpx:TrackPointExtension>
          <gpxx:TrackPointExtension>
            <gpxx:Depth>0</gpxx:Depth>
          </gpxx:TrackPointExtension>
        </extensions>
      </trkpt>
      <trkpt lat="49.618546748533845" lon="11.566150216385722">
        <ele>378.81999999999999</ele>
        <time>2020-08-13T07:25:06Z</time>
        <extensions>
          <gpxtpx:TrackPointExtension>
            <gpxtpx:depth>0</gpxtpx:depth>
          </gpxtpx:TrackPointExtension>
          <gpxx:TrackPointExtension>
            <gpxx:Depth>0</gpxx:Depth>
          </gpxx:TrackPointExtension>
        </extensions>
      </trkpt>
      <trkpt lat="49.618703238666058" lon="11.566075868904591">
        <ele>378.49000000000001</ele>
        <time>2020-08-13T07:25:15Z</time>
        <extensions>
          <gpxtpx:TrackPointExtension>
            <gpxtpx:depth>0</gpxtpx:depth>
          </gpxtpx:TrackPointExtension>
          <gpxx:TrackPointExtension>
            <gpxx:Depth>0</gpxx:Depth>
          </gpxx:TrackPointExtension>
        </extensions>
      </trkpt>
      <trkpt lat="49.618886467069387" lon="11.565991966053843">
        <ele>378.17000000000002</ele>
        <time>2020-08-13T07:25:27Z</time>
        <extensions>
          <gpxtpx:TrackPointExtension>
            <gpxtpx:depth>0</gpxtpx:depth>
          </gpxtpx:TrackPointExtension>
          <gpxx:TrackPointExtension>
            <gpxx:Depth>0</gpxx:Depth>
          </gpxx:TrackPointExtension>
        </extensions>
      </trkpt>
      <trkpt lat="49.61891639046371" lon="11.565993893891573">
        <ele>378.74000000000001</ele>
        <time>2020-08-13T07:25:30Z</time>
        <extensions>
          <gpxtpx:TrackPointExtension>
            <gpxtpx:depth>0</gpxtpx:depth>
          </gpxtpx:TrackPointExtension>
          <gpxx:TrackPointExtension>
            <gpxx:Depth>0</gpxx:Depth>
          </gpxx:TrackPointExtension>
        </extensions>
      </trkpt>
      <trkpt lat="49.61893985979259" lon="11.566003197804093">
        <ele>379.24000000000001</ele>
        <time>2020-08-13T07:25:32Z</time>
        <extensions>
          <gpxtpx:TrackPointExtension>
            <gpxtpx:depth>0</gpxtpx:depth>
          </gpxtpx:TrackPointExtension>
          <gpxx:TrackPointExtension>
            <gpxx:Depth>0</gpxx:Depth>
          </gpxx:TrackPointExtension>
        </extensions>
      </trkpt>
      <trkpt lat="49.619066342711449" lon="11.566132865846157">
        <ele>387.45999999999998</ele>
        <time>2020-08-13T07:25:49Z</time>
        <extensions>
          <gpxtpx:TrackPointExtension>
            <gpxtpx:depth>0</gpxtpx:depth>
          </gpxtpx:TrackPointExtension>
          <gpxx:TrackPointExtension>
            <gpxx:Depth>0</gpxx:Depth>
          </gpxx:TrackPointExtension>
        </extensions>
      </trkpt>
      <trkpt lat="49.619141947478056" lon="11.566166980192065">
        <ele>388.88</ele>
        <time>2020-08-13T07:25:55Z</time>
        <extensions>
          <gpxtpx:TrackPointExtension>
            <gpxtpx:depth>0</gpxtpx:depth>
          </gpxtpx:TrackPointExtension>
          <gpxx:TrackPointExtension>
            <gpxx:Depth>0</gpxx:Depth>
          </gpxx:TrackPointExtension>
        </extensions>
      </trkpt>
      <trkpt lat="49.619203135371208" lon="11.566149545833468">
        <ele>390.05000000000001</ele>
        <time>2020-08-13T07:26:00Z</time>
        <extensions>
          <gpxtpx:TrackPointExtension>
            <gpxtpx:depth>0</gpxtpx:depth>
          </gpxtpx:TrackPointExtension>
          <gpxx:TrackPointExtension>
            <gpxx:Depth>0</gpxx:Depth>
          </gpxx:TrackPointExtension>
        </extensions>
      </trkpt>
      <trkpt lat="49.619328863918781" lon="11.565907811746001">
        <ele>395.24000000000001</ele>
        <time>2020-08-13T07:26:19Z</time>
        <extensions>
          <gpxtpx:TrackPointExtension>
            <gpxtpx:depth>0</gpxtpx:depth>
          </gpxtpx:TrackPointExtension>
          <gpxx:TrackPointExtension>
            <gpxx:Depth>0</gpxx:Depth>
          </gpxx:TrackPointExtension>
        </extensions>
      </trkpt>
      <trkpt lat="49.619373455643654" lon="11.565676555037498">
        <ele>401.08999999999997</ele>
        <time>2020-08-13T07:26:35Z</time>
        <extensions>
          <gpxtpx:TrackPointExtension>
            <gpxtpx:depth>0</gpxtpx:depth>
          </gpxtpx:TrackPointExtension>
          <gpxx:TrackPointExtension>
            <gpxx:Depth>0</gpxx:Depth>
          </gpxx:TrackPointExtension>
        </extensions>
      </trkpt>
      <trkpt lat="49.619417041540146" lon="11.56557303853333">
        <ele>402.45999999999998</ele>
        <time>2020-08-13T07:26:43Z</time>
        <extensions>
          <gpxtpx:TrackPointExtension>
            <gpxtpx:depth>0</gpxtpx:depth>
          </gpxtpx:TrackPointExtension>
          <gpxx:TrackPointExtension>
            <gpxx:Depth>0</gpxx:Depth>
          </gpxx:TrackPointExtension>
        </extensions>
      </trkpt>
      <trkpt lat="49.619535729289055" lon="11.565341111272573">
        <ele>404.58999999999997</ele>
        <time>2020-08-13T07:26:57Z</time>
        <extensions>
          <gpxtpx:TrackPointExtension>
            <gpxtpx:depth>0</gpxtpx:depth>
          </gpxtpx:TrackPointExtension>
          <gpxx:TrackPointExtension>
            <gpxx:Depth>0</gpxx:Depth>
          </gpxx:TrackPointExtension>
        </extensions>
      </trkpt>
      <trkpt lat="49.619575124233961" lon="11.56527447514236">
        <ele>404.62</ele>
        <time>2020-08-13T07:27:02Z</time>
        <extensions>
          <gpxtpx:TrackPointExtension>
            <gpxtpx:depth>0</gpxtpx:depth>
          </gpxtpx:TrackPointExtension>
          <gpxx:TrackPointExtension>
            <gpxx:Depth>0</gpxx:Depth>
          </gpxx:TrackPointExtension>
        </extensions>
      </trkpt>
      <trkpt lat="49.619749384000897" lon="11.565085882321">
        <ele>405.50999999999999</ele>
        <time>2020-08-13T07:27:18Z</time>
        <extensions>
          <gpxtpx:TrackPointExtension>
            <gpxtpx:depth>0</gpxtpx:depth>
          </gpxtpx:TrackPointExtension>
          <gpxx:TrackPointExtension>
            <gpxx:Depth>0</gpxx:Depth>
          </gpxx:TrackPointExtension>
        </extensions>
      </trkpt>
      <trkpt lat="49.619809314608574" lon="11.565029136836529">
        <ele>401.25999999999999</ele>
        <time>2020-08-13T07:27:56Z</time>
        <extensions>
          <gpxtpx:TrackPointExtension>
            <gpxtpx:depth>0</gpxtpx:depth>
          </gpxtpx:TrackPointExtension>
          <gpxx:TrackPointExtension>
            <gpxx:Depth>0</gpxx:Depth>
          </gpxx:TrackPointExtension>
        </extensions>
      </trkpt>
      <trkpt lat="49.619928169995546" lon="11.564943306148052">
        <ele>397.94999999999999</ele>
        <time>2020-08-13T07:34:13Z</time>
        <extensions>
          <gpxtpx:TrackPointExtension>
            <gpxtpx:depth>0</gpxtpx:depth>
          </gpxtpx:TrackPointExtension>
          <gpxx:TrackPointExtension>
            <gpxx:Depth>0</gpxx:Depth>
          </gpxx:TrackPointExtension>
        </extensions>
      </trkpt>
      <trkpt lat="49.62002070620656" lon="11.564972642809153">
        <ele>397.85000000000002</ele>
        <time>2020-08-13T07:34:21Z</time>
        <extensions>
          <gpxtpx:TrackPointExtension>
            <gpxtpx:depth>0</gpxtpx:depth>
          </gpxtpx:TrackPointExtension>
          <gpxx:TrackPointExtension>
            <gpxx:Depth>0</gpxx:Depth>
          </gpxx:TrackPointExtension>
        </extensions>
      </trkpt>
      <trkpt lat="49.620282053947449" lon="11.565103735774755">
        <ele>397.25999999999999</ele>
        <time>2020-08-13T07:34:42Z</time>
        <extensions>
          <gpxtpx:TrackPointExtension>
            <gpxtpx:depth>0</gpxtpx:depth>
          </gpxtpx:TrackPointExtension>
          <gpxx:TrackPointExtension>
            <gpxx:Depth>0</gpxx:Depth>
          </gpxx:TrackPointExtension>
        </extensions>
      </trkpt>
      <trkpt lat="49.62055136449635" lon="11.565393079072237">
        <ele>396.74000000000001</ele>
        <time>2020-08-13T07:35:07Z</time>
        <extensions>
          <gpxtpx:TrackPointExtension>
            <gpxtpx:depth>0</gpxtpx:depth>
          </gpxtpx:TrackPointExtension>
          <gpxx:TrackPointExtension>
            <gpxx:Depth>0</gpxx:Depth>
          </gpxx:TrackPointExtension>
        </extensions>
      </trkpt>
      <trkpt lat="49.620883874595165" lon="11.565705724060535">
        <ele>396.31999999999999</ele>
        <time>2020-08-13T07:36:00Z</time>
        <extensions>
          <gpxtpx:TrackPointExtension>
            <gpxtpx:depth>0</gpxtpx:depth>
          </gpxtpx:TrackPointExtension>
          <gpxx:TrackPointExtension>
            <gpxx:Depth>0</gpxx:Depth>
          </gpxx:TrackPointExtension>
        </extensions>
      </trkpt>
      <trkpt lat="49.621003484353423" lon="11.565836062654853">
        <ele>396.39999999999998</ele>
        <time>2020-08-13T07:36:12Z</time>
        <extensions>
          <gpxtpx:TrackPointExtension>
            <gpxtpx:depth>0</gpxtpx:depth>
          </gpxtpx:TrackPointExtension>
          <gpxx:TrackPointExtension>
            <gpxx:Depth>0</gpxx:Depth>
          </gpxx:TrackPointExtension>
        </extensions>
      </trkpt>
      <trkpt lat="49.621145641431212" lon="11.566018620505929">
        <ele>397.47000000000003</ele>
        <time>2020-08-13T07:36:27Z</time>
        <extensions>
          <gpxtpx:TrackPointExtension>
            <gpxtpx:depth>0</gpxtpx:depth>
          </gpxtpx:TrackPointExtension>
          <gpxx:TrackPointExtension>
            <gpxx:Depth>0</gpxx:Depth>
          </gpxx:TrackPointExtension>
        </extensions>
      </trkpt>
      <trkpt lat="49.621540680527687" lon="11.566374013200402">
        <ele>400.95999999999998</ele>
        <time>2020-08-13T07:37:02Z</time>
        <extensions>
          <gpxtpx:TrackPointExtension>
            <gpxtpx:depth>0</gpxtpx:depth>
          </gpxtpx:TrackPointExtension>
          <gpxx:TrackPointExtension>
            <gpxx:Depth>0</gpxx:Depth>
          </gpxx:TrackPointExtension>
        </extensions>
      </trkpt>
      <trkpt lat="49.621624667197466" lon="11.566452467814088">
        <ele>399.89999999999998</ele>
        <time>2020-08-13T07:37:18Z</time>
        <extensions>
          <gpxtpx:TrackPointExtension>
            <gpxtpx:depth>0</gpxtpx:depth>
          </gpxtpx:TrackPointExtension>
          <gpxx:TrackPointExtension>
            <gpxx:Depth>0</gpxx:Depth>
          </gpxx:TrackPointExtension>
        </extensions>
      </trkpt>
      <trkpt lat="49.621854163706303" lon="11.566571909934282">
        <ele>401.49000000000001</ele>
        <time>2020-08-13T07:37:44Z</time>
        <extensions>
          <gpxtpx:TrackPointExtension>
            <gpxtpx:depth>0</gpxtpx:depth>
          </gpxtpx:TrackPointExtension>
          <gpxx:TrackPointExtension>
            <gpxx:Depth>0</gpxx:Depth>
          </gpxx:TrackPointExtension>
        </extensions>
      </trkpt>
      <trkpt lat="49.622115092352033" lon="11.566560678184032">
        <ele>403.99000000000001</ele>
        <time>2020-08-13T07:38:03Z</time>
        <extensions>
          <gpxtpx:TrackPointExtension>
            <gpxtpx:depth>0</gpxtpx:depth>
          </gpxtpx:TrackPointExtension>
          <gpxx:TrackPointExtension>
            <gpxx:Depth>0</gpxx:Depth>
          </gpxx:TrackPointExtension>
        </extensions>
      </trkpt>
      <trkpt lat="49.62222246453166" lon="11.5665502846241">
        <ele>403.55000000000001</ele>
        <time>2020-08-13T07:38:10Z</time>
        <extensions>
          <gpxtpx:TrackPointExtension>
            <gpxtpx:depth>0</gpxtpx:depth>
          </gpxtpx:TrackPointExtension>
          <gpxx:TrackPointExtension>
            <gpxx:Depth>0</gpxx:Depth>
          </gpxx:TrackPointExtension>
        </extensions>
      </trkpt>
      <trkpt lat="49.622250040993094" lon="11.56654492020607">
        <ele>403.47000000000003</ele>
        <time>2020-08-13T07:38:12Z</time>
        <extensions>
          <gpxtpx:TrackPointExtension>
            <gpxtpx:depth>0</gpxtpx:depth>
          </gpxtpx:TrackPointExtension>
          <gpxx:TrackPointExtension>
            <gpxx:Depth>0</gpxx:Depth>
          </gpxx:TrackPointExtension>
        </extensions>
      </trkpt>
      <trkpt lat="49.622300835326314" lon="11.566529497504234">
        <ele>403.38</ele>
        <time>2020-08-13T07:38:16Z</time>
        <extensions>
          <gpxtpx:TrackPointExtension>
            <gpxtpx:depth>0</gpxtpx:depth>
          </gpxtpx:TrackPointExtension>
          <gpxx:TrackPointExtension>
            <gpxx:Depth>0</gpxx:Depth>
          </gpxx:TrackPointExtension>
        </extensions>
      </trkpt>
      <trkpt lat="49.622484482824802" lon="11.56641349196434">
        <ele>401.05000000000001</ele>
        <time>2020-08-13T07:38:31Z</time>
        <extensions>
          <gpxtpx:TrackPointExtension>
            <gpxtpx:depth>0</gpxtpx:depth>
          </gpxtpx:TrackPointExtension>
          <gpxx:TrackPointExtension>
            <gpxx:Depth>0</gpxx:Depth>
          </gpxx:TrackPointExtension>
        </extensions>
      </trkpt>
      <trkpt lat="49.622542904689908" lon="11.566272173076868">
        <ele>400.18000000000001</ele>
        <time>2020-08-13T07:38:41Z</time>
        <extensions>
          <gpxtpx:TrackPointExtension>
            <gpxtpx:depth>0</gpxtpx:depth>
          </gpxtpx:TrackPointExtension>
          <gpxx:TrackPointExtension>
            <gpxx:Depth>0</gpxx:Depth>
          </gpxx:TrackPointExtension>
        </extensions>
      </trkpt>
      <trkpt lat="49.622624544426799" lon="11.566058015450835">
        <ele>397.89999999999998</ele>
        <time>2020-08-13T07:38:53Z</time>
        <extensions>
          <gpxtpx:TrackPointExtension>
            <gpxtpx:depth>0</gpxtpx:depth>
          </gpxtpx:TrackPointExtension>
          <gpxx:TrackPointExtension>
            <gpxx:Depth>0</gpxx:Depth>
          </gpxx:TrackPointExtension>
        </extensions>
      </trkpt>
      <trkpt lat="49.622733760625124" lon="11.565709328278899">
        <ele>396.37</ele>
        <time>2020-08-13T07:39:12Z</time>
        <extensions>
          <gpxtpx:TrackPointExtension>
            <gpxtpx:depth>0</gpxtpx:depth>
          </gpxtpx:TrackPointExtension>
          <gpxx:TrackPointExtension>
            <gpxx:Depth>0</gpxx:Depth>
          </gpxx:TrackPointExtension>
        </extensions>
      </trkpt>
      <trkpt lat="49.62284741923213" lon="11.5654157102108">
        <ele>394.81</ele>
        <time>2020-08-13T07:39:29Z</time>
        <extensions>
          <gpxtpx:TrackPointExtension>
            <gpxtpx:depth>0</gpxtpx:depth>
          </gpxtpx:TrackPointExtension>
          <gpxx:TrackPointExtension>
            <gpxx:Depth>0</gpxx:Depth>
          </gpxx:TrackPointExtension>
        </extensions>
      </trkpt>
      <trkpt lat="49.623155537992716" lon="11.564979683607817">
        <ele>394.66000000000003</ele>
        <time>2020-08-13T07:40:04Z</time>
        <extensions>
          <gpxtpx:TrackPointExtension>
            <gpxtpx:depth>0</gpxtpx:depth>
          </gpxtpx:TrackPointExtension>
          <gpxx:TrackPointExtension>
            <gpxx:Depth>0</gpxx:Depth>
          </gpxx:TrackPointExtension>
        </extensions>
      </trkpt>
      <trkpt lat="49.623381095007062" lon="11.564810955896974">
        <ele>395.18000000000001</ele>
        <time>2020-08-13T07:40:23Z</time>
        <extensions>
          <gpxtpx:TrackPointExtension>
            <gpxtpx:depth>0</gpxtpx:depth>
          </gpxtpx:TrackPointExtension>
          <gpxx:TrackPointExtension>
            <gpxx:Depth>0</gpxx:Depth>
          </gpxx:TrackPointExtension>
        </extensions>
      </trkpt>
      <trkpt lat="49.623420573771" lon="11.564764687791467">
        <ele>395.22000000000003</ele>
        <time>2020-08-13T07:40:27Z</time>
        <extensions>
          <gpxtpx:TrackPointExtension>
            <gpxtpx:depth>0</gpxtpx:depth>
          </gpxtpx:TrackPointExtension>
          <gpxx:TrackPointExtension>
            <gpxx:Depth>0</gpxx:Depth>
          </gpxx:TrackPointExtension>
        </extensions>
      </trkpt>
      <trkpt lat="49.623447479680181" lon="11.564525216817856">
        <ele>397.06</ele>
        <time>2020-08-13T07:40:43Z</time>
        <extensions>
          <gpxtpx:TrackPointExtension>
            <gpxtpx:depth>0</gpxtpx:depth>
          </gpxtpx:TrackPointExtension>
          <gpxx:TrackPointExtension>
            <gpxx:Depth>0</gpxx:Depth>
          </gpxx:TrackPointExtension>
        </extensions>
      </trkpt>
      <trkpt lat="49.623456196859479" lon="11.564483558759093">
        <ele>397.05000000000001</ele>
        <time>2020-08-13T07:40:45Z</time>
        <extensions>
          <gpxtpx:TrackPointExtension>
            <gpxtpx:depth>0</gpxtpx:depth>
          </gpxtpx:TrackPointExtension>
          <gpxx:TrackPointExtension>
            <gpxx:Depth>0</gpxx:Depth>
          </gpxx:TrackPointExtension>
        </extensions>
      </trkpt>
      <trkpt lat="49.623437589034438" lon="11.564177367836237">
        <ele>396.5</ele>
        <time>2020-08-13T07:41:04Z</time>
        <extensions>
          <gpxtpx:TrackPointExtension>
            <gpxtpx:depth>0</gpxtpx:depth>
          </gpxtpx:TrackPointExtension>
          <gpxx:TrackPointExtension>
            <gpxx:Depth>0</gpxx:Depth>
          </gpxx:TrackPointExtension>
        </extensions>
      </trkpt>
      <trkpt lat="49.623382855206728" lon="11.563789285719395">
        <ele>400.44999999999999</ele>
        <time>2020-08-13T07:42:38Z</time>
        <extensions>
          <gpxtpx:TrackPointExtension>
            <gpxtpx:depth>0</gpxtpx:depth>
          </gpxtpx:TrackPointExtension>
          <gpxx:TrackPointExtension>
            <gpxx:Depth>0</gpxx:Depth>
          </gpxx:TrackPointExtension>
        </extensions>
      </trkpt>
      <trkpt lat="49.623331809416413" lon="11.563539421185851">
        <ele>401.39999999999998</ele>
        <time>2020-08-13T07:42:53Z</time>
        <extensions>
          <gpxtpx:TrackPointExtension>
            <gpxtpx:depth>0</gpxtpx:depth>
          </gpxtpx:TrackPointExtension>
          <gpxx:TrackPointExtension>
            <gpxx:Depth>0</gpxx:Depth>
          </gpxx:TrackPointExtension>
        </extensions>
      </trkpt>
      <trkpt lat="49.623267687857151" lon="11.563248736783862">
        <ele>405.07999999999998</ele>
        <time>2020-08-13T07:43:10Z</time>
        <extensions>
          <gpxtpx:TrackPointExtension>
            <gpxtpx:depth>0</gpxtpx:depth>
          </gpxtpx:TrackPointExtension>
          <gpxx:TrackPointExtension>
            <gpxx:Depth>0</gpxx:Depth>
          </gpxx:TrackPointExtension>
        </extensions>
      </trkpt>
      <trkpt lat="49.623152688145638" lon="11.562672564759851">
        <ele>413.12</ele>
        <time>2020-08-13T07:43:41Z</time>
        <extensions>
          <gpxtpx:TrackPointExtension>
            <gpxtpx:depth>0</gpxtpx:depth>
          </gpxtpx:TrackPointExtension>
          <gpxx:TrackPointExtension>
            <gpxx:Depth>0</gpxx:Depth>
          </gpxx:TrackPointExtension>
        </extensions>
      </trkpt>
      <trkpt lat="49.623083705082536" lon="11.562159759923816">
        <ele>417.95999999999998</ele>
        <time>2020-08-13T07:44:06Z</time>
        <extensions>
          <gpxtpx:TrackPointExtension>
            <gpxtpx:depth>0</gpxtpx:depth>
          </gpxtpx:TrackPointExtension>
          <gpxx:TrackPointExtension>
            <gpxx:Depth>0</gpxx:Depth>
          </gpxx:TrackPointExtension>
        </extensions>
      </trkpt>
      <trkpt lat="49.623095691204071" lon="11.561757512390614">
        <ele>421.00999999999999</ele>
        <time>2020-08-13T07:44:27Z</time>
        <extensions>
          <gpxtpx:TrackPointExtension>
            <gpxtpx:depth>0</gpxtpx:depth>
          </gpxtpx:TrackPointExtension>
          <gpxx:TrackPointExtension>
            <gpxx:Depth>0</gpxx:Depth>
          </gpxx:TrackPointExtension>
        </extensions>
      </trkpt>
      <trkpt lat="49.623096445575356" lon="11.56166304834187">
        <ele>426.13999999999999</ele>
        <time>2020-08-13T07:44:44Z</time>
        <extensions>
          <gpxtpx:TrackPointExtension>
            <gpxtpx:depth>0</gpxtpx:depth>
          </gpxtpx:TrackPointExtension>
          <gpxx:TrackPointExtension>
            <gpxx:Depth>0</gpxx:Depth>
          </gpxx:TrackPointExtension>
        </extensions>
      </trkpt>
      <trkpt lat="49.623481845483184" lon="11.560847656801343">
        <ele>389.16000000000003</ele>
        <time>2020-08-13T07:54:42Z</time>
        <extensions>
          <gpxtpx:TrackPointExtension>
            <gpxtpx:depth>0</gpxtpx:depth>
          </gpxtpx:TrackPointExtension>
          <gpxx:TrackPointExtension>
            <gpxx:Depth>0</gpxx:Depth>
          </gpxx:TrackPointExtension>
        </extensions>
      </trkpt>
      <trkpt lat="49.623592151328921" lon="11.560546411201358">
        <ele>386.51999999999998</ele>
        <time>2020-08-13T07:54:59Z</time>
        <extensions>
          <gpxtpx:TrackPointExtension>
            <gpxtpx:depth>0</gpxtpx:depth>
          </gpxtpx:TrackPointExtension>
          <gpxx:TrackPointExtension>
            <gpxx:Depth>0</gpxx:Depth>
          </gpxx:TrackPointExtension>
        </extensions>
      </trkpt>
      <trkpt lat="49.623710168525577" lon="11.559383003041148">
        <ele>373.44999999999999</ele>
        <time>2020-08-13T08:00:13Z</time>
        <extensions>
          <gpxtpx:TrackPointExtension>
            <gpxtpx:depth>0</gpxtpx:depth>
          </gpxtpx:TrackPointExtension>
          <gpxx:TrackPointExtension>
            <gpxx:Depth>0</gpxx:Depth>
          </gpxx:TrackPointExtension>
        </extensions>
      </trkpt>
      <trkpt lat="49.623830281198025" lon="11.559023922309279">
        <ele>367.36000000000001</ele>
        <time>2020-08-13T08:00:32Z</time>
        <extensions>
          <gpxtpx:TrackPointExtension>
            <gpxtpx:depth>0</gpxtpx:depth>
          </gpxtpx:TrackPointExtension>
          <gpxx:TrackPointExtension>
            <gpxx:Depth>0</gpxx:Depth>
          </gpxx:TrackPointExtension>
        </extensions>
      </trkpt>
      <trkpt lat="49.623933546245098" lon="11.558767352253199">
        <ele>368.17000000000002</ele>
        <time>2020-08-13T08:00:48Z</time>
        <extensions>
          <gpxtpx:TrackPointExtension>
            <gpxtpx:depth>0</gpxtpx:depth>
          </gpxtpx:TrackPointExtension>
          <gpxx:TrackPointExtension>
            <gpxx:Depth>0</gpxx:Depth>
          </gpxx:TrackPointExtension>
        </extensions>
      </trkpt>
      <trkpt lat="49.624193804338574" lon="11.558489492163062">
        <ele>373.32999999999998</ele>
        <time>2020-08-13T08:01:12Z</time>
        <extensions>
          <gpxtpx:TrackPointExtension>
            <gpxtpx:depth>0</gpxtpx:depth>
          </gpxtpx:TrackPointExtension>
          <gpxx:TrackPointExtension>
            <gpxx:Depth>0</gpxx:Depth>
          </gpxx:TrackPointExtension>
        </extensions>
      </trkpt>
      <trkpt lat="49.624397400766611" lon="11.55821330845356">
        <ele>378.14999999999998</ele>
        <time>2020-08-13T08:01:42Z</time>
        <extensions>
          <gpxtpx:TrackPointExtension>
            <gpxtpx:depth>0</gpxtpx:depth>
          </gpxtpx:TrackPointExtension>
          <gpxx:TrackPointExtension>
            <gpxx:Depth>0</gpxx:Depth>
          </gpxx:TrackPointExtension>
        </extensions>
      </trkpt>
      <trkpt lat="49.624401172623038" lon="11.558160334825516">
        <ele>378.36000000000001</ele>
        <time>2020-08-13T08:01:45Z</time>
        <extensions>
          <gpxtpx:TrackPointExtension>
            <gpxtpx:depth>0</gpxtpx:depth>
          </gpxtpx:TrackPointExtension>
          <gpxx:TrackPointExtension>
            <gpxx:Depth>0</gpxx:Depth>
          </gpxx:TrackPointExtension>
        </extensions>
      </trkpt>
      <trkpt lat="49.624362196773291" lon="11.558079868555069">
        <ele>378.27999999999997</ele>
        <time>2020-08-13T08:01:51Z</time>
        <extensions>
          <gpxtpx:TrackPointExtension>
            <gpxtpx:depth>0</gpxtpx:depth>
          </gpxtpx:TrackPointExtension>
          <gpxx:TrackPointExtension>
            <gpxx:Depth>0</gpxx:Depth>
          </gpxx:TrackPointExtension>
        </extensions>
      </trkpt>
      <trkpt lat="49.624230936169624" lon="11.557865124195814">
        <ele>377.47000000000003</ele>
        <time>2020-08-13T08:02:07Z</time>
        <extensions>
          <gpxtpx:TrackPointExtension>
            <gpxtpx:depth>0</gpxtpx:depth>
          </gpxtpx:TrackPointExtension>
          <gpxx:TrackPointExtension>
            <gpxx:Depth>0</gpxx:Depth>
          </gpxx:TrackPointExtension>
        </extensions>
      </trkpt>
      <trkpt lat="49.624110069125891" lon="11.557618277147412">
        <ele>378.23000000000002</ele>
        <time>2020-08-13T08:02:23Z</time>
        <extensions>
          <gpxtpx:TrackPointExtension>
            <gpxtpx:depth>0</gpxtpx:depth>
          </gpxtpx:TrackPointExtension>
          <gpxx:TrackPointExtension>
            <gpxx:Depth>0</gpxx:Depth>
          </gpxx:TrackPointExtension>
        </extensions>
      </trkpt>
      <trkpt lat="49.623826593160629" lon="11.556976474821568">
        <ele>380.14999999999998</ele>
        <time>2020-08-13T08:03:00Z</time>
        <extensions>
          <gpxtpx:TrackPointExtension>
            <gpxtpx:depth>0</gpxtpx:depth>
          </gpxtpx:TrackPointExtension>
          <gpxx:TrackPointExtension>
            <gpxx:Depth>0</gpxx:Depth>
          </gpxx:TrackPointExtension>
        </extensions>
      </trkpt>
      <trkpt lat="49.623672366142273" lon="11.556460484862328">
        <ele>381.06</ele>
        <time>2020-08-13T08:03:27Z</time>
        <extensions>
          <gpxtpx:TrackPointExtension>
            <gpxtpx:depth>0</gpxtpx:depth>
          </gpxtpx:TrackPointExtension>
          <gpxx:TrackPointExtension>
            <gpxx:Depth>0</gpxx:Depth>
          </gpxx:TrackPointExtension>
        </extensions>
      </trkpt>
      <trkpt lat="49.623546805232763" lon="11.555884899571538">
        <ele>380.86000000000001</ele>
        <time>2020-08-13T08:03:57Z</time>
        <extensions>
          <gpxtpx:TrackPointExtension>
            <gpxtpx:depth>0</gpxtpx:depth>
          </gpxtpx:TrackPointExtension>
          <gpxx:TrackPointExtension>
            <gpxx:Depth>0</gpxx:Depth>
          </gpxx:TrackPointExtension>
        </extensions>
      </trkpt>
      <trkpt lat="49.623535992577672" lon="11.555846342816949">
        <ele>381.11000000000001</ele>
        <time>2020-08-13T08:04:15Z</time>
        <extensions>
          <gpxtpx:TrackPointExtension>
            <gpxtpx:depth>0</gpxtpx:depth>
          </gpxtpx:TrackPointExtension>
          <gpxx:TrackPointExtension>
            <gpxx:Depth>0</gpxx:Depth>
          </gpxx:TrackPointExtension>
        </extensions>
      </trkpt>
      <trkpt lat="49.623534735292196" lon="11.555842151865363">
        <ele>381.26999999999998</ele>
        <time>2020-08-13T08:04:18Z</time>
        <extensions>
          <gpxtpx:TrackPointExtension>
            <gpxtpx:depth>0</gpxtpx:depth>
          </gpxtpx:TrackPointExtension>
          <gpxx:TrackPointExtension>
            <gpxx:Depth>0</gpxx:Depth>
          </gpxx:TrackPointExtension>
        </extensions>
      </trkpt>
      <trkpt lat="49.6235207375139" lon="11.555779622867703">
        <ele>381.42000000000002</ele>
        <time>2020-08-13T08:04:22Z</time>
        <extensions>
          <gpxtpx:TrackPointExtension>
            <gpxtpx:depth>0</gpxtpx:depth>
          </gpxtpx:TrackPointExtension>
          <gpxx:TrackPointExtension>
            <gpxx:Depth>0</gpxx:Depth>
          </gpxx:TrackPointExtension>
        </extensions>
      </trkpt>
      <trkpt lat="49.623420657590032" lon="11.555348290130496">
        <ele>378.27999999999997</ele>
        <time>2020-08-13T08:04:45Z</time>
        <extensions>
          <gpxtpx:TrackPointExtension>
            <gpxtpx:depth>0</gpxtpx:depth>
          </gpxtpx:TrackPointExtension>
          <gpxx:TrackPointExtension>
            <gpxx:Depth>0</gpxx:Depth>
          </gpxx:TrackPointExtension>
        </extensions>
      </trkpt>
      <trkpt lat="49.62332971394062" lon="11.555006057024002">
        <ele>376.32999999999998</ele>
        <time>2020-08-13T08:05:02Z</time>
        <extensions>
          <gpxtpx:TrackPointExtension>
            <gpxtpx:depth>0</gpxtpx:depth>
          </gpxtpx:TrackPointExtension>
          <gpxx:TrackPointExtension>
            <gpxx:Depth>0</gpxx:Depth>
          </gpxx:TrackPointExtension>
        </extensions>
      </trkpt>
      <trkpt lat="49.623321667313576" lon="11.554992226883769">
        <ele>377.25999999999999</ele>
        <time>2020-08-13T08:05:22Z</time>
        <extensions>
          <gpxtpx:TrackPointExtension>
            <gpxtpx:depth>0</gpxtpx:depth>
          </gpxtpx:TrackPointExtension>
          <gpxx:TrackPointExtension>
            <gpxx:Depth>0</gpxx:Depth>
          </gpxx:TrackPointExtension>
        </extensions>
      </trkpt>
      <trkpt lat="49.623197531327605" lon="11.554551590234041">
        <ele>376.25</ele>
        <time>2020-08-13T08:05:55Z</time>
        <extensions>
          <gpxtpx:TrackPointExtension>
            <gpxtpx:depth>0</gpxtpx:depth>
          </gpxtpx:TrackPointExtension>
          <gpxx:TrackPointExtension>
            <gpxx:Depth>0</gpxx:Depth>
          </gpxx:TrackPointExtension>
        </extensions>
      </trkpt>
      <trkpt lat="49.623110862448812" lon="11.554294349625707">
        <ele>374.36000000000001</ele>
        <time>2020-08-13T08:06:11Z</time>
        <extensions>
          <gpxtpx:TrackPointExtension>
            <gpxtpx:depth>0</gpxtpx:depth>
          </gpxtpx:TrackPointExtension>
          <gpxx:TrackPointExtension>
            <gpxx:Depth>0</gpxx:Depth>
          </gpxx:TrackPointExtension>
        </extensions>
      </trkpt>
      <trkpt lat="49.623020756989717" lon="11.55403995886445">
        <ele>371.17000000000002</ele>
        <time>2020-08-13T08:06:29Z</time>
        <extensions>
          <gpxtpx:TrackPointExtension>
            <gpxtpx:depth>0</gpxtpx:depth>
          </gpxtpx:TrackPointExtension>
          <gpxx:TrackPointExtension>
            <gpxx:Depth>0</gpxx:Depth>
          </gpxx:TrackPointExtension>
        </extensions>
      </trkpt>
      <trkpt lat="49.622963257133961" lon="11.553934514522552">
        <ele>378.22000000000003</ele>
        <time>2020-08-13T08:06:57Z</time>
        <extensions>
          <gpxtpx:TrackPointExtension>
            <gpxtpx:depth>0</gpxtpx:depth>
          </gpxtpx:TrackPointExtension>
          <gpxx:TrackPointExtension>
            <gpxx:Depth>0</gpxx:Depth>
          </gpxx:TrackPointExtension>
        </extensions>
      </trkpt>
      <trkpt lat="49.623146653175354" lon="11.55379612930119">
        <ele>382.22000000000003</ele>
        <time>2020-08-13T08:08:58Z</time>
        <extensions>
          <gpxtpx:TrackPointExtension>
            <gpxtpx:depth>0</gpxtpx:depth>
          </gpxtpx:TrackPointExtension>
          <gpxx:TrackPointExtension>
            <gpxx:Depth>0</gpxx:Depth>
          </gpxx:TrackPointExtension>
        </extensions>
      </trkpt>
      <trkpt lat="49.623213708400726" lon="11.553741814568639">
        <ele>382.44999999999999</ele>
        <time>2020-08-13T08:09:03Z</time>
        <extensions>
          <gpxtpx:TrackPointExtension>
            <gpxtpx:depth>0</gpxtpx:depth>
          </gpxtpx:TrackPointExtension>
          <gpxx:TrackPointExtension>
            <gpxx:Depth>0</gpxx:Depth>
          </gpxx:TrackPointExtension>
        </extensions>
      </trkpt>
      <trkpt lat="49.623250337317586" lon="11.553667215630412">
        <ele>382.69999999999999</ele>
        <time>2020-08-13T08:09:08Z</time>
        <extensions>
          <gpxtpx:TrackPointExtension>
            <gpxtpx:depth>0</gpxtpx:depth>
          </gpxtpx:TrackPointExtension>
          <gpxx:TrackPointExtension>
            <gpxx:Depth>0</gpxx:Depth>
          </gpxx:TrackPointExtension>
        </extensions>
      </trkpt>
      <trkpt lat="49.623229717835784" lon="11.55346336774528">
        <ele>381.92000000000002</ele>
        <time>2020-08-13T08:09:17Z</time>
        <extensions>
          <gpxtpx:TrackPointExtension>
            <gpxtpx:depth>0</gpxtpx:depth>
          </gpxtpx:TrackPointExtension>
          <gpxx:TrackPointExtension>
            <gpxx:Depth>0</gpxx:Depth>
          </gpxx:TrackPointExtension>
        </extensions>
      </trkpt>
      <trkpt lat="49.623265257105231" lon="11.553099676966667">
        <ele>381.26999999999998</ele>
        <time>2020-08-13T08:09:35Z</time>
        <extensions>
          <gpxtpx:TrackPointExtension>
            <gpxtpx:depth>0</gpxtpx:depth>
          </gpxtpx:TrackPointExtension>
          <gpxx:TrackPointExtension>
            <gpxx:Depth>0</gpxx:Depth>
          </gpxx:TrackPointExtension>
        </extensions>
      </trkpt>
      <trkpt lat="49.623452760279179" lon="11.552977384999394">
        <ele>381.05000000000001</ele>
        <time>2020-08-13T08:09:53Z</time>
        <extensions>
          <gpxtpx:TrackPointExtension>
            <gpxtpx:depth>0</gpxtpx:depth>
          </gpxtpx:TrackPointExtension>
          <gpxx:TrackPointExtension>
            <gpxx:Depth>0</gpxx:Depth>
          </gpxx:TrackPointExtension>
        </extensions>
      </trkpt>
      <trkpt lat="49.623596593737602" lon="11.552982414141297">
        <ele>385.76999999999998</ele>
        <time>2020-08-13T08:10:11Z</time>
        <extensions>
          <gpxtpx:TrackPointExtension>
            <gpxtpx:depth>0</gpxtpx:depth>
          </gpxtpx:TrackPointExtension>
          <gpxx:TrackPointExtension>
            <gpxx:Depth>0</gpxx:Depth>
          </gpxx:TrackPointExtension>
        </extensions>
      </trkpt>
    </trkseg>
  </trk>

</gpx>