<?xml version='1.0' encoding='UTF-8' ?>
<gpx version="1.1" creator="S Health_0.2" n0:schemaLocation="http://www.topografix.com/GPX/1/1 http://www.topografix.com/GPX/1/1/gpx.xsd" xmlns="http://www.topografix.com/GPX/1/1" n1:xsi="http://www.w3.org/2001/XMLSchema-instance" n1:gpx1="http://www.topografix.com/GPX/1/0" n1:ogt10="http://gpstracker.android.sogeti.n1/GPX/1/0" xmlns:n0="xsi" xmlns:n1="xmlns">
  <metadate>2020-03-27T13:57:03Z</metadate>
  <trk>
    <name>20200327_145702.gpx</name>
    <trkseg>
      <trkpt lat="50.909164" lon="7.90929">
        <ele>359.0718</ele>
        <time>2020-03-27T13:57:03Z</time>
      </trkpt>
      <trkpt lat="50.909164" lon="7.9093094">
        <ele>371.63846</ele>
        <time>2020-03-27T13:57:04Z</time>
      </trkpt>
      <trkpt lat="50.909157" lon="7.9093165">
        <ele>371.5909</ele>
        <time>2020-03-27T13:57:05Z</time>
      </trkpt>
      <trkpt lat="50.909054" lon="7.9093447">
        <ele>372.809</ele>
        <time>2020-03-27T13:57:17Z</time>
      </trkpt>
      <trkpt lat="50.90904" lon="7.909352">
        <ele>372.91205</ele>
        <time>2020-03-27T13:57:18Z</time>
      </trkpt>
      <trkpt lat="50.90894" lon="7.909363">
        <ele>374.69293</ele>
        <time>2020-03-27T13:57:29Z</time>
      </trkpt>
      <trkpt lat="50.908936" lon="7.9093657">
        <ele>374.45776</ele>
        <time>2020-03-27T13:57:30Z</time>
      </trkpt>
      <trkpt lat="50.908855" lon="7.9094467">
        <ele>375.51996</ele>
        <time>2020-03-27T13:57:44Z</time>
      </trkpt>
      <trkpt lat="50.908833" lon="7.909482">
        <ele>375.79477</ele>
        <time>2020-03-27T13:57:46Z</time>
      </trkpt>
      <trkpt lat="50.908833" lon="7.909482">
        <ele>375.79477</ele>
        <time>2020-03-27T13:57:46Z</time>
      </trkpt>
      <trkpt lat="50.908783" lon="7.909621">
        <ele>374.33624</ele>
        <time>2020-03-27T13:57:54Z</time>
      </trkpt>
      <trkpt lat="50.908768" lon="7.9096503">
        <ele>374.87262</ele>
        <time>2020-03-27T13:57:56Z</time>
      </trkpt>
      <trkpt lat="50.908726" lon="7.909795">
        <ele>375.38257</ele>
        <time>2020-03-27T13:58:03Z</time>
      </trkpt>
      <trkpt lat="50.90864" lon="7.909864">
        <ele>374.07993</ele>
        <time>2020-03-27T13:58:09Z</time>
      </trkpt>
      <trkpt lat="50.90857" lon="7.9099693">
        <ele>375.33237</ele>
        <time>2020-03-27T13:58:17Z</time>
      </trkpt>
      <trkpt lat="50.908535" lon="7.9101195">
        <ele>375.1897</ele>
        <time>2020-03-27T13:58:23Z</time>
      </trkpt>
      <trkpt lat="50.90852" lon="7.91027">
        <ele>375.66794</ele>
        <time>2020-03-27T13:58:31Z</time>
      </trkpt>
      <trkpt lat="50.908516" lon="7.9103155">
        <ele>376.79617</ele>
        <time>2020-03-27T13:58:33Z</time>
      </trkpt>
      <trkpt lat="50.908497" lon="7.9104767">
        <ele>377.58093</ele>
        <time>2020-03-27T13:58:41Z</time>
      </trkpt>
      <trkpt lat="50.90849" lon="7.9105115">
        <ele>377.91388</ele>
        <time>2020-03-27T13:58:43Z</time>
      </trkpt>
      <trkpt lat="50.908485" lon="7.9105315">
        <ele>377.90594</ele>
        <time>2020-03-27T13:58:44Z</time>
      </trkpt>
      <trkpt lat="50.90845" lon="7.910684">
        <ele>378.5982</ele>
        <time>2020-03-27T13:58:52Z</time>
      </trkpt>
      <trkpt lat="50.908447" lon="7.9107013">
        <ele>379.03156</ele>
        <time>2020-03-27T13:58:53Z</time>
      </trkpt>
      <trkpt lat="50.908443" lon="7.9107156">
        <ele>378.90207</ele>
        <time>2020-03-27T13:58:54Z</time>
      </trkpt>
      <trkpt lat="50.908375" lon="7.9108267">
        <ele>379.05798</ele>
        <time>2020-03-27T13:59:03Z</time>
      </trkpt>
      <trkpt lat="50.90836" lon="7.9108377">
        <ele>379.0897</ele>
        <time>2020-03-27T13:59:04Z</time>
      </trkpt>
      <trkpt lat="50.908283" lon="7.9109306">
        <ele>380.08316</ele>
        <time>2020-03-27T13:59:10Z</time>
      </trkpt>
      <trkpt lat="50.908268" lon="7.9109464">
        <ele>380.06204</ele>
        <time>2020-03-27T13:59:11Z</time>
      </trkpt>
      <trkpt lat="50.908176" lon="7.9110184">
        <ele>380.04883</ele>
        <time>2020-03-27T13:59:19Z</time>
      </trkpt>
      <trkpt lat="50.908165" lon="7.9110265">
        <ele>379.78723</ele>
        <time>2020-03-27T13:59:20Z</time>
      </trkpt>
      <trkpt lat="50.90807" lon="7.911077">
        <ele>381.08987</ele>
        <time>2020-03-27T13:59:29Z</time>
      </trkpt>
      <trkpt lat="50.908054" lon="7.9110804">
        <ele>380.7226</ele>
        <time>2020-03-27T13:59:30Z</time>
      </trkpt>
      <trkpt lat="50.90796" lon="7.9110923">
        <ele>380.0092</ele>
        <time>2020-03-27T13:59:36Z</time>
      </trkpt>
      <trkpt lat="50.90794" lon="7.911099">
        <ele>381.3039</ele>
        <time>2020-03-27T13:59:37Z</time>
      </trkpt>
      <trkpt lat="50.907845" lon="7.911102">
        <ele>381.44394</ele>
        <time>2020-03-27T13:59:42Z</time>
      </trkpt>
      <trkpt lat="50.907845" lon="7.911102">
        <ele>381.44394</ele>
        <time>2020-03-27T13:59:42Z</time>
      </trkpt>
      <trkpt lat="50.907745" lon="7.9111114">
        <ele>381.58398</ele>
        <time>2020-03-27T13:59:49Z</time>
      </trkpt>
      <trkpt lat="50.90765" lon="7.911121">
        <ele>380.62747</ele>
        <time>2020-03-27T13:59:58Z</time>
      </trkpt>
      <trkpt lat="50.907635" lon="7.9111233">
        <ele>381.10046</ele>
        <time>2020-03-27T13:59:59Z</time>
      </trkpt>
      <trkpt lat="50.907536" lon="7.9111385">
        <ele>381.62097</ele>
        <time>2020-03-27T14:00:06Z</time>
      </trkpt>
      <trkpt lat="50.90744" lon="7.911133">
        <ele>380.8838</ele>
        <time>2020-03-27T14:00:13Z</time>
      </trkpt>
      <trkpt lat="50.907425" lon="7.9111347">
        <ele>380.95248</ele>
        <time>2020-03-27T14:00:14Z</time>
      </trkpt>
      <trkpt lat="50.907333" lon="7.9111257">
        <ele>381.35675</ele>
        <time>2020-03-27T14:00:21Z</time>
      </trkpt>
      <trkpt lat="50.907234" lon="7.911139">
        <ele>382.09924</ele>
        <time>2020-03-27T14:00:28Z</time>
      </trkpt>
      <trkpt lat="50.907227" lon="7.9111514">
        <ele>382.20227</ele>
        <time>2020-03-27T14:00:29Z</time>
      </trkpt>
      <trkpt lat="50.907127" lon="7.911149">
        <ele>382.30005</ele>
        <time>2020-03-27T14:00:37Z</time>
      </trkpt>
      <trkpt lat="50.907112" lon="7.91115">
        <ele>382.27362</ele>
        <time>2020-03-27T14:00:38Z</time>
      </trkpt>
      <trkpt lat="50.90702" lon="7.911172">
        <ele>381.62363</ele>
        <time>2020-03-27T14:00:44Z</time>
      </trkpt>
      <trkpt lat="50.90693" lon="7.9111514">
        <ele>381.70554</ele>
        <time>2020-03-27T14:00:51Z</time>
      </trkpt>
      <trkpt lat="50.906837" lon="7.911115">
        <ele>382.30798</ele>
        <time>2020-03-27T14:00:58Z</time>
      </trkpt>
      <trkpt lat="50.906746" lon="7.911103">
        <ele>381.2775</ele>
        <time>2020-03-27T14:01:05Z</time>
      </trkpt>
      <trkpt lat="50.906643" lon="7.9110928">
        <ele>381.8588</ele>
        <time>2020-03-27T14:01:13Z</time>
      </trkpt>
      <trkpt lat="50.90663" lon="7.911093">
        <ele>381.37524</ele>
        <time>2020-03-27T14:01:14Z</time>
      </trkpt>
      <trkpt lat="50.906536" lon="7.9110847">
        <ele>381.91162</ele>
        <time>2020-03-27T14:01:21Z</time>
      </trkpt>
      <trkpt lat="50.90644" lon="7.9110894">
        <ele>382.58276</ele>
        <time>2020-03-27T14:01:28Z</time>
      </trkpt>
      <trkpt lat="50.90643" lon="7.911089">
        <ele>382.01468</ele>
        <time>2020-03-27T14:01:29Z</time>
      </trkpt>
      <trkpt lat="50.906338" lon="7.9110904">
        <ele>381.44394</ele>
        <time>2020-03-27T14:01:36Z</time>
      </trkpt>
      <trkpt lat="50.906322" lon="7.911089">
        <ele>382.0966</ele>
        <time>2020-03-27T14:01:37Z</time>
      </trkpt>
      <trkpt lat="50.90622" lon="7.911112">
        <ele>383.94617</ele>
        <time>2020-03-27T14:01:44Z</time>
      </trkpt>
      <trkpt lat="50.906204" lon="7.9111195">
        <ele>383.84314</ele>
        <time>2020-03-27T14:01:45Z</time>
      </trkpt>
      <trkpt lat="50.906113" lon="7.911141">
        <ele>382.77567</ele>
        <time>2020-03-27T14:01:51Z</time>
      </trkpt>
      <trkpt lat="50.906013" lon="7.9111724">
        <ele>382.06488</ele>
        <time>2020-03-27T14:01:58Z</time>
      </trkpt>
      <trkpt lat="50.905914" lon="7.911216">
        <ele>381.8086</ele>
        <time>2020-03-27T14:02:07Z</time>
      </trkpt>
      <trkpt lat="50.905827" lon="7.911293">
        <ele>382.14413</ele>
        <time>2020-03-27T14:02:14Z</time>
      </trkpt>
      <trkpt lat="50.905735" lon="7.9113717">
        <ele>382.38724</ele>
        <time>2020-03-27T14:02:21Z</time>
      </trkpt>
      <trkpt lat="50.905663" lon="7.911461">
        <ele>381.33826</ele>
        <time>2020-03-27T14:02:29Z</time>
      </trkpt>
      <trkpt lat="50.905605" lon="7.9115787">
        <ele>383.40717</ele>
        <time>2020-03-27T14:02:38Z</time>
      </trkpt>
      <trkpt lat="50.90554" lon="7.911698">
        <ele>382.31854</ele>
        <time>2020-03-27T14:02:44Z</time>
      </trkpt>
      <trkpt lat="50.905483" lon="7.9118257">
        <ele>382.0728</ele>
        <time>2020-03-27T14:02:51Z</time>
      </trkpt>
      <trkpt lat="50.90542" lon="7.911934">
        <ele>382.52463</ele>
        <time>2020-03-27T14:02:59Z</time>
      </trkpt>
      <trkpt lat="50.905365" lon="7.912049">
        <ele>382.79944</ele>
        <time>2020-03-27T14:03:06Z</time>
      </trkpt>
      <trkpt lat="50.905304" lon="7.9121666">
        <ele>383.43887</ele>
        <time>2020-03-27T14:03:14Z</time>
      </trkpt>
      <trkpt lat="50.905266" lon="7.9123015">
        <ele>383.34903</ele>
        <time>2020-03-27T14:03:22Z</time>
      </trkpt>
      <trkpt lat="50.905205" lon="7.9124207">
        <ele>383.27505</ele>
        <time>2020-03-27T14:03:29Z</time>
      </trkpt>
      <trkpt lat="50.90514" lon="7.9125323">
        <ele>383.4098</ele>
        <time>2020-03-27T14:03:36Z</time>
      </trkpt>
      <trkpt lat="50.905075" lon="7.912655">
        <ele>383.1112</ele>
        <time>2020-03-27T14:03:44Z</time>
      </trkpt>
      <trkpt lat="50.90502" lon="7.9127913">
        <ele>383.42566</ele>
        <time>2020-03-27T14:03:53Z</time>
      </trkpt>
      <trkpt lat="50.904957" lon="7.9129004">
        <ele>383.5736</ele>
        <time>2020-03-27T14:04:02Z</time>
      </trkpt>
      <trkpt lat="50.904903" lon="7.913027">
        <ele>382.2974</ele>
        <time>2020-03-27T14:04:11Z</time>
      </trkpt>
      <trkpt lat="50.90491" lon="7.9131823">
        <ele>381.58664</ele>
        <time>2020-03-27T14:04:20Z</time>
      </trkpt>
      <trkpt lat="50.90485" lon="7.91333">
        <ele>382.71753</ele>
        <time>2020-03-27T14:04:30Z</time>
      </trkpt>
      <trkpt lat="50.904755" lon="7.913375">
        <ele>382.73602</ele>
        <time>2020-03-27T14:04:39Z</time>
      </trkpt>
      <trkpt lat="50.90467" lon="7.913469">
        <ele>382.81793</ele>
        <time>2020-03-27T14:04:49Z</time>
      </trkpt>
      <trkpt lat="50.90462" lon="7.913599">
        <ele>382.70166</ele>
        <time>2020-03-27T14:04:59Z</time>
      </trkpt>
      <trkpt lat="50.904564" lon="7.9137087">
        <ele>382.50085</ele>
        <time>2020-03-27T14:05:07Z</time>
      </trkpt>
      <trkpt lat="50.9045" lon="7.9138184">
        <ele>382.37137</ele>
        <time>2020-03-27T14:05:15Z</time>
      </trkpt>
      <trkpt lat="50.904423" lon="7.913943">
        <ele>381.9407</ele>
        <time>2020-03-27T14:05:24Z</time>
      </trkpt>
      <trkpt lat="50.90436" lon="7.914064">
        <ele>381.51263</ele>
        <time>2020-03-27T14:05:34Z</time>
      </trkpt>
      <trkpt lat="50.9043" lon="7.914188">
        <ele>381.58398</ele>
        <time>2020-03-27T14:05:43Z</time>
      </trkpt>
      <trkpt lat="50.904243" lon="7.9143133">
        <ele>381.67117</ele>
        <time>2020-03-27T14:05:52Z</time>
      </trkpt>
      <trkpt lat="50.904186" lon="7.9144363">
        <ele>381.17972</ele>
        <time>2020-03-27T14:06:01Z</time>
      </trkpt>
      <trkpt lat="50.90413" lon="7.9145513">
        <ele>380.9287</ele>
        <time>2020-03-27T14:06:10Z</time>
      </trkpt>
      <trkpt lat="50.904045" lon="7.91464">
        <ele>380.7966</ele>
        <time>2020-03-27T14:06:20Z</time>
      </trkpt>
      <trkpt lat="50.903976" lon="7.914732">
        <ele>380.8838</ele>
        <time>2020-03-27T14:06:34Z</time>
      </trkpt>
      <trkpt lat="50.903923" lon="7.91487">
        <ele>381.23785</ele>
        <time>2020-03-27T14:06:45Z</time>
      </trkpt>
      <trkpt lat="50.903908" lon="7.9150143">
        <ele>380.8864</ele>
        <time>2020-03-27T14:06:56Z</time>
      </trkpt>
      <trkpt lat="50.903904" lon="7.915171">
        <ele>381.08725</ele>
        <time>2020-03-27T14:07:05Z</time>
      </trkpt>
      <trkpt lat="50.90384" lon="7.9152746">
        <ele>382.27362</ele>
        <time>2020-03-27T14:07:12Z</time>
      </trkpt>
      <trkpt lat="50.90376" lon="7.9153457">
        <ele>383.34903</ele>
        <time>2020-03-27T14:07:28Z</time>
      </trkpt>
      <trkpt lat="50.903706" lon="7.915476">
        <ele>383.3411</ele>
        <time>2020-03-27T14:07:37Z</time>
      </trkpt>
      <trkpt lat="50.903645" lon="7.915605">
        <ele>381.77158</ele>
        <time>2020-03-27T14:07:46Z</time>
      </trkpt>
      <trkpt lat="50.903587" lon="7.9157224">
        <ele>381.13217</ele>
        <time>2020-03-27T14:07:54Z</time>
      </trkpt>
      <trkpt lat="50.90353" lon="7.9158564">
        <ele>380.173</ele>
        <time>2020-03-27T14:08:03Z</time>
      </trkpt>
      <trkpt lat="50.903473" lon="7.915981">
        <ele>378.93115</ele>
        <time>2020-03-27T14:08:10Z</time>
      </trkpt>
      <trkpt lat="50.903423" lon="7.9161105">
        <ele>377.40656</ele>
        <time>2020-03-27T14:08:19Z</time>
      </trkpt>
      <trkpt lat="50.903454" lon="7.916246">
        <ele>376.28357</ele>
        <time>2020-03-27T14:08:27Z</time>
      </trkpt>
      <trkpt lat="50.903503" lon="7.916404">
        <ele>376.3655</ele>
        <time>2020-03-27T14:08:34Z</time>
      </trkpt>
      <trkpt lat="50.90359" lon="7.916438">
        <ele>376.56366</ele>
        <time>2020-03-27T14:08:40Z</time>
      </trkpt>
      <trkpt lat="50.903687" lon="7.9164643">
        <ele>375.67056</ele>
        <time>2020-03-27T14:08:49Z</time>
      </trkpt>
      <trkpt lat="50.90361" lon="7.916546">
        <ele>372.55005</ele>
        <time>2020-03-27T14:09:16Z</time>
      </trkpt>
      <trkpt lat="50.903507" lon="7.9166284">
        <ele>372.4523</ele>
        <time>2020-03-27T14:09:23Z</time>
      </trkpt>
      <trkpt lat="50.90342" lon="7.9166903">
        <ele>372.11407</ele>
        <time>2020-03-27T14:09:28Z</time>
      </trkpt>
      <trkpt lat="50.903336" lon="7.916756">
        <ele>371.79965</ele>
        <time>2020-03-27T14:09:34Z</time>
      </trkpt>
      <trkpt lat="50.903244" lon="7.916803">
        <ele>371.60147</ele>
        <time>2020-03-27T14:09:40Z</time>
      </trkpt>
      <trkpt lat="50.903156" lon="7.916866">
        <ele>371.32404</ele>
        <time>2020-03-27T14:09:46Z</time>
      </trkpt>
      <trkpt lat="50.903076" lon="7.916932">
        <ele>371.33197</ele>
        <time>2020-03-27T14:09:53Z</time>
      </trkpt>
      <trkpt lat="50.902996" lon="7.9170065">
        <ele>371.46408</ele>
        <time>2020-03-27T14:10:00Z</time>
      </trkpt>
      <trkpt lat="50.902905" lon="7.9170384">
        <ele>371.56448</ele>
        <time>2020-03-27T14:10:09Z</time>
      </trkpt>
      <trkpt lat="50.902805" lon="7.9170833">
        <ele>371.81815</ele>
        <time>2020-03-27T14:10:15Z</time>
      </trkpt>
      <trkpt lat="50.902718" lon="7.9171286">
        <ele>371.36896</ele>
        <time>2020-03-27T14:10:22Z</time>
      </trkpt>
      <trkpt lat="50.90263" lon="7.917182">
        <ele>371.0783</ele>
        <time>2020-03-27T14:10:29Z</time>
      </trkpt>
      <trkpt lat="50.90254" lon="7.9172235">
        <ele>370.92505</ele>
        <time>2020-03-27T14:10:36Z</time>
      </trkpt>
      <trkpt lat="50.90245" lon="7.91726">
        <ele>370.7956</ele>
        <time>2020-03-27T14:10:43Z</time>
      </trkpt>
      <trkpt lat="50.902363" lon="7.9172916">
        <ele>370.00818</ele>
        <time>2020-03-27T14:10:50Z</time>
      </trkpt>
      <trkpt lat="50.902275" lon="7.9173226">
        <ele>369.81265</ele>
        <time>2020-03-27T14:10:58Z</time>
      </trkpt>
      <trkpt lat="50.902184" lon="7.917373">
        <ele>369.47708</ele>
        <time>2020-03-27T14:11:04Z</time>
      </trkpt>
      <trkpt lat="50.902092" lon="7.9174285">
        <ele>369.26834</ele>
        <time>2020-03-27T14:11:10Z</time>
      </trkpt>
      <trkpt lat="50.902" lon="7.9174714">
        <ele>368.33826</ele>
        <time>2020-03-27T14:11:18Z</time>
      </trkpt>
      <trkpt lat="50.90191" lon="7.917553">
        <ele>367.78867</ele>
        <time>2020-03-27T14:11:26Z</time>
      </trkpt>
      <trkpt lat="50.901806" lon="7.917641">
        <ele>367.08054</ele>
        <time>2020-03-27T14:11:34Z</time>
      </trkpt>
      <trkpt lat="50.901714" lon="7.9177027">
        <ele>366.26144</ele>
        <time>2020-03-27T14:11:42Z</time>
      </trkpt>
      <trkpt lat="50.901627" lon="7.917769">
        <ele>364.6285</ele>
        <time>2020-03-27T14:11:51Z</time>
      </trkpt>
      <trkpt lat="50.901527" lon="7.917855">
        <ele>363.783</ele>
        <time>2020-03-27T14:11:59Z</time>
      </trkpt>
      <trkpt lat="50.90144" lon="7.917902">
        <ele>362.74457</ele>
        <time>2020-03-27T14:12:05Z</time>
      </trkpt>
      <trkpt lat="50.901356" lon="7.917961">
        <ele>361.59784</ele>
        <time>2020-03-27T14:12:11Z</time>
      </trkpt>
      <trkpt lat="50.90126" lon="7.918028">
        <ele>360.83685</ele>
        <time>2020-03-27T14:12:18Z</time>
      </trkpt>
      <trkpt lat="50.90117" lon="7.9181223">
        <ele>360.2212</ele>
        <time>2020-03-27T14:12:25Z</time>
      </trkpt>
      <trkpt lat="50.901085" lon="7.918192">
        <ele>359.75616</ele>
        <time>2020-03-27T14:12:32Z</time>
      </trkpt>
      <trkpt lat="50.90099" lon="7.918231">
        <ele>359.67953</ele>
        <time>2020-03-27T14:12:39Z</time>
      </trkpt>
      <trkpt lat="50.9009" lon="7.9182773">
        <ele>359.37567</ele>
        <time>2020-03-27T14:12:46Z</time>
      </trkpt>
      <trkpt lat="50.900814" lon="7.918324">
        <ele>359.04803</ele>
        <time>2020-03-27T14:12:54Z</time>
      </trkpt>
      <trkpt lat="50.900715" lon="7.9183545">
        <ele>358.58298</ele>
        <time>2020-03-27T14:13:01Z</time>
      </trkpt>
      <trkpt lat="50.90062" lon="7.918394">
        <ele>358.44296</ele>
        <time>2020-03-27T14:13:08Z</time>
      </trkpt>
      <trkpt lat="50.90053" lon="7.9184484">
        <ele>358.08096</ele>
        <time>2020-03-27T14:13:15Z</time>
      </trkpt>
      <trkpt lat="50.900444" lon="7.918487">
        <ele>357.71103</ele>
        <time>2020-03-27T14:13:22Z</time>
      </trkpt>
      <trkpt lat="50.900356" lon="7.9185386">
        <ele>357.66876</ele>
        <time>2020-03-27T14:13:29Z</time>
      </trkpt>
      <trkpt lat="50.900272" lon="7.918603">
        <ele>356.92365</ele>
        <time>2020-03-27T14:13:36Z</time>
      </trkpt>
      <trkpt lat="50.900185" lon="7.9186482">
        <ele>357.0214</ele>
        <time>2020-03-27T14:13:43Z</time>
      </trkpt>
      <trkpt lat="50.90008" lon="7.918712">
        <ele>356.84702</ele>
        <time>2020-03-27T14:13:51Z</time>
      </trkpt>
      <trkpt lat="50.899967" lon="7.918816">
        <ele>355.8826</ele>
        <time>2020-03-27T14:13:59Z</time>
      </trkpt>
      <trkpt lat="50.899883" lon="7.9188924">
        <ele>356.03055</ele>
        <time>2020-03-27T14:14:05Z</time>
      </trkpt>
      <trkpt lat="50.899788" lon="7.9189544">
        <ele>355.7214</ele>
        <time>2020-03-27T14:14:13Z</time>
      </trkpt>
      <trkpt lat="50.899704" lon="7.9190187">
        <ele>355.11633</ele>
        <time>2020-03-27T14:14:20Z</time>
      </trkpt>
      <trkpt lat="50.899616" lon="7.919065">
        <ele>354.35535</ele>
        <time>2020-03-27T14:14:30Z</time>
      </trkpt>
      <trkpt lat="50.89953" lon="7.9191136">
        <ele>353.6631</ele>
        <time>2020-03-27T14:14:37Z</time>
      </trkpt>
      <trkpt lat="50.89944" lon="7.9191566">
        <ele>352.96817</ele>
        <time>2020-03-27T14:14:44Z</time>
      </trkpt>
      <trkpt lat="50.89934" lon="7.9192214">
        <ele>352.8651</ele>
        <time>2020-03-27T14:14:52Z</time>
      </trkpt>
      <trkpt lat="50.899246" lon="7.9192767">
        <ele>352.08035</ele>
        <time>2020-03-27T14:15:02Z</time>
      </trkpt>
      <trkpt lat="50.89915" lon="7.919322">
        <ele>351.08423</ele>
        <time>2020-03-27T14:15:09Z</time>
      </trkpt>
      <trkpt lat="50.899063" lon="7.9193826">
        <ele>350.56635</ele>
        <time>2020-03-27T14:15:17Z</time>
      </trkpt>
      <trkpt lat="50.89897" lon="7.919416">
        <ele>349.92163</ele>
        <time>2020-03-27T14:15:27Z</time>
      </trkpt>
      <trkpt lat="50.89888" lon="7.919461">
        <ele>349.0576</ele>
        <time>2020-03-27T14:15:35Z</time>
      </trkpt>
      <trkpt lat="50.898796" lon="7.919516">
        <ele>348.85678</ele>
        <time>2020-03-27T14:15:42Z</time>
      </trkpt>
      <trkpt lat="50.898705" lon="7.9195795">
        <ele>348.32303</ele>
        <time>2020-03-27T14:15:48Z</time>
      </trkpt>
      <trkpt lat="50.898617" lon="7.919627">
        <ele>347.81308</ele>
        <time>2020-03-27T14:15:55Z</time>
      </trkpt>
      <trkpt lat="50.89853" lon="7.9196978">
        <ele>347.1763</ele>
        <time>2020-03-27T14:16:02Z</time>
      </trkpt>
      <trkpt lat="50.89844" lon="7.9197564">
        <ele>346.5633</ele>
        <time>2020-03-27T14:16:09Z</time>
      </trkpt>
      <trkpt lat="50.89835" lon="7.9198112">
        <ele>345.9503</ele>
        <time>2020-03-27T14:16:16Z</time>
      </trkpt>
      <trkpt lat="50.898266" lon="7.919871">
        <ele>345.4086</ele>
        <time>2020-03-27T14:16:23Z</time>
      </trkpt>
      <trkpt lat="50.898182" lon="7.919926">
        <ele>344.89603</ele>
        <time>2020-03-27T14:16:30Z</time>
      </trkpt>
      <trkpt lat="50.898094" lon="7.9199777">
        <ele>344.07428</ele>
        <time>2020-03-27T14:16:38Z</time>
      </trkpt>
      <trkpt lat="50.898006" lon="7.9200273">
        <ele>343.51147</ele>
        <time>2020-03-27T14:16:45Z</time>
      </trkpt>
      <trkpt lat="50.897915" lon="7.9200864">
        <ele>342.7452</ele>
        <time>2020-03-27T14:16:54Z</time>
      </trkpt>
      <trkpt lat="50.89783" lon="7.9201436">
        <ele>342.2511</ele>
        <time>2020-03-27T14:17:01Z</time>
      </trkpt>
      <trkpt lat="50.89774" lon="7.920216">
        <ele>341.7887</ele>
        <time>2020-03-27T14:17:09Z</time>
      </trkpt>
      <trkpt lat="50.897655" lon="7.920271">
        <ele>341.74115</ele>
        <time>2020-03-27T14:17:17Z</time>
      </trkpt>
      <trkpt lat="50.897564" lon="7.920343">
        <ele>341.82834</ele>
        <time>2020-03-27T14:17:26Z</time>
      </trkpt>
      <trkpt lat="50.89748" lon="7.920402">
        <ele>341.83627</ele>
        <time>2020-03-27T14:17:33Z</time>
      </trkpt>
      <trkpt lat="50.897385" lon="7.9204817">
        <ele>342.00537</ele>
        <time>2020-03-27T14:17:39Z</time>
      </trkpt>
      <trkpt lat="50.897305" lon="7.920563">
        <ele>342.22733</ele>
        <time>2020-03-27T14:17:44Z</time>
      </trkpt>
      <trkpt lat="50.897217" lon="7.9206405">
        <ele>342.97507</ele>
        <time>2020-03-27T14:17:52Z</time>
      </trkpt>
      <trkpt lat="50.897144" lon="7.920741">
        <ele>343.11777</ele>
        <time>2020-03-27T14:17:58Z</time>
      </trkpt>
      <trkpt lat="50.897057" lon="7.920839">
        <ele>343.56696</ele>
        <time>2020-03-27T14:18:04Z</time>
      </trkpt>
      <trkpt lat="50.896965" lon="7.920913">
        <ele>343.66736</ele>
        <time>2020-03-27T14:18:10Z</time>
      </trkpt>
      <trkpt lat="50.896873" lon="7.9208837">
        <ele>343.41635</ele>
        <time>2020-03-27T14:18:16Z</time>
      </trkpt>
      <trkpt lat="50.896816" lon="7.920765">
        <ele>341.8997</ele>
        <time>2020-03-27T14:18:24Z</time>
      </trkpt>
      <trkpt lat="50.89674" lon="7.9206696">
        <ele>341.74115</ele>
        <time>2020-03-27T14:18:33Z</time>
      </trkpt>
      <trkpt lat="50.89667" lon="7.9207654">
        <ele>342.78482</ele>
        <time>2020-03-27T14:18:40Z</time>
      </trkpt>
      <trkpt lat="50.89661" lon="7.920884">
        <ele>344.28302</ele>
        <time>2020-03-27T14:18:47Z</time>
      </trkpt>
      <trkpt lat="50.89656" lon="7.9210105">
        <ele>344.54724</ele>
        <time>2020-03-27T14:18:53Z</time>
      </trkpt>
      <trkpt lat="50.896492" lon="7.921127">
        <ele>345.91064</ele>
        <time>2020-03-27T14:19:00Z</time>
      </trkpt>
      <trkpt lat="50.896435" lon="7.921255">
        <ele>347.43524</ele>
        <time>2020-03-27T14:19:08Z</time>
      </trkpt>
      <trkpt lat="50.89637" lon="7.921369">
        <ele>348.74582</ele>
        <time>2020-03-27T14:19:15Z</time>
      </trkpt>
      <trkpt lat="50.89631" lon="7.921517">
        <ele>349.82385</ele>
        <time>2020-03-27T14:19:22Z</time>
      </trkpt>
      <trkpt lat="50.896255" lon="7.921635">
        <ele>351.0578</ele>
        <time>2020-03-27T14:19:30Z</time>
      </trkpt>
      <trkpt lat="50.896202" lon="7.921761">
        <ele>352.334</ele>
        <time>2020-03-27T14:19:39Z</time>
      </trkpt>
      <trkpt lat="50.89615" lon="7.9218855">
        <ele>354.5905</ele>
        <time>2020-03-27T14:19:48Z</time>
      </trkpt>
      <trkpt lat="50.896088" lon="7.9220095">
        <ele>355.7584</ele>
        <time>2020-03-27T14:19:56Z</time>
      </trkpt>
      <trkpt lat="50.89601" lon="7.922114">
        <ele>356.76776</ele>
        <time>2020-03-27T14:20:06Z</time>
      </trkpt>
      <trkpt lat="50.895924" lon="7.9221754">
        <ele>358.40594</ele>
        <time>2020-03-27T14:20:14Z</time>
      </trkpt>
      <trkpt lat="50.895832" lon="7.92223">
        <ele>359.57913</ele>
        <time>2020-03-27T14:20:22Z</time>
      </trkpt>
      <trkpt lat="50.895744" lon="7.922303">
        <ele>362.04965</ele>
        <time>2020-03-27T14:20:30Z</time>
      </trkpt>
      <trkpt lat="50.89565" lon="7.9223547">
        <ele>363.0907</ele>
        <time>2020-03-27T14:20:39Z</time>
      </trkpt>
      <trkpt lat="50.89557" lon="7.92244">
        <ele>364.8082</ele>
        <time>2020-03-27T14:20:48Z</time>
      </trkpt>
      <trkpt lat="50.89549" lon="7.922516">
        <ele>366.67892</ele>
        <time>2020-03-27T14:20:57Z</time>
      </trkpt>
      <trkpt lat="50.895393" lon="7.922596">
        <ele>367.16772</ele>
        <time>2020-03-27T14:21:06Z</time>
      </trkpt>
      <trkpt lat="50.895313" lon="7.9226704">
        <ele>368.4783</ele>
        <time>2020-03-27T14:21:14Z</time>
      </trkpt>
      <trkpt lat="50.895226" lon="7.922737">
        <ele>369.8655</ele>
        <time>2020-03-27T14:21:22Z</time>
      </trkpt>
      <trkpt lat="50.895138" lon="7.922783">
        <ele>371.16287</ele>
        <time>2020-03-27T14:21:32Z</time>
      </trkpt>
      <trkpt lat="50.895046" lon="7.9228497">
        <ele>371.74152</ele>
        <time>2020-03-27T14:21:41Z</time>
      </trkpt>
      <trkpt lat="50.894966" lon="7.922916">
        <ele>371.9397</ele>
        <time>2020-03-27T14:21:48Z</time>
      </trkpt>
      <trkpt lat="50.89488" lon="7.9229965">
        <ele>372.2726</ele>
        <time>2020-03-27T14:21:56Z</time>
      </trkpt>
      <trkpt lat="50.894806" lon="7.9230866">
        <ele>372.72974</ele>
        <time>2020-03-27T14:22:02Z</time>
      </trkpt>
      <trkpt lat="50.894733" lon="7.923174">
        <ele>372.19336</ele>
        <time>2020-03-27T14:22:09Z</time>
      </trkpt>
      <trkpt lat="50.894665" lon="7.923271">
        <ele>372.71124</ele>
        <time>2020-03-27T14:22:16Z</time>
      </trkpt>
      <trkpt lat="50.89459" lon="7.9233737">
        <ele>372.28583</ele>
        <time>2020-03-27T14:22:23Z</time>
      </trkpt>
      <trkpt lat="50.894512" lon="7.9234653">
        <ele>371.61996</ele>
        <time>2020-03-27T14:22:30Z</time>
      </trkpt>
      <trkpt lat="50.89443" lon="7.923549">
        <ele>370.0716</ele>
        <time>2020-03-27T14:22:38Z</time>
      </trkpt>
      <trkpt lat="50.894375" lon="7.9236684">
        <ele>370.0399</ele>
        <time>2020-03-27T14:22:49Z</time>
      </trkpt>
      <trkpt lat="50.894302" lon="7.923778">
        <ele>369.2208</ele>
        <time>2020-03-27T14:22:58Z</time>
      </trkpt>
      <trkpt lat="50.894238" lon="7.9238844">
        <ele>367.98947</ele>
        <time>2020-03-27T14:23:05Z</time>
      </trkpt>
      <trkpt lat="50.894173" lon="7.923996">
        <ele>367.3025</ele>
        <time>2020-03-27T14:23:14Z</time>
      </trkpt>
      <trkpt lat="50.894093" lon="7.9240956">
        <ele>366.77405</ele>
        <time>2020-03-27T14:23:21Z</time>
      </trkpt>
      <trkpt lat="50.89401" lon="7.9241767">
        <ele>365.06186</ele>
        <time>2020-03-27T14:23:28Z</time>
      </trkpt>
      <trkpt lat="50.893936" lon="7.924298">
        <ele>364.03665</ele>
        <time>2020-03-27T14:23:34Z</time>
      </trkpt>
      <trkpt lat="50.893867" lon="7.9244037">
        <ele>364.05515</ele>
        <time>2020-03-27T14:23:40Z</time>
      </trkpt>
      <trkpt lat="50.893795" lon="7.9245143">
        <ele>363.40778</ele>
        <time>2020-03-27T14:23:48Z</time>
      </trkpt>
      <trkpt lat="50.89372" lon="7.924605">
        <ele>362.6521</ele>
        <time>2020-03-27T14:23:55Z</time>
      </trkpt>
      <trkpt lat="50.893646" lon="7.924703">
        <ele>361.26755</ele>
        <time>2020-03-27T14:24:03Z</time>
      </trkpt>
      <trkpt lat="50.89356" lon="7.9247966">
        <ele>361.434</ele>
        <time>2020-03-27T14:24:11Z</time>
      </trkpt>
      <trkpt lat="50.89348" lon="7.924879">
        <ele>361.26755</ele>
        <time>2020-03-27T14:24:19Z</time>
      </trkpt>
      <trkpt lat="50.8934" lon="7.924945">
        <ele>361.09314</ele>
        <time>2020-03-27T14:24:26Z</time>
      </trkpt>
      <trkpt lat="50.89331" lon="7.9250197">
        <ele>361.31775</ele>
        <time>2020-03-27T14:24:35Z</time>
      </trkpt>
      <trkpt lat="50.893223" lon="7.9250937">
        <ele>361.09845</ele>
        <time>2020-03-27T14:24:43Z</time>
      </trkpt>
      <trkpt lat="50.893147" lon="7.925178">
        <ele>360.99802</ele>
        <time>2020-03-27T14:24:49Z</time>
      </trkpt>
      <trkpt lat="50.89305" lon="7.925249">
        <ele>360.83685</ele>
        <time>2020-03-27T14:24:56Z</time>
      </trkpt>
      <trkpt lat="50.892963" lon="7.925308">
        <ele>360.86856</ele>
        <time>2020-03-27T14:25:03Z</time>
      </trkpt>
      <trkpt lat="50.892876" lon="7.9253507">
        <ele>361.44986</ele>
        <time>2020-03-27T14:25:09Z</time>
      </trkpt>
      <trkpt lat="50.892788" lon="7.9254375">
        <ele>361.53442</ele>
        <time>2020-03-27T14:25:17Z</time>
      </trkpt>
      <trkpt lat="50.8927" lon="7.9255133">
        <ele>363.1964</ele>
        <time>2020-03-27T14:25:24Z</time>
      </trkpt>
      <trkpt lat="50.89261" lon="7.925568">
        <ele>363.62445</ele>
        <time>2020-03-27T14:25:32Z</time>
      </trkpt>
      <trkpt lat="50.892525" lon="7.9256263">
        <ele>364.5466</ele>
        <time>2020-03-27T14:25:39Z</time>
      </trkpt>
      <trkpt lat="50.892437" lon="7.9256625">
        <ele>364.5096</ele>
        <time>2020-03-27T14:25:45Z</time>
      </trkpt>
      <trkpt lat="50.892353" lon="7.925738">
        <ele>364.57303</ele>
        <time>2020-03-27T14:25:51Z</time>
      </trkpt>
      <trkpt lat="50.892265" lon="7.925804">
        <ele>365.46082</ele>
        <time>2020-03-27T14:26:00Z</time>
      </trkpt>
      <trkpt lat="50.892178" lon="7.925882">
        <ele>364.91916</ele>
        <time>2020-03-27T14:26:08Z</time>
      </trkpt>
      <trkpt lat="50.892086" lon="7.9259543">
        <ele>364.9271</ele>
        <time>2020-03-27T14:26:16Z</time>
      </trkpt>
      <trkpt lat="50.892002" lon="7.9260116">
        <ele>363.92038</ele>
        <time>2020-03-27T14:26:24Z</time>
      </trkpt>
      <trkpt lat="50.891914" lon="7.926062">
        <ele>364.24274</ele>
        <time>2020-03-27T14:26:34Z</time>
      </trkpt>
      <trkpt lat="50.891834" lon="7.9261856">
        <ele>364.1476</ele>
        <time>2020-03-27T14:26:42Z</time>
      </trkpt>
      <trkpt lat="50.891766" lon="7.9262934">
        <ele>364.00757</ele>
        <time>2020-03-27T14:26:47Z</time>
      </trkpt>
      <trkpt lat="50.8917" lon="7.9264092">
        <ele>364.18198</ele>
        <time>2020-03-27T14:26:53Z</time>
      </trkpt>
      <trkpt lat="50.891644" lon="7.926522">
        <ele>364.1265</ele>
        <time>2020-03-27T14:26:58Z</time>
      </trkpt>
      <trkpt lat="50.891552" lon="7.926596">
        <ele>364.02078</ele>
        <time>2020-03-27T14:27:04Z</time>
      </trkpt>
      <trkpt lat="50.891468" lon="7.926651">
        <ele>364.1529</ele>
        <time>2020-03-27T14:27:10Z</time>
      </trkpt>
      <trkpt lat="50.891373" lon="7.926711">
        <ele>364.1582</ele>
        <time>2020-03-27T14:27:18Z</time>
      </trkpt>
      <trkpt lat="50.891277" lon="7.926759">
        <ele>364.6153</ele>
        <time>2020-03-27T14:27:25Z</time>
      </trkpt>
      <trkpt lat="50.891193" lon="7.926817">
        <ele>364.22162</ele>
        <time>2020-03-27T14:27:31Z</time>
      </trkpt>
      <trkpt lat="50.8911" lon="7.926864">
        <ele>364.61267</ele>
        <time>2020-03-27T14:27:38Z</time>
      </trkpt>
      <trkpt lat="50.891014" lon="7.926909">
        <ele>364.6972</ele>
        <time>2020-03-27T14:27:48Z</time>
      </trkpt>
      <trkpt lat="50.890938" lon="7.926992">
        <ele>364.93765</ele>
        <time>2020-03-27T14:27:56Z</time>
      </trkpt>
      <trkpt lat="50.890854" lon="7.9270763">
        <ele>364.96408</ele>
        <time>2020-03-27T14:28:02Z</time>
      </trkpt>
      <trkpt lat="50.890793" lon="7.9271965">
        <ele>365.57974</ele>
        <time>2020-03-27T14:28:11Z</time>
      </trkpt>
      <trkpt lat="50.89073" lon="7.9273043">
        <ele>365.59296</ele>
        <time>2020-03-27T14:28:16Z</time>
      </trkpt>
      <trkpt lat="50.890675" lon="7.9274354">
        <ele>365.56653</ele>
        <time>2020-03-27T14:28:22Z</time>
      </trkpt>
      <trkpt lat="50.890606" lon="7.927535">
        <ele>365.84396</ele>
        <time>2020-03-27T14:28:28Z</time>
      </trkpt>
      <trkpt lat="50.89053" lon="7.9276323">
        <ele>366.27728</ele>
        <time>2020-03-27T14:28:36Z</time>
      </trkpt>
      <trkpt lat="50.89044" lon="7.9277496">
        <ele>366.66833</ele>
        <time>2020-03-27T14:28:45Z</time>
      </trkpt>
      <trkpt lat="50.890354" lon="7.927841">
        <ele>366.79254</ele>
        <time>2020-03-27T14:28:52Z</time>
      </trkpt>
      <trkpt lat="50.890266" lon="7.9278884">
        <ele>367.32098</ele>
        <time>2020-03-27T14:28:58Z</time>
      </trkpt>
      <trkpt lat="50.89017" lon="7.9279547">
        <ele>367.284</ele>
        <time>2020-03-27T14:29:05Z</time>
      </trkpt>
      <trkpt lat="50.890076" lon="7.9280176">
        <ele>367.98947</ele>
        <time>2020-03-27T14:29:12Z</time>
      </trkpt>
      <trkpt lat="50.889984" lon="7.928024">
        <ele>368.48886</ele>
        <time>2020-03-27T14:29:20Z</time>
      </trkpt>
      <trkpt lat="50.889896" lon="7.928067">
        <ele>368.80594</ele>
        <time>2020-03-27T14:29:27Z</time>
      </trkpt>
      <trkpt lat="50.8898" lon="7.9281225">
        <ele>369.18643</ele>
        <time>2020-03-27T14:29:35Z</time>
      </trkpt>
      <trkpt lat="50.889706" lon="7.9281673">
        <ele>369.4586</ele>
        <time>2020-03-27T14:29:43Z</time>
      </trkpt>
      <trkpt lat="50.889618" lon="7.928236">
        <ele>369.0464</ele>
        <time>2020-03-27T14:29:51Z</time>
      </trkpt>
      <trkpt lat="50.88953" lon="7.9282985">
        <ele>368.15067</ele>
        <time>2020-03-27T14:30:00Z</time>
      </trkpt>
      <trkpt lat="50.88945" lon="7.9283633">
        <ele>368.43076</ele>
        <time>2020-03-27T14:30:06Z</time>
      </trkpt>
      <trkpt lat="50.889366" lon="7.928418">
        <ele>367.68564</ele>
        <time>2020-03-27T14:30:12Z</time>
      </trkpt>
      <trkpt lat="50.88928" lon="7.9284678">
        <ele>368.49152</ele>
        <time>2020-03-27T14:30:19Z</time>
      </trkpt>
      <trkpt lat="50.889183" lon="7.9285183">
        <ele>368.43604</ele>
        <time>2020-03-27T14:30:26Z</time>
      </trkpt>
      <trkpt lat="50.88909" lon="7.9285617">
        <ele>367.4452</ele>
        <time>2020-03-27T14:30:33Z</time>
      </trkpt>
      <trkpt lat="50.889004" lon="7.9286184">
        <ele>368.1982</ele>
        <time>2020-03-27T14:30:40Z</time>
      </trkpt>
      <trkpt lat="50.88892" lon="7.9286776">
        <ele>368.2458</ele>
        <time>2020-03-27T14:30:47Z</time>
      </trkpt>
      <trkpt lat="50.888832" lon="7.928719">
        <ele>368.9407</ele>
        <time>2020-03-27T14:30:54Z</time>
      </trkpt>
      <trkpt lat="50.888737" lon="7.928746">
        <ele>369.43216</ele>
        <time>2020-03-27T14:31:01Z</time>
      </trkpt>
      <trkpt lat="50.88864" lon="7.928751">
        <ele>370.2909</ele>
        <time>2020-03-27T14:31:09Z</time>
      </trkpt>
      <trkpt lat="50.888542" lon="7.9287786">
        <ele>370.95676</ele>
        <time>2020-03-27T14:31:18Z</time>
      </trkpt>
      <trkpt lat="50.888443" lon="7.928812">
        <ele>372.61346</ele>
        <time>2020-03-27T14:31:26Z</time>
      </trkpt>
      <trkpt lat="50.88835" lon="7.9288306">
        <ele>372.88562</ele>
        <time>2020-03-27T14:31:33Z</time>
      </trkpt>
      <trkpt lat="50.88826" lon="7.9288054">
        <ele>373.92404</ele>
        <time>2020-03-27T14:31:41Z</time>
      </trkpt>
      <trkpt lat="50.888165" lon="7.9288154">
        <ele>374.44986</ele>
        <time>2020-03-27T14:31:47Z</time>
      </trkpt>
      <trkpt lat="50.888073" lon="7.9288025">
        <ele>374.796</ele>
        <time>2020-03-27T14:31:53Z</time>
      </trkpt>
      <trkpt lat="50.888012" lon="7.9286747">
        <ele>375.36407</ele>
        <time>2020-03-27T14:32:00Z</time>
      </trkpt>
      <trkpt lat="50.887974" lon="7.9285374">
        <ele>374.52646</ele>
        <time>2020-03-27T14:32:06Z</time>
      </trkpt>
      <trkpt lat="50.88795" lon="7.928394">
        <ele>374.00595</ele>
        <time>2020-03-27T14:32:13Z</time>
      </trkpt>
      <trkpt lat="50.88793" lon="7.9282436">
        <ele>374.5978</ele>
        <time>2020-03-27T14:32:21Z</time>
      </trkpt>
      <trkpt lat="50.887928" lon="7.9280915">
        <ele>374.49213</ele>
        <time>2020-03-27T14:32:29Z</time>
      </trkpt>
      <trkpt lat="50.887928" lon="7.927929">
        <ele>374.7088</ele>
        <time>2020-03-27T14:32:37Z</time>
      </trkpt>
      <trkpt lat="50.887928" lon="7.9277797">
        <ele>374.04822</ele>
        <time>2020-03-27T14:32:44Z</time>
      </trkpt>
      <trkpt lat="50.88793" lon="7.927619">
        <ele>374.4789</ele>
        <time>2020-03-27T14:32:53Z</time>
      </trkpt>
      <trkpt lat="50.887924" lon="7.9274664">
        <ele>373.98746</ele>
        <time>2020-03-27T14:33:00Z</time>
      </trkpt>
      <trkpt lat="50.8879" lon="7.927318">
        <ele>373.32687</ele>
        <time>2020-03-27T14:33:07Z</time>
      </trkpt>
      <trkpt lat="50.88788" lon="7.9271703">
        <ele>373.88174</ele>
        <time>2020-03-27T14:33:15Z</time>
      </trkpt>
      <trkpt lat="50.887833" lon="7.9270473">
        <ele>373.68622</ele>
        <time>2020-03-27T14:33:22Z</time>
      </trkpt>
      <trkpt lat="50.88777" lon="7.926943">
        <ele>374.37585</ele>
        <time>2020-03-27T14:33:28Z</time>
      </trkpt>
      <trkpt lat="50.887714" lon="7.9268193">
        <ele>374.90433</ele>
        <time>2020-03-27T14:33:35Z</time>
      </trkpt>
      <trkpt lat="50.88765" lon="7.926683">
        <ele>375.2346</ele>
        <time>2020-03-27T14:33:42Z</time>
      </trkpt>
      <trkpt lat="50.88761" lon="7.9265504">
        <ele>375.98764</ele>
        <time>2020-03-27T14:33:49Z</time>
      </trkpt>
      <trkpt lat="50.887566" lon="7.9264026">
        <ele>375.50146</ele>
        <time>2020-03-27T14:33:57Z</time>
      </trkpt>
      <trkpt lat="50.887516" lon="7.926279">
        <ele>376.0405</ele>
        <time>2020-03-27T14:34:04Z</time>
      </trkpt>
      <trkpt lat="50.887474" lon="7.9261336">
        <ele>376.59274</ele>
        <time>2020-03-27T14:34:11Z</time>
      </trkpt>
      <trkpt lat="50.887436" lon="7.9260025">
        <ele>377.30878</ele>
        <time>2020-03-27T14:34:17Z</time>
      </trkpt>
      <trkpt lat="50.88738" lon="7.925873">
        <ele>377.45938</ele>
        <time>2020-03-27T14:34:24Z</time>
      </trkpt>
      <trkpt lat="50.88733" lon="7.9257293">
        <ele>377.30087</ele>
        <time>2020-03-27T14:34:32Z</time>
      </trkpt>
      <trkpt lat="50.887276" lon="7.925599">
        <ele>378.37625</ele>
        <time>2020-03-27T14:34:40Z</time>
      </trkpt>
      <trkpt lat="50.887222" lon="7.9254847">
        <ele>378.43704</ele>
        <time>2020-03-27T14:34:47Z</time>
      </trkpt>
      <trkpt lat="50.887146" lon="7.925399">
        <ele>378.45288</ele>
        <time>2020-03-27T14:34:53Z</time>
      </trkpt>
      <trkpt lat="50.88706" lon="7.92534">
        <ele>378.56122</ele>
        <time>2020-03-27T14:35:01Z</time>
      </trkpt>
      <trkpt lat="50.886967" lon="7.925308">
        <ele>378.1464</ele>
        <time>2020-03-27T14:35:09Z</time>
      </trkpt>
      <trkpt lat="50.88687" lon="7.9252944">
        <ele>377.16873</ele>
        <time>2020-03-27T14:35:16Z</time>
      </trkpt>
      <trkpt lat="50.886776" lon="7.92526">
        <ele>376.98114</ele>
        <time>2020-03-27T14:35:23Z</time>
      </trkpt>
      <trkpt lat="50.886677" lon="7.9252276">
        <ele>377.10004</ele>
        <time>2020-03-27T14:35:31Z</time>
      </trkpt>
      <trkpt lat="50.88658" lon="7.925216">
        <ele>376.30737</ele>
        <time>2020-03-27T14:35:39Z</time>
      </trkpt>
      <trkpt lat="50.886486" lon="7.9251995">
        <ele>376.68787</ele>
        <time>2020-03-27T14:35:48Z</time>
      </trkpt>
      <trkpt lat="50.886387" lon="7.9251986">
        <ele>376.29416</ele>
        <time>2020-03-27T14:35:55Z</time>
      </trkpt>
      <trkpt lat="50.886284" lon="7.9252105">
        <ele>375.08398</ele>
        <time>2020-03-27T14:36:04Z</time>
      </trkpt>
      <trkpt lat="50.886196" lon="7.9251757">
        <ele>374.92545</ele>
        <time>2020-03-27T14:36:12Z</time>
      </trkpt>
      <trkpt lat="50.8861" lon="7.925162">
        <ele>374.41815</ele>
        <time>2020-03-27T14:36:18Z</time>
      </trkpt>
      <trkpt lat="50.886" lon="7.9251623">
        <ele>373.6466</ele>
        <time>2020-03-27T14:36:26Z</time>
      </trkpt>
      <trkpt lat="50.885906" lon="7.9251633">
        <ele>372.447</ele>
        <time>2020-03-27T14:36:34Z</time>
      </trkpt>
      <trkpt lat="50.885815" lon="7.9251404">
        <ele>371.79965</ele>
        <time>2020-03-27T14:36:42Z</time>
      </trkpt>
      <trkpt lat="50.88572" lon="7.925109">
        <ele>371.55127</ele>
        <time>2020-03-27T14:36:48Z</time>
      </trkpt>
      <trkpt lat="50.88562" lon="7.925075">
        <ele>370.25128</ele>
        <time>2020-03-27T14:36:54Z</time>
      </trkpt>
      <trkpt lat="50.885517" lon="7.9250655">
        <ele>369.98175</ele>
        <time>2020-03-27T14:37:02Z</time>
      </trkpt>
      <trkpt lat="50.885414" lon="7.92506">
        <ele>368.21674</ele>
        <time>2020-03-27T14:37:11Z</time>
      </trkpt>
      <trkpt lat="50.88532" lon="7.925057">
        <ele>367.3474</ele>
        <time>2020-03-27T14:37:19Z</time>
      </trkpt>
      <trkpt lat="50.885227" lon="7.92505">
        <ele>367.18094</ele>
        <time>2020-03-27T14:37:27Z</time>
      </trkpt>
      <trkpt lat="50.885136" lon="7.925045">
        <ele>366.26672</ele>
        <time>2020-03-27T14:37:34Z</time>
      </trkpt>
      <trkpt lat="50.88504" lon="7.925081">
        <ele>365.1649</ele>
        <time>2020-03-27T14:37:43Z</time>
      </trkpt>
      <trkpt lat="50.88495" lon="7.9251223">
        <ele>364.76328</ele>
        <time>2020-03-27T14:37:53Z</time>
      </trkpt>
      <trkpt lat="50.88485" lon="7.9251795">
        <ele>364.07098</ele>
        <time>2020-03-27T14:38:03Z</time>
      </trkpt>
      <trkpt lat="50.88475" lon="7.9252295">
        <ele>362.89517</ele>
        <time>2020-03-27T14:38:09Z</time>
      </trkpt>
      <trkpt lat="50.884655" lon="7.9252267">
        <ele>362.33502</ele>
        <time>2020-03-27T14:38:15Z</time>
      </trkpt>
      <trkpt lat="50.88457" lon="7.9251657">
        <ele>361.93604</ele>
        <time>2020-03-27T14:38:22Z</time>
      </trkpt>
      <trkpt lat="50.884487" lon="7.9251003">
        <ele>361.4578</ele>
        <time>2020-03-27T14:38:30Z</time>
      </trkpt>
      <trkpt lat="50.88441" lon="7.925022">
        <ele>361.8594</ele>
        <time>2020-03-27T14:38:38Z</time>
      </trkpt>
      <trkpt lat="50.884346" lon="7.924905">
        <ele>360.18948</ele>
        <time>2020-03-27T14:38:45Z</time>
      </trkpt>
      <trkpt lat="50.884296" lon="7.9247837">
        <ele>360.0653</ele>
        <time>2020-03-27T14:38:53Z</time>
      </trkpt>
      <trkpt lat="50.884304" lon="7.9246397">
        <ele>358.89478</ele>
        <time>2020-03-27T14:39:02Z</time>
      </trkpt>
      <trkpt lat="50.88434" lon="7.9244976">
        <ele>359.26733</ele>
        <time>2020-03-27T14:39:10Z</time>
      </trkpt>
      <trkpt lat="50.88438" lon="7.9243684">
        <ele>358.37424</ele>
        <time>2020-03-27T14:39:17Z</time>
      </trkpt>
      <trkpt lat="50.88442" lon="7.9242196">
        <ele>357.67932</ele>
        <time>2020-03-27T14:39:27Z</time>
      </trkpt>
      <trkpt lat="50.88444" lon="7.9240656">
        <ele>357.25656</ele>
        <time>2020-03-27T14:39:36Z</time>
      </trkpt>
      <trkpt lat="50.884495" lon="7.9239507">
        <ele>356.37933</ele>
        <time>2020-03-27T14:39:42Z</time>
      </trkpt>
      <trkpt lat="50.884544" lon="7.923826">
        <ele>356.50882</ele>
        <time>2020-03-27T14:39:49Z</time>
      </trkpt>
      <trkpt lat="50.884586" lon="7.9237003">
        <ele>355.93808</ele>
        <time>2020-03-27T14:39:55Z</time>
      </trkpt>
      <trkpt lat="50.884636" lon="7.923552">
        <ele>355.01855</ele>
        <time>2020-03-27T14:40:03Z</time>
      </trkpt>
      <trkpt lat="50.88469" lon="7.9234204">
        <ele>354.0779</ele>
        <time>2020-03-27T14:40:10Z</time>
      </trkpt>
      <trkpt lat="50.88473" lon="7.9232893">
        <ele>353.04214</ele>
        <time>2020-03-27T14:40:16Z</time>
      </trkpt>
      <trkpt lat="50.884773" lon="7.923151">
        <ele>351.84518</ele>
        <time>2020-03-27T14:40:24Z</time>
      </trkpt>
      <trkpt lat="50.88483" lon="7.923021">
        <ele>351.53342</ele>
        <time>2020-03-27T14:40:32Z</time>
      </trkpt>
      <trkpt lat="50.884872" lon="7.9228787">
        <ele>351.23218</ele>
        <time>2020-03-27T14:40:39Z</time>
      </trkpt>
      <trkpt lat="50.884884" lon="7.9227347">
        <ele>349.7446</ele>
        <time>2020-03-27T14:40:46Z</time>
      </trkpt>
      <trkpt lat="50.88492" lon="7.9225993">
        <ele>348.9889</ele>
        <time>2020-03-27T14:40:53Z</time>
      </trkpt>
      <trkpt lat="50.884975" lon="7.922466">
        <ele>348.88055</ele>
        <time>2020-03-27T14:41:00Z</time>
      </trkpt>
      <trkpt lat="50.88502" lon="7.92232">
        <ele>348.26755</ele>
        <time>2020-03-27T14:41:07Z</time>
      </trkpt>
      <trkpt lat="50.885056" lon="7.9221826">
        <ele>347.37976</ele>
        <time>2020-03-27T14:41:15Z</time>
      </trkpt>
      <trkpt lat="50.885063" lon="7.922027">
        <ele>346.99927</ele>
        <time>2020-03-27T14:41:24Z</time>
      </trkpt>
      <trkpt lat="50.88506" lon="7.9218802">
        <ele>345.52487</ele>
        <time>2020-03-27T14:41:32Z</time>
      </trkpt>
      <trkpt lat="50.885017" lon="7.9217505">
        <ele>343.32385</ele>
        <time>2020-03-27T14:41:41Z</time>
      </trkpt>
      <trkpt lat="50.884975" lon="7.9216094">
        <ele>342.45984</ele>
        <time>2020-03-27T14:41:49Z</time>
      </trkpt>
      <trkpt lat="50.884907" lon="7.9215097">
        <ele>340.94052</ele>
        <time>2020-03-27T14:41:56Z</time>
      </trkpt>
      <trkpt lat="50.88482" lon="7.9214787">
        <ele>339.4952</ele>
        <time>2020-03-27T14:42:03Z</time>
      </trkpt>
      <trkpt lat="50.884727" lon="7.921473">
        <ele>338.60477</ele>
        <time>2020-03-27T14:42:11Z</time>
      </trkpt>
      <trkpt lat="50.884666" lon="7.921602">
        <ele>336.82123</ele>
        <time>2020-03-27T14:42:20Z</time>
      </trkpt>
      <trkpt lat="50.884605" lon="7.921717">
        <ele>336.2637</ele>
        <time>2020-03-27T14:42:27Z</time>
      </trkpt>
      <trkpt lat="50.884537" lon="7.9218216">
        <ele>335.6824</ele>
        <time>2020-03-27T14:42:34Z</time>
      </trkpt>
      <trkpt lat="50.884464" lon="7.9219346">
        <ele>334.92407</ele>
        <time>2020-03-27T14:42:39Z</time>
      </trkpt>
      <trkpt lat="50.884407" lon="7.922053">
        <ele>334.41675</ele>
        <time>2020-03-27T14:42:46Z</time>
      </trkpt>
      <trkpt lat="50.884323" lon="7.922113">
        <ele>334.8316</ele>
        <time>2020-03-27T14:42:52Z</time>
      </trkpt>
      <trkpt lat="50.884228" lon="7.9221644">
        <ele>333.39948</ele>
        <time>2020-03-27T14:43:00Z</time>
      </trkpt>
      <trkpt lat="50.88413" lon="7.922193">
        <ele>332.12592</ele>
        <time>2020-03-27T14:43:07Z</time>
      </trkpt>
      <trkpt lat="50.88403" lon="7.922198">
        <ele>331.5261</ele>
        <time>2020-03-27T14:43:15Z</time>
      </trkpt>
      <trkpt lat="50.883926" lon="7.9221997">
        <ele>331.07693</ele>
        <time>2020-03-27T14:43:22Z</time>
      </trkpt>
      <trkpt lat="50.88383" lon="7.922211">
        <ele>329.7928</ele>
        <time>2020-03-27T14:43:30Z</time>
      </trkpt>
      <trkpt lat="50.883728" lon="7.9222074">
        <ele>328.22327</ele>
        <time>2020-03-27T14:43:41Z</time>
      </trkpt>
      <trkpt lat="50.883636" lon="7.9222054">
        <ele>327.11087</ele>
        <time>2020-03-27T14:43:48Z</time>
      </trkpt>
      <trkpt lat="50.88354" lon="7.922191">
        <ele>325.99582</ele>
        <time>2020-03-27T14:43:56Z</time>
      </trkpt>
      <trkpt lat="50.883453" lon="7.9221196">
        <ele>324.2995</ele>
        <time>2020-03-27T14:44:05Z</time>
      </trkpt>
      <trkpt lat="50.88338" lon="7.922022">
        <ele>322.94666</ele>
        <time>2020-03-27T14:44:14Z</time>
      </trkpt>
      <trkpt lat="50.88331" lon="7.9219265">
        <ele>321.64664</ele>
        <time>2020-03-27T14:44:22Z</time>
      </trkpt>
      <trkpt lat="50.88323" lon="7.9218597">
        <ele>320.0375</ele>
        <time>2020-03-27T14:44:31Z</time>
      </trkpt>
      <trkpt lat="50.883125" lon="7.9218063">
        <ele>318.4178</ele>
        <time>2020-03-27T14:44:40Z</time>
      </trkpt>
      <trkpt lat="50.883034" lon="7.921751">
        <ele>317.92633</ele>
        <time>2020-03-27T14:44:46Z</time>
      </trkpt>
      <trkpt lat="50.88294" lon="7.9216876">
        <ele>317.05438</ele>
        <time>2020-03-27T14:44:53Z</time>
      </trkpt>
      <trkpt lat="50.882854" lon="7.921602">
        <ele>316.49948</ele>
        <time>2020-03-27T14:45:00Z</time>
      </trkpt>
      <trkpt lat="50.88278" lon="7.921525">
        <ele>315.61432</ele>
        <time>2020-03-27T14:45:12Z</time>
      </trkpt>
      <trkpt lat="50.882763" lon="7.921528">
        <ele>315.6751</ele>
        <time>2020-03-27T14:45:18Z</time>
      </trkpt>
    </trkseg>
    <trkseg>
      <trkpt lat="50.882763" lon="7.921528">
        <ele>315.6751</ele>
        <time>2020-03-27T14:45:18Z</time>
      </trkpt>
      <trkpt lat="50.882683" lon="7.9214425">
        <ele>314.8428</ele>
        <time>2020-03-27T14:45:39Z</time>
      </trkpt>
      <trkpt lat="50.882607" lon="7.9213467">
        <ele>312.8743</ele>
        <time>2020-03-27T14:45:50Z</time>
      </trkpt>
      <trkpt lat="50.882523" lon="7.9212613">
        <ele>311.85437</ele>
        <time>2020-03-27T14:45:58Z</time>
      </trkpt>
      <trkpt lat="50.882454" lon="7.921153">
        <ele>310.5676</ele>
        <time>2020-03-27T14:46:06Z</time>
      </trkpt>
      <trkpt lat="50.882378" lon="7.921067">
        <ele>309.20947</ele>
        <time>2020-03-27T14:46:15Z</time>
      </trkpt>
      <trkpt lat="50.8823" lon="7.9209666">
        <ele>309.30988</ele>
        <time>2020-03-27T14:46:21Z</time>
      </trkpt>
      <trkpt lat="50.88222" lon="7.920895">
        <ele>308.2001</ele>
        <time>2020-03-27T14:46:26Z</time>
      </trkpt>
      <trkpt lat="50.88217" lon="7.920754">
        <ele>307.80905</ele>
        <time>2020-03-27T14:46:34Z</time>
      </trkpt>
      <trkpt lat="50.882103" lon="7.920637">
        <ele>307.15112</ele>
        <time>2020-03-27T14:46:40Z</time>
      </trkpt>
      <trkpt lat="50.882023" lon="7.920534">
        <ele>306.63852</ele>
        <time>2020-03-27T14:46:48Z</time>
      </trkpt>
      <trkpt lat="50.881973" lon="7.9204006">
        <ele>305.95154</ele>
        <time>2020-03-27T14:46:58Z</time>
      </trkpt>
      <trkpt lat="50.88195" lon="7.920259">
        <ele>304.70175</ele>
        <time>2020-03-27T14:47:06Z</time>
      </trkpt>
      <trkpt lat="50.881916" lon="7.920098">
        <ele>303.63428</ele>
        <time>2020-03-27T14:47:14Z</time>
      </trkpt>
      <trkpt lat="50.881874" lon="7.919968">
        <ele>301.8296</ele>
        <time>2020-03-27T14:47:21Z</time>
      </trkpt>
      <trkpt lat="50.881847" lon="7.919821">
        <ele>300.85196</ele>
        <time>2020-03-27T14:47:29Z</time>
      </trkpt>
      <trkpt lat="50.88179" lon="7.919692">
        <ele>299.00235</ele>
        <time>2020-03-27T14:47:38Z</time>
      </trkpt>
      <trkpt lat="50.881783" lon="7.91955">
        <ele>298.47125</ele>
        <time>2020-03-27T14:47:45Z</time>
      </trkpt>
      <trkpt lat="50.881756" lon="7.919399">
        <ele>297.0973</ele>
        <time>2020-03-27T14:47:56Z</time>
      </trkpt>
      <trkpt lat="50.881744" lon="7.9192567">
        <ele>295.46436</ele>
        <time>2020-03-27T14:48:03Z</time>
      </trkpt>
      <trkpt lat="50.881714" lon="7.919114">
        <ele>295.15784</ele>
        <time>2020-03-27T14:48:10Z</time>
      </trkpt>
      <trkpt lat="50.88169" lon="7.918976">
        <ele>293.9371</ele>
        <time>2020-03-27T14:48:16Z</time>
      </trkpt>
      <trkpt lat="50.881668" lon="7.9188323">
        <ele>292.74545</ele>
        <time>2020-03-27T14:48:22Z</time>
      </trkpt>
      <trkpt lat="50.881615" lon="7.9186935">
        <ele>293.04138</ele>
        <time>2020-03-27T14:48:29Z</time>
      </trkpt>
      <trkpt lat="50.88157" lon="7.91854">
        <ele>293.3347</ele>
        <time>2020-03-27T14:48:36Z</time>
      </trkpt>
      <trkpt lat="50.881546" lon="7.918402">
        <ele>292.39404</ele>
        <time>2020-03-27T14:48:43Z</time>
      </trkpt>
      <trkpt lat="50.88151" lon="7.9182568">
        <ele>292.43365</ele>
        <time>2020-03-27T14:48:55Z</time>
      </trkpt>
      <trkpt lat="50.881535" lon="7.9181123">
        <ele>291.8101</ele>
        <time>2020-03-27T14:49:01Z</time>
      </trkpt>
      <trkpt lat="50.881542" lon="7.917948">
        <ele>291.0095</ele>
        <time>2020-03-27T14:49:09Z</time>
      </trkpt>
      <trkpt lat="50.881546" lon="7.9177947">
        <ele>289.6725</ele>
        <time>2020-03-27T14:49:15Z</time>
      </trkpt>
      <trkpt lat="50.881546" lon="7.917632">
        <ele>290.0054</ele>
        <time>2020-03-27T14:49:21Z</time>
      </trkpt>
      <trkpt lat="50.88156" lon="7.917484">
        <ele>288.56802</ele>
        <time>2020-03-27T14:49:29Z</time>
      </trkpt>
      <trkpt lat="50.881557" lon="7.917328">
        <ele>288.22717</ele>
        <time>2020-03-27T14:49:37Z</time>
      </trkpt>
      <trkpt lat="50.881542" lon="7.9171715">
        <ele>287.20197</ele>
        <time>2020-03-27T14:49:45Z</time>
      </trkpt>
      <trkpt lat="50.881546" lon="7.9170146">
        <ele>285.9046</ele>
        <time>2020-03-27T14:49:55Z</time>
      </trkpt>
      <trkpt lat="50.881554" lon="7.916852">
        <ele>284.78165</ele>
        <time>2020-03-27T14:50:01Z</time>
      </trkpt>
      <trkpt lat="50.881542" lon="7.916699">
        <ele>283.47107</ele>
        <time>2020-03-27T14:50:09Z</time>
      </trkpt>
      <trkpt lat="50.881542" lon="7.9165525">
        <ele>282.94525</ele>
        <time>2020-03-27T14:50:18Z</time>
      </trkpt>
      <trkpt lat="50.881493" lon="7.9164095">
        <ele>282.73123</ele>
        <time>2020-03-27T14:50:25Z</time>
      </trkpt>
      <trkpt lat="50.881435" lon="7.916292">
        <ele>281.204</ele>
        <time>2020-03-27T14:50:33Z</time>
      </trkpt>
      <trkpt lat="50.881382" lon="7.916155">
        <ele>281.1908</ele>
        <time>2020-03-27T14:50:42Z</time>
      </trkpt>
      <trkpt lat="50.881317" lon="7.916048">
        <ele>280.53815</ele>
        <time>2020-03-27T14:50:51Z</time>
      </trkpt>
      <trkpt lat="50.88123" lon="7.915988">
        <ele>280.07574</ele>
        <time>2020-03-27T14:50:58Z</time>
      </trkpt>
      <trkpt lat="50.88115" lon="7.915899">
        <ele>279.86438</ele>
        <time>2020-03-27T14:51:05Z</time>
      </trkpt>
      <trkpt lat="50.88107" lon="7.915821">
        <ele>279.15094</ele>
        <time>2020-03-27T14:51:12Z</time>
      </trkpt>
      <trkpt lat="50.880985" lon="7.91576">
        <ele>279.4786</ele>
        <time>2020-03-27T14:51:19Z</time>
      </trkpt>
      <trkpt lat="50.880905" lon="7.9156575">
        <ele>279.17737</ele>
        <time>2020-03-27T14:51:27Z</time>
      </trkpt>
      <trkpt lat="50.88082" lon="7.9155693">
        <ele>279.25137</ele>
        <time>2020-03-27T14:51:35Z</time>
      </trkpt>
      <trkpt lat="50.88075" lon="7.9154725">
        <ele>278.86823</ele>
        <time>2020-03-27T14:51:44Z</time>
      </trkpt>
      <trkpt lat="50.88069" lon="7.915359">
        <ele>277.75055</ele>
        <time>2020-03-27T14:51:51Z</time>
      </trkpt>
      <trkpt lat="50.880657" lon="7.9152207">
        <ele>277.44403</ele>
        <time>2020-03-27T14:51:59Z</time>
      </trkpt>
      <trkpt lat="50.880623" lon="7.9150815">
        <ele>276.7782</ele>
        <time>2020-03-27T14:52:05Z</time>
      </trkpt>
      <trkpt lat="50.8806" lon="7.9149337">
        <ele>275.20602</ele>
        <time>2020-03-27T14:52:13Z</time>
      </trkpt>
      <trkpt lat="50.88056" lon="7.914799">
        <ele>274.55603</ele>
        <time>2020-03-27T14:52:21Z</time>
      </trkpt>
      <trkpt lat="50.88053" lon="7.914653">
        <ele>274.01437</ele>
        <time>2020-03-27T14:52:29Z</time>
      </trkpt>
      <trkpt lat="50.880497" lon="7.914503">
        <ele>273.32208</ele>
        <time>2020-03-27T14:52:35Z</time>
      </trkpt>
      <trkpt lat="50.880463" lon="7.91437">
        <ele>272.84122</ele>
        <time>2020-03-27T14:52:41Z</time>
      </trkpt>
      <trkpt lat="50.88042" lon="7.914232">
        <ele>272.20706</ele>
        <time>2020-03-27T14:52:51Z</time>
      </trkpt>
      <trkpt lat="50.880394" lon="7.9140887">
        <ele>270.96783</ele>
        <time>2020-03-27T14:52:59Z</time>
      </trkpt>
      <trkpt lat="50.880344" lon="7.913954">
        <ele>270.16193</ele>
        <time>2020-03-27T14:53:08Z</time>
      </trkpt>
      <trkpt lat="50.8803" lon="7.9138236">
        <ele>268.75626</ele>
        <time>2020-03-27T14:53:16Z</time>
      </trkpt>
      <trkpt lat="50.88025" lon="7.9136963">
        <ele>267.2396</ele>
        <time>2020-03-27T14:53:24Z</time>
      </trkpt>
      <trkpt lat="50.880207" lon="7.913567">
        <ele>266.3095</ele>
        <time>2020-03-27T14:53:32Z</time>
      </trkpt>
      <trkpt lat="50.880165" lon="7.9134183">
        <ele>266.26987</ele>
        <time>2020-03-27T14:53:41Z</time>
      </trkpt>
      <trkpt lat="50.880154" lon="7.9132767">
        <ele>266.1034</ele>
        <time>2020-03-27T14:53:49Z</time>
      </trkpt>
      <trkpt lat="50.880165" lon="7.913117">
        <ele>265.92902</ele>
        <time>2020-03-27T14:53:56Z</time>
      </trkpt>
      <trkpt lat="50.88021" lon="7.9129767">
        <ele>265.7837</ele>
        <time>2020-03-27T14:54:03Z</time>
      </trkpt>
      <trkpt lat="50.880234" lon="7.9128327">
        <ele>265.6542</ele>
        <time>2020-03-27T14:54:10Z</time>
      </trkpt>
      <trkpt lat="50.88022" lon="7.91269">
        <ele>265.33185</ele>
        <time>2020-03-27T14:54:17Z</time>
      </trkpt>
      <trkpt lat="50.880165" lon="7.9125543">
        <ele>265.5961</ele>
        <time>2020-03-27T14:54:24Z</time>
      </trkpt>
      <trkpt lat="50.880085" lon="7.912483">
        <ele>265.33185</ele>
        <time>2020-03-27T14:54:32Z</time>
      </trkpt>
      <trkpt lat="50.880005" lon="7.9123993">
        <ele>266.11133</ele>
        <time>2020-03-27T14:54:41Z</time>
      </trkpt>
      <trkpt lat="50.87993" lon="7.912296">
        <ele>265.80746</ele>
        <time>2020-03-27T14:54:48Z</time>
      </trkpt>
      <trkpt lat="50.87985" lon="7.912204">
        <ele>266.43106</ele>
        <time>2020-03-27T14:54:56Z</time>
      </trkpt>
      <trkpt lat="50.879776" lon="7.9120927">
        <ele>268.73245</ele>
        <time>2020-03-27T14:55:04Z</time>
      </trkpt>
      <trkpt lat="50.879868" lon="7.9121213">
        <ele>269.19223</ele>
        <time>2020-03-27T14:55:21Z</time>
      </trkpt>
      <trkpt lat="50.879955" lon="7.9121637">
        <ele>269.40097</ele>
        <time>2020-03-27T14:55:28Z</time>
      </trkpt>
      <trkpt lat="50.880043" lon="7.9122024">
        <ele>269.15787</ele>
        <time>2020-03-27T14:55:34Z</time>
      </trkpt>
      <trkpt lat="50.88014" lon="7.9122424">
        <ele>269.3164</ele>
        <time>2020-03-27T14:55:42Z</time>
      </trkpt>
      <trkpt lat="50.880234" lon="7.912292">
        <ele>269.58856</ele>
        <time>2020-03-27T14:55:49Z</time>
      </trkpt>
      <trkpt lat="50.880314" lon="7.9123664">
        <ele>269.5172</ele>
        <time>2020-03-27T14:55:56Z</time>
      </trkpt>
      <trkpt lat="50.88041" lon="7.912387">
        <ele>270.19363</ele>
        <time>2020-03-27T14:56:03Z</time>
      </trkpt>
      <trkpt lat="50.880505" lon="7.9124255">
        <ele>270.24915</ele>
        <time>2020-03-27T14:56:10Z</time>
      </trkpt>
      <trkpt lat="50.880592" lon="7.9124928">
        <ele>270.32047</ele>
        <time>2020-03-27T14:56:18Z</time>
      </trkpt>
      <trkpt lat="50.88068" lon="7.9125795">
        <ele>270.87537</ele>
        <time>2020-03-27T14:56:26Z</time>
      </trkpt>
      <trkpt lat="50.880756" lon="7.9126577">
        <ele>270.50543</ele>
        <time>2020-03-27T14:56:33Z</time>
      </trkpt>
      <trkpt lat="50.88084" lon="7.9127507">
        <ele>271.58612</ele>
        <time>2020-03-27T14:56:41Z</time>
      </trkpt>
      <trkpt lat="50.88092" lon="7.912829">
        <ele>272.4977</ele>
        <time>2020-03-27T14:56:49Z</time>
      </trkpt>
      <trkpt lat="50.88101" lon="7.912889">
        <ele>274.11478</ele>
        <time>2020-03-27T14:57:00Z</time>
      </trkpt>
      <trkpt lat="50.881092" lon="7.912945">
        <ele>275.76355</ele>
        <time>2020-03-27T14:57:09Z</time>
      </trkpt>
      <trkpt lat="50.881184" lon="7.9129286">
        <ele>276.9975</ele>
        <time>2020-03-27T14:57:20Z</time>
      </trkpt>
      <trkpt lat="50.881233" lon="7.9127955">
        <ele>277.4969</ele>
        <time>2020-03-27T14:57:29Z</time>
      </trkpt>
      <trkpt lat="50.88125" lon="7.912641">
        <ele>279.05054</ele>
        <time>2020-03-27T14:57:36Z</time>
      </trkpt>
      <trkpt lat="50.881252" lon="7.9124846">
        <ele>279.32797</ele>
        <time>2020-03-27T14:57:44Z</time>
      </trkpt>
      <trkpt lat="50.88127" lon="7.912336">
        <ele>280.10483</ele>
        <time>2020-03-27T14:57:52Z</time>
      </trkpt>
      <trkpt lat="50.88127" lon="7.912179">
        <ele>281.70074</ele>
        <time>2020-03-27T14:58:01Z</time>
      </trkpt>
      <trkpt lat="50.881287" lon="7.91201">
        <ele>282.6229</ele>
        <time>2020-03-27T14:58:10Z</time>
      </trkpt>
      <trkpt lat="50.88131" lon="7.9118633">
        <ele>284.5729</ele>
        <time>2020-03-27T14:58:18Z</time>
      </trkpt>
      <trkpt lat="50.881332" lon="7.9117193">
        <ele>285.29953</ele>
        <time>2020-03-27T14:58:26Z</time>
      </trkpt>
      <trkpt lat="50.881355" lon="7.9115815">
        <ele>286.02087</ele>
        <time>2020-03-27T14:58:34Z</time>
      </trkpt>
      <trkpt lat="50.881374" lon="7.9114356">
        <ele>287.08835</ele>
        <time>2020-03-27T14:58:43Z</time>
      </trkpt>
      <trkpt lat="50.8814" lon="7.9112935">
        <ele>287.78592</ele>
        <time>2020-03-27T14:58:52Z</time>
      </trkpt>
      <trkpt lat="50.881424" lon="7.9111524">
        <ele>288.25888</ele>
        <time>2020-03-27T14:59:00Z</time>
      </trkpt>
      <trkpt lat="50.881477" lon="7.91102">
        <ele>288.9855</ele>
        <time>2020-03-27T14:59:08Z</time>
      </trkpt>
      <trkpt lat="50.881504" lon="7.9108644">
        <ele>289.979</ele>
        <time>2020-03-27T14:59:16Z</time>
      </trkpt>
      <trkpt lat="50.88153" lon="7.9107094">
        <ele>290.42554</ele>
        <time>2020-03-27T14:59:25Z</time>
      </trkpt>
      <trkpt lat="50.881565" lon="7.9105697">
        <ele>291.07025</ele>
        <time>2020-03-27T14:59:32Z</time>
      </trkpt>
      <trkpt lat="50.88159" lon="7.9104147">
        <ele>290.99362</ele>
        <time>2020-03-27T14:59:40Z</time>
      </trkpt>
      <trkpt lat="50.88161" lon="7.910255">
        <ele>291.85764</ele>
        <time>2020-03-27T14:59:48Z</time>
      </trkpt>
      <trkpt lat="50.881622" lon="7.9101133">
        <ele>293.0044</ele>
        <time>2020-03-27T14:59:57Z</time>
      </trkpt>
      <trkpt lat="50.88164" lon="7.9099736">
        <ele>293.44302</ele>
        <time>2020-03-27T15:00:04Z</time>
      </trkpt>
      <trkpt lat="50.88166" lon="7.909819">
        <ele>294.48407</ele>
        <time>2020-03-27T15:00:11Z</time>
      </trkpt>
      <trkpt lat="50.881676" lon="7.9096713">
        <ele>295.57532</ele>
        <time>2020-03-27T15:00:19Z</time>
      </trkpt>
      <trkpt lat="50.881702" lon="7.9095297">
        <ele>296.75378</ele>
        <time>2020-03-27T15:00:27Z</time>
      </trkpt>
      <trkpt lat="50.88174" lon="7.9093785">
        <ele>297.2426</ele>
        <time>2020-03-27T15:00:36Z</time>
      </trkpt>
      <trkpt lat="50.881763" lon="7.9092307">
        <ele>298.00357</ele>
        <time>2020-03-27T15:00:43Z</time>
      </trkpt>
      <trkpt lat="50.881798" lon="7.909089">
        <ele>299.39606</ele>
        <time>2020-03-27T15:00:51Z</time>
      </trkpt>
      <trkpt lat="50.881824" lon="7.908951">
        <ele>299.80298</ele>
        <time>2020-03-27T15:00:59Z</time>
      </trkpt>
      <trkpt lat="50.8819" lon="7.908866">
        <ele>299.3247</ele>
        <time>2020-03-27T15:01:11Z</time>
      </trkpt>
      <trkpt lat="50.88199" lon="7.9088287">
        <ele>298.76456</ele>
        <time>2020-03-27T15:01:18Z</time>
      </trkpt>
      <trkpt lat="50.882088" lon="7.9088073">
        <ele>299.92188</ele>
        <time>2020-03-27T15:01:24Z</time>
      </trkpt>
      <trkpt lat="50.882183" lon="7.9088016">
        <ele>299.8928</ele>
        <time>2020-03-27T15:01:30Z</time>
      </trkpt>
      <trkpt lat="50.882267" lon="7.908874">
        <ele>300.39484</ele>
        <time>2020-03-27T15:01:36Z</time>
      </trkpt>
      <trkpt lat="50.88234" lon="7.908972">
        <ele>300.02228</ele>
        <time>2020-03-27T15:01:45Z</time>
      </trkpt>
      <trkpt lat="50.88238" lon="7.9091215">
        <ele>300.41068</ele>
        <time>2020-03-27T15:01:52Z</time>
      </trkpt>
      <trkpt lat="50.88242" lon="7.909255">
        <ele>300.1174</ele>
        <time>2020-03-27T15:01:59Z</time>
      </trkpt>
      <trkpt lat="50.88245" lon="7.9093933">
        <ele>299.7184</ele>
        <time>2020-03-27T15:02:06Z</time>
      </trkpt>
      <trkpt lat="50.882458" lon="7.9095407">
        <ele>299.13446</ele>
        <time>2020-03-27T15:02:14Z</time>
      </trkpt>
      <trkpt lat="50.882477" lon="7.9096885">
        <ele>298.99707</ele>
        <time>2020-03-27T15:02:22Z</time>
      </trkpt>
      <trkpt lat="50.882515" lon="7.909828">
        <ele>298.68793</ele>
        <time>2020-03-27T15:02:29Z</time>
      </trkpt>
      <trkpt lat="50.882545" lon="7.9099703">
        <ele>298.281</ele>
        <time>2020-03-27T15:02:36Z</time>
      </trkpt>
      <trkpt lat="50.882587" lon="7.910106">
        <ele>298.39462</ele>
        <time>2020-03-27T15:02:46Z</time>
      </trkpt>
      <trkpt lat="50.882603" lon="7.9102154">
        <ele>298.1595</ele>
        <time>2020-03-27T15:03:10Z</time>
      </trkpt>
    </trkseg>
    <trkseg>
      <trkpt lat="50.882603" lon="7.9102154">
        <ele>298.1595</ele>
        <time>2020-03-27T15:03:10Z</time>
      </trkpt>
      <trkpt lat="50.882664" lon="7.910339">
        <ele>300.65378</ele>
        <time>2020-03-27T15:05:31Z</time>
      </trkpt>
      <trkpt lat="50.882725" lon="7.9104447">
        <ele>300.97614</ele>
        <time>2020-03-27T15:05:37Z</time>
      </trkpt>
      <trkpt lat="50.88278" lon="7.9105663">
        <ele>300.68814</ele>
        <time>2020-03-27T15:05:43Z</time>
      </trkpt>
      <trkpt lat="50.88284" lon="7.9106936">
        <ele>300.77267</ele>
        <time>2020-03-27T15:05:50Z</time>
      </trkpt>
      <trkpt lat="50.8829" lon="7.910799">
        <ele>301.3989</ele>
        <time>2020-03-27T15:05:59Z</time>
      </trkpt>
      <trkpt lat="50.88298" lon="7.9108667">
        <ele>302.13345</ele>
        <time>2020-03-27T15:06:07Z</time>
      </trkpt>
      <trkpt lat="50.88307" lon="7.9108663">
        <ele>303.43082</ele>
        <time>2020-03-27T15:06:15Z</time>
      </trkpt>
      <trkpt lat="50.883156" lon="7.9108086">
        <ele>304.88406</ele>
        <time>2020-03-27T15:06:22Z</time>
      </trkpt>
      <trkpt lat="50.883236" lon="7.9107094">
        <ele>306.31616</ele>
        <time>2020-03-27T15:06:30Z</time>
      </trkpt>
      <trkpt lat="50.88329" lon="7.910576">
        <ele>307.7694</ele>
        <time>2020-03-27T15:06:38Z</time>
      </trkpt>
      <trkpt lat="50.883316" lon="7.910418">
        <ele>309.0747</ele>
        <time>2020-03-27T15:06:46Z</time>
      </trkpt>
      <trkpt lat="50.88333" lon="7.910265">
        <ele>310.97186</ele>
        <time>2020-03-27T15:06:54Z</time>
      </trkpt>
      <trkpt lat="50.883358" lon="7.910129">
        <ele>311.96536</ele>
        <time>2020-03-27T15:07:02Z</time>
      </trkpt>
      <trkpt lat="50.883385" lon="7.909976">
        <ele>313.65906</ele>
        <time>2020-03-27T15:07:11Z</time>
      </trkpt>
      <trkpt lat="50.88341" lon="7.909827">
        <ele>314.45172</ele>
        <time>2020-03-27T15:07:20Z</time>
      </trkpt>
      <trkpt lat="50.883442" lon="7.9096875">
        <ele>315.69095</ele>
        <time>2020-03-27T15:07:28Z</time>
      </trkpt>
      <trkpt lat="50.88346" lon="7.9095383">
        <ele>316.555</ele>
        <time>2020-03-27T15:07:37Z</time>
      </trkpt>
      <trkpt lat="50.883484" lon="7.9093776">
        <ele>318.18262</ele>
        <time>2020-03-27T15:07:45Z</time>
      </trkpt>
      <trkpt lat="50.88348" lon="7.90923">
        <ele>320.16168</ele>
        <time>2020-03-27T15:07:53Z</time>
      </trkpt>
      <trkpt lat="50.883495" lon="7.909084">
        <ele>320.8566</ele>
        <time>2020-03-27T15:08:02Z</time>
      </trkpt>
      <trkpt lat="50.883507" lon="7.908941">
        <ele>322.1434</ele>
        <time>2020-03-27T15:08:10Z</time>
      </trkpt>
      <trkpt lat="50.883537" lon="7.9087873">
        <ele>323.9005</ele>
        <time>2020-03-27T15:08:19Z</time>
      </trkpt>
      <trkpt lat="50.883568" lon="7.9086375">
        <ele>325.8188</ele>
        <time>2020-03-27T15:08:28Z</time>
      </trkpt>
      <trkpt lat="50.883564" lon="7.9084826">
        <ele>326.89157</ele>
        <time>2020-03-27T15:08:37Z</time>
      </trkpt>
      <trkpt lat="50.883564" lon="7.908338">
        <ele>328.1387</ele>
        <time>2020-03-27T15:08:44Z</time>
      </trkpt>
      <trkpt lat="50.883556" lon="7.9081817">
        <ele>329.71878</ele>
        <time>2020-03-27T15:08:53Z</time>
      </trkpt>
      <trkpt lat="50.883564" lon="7.908031">
        <ele>331.1562</ele>
        <time>2020-03-27T15:09:02Z</time>
      </trkpt>
      <trkpt lat="50.883568" lon="7.9078856">
        <ele>332.0704</ele>
        <time>2020-03-27T15:09:11Z</time>
      </trkpt>
      <trkpt lat="50.88357" lon="7.9077373">
        <ele>333.5316</ele>
        <time>2020-03-27T15:09:19Z</time>
      </trkpt>
      <trkpt lat="50.88357" lon="7.907585">
        <ele>334.2635</ele>
        <time>2020-03-27T15:09:28Z</time>
      </trkpt>
      <trkpt lat="50.88357" lon="7.907441">
        <ele>335.99683</ele>
        <time>2020-03-27T15:09:38Z</time>
      </trkpt>
      <trkpt lat="50.883587" lon="7.907294">
        <ele>336.63626</ele>
        <time>2020-03-27T15:09:46Z</time>
      </trkpt>
      <trkpt lat="50.883614" lon="7.9071474">
        <ele>338.06046</ele>
        <time>2020-03-27T15:09:54Z</time>
      </trkpt>
      <trkpt lat="50.883667" lon="7.9070296">
        <ele>340.3275</ele>
        <time>2020-03-27T15:10:16Z</time>
      </trkpt>
      <trkpt lat="50.883728" lon="7.906923">
        <ele>340.5574</ele>
        <time>2020-03-27T15:10:27Z</time>
      </trkpt>
      <trkpt lat="50.883785" lon="7.9068">
        <ele>342.03442</ele>
        <time>2020-03-27T15:10:35Z</time>
      </trkpt>
      <trkpt lat="50.883842" lon="7.9066863">
        <ele>342.8007</ele>
        <time>2020-03-27T15:10:43Z</time>
      </trkpt>
      <trkpt lat="50.88389" lon="7.9065595">
        <ele>343.8259</ele>
        <time>2020-03-27T15:10:52Z</time>
      </trkpt>
      <trkpt lat="50.883915" lon="7.9064226">
        <ele>344.64764</ele>
        <time>2020-03-27T15:10:59Z</time>
      </trkpt>
      <trkpt lat="50.883884" lon="7.906285">
        <ele>345.54074</ele>
        <time>2020-03-27T15:11:06Z</time>
      </trkpt>
      <trkpt lat="50.883816" lon="7.9061737">
        <ele>345.97934</ele>
        <time>2020-03-27T15:11:14Z</time>
      </trkpt>
      <trkpt lat="50.88377" lon="7.90605">
        <ele>346.5527</ele>
        <time>2020-03-27T15:11:21Z</time>
      </trkpt>
      <trkpt lat="50.883797" lon="7.9059024">
        <ele>347.0019</ele>
        <time>2020-03-27T15:11:28Z</time>
      </trkpt>
      <trkpt lat="50.88384" lon="7.9057717">
        <ele>346.64255</ele>
        <time>2020-03-27T15:11:34Z</time>
      </trkpt>
      <trkpt lat="50.88389" lon="7.905649">
        <ele>346.33606</ele>
        <time>2020-03-27T15:11:42Z</time>
      </trkpt>
      <trkpt lat="50.883945" lon="7.9055305">
        <ele>345.64377</ele>
        <time>2020-03-27T15:11:50Z</time>
      </trkpt>
      <trkpt lat="50.883987" lon="7.9053907">
        <ele>344.7877</ele>
        <time>2020-03-27T15:11:59Z</time>
      </trkpt>
      <trkpt lat="50.88403" lon="7.905264">
        <ele>343.78098</ele>
        <time>2020-03-27T15:12:06Z</time>
      </trkpt>
      <trkpt lat="50.884087" lon="7.905128">
        <ele>343.14682</ele>
        <time>2020-03-27T15:12:14Z</time>
      </trkpt>
      <trkpt lat="50.884186" lon="7.9050894">
        <ele>342.695</ele>
        <time>2020-03-27T15:12:21Z</time>
      </trkpt>
      <trkpt lat="50.884277" lon="7.9050694">
        <ele>342.5523</ele>
        <time>2020-03-27T15:12:29Z</time>
      </trkpt>
      <trkpt lat="50.88437" lon="7.9050455">
        <ele>342.37</ele>
        <time>2020-03-27T15:12:37Z</time>
      </trkpt>
      <trkpt lat="50.884464" lon="7.9050045">
        <ele>341.683</ele>
        <time>2020-03-27T15:12:44Z</time>
      </trkpt>
      <trkpt lat="50.884563" lon="7.9049544">
        <ele>342.23523</ele>
        <time>2020-03-27T15:12:51Z</time>
      </trkpt>
      <trkpt lat="50.88465" lon="7.9049063">
        <ele>341.9076</ele>
        <time>2020-03-27T15:12:58Z</time>
      </trkpt>
      <trkpt lat="50.88474" lon="7.9048443">
        <ele>341.77286</ele>
        <time>2020-03-27T15:13:05Z</time>
      </trkpt>
      <trkpt lat="50.884834" lon="7.9047966">
        <ele>341.38443</ele>
        <time>2020-03-27T15:13:14Z</time>
      </trkpt>
      <trkpt lat="50.884933" lon="7.9047427">
        <ele>341.4267</ele>
        <time>2020-03-27T15:13:22Z</time>
      </trkpt>
      <trkpt lat="50.88503" lon="7.9047008">
        <ele>341.46368</ele>
        <time>2020-03-27T15:13:30Z</time>
      </trkpt>
      <trkpt lat="50.885113" lon="7.9046383">
        <ele>342.12692</ele>
        <time>2020-03-27T15:13:39Z</time>
      </trkpt>
      <trkpt lat="50.88518" lon="7.904536">
        <ele>341.9393</ele>
        <time>2020-03-27T15:13:45Z</time>
      </trkpt>
      <trkpt lat="50.885223" lon="7.904409">
        <ele>341.98422</ele>
        <time>2020-03-27T15:13:52Z</time>
      </trkpt>
      <trkpt lat="50.885277" lon="7.9042816">
        <ele>342.481</ele>
        <time>2020-03-27T15:14:00Z</time>
      </trkpt>
      <trkpt lat="50.885326" lon="7.904148">
        <ele>342.67914</ele>
        <time>2020-03-27T15:14:07Z</time>
      </trkpt>
      <trkpt lat="50.88539" lon="7.9040313">
        <ele>343.32385</ele>
        <time>2020-03-27T15:14:16Z</time>
      </trkpt>
      <trkpt lat="50.88544" lon="7.9039083">
        <ele>343.87082</ele>
        <time>2020-03-27T15:14:22Z</time>
      </trkpt>
      <trkpt lat="50.88551" lon="7.903805">
        <ele>344.08746</ele>
        <time>2020-03-27T15:14:30Z</time>
      </trkpt>
      <trkpt lat="50.88558" lon="7.9036965">
        <ele>344.5763</ele>
        <time>2020-03-27T15:14:38Z</time>
      </trkpt>
      <trkpt lat="50.885647" lon="7.903586">
        <ele>345.03604</ele>
        <time>2020-03-27T15:14:47Z</time>
      </trkpt>
      <trkpt lat="50.885704" lon="7.9034514">
        <ele>345.2712</ele>
        <time>2020-03-27T15:14:56Z</time>
      </trkpt>
      <trkpt lat="50.885765" lon="7.9033256">
        <ele>346.14844</ele>
        <time>2020-03-27T15:15:04Z</time>
      </trkpt>
      <trkpt lat="50.88583" lon="7.9032135">
        <ele>346.34396</ele>
        <time>2020-03-27T15:15:09Z</time>
      </trkpt>
      <trkpt lat="50.885906" lon="7.903115">
        <ele>346.9464</ele>
        <time>2020-03-27T15:15:19Z</time>
      </trkpt>
      <trkpt lat="50.885967" lon="7.9030104">
        <ele>347.31635</ele>
        <time>2020-03-27T15:15:27Z</time>
      </trkpt>
      <trkpt lat="50.88605" lon="7.902939">
        <ele>348.00333</ele>
        <time>2020-03-27T15:15:36Z</time>
      </trkpt>
      <trkpt lat="50.88613" lon="7.902871">
        <ele>348.0456</ele>
        <time>2020-03-27T15:15:45Z</time>
      </trkpt>
      <trkpt lat="50.88622" lon="7.9028034">
        <ele>348.51328</ele>
        <time>2020-03-27T15:15:52Z</time>
      </trkpt>
      <trkpt lat="50.886303" lon="7.902746">
        <ele>348.8198</ele>
        <time>2020-03-27T15:15:59Z</time>
      </trkpt>
      <trkpt lat="50.8864" lon="7.9026604">
        <ele>348.8515</ele>
        <time>2020-03-27T15:16:06Z</time>
      </trkpt>
      <trkpt lat="50.88649" lon="7.9025846">
        <ele>348.79865</ele>
        <time>2020-03-27T15:16:13Z</time>
      </trkpt>
      <trkpt lat="50.886566" lon="7.9024997">
        <ele>349.63626</ele>
        <time>2020-03-27T15:16:20Z</time>
      </trkpt>
      <trkpt lat="50.886654" lon="7.902441">
        <ele>349.17386</ele>
        <time>2020-03-27T15:16:28Z</time>
      </trkpt>
      <trkpt lat="50.88674" lon="7.902394">
        <ele>348.8383</ele>
        <time>2020-03-27T15:16:37Z</time>
      </trkpt>
      <trkpt lat="50.886826" lon="7.9023128">
        <ele>349.23462</ele>
        <time>2020-03-27T15:16:45Z</time>
      </trkpt>
      <trkpt lat="50.8869" lon="7.902225">
        <ele>349.76044</ele>
        <time>2020-03-27T15:16:56Z</time>
      </trkpt>
      <trkpt lat="50.886982" lon="7.9021344">
        <ele>349.99033</ele>
        <time>2020-03-27T15:17:03Z</time>
      </trkpt>
      <trkpt lat="50.88706" lon="7.902039">
        <ele>350.56104</ele>
        <time>2020-03-27T15:17:08Z</time>
      </trkpt>
      <trkpt lat="50.887146" lon="7.901963">
        <ele>351.11328</ele>
        <time>2020-03-27T15:17:14Z</time>
      </trkpt>
      <trkpt lat="50.887234" lon="7.901905">
        <ele>351.34317</ele>
        <time>2020-03-27T15:17:20Z</time>
      </trkpt>
      <trkpt lat="50.88733" lon="7.9018683">
        <ele>351.4568</ele>
        <time>2020-03-27T15:17:27Z</time>
      </trkpt>
      <trkpt lat="50.88742" lon="7.9019265">
        <ele>352.5956</ele>
        <time>2020-03-27T15:17:35Z</time>
      </trkpt>
      <trkpt lat="50.88747" lon="7.90205">
        <ele>352.7145</ele>
        <time>2020-03-27T15:17:42Z</time>
      </trkpt>
      <trkpt lat="50.88756" lon="7.9020605">
        <ele>353.78198</ele>
        <time>2020-03-27T15:17:52Z</time>
      </trkpt>
      <trkpt lat="50.887627" lon="7.901945">
        <ele>354.54825</ele>
        <time>2020-03-27T15:17:59Z</time>
      </trkpt>
      <trkpt lat="50.8877" lon="7.9018264">
        <ele>354.72</ele>
        <time>2020-03-27T15:18:07Z</time>
      </trkpt>
      <trkpt lat="50.88777" lon="7.9017234">
        <ele>355.49152</ele>
        <time>2020-03-27T15:18:15Z</time>
      </trkpt>
      <trkpt lat="50.88784" lon="7.90163">
        <ele>356.26837</ele>
        <time>2020-03-27T15:18:22Z</time>
      </trkpt>
      <trkpt lat="50.8879" lon="7.9015255">
        <ele>356.97385</ele>
        <time>2020-03-27T15:18:29Z</time>
      </trkpt>
      <trkpt lat="50.887974" lon="7.9014277">
        <ele>358.11267</ele>
        <time>2020-03-27T15:18:36Z</time>
      </trkpt>
      <trkpt lat="50.888035" lon="7.901308">
        <ele>358.88684</ele>
        <time>2020-03-27T15:18:46Z</time>
      </trkpt>
      <trkpt lat="50.88805" lon="7.9012284">
        <ele>357.83786</ele>
        <time>2020-03-27T15:19:04Z</time>
      </trkpt>
    </trkseg>
    <trkseg>
      <trkpt lat="50.88805" lon="7.9012284">
        <ele>357.83786</ele>
        <time>2020-03-27T15:19:04Z</time>
      </trkpt>
      <trkpt lat="50.888107" lon="7.9011045">
        <ele>362.65738</ele>
        <time>2020-03-27T15:23:04Z</time>
      </trkpt>
      <trkpt lat="50.88819" lon="7.901017">
        <ele>366.01572</ele>
        <time>2020-03-27T15:23:19Z</time>
      </trkpt>
      <trkpt lat="50.888256" lon="7.9009156">
        <ele>366.29315</ele>
        <time>2020-03-27T15:23:23Z</time>
      </trkpt>
      <trkpt lat="50.888336" lon="7.900821">
        <ele>367.43988</ele>
        <time>2020-03-27T15:23:29Z</time>
      </trkpt>
      <trkpt lat="50.88842" lon="7.900747">
        <ele>368.43338</ele>
        <time>2020-03-27T15:23:36Z</time>
      </trkpt>
      <trkpt lat="50.88851" lon="7.90066">
        <ele>369.23135</ele>
        <time>2020-03-27T15:23:42Z</time>
      </trkpt>
      <trkpt lat="50.888588" lon="7.9005833">
        <ele>370.23807</ele>
        <time>2020-03-27T15:23:47Z</time>
      </trkpt>
      <trkpt lat="50.888668" lon="7.9005094">
        <ele>370.7639</ele>
        <time>2020-03-27T15:23:53Z</time>
      </trkpt>
      <trkpt lat="50.88875" lon="7.900429">
        <ele>370.92505</ele>
        <time>2020-03-27T15:24:00Z</time>
      </trkpt>
      <trkpt lat="50.88884" lon="7.900354">
        <ele>371.06775</ele>
        <time>2020-03-27T15:24:07Z</time>
      </trkpt>
      <trkpt lat="50.888916" lon="7.9002624">
        <ele>369.51144</ele>
        <time>2020-03-27T15:24:14Z</time>
      </trkpt>
      <trkpt lat="50.88899" lon="7.9001746">
        <ele>370.172</ele>
        <time>2020-03-27T15:24:23Z</time>
      </trkpt>
      <trkpt lat="50.88906" lon="7.9000764">
        <ele>370.1641</ele>
        <time>2020-03-27T15:24:32Z</time>
      </trkpt>
      <trkpt lat="50.889145" lon="7.8999896">
        <ele>369.32913</ele>
        <time>2020-03-27T15:24:39Z</time>
      </trkpt>
      <trkpt lat="50.88923" lon="7.899922">
        <ele>368.48886</ele>
        <time>2020-03-27T15:24:48Z</time>
      </trkpt>
      <trkpt lat="50.88931" lon="7.8998303">
        <ele>367.83624</ele>
        <time>2020-03-27T15:24:55Z</time>
      </trkpt>
      <trkpt lat="50.88939" lon="7.899741">
        <ele>368.4651</ele>
        <time>2020-03-27T15:25:02Z</time>
      </trkpt>
      <trkpt lat="50.889465" lon="7.899665">
        <ele>367.82037</ele>
        <time>2020-03-27T15:25:09Z</time>
      </trkpt>
      <trkpt lat="50.889557" lon="7.899578">
        <ele>367.80188</ele>
        <time>2020-03-27T15:25:18Z</time>
      </trkpt>
      <trkpt lat="50.889626" lon="7.899482">
        <ele>366.77667</ele>
        <time>2020-03-27T15:25:27Z</time>
      </trkpt>
      <trkpt lat="50.889687" lon="7.8993764">
        <ele>366.6023</ele>
        <time>2020-03-27T15:25:35Z</time>
      </trkpt>
      <trkpt lat="50.88975" lon="7.8992476">
        <ele>365.7224</ele>
        <time>2020-03-27T15:25:46Z</time>
      </trkpt>
      <trkpt lat="50.88982" lon="7.899138">
        <ele>365.94965</ele>
        <time>2020-03-27T15:25:54Z</time>
      </trkpt>
      <trkpt lat="50.889893" lon="7.899038">
        <ele>366.11874</ele>
        <time>2020-03-27T15:26:02Z</time>
      </trkpt>
      <trkpt lat="50.889915" lon="7.898874">
        <ele>365.86246</ele>
        <time>2020-03-27T15:26:06Z</time>
      </trkpt>
      <trkpt lat="50.889973" lon="7.898738">
        <ele>366.41205</ele>
        <time>2020-03-27T15:26:12Z</time>
      </trkpt>
      <trkpt lat="50.890045" lon="7.8986373">
        <ele>366.29578</ele>
        <time>2020-03-27T15:26:18Z</time>
      </trkpt>
      <trkpt lat="50.89012" lon="7.8985395">
        <ele>366.17953</ele>
        <time>2020-03-27T15:26:25Z</time>
      </trkpt>
      <trkpt lat="50.8902" lon="7.89846">
        <ele>367.03033</ele>
        <time>2020-03-27T15:26:32Z</time>
      </trkpt>
      <trkpt lat="50.890278" lon="7.898358">
        <ele>368.06348</ele>
        <time>2020-03-27T15:26:40Z</time>
      </trkpt>
      <trkpt lat="50.890377" lon="7.898305">
        <ele>369.1204</ele>
        <time>2020-03-27T15:26:49Z</time>
      </trkpt>
      <trkpt lat="50.890472" lon="7.898302">
        <ele>370.4521</ele>
        <time>2020-03-27T15:26:57Z</time>
      </trkpt>
      <trkpt lat="50.89056" lon="7.898215">
        <ele>371.90533</ele>
        <time>2020-03-27T15:27:07Z</time>
      </trkpt>
      <trkpt lat="50.89064" lon="7.8981366">
        <ele>373.0336</ele>
        <time>2020-03-27T15:27:14Z</time>
      </trkpt>
      <trkpt lat="50.890724" lon="7.898076">
        <ele>373.6466</ele>
        <time>2020-03-27T15:27:21Z</time>
      </trkpt>
      <trkpt lat="50.89082" lon="7.8980646">
        <ele>374.7458</ele>
        <time>2020-03-27T15:27:30Z</time>
      </trkpt>
      <trkpt lat="50.890915" lon="7.8980613">
        <ele>375.41162</ele>
        <time>2020-03-27T15:27:37Z</time>
      </trkpt>
      <trkpt lat="50.89102" lon="7.898079">
        <ele>376.44476</ele>
        <time>2020-03-27T15:27:45Z</time>
      </trkpt>
      <trkpt lat="50.891113" lon="7.898044">
        <ele>377.4277</ele>
        <time>2020-03-27T15:27:55Z</time>
      </trkpt>
      <trkpt lat="50.891197" lon="7.8979616">
        <ele>378.75412</ele>
        <time>2020-03-27T15:28:04Z</time>
      </trkpt>
      <trkpt lat="50.891254" lon="7.897827">
        <ele>379.57587</ele>
        <time>2020-03-27T15:28:13Z</time>
      </trkpt>
      <trkpt lat="50.891277" lon="7.897665">
        <ele>379.87973</ele>
        <time>2020-03-27T15:28:22Z</time>
      </trkpt>
      <trkpt lat="50.89134" lon="7.89754">
        <ele>381.95126</ele>
        <time>2020-03-27T15:28:33Z</time>
      </trkpt>
      <trkpt lat="50.891438" lon="7.8975215">
        <ele>382.59863</ele>
        <time>2020-03-27T15:28:42Z</time>
      </trkpt>
      <trkpt lat="50.89152" lon="7.897582">
        <ele>383.15085</ele>
        <time>2020-03-27T15:28:49Z</time>
      </trkpt>
      <trkpt lat="50.8916" lon="7.8976517">
        <ele>383.53662</ele>
        <time>2020-03-27T15:28:55Z</time>
      </trkpt>
      <trkpt lat="50.89168" lon="7.897739">
        <ele>382.9897</ele>
        <time>2020-03-27T15:29:02Z</time>
      </trkpt>
      <trkpt lat="50.89175" lon="7.8978405">
        <ele>383.1429</ele>
        <time>2020-03-27T15:29:09Z</time>
      </trkpt>
      <trkpt lat="50.891838" lon="7.8979225">
        <ele>383.5789</ele>
        <time>2020-03-27T15:29:19Z</time>
      </trkpt>
      <trkpt lat="50.89192" lon="7.8980126">
        <ele>383.66345</ele>
        <time>2020-03-27T15:29:27Z</time>
      </trkpt>
      <trkpt lat="50.89199" lon="7.898097">
        <ele>383.39658</ele>
        <time>2020-03-27T15:29:34Z</time>
      </trkpt>
      <trkpt lat="50.892063" lon="7.898195">
        <ele>382.74658</ele>
        <time>2020-03-27T15:29:41Z</time>
      </trkpt>
      <trkpt lat="50.89216" lon="7.898265">
        <ele>383.7216</ele>
        <time>2020-03-27T15:29:48Z</time>
      </trkpt>
      <trkpt lat="50.892227" lon="7.898374">
        <ele>384.14963</ele>
        <time>2020-03-27T15:29:55Z</time>
      </trkpt>
      <trkpt lat="50.89224" lon="7.898389">
        <ele>384.50897</ele>
        <time>2020-03-27T15:29:56Z</time>
      </trkpt>
      <trkpt lat="50.892246" lon="7.8984013">
        <ele>383.8907</ele>
        <time>2020-03-27T15:29:57Z</time>
      </trkpt>
      <trkpt lat="50.892334" lon="7.8984723">
        <ele>384.45615</ele>
        <time>2020-03-27T15:30:05Z</time>
      </trkpt>
      <trkpt lat="50.89234" lon="7.898482">
        <ele>384.8789</ele>
        <time>2020-03-27T15:30:06Z</time>
      </trkpt>
      <trkpt lat="50.892353" lon="7.8984923">
        <ele>384.8102</ele>
        <time>2020-03-27T15:30:07Z</time>
      </trkpt>
      <trkpt lat="50.892445" lon="7.898576">
        <ele>385.18277</ele>
        <time>2020-03-27T15:30:16Z</time>
      </trkpt>
      <trkpt lat="50.892456" lon="7.8985844">
        <ele>384.95026</ele>
        <time>2020-03-27T15:30:17Z</time>
      </trkpt>
      <trkpt lat="50.89254" lon="7.8986726">
        <ele>385.41263</ele>
        <time>2020-03-27T15:30:25Z</time>
      </trkpt>
      <trkpt lat="50.892616" lon="7.898762">
        <ele>385.40735</ele>
        <time>2020-03-27T15:30:31Z</time>
      </trkpt>
      <trkpt lat="50.892624" lon="7.898777">
        <ele>385.89352</ele>
        <time>2020-03-27T15:30:32Z</time>
      </trkpt>
      <trkpt lat="50.892685" lon="7.898887">
        <ele>385.70593</ele>
        <time>2020-03-27T15:30:39Z</time>
      </trkpt>
      <trkpt lat="50.892754" lon="7.8989925">
        <ele>385.3175</ele>
        <time>2020-03-27T15:30:47Z</time>
      </trkpt>
      <trkpt lat="50.892822" lon="7.8991084">
        <ele>384.0043</ele>
        <time>2020-03-27T15:30:55Z</time>
      </trkpt>
      <trkpt lat="50.892883" lon="7.8992257">
        <ele>383.91977</ele>
        <time>2020-03-27T15:31:03Z</time>
      </trkpt>
      <trkpt lat="50.892952" lon="7.899336">
        <ele>382.72015</ele>
        <time>2020-03-27T15:31:14Z</time>
      </trkpt>
      <trkpt lat="50.89305" lon="7.899377">
        <ele>383.11386</ele>
        <time>2020-03-27T15:31:22Z</time>
      </trkpt>
      <trkpt lat="50.893147" lon="7.8994">
        <ele>382.4216</ele>
        <time>2020-03-27T15:31:31Z</time>
      </trkpt>
      <trkpt lat="50.893246" lon="7.899446">
        <ele>381.75836</ele>
        <time>2020-03-27T15:31:39Z</time>
      </trkpt>
      <trkpt lat="50.89334" lon="7.8994665">
        <ele>380.67505</ele>
        <time>2020-03-27T15:31:46Z</time>
      </trkpt>
      <trkpt lat="50.893444" lon="7.899455">
        <ele>379.61548</ele>
        <time>2020-03-27T15:31:55Z</time>
      </trkpt>
      <trkpt lat="50.893536" lon="7.8994875">
        <ele>378.61407</ele>
        <time>2020-03-27T15:32:03Z</time>
      </trkpt>
      <trkpt lat="50.893635" lon="7.899493">
        <ele>376.3655</ele>
        <time>2020-03-27T15:32:13Z</time>
      </trkpt>
      <trkpt lat="50.89372" lon="7.8995686">
        <ele>374.38644</ele>
        <time>2020-03-27T15:32:23Z</time>
      </trkpt>
      <trkpt lat="50.893787" lon="7.899677">
        <ele>372.43115</ele>
        <time>2020-03-27T15:32:31Z</time>
      </trkpt>
      <trkpt lat="50.893826" lon="7.8998075">
        <ele>371.69397</ele>
        <time>2020-03-27T15:32:38Z</time>
      </trkpt>
      <trkpt lat="50.893856" lon="7.8999634">
        <ele>370.41245</ele>
        <time>2020-03-27T15:32:46Z</time>
      </trkpt>
      <trkpt lat="50.893864" lon="7.900112">
        <ele>369.62506</ele>
        <time>2020-03-27T15:32:54Z</time>
      </trkpt>
      <trkpt lat="50.89388" lon="7.900255">
        <ele>368.6289</ele>
        <time>2020-03-27T15:33:03Z</time>
      </trkpt>
      <trkpt lat="50.893875" lon="7.9003983">
        <ele>367.9657</ele>
        <time>2020-03-27T15:33:11Z</time>
      </trkpt>
      <trkpt lat="50.893875" lon="7.900554">
        <ele>366.27994</ele>
        <time>2020-03-27T15:33:18Z</time>
      </trkpt>
      <trkpt lat="50.893867" lon="7.900702">
        <ele>366.28787</ele>
        <time>2020-03-27T15:33:25Z</time>
      </trkpt>
      <trkpt lat="50.89387" lon="7.900854">
        <ele>365.03278</ele>
        <time>2020-03-27T15:33:33Z</time>
      </trkpt>
      <trkpt lat="50.893883" lon="7.901002">
        <ele>362.40637</ele>
        <time>2020-03-27T15:33:41Z</time>
      </trkpt>
      <trkpt lat="50.893925" lon="7.901133">
        <ele>361.78015</ele>
        <time>2020-03-27T15:33:50Z</time>
      </trkpt>
      <trkpt lat="50.89396" lon="7.9012704">
        <ele>359.92526</ele>
        <time>2020-03-27T15:33:59Z</time>
      </trkpt>
      <trkpt lat="50.89403" lon="7.901379">
        <ele>359.01105</ele>
        <time>2020-03-27T15:34:10Z</time>
      </trkpt>
      <trkpt lat="50.8941" lon="7.901475">
        <ele>357.79294</ele>
        <time>2020-03-27T15:34:18Z</time>
      </trkpt>
      <trkpt lat="50.89417" lon="7.901579">
        <ele>355.42813</ele>
        <time>2020-03-27T15:34:26Z</time>
      </trkpt>
      <trkpt lat="50.894215" lon="7.901717">
        <ele>354.83362</ele>
        <time>2020-03-27T15:34:35Z</time>
      </trkpt>
      <trkpt lat="50.894238" lon="7.901856">
        <ele>352.84924</ele>
        <time>2020-03-27T15:34:46Z</time>
      </trkpt>
      <trkpt lat="50.894238" lon="7.9020157">
        <ele>351.2771</ele>
        <time>2020-03-27T15:34:56Z</time>
      </trkpt>
      <trkpt lat="50.89419" lon="7.902155">
        <ele>348.99155</ele>
        <time>2020-03-27T15:35:09Z</time>
      </trkpt>
      <trkpt lat="50.894127" lon="7.9022665">
        <ele>347.96896</ele>
        <time>2020-03-27T15:35:16Z</time>
      </trkpt>
      <trkpt lat="50.89406" lon="7.9023676">
        <ele>345.39804</ele>
        <time>2020-03-27T15:35:25Z</time>
      </trkpt>
      <trkpt lat="50.89398" lon="7.902454">
        <ele>344.645</ele>
        <time>2020-03-27T15:35:33Z</time>
      </trkpt>
      <trkpt lat="50.893898" lon="7.90254">
        <ele>343.25253</ele>
        <time>2020-03-27T15:35:44Z</time>
      </trkpt>
      <trkpt lat="50.893814" lon="7.9026074">
        <ele>341.15985</ele>
        <time>2020-03-27T15:35:54Z</time>
      </trkpt>
      <trkpt lat="50.893734" lon="7.9026995">
        <ele>339.1834</ele>
        <time>2020-03-27T15:36:02Z</time>
      </trkpt>
      <trkpt lat="50.89365" lon="7.9027586">
        <ele>336.52264</ele>
        <time>2020-03-27T15:36:13Z</time>
      </trkpt>
      <trkpt lat="50.89357" lon="7.90284">
        <ele>336.09723</ele>
        <time>2020-03-27T15:36:23Z</time>
      </trkpt>
      <trkpt lat="50.89347" lon="7.9028854">
        <ele>333.8249</ele>
        <time>2020-03-27T15:36:34Z</time>
      </trkpt>
      <trkpt lat="50.89338" lon="7.902933">
        <ele>331.07428</ele>
        <time>2020-03-27T15:36:44Z</time>
      </trkpt>
      <trkpt lat="50.8933" lon="7.9030175">
        <ele>329.0952</ele>
        <time>2020-03-27T15:36:54Z</time>
      </trkpt>
      <trkpt lat="50.893276" lon="7.9031634">
        <ele>328.70944</ele>
        <time>2020-03-27T15:37:02Z</time>
      </trkpt>
      <trkpt lat="50.89331" lon="7.903302">
        <ele>327.73972</ele>
        <time>2020-03-27T15:37:11Z</time>
      </trkpt>
      <trkpt lat="50.89338" lon="7.9033966">
        <ele>326.40536</ele>
        <time>2020-03-27T15:37:34Z</time>
      </trkpt>
      <trkpt lat="50.89343" lon="7.9035234">
        <ele>325.33527</ele>
        <time>2020-03-27T15:37:43Z</time>
      </trkpt>
      <trkpt lat="50.893383" lon="7.903656">
        <ele>322.7141</ele>
        <time>2020-03-27T15:37:54Z</time>
      </trkpt>
      <trkpt lat="50.89334" lon="7.9037995">
        <ele>322.48425</ele>
        <time>2020-03-27T15:38:02Z</time>
      </trkpt>
      <trkpt lat="50.893322" lon="7.9039526">
        <ele>321.34805</ele>
        <time>2020-03-27T15:38:10Z</time>
      </trkpt>
      <trkpt lat="50.893303" lon="7.9040966">
        <ele>320.1881</ele>
        <time>2020-03-27T15:38:18Z</time>
      </trkpt>
      <trkpt lat="50.893284" lon="7.9042373">
        <ele>319.32144</ele>
        <time>2020-03-27T15:38:25Z</time>
      </trkpt>
      <trkpt lat="50.89326" lon="7.904377">
        <ele>317.4692</ele>
        <time>2020-03-27T15:38:34Z</time>
      </trkpt>
      <trkpt lat="50.89324" lon="7.904519">
        <ele>316.34625</ele>
        <time>2020-03-27T15:38:42Z</time>
      </trkpt>
      <trkpt lat="50.89319" lon="7.9046564">
        <ele>315.04623</ele>
        <time>2020-03-27T15:38:50Z</time>
      </trkpt>
      <trkpt lat="50.893097" lon="7.9046555">
        <ele>314.9617</ele>
        <time>2020-03-27T15:38:58Z</time>
      </trkpt>
      <trkpt lat="50.893013" lon="7.9045954">
        <ele>313.46616</ele>
        <time>2020-03-27T15:39:06Z</time>
      </trkpt>
      <trkpt lat="50.89293" lon="7.904498">
        <ele>311.32065</ele>
        <time>2020-03-27T15:39:17Z</time>
      </trkpt>
      <trkpt lat="50.892838" lon="7.904514">
        <ele>309.29666</ele>
        <time>2020-03-27T15:39:26Z</time>
      </trkpt>
      <trkpt lat="50.8928" lon="7.904663">
        <ele>308.45642</ele>
        <time>2020-03-27T15:39:36Z</time>
      </trkpt>
      <trkpt lat="50.89277" lon="7.904811">
        <ele>306.76535</ele>
        <time>2020-03-27T15:39:44Z</time>
      </trkpt>
      <trkpt lat="50.89273" lon="7.904942">
        <ele>306.80765</ele>
        <time>2020-03-27T15:39:51Z</time>
      </trkpt>
      <trkpt lat="50.892673" lon="7.905059">
        <ele>305.46536</ele>
        <time>2020-03-27T15:39:59Z</time>
      </trkpt>
      <trkpt lat="50.892635" lon="7.905196">
        <ele>304.63568</ele>
        <time>2020-03-27T15:40:08Z</time>
      </trkpt>
      <trkpt lat="50.892605" lon="7.905333">
        <ele>304.12045</ele>
        <time>2020-03-27T15:40:15Z</time>
      </trkpt>
      <trkpt lat="50.892586" lon="7.9054914">
        <ele>303.3542</ele>
        <time>2020-03-27T15:40:22Z</time>
      </trkpt>
      <trkpt lat="50.892582" lon="7.905635">
        <ele>303.8615</ele>
        <time>2020-03-27T15:40:28Z</time>
      </trkpt>
      <trkpt lat="50.892586" lon="7.905784">
        <ele>303.03976</ele>
        <time>2020-03-27T15:40:35Z</time>
      </trkpt>
      <trkpt lat="50.892628" lon="7.905931">
        <ele>302.65134</ele>
        <time>2020-03-27T15:40:43Z</time>
      </trkpt>
      <trkpt lat="50.89268" lon="7.9060535">
        <ele>302.87064</ele>
        <time>2020-03-27T15:40:52Z</time>
      </trkpt>
      <trkpt lat="50.892754" lon="7.9061384">
        <ele>300.63</ele>
        <time>2020-03-27T15:40:59Z</time>
      </trkpt>
      <trkpt lat="50.89281" lon="7.9062514">
        <ele>298.86496</ele>
        <time>2020-03-27T15:41:08Z</time>
      </trkpt>
      <trkpt lat="50.89286" lon="7.9063826">
        <ele>299.16354</ele>
        <time>2020-03-27T15:41:15Z</time>
      </trkpt>
      <trkpt lat="50.892845" lon="7.9065228">
        <ele>299.31943</ele>
        <time>2020-03-27T15:41:22Z</time>
      </trkpt>
      <trkpt lat="50.8928" lon="7.9066563">
        <ele>299.22696</ele>
        <time>2020-03-27T15:41:29Z</time>
      </trkpt>
      <trkpt lat="50.892746" lon="7.9067726">
        <ele>298.55316</ele>
        <time>2020-03-27T15:41:36Z</time>
      </trkpt>
      <trkpt lat="50.8927" lon="7.906905">
        <ele>299.25867</ele>
        <time>2020-03-27T15:41:44Z</time>
      </trkpt>
      <trkpt lat="50.89267" lon="7.907051">
        <ele>298.93103</ele>
        <time>2020-03-27T15:41:52Z</time>
      </trkpt>
      <trkpt lat="50.89266" lon="7.9072003">
        <ele>297.83975</ele>
        <time>2020-03-27T15:42:01Z</time>
      </trkpt>
      <trkpt lat="50.892643" lon="7.907359">
        <ele>297.28488</ele>
        <time>2020-03-27T15:42:09Z</time>
      </trkpt>
      <trkpt lat="50.892628" lon="7.9075027">
        <ele>295.6731</ele>
        <time>2020-03-27T15:42:16Z</time>
      </trkpt>
      <trkpt lat="50.892605" lon="7.90765">
        <ele>294.98346</ele>
        <time>2020-03-27T15:42:24Z</time>
      </trkpt>
      <trkpt lat="50.89261" lon="7.907813">
        <ele>294.73773</ele>
        <time>2020-03-27T15:42:32Z</time>
      </trkpt>
      <trkpt lat="50.892628" lon="7.9079566">
        <ele>294.33875</ele>
        <time>2020-03-27T15:42:38Z</time>
      </trkpt>
      <trkpt lat="50.892662" lon="7.9081035">
        <ele>294.27267</ele>
        <time>2020-03-27T15:42:46Z</time>
      </trkpt>
      <trkpt lat="50.892662" lon="7.9082546">
        <ele>294.94382</ele>
        <time>2020-03-27T15:42:53Z</time>
      </trkpt>
      <trkpt lat="50.89265" lon="7.9084134">
        <ele>294.68488</ele>
        <time>2020-03-27T15:43:01Z</time>
      </trkpt>
      <trkpt lat="50.892635" lon="7.9085627">
        <ele>295.5304</ele>
        <time>2020-03-27T15:43:09Z</time>
      </trkpt>
      <trkpt lat="50.892628" lon="7.9087205">
        <ele>295.18164</ele>
        <time>2020-03-27T15:43:17Z</time>
      </trkpt>
      <trkpt lat="50.892605" lon="7.9088635">
        <ele>294.93854</ele>
        <time>2020-03-27T15:43:24Z</time>
      </trkpt>
      <trkpt lat="50.89259" lon="7.909015">
        <ele>295.77615</ele>
        <time>2020-03-27T15:43:31Z</time>
      </trkpt>
      <trkpt lat="50.892586" lon="7.9091735">
        <ele>296.22797</ele>
        <time>2020-03-27T15:43:39Z</time>
      </trkpt>
      <trkpt lat="50.892593" lon="7.9093184">
        <ele>296.7062</ele>
        <time>2020-03-27T15:43:46Z</time>
      </trkpt>
      <trkpt lat="50.892597" lon="7.9094734">
        <ele>296.18832</ele>
        <time>2020-03-27T15:43:54Z</time>
      </trkpt>
      <trkpt lat="50.89262" lon="7.909626">
        <ele>296.8991</ele>
        <time>2020-03-27T15:44:02Z</time>
      </trkpt>
      <trkpt lat="50.89266" lon="7.9097643">
        <ele>297.62045</ele>
        <time>2020-03-27T15:44:10Z</time>
      </trkpt>
      <trkpt lat="50.892696" lon="7.909894">
        <ele>297.76312</ele>
        <time>2020-03-27T15:44:17Z</time>
      </trkpt>
      <trkpt lat="50.89274" lon="7.9100375">
        <ele>297.8424</ele>
        <time>2020-03-27T15:44:25Z</time>
      </trkpt>
      <trkpt lat="50.892784" lon="7.910169">
        <ele>298.50824</ele>
        <time>2020-03-27T15:44:32Z</time>
      </trkpt>
      <trkpt lat="50.892807" lon="7.910326">
        <ele>298.90723</ele>
        <time>2020-03-27T15:44:40Z</time>
      </trkpt>
      <trkpt lat="50.89286" lon="7.910458">
        <ele>299.66028</ele>
        <time>2020-03-27T15:44:49Z</time>
      </trkpt>
      <trkpt lat="50.892918" lon="7.9105806">
        <ele>299.43042</ele>
        <time>2020-03-27T15:44:57Z</time>
      </trkpt>
      <trkpt lat="50.892975" lon="7.9107037">
        <ele>299.9298</ele>
        <time>2020-03-27T15:45:04Z</time>
      </trkpt>
      <trkpt lat="50.89303" lon="7.910823">
        <ele>300.23102</ele>
        <time>2020-03-27T15:45:12Z</time>
      </trkpt>
      <trkpt lat="50.893093" lon="7.910946">
        <ele>300.82025</ele>
        <time>2020-03-27T15:45:20Z</time>
      </trkpt>
      <trkpt lat="50.893166" lon="7.911054">
        <ele>300.1174</ele>
        <time>2020-03-27T15:45:29Z</time>
      </trkpt>
      <trkpt lat="50.893215" lon="7.9111233">
        <ele>300.07248</ele>
        <time>2020-03-27T15:45:59Z</time>
      </trkpt>
    </trkseg>
    <trkseg>
      <trkpt lat="50.893215" lon="7.9111233">
        <ele>300.07248</ele>
        <time>2020-03-27T15:45:59Z</time>
      </trkpt>
      <trkpt lat="50.89331" lon="7.9110847">
        <ele>300.32877</ele>
        <time>2020-03-27T15:46:14Z</time>
      </trkpt>
      <trkpt lat="50.89339" lon="7.910993">
        <ele>302.0621</ele>
        <time>2020-03-27T15:46:22Z</time>
      </trkpt>
      <trkpt lat="50.893475" lon="7.9109273">
        <ele>302.77023</ele>
        <time>2020-03-27T15:46:30Z</time>
      </trkpt>
      <trkpt lat="50.893555" lon="7.910858">
        <ele>303.69238</ele>
        <time>2020-03-27T15:46:37Z</time>
      </trkpt>
      <trkpt lat="50.893623" lon="7.9107466">
        <ele>304.55643</ele>
        <time>2020-03-27T15:46:44Z</time>
      </trkpt>
      <trkpt lat="50.893703" lon="7.9106526">
        <ele>305.56577</ele>
        <time>2020-03-27T15:46:55Z</time>
      </trkpt>
      <trkpt lat="50.89379" lon="7.9105744">
        <ele>306.96353</ele>
        <time>2020-03-27T15:47:05Z</time>
      </trkpt>
      <trkpt lat="50.89386" lon="7.9104676">
        <ele>308.2239</ele>
        <time>2020-03-27T15:47:12Z</time>
      </trkpt>
      <trkpt lat="50.89394" lon="7.91038">
        <ele>308.8237</ele>
        <time>2020-03-27T15:47:20Z</time>
      </trkpt>
      <trkpt lat="50.894012" lon="7.9102936">
        <ele>308.77878</ele>
        <time>2020-03-27T15:47:27Z</time>
      </trkpt>
      <trkpt lat="50.8941" lon="7.910201">
        <ele>309.2623</ele>
        <time>2020-03-27T15:47:35Z</time>
      </trkpt>
      <trkpt lat="50.89418" lon="7.910118">
        <ele>310.89258</ele>
        <time>2020-03-27T15:47:43Z</time>
      </trkpt>
      <trkpt lat="50.894245" lon="7.9100075">
        <ele>311.15683</ele>
        <time>2020-03-27T15:47:52Z</time>
      </trkpt>
      <trkpt lat="50.89431" lon="7.909906">
        <ele>312.7422</ele>
        <time>2020-03-27T15:48:00Z</time>
      </trkpt>
      <trkpt lat="50.894375" lon="7.909804">
        <ele>313.04077</ele>
        <time>2020-03-27T15:48:07Z</time>
      </trkpt>
      <trkpt lat="50.89443" lon="7.9096785">
        <ele>313.56393</ele>
        <time>2020-03-27T15:48:15Z</time>
      </trkpt>
      <trkpt lat="50.89449" lon="7.9095607">
        <ele>314.5363</ele>
        <time>2020-03-27T15:48:23Z</time>
      </trkpt>
      <trkpt lat="50.894558" lon="7.909445">
        <ele>316.20883</ele>
        <time>2020-03-27T15:48:32Z</time>
      </trkpt>
      <trkpt lat="50.894608" lon="7.909304">
        <ele>316.82977</ele>
        <time>2020-03-27T15:48:41Z</time>
      </trkpt>
      <trkpt lat="50.89466" lon="7.90917">
        <ele>317.95276</ele>
        <time>2020-03-27T15:48:50Z</time>
      </trkpt>
      <trkpt lat="50.89471" lon="7.9090385">
        <ele>319.17612</ele>
        <time>2020-03-27T15:48:58Z</time>
      </trkpt>
      <trkpt lat="50.89477" lon="7.9089155">
        <ele>319.7072</ele>
        <time>2020-03-27T15:49:06Z</time>
      </trkpt>
      <trkpt lat="50.894848" lon="7.9088306">
        <ele>320.5052</ele>
        <time>2020-03-27T15:49:14Z</time>
      </trkpt>
      <trkpt lat="50.894924" lon="7.908748">
        <ele>321.2503</ele>
        <time>2020-03-27T15:49:22Z</time>
      </trkpt>
      <trkpt lat="50.895004" lon="7.9086723">
        <ele>321.068</ele>
        <time>2020-03-27T15:49:30Z</time>
      </trkpt>
      <trkpt lat="50.895084" lon="7.908605">
        <ele>321.71533</ele>
        <time>2020-03-27T15:49:38Z</time>
      </trkpt>
      <trkpt lat="50.895172" lon="7.9085636">
        <ele>321.42468</ele>
        <time>2020-03-27T15:49:45Z</time>
      </trkpt>
      <trkpt lat="50.895252" lon="7.908489">
        <ele>322.1328</ele>
        <time>2020-03-27T15:49:53Z</time>
      </trkpt>
      <trkpt lat="50.89533" lon="7.908411">
        <ele>323.04968</ele>
        <time>2020-03-27T15:50:01Z</time>
      </trkpt>
      <trkpt lat="50.895412" lon="7.908346">
        <ele>323.63892</ele>
        <time>2020-03-27T15:50:09Z</time>
      </trkpt>
      <trkpt lat="50.895504" lon="7.908281">
        <ele>324.56107</ele>
        <time>2020-03-27T15:50:17Z</time>
      </trkpt>
      <trkpt lat="50.895596" lon="7.9082413">
        <ele>325.03403</ele>
        <time>2020-03-27T15:50:25Z</time>
      </trkpt>
      <trkpt lat="50.895695" lon="7.908218">
        <ele>326.083</ele>
        <time>2020-03-27T15:50:32Z</time>
      </trkpt>
      <trkpt lat="50.895786" lon="7.9081903">
        <ele>327.22977</ele>
        <time>2020-03-27T15:50:39Z</time>
      </trkpt>
      <trkpt lat="50.895885" lon="7.9081397">
        <ele>327.98282</ele>
        <time>2020-03-27T15:50:47Z</time>
      </trkpt>
      <trkpt lat="50.895973" lon="7.9081078">
        <ele>328.09378</ele>
        <time>2020-03-27T15:50:54Z</time>
      </trkpt>
      <trkpt lat="50.896065" lon="7.908057">
        <ele>328.5509</ele>
        <time>2020-03-27T15:51:03Z</time>
      </trkpt>
      <trkpt lat="50.89614" lon="7.907971">
        <ele>329.8377</ele>
        <time>2020-03-27T15:51:13Z</time>
      </trkpt>
      <trkpt lat="50.896233" lon="7.9079375">
        <ele>330.13098</ele>
        <time>2020-03-27T15:51:22Z</time>
      </trkpt>
      <trkpt lat="50.896324" lon="7.907894">
        <ele>330.94745</ele>
        <time>2020-03-27T15:51:30Z</time>
      </trkpt>
      <trkpt lat="50.89642" lon="7.9078903">
        <ele>330.77307</ele>
        <time>2020-03-27T15:51:38Z</time>
      </trkpt>
      <trkpt lat="50.8965" lon="7.907956">
        <ele>329.81656</ele>
        <time>2020-03-27T15:51:44Z</time>
      </trkpt>
      <trkpt lat="50.896538" lon="7.9080925">
        <ele>329.65274</ele>
        <time>2020-03-27T15:51:52Z</time>
      </trkpt>
      <trkpt lat="50.89658" lon="7.9082346">
        <ele>330.07285</ele>
        <time>2020-03-27T15:52:00Z</time>
      </trkpt>
      <trkpt lat="50.89662" lon="7.908363">
        <ele>330.05173</ele>
        <time>2020-03-27T15:52:08Z</time>
      </trkpt>
      <trkpt lat="50.896664" lon="7.908496">
        <ele>330.3688</ele>
        <time>2020-03-27T15:52:16Z</time>
      </trkpt>
      <trkpt lat="50.896706" lon="7.9086413">
        <ele>331.58688</ele>
        <time>2020-03-27T15:52:24Z</time>
      </trkpt>
      <trkpt lat="50.89675" lon="7.90878">
        <ele>330.8761</ele>
        <time>2020-03-27T15:52:32Z</time>
      </trkpt>
      <trkpt lat="50.896793" lon="7.908906">
        <ele>331.12448</ele>
        <time>2020-03-27T15:52:40Z</time>
      </trkpt>
      <trkpt lat="50.896843" lon="7.909043">
        <ele>331.9198</ele>
        <time>2020-03-27T15:52:49Z</time>
      </trkpt>
      <trkpt lat="50.89689" lon="7.9091716">
        <ele>332.89215</ele>
        <time>2020-03-27T15:52:57Z</time>
      </trkpt>
      <trkpt lat="50.896942" lon="7.9092994">
        <ele>333.29114</ele>
        <time>2020-03-27T15:53:06Z</time>
      </trkpt>
      <trkpt lat="50.896996" lon="7.909422">
        <ele>333.093</ele>
        <time>2020-03-27T15:53:14Z</time>
      </trkpt>
      <trkpt lat="50.89706" lon="7.909532">
        <ele>334.26086</ele>
        <time>2020-03-27T15:53:22Z</time>
      </trkpt>
      <trkpt lat="50.897152" lon="7.9095984">
        <ele>334.4379</ele>
        <time>2020-03-27T15:53:30Z</time>
      </trkpt>
      <trkpt lat="50.89724" lon="7.9096828">
        <ele>334.9875</ele>
        <time>2020-03-27T15:53:38Z</time>
      </trkpt>
      <trkpt lat="50.897327" lon="7.909774">
        <ele>335.60315</ele>
        <time>2020-03-27T15:53:47Z</time>
      </trkpt>
      <trkpt lat="50.89741" lon="7.909835">
        <ele>335.79074</ele>
        <time>2020-03-27T15:53:54Z</time>
      </trkpt>
      <trkpt lat="50.8975" lon="7.9098864">
        <ele>336.38525</ele>
        <time>2020-03-27T15:54:01Z</time>
      </trkpt>
      <trkpt lat="50.897587" lon="7.90992">
        <ele>337.1568</ele>
        <time>2020-03-27T15:54:08Z</time>
      </trkpt>
      <trkpt lat="50.897675" lon="7.9099584">
        <ele>338.27975</ele>
        <time>2020-03-27T15:54:15Z</time>
      </trkpt>
      <trkpt lat="50.897766" lon="7.910029">
        <ele>339.8757</ele>
        <time>2020-03-27T15:54:24Z</time>
      </trkpt>
      <trkpt lat="50.89785" lon="7.910111">
        <ele>340.11084</ele>
        <time>2020-03-27T15:54:33Z</time>
      </trkpt>
      <trkpt lat="50.897938" lon="7.910164">
        <ele>340.78726</ele>
        <time>2020-03-27T15:54:43Z</time>
      </trkpt>
      <trkpt lat="50.89803" lon="7.910192">
        <ele>342.34885</ele>
        <time>2020-03-27T15:54:53Z</time>
      </trkpt>
      <trkpt lat="50.89812" lon="7.9101667">
        <ele>343.67792</ele>
        <time>2020-03-27T15:55:00Z</time>
      </trkpt>
      <trkpt lat="50.89821" lon="7.9101195">
        <ele>344.3755</ele>
        <time>2020-03-27T15:55:06Z</time>
      </trkpt>
      <trkpt lat="50.8983" lon="7.91007">
        <ele>344.98322</ele>
        <time>2020-03-27T15:55:13Z</time>
      </trkpt>
      <trkpt lat="50.898388" lon="7.9100204">
        <ele>346.31757</ele>
        <time>2020-03-27T15:55:21Z</time>
      </trkpt>
      <trkpt lat="50.898487" lon="7.910008">
        <ele>348.07996</ele>
        <time>2020-03-27T15:55:29Z</time>
      </trkpt>
      <trkpt lat="50.898586" lon="7.9100304">
        <ele>348.88055</ele>
        <time>2020-03-27T15:55:38Z</time>
      </trkpt>
      <trkpt lat="50.898693" lon="7.910049">
        <ele>349.91632</ele>
        <time>2020-03-27T15:55:43Z</time>
      </trkpt>
      <trkpt lat="50.898777" lon="7.9101124">
        <ele>351.74478</ele>
        <time>2020-03-27T15:55:54Z</time>
      </trkpt>
      <trkpt lat="50.898853" lon="7.9101915">
        <ele>353.72913</ele>
        <time>2020-03-27T15:56:04Z</time>
      </trkpt>
      <trkpt lat="50.89892" lon="7.9103103">
        <ele>355.99622</ele>
        <time>2020-03-27T15:56:14Z</time>
      </trkpt>
      <trkpt lat="50.898968" lon="7.9104476">
        <ele>356.4718</ele>
        <time>2020-03-27T15:56:23Z</time>
      </trkpt>
      <trkpt lat="50.899014" lon="7.9105854">
        <ele>356.04904</ele>
        <time>2020-03-27T15:56:31Z</time>
      </trkpt>
      <trkpt lat="50.899067" lon="7.9107237">
        <ele>356.76776</ele>
        <time>2020-03-27T15:56:39Z</time>
      </trkpt>
      <trkpt lat="50.89912" lon="7.910857">
        <ele>357.04782</ele>
        <time>2020-03-27T15:56:48Z</time>
      </trkpt>
      <trkpt lat="50.89921" lon="7.910873">
        <ele>356.2895</ele>
        <time>2020-03-27T15:57:00Z</time>
      </trkpt>
      <trkpt lat="50.899296" lon="7.910788">
        <ele>357.7639</ele>
        <time>2020-03-27T15:57:07Z</time>
      </trkpt>
      <trkpt lat="50.89937" lon="7.9106994">
        <ele>358.18665</ele>
        <time>2020-03-27T15:57:15Z</time>
      </trkpt>
      <trkpt lat="50.899445" lon="7.9106207">
        <ele>359.04276</ele>
        <time>2020-03-27T15:57:22Z</time>
      </trkpt>
      <trkpt lat="50.899525" lon="7.9105554">
        <ele>359.61084</ele>
        <time>2020-03-27T15:57:30Z</time>
      </trkpt>
      <trkpt lat="50.8996" lon="7.910465">
        <ele>359.80637</ele>
        <time>2020-03-27T15:57:38Z</time>
      </trkpt>
      <trkpt lat="50.89968" lon="7.9103827">
        <ele>360.35596</ele>
        <time>2020-03-27T15:57:46Z</time>
      </trkpt>
      <trkpt lat="50.899765" lon="7.910308">
        <ele>361.19357</ele>
        <time>2020-03-27T15:57:54Z</time>
      </trkpt>
      <trkpt lat="50.899857" lon="7.910268">
        <ele>362.22934</ele>
        <time>2020-03-27T15:58:02Z</time>
      </trkpt>
      <trkpt lat="50.899952" lon="7.9102335">
        <ele>363.5716</ele>
        <time>2020-03-27T15:58:11Z</time>
      </trkpt>
      <trkpt lat="50.900047" lon="7.9101734">
        <ele>364.61002</ele>
        <time>2020-03-27T15:58:22Z</time>
      </trkpt>
      <trkpt lat="50.90011" lon="7.9100685">
        <ele>364.8293</ele>
        <time>2020-03-27T15:58:29Z</time>
      </trkpt>
      <trkpt lat="50.900177" lon="7.90997">
        <ele>367.4531</ele>
        <time>2020-03-27T15:58:45Z</time>
      </trkpt>
      <trkpt lat="50.900238" lon="7.9098606">
        <ele>368.02383</ele>
        <time>2020-03-27T15:58:53Z</time>
      </trkpt>
      <trkpt lat="50.90031" lon="7.909775">
        <ele>368.5708</ele>
        <time>2020-03-27T15:59:00Z</time>
      </trkpt>
      <trkpt lat="50.900387" lon="7.9096937">
        <ele>370.1905</ele>
        <time>2020-03-27T15:59:10Z</time>
      </trkpt>
      <trkpt lat="50.90048" lon="7.9096346">
        <ele>371.9212</ele>
        <time>2020-03-27T15:59:18Z</time>
      </trkpt>
      <trkpt lat="50.90055" lon="7.909534">
        <ele>372.6399</ele>
        <time>2020-03-27T15:59:27Z</time>
      </trkpt>
      <trkpt lat="50.900635" lon="7.9094534">
        <ele>374.29395</ele>
        <time>2020-03-27T15:59:34Z</time>
      </trkpt>
      <trkpt lat="50.900734" lon="7.9094114">
        <ele>374.71143</ele>
        <time>2020-03-27T15:59:43Z</time>
      </trkpt>
      <trkpt lat="50.900814" lon="7.909337">
        <ele>375.87668</ele>
        <time>2020-03-27T15:59:51Z</time>
      </trkpt>
      <trkpt lat="50.90087" lon="7.9092164">
        <ele>376.80148</ele>
        <time>2020-03-27T15:59:59Z</time>
      </trkpt>
      <trkpt lat="50.90093" lon="7.9090996">
        <ele>377.75534</ele>
        <time>2020-03-27T16:00:07Z</time>
      </trkpt>
      <trkpt lat="50.90099" lon="7.908974">
        <ele>378.49518</ele>
        <time>2020-03-27T16:00:15Z</time>
      </trkpt>
      <trkpt lat="50.901054" lon="7.908847">
        <ele>378.81223</ele>
        <time>2020-03-27T16:00:23Z</time>
      </trkpt>
      <trkpt lat="50.901123" lon="7.908738">
        <ele>379.53357</ele>
        <time>2020-03-27T16:00:32Z</time>
      </trkpt>
      <trkpt lat="50.9012" lon="7.908636">
        <ele>380.24963</ele>
        <time>2020-03-27T16:00:40Z</time>
      </trkpt>
      <trkpt lat="50.90127" lon="7.908538">
        <ele>380.01712</ele>
        <time>2020-03-27T16:00:48Z</time>
      </trkpt>
      <trkpt lat="50.901337" lon="7.9084315">
        <ele>380.9657</ele>
        <time>2020-03-27T16:00:55Z</time>
      </trkpt>
      <trkpt lat="50.901394" lon="7.908322">
        <ele>380.82565</ele>
        <time>2020-03-27T16:01:02Z</time>
      </trkpt>
      <trkpt lat="50.901436" lon="7.908196">
        <ele>380.247</ele>
        <time>2020-03-27T16:01:11Z</time>
      </trkpt>
      <trkpt lat="50.9015" lon="7.908081">
        <ele>379.73703</ele>
        <time>2020-03-27T16:01:18Z</time>
      </trkpt>
      <trkpt lat="50.901527" lon="7.907938">
        <ele>379.6208</ele>
        <time>2020-03-27T16:01:25Z</time>
      </trkpt>
      <trkpt lat="50.90156" lon="7.9077916">
        <ele>378.9285</ele>
        <time>2020-03-27T16:01:32Z</time>
      </trkpt>
      <trkpt lat="50.90161" lon="7.907652">
        <ele>378.659</ele>
        <time>2020-03-27T16:01:40Z</time>
      </trkpt>
      <trkpt lat="50.901646" lon="7.9075136">
        <ele>379.02362</ele>
        <time>2020-03-27T16:01:48Z</time>
      </trkpt>
      <trkpt lat="50.901695" lon="7.907371">
        <ele>377.57037</ele>
        <time>2020-03-27T16:01:55Z</time>
      </trkpt>
      <trkpt lat="50.901745" lon="7.9072485">
        <ele>378.7726</ele>
        <time>2020-03-27T16:02:03Z</time>
      </trkpt>
      <trkpt lat="50.90181" lon="7.90715">
        <ele>378.56915</ele>
        <time>2020-03-27T16:02:10Z</time>
      </trkpt>
      <trkpt lat="50.901848" lon="7.90702">
        <ele>378.4476</ele>
        <time>2020-03-27T16:02:18Z</time>
      </trkpt>
      <trkpt lat="50.90191" lon="7.9068856">
        <ele>379.1901</ele>
        <time>2020-03-27T16:02:26Z</time>
      </trkpt>
      <trkpt lat="50.901962" lon="7.906747">
        <ele>378.947</ele>
        <time>2020-03-27T16:02:34Z</time>
      </trkpt>
      <trkpt lat="50.902" lon="7.9066133">
        <ele>378.9919</ele>
        <time>2020-03-27T16:02:41Z</time>
      </trkpt>
      <trkpt lat="50.902042" lon="7.9064856">
        <ele>378.99457</ele>
        <time>2020-03-27T16:02:51Z</time>
      </trkpt>
      <trkpt lat="50.90209" lon="7.906356">
        <ele>379.7529</ele>
        <time>2020-03-27T16:03:02Z</time>
      </trkpt>
      <trkpt lat="50.902138" lon="7.906223">
        <ele>380.2285</ele>
        <time>2020-03-27T16:03:11Z</time>
      </trkpt>
      <trkpt lat="50.902187" lon="7.9060946">
        <ele>379.4411</ele>
        <time>2020-03-27T16:03:20Z</time>
      </trkpt>
      <trkpt lat="50.90225" lon="7.905989">
        <ele>379.671</ele>
        <time>2020-03-27T16:03:29Z</time>
      </trkpt>
      <trkpt lat="50.90226" lon="7.9058948">
        <ele>379.86914</ele>
        <time>2020-03-27T16:03:54Z</time>
      </trkpt>
    </trkseg>
    <trkseg>
      <trkpt lat="50.90226" lon="7.9058948">
        <ele>379.86914</ele>
        <time>2020-03-27T16:03:54Z</time>
      </trkpt>
      <trkpt lat="50.902367" lon="7.905907">
        <ele>380.823</ele>
        <time>2020-03-27T16:05:52Z</time>
      </trkpt>
      <trkpt lat="50.90246" lon="7.905919">
        <ele>381.30127</ele>
        <time>2020-03-27T16:05:58Z</time>
      </trkpt>
      <trkpt lat="50.90255" lon="7.905934">
        <ele>381.50473</ele>
        <time>2020-03-27T16:06:04Z</time>
      </trkpt>
      <trkpt lat="50.902645" lon="7.9059167">
        <ele>380.73053</ele>
        <time>2020-03-27T16:06:12Z</time>
      </trkpt>
      <trkpt lat="50.90274" lon="7.9059014">
        <ele>383.28296</ele>
        <time>2020-03-27T16:06:24Z</time>
      </trkpt>
      <trkpt lat="50.902832" lon="7.9058666">
        <ele>383.93295</ele>
        <time>2020-03-27T16:06:33Z</time>
      </trkpt>
      <trkpt lat="50.90293" lon="7.905856">
        <ele>385.2594</ele>
        <time>2020-03-27T16:06:42Z</time>
      </trkpt>
      <trkpt lat="50.903023" lon="7.9058595">
        <ele>386.37442</ele>
        <time>2020-03-27T16:06:50Z</time>
      </trkpt>
      <trkpt lat="50.90303" lon="7.905854">
        <ele>386.73907</ele>
        <time>2020-03-27T16:06:51Z</time>
      </trkpt>
      <trkpt lat="50.903038" lon="7.9058537">
        <ele>386.9108</ele>
        <time>2020-03-27T16:06:52Z</time>
      </trkpt>
      <trkpt lat="50.90305" lon="7.9058475">
        <ele>386.98215</ele>
        <time>2020-03-27T16:06:53Z</time>
      </trkpt>
      <trkpt lat="50.90307" lon="7.9058437">
        <ele>386.41934</ele>
        <time>2020-03-27T16:06:54Z</time>
      </trkpt>
      <trkpt lat="50.903137" lon="7.9057446">
        <ele>387.97565</ele>
        <time>2020-03-27T16:07:03Z</time>
      </trkpt>
      <trkpt lat="50.903145" lon="7.9057302">
        <ele>388.30328</ele>
        <time>2020-03-27T16:07:04Z</time>
      </trkpt>
      <trkpt lat="50.903183" lon="7.905584">
        <ele>387.81183</ele>
        <time>2020-03-27T16:07:17Z</time>
      </trkpt>
      <trkpt lat="50.903187" lon="7.905572">
        <ele>387.80127</ele>
        <time>2020-03-27T16:07:18Z</time>
      </trkpt>
      <trkpt lat="50.903187" lon="7.9054203">
        <ele>387.6031</ele>
        <time>2020-03-27T16:07:30Z</time>
      </trkpt>
      <trkpt lat="50.903187" lon="7.905268">
        <ele>386.5594</ele>
        <time>2020-03-27T16:07:40Z</time>
      </trkpt>
      <trkpt lat="50.90319" lon="7.905115">
        <ele>386.52768</ele>
        <time>2020-03-27T16:07:49Z</time>
      </trkpt>
      <trkpt lat="50.9032" lon="7.9049673">
        <ele>385.15106</ele>
        <time>2020-03-27T16:07:57Z</time>
      </trkpt>
      <trkpt lat="50.903233" lon="7.904832">
        <ele>384.68073</ele>
        <time>2020-03-27T16:08:06Z</time>
      </trkpt>
      <trkpt lat="50.903236" lon="7.9046764">
        <ele>384.0149</ele>
        <time>2020-03-27T16:08:14Z</time>
      </trkpt>
      <trkpt lat="50.903255" lon="7.9045253">
        <ele>383.18784</ele>
        <time>2020-03-27T16:08:30Z</time>
      </trkpt>
      <trkpt lat="50.90331" lon="7.904386">
        <ele>382.80737</ele>
        <time>2020-03-27T16:08:37Z</time>
      </trkpt>
      <trkpt lat="50.903297" lon="7.9042144">
        <ele>383.85104</ele>
        <time>2020-03-27T16:08:44Z</time>
      </trkpt>
      <trkpt lat="50.903328" lon="7.9040785">
        <ele>383.5974</ele>
        <time>2020-03-27T16:08:52Z</time>
      </trkpt>
      <trkpt lat="50.90333" lon="7.90393">
        <ele>384.0413</ele>
        <time>2020-03-27T16:09:00Z</time>
      </trkpt>
      <trkpt lat="50.90334" lon="7.9037757">
        <ele>383.5921</ele>
        <time>2020-03-27T16:09:07Z</time>
      </trkpt>
      <trkpt lat="50.903347" lon="7.9036336">
        <ele>385.04538</ele>
        <time>2020-03-27T16:09:14Z</time>
      </trkpt>
      <trkpt lat="50.90336" lon="7.903475">
        <ele>385.0348</ele>
        <time>2020-03-27T16:09:22Z</time>
      </trkpt>
      <trkpt lat="50.90335" lon="7.903305">
        <ele>385.82748</ele>
        <time>2020-03-27T16:09:30Z</time>
      </trkpt>
      <trkpt lat="50.903336" lon="7.903153">
        <ele>386.45105</ele>
        <time>2020-03-27T16:09:36Z</time>
      </trkpt>
      <trkpt lat="50.90332" lon="7.903007">
        <ele>385.65308</ele>
        <time>2020-03-27T16:09:42Z</time>
      </trkpt>
      <trkpt lat="50.90333" lon="7.9028506">
        <ele>386.13397</ele>
        <time>2020-03-27T16:09:48Z</time>
      </trkpt>
      <trkpt lat="50.903343" lon="7.9027066">
        <ele>386.81305</ele>
        <time>2020-03-27T16:09:53Z</time>
      </trkpt>
      <trkpt lat="50.903404" lon="7.902582">
        <ele>385.96753</ele>
        <time>2020-03-27T16:10:00Z</time>
      </trkpt>
      <trkpt lat="50.903473" lon="7.902466">
        <ele>386.3031</ele>
        <time>2020-03-27T16:10:08Z</time>
      </trkpt>
      <trkpt lat="50.90354" lon="7.9023724">
        <ele>386.67566</ele>
        <time>2020-03-27T16:10:16Z</time>
      </trkpt>
      <trkpt lat="50.903625" lon="7.902307">
        <ele>386.64395</ele>
        <time>2020-03-27T16:10:24Z</time>
      </trkpt>
      <trkpt lat="50.903713" lon="7.902267">
        <ele>386.03885</ele>
        <time>2020-03-27T16:10:31Z</time>
      </trkpt>
      <trkpt lat="50.903778" lon="7.9021516">
        <ele>386.70206</ele>
        <time>2020-03-27T16:10:42Z</time>
      </trkpt>
      <trkpt lat="50.903866" lon="7.9021163">
        <ele>386.97952</ele>
        <time>2020-03-27T16:10:53Z</time>
      </trkpt>
      <trkpt lat="50.90397" lon="7.902141">
        <ele>386.4405</ele>
        <time>2020-03-27T16:11:01Z</time>
      </trkpt>
      <trkpt lat="50.90406" lon="7.9021716">
        <ele>386.8051</ele>
        <time>2020-03-27T16:11:08Z</time>
      </trkpt>
      <trkpt lat="50.904152" lon="7.902186">
        <ele>387.04556</ele>
        <time>2020-03-27T16:11:16Z</time>
      </trkpt>
      <trkpt lat="50.904243" lon="7.90222">
        <ele>387.397</ele>
        <time>2020-03-27T16:11:27Z</time>
      </trkpt>
      <trkpt lat="50.904343" lon="7.902247">
        <ele>386.7787</ele>
        <time>2020-03-27T16:11:36Z</time>
      </trkpt>
      <trkpt lat="50.904446" lon="7.9022465">
        <ele>387.17767</ele>
        <time>2020-03-27T16:11:44Z</time>
      </trkpt>
      <trkpt lat="50.90446" lon="7.9022517">
        <ele>388.11304</ele>
        <time>2020-03-27T16:11:45Z</time>
      </trkpt>
      <trkpt lat="50.904556" lon="7.902288">
        <ele>387.29395</ele>
        <time>2020-03-27T16:11:53Z</time>
      </trkpt>
      <trkpt lat="50.904648" lon="7.9023376">
        <ele>387.25165</ele>
        <time>2020-03-27T16:12:02Z</time>
      </trkpt>
      <trkpt lat="50.904736" lon="7.902398">
        <ele>388.15796</ele>
        <time>2020-03-27T16:12:09Z</time>
      </trkpt>
      <trkpt lat="50.904823" lon="7.902435">
        <ele>387.93866</ele>
        <time>2020-03-27T16:12:16Z</time>
      </trkpt>
      <trkpt lat="50.904915" lon="7.9024673">
        <ele>387.8039</ele>
        <time>2020-03-27T16:12:24Z</time>
      </trkpt>
      <trkpt lat="50.90501" lon="7.9025">
        <ele>386.65717</ele>
        <time>2020-03-27T16:12:33Z</time>
      </trkpt>
      <trkpt lat="50.9051" lon="7.9025617">
        <ele>387.56873</ele>
        <time>2020-03-27T16:12:41Z</time>
      </trkpt>
      <trkpt lat="50.905193" lon="7.902582">
        <ele>387.24902</ele>
        <time>2020-03-27T16:12:48Z</time>
      </trkpt>
      <trkpt lat="50.905285" lon="7.902614">
        <ele>387.37848</ele>
        <time>2020-03-27T16:12:55Z</time>
      </trkpt>
      <trkpt lat="50.905376" lon="7.9026375">
        <ele>387.77747</ele>
        <time>2020-03-27T16:13:06Z</time>
      </trkpt>
      <trkpt lat="50.905434" lon="7.902521">
        <ele>385.1669</ele>
        <time>2020-03-27T16:13:12Z</time>
      </trkpt>
      <trkpt lat="50.9055" lon="7.9024224">
        <ele>385.12463</ele>
        <time>2020-03-27T16:13:19Z</time>
      </trkpt>
      <trkpt lat="50.90549" lon="7.9022803">
        <ele>382.40573</ele>
        <time>2020-03-27T16:13:35Z</time>
      </trkpt>
      <trkpt lat="50.905464" lon="7.9021406">
        <ele>381.3541</ele>
        <time>2020-03-27T16:13:48Z</time>
      </trkpt>
      <trkpt lat="50.90547" lon="7.901997">
        <ele>379.86652</ele>
        <time>2020-03-27T16:13:58Z</time>
      </trkpt>
      <trkpt lat="50.905453" lon="7.901855">
        <ele>377.6655</ele>
        <time>2020-03-27T16:14:07Z</time>
      </trkpt>
      <trkpt lat="50.905434" lon="7.901707">
        <ele>376.672</ele>
        <time>2020-03-27T16:14:15Z</time>
      </trkpt>
      <trkpt lat="50.905495" lon="7.9015794">
        <ele>376.04843</ele>
        <time>2020-03-27T16:14:23Z</time>
      </trkpt>
      <trkpt lat="50.90556" lon="7.901464">
        <ele>374.93866</ele>
        <time>2020-03-27T16:14:30Z</time>
      </trkpt>
      <trkpt lat="50.90563" lon="7.901355">
        <ele>375.12628</ele>
        <time>2020-03-27T16:14:39Z</time>
      </trkpt>
      <trkpt lat="50.905697" lon="7.9012537">
        <ele>374.2966</ele>
        <time>2020-03-27T16:14:47Z</time>
      </trkpt>
      <trkpt lat="50.90577" lon="7.9011617">
        <ele>374.78806</ele>
        <time>2020-03-27T16:14:54Z</time>
      </trkpt>
      <trkpt lat="50.905857" lon="7.901076">
        <ele>373.32425</ele>
        <time>2020-03-27T16:15:01Z</time>
      </trkpt>
      <trkpt lat="50.905937" lon="7.900974">
        <ele>374.6031</ele>
        <time>2020-03-27T16:15:08Z</time>
      </trkpt>
      <trkpt lat="50.90601" lon="7.9008684">
        <ele>374.25168</ele>
        <time>2020-03-27T16:15:16Z</time>
      </trkpt>
      <trkpt lat="50.906063" lon="7.9007397">
        <ele>373.19214</ele>
        <time>2020-03-27T16:15:24Z</time>
      </trkpt>
      <trkpt lat="50.90609" lon="7.900604">
        <ele>373.94254</ele>
        <time>2020-03-27T16:15:31Z</time>
      </trkpt>
      <trkpt lat="50.906105" lon="7.900451">
        <ele>373.6228</ele>
        <time>2020-03-27T16:15:39Z</time>
      </trkpt>
      <trkpt lat="50.90614" lon="7.9003034">
        <ele>373.0706</ele>
        <time>2020-03-27T16:15:47Z</time>
      </trkpt>
      <trkpt lat="50.90618" lon="7.9001718">
        <ele>374.52646</ele>
        <time>2020-03-27T16:15:58Z</time>
      </trkpt>
      <trkpt lat="50.906242" lon="7.900278">
        <ele>375.2848</ele>
        <time>2020-03-27T16:16:10Z</time>
      </trkpt>
      <trkpt lat="50.906277" lon="7.9004097">
        <ele>375.53055</ele>
        <time>2020-03-27T16:16:18Z</time>
      </trkpt>
      <trkpt lat="50.906315" lon="7.900542">
        <ele>375.8106</ele>
        <time>2020-03-27T16:16:26Z</time>
      </trkpt>
      <trkpt lat="50.90637" lon="7.9006753">
        <ele>376.9838</ele>
        <time>2020-03-27T16:16:35Z</time>
      </trkpt>
      <trkpt lat="50.906418" lon="7.9007993">
        <ele>376.84637</ele>
        <time>2020-03-27T16:16:44Z</time>
      </trkpt>
      <trkpt lat="50.906464" lon="7.9009285">
        <ele>377.59415</ele>
        <time>2020-03-27T16:16:52Z</time>
      </trkpt>
      <trkpt lat="50.906513" lon="7.9010625">
        <ele>378.56915</ele>
        <time>2020-03-27T16:17:02Z</time>
      </trkpt>
      <trkpt lat="50.906567" lon="7.9011803">
        <ele>379.34863</ele>
        <time>2020-03-27T16:17:11Z</time>
      </trkpt>
      <trkpt lat="50.906635" lon="7.9012804">
        <ele>381.3964</ele>
        <time>2020-03-27T16:17:20Z</time>
      </trkpt>
      <trkpt lat="50.90671" lon="7.901375">
        <ele>381.08725</ele>
        <time>2020-03-27T16:17:29Z</time>
      </trkpt>
      <trkpt lat="50.9068" lon="7.901455">
        <ele>382.69904</ele>
        <time>2020-03-27T16:17:38Z</time>
      </trkpt>
      <trkpt lat="50.906883" lon="7.901519">
        <ele>382.74396</ele>
        <time>2020-03-27T16:17:45Z</time>
      </trkpt>
      <trkpt lat="50.906963" lon="7.9015965">
        <ele>383.30676</ele>
        <time>2020-03-27T16:17:53Z</time>
      </trkpt>
      <trkpt lat="50.90703" lon="7.901699">
        <ele>383.00552</ele>
        <time>2020-03-27T16:18:00Z</time>
      </trkpt>
      <trkpt lat="50.907078" lon="7.9018326">
        <ele>383.67667</ele>
        <time>2020-03-27T16:18:10Z</time>
      </trkpt>
      <trkpt lat="50.907085" lon="7.901986">
        <ele>384.2051</ele>
        <time>2020-03-27T16:18:19Z</time>
      </trkpt>
      <trkpt lat="50.907078" lon="7.9021454">
        <ele>385.55267</ele>
        <time>2020-03-27T16:18:27Z</time>
      </trkpt>
      <trkpt lat="50.90706" lon="7.902286">
        <ele>386.30045</ele>
        <time>2020-03-27T16:18:35Z</time>
      </trkpt>
      <trkpt lat="50.907032" lon="7.9024296">
        <ele>386.74435</ele>
        <time>2020-03-27T16:18:44Z</time>
      </trkpt>
      <trkpt lat="50.906963" lon="7.902534">
        <ele>387.65063</ele>
        <time>2020-03-27T16:18:56Z</time>
      </trkpt>
      <trkpt lat="50.906876" lon="7.9025865">
        <ele>387.5053</ele>
        <time>2020-03-27T16:19:04Z</time>
      </trkpt>
      <trkpt lat="50.906784" lon="7.902631">
        <ele>387.4736</ele>
        <time>2020-03-27T16:19:12Z</time>
      </trkpt>
      <trkpt lat="50.906696" lon="7.902668">
        <ele>388.43805</ele>
        <time>2020-03-27T16:19:20Z</time>
      </trkpt>
      <trkpt lat="50.906605" lon="7.902716">
        <ele>388.56223</ele>
        <time>2020-03-27T16:19:28Z</time>
      </trkpt>
      <trkpt lat="50.906597" lon="7.902718">
        <ele>388.98764</ele>
        <time>2020-03-27T16:19:29Z</time>
      </trkpt>
      <trkpt lat="50.906513" lon="7.902785">
        <ele>389.02463</ele>
        <time>2020-03-27T16:19:38Z</time>
      </trkpt>
      <trkpt lat="50.90651" lon="7.902792">
        <ele>388.85553</ele>
        <time>2020-03-27T16:19:39Z</time>
      </trkpt>
      <trkpt lat="50.906525" lon="7.902941">
        <ele>390.32727</ele>
        <time>2020-03-27T16:19:49Z</time>
      </trkpt>
      <trkpt lat="50.90653" lon="7.9029484">
        <ele>390.05246</ele>
        <time>2020-03-27T16:19:50Z</time>
      </trkpt>
      <trkpt lat="50.90662" lon="7.9029894">
        <ele>390.6047</ele>
        <time>2020-03-27T16:19:58Z</time>
      </trkpt>
      <trkpt lat="50.90663" lon="7.902993">
        <ele>390.87952</ele>
        <time>2020-03-27T16:19:59Z</time>
      </trkpt>
      <trkpt lat="50.906715" lon="7.903048">
        <ele>390.8161</ele>
        <time>2020-03-27T16:20:07Z</time>
      </trkpt>
      <trkpt lat="50.906723" lon="7.903055">
        <ele>390.8848</ele>
        <time>2020-03-27T16:20:08Z</time>
      </trkpt>
      <trkpt lat="50.90681" lon="7.9031134">
        <ele>391.23093</ele>
        <time>2020-03-27T16:20:16Z</time>
      </trkpt>
      <trkpt lat="50.906826" lon="7.9031224">
        <ele>391.1226</ele>
        <time>2020-03-27T16:20:17Z</time>
      </trkpt>
      <trkpt lat="50.906914" lon="7.903177">
        <ele>391.83072</ele>
        <time>2020-03-27T16:20:25Z</time>
      </trkpt>
      <trkpt lat="50.906925" lon="7.9031825">
        <ele>391.57443</ele>
        <time>2020-03-27T16:20:26Z</time>
      </trkpt>
      <trkpt lat="50.907013" lon="7.903258">
        <ele>392.0157</ele>
        <time>2020-03-27T16:20:34Z</time>
      </trkpt>
      <trkpt lat="50.907097" lon="7.9033413">
        <ele>393.0224</ele>
        <time>2020-03-27T16:20:42Z</time>
      </trkpt>
      <trkpt lat="50.90711" lon="7.903353">
        <ele>392.848</ele>
        <time>2020-03-27T16:20:43Z</time>
      </trkpt>
      <trkpt lat="50.90717" lon="7.9034586">
        <ele>393.26547</ele>
        <time>2020-03-27T16:20:51Z</time>
      </trkpt>
      <trkpt lat="50.907177" lon="7.9034696">
        <ele>393.4531</ele>
        <time>2020-03-27T16:20:52Z</time>
      </trkpt>
      <trkpt lat="50.907185" lon="7.90349">
        <ele>393.5218</ele>
        <time>2020-03-27T16:20:53Z</time>
      </trkpt>
      <trkpt lat="50.907192" lon="7.9035063">
        <ele>392.95633</ele>
        <time>2020-03-27T16:20:54Z</time>
      </trkpt>
      <trkpt lat="50.907253" lon="7.903627">
        <ele>393.78864</ele>
        <time>2020-03-27T16:21:03Z</time>
      </trkpt>
      <trkpt lat="50.907265" lon="7.9036393">
        <ele>392.9986</ele>
        <time>2020-03-27T16:21:04Z</time>
      </trkpt>
      <trkpt lat="50.907238" lon="7.9037247">
        <ele>393.51648</ele>
        <time>2020-03-27T16:21:27Z</time>
      </trkpt>
    </trkseg>
    <trkseg>
      <trkpt lat="50.907238" lon="7.9037247">
        <ele>393.51648</ele>
        <time>2020-03-27T16:21:27Z</time>
      </trkpt>
      <trkpt lat="50.907326" lon="7.903662">
        <ele>393.0805</ele>
        <time>2020-03-27T16:25:02Z</time>
      </trkpt>
      <trkpt lat="50.90736" lon="7.9037952">
        <ele>393.01447</ele>
        <time>2020-03-27T16:25:08Z</time>
      </trkpt>
      <trkpt lat="50.907394" lon="7.903944">
        <ele>393.5799</ele>
        <time>2020-03-27T16:25:18Z</time>
      </trkpt>
      <trkpt lat="50.907444" lon="7.9040823">
        <ele>393.97888</ele>
        <time>2020-03-27T16:25:28Z</time>
      </trkpt>
      <trkpt lat="50.90751" lon="7.904196">
        <ele>394.0925</ele>
        <time>2020-03-27T16:25:36Z</time>
      </trkpt>
      <trkpt lat="50.907547" lon="7.9043355">
        <ele>394.0529</ele>
        <time>2020-03-27T16:25:44Z</time>
      </trkpt>
      <trkpt lat="50.90758" lon="7.904481">
        <ele>394.4677</ele>
        <time>2020-03-27T16:25:53Z</time>
      </trkpt>
      <trkpt lat="50.907608" lon="7.9046297">
        <ele>394.40164</ele>
        <time>2020-03-27T16:26:03Z</time>
      </trkpt>
      <trkpt lat="50.907654" lon="7.9047775">
        <ele>394.148</ele>
        <time>2020-03-27T16:26:12Z</time>
      </trkpt>
      <trkpt lat="50.90771" lon="7.9048934">
        <ele>394.08194</ele>
        <time>2020-03-27T16:26:19Z</time>
      </trkpt>
      <trkpt lat="50.90775" lon="7.905044">
        <ele>393.9736</ele>
        <time>2020-03-27T16:26:27Z</time>
      </trkpt>
      <trkpt lat="50.90778" lon="7.9051795">
        <ele>393.86</ele>
        <time>2020-03-27T16:26:35Z</time>
      </trkpt>
      <trkpt lat="50.90784" lon="7.9052863">
        <ele>393.45837</ele>
        <time>2020-03-27T16:26:42Z</time>
      </trkpt>
      <trkpt lat="50.907894" lon="7.9054036">
        <ele>392.92728</ele>
        <time>2020-03-27T16:26:49Z</time>
      </trkpt>
      <trkpt lat="50.90795" lon="7.90553">
        <ele>392.3486</ele>
        <time>2020-03-27T16:26:58Z</time>
      </trkpt>
      <trkpt lat="50.90799" lon="7.9056597">
        <ele>391.86508</ele>
        <time>2020-03-27T16:27:05Z</time>
      </trkpt>
      <trkpt lat="50.90802" lon="7.905799">
        <ele>391.4476</ele>
        <time>2020-03-27T16:27:13Z</time>
      </trkpt>
      <trkpt lat="50.908024" lon="7.90595">
        <ele>391.05655</ele>
        <time>2020-03-27T16:27:21Z</time>
      </trkpt>
      <trkpt lat="50.908073" lon="7.906083">
        <ele>390.4858</ele>
        <time>2020-03-27T16:27:29Z</time>
      </trkpt>
      <trkpt lat="50.90813" lon="7.9062037">
        <ele>389.87543</ele>
        <time>2020-03-27T16:27:37Z</time>
      </trkpt>
      <trkpt lat="50.908184" lon="7.9063387">
        <ele>389.43945</ele>
        <time>2020-03-27T16:27:46Z</time>
      </trkpt>
      <trkpt lat="50.90822" lon="7.906476">
        <ele>388.32178</ele>
        <time>2020-03-27T16:27:56Z</time>
      </trkpt>
      <trkpt lat="50.90829" lon="7.906587">
        <ele>387.11163</ele>
        <time>2020-03-27T16:28:06Z</time>
      </trkpt>
      <trkpt lat="50.908314" lon="7.906732">
        <ele>385.76935</ele>
        <time>2020-03-27T16:28:19Z</time>
      </trkpt>
      <trkpt lat="50.90835" lon="7.906867">
        <ele>384.93967</ele>
        <time>2020-03-27T16:28:27Z</time>
      </trkpt>
      <trkpt lat="50.908398" lon="7.907011">
        <ele>383.66083</ele>
        <time>2020-03-27T16:28:38Z</time>
      </trkpt>
      <trkpt lat="50.908424" lon="7.9071484">
        <ele>382.61713</ele>
        <time>2020-03-27T16:28:47Z</time>
      </trkpt>
      <trkpt lat="50.908463" lon="7.907283">
        <ele>381.45187</ele>
        <time>2020-03-27T16:28:58Z</time>
      </trkpt>
      <trkpt lat="50.90851" lon="7.9074087">
        <ele>380.41083</ele>
        <time>2020-03-27T16:29:07Z</time>
      </trkpt>
      <trkpt lat="50.908543" lon="7.907554">
        <ele>379.80573</ele>
        <time>2020-03-27T16:29:18Z</time>
      </trkpt>
      <trkpt lat="50.908566" lon="7.9076967">
        <ele>378.61407</ele>
        <time>2020-03-27T16:29:29Z</time>
      </trkpt>
      <trkpt lat="50.90859" lon="7.907845">
        <ele>376.79355</ele>
        <time>2020-03-27T16:29:40Z</time>
      </trkpt>
      <trkpt lat="50.90861" lon="7.907988">
        <ele>375.8846</ele>
        <time>2020-03-27T16:29:50Z</time>
      </trkpt>
      <trkpt lat="50.908604" lon="7.908144">
        <ele>374.46304</ele>
        <time>2020-03-27T16:30:00Z</time>
      </trkpt>
      <trkpt lat="50.90859" lon="7.9082966">
        <ele>373.3401</ele>
        <time>2020-03-27T16:30:09Z</time>
      </trkpt>
      <trkpt lat="50.908585" lon="7.908448">
        <ele>372.4206</ele>
        <time>2020-03-27T16:30:19Z</time>
      </trkpt>
      <trkpt lat="50.90861" lon="7.908585">
        <ele>370.64496</ele>
        <time>2020-03-27T16:30:29Z</time>
      </trkpt>
      <trkpt lat="50.90862" lon="7.9087324">
        <ele>370.23807</ele>
        <time>2020-03-27T16:30:40Z</time>
      </trkpt>
      <trkpt lat="50.90867" lon="7.9088554">
        <ele>368.76367</ele>
        <time>2020-03-27T16:30:52Z</time>
      </trkpt>
      <trkpt lat="50.90872" lon="7.908979">
        <ele>369.9527</ele>
        <time>2020-03-27T16:31:01Z</time>
      </trkpt>
      <trkpt lat="50.90872" lon="7.909123">
        <ele>370.61325</ele>
        <time>2020-03-27T16:31:10Z</time>
      </trkpt>
      <trkpt lat="50.90869" lon="7.9092712">
        <ele>371.19455</ele>
        <time>2020-03-27T16:31:18Z</time>
      </trkpt>
      <trkpt lat="50.908665" lon="7.909424">
        <ele>371.8102</ele>
        <time>2020-03-27T16:31:27Z</time>
      </trkpt>
      <trkpt lat="50.908623" lon="7.9095683">
        <ele>372.3783</ele>
        <time>2020-03-27T16:31:35Z</time>
      </trkpt>
      <trkpt lat="50.9086" lon="7.9097123">
        <ele>372.74823</ele>
        <time>2020-03-27T16:31:44Z</time>
      </trkpt>
      <trkpt lat="50.9086" lon="7.9098673">
        <ele>373.5409</ele>
        <time>2020-03-27T16:31:53Z</time>
      </trkpt>
      <trkpt lat="50.908695" lon="7.909881">
        <ele>373.48013</ele>
        <time>2020-03-27T16:32:04Z</time>
      </trkpt>
      <trkpt lat="50.908768" lon="7.9097943">
        <ele>374.38907</ele>
        <time>2020-03-27T16:32:12Z</time>
      </trkpt>
      <trkpt lat="50.908783" lon="7.909645">
        <ele>374.79333</ele>
        <time>2020-03-27T16:32:21Z</time>
      </trkpt>
      <trkpt lat="50.90881" lon="7.909499">
        <ele>374.73257</ele>
        <time>2020-03-27T16:32:29Z</time>
      </trkpt>
      <trkpt lat="50.908882" lon="7.909385">
        <ele>374.29922</ele>
        <time>2020-03-27T16:32:38Z</time>
      </trkpt>
      <trkpt lat="50.908966" lon="7.909318">
        <ele>374.06143</ele>
        <time>2020-03-27T16:32:48Z</time>
      </trkpt>
      <trkpt lat="50.909054" lon="7.909267">
        <ele>372.4972</ele>
        <time>2020-03-27T16:32:57Z</time>
      </trkpt>
      <trkpt lat="50.909065" lon="7.909261">
        <ele>372.40207</ele>
        <time>2020-03-27T16:32:58Z</time>
      </trkpt>
    </trkseg>
    <trkseg>
      <trkpt lat="50.909065" lon="7.909261">
        <ele>372.40207</ele>
        <time>2020-03-27T16:32:58Z</time>
      </trkpt>
    </trkseg>
  </trk>
  <exerciseinfo>
    <exercisetype>13001</exercisetype>
    <distance>11557.07</distance>
    <elevationgain>355.0305</elevationgain>
    <avggradient>0.11688398187159048</avggradient>
    <duration>8698980</duration>
    <avgspeed>1.3291634</avgspeed>
  </exerciseinfo>
</gpx>